Fecha,Departamentos,Sexo,Concepto,Periodo,Valor
2007,Antioquia,Hombres,% población en edad de trabajar,Anual,70.680064318
2008,Antioquia,Hombres,% población en edad de trabajar,Anual,71.345451561
2009,Antioquia,Hombres,% población en edad de trabajar,Anual,72.019709354
2010,Antioquia,Hombres,% población en edad de trabajar,Anual,72.695893388
2011,Antioquia,Hombres,% población en edad de trabajar,Anual,73.365956873
2012,Antioquia,Hombres,% población en edad de trabajar,Anual,74.014860119
2013,Antioquia,Hombres,% población en edad de trabajar,Anual,74.630703212
2014,Antioquia,Hombres,% población en edad de trabajar,Anual,75.206890843
2015,Antioquia,Hombres,% población en edad de trabajar,Anual,75.735866672
2016,Antioquia,Hombres,% población en edad de trabajar,Anual,76.211918065
2017,Antioquia,Hombres,% población en edad de trabajar,Anual,76.629799434
2018,Antioquia,Hombres,% población en edad de trabajar,Anual,76.969317847
2019,Antioquia,Hombres,% población en edad de trabajar,Anual,77.303837318
2020,Antioquia,Hombres,% población en edad de trabajar,Anual,77.625428511
2021,Antioquia,Hombres,% población en edad de trabajar,Anual,77.96716241
2022,Antioquia,Hombres,% población en edad de trabajar,Anual,78.284214198
2023,Antioquia,Hombres,% población en edad de trabajar,Anual,78.576574959
2024,Antioquia,Hombres,% población en edad de trabajar,Anual,78.926245102
2025,Antioquia,Hombres,% población en edad de trabajar,Anual,79.225248877
2007,Antioquia,Hombres,Tasa Global de Participación (TGP),Anual,77.672943859
2008,Antioquia,Hombres,Tasa Global de Participación (TGP),Anual,77.878528089
2009,Antioquia,Hombres,Tasa Global de Participación (TGP),Anual,80.182132696
2010,Antioquia,Hombres,Tasa Global de Participación (TGP),Anual,79.100916599
2011,Antioquia,Hombres,Tasa Global de Participación (TGP),Anual,79.415826937
2012,Antioquia,Hombres,Tasa Global de Participación (TGP),Anual,79.623323312
2013,Antioquia,Hombres,Tasa Global de Participación (TGP),Anual,79.553091696
2014,Antioquia,Hombres,Tasa Global de Participación (TGP),Anual,79.161508876
2015,Antioquia,Hombres,Tasa Global de Participación (TGP),Anual,77.558702876
2016,Antioquia,Hombres,Tasa Global de Participación (TGP),Anual,77.015302082
2017,Antioquia,Hombres,Tasa Global de Participación (TGP),Anual,77.43486134
2018,Antioquia,Hombres,Tasa Global de Participación (TGP),Anual,76.314504323
2019,Antioquia,Hombres,Tasa Global de Participación (TGP),Anual,76.303445559
2020,Antioquia,Hombres,Tasa Global de Participación (TGP),Anual,73.7804322
2021,Antioquia,Hombres,Tasa Global de Participación (TGP),Anual,75.012981961
2022,Antioquia,Hombres,Tasa Global de Participación (TGP),Anual,77.124467549
2023,Antioquia,Hombres,Tasa Global de Participación (TGP),Anual,77.201249796
2024,Antioquia,Hombres,Tasa Global de Participación (TGP),Anual,76.932420269
2025,Antioquia,Hombres,Tasa Global de Participación (TGP),Anual,77.778076975
2007,Antioquia,Hombres,Tasa de Ocupación (TO),Anual,70.60945491
2008,Antioquia,Hombres,Tasa de Ocupación (TO),Anual,70.258586264
2009,Antioquia,Hombres,Tasa de Ocupación (TO),Anual,71.828960339
2010,Antioquia,Hombres,Tasa de Ocupación (TO),Anual,71.791421256
2011,Antioquia,Hombres,Tasa de Ocupación (TO),Anual,72.762201141
2012,Antioquia,Hombres,Tasa de Ocupación (TO),Anual,73.087357447
2013,Antioquia,Hombres,Tasa de Ocupación (TO),Anual,73.299437764
2014,Antioquia,Hombres,Tasa de Ocupación (TO),Anual,72.790643016
2015,Antioquia,Hombres,Tasa de Ocupación (TO),Anual,71.256012265
2016,Antioquia,Hombres,Tasa de Ocupación (TO),Anual,71.144871499
2017,Antioquia,Hombres,Tasa de Ocupación (TO),Anual,70.950263146
2018,Antioquia,Hombres,Tasa de Ocupación (TO),Anual,69.526719381
2019,Antioquia,Hombres,Tasa de Ocupación (TO),Anual,69.364892937
2020,Antioquia,Hombres,Tasa de Ocupación (TO),Anual,63.579293342
2021,Antioquia,Hombres,Tasa de Ocupación (TO),Anual,66.433591374
2022,Antioquia,Hombres,Tasa de Ocupación (TO),Anual,71.016665227
2023,Antioquia,Hombres,Tasa de Ocupación (TO),Anual,71.778970429
2024,Antioquia,Hombres,Tasa de Ocupación (TO),Anual,71.15350681
2025,Antioquia,Hombres,Tasa de Ocupación (TO),Anual,73.13898312
2007,Antioquia,Hombres,Tasa de Desocupación (TD),Anual,9.093885977
2008,Antioquia,Hombres,Tasa de Desocupación (TD),Anual,9.784393736
2009,Antioquia,Hombres,Tasa de Desocupación (TD),Anual,10.417747789
2010,Antioquia,Hombres,Tasa de Desocupación (TD),Anual,9.240721419
2011,Antioquia,Hombres,Tasa de Desocupación (TD),Anual,8.378211313
2012,Antioquia,Hombres,Tasa de Desocupación (TD),Anual,8.208607218
2013,Antioquia,Hombres,Tasa de Desocupación (TD),Anual,7.860981639
2014,Antioquia,Hombres,Tasa de Desocupación (TD),Anual,8.047933838
2015,Antioquia,Hombres,Tasa de Desocupación (TD),Anual,8.126348659
2016,Antioquia,Hombres,Tasa de Desocupación (TD),Anual,7.622421032
2017,Antioquia,Hombres,Tasa de Desocupación (TD),Anual,8.374262033
2018,Antioquia,Hombres,Tasa de Desocupación (TD),Anual,8.894488672
2019,Antioquia,Hombres,Tasa de Desocupación (TD),Anual,9.093367373
2020,Antioquia,Hombres,Tasa de Desocupación (TD),Anual,13.826347385
2021,Antioquia,Hombres,Tasa de Desocupación (TD),Anual,11.437207751
2022,Antioquia,Hombres,Tasa de Desocupación (TD),Anual,7.919409386
2023,Antioquia,Hombres,Tasa de Desocupación (TD),Anual,7.023564232
2024,Antioquia,Hombres,Tasa de Desocupación (TD),Anual,7.511675101
2025,Antioquia,Hombres,Tasa de Desocupación (TD),Anual,5.964526299
2007,Antioquia,Hombres,Tasa de Subocupación (TS),Anual,8.496139465
2008,Antioquia,Hombres,Tasa de Subocupación (TS),Anual,9.482370859
2009,Antioquia,Hombres,Tasa de Subocupación (TS),Anual,11.991323022
2010,Antioquia,Hombres,Tasa de Subocupación (TS),Anual,12.264435071
2011,Antioquia,Hombres,Tasa de Subocupación (TS),Anual,9.558111163
2012,Antioquia,Hombres,Tasa de Subocupación (TS),Anual,11.881649887
2013,Antioquia,Hombres,Tasa de Subocupación (TS),Anual,10.383316828
2014,Antioquia,Hombres,Tasa de Subocupación (TS),Anual,8.26586201
2015,Antioquia,Hombres,Tasa de Subocupación (TS),Anual,7.567509766
2016,Antioquia,Hombres,Tasa de Subocupación (TS),Anual,8.120528483
2017,Antioquia,Hombres,Tasa de Subocupación (TS),Anual,8.190260432
2018,Antioquia,Hombres,Tasa de Subocupación (TS),Anual,8.967760708
2019,Antioquia,Hombres,Tasa de Subocupación (TS),Anual,9.625862239
2020,Antioquia,Hombres,Tasa de Subocupación (TS),Anual,0.0
2021,Antioquia,Hombres,Tasa de Subocupación (TS),Anual,5.31506533
2022,Antioquia,Hombres,Tasa de Subocupación (TS),Anual,5.100189534
2023,Antioquia,Hombres,Tasa de Subocupación (TS),Anual,5.541501706
2024,Antioquia,Hombres,Tasa de Subocupación (TS),Anual,5.185446758
2025,Antioquia,Hombres,Tasa de Subocupación (TS),Anual,5.445556083
2007,Antioquia,Hombres,Población total,Anual,2695.995
2008,Antioquia,Hombres,Población total,Anual,2729.277
2009,Antioquia,Hombres,Población total,Anual,2762.952
2010,Antioquia,Hombres,Población total,Anual,2797.44
2011,Antioquia,Hombres,Población total,Anual,2831.902
2012,Antioquia,Hombres,Población total,Anual,2865.253
2013,Antioquia,Hombres,Población total,Anual,2897.534
2014,Antioquia,Hombres,Población total,Anual,2929.685
2015,Antioquia,Hombres,Población total,Anual,2962.731
2016,Antioquia,Hombres,Población total,Anual,2999.027
2017,Antioquia,Hombres,Población total,Anual,3040.098
2018,Antioquia,Hombres,Población total,Anual,3091.667
2019,Antioquia,Hombres,Población total,Anual,3162.235
2020,Antioquia,Hombres,Población total,Anual,3225.702
2021,Antioquia,Hombres,Población total,Anual,3278.867
2022,Antioquia,Hombres,Población total,Anual,3329.583
2023,Antioquia,Hombres,Población total,Anual,3382.4
2024,Antioquia,Hombres,Población total,Anual,3432.911
2025,Antioquia,Hombres,Población total,Anual,3481.823
2007,Antioquia,Hombres,Población en edad de trabajar (PET),Anual,1905.531
2008,Antioquia,Hombres,Población en edad de trabajar (PET),Anual,1947.215
2009,Antioquia,Hombres,Población en edad de trabajar (PET),Anual,1989.87
2010,Antioquia,Hombres,Población en edad de trabajar (PET),Anual,2033.624
2011,Antioquia,Hombres,Población en edad de trabajar (PET),Anual,2077.652
2012,Antioquia,Hombres,Población en edad de trabajar (PET),Anual,2120.713
2013,Antioquia,Hombres,Población en edad de trabajar (PET),Anual,2162.45
2014,Antioquia,Hombres,Población en edad de trabajar (PET),Anual,2203.325
2015,Antioquia,Hombres,Población en edad de trabajar (PET),Anual,2243.85
2016,Antioquia,Hombres,Población en edad de trabajar (PET),Anual,2285.616
2017,Antioquia,Hombres,Población en edad de trabajar (PET),Anual,2329.621
2018,Antioquia,Hombres,Población en edad de trabajar (PET),Anual,2379.635
2019,Antioquia,Hombres,Población en edad de trabajar (PET),Anual,2444.529
2020,Antioquia,Hombres,Población en edad de trabajar (PET),Anual,2503.965
2021,Antioquia,Hombres,Población en edad de trabajar (PET),Anual,2556.439
2022,Antioquia,Hombres,Población en edad de trabajar (PET),Anual,2606.538
2023,Antioquia,Hombres,Población en edad de trabajar (PET),Anual,2657.774
2024,Antioquia,Hombres,Población en edad de trabajar (PET),Anual,2709.468
2025,Antioquia,Hombres,Población en edad de trabajar (PET),Anual,2758.483
2007,Antioquia,Hombres,Fuerza de trabajo,Anual,1480.082024
2008,Antioquia,Hombres,Fuerza de trabajo,Anual,1516.462381
2009,Antioquia,Hombres,Fuerza de trabajo,Anual,1595.520204
2010,Antioquia,Hombres,Fuerza de trabajo,Anual,1608.615224
2011,Antioquia,Hombres,Fuerza de trabajo,Anual,1649.984517
2012,Antioquia,Hombres,Fuerza de trabajo,Anual,1688.582169
2013,Antioquia,Hombres,Fuerza de trabajo,Anual,1720.295831
2014,Antioquia,Hombres,Fuerza de trabajo,Anual,1744.185315
2015,Antioquia,Hombres,Fuerza de trabajo,Anual,1740.3009539999998
2016,Antioquia,Hombres,Fuerza de trabajo,Anual,1760.274067
2017,Antioquia,Hombres,Fuerza de trabajo,Anual,1803.938791
2018,Antioquia,Hombres,Fuerza de trabajo,Anual,1816.0066550000001
2019,Antioquia,Hombres,Fuerza de trabajo,Anual,1865.259855
2020,Antioquia,Hombres,Fuerza de trabajo,Anual,1847.436199
2021,Antioquia,Hombres,Fuerza de trabajo,Anual,1917.661
2022,Antioquia,Hombres,Fuerza de trabajo,Anual,2010.279
2023,Antioquia,Hombres,Fuerza de trabajo,Anual,2051.835
2024,Antioquia,Hombres,Fuerza de trabajo,Anual,2084.459
2025,Antioquia,Hombres,Fuerza de trabajo,Anual,2145.495
2007,Antioquia,Hombres,Población ocupada,Anual,1345.485052
2008,Antioquia,Hombres,Población ocupada,Anual,1368.085731
2009,Antioquia,Hombres,Población ocupada,Anual,1429.302933
2010,Antioquia,Hombres,Población ocupada,Anual,1459.9675730000001
2011,Antioquia,Hombres,Población ocupada,Anual,1511.745327
2012,Antioquia,Hombres,Población ocupada,Anual,1549.973091
2013,Antioquia,Hombres,Población ocupada,Anual,1585.063692
2014,Antioquia,Hombres,Población ocupada,Anual,1603.814435
2015,Antioquia,Hombres,Población ocupada,Anual,1598.878031
2016,Antioquia,Hombres,Población ocupada,Anual,1626.0985660000001
2017,Antioquia,Hombres,Población ocupada,Anual,1652.87223
2018,Antioquia,Hombres,Población ocupada,Anual,1654.482149
2019,Antioquia,Hombres,Población ocupada,Anual,1695.6449240000002
2020,Antioquia,Hombres,Población ocupada,Anual,1592.003253
2021,Antioquia,Hombres,Población ocupada,Anual,1698.334
2022,Antioquia,Hombres,Población ocupada,Anual,1851.076
2023,Antioquia,Hombres,Población ocupada,Anual,1907.723
2024,Antioquia,Hombres,Población ocupada,Anual,1927.881
2025,Antioquia,Hombres,Población ocupada,Anual,2017.527
2007,Antioquia,Hombres,Población desocupada,Anual,134.59697200000002
2008,Antioquia,Hombres,Población desocupada,Anual,148.37664999999998
2009,Antioquia,Hombres,Población desocupada,Anual,166.217271
2010,Antioquia,Hombres,Población desocupada,Anual,148.647652
2011,Antioquia,Hombres,Población desocupada,Anual,138.239189
2012,Antioquia,Hombres,Población desocupada,Anual,138.609078
2013,Antioquia,Hombres,Población desocupada,Anual,135.232139
2014,Antioquia,Hombres,Población desocupada,Anual,140.37088
2015,Antioquia,Hombres,Población desocupada,Anual,141.422923
2016,Antioquia,Hombres,Población desocupada,Anual,134.175501
2017,Antioquia,Hombres,Población desocupada,Anual,151.06656099999998
2018,Antioquia,Hombres,Población desocupada,Anual,161.524506
2019,Antioquia,Hombres,Población desocupada,Anual,169.614931
2020,Antioquia,Hombres,Población desocupada,Anual,255.43294699999998
2021,Antioquia,Hombres,Población desocupada,Anual,219.327
2022,Antioquia,Hombres,Población desocupada,Anual,159.202
2023,Antioquia,Hombres,Población desocupada,Anual,144.112
2024,Antioquia,Hombres,Población desocupada,Anual,156.578
2025,Antioquia,Hombres,Población desocupada,Anual,127.969
2007,Antioquia,Hombres,Población fuera de la fuerza de trabajo,Anual,425.448976
2008,Antioquia,Hombres,Población fuera de la fuerza de trabajo,Anual,430.752619
2009,Antioquia,Hombres,Población fuera de la fuerza de trabajo,Anual,394.34979599999997
2010,Antioquia,Hombres,Población fuera de la fuerza de trabajo,Anual,425.008776
2011,Antioquia,Hombres,Población fuera de la fuerza de trabajo,Anual,427.667483
2012,Antioquia,Hombres,Población fuera de la fuerza de trabajo,Anual,432.130831
2013,Antioquia,Hombres,Población fuera de la fuerza de trabajo,Anual,442.15416899999997
2014,Antioquia,Hombres,Población fuera de la fuerza de trabajo,Anual,459.139685
2015,Antioquia,Hombres,Población fuera de la fuerza de trabajo,Anual,503.549046
2016,Antioquia,Hombres,Población fuera de la fuerza de trabajo,Anual,525.3419329999999
2017,Antioquia,Hombres,Población fuera de la fuerza de trabajo,Anual,525.6822090000001
2018,Antioquia,Hombres,Población fuera de la fuerza de trabajo,Anual,563.628345
2019,Antioquia,Hombres,Población fuera de la fuerza de trabajo,Anual,579.269145
2020,Antioquia,Hombres,Población fuera de la fuerza de trabajo,Anual,656.5288009999999
2021,Antioquia,Hombres,Población fuera de la fuerza de trabajo,Anual,638.778
2022,Antioquia,Hombres,Población fuera de la fuerza de trabajo,Anual,596.259
2023,Antioquia,Hombres,Población fuera de la fuerza de trabajo,Anual,605.939
2024,Antioquia,Hombres,Población fuera de la fuerza de trabajo,Anual,625.009
2025,Antioquia,Hombres,Población fuera de la fuerza de trabajo,Anual,612.988
2007,Antioquia,Hombres,Población subocupada,Anual,125.749833
2008,Antioquia,Hombres,Población subocupada,Anual,143.796587
2009,Antioquia,Hombres,Población subocupada,Anual,191.323982
2010,Antioquia,Hombres,Población subocupada,Anual,197.28757000000002
2011,Antioquia,Hombres,Población subocupada,Anual,157.70735399999998
2012,Antioquia,Hombres,Población subocupada,Anual,200.631421
2013,Antioquia,Hombres,Población subocupada,Anual,178.623767
2014,Antioquia,Hombres,Población subocupada,Anual,144.171951
2015,Antioquia,Hombres,Población subocupada,Anual,131.69744500000002
2016,Antioquia,Hombres,Población subocupada,Anual,142.943557
2017,Antioquia,Hombres,Población subocupada,Anual,147.747285
2018,Antioquia,Hombres,Población subocupada,Anual,162.855131
2019,Antioquia,Hombres,Población subocupada,Anual,179.547344
2020,Antioquia,Hombres,Población subocupada,Anual,0.0
2021,Antioquia,Hombres,Población subocupada,Anual,101.925
2022,Antioquia,Hombres,Población subocupada,Anual,102.528
2023,Antioquia,Hombres,Población subocupada,Anual,113.702
2024,Antioquia,Hombres,Población subocupada,Anual,108.089
2025,Antioquia,Hombres,Población subocupada,Anual,116.834
2007,Antioquia,Hombres,Fuerza de trabajo potencial,Anual,0.0
2008,Antioquia,Hombres,Fuerza de trabajo potencial,Anual,0.0
2009,Antioquia,Hombres,Fuerza de trabajo potencial,Anual,0.0
2010,Antioquia,Hombres,Fuerza de trabajo potencial,Anual,0.0
2011,Antioquia,Hombres,Fuerza de trabajo potencial,Anual,0.0
2012,Antioquia,Hombres,Fuerza de trabajo potencial,Anual,0.0
2013,Antioquia,Hombres,Fuerza de trabajo potencial,Anual,0.0
2014,Antioquia,Hombres,Fuerza de trabajo potencial,Anual,0.0
2015,Antioquia,Hombres,Fuerza de trabajo potencial,Anual,0.0
2016,Antioquia,Hombres,Fuerza de trabajo potencial,Anual,0.0
2017,Antioquia,Hombres,Fuerza de trabajo potencial,Anual,0.0
2018,Antioquia,Hombres,Fuerza de trabajo potencial,Anual,0.0
2019,Antioquia,Hombres,Fuerza de trabajo potencial,Anual,0.0
2020,Antioquia,Hombres,Fuerza de trabajo potencial,Anual,0.0
2021,Antioquia,Hombres,Fuerza de trabajo potencial,Anual,44.058
2022,Antioquia,Hombres,Fuerza de trabajo potencial,Anual,58.763
2023,Antioquia,Hombres,Fuerza de trabajo potencial,Anual,57.025
2024,Antioquia,Hombres,Fuerza de trabajo potencial,Anual,48.652
2025,Antioquia,Hombres,Fuerza de trabajo potencial,Anual,43.704
2007,Atlántico,Hombres,% población en edad de trabajar,Anual,69.104980297
2008,Atlántico,Hombres,% población en edad de trabajar,Anual,69.483412672
2009,Atlántico,Hombres,% población en edad de trabajar,Anual,69.860430792
2010,Atlántico,Hombres,% población en edad de trabajar,Anual,70.236905211
2011,Atlántico,Hombres,% población en edad de trabajar,Anual,70.618313886
2012,Atlántico,Hombres,% población en edad de trabajar,Anual,71.013623877
2013,Atlántico,Hombres,% población en edad de trabajar,Anual,71.424671651
2014,Atlántico,Hombres,% población en edad de trabajar,Anual,71.844797503
2015,Atlántico,Hombres,% población en edad de trabajar,Anual,72.270712774
2016,Atlántico,Hombres,% población en edad de trabajar,Anual,72.686799852
2017,Atlántico,Hombres,% población en edad de trabajar,Anual,73.072230184
2018,Atlántico,Hombres,% población en edad de trabajar,Anual,73.378539195
2019,Atlántico,Hombres,% población en edad de trabajar,Anual,73.66953417
2020,Atlántico,Hombres,% población en edad de trabajar,Anual,73.946365649
2021,Atlántico,Hombres,% población en edad de trabajar,Anual,74.247267281
2022,Atlántico,Hombres,% población en edad de trabajar,Anual,74.532929558
2023,Atlántico,Hombres,% población en edad de trabajar,Anual,74.834148575
2024,Atlántico,Hombres,% población en edad de trabajar,Anual,75.367763996
2025,Atlántico,Hombres,% población en edad de trabajar,Anual,75.757696987
2007,Atlántico,Hombres,Tasa Global de Participación (TGP),Anual,75.624698329
2008,Atlántico,Hombres,Tasa Global de Participación (TGP),Anual,75.995819182
2009,Atlántico,Hombres,Tasa Global de Participación (TGP),Anual,76.242353742
2010,Atlántico,Hombres,Tasa Global de Participación (TGP),Anual,75.820738107
2011,Atlántico,Hombres,Tasa Global de Participación (TGP),Anual,76.951097055
2012,Atlántico,Hombres,Tasa Global de Participación (TGP),Anual,76.507322946
2013,Atlántico,Hombres,Tasa Global de Participación (TGP),Anual,76.249274756
2014,Atlántico,Hombres,Tasa Global de Participación (TGP),Anual,76.786709418
2015,Atlántico,Hombres,Tasa Global de Participación (TGP),Anual,77.307417716
2016,Atlántico,Hombres,Tasa Global de Participación (TGP),Anual,76.675048329
2017,Atlántico,Hombres,Tasa Global de Participación (TGP),Anual,75.923425445
2018,Atlántico,Hombres,Tasa Global de Participación (TGP),Anual,75.87719448
2019,Atlántico,Hombres,Tasa Global de Participación (TGP),Anual,75.224660105
2020,Atlántico,Hombres,Tasa Global de Participación (TGP),Anual,71.963379483
2021,Atlántico,Hombres,Tasa Global de Participación (TGP),Anual,76.088032377
2022,Atlántico,Hombres,Tasa Global de Participación (TGP),Anual,77.682836024
2023,Atlántico,Hombres,Tasa Global de Participación (TGP),Anual,76.867763634
2024,Atlántico,Hombres,Tasa Global de Participación (TGP),Anual,75.4668799
2025,Atlántico,Hombres,Tasa Global de Participación (TGP),Anual,76.230551092
2007,Atlántico,Hombres,Tasa de Ocupación (TO),Anual,69.006294257
2008,Atlántico,Hombres,Tasa de Ocupación (TO),Anual,69.429991961
2009,Atlántico,Hombres,Tasa de Ocupación (TO),Anual,70.280554445
2010,Atlántico,Hombres,Tasa de Ocupación (TO),Anual,70.450868963
2011,Atlántico,Hombres,Tasa de Ocupación (TO),Anual,72.606001078
2012,Atlántico,Hombres,Tasa de Ocupación (TO),Anual,72.296195754
2013,Atlántico,Hombres,Tasa de Ocupación (TO),Anual,72.287484308
2014,Atlántico,Hombres,Tasa de Ocupación (TO),Anual,72.739981768
2015,Atlántico,Hombres,Tasa de Ocupación (TO),Anual,73.337343274
2016,Atlántico,Hombres,Tasa de Ocupación (TO),Anual,72.681461933
2017,Atlántico,Hombres,Tasa de Ocupación (TO),Anual,72.371445745
2018,Atlántico,Hombres,Tasa de Ocupación (TO),Anual,72.136189189
2019,Atlántico,Hombres,Tasa de Ocupación (TO),Anual,71.556379383
2020,Atlántico,Hombres,Tasa de Ocupación (TO),Anual,66.020293126
2021,Atlántico,Hombres,Tasa de Ocupación (TO),Anual,67.760510615
2022,Atlántico,Hombres,Tasa de Ocupación (TO),Anual,72.050945657
2023,Atlántico,Hombres,Tasa de Ocupación (TO),Anual,72.235309336
2024,Atlántico,Hombres,Tasa de Ocupación (TO),Anual,70.521251726
2025,Atlántico,Hombres,Tasa de Ocupación (TO),Anual,71.407352107
2007,Atlántico,Hombres,Tasa de Desocupación (TD),Anual,8.751643601
2008,Atlántico,Hombres,Tasa de Desocupación (TD),Anual,8.639721622
2009,Atlántico,Hombres,Tasa de Desocupación (TD),Anual,7.81953731
2010,Atlántico,Hombres,Tasa de Desocupación (TD),Anual,7.082322433
2011,Atlántico,Hombres,Tasa de Desocupación (TD),Anual,5.646567942
2012,Atlántico,Hombres,Tasa de Desocupación (TD),Anual,5.504214538
2013,Atlántico,Hombres,Tasa de Desocupación (TD),Anual,5.195840171
2014,Atlántico,Hombres,Tasa de Desocupación (TD),Anual,5.270088641
2015,Atlántico,Hombres,Tasa de Desocupación (TD),Anual,5.135437917
2016,Atlántico,Hombres,Tasa de Desocupación (TD),Anual,5.208456314
2017,Atlántico,Hombres,Tasa de Desocupación (TD),Anual,4.67837124
2018,Atlántico,Hombres,Tasa de Desocupación (TD),Anual,4.930342136
2019,Atlántico,Hombres,Tasa de Desocupación (TD),Anual,4.876433762
2020,Atlántico,Hombres,Tasa de Desocupación (TD),Anual,8.258487024
2021,Atlántico,Hombres,Tasa de Desocupación (TD),Anual,10.944588133
2022,Atlántico,Hombres,Tasa de Desocupación (TD),Anual,7.249851647
2023,Atlántico,Hombres,Tasa de Desocupación (TD),Anual,6.026524097
2024,Atlántico,Hombres,Tasa de Desocupación (TD),Anual,6.553375706
2025,Atlántico,Hombres,Tasa de Desocupación (TD),Anual,6.327120709
2007,Atlántico,Hombres,Tasa de Subocupación (TS),Anual,11.091739716
2008,Atlántico,Hombres,Tasa de Subocupación (TS),Anual,7.558602129
2009,Atlántico,Hombres,Tasa de Subocupación (TS),Anual,7.862286887
2010,Atlántico,Hombres,Tasa de Subocupación (TS),Anual,9.344465852
2011,Atlántico,Hombres,Tasa de Subocupación (TS),Anual,13.49757242
2012,Atlántico,Hombres,Tasa de Subocupación (TS),Anual,13.318061184
2013,Atlántico,Hombres,Tasa de Subocupación (TS),Anual,11.275410481
2014,Atlántico,Hombres,Tasa de Subocupación (TS),Anual,10.750591358
2015,Atlántico,Hombres,Tasa de Subocupación (TS),Anual,13.920216713
2016,Atlántico,Hombres,Tasa de Subocupación (TS),Anual,11.877339093
2017,Atlántico,Hombres,Tasa de Subocupación (TS),Anual,11.953656553
2018,Atlántico,Hombres,Tasa de Subocupación (TS),Anual,13.899381561
2019,Atlántico,Hombres,Tasa de Subocupación (TS),Anual,14.895160284
2020,Atlántico,Hombres,Tasa de Subocupación (TS),Anual,0.0
2021,Atlántico,Hombres,Tasa de Subocupación (TS),Anual,13.412386809
2022,Atlántico,Hombres,Tasa de Subocupación (TS),Anual,15.164505448
2023,Atlántico,Hombres,Tasa de Subocupación (TS),Anual,11.295211586
2024,Atlántico,Hombres,Tasa de Subocupación (TS),Anual,9.079357172
2025,Atlántico,Hombres,Tasa de Subocupación (TS),Anual,8.374902016
2007,Atlántico,Hombres,Población total,Anual,1054.636
2008,Atlántico,Hombres,Población total,Anual,1069.461
2009,Atlántico,Hombres,Población total,Anual,1084.05
2010,Atlántico,Hombres,Población total,Anual,1098.414
2011,Atlántico,Hombres,Población total,Anual,1112.38
2012,Atlántico,Hombres,Población total,Anual,1125.891
2013,Atlántico,Hombres,Población total,Anual,1139.259
2014,Atlántico,Hombres,Población total,Anual,1152.533
2015,Atlántico,Hombres,Población total,Anual,1166.092
2016,Atlántico,Hombres,Población total,Anual,1182.161
2017,Atlántico,Hombres,Población total,Anual,1202.309
2018,Atlántico,Hombres,Población total,Anual,1232.731
2019,Atlántico,Hombres,Población total,Anual,1282.765
2020,Atlántico,Hombres,Población total,Anual,1324.487
2021,Atlántico,Hombres,Población total,Anual,1349.823
2022,Atlántico,Hombres,Población total,Anual,1366.795
2023,Atlántico,Hombres,Población total,Anual,1382.6
2024,Atlántico,Hombres,Población total,Anual,1397.754
2025,Atlántico,Hombres,Población total,Anual,1412.3
2007,Atlántico,Hombres,Población en edad de trabajar (PET),Anual,728.806
2008,Atlántico,Hombres,Población en edad de trabajar (PET),Anual,743.098
2009,Atlántico,Hombres,Población en edad de trabajar (PET),Anual,757.322
2010,Atlántico,Hombres,Población en edad de trabajar (PET),Anual,771.492
2011,Atlántico,Hombres,Población en edad de trabajar (PET),Anual,785.544
2012,Atlántico,Hombres,Población en edad de trabajar (PET),Anual,799.536
2013,Atlántico,Hombres,Población en edad de trabajar (PET),Anual,813.712
2014,Atlántico,Hombres,Población en edad de trabajar (PET),Anual,828.035
2015,Atlántico,Hombres,Población en edad de trabajar (PET),Anual,842.743
2016,Atlántico,Hombres,Población en edad de trabajar (PET),Anual,859.275
2017,Atlántico,Hombres,Población en edad de trabajar (PET),Anual,878.554
2018,Atlántico,Hombres,Población en edad de trabajar (PET),Anual,904.56
2019,Atlántico,Hombres,Población en edad de trabajar (PET),Anual,945.007
2020,Atlántico,Hombres,Población en edad de trabajar (PET),Anual,979.41
2021,Atlántico,Hombres,Población en edad de trabajar (PET),Anual,1002.207
2022,Atlántico,Hombres,Población en edad de trabajar (PET),Anual,1018.712
2023,Atlántico,Hombres,Población en edad de trabajar (PET),Anual,1034.657
2024,Atlántico,Hombres,Población en edad de trabajar (PET),Anual,1053.456
2025,Atlántico,Hombres,Población en edad de trabajar (PET),Anual,1069.926
2007,Atlántico,Hombres,Fuerza de trabajo,Anual,551.1573390000001
2008,Atlántico,Hombres,Fuerza de trabajo,Anual,564.723412
2009,Atlántico,Hombres,Fuerza de trabajo,Anual,577.400118
2010,Atlántico,Hombres,Fuerza de trabajo,Anual,584.950929
2011,Atlántico,Hombres,Fuerza de trabajo,Anual,604.484726
2012,Atlántico,Hombres,Fuerza de trabajo,Anual,611.70359
2013,Atlántico,Hombres,Fuerza de trabajo,Anual,620.449499
2014,Atlántico,Hombres,Fuerza de trabajo,Anual,635.820829
2015,Atlántico,Hombres,Fuerza de trabajo,Anual,651.5028510000001
2016,Atlántico,Hombres,Fuerza de trabajo,Anual,658.849522
2017,Atlántico,Hombres,Fuerza de trabajo,Anual,667.028291
2018,Atlántico,Hombres,Fuerza de trabajo,Anual,686.35475
2019,Atlántico,Hombres,Fuerza de trabajo,Anual,710.878304
2020,Atlántico,Hombres,Fuerza de trabajo,Anual,704.816535
2021,Atlántico,Hombres,Fuerza de trabajo,Anual,762.56
2022,Atlántico,Hombres,Fuerza de trabajo,Anual,791.365
2023,Atlántico,Hombres,Fuerza de trabajo,Anual,795.318
2024,Atlántico,Hombres,Fuerza de trabajo,Anual,795.011
2025,Atlántico,Hombres,Fuerza de trabajo,Anual,815.611
2007,Atlántico,Hombres,Población ocupada,Anual,502.922013
2008,Atlántico,Hombres,Población ocupada,Anual,515.932882
2009,Atlántico,Hombres,Población ocupada,Anual,532.250101
2010,Atlántico,Hombres,Población ocupada,Anual,543.5228179999999
2011,Atlántico,Hombres,Población ocupada,Anual,570.352085
2012,Atlántico,Hombres,Población ocupada,Anual,578.0341119999999
2013,Atlántico,Hombres,Población ocupada,Anual,588.211934
2014,Atlántico,Hombres,Población ocupada,Anual,602.312508
2015,Atlántico,Hombres,Población ocupada,Anual,618.045327
2016,Atlántico,Hombres,Población ocupada,Anual,624.533632
2017,Atlántico,Hombres,Población ocupada,Anual,635.822231
2018,Atlántico,Hombres,Población ocupada,Anual,652.515113
2019,Atlántico,Hombres,Población ocupada,Anual,676.212794
2020,Atlántico,Hombres,Población ocupada,Anual,646.609353
2021,Atlántico,Hombres,Población ocupada,Anual,679.101
2022,Atlántico,Hombres,Población ocupada,Anual,733.992
2023,Atlántico,Hombres,Población ocupada,Anual,747.388
2024,Atlántico,Hombres,Población ocupada,Anual,742.911
2025,Atlántico,Hombres,Población ocupada,Anual,764.006
2007,Atlántico,Hombres,Población desocupada,Anual,48.235326
2008,Atlántico,Hombres,Población desocupada,Anual,48.790531
2009,Atlántico,Hombres,Población desocupada,Anual,45.150017999999996
2010,Atlántico,Hombres,Población desocupada,Anual,41.428110999999994
2011,Atlántico,Hombres,Población desocupada,Anual,34.13264100000001
2012,Atlántico,Hombres,Población desocupada,Anual,33.669478000000005
2013,Atlántico,Hombres,Población desocupada,Anual,32.237564
2014,Atlántico,Hombres,Población desocupada,Anual,33.508321
2015,Atlántico,Hombres,Población desocupada,Anual,33.457524
2016,Atlántico,Hombres,Población desocupada,Anual,34.315889999999996
2017,Atlántico,Hombres,Población desocupada,Anual,31.20606
2018,Atlántico,Hombres,Población desocupada,Anual,33.839637
2019,Atlántico,Hombres,Población desocupada,Anual,34.665510000000005
2020,Atlántico,Hombres,Población desocupada,Anual,58.207182
2021,Atlántico,Hombres,Población desocupada,Anual,83.459
2022,Atlántico,Hombres,Población desocupada,Anual,57.373
2023,Atlántico,Hombres,Población desocupada,Anual,47.93
2024,Atlántico,Hombres,Población desocupada,Anual,52.1
2025,Atlántico,Hombres,Población desocupada,Anual,51.605
2007,Atlántico,Hombres,Población fuera de la fuerza de trabajo,Anual,177.648661
2008,Atlántico,Hombres,Población fuera de la fuerza de trabajo,Anual,178.374588
2009,Atlántico,Hombres,Población fuera de la fuerza de trabajo,Anual,179.921882
2010,Atlántico,Hombres,Población fuera de la fuerza de trabajo,Anual,186.541071
2011,Atlántico,Hombres,Población fuera de la fuerza de trabajo,Anual,181.05927400000002
2012,Atlántico,Hombres,Población fuera de la fuerza de trabajo,Anual,187.83241
2013,Atlántico,Hombres,Población fuera de la fuerza de trabajo,Anual,193.262501
2014,Atlántico,Hombres,Población fuera de la fuerza de trabajo,Anual,192.214171
2015,Atlántico,Hombres,Población fuera de la fuerza de trabajo,Anual,191.240149
2016,Atlántico,Hombres,Población fuera de la fuerza de trabajo,Anual,200.425478
2017,Atlántico,Hombres,Población fuera de la fuerza de trabajo,Anual,211.525709
2018,Atlántico,Hombres,Población fuera de la fuerza de trabajo,Anual,218.20525
2019,Atlántico,Hombres,Población fuera de la fuerza de trabajo,Anual,234.128696
2020,Atlántico,Hombres,Población fuera de la fuerza de trabajo,Anual,274.59346500000004
2021,Atlántico,Hombres,Población fuera de la fuerza de trabajo,Anual,239.647
2022,Atlántico,Hombres,Población fuera de la fuerza de trabajo,Anual,227.348
2023,Atlántico,Hombres,Población fuera de la fuerza de trabajo,Anual,239.339
2024,Atlántico,Hombres,Población fuera de la fuerza de trabajo,Anual,258.446
2025,Atlántico,Hombres,Población fuera de la fuerza de trabajo,Anual,254.316
2007,Atlántico,Hombres,Población subocupada,Anual,61.132937
2008,Atlántico,Hombres,Población subocupada,Anual,42.685196000000005
2009,Atlántico,Hombres,Población subocupada,Anual,45.396854
2010,Atlántico,Hombres,Población subocupada,Anual,54.66054
2011,Atlántico,Hombres,Población subocupada,Anual,81.590764
2012,Atlántico,Hombres,Población subocupada,Anual,81.46705800000001
2013,Atlántico,Hombres,Población subocupada,Anual,69.958228
2014,Atlántico,Hombres,Población subocupada,Anual,68.35449899999999
2015,Atlántico,Hombres,Población subocupada,Anual,90.690609
2016,Atlántico,Hombres,Población subocupada,Anual,78.253792
2017,Atlántico,Hombres,Población subocupada,Anual,79.73427099999999
2018,Atlántico,Hombres,Población subocupada,Anual,95.399066
2019,Atlántico,Hombres,Población subocupada,Anual,105.886463
2020,Atlántico,Hombres,Población subocupada,Anual,0.0
2021,Atlántico,Hombres,Población subocupada,Anual,102.277
2022,Atlántico,Hombres,Población subocupada,Anual,120.007
2023,Atlántico,Hombres,Población subocupada,Anual,89.833
2024,Atlántico,Hombres,Población subocupada,Anual,72.182
2025,Atlántico,Hombres,Población subocupada,Anual,68.307
2007,Atlántico,Hombres,Fuerza de trabajo potencial,Anual,0.0
2008,Atlántico,Hombres,Fuerza de trabajo potencial,Anual,0.0
2009,Atlántico,Hombres,Fuerza de trabajo potencial,Anual,0.0
2010,Atlántico,Hombres,Fuerza de trabajo potencial,Anual,0.0
2011,Atlántico,Hombres,Fuerza de trabajo potencial,Anual,0.0
2012,Atlántico,Hombres,Fuerza de trabajo potencial,Anual,0.0
2013,Atlántico,Hombres,Fuerza de trabajo potencial,Anual,0.0
2014,Atlántico,Hombres,Fuerza de trabajo potencial,Anual,0.0
2015,Atlántico,Hombres,Fuerza de trabajo potencial,Anual,0.0
2016,Atlántico,Hombres,Fuerza de trabajo potencial,Anual,0.0
2017,Atlántico,Hombres,Fuerza de trabajo potencial,Anual,0.0
2018,Atlántico,Hombres,Fuerza de trabajo potencial,Anual,0.0
2019,Atlántico,Hombres,Fuerza de trabajo potencial,Anual,0.0
2020,Atlántico,Hombres,Fuerza de trabajo potencial,Anual,0.0
2021,Atlántico,Hombres,Fuerza de trabajo potencial,Anual,21.635
2022,Atlántico,Hombres,Fuerza de trabajo potencial,Anual,28.152
2023,Atlántico,Hombres,Fuerza de trabajo potencial,Anual,37.806
2024,Atlántico,Hombres,Fuerza de trabajo potencial,Anual,36.366
2025,Atlántico,Hombres,Fuerza de trabajo potencial,Anual,29.111
2007,Bolívar,Hombres,% población en edad de trabajar,Anual,67.581570088
2008,Bolívar,Hombres,% población en edad de trabajar,Anual,67.952773171
2009,Bolívar,Hombres,% población en edad de trabajar,Anual,68.280228605
2010,Bolívar,Hombres,% población en edad de trabajar,Anual,68.612923194
2011,Bolívar,Hombres,% población en edad de trabajar,Anual,68.942502016
2012,Bolívar,Hombres,% población en edad de trabajar,Anual,69.286258652
2013,Bolívar,Hombres,% población en edad de trabajar,Anual,69.650445764
2014,Bolívar,Hombres,% población en edad de trabajar,Anual,70.025717462
2015,Bolívar,Hombres,% población en edad de trabajar,Anual,70.413009095
2016,Bolívar,Hombres,% población en edad de trabajar,Anual,70.79898979
2017,Bolívar,Hombres,% población en edad de trabajar,Anual,71.156886611
2018,Bolívar,Hombres,% población en edad de trabajar,Anual,71.513534946
2019,Bolívar,Hombres,% población en edad de trabajar,Anual,71.817988075
2020,Bolívar,Hombres,% población en edad de trabajar,Anual,72.101606841
2021,Bolívar,Hombres,% población en edad de trabajar,Anual,72.40025265
2022,Bolívar,Hombres,% población en edad de trabajar,Anual,72.683562176
2023,Bolívar,Hombres,% población en edad de trabajar,Anual,72.970558439
2024,Bolívar,Hombres,% población en edad de trabajar,Anual,73.438838539
2025,Bolívar,Hombres,% población en edad de trabajar,Anual,73.807538932
2007,Bolívar,Hombres,Tasa Global de Participación (TGP),Anual,77.291490141
2008,Bolívar,Hombres,Tasa Global de Participación (TGP),Anual,74.770003501
2009,Bolívar,Hombres,Tasa Global de Participación (TGP),Anual,77.515247506
2010,Bolívar,Hombres,Tasa Global de Participación (TGP),Anual,77.823063114
2011,Bolívar,Hombres,Tasa Global de Participación (TGP),Anual,79.572866352
2012,Bolívar,Hombres,Tasa Global de Participación (TGP),Anual,81.09475617
2013,Bolívar,Hombres,Tasa Global de Participación (TGP),Anual,80.260121557
2014,Bolívar,Hombres,Tasa Global de Participación (TGP),Anual,79.45139908
2015,Bolívar,Hombres,Tasa Global de Participación (TGP),Anual,79.185356002
2016,Bolívar,Hombres,Tasa Global de Participación (TGP),Anual,79.019849555
2017,Bolívar,Hombres,Tasa Global de Participación (TGP),Anual,77.045747284
2018,Bolívar,Hombres,Tasa Global de Participación (TGP),Anual,78.295837199
2019,Bolívar,Hombres,Tasa Global de Participación (TGP),Anual,77.680284655
2020,Bolívar,Hombres,Tasa Global de Participación (TGP),Anual,74.244386449
2021,Bolívar,Hombres,Tasa Global de Participación (TGP),Anual,77.904230503
2022,Bolívar,Hombres,Tasa Global de Participación (TGP),Anual,77.317769967
2023,Bolívar,Hombres,Tasa Global de Participación (TGP),Anual,79.077007045
2024,Bolívar,Hombres,Tasa Global de Participación (TGP),Anual,74.871751503
2025,Bolívar,Hombres,Tasa Global de Participación (TGP),Anual,75.143504495
2007,Bolívar,Hombres,Tasa de Ocupación (TO),Anual,70.998136771
2008,Bolívar,Hombres,Tasa de Ocupación (TO),Anual,69.50890918
2009,Bolívar,Hombres,Tasa de Ocupación (TO),Anual,72.238362208
2010,Bolívar,Hombres,Tasa de Ocupación (TO),Anual,73.913718252
2011,Bolívar,Hombres,Tasa de Ocupación (TO),Anual,75.709400527
2012,Bolívar,Hombres,Tasa de Ocupación (TO),Anual,77.157353601
2013,Bolívar,Hombres,Tasa de Ocupación (TO),Anual,76.776980788
2014,Bolívar,Hombres,Tasa de Ocupación (TO),Anual,76.328075137
2015,Bolívar,Hombres,Tasa de Ocupación (TO),Anual,75.6653314
2016,Bolívar,Hombres,Tasa de Ocupación (TO),Anual,75.625223288
2017,Bolívar,Hombres,Tasa de Ocupación (TO),Anual,74.030318533
2018,Bolívar,Hombres,Tasa de Ocupación (TO),Anual,75.761847717
2019,Bolívar,Hombres,Tasa de Ocupación (TO),Anual,75.293314593
2020,Bolívar,Hombres,Tasa de Ocupación (TO),Anual,69.579224369
2021,Bolívar,Hombres,Tasa de Ocupación (TO),Anual,71.557907342
2022,Bolívar,Hombres,Tasa de Ocupación (TO),Anual,72.26662774
2023,Bolívar,Hombres,Tasa de Ocupación (TO),Anual,75.243108455
2024,Bolívar,Hombres,Tasa de Ocupación (TO),Anual,69.57833256
2025,Bolívar,Hombres,Tasa de Ocupación (TO),Anual,70.60849187
2007,Bolívar,Hombres,Tasa de Desocupación (TD),Anual,8.142362579
2008,Bolívar,Hombres,Tasa de Desocupación (TD),Anual,7.036370302
2009,Bolívar,Hombres,Tasa de Desocupación (TD),Anual,6.807544925
2010,Bolívar,Hombres,Tasa de Desocupación (TD),Anual,5.023375726
2011,Bolívar,Hombres,Tasa de Desocupación (TD),Anual,4.855255317
2012,Bolívar,Hombres,Tasa de Desocupación (TD),Anual,4.855310942
2013,Bolívar,Hombres,Tasa de Desocupación (TD),Anual,4.339814968
2014,Bolívar,Hombres,Tasa de Desocupación (TD),Anual,3.931112579
2015,Bolívar,Hombres,Tasa de Desocupación (TD),Anual,4.445297438
2016,Bolívar,Hombres,Tasa de Desocupación (TD),Anual,4.295915882
2017,Bolívar,Hombres,Tasa de Desocupación (TD),Anual,3.913815956
2018,Bolívar,Hombres,Tasa de Desocupación (TD),Anual,3.236429385
2019,Bolívar,Hombres,Tasa de Desocupación (TD),Anual,3.072813227
2020,Bolívar,Hombres,Tasa de Desocupación (TD),Anual,6.283521628
2021,Bolívar,Hombres,Tasa de Desocupación (TD),Anual,8.146313903
2022,Bolívar,Hombres,Tasa de Desocupación (TD),Anual,6.532964193
2023,Bolívar,Hombres,Tasa de Desocupación (TD),Anual,4.848310189
2024,Bolívar,Hombres,Tasa de Desocupación (TD),Anual,7.069981451
2025,Bolívar,Hombres,Tasa de Desocupación (TD),Anual,6.035135911
2007,Bolívar,Hombres,Tasa de Subocupación (TS),Anual,8.764849078
2008,Bolívar,Hombres,Tasa de Subocupación (TS),Anual,6.813801841
2009,Bolívar,Hombres,Tasa de Subocupación (TS),Anual,10.138927217
2010,Bolívar,Hombres,Tasa de Subocupación (TS),Anual,10.297598958
2011,Bolívar,Hombres,Tasa de Subocupación (TS),Anual,8.222273406
2012,Bolívar,Hombres,Tasa de Subocupación (TS),Anual,9.488532113
2013,Bolívar,Hombres,Tasa de Subocupación (TS),Anual,9.517135461
2014,Bolívar,Hombres,Tasa de Subocupación (TS),Anual,12.108146766
2015,Bolívar,Hombres,Tasa de Subocupación (TS),Anual,11.975247268
2016,Bolívar,Hombres,Tasa de Subocupación (TS),Anual,9.457226585
2017,Bolívar,Hombres,Tasa de Subocupación (TS),Anual,7.412930413
2018,Bolívar,Hombres,Tasa de Subocupación (TS),Anual,12.45628672
2019,Bolívar,Hombres,Tasa de Subocupación (TS),Anual,11.288419791
2020,Bolívar,Hombres,Tasa de Subocupación (TS),Anual,0.0
2021,Bolívar,Hombres,Tasa de Subocupación (TS),Anual,11.578685758
2022,Bolívar,Hombres,Tasa de Subocupación (TS),Anual,13.911651277
2023,Bolívar,Hombres,Tasa de Subocupación (TS),Anual,10.469799153
2024,Bolívar,Hombres,Tasa de Subocupación (TS),Anual,8.196279703
2025,Bolívar,Hombres,Tasa de Subocupación (TS),Anual,6.527437663
2007,Bolívar,Hombres,Población total,Anual,912.191
2008,Bolívar,Hombres,Población total,Anual,921.256
2009,Bolívar,Hombres,Población total,Anual,934.537
2010,Bolívar,Hombres,Población total,Anual,945.045
2011,Bolívar,Hombres,Población total,Anual,954.99
2012,Bolívar,Hombres,Población total,Anual,964.425
2013,Bolívar,Hombres,Población total,Anual,973.497
2014,Bolívar,Hombres,Población total,Anual,982.212
2015,Bolívar,Hombres,Población total,Anual,990.753
2016,Bolívar,Hombres,Población total,Anual,1000.188
2017,Bolívar,Hombres,Población total,Anual,1011.361
2018,Bolívar,Hombres,Población total,Anual,1026.491
2019,Bolívar,Hombres,Población total,Anual,1055.755
2020,Bolívar,Hombres,Población total,Anual,1080.754
2021,Bolívar,Hombres,Población total,Anual,1096.905
2022,Bolívar,Hombres,Población total,Anual,1108.671
2023,Bolívar,Hombres,Población total,Anual,1119.628
2024,Bolívar,Hombres,Población total,Anual,1130.255
2025,Bolívar,Hombres,Población total,Anual,1140.568
2007,Bolívar,Hombres,Población en edad de trabajar (PET),Anual,616.473
2008,Bolívar,Hombres,Población en edad de trabajar (PET),Anual,626.019
2009,Bolívar,Hombres,Población en edad de trabajar (PET),Anual,638.104
2010,Bolívar,Hombres,Población en edad de trabajar (PET),Anual,648.423
2011,Bolívar,Hombres,Población en edad de trabajar (PET),Anual,658.394
2012,Bolívar,Hombres,Población en edad de trabajar (PET),Anual,668.214
2013,Bolívar,Hombres,Población en edad de trabajar (PET),Anual,678.045
2014,Bolívar,Hombres,Población en edad de trabajar (PET),Anual,687.801
2015,Bolívar,Hombres,Población en edad de trabajar (PET),Anual,697.619
2016,Bolívar,Hombres,Población en edad de trabajar (PET),Anual,708.123
2017,Bolívar,Hombres,Población en edad de trabajar (PET),Anual,719.653
2018,Bolívar,Hombres,Población en edad de trabajar (PET),Anual,734.08
2019,Bolívar,Hombres,Población en edad de trabajar (PET),Anual,758.222
2020,Bolívar,Hombres,Población en edad de trabajar (PET),Anual,779.241
2021,Bolívar,Hombres,Población en edad de trabajar (PET),Anual,794.162
2022,Bolívar,Hombres,Población en edad de trabajar (PET),Anual,805.821
2023,Bolívar,Hombres,Población en edad de trabajar (PET),Anual,816.998
2024,Bolívar,Hombres,Población en edad de trabajar (PET),Anual,830.046
2025,Bolívar,Hombres,Población en edad de trabajar (PET),Anual,841.825
2007,Bolívar,Hombres,Fuerza de trabajo,Anual,476.481168
2008,Bolívar,Hombres,Fuerza de trabajo,Anual,468.074428
2009,Bolívar,Hombres,Fuerza de trabajo,Anual,494.627895
2010,Bolívar,Hombres,Fuerza de trabajo,Anual,504.622641
2011,Bolívar,Hombres,Fuerza de trabajo,Anual,523.902978
2012,Bolívar,Hombres,Fuerza de trabajo,Anual,541.8865139999999
2013,Bolívar,Hombres,Fuerza de trabajo,Anual,544.199741
2014,Bolívar,Hombres,Fuerza de trabajo,Anual,546.467517
2015,Bolívar,Hombres,Fuerza de trabajo,Anual,552.412089
2016,Bolívar,Hombres,Fuerza de trabajo,Anual,559.557729
2017,Bolívar,Hombres,Fuerza de trabajo,Anual,554.462032
2018,Bolívar,Hombres,Fuerza de trabajo,Anual,574.754082
2019,Bolívar,Hombres,Fuerza de trabajo,Anual,588.989008
2020,Bolívar,Hombres,Fuerza de trabajo,Anual,578.542699
2021,Bolívar,Hombres,Fuerza de trabajo,Anual,618.686
2022,Bolívar,Hombres,Fuerza de trabajo,Anual,623.043
2023,Bolívar,Hombres,Fuerza de trabajo,Anual,646.058
2024,Bolívar,Hombres,Fuerza de trabajo,Anual,621.47
2025,Bolívar,Hombres,Fuerza de trabajo,Anual,632.577
2007,Bolívar,Hombres,Población ocupada,Anual,437.684344
2008,Bolívar,Hombres,Población ocupada,Anual,435.138978
2009,Bolívar,Hombres,Población ocupada,Anual,460.95587900000004
2010,Bolívar,Hombres,Población ocupada,Anual,479.273549
2011,Bolívar,Hombres,Población ocupada,Anual,498.466151
2012,Bolívar,Hombres,Población ocupada,Anual,515.576239
2013,Bolívar,Hombres,Población ocupada,Anual,520.582479
2014,Bolívar,Hombres,Población ocupada,Anual,524.9852639999999
2015,Bolívar,Hombres,Población ocupada,Anual,527.855728
2016,Bolívar,Hombres,Población ocupada,Anual,535.5196
2017,Bolívar,Hombres,Población ocupada,Anual,532.7614080000001
2018,Bolívar,Hombres,Población ocupada,Anual,556.1525720000001
2019,Bolívar,Hombres,Población ocupada,Anual,570.890476
2020,Bolívar,Hombres,Población ocupada,Anual,542.189844
2021,Bolívar,Hombres,Población ocupada,Anual,568.286
2022,Bolívar,Hombres,Población ocupada,Anual,582.34
2023,Bolívar,Hombres,Población ocupada,Anual,614.735
2024,Bolívar,Hombres,Población ocupada,Anual,577.532
2025,Bolívar,Hombres,Población ocupada,Anual,594.4
2007,Bolívar,Hombres,Población desocupada,Anual,38.796824
2008,Bolívar,Hombres,Población desocupada,Anual,32.935449999999996
2009,Bolívar,Hombres,Población desocupada,Anual,33.672016000000006
2010,Bolívar,Hombres,Población desocupada,Anual,25.349091
2011,Bolívar,Hombres,Población desocupada,Anual,25.436827
2012,Bolívar,Hombres,Población desocupada,Anual,26.310275
2013,Bolívar,Hombres,Población desocupada,Anual,23.617262
2014,Bolívar,Hombres,Población desocupada,Anual,21.482253
2015,Bolívar,Hombres,Población desocupada,Anual,24.55636
2016,Bolívar,Hombres,Población desocupada,Anual,24.038129
2017,Bolívar,Hombres,Población desocupada,Anual,21.700623
2018,Bolívar,Hombres,Población desocupada,Anual,18.601509999999998
2019,Bolívar,Hombres,Población desocupada,Anual,18.098532
2020,Bolívar,Hombres,Población desocupada,Anual,36.352856
2021,Bolívar,Hombres,Población desocupada,Anual,50.4
2022,Bolívar,Hombres,Población desocupada,Anual,40.703
2023,Bolívar,Hombres,Población desocupada,Anual,31.323
2024,Bolívar,Hombres,Población desocupada,Anual,43.938
2025,Bolívar,Hombres,Población desocupada,Anual,38.177
2007,Bolívar,Hombres,Población fuera de la fuerza de trabajo,Anual,139.991832
2008,Bolívar,Hombres,Población fuera de la fuerza de trabajo,Anual,157.944572
2009,Bolívar,Hombres,Población fuera de la fuerza de trabajo,Anual,143.47610500000002
2010,Bolívar,Hombres,Población fuera de la fuerza de trabajo,Anual,143.800359
2011,Bolívar,Hombres,Población fuera de la fuerza de trabajo,Anual,134.491022
2012,Bolívar,Hombres,Población fuera de la fuerza de trabajo,Anual,126.32748600000001
2013,Bolívar,Hombres,Población fuera de la fuerza de trabajo,Anual,133.845259
2014,Bolívar,Hombres,Población fuera de la fuerza de trabajo,Anual,141.333483
2015,Bolívar,Hombres,Población fuera de la fuerza de trabajo,Anual,145.206911
2016,Bolívar,Hombres,Población fuera de la fuerza de trabajo,Anual,148.565271
2017,Bolívar,Hombres,Población fuera de la fuerza de trabajo,Anual,165.190968
2018,Bolívar,Hombres,Población fuera de la fuerza de trabajo,Anual,159.325918
2019,Bolívar,Hombres,Población fuera de la fuerza de trabajo,Anual,169.232992
2020,Bolívar,Hombres,Población fuera de la fuerza de trabajo,Anual,200.69830100000001
2021,Bolívar,Hombres,Población fuera de la fuerza de trabajo,Anual,175.476
2022,Bolívar,Hombres,Población fuera de la fuerza de trabajo,Anual,182.778
2023,Bolívar,Hombres,Población fuera de la fuerza de trabajo,Anual,170.941
2024,Bolívar,Hombres,Población fuera de la fuerza de trabajo,Anual,208.576
2025,Bolívar,Hombres,Población fuera de la fuerza de trabajo,Anual,209.248
2007,Bolívar,Hombres,Población subocupada,Anual,41.762855
2008,Bolívar,Hombres,Población subocupada,Anual,31.893664
2009,Bolívar,Hombres,Población subocupada,Anual,50.149962
2010,Bolívar,Hombres,Población subocupada,Anual,51.964016
2011,Bolívar,Hombres,Población subocupada,Anual,43.076735
2012,Bolívar,Hombres,Población subocupada,Anual,51.417076
2013,Bolívar,Hombres,Población subocupada,Anual,51.792227
2014,Bolívar,Hombres,Población subocupada,Anual,66.167089
2015,Bolívar,Hombres,Población subocupada,Anual,66.152714
2016,Bolívar,Hombres,Población subocupada,Anual,52.918642
2017,Bolívar,Hombres,Población subocupada,Anual,41.101885
2018,Bolívar,Hombres,Población subocupada,Anual,71.593016
2019,Bolívar,Hombres,Población subocupada,Anual,66.487552
2020,Bolívar,Hombres,Población subocupada,Anual,0.0
2021,Bolívar,Hombres,Población subocupada,Anual,71.636
2022,Bolívar,Hombres,Población subocupada,Anual,86.676
2023,Bolívar,Hombres,Población subocupada,Anual,67.641
2024,Bolívar,Hombres,Población subocupada,Anual,50.937
2025,Bolívar,Hombres,Población subocupada,Anual,41.291
2007,Bolívar,Hombres,Fuerza de trabajo potencial,Anual,0.0
2008,Bolívar,Hombres,Fuerza de trabajo potencial,Anual,0.0
2009,Bolívar,Hombres,Fuerza de trabajo potencial,Anual,0.0
2010,Bolívar,Hombres,Fuerza de trabajo potencial,Anual,0.0
2011,Bolívar,Hombres,Fuerza de trabajo potencial,Anual,0.0
2012,Bolívar,Hombres,Fuerza de trabajo potencial,Anual,0.0
2013,Bolívar,Hombres,Fuerza de trabajo potencial,Anual,0.0
2014,Bolívar,Hombres,Fuerza de trabajo potencial,Anual,0.0
2015,Bolívar,Hombres,Fuerza de trabajo potencial,Anual,0.0
2016,Bolívar,Hombres,Fuerza de trabajo potencial,Anual,0.0
2017,Bolívar,Hombres,Fuerza de trabajo potencial,Anual,0.0
2018,Bolívar,Hombres,Fuerza de trabajo potencial,Anual,0.0
2019,Bolívar,Hombres,Fuerza de trabajo potencial,Anual,0.0
2020,Bolívar,Hombres,Fuerza de trabajo potencial,Anual,0.0
2021,Bolívar,Hombres,Fuerza de trabajo potencial,Anual,13.661
2022,Bolívar,Hombres,Fuerza de trabajo potencial,Anual,20.227
2023,Bolívar,Hombres,Fuerza de trabajo potencial,Anual,14.606
2024,Bolívar,Hombres,Fuerza de trabajo potencial,Anual,12.869
2025,Bolívar,Hombres,Fuerza de trabajo potencial,Anual,14.295
2007,Boyacá,Hombres,% población en edad de trabajar,Anual,71.967960541
2008,Boyacá,Hombres,% población en edad de trabajar,Anual,72.295220199
2009,Boyacá,Hombres,% población en edad de trabajar,Anual,72.634997899
2010,Boyacá,Hombres,% población en edad de trabajar,Anual,72.9732755
2011,Boyacá,Hombres,% población en edad de trabajar,Anual,73.302010364
2012,Boyacá,Hombres,% población en edad de trabajar,Anual,73.622675332
2013,Boyacá,Hombres,% población en edad de trabajar,Anual,73.935487202
2014,Boyacá,Hombres,% población en edad de trabajar,Anual,74.233570018
2015,Boyacá,Hombres,% población en edad de trabajar,Anual,74.527387754
2016,Boyacá,Hombres,% población en edad de trabajar,Anual,74.817200041
2017,Boyacá,Hombres,% población en edad de trabajar,Anual,75.10763973
2018,Boyacá,Hombres,% población en edad de trabajar,Anual,75.41741849
2019,Boyacá,Hombres,% población en edad de trabajar,Anual,75.634774973
2020,Boyacá,Hombres,% población en edad de trabajar,Anual,75.858541122
2021,Boyacá,Hombres,% población en edad de trabajar,Anual,76.096160951
2022,Boyacá,Hombres,% población en edad de trabajar,Anual,76.338481691
2023,Boyacá,Hombres,% población en edad de trabajar,Anual,76.584282322
2024,Boyacá,Hombres,% población en edad de trabajar,Anual,76.875847449
2025,Boyacá,Hombres,% población en edad de trabajar,Anual,77.16990292
2007,Boyacá,Hombres,Tasa Global de Participación (TGP),Anual,78.88156054
2008,Boyacá,Hombres,Tasa Global de Participación (TGP),Anual,78.181188482
2009,Boyacá,Hombres,Tasa Global de Participación (TGP),Anual,76.561602199
2010,Boyacá,Hombres,Tasa Global de Participación (TGP),Anual,77.241126808
2011,Boyacá,Hombres,Tasa Global de Participación (TGP),Anual,77.541317566
2012,Boyacá,Hombres,Tasa Global de Participación (TGP),Anual,77.538725119
2013,Boyacá,Hombres,Tasa Global de Participación (TGP),Anual,78.596009249
2014,Boyacá,Hombres,Tasa Global de Participación (TGP),Anual,78.833260811
2015,Boyacá,Hombres,Tasa Global de Participación (TGP),Anual,80.795736462
2016,Boyacá,Hombres,Tasa Global de Participación (TGP),Anual,78.552191418
2017,Boyacá,Hombres,Tasa Global de Participación (TGP),Anual,77.620555961
2018,Boyacá,Hombres,Tasa Global de Participación (TGP),Anual,78.270132977
2019,Boyacá,Hombres,Tasa Global de Participación (TGP),Anual,75.736655899
2020,Boyacá,Hombres,Tasa Global de Participación (TGP),Anual,68.498326599
2021,Boyacá,Hombres,Tasa Global de Participación (TGP),Anual,70.16554733
2022,Boyacá,Hombres,Tasa Global de Participación (TGP),Anual,72.463063121
2023,Boyacá,Hombres,Tasa Global de Participación (TGP),Anual,71.162223787
2024,Boyacá,Hombres,Tasa Global de Participación (TGP),Anual,71.335850153
2025,Boyacá,Hombres,Tasa Global de Participación (TGP),Anual,69.54271245
2007,Boyacá,Hombres,Tasa de Ocupación (TO),Anual,73.860154242
2008,Boyacá,Hombres,Tasa de Ocupación (TO),Anual,73.62953599
2009,Boyacá,Hombres,Tasa de Ocupación (TO),Anual,69.834712286
2010,Boyacá,Hombres,Tasa de Ocupación (TO),Anual,70.177977972
2011,Boyacá,Hombres,Tasa de Ocupación (TO),Anual,72.269128002
2012,Boyacá,Hombres,Tasa de Ocupación (TO),Anual,72.526974538
2013,Boyacá,Hombres,Tasa de Ocupación (TO),Anual,72.054494415
2014,Boyacá,Hombres,Tasa de Ocupación (TO),Anual,73.890814145
2015,Boyacá,Hombres,Tasa de Ocupación (TO),Anual,76.451420214
2016,Boyacá,Hombres,Tasa de Ocupación (TO),Anual,73.963946256
2017,Boyacá,Hombres,Tasa de Ocupación (TO),Anual,72.764348245
2018,Boyacá,Hombres,Tasa de Ocupación (TO),Anual,73.941027893
2019,Boyacá,Hombres,Tasa de Ocupación (TO),Anual,70.646706616
2020,Boyacá,Hombres,Tasa de Ocupación (TO),Anual,62.09688495
2021,Boyacá,Hombres,Tasa de Ocupación (TO),Anual,62.486292122
2022,Boyacá,Hombres,Tasa de Ocupación (TO),Anual,66.280485642
2023,Boyacá,Hombres,Tasa de Ocupación (TO),Anual,65.618014019
2024,Boyacá,Hombres,Tasa de Ocupación (TO),Anual,65.657710689
2025,Boyacá,Hombres,Tasa de Ocupación (TO),Anual,63.28031497
2007,Boyacá,Hombres,Tasa de Desocupación (TD),Anual,6.365754257
2008,Boyacá,Hombres,Tasa de Desocupación (TD),Anual,5.821927986
2009,Boyacá,Hombres,Tasa de Desocupación (TD),Anual,8.786244959
2010,Boyacá,Hombres,Tasa de Desocupación (TD),Anual,9.144285082
2011,Boyacá,Hombres,Tasa de Desocupación (TD),Anual,6.799200387
2012,Boyacá,Hombres,Tasa de Desocupación (TD),Anual,6.463545246
2013,Boyacá,Hombres,Tasa de Desocupación (TD),Anual,8.322960538
2014,Boyacá,Hombres,Tasa de Desocupación (TD),Anual,6.269494139
2015,Boyacá,Hombres,Tasa de Desocupación (TD),Anual,5.37691274
2016,Boyacá,Hombres,Tasa de Desocupación (TD),Anual,5.841014845
2017,Boyacá,Hombres,Tasa de Desocupación (TD),Anual,6.256342352
2018,Boyacá,Hombres,Tasa de Desocupación (TD),Anual,5.530979595
2019,Boyacá,Hombres,Tasa de Desocupación (TD),Anual,6.720588891
2020,Boyacá,Hombres,Tasa de Desocupación (TD),Anual,9.345398592
2021,Boyacá,Hombres,Tasa de Desocupación (TD),Anual,10.944481302
2022,Boyacá,Hombres,Tasa de Desocupación (TD),Anual,8.532039928
2023,Boyacá,Hombres,Tasa de Desocupación (TD),Anual,7.790945073
2024,Boyacá,Hombres,Tasa de Desocupación (TD),Anual,7.959727755
2025,Boyacá,Hombres,Tasa de Desocupación (TD),Anual,9.005109608
2007,Boyacá,Hombres,Tasa de Subocupación (TS),Anual,10.496567046
2008,Boyacá,Hombres,Tasa de Subocupación (TS),Anual,5.969384584
2009,Boyacá,Hombres,Tasa de Subocupación (TS),Anual,5.643240803
2010,Boyacá,Hombres,Tasa de Subocupación (TS),Anual,11.780883157
2011,Boyacá,Hombres,Tasa de Subocupación (TS),Anual,7.564110646
2012,Boyacá,Hombres,Tasa de Subocupación (TS),Anual,8.96393651
2013,Boyacá,Hombres,Tasa de Subocupación (TS),Anual,9.924135547
2014,Boyacá,Hombres,Tasa de Subocupación (TS),Anual,6.711290495
2015,Boyacá,Hombres,Tasa de Subocupación (TS),Anual,5.404849561
2016,Boyacá,Hombres,Tasa de Subocupación (TS),Anual,7.270437111
2017,Boyacá,Hombres,Tasa de Subocupación (TS),Anual,8.463663995
2018,Boyacá,Hombres,Tasa de Subocupación (TS),Anual,6.001023229
2019,Boyacá,Hombres,Tasa de Subocupación (TS),Anual,7.375862323
2020,Boyacá,Hombres,Tasa de Subocupación (TS),Anual,0.0
2021,Boyacá,Hombres,Tasa de Subocupación (TS),Anual,6.187003054
2022,Boyacá,Hombres,Tasa de Subocupación (TS),Anual,8.830374837
2023,Boyacá,Hombres,Tasa de Subocupación (TS),Anual,9.901367955
2024,Boyacá,Hombres,Tasa de Subocupación (TS),Anual,9.503138335
2025,Boyacá,Hombres,Tasa de Subocupación (TS),Anual,6.454863484
2007,Boyacá,Hombres,Población total,Anual,562.806
2008,Boyacá,Hombres,Población total,Anual,565.693
2009,Boyacá,Hombres,Población total,Anual,568.657
2010,Boyacá,Hombres,Población total,Anual,571.76
2011,Boyacá,Hombres,Población total,Anual,574.871
2012,Boyacá,Hombres,Población total,Anual,577.932
2013,Boyacá,Hombres,Población total,Anual,580.97
2014,Boyacá,Hombres,Población total,Anual,584.039
2015,Boyacá,Hombres,Población total,Anual,587.215
2016,Boyacá,Hombres,Población total,Anual,590.673
2017,Boyacá,Hombres,Población total,Anual,594.576
2018,Boyacá,Hombres,Población total,Anual,599.099
2019,Boyacá,Hombres,Población total,Anual,605.884
2020,Boyacá,Hombres,Población total,Anual,611.881
2021,Boyacá,Hombres,Población total,Anual,616.453
2022,Boyacá,Hombres,Población total,Anual,620.392
2023,Boyacá,Hombres,Población total,Anual,624.276
2024,Boyacá,Hombres,Población total,Anual,628.234
2025,Boyacá,Hombres,Población total,Anual,632.367
2007,Boyacá,Hombres,Población en edad de trabajar (PET),Anual,405.04
2008,Boyacá,Hombres,Población en edad de trabajar (PET),Anual,408.969
2009,Boyacá,Hombres,Población en edad de trabajar (PET),Anual,413.044
2010,Boyacá,Hombres,Población en edad de trabajar (PET),Anual,417.232
2011,Boyacá,Hombres,Población en edad de trabajar (PET),Anual,421.392
2012,Boyacá,Hombres,Población en edad de trabajar (PET),Anual,425.489
2013,Boyacá,Hombres,Población en edad de trabajar (PET),Anual,429.543
2014,Boyacá,Hombres,Población en edad de trabajar (PET),Anual,433.553
2015,Boyacá,Hombres,Población en edad de trabajar (PET),Anual,437.636
2016,Boyacá,Hombres,Población en edad de trabajar (PET),Anual,441.925
2017,Boyacá,Hombres,Población en edad de trabajar (PET),Anual,446.572
2018,Boyacá,Hombres,Población en edad de trabajar (PET),Anual,451.825
2019,Boyacá,Hombres,Población en edad de trabajar (PET),Anual,458.259
2020,Boyacá,Hombres,Población en edad de trabajar (PET),Anual,464.164
2021,Boyacá,Hombres,Población en edad de trabajar (PET),Anual,469.097
2022,Boyacá,Hombres,Población en edad de trabajar (PET),Anual,473.598
2023,Boyacá,Hombres,Población en edad de trabajar (PET),Anual,478.097
2024,Boyacá,Hombres,Población en edad de trabajar (PET),Anual,482.96
2025,Boyacá,Hombres,Población en edad de trabajar (PET),Anual,487.997
2007,Boyacá,Hombres,Fuerza de trabajo,Anual,319.50187300000005
2008,Boyacá,Hombres,Fuerza de trabajo,Anual,319.736825
2009,Boyacá,Hombres,Fuerza de trabajo,Anual,316.23310399999997
2010,Boyacá,Hombres,Fuerza de trabajo,Anual,322.274698
2011,Boyacá,Hombres,Fuerza de trabajo,Anual,326.752909
2012,Boyacá,Hombres,Fuerza de trabajo,Anual,329.918746
2013,Boyacá,Hombres,Fuerza de trabajo,Anual,337.603656
2014,Boyacá,Hombres,Fuerza de trabajo,Anual,341.783967
2015,Boyacá,Hombres,Fuerza de trabajo,Anual,353.591229
2016,Boyacá,Hombres,Fuerza de trabajo,Anual,347.141772
2017,Boyacá,Hombres,Fuerza de trabajo,Anual,346.631669
2018,Boyacá,Hombres,Fuerza de trabajo,Anual,353.644028
2019,Boyacá,Hombres,Fuerza de trabajo,Anual,347.070042
2020,Boyacá,Hombres,Fuerza de trabajo,Anual,317.944573
2021,Boyacá,Hombres,Fuerza de trabajo,Anual,329.144
2022,Boyacá,Hombres,Fuerza de trabajo,Anual,343.183
2023,Boyacá,Hombres,Fuerza de trabajo,Anual,340.225
2024,Boyacá,Hombres,Fuerza de trabajo,Anual,344.524
2025,Boyacá,Hombres,Fuerza de trabajo,Anual,339.366
2007,Boyacá,Hombres,Población ocupada,Anual,299.163169
2008,Boyacá,Hombres,Población ocupada,Anual,301.121977
2009,Boyacá,Hombres,Población ocupada,Anual,288.448089
2010,Boyacá,Hombres,Población ocupada,Anual,292.80498100000005
2011,Boyacá,Hombres,Población ocupada,Anual,304.53632400000004
2012,Boyacá,Hombres,Población ocupada,Anual,308.594299
2013,Boyacá,Hombres,Población ocupada,Anual,309.505037
2014,Boyacá,Hombres,Población ocupada,Anual,320.355841
2015,Boyacá,Hombres,Población ocupada,Anual,334.578937
2016,Boyacá,Hombres,Población ocupada,Anual,326.865169
2017,Boyacá,Hombres,Población ocupada,Anual,324.94520500000004
2018,Boyacá,Hombres,Población ocupada,Anual,334.084049
2019,Boyacá,Hombres,Población ocupada,Anual,323.744891
2020,Boyacá,Hombres,Población ocupada,Anual,288.231385
2021,Boyacá,Hombres,Población ocupada,Anual,293.121
2022,Boyacá,Hombres,Población ocupada,Anual,313.903
2023,Boyacá,Hombres,Población ocupada,Anual,313.718
2024,Boyacá,Hombres,Población ocupada,Anual,317.101
2025,Boyacá,Hombres,Población ocupada,Anual,308.806
2007,Boyacá,Hombres,Población desocupada,Anual,20.338704
2008,Boyacá,Hombres,Población desocupada,Anual,18.614848000000002
2009,Boyacá,Hombres,Población desocupada,Anual,27.785014999999998
2010,Boyacá,Hombres,Población desocupada,Anual,29.469717
2011,Boyacá,Hombres,Población desocupada,Anual,22.216585
2012,Boyacá,Hombres,Población desocupada,Anual,21.324447
2013,Boyacá,Hombres,Población desocupada,Anual,28.098619
2014,Boyacá,Hombres,Población desocupada,Anual,21.428126
2015,Boyacá,Hombres,Población desocupada,Anual,19.012292000000002
2016,Boyacá,Hombres,Población desocupada,Anual,20.276602
2017,Boyacá,Hombres,Población desocupada,Anual,21.686464
2018,Boyacá,Hombres,Población desocupada,Anual,19.559979
2019,Boyacá,Hombres,Población desocupada,Anual,23.325151
2020,Boyacá,Hombres,Población desocupada,Anual,29.713188
2021,Boyacá,Hombres,Población desocupada,Anual,36.023
2022,Boyacá,Hombres,Población desocupada,Anual,29.281
2023,Boyacá,Hombres,Población desocupada,Anual,26.507
2024,Boyacá,Hombres,Población desocupada,Anual,27.423
2025,Boyacá,Hombres,Población desocupada,Anual,30.56
2007,Boyacá,Hombres,Población fuera de la fuerza de trabajo,Anual,85.53812699999999
2008,Boyacá,Hombres,Población fuera de la fuerza de trabajo,Anual,89.232175
2009,Boyacá,Hombres,Población fuera de la fuerza de trabajo,Anual,96.810896
2010,Boyacá,Hombres,Población fuera de la fuerza de trabajo,Anual,94.957302
2011,Boyacá,Hombres,Población fuera de la fuerza de trabajo,Anual,94.639091
2012,Boyacá,Hombres,Población fuera de la fuerza de trabajo,Anual,95.570254
2013,Boyacá,Hombres,Población fuera de la fuerza de trabajo,Anual,91.93934399999999
2014,Boyacá,Hombres,Población fuera de la fuerza de trabajo,Anual,91.769033
2015,Boyacá,Hombres,Población fuera de la fuerza de trabajo,Anual,84.044771
2016,Boyacá,Hombres,Población fuera de la fuerza de trabajo,Anual,94.78322800000001
2017,Boyacá,Hombres,Población fuera de la fuerza de trabajo,Anual,99.940331
2018,Boyacá,Hombres,Población fuera de la fuerza de trabajo,Anual,98.180972
2019,Boyacá,Hombres,Población fuera de la fuerza de trabajo,Anual,111.188958
2020,Boyacá,Hombres,Población fuera de la fuerza de trabajo,Anual,146.219427
2021,Boyacá,Hombres,Población fuera de la fuerza de trabajo,Anual,139.952
2022,Boyacá,Hombres,Población fuera de la fuerza de trabajo,Anual,130.414
2023,Boyacá,Hombres,Población fuera de la fuerza de trabajo,Anual,137.873
2024,Boyacá,Hombres,Población fuera de la fuerza de trabajo,Anual,138.436
2025,Boyacá,Hombres,Población fuera de la fuerza de trabajo,Anual,148.631
2007,Boyacá,Hombres,Población subocupada,Anual,33.536728000000004
2008,Boyacá,Hombres,Población subocupada,Anual,19.086321
2009,Boyacá,Hombres,Población subocupada,Anual,17.845796
2010,Boyacá,Hombres,Población subocupada,Anual,37.966806
2011,Boyacá,Hombres,Población subocupada,Anual,24.715952
2012,Boyacá,Hombres,Población subocupada,Anual,29.573707
2013,Boyacá,Hombres,Población subocupada,Anual,33.504244
2014,Boyacá,Hombres,Población subocupada,Anual,22.938115000000003
2015,Boyacá,Hombres,Población subocupada,Anual,19.111074000000002
2016,Boyacá,Hombres,Población subocupada,Anual,25.238723999999998
2017,Boyacá,Hombres,Población subocupada,Anual,29.33774
2018,Boyacá,Hombres,Población subocupada,Anual,21.22226
2019,Boyacá,Hombres,Población subocupada,Anual,25.599408
2020,Boyacá,Hombres,Población subocupada,Anual,0.0
2021,Boyacá,Hombres,Población subocupada,Anual,20.364
2022,Boyacá,Hombres,Población subocupada,Anual,30.304
2023,Boyacá,Hombres,Población subocupada,Anual,33.687
2024,Boyacá,Hombres,Población subocupada,Anual,32.741
2025,Boyacá,Hombres,Población subocupada,Anual,21.906
2007,Boyacá,Hombres,Fuerza de trabajo potencial,Anual,0.0
2008,Boyacá,Hombres,Fuerza de trabajo potencial,Anual,0.0
2009,Boyacá,Hombres,Fuerza de trabajo potencial,Anual,0.0
2010,Boyacá,Hombres,Fuerza de trabajo potencial,Anual,0.0
2011,Boyacá,Hombres,Fuerza de trabajo potencial,Anual,0.0
2012,Boyacá,Hombres,Fuerza de trabajo potencial,Anual,0.0
2013,Boyacá,Hombres,Fuerza de trabajo potencial,Anual,0.0
2014,Boyacá,Hombres,Fuerza de trabajo potencial,Anual,0.0
2015,Boyacá,Hombres,Fuerza de trabajo potencial,Anual,0.0
2016,Boyacá,Hombres,Fuerza de trabajo potencial,Anual,0.0
2017,Boyacá,Hombres,Fuerza de trabajo potencial,Anual,0.0
2018,Boyacá,Hombres,Fuerza de trabajo potencial,Anual,0.0
2019,Boyacá,Hombres,Fuerza de trabajo potencial,Anual,0.0
2020,Boyacá,Hombres,Fuerza de trabajo potencial,Anual,0.0
2021,Boyacá,Hombres,Fuerza de trabajo potencial,Anual,7.892
2022,Boyacá,Hombres,Fuerza de trabajo potencial,Anual,11.833
2023,Boyacá,Hombres,Fuerza de trabajo potencial,Anual,17.432
2024,Boyacá,Hombres,Fuerza de trabajo potencial,Anual,9.416
2025,Boyacá,Hombres,Fuerza de trabajo potencial,Anual,6.87
2007,Caldas,Hombres,% población en edad de trabajar,Anual,74.352024535
2008,Caldas,Hombres,% población en edad de trabajar,Anual,74.936921958
2009,Caldas,Hombres,% población en edad de trabajar,Anual,75.51734413
2010,Caldas,Hombres,% población en edad de trabajar,Anual,76.083439282
2011,Caldas,Hombres,% población en edad de trabajar,Anual,76.622320691
2012,Caldas,Hombres,% población en edad de trabajar,Anual,77.133054393
2013,Caldas,Hombres,% población en edad de trabajar,Anual,77.611352816
2014,Caldas,Hombres,% población en edad de trabajar,Anual,78.048371863
2015,Caldas,Hombres,% población en edad de trabajar,Anual,78.446324019
2016,Caldas,Hombres,% población en edad de trabajar,Anual,78.797306468
2017,Caldas,Hombres,% población en edad de trabajar,Anual,79.090888285
2018,Caldas,Hombres,% población en edad de trabajar,Anual,79.266204546
2019,Caldas,Hombres,% población en edad de trabajar,Anual,79.373805216
2020,Caldas,Hombres,% población en edad de trabajar,Anual,79.475822086
2021,Caldas,Hombres,% población en edad de trabajar,Anual,79.607381474
2022,Caldas,Hombres,% población en edad de trabajar,Anual,79.729155027
2023,Caldas,Hombres,% población en edad de trabajar,Anual,79.852042567
2024,Caldas,Hombres,% población en edad de trabajar,Anual,80.130360058
2025,Caldas,Hombres,% población en edad de trabajar,Anual,80.306212833
2007,Caldas,Hombres,Tasa Global de Participación (TGP),Anual,76.06141245
2008,Caldas,Hombres,Tasa Global de Participación (TGP),Anual,76.27312538
2009,Caldas,Hombres,Tasa Global de Participación (TGP),Anual,76.631146842
2010,Caldas,Hombres,Tasa Global de Participación (TGP),Anual,77.346650295
2011,Caldas,Hombres,Tasa Global de Participación (TGP),Anual,75.501222597
2012,Caldas,Hombres,Tasa Global de Participación (TGP),Anual,75.443165043
2013,Caldas,Hombres,Tasa Global de Participación (TGP),Anual,74.673774188
2014,Caldas,Hombres,Tasa Global de Participación (TGP),Anual,75.227990913
2015,Caldas,Hombres,Tasa Global de Participación (TGP),Anual,78.638354629
2016,Caldas,Hombres,Tasa Global de Participación (TGP),Anual,77.503121753
2017,Caldas,Hombres,Tasa Global de Participación (TGP),Anual,77.028555313
2018,Caldas,Hombres,Tasa Global de Participación (TGP),Anual,77.653160493
2019,Caldas,Hombres,Tasa Global de Participación (TGP),Anual,77.506254957
2020,Caldas,Hombres,Tasa Global de Participación (TGP),Anual,75.580707917
2021,Caldas,Hombres,Tasa Global de Participación (TGP),Anual,73.567777011
2022,Caldas,Hombres,Tasa Global de Participación (TGP),Anual,73.310972654
2023,Caldas,Hombres,Tasa Global de Participación (TGP),Anual,73.786613077
2024,Caldas,Hombres,Tasa Global de Participación (TGP),Anual,72.750597253
2025,Caldas,Hombres,Tasa Global de Participación (TGP),Anual,73.722062392
2007,Caldas,Hombres,Tasa de Ocupación (TO),Anual,69.285260821
2008,Caldas,Hombres,Tasa de Ocupación (TO),Anual,68.905259898
2009,Caldas,Hombres,Tasa de Ocupación (TO),Anual,68.293695472
2010,Caldas,Hombres,Tasa de Ocupación (TO),Anual,68.269520021
2011,Caldas,Hombres,Tasa de Ocupación (TO),Anual,67.769689428
2012,Caldas,Hombres,Tasa de Ocupación (TO),Anual,68.805329867
2013,Caldas,Hombres,Tasa de Ocupación (TO),Anual,69.271368536
2014,Caldas,Hombres,Tasa de Ocupación (TO),Anual,70.012880334
2015,Caldas,Hombres,Tasa de Ocupación (TO),Anual,73.461068388
2016,Caldas,Hombres,Tasa de Ocupación (TO),Anual,71.323527292
2017,Caldas,Hombres,Tasa de Ocupación (TO),Anual,71.59654562
2018,Caldas,Hombres,Tasa de Ocupación (TO),Anual,71.825528598
2019,Caldas,Hombres,Tasa de Ocupación (TO),Anual,70.537696505
2020,Caldas,Hombres,Tasa de Ocupación (TO),Anual,66.165126287
2021,Caldas,Hombres,Tasa de Ocupación (TO),Anual,66.443074673
2022,Caldas,Hombres,Tasa de Ocupación (TO),Anual,67.537619478
2023,Caldas,Hombres,Tasa de Ocupación (TO),Anual,67.392411208
2024,Caldas,Hombres,Tasa de Ocupación (TO),Anual,66.866743553
2025,Caldas,Hombres,Tasa de Ocupación (TO),Anual,68.003534598
2007,Caldas,Hombres,Tasa de Desocupación (TD),Anual,8.908790162
2008,Caldas,Hombres,Tasa de Desocupación (TD),Anual,9.65984473
2009,Caldas,Hombres,Tasa de Desocupación (TD),Anual,10.879977284
2010,Caldas,Hombres,Tasa de Desocupación (TD),Anual,11.735647554
2011,Caldas,Hombres,Tasa de Desocupación (TD),Anual,10.24027546
2012,Caldas,Hombres,Tasa de Desocupación (TD),Anual,8.798457981
2013,Caldas,Hombres,Tasa de Desocupación (TD),Anual,7.234676043
2014,Caldas,Hombres,Tasa de Desocupación (TD),Anual,6.932407094
2015,Caldas,Hombres,Tasa de Desocupación (TD),Anual,6.583665523
2016,Caldas,Hombres,Tasa de Desocupación (TD),Anual,7.9733491
2017,Caldas,Hombres,Tasa de Desocupación (TD),Anual,7.051942842
2018,Caldas,Hombres,Tasa de Desocupación (TD),Anual,7.504693767
2019,Caldas,Hombres,Tasa de Desocupación (TD),Anual,8.990962673
2020,Caldas,Hombres,Tasa de Desocupación (TD),Anual,12.457652077
2021,Caldas,Hombres,Tasa de Desocupación (TD),Anual,9.684542101
2022,Caldas,Hombres,Tasa de Desocupación (TD),Anual,7.87515561
2023,Caldas,Hombres,Tasa de Desocupación (TD),Anual,8.665802105
2024,Caldas,Hombres,Tasa de Desocupación (TD),Anual,8.087705012
2025,Caldas,Hombres,Tasa de Desocupación (TD),Anual,7.756874413
2007,Caldas,Hombres,Tasa de Subocupación (TS),Anual,6.976597364
2008,Caldas,Hombres,Tasa de Subocupación (TS),Anual,7.089699014
2009,Caldas,Hombres,Tasa de Subocupación (TS),Anual,7.629739517
2010,Caldas,Hombres,Tasa de Subocupación (TS),Anual,8.786299093
2011,Caldas,Hombres,Tasa de Subocupación (TS),Anual,7.141110444
2012,Caldas,Hombres,Tasa de Subocupación (TS),Anual,4.74547073
2013,Caldas,Hombres,Tasa de Subocupación (TS),Anual,5.298670973
2014,Caldas,Hombres,Tasa de Subocupación (TS),Anual,5.776819749
2015,Caldas,Hombres,Tasa de Subocupación (TS),Anual,4.595743473
2016,Caldas,Hombres,Tasa de Subocupación (TS),Anual,4.233116868
2017,Caldas,Hombres,Tasa de Subocupación (TS),Anual,4.46816406
2018,Caldas,Hombres,Tasa de Subocupación (TS),Anual,4.80453819
2019,Caldas,Hombres,Tasa de Subocupación (TS),Anual,5.411011647
2020,Caldas,Hombres,Tasa de Subocupación (TS),Anual,0.0
2021,Caldas,Hombres,Tasa de Subocupación (TS),Anual,4.44189733
2022,Caldas,Hombres,Tasa de Subocupación (TS),Anual,4.687540825
2023,Caldas,Hombres,Tasa de Subocupación (TS),Anual,3.991370172
2024,Caldas,Hombres,Tasa de Subocupación (TS),Anual,2.560267421
2025,Caldas,Hombres,Tasa de Subocupación (TS),Anual,4.74416349
2007,Caldas,Hombres,Población total,Anual,482.58
2008,Caldas,Hombres,Población total,Anual,481.15
2009,Caldas,Hombres,Población total,Anual,479.903
2010,Caldas,Hombres,Población total,Anual,479.007
2011,Caldas,Hombres,Población total,Anual,478.435
2012,Caldas,Hombres,Población total,Anual,478.0
2013,Caldas,Hombres,Población total,Anual,477.626
2014,Caldas,Hombres,Población total,Anual,477.509
2015,Caldas,Hombres,Población total,Anual,477.886
2016,Caldas,Hombres,Población total,Anual,478.925
2017,Caldas,Hombres,Población total,Anual,480.623
2018,Caldas,Hombres,Población total,Anual,483.568
2019,Caldas,Hombres,Población total,Anual,488.059
2020,Caldas,Hombres,Población total,Anual,492.619
2021,Caldas,Hombres,Población total,Anual,496.712
2022,Caldas,Hombres,Población total,Anual,500.846
2023,Caldas,Hombres,Población total,Anual,505.506
2024,Caldas,Hombres,Población total,Anual,510.036
2025,Caldas,Hombres,Población total,Anual,514.528
2007,Caldas,Hombres,Población en edad de trabajar (PET),Anual,358.808
2008,Caldas,Hombres,Población en edad de trabajar (PET),Anual,360.559
2009,Caldas,Hombres,Población en edad de trabajar (PET),Anual,362.41
2010,Caldas,Hombres,Población en edad de trabajar (PET),Anual,364.445
2011,Caldas,Hombres,Población en edad de trabajar (PET),Anual,366.588
2012,Caldas,Hombres,Población en edad de trabajar (PET),Anual,368.696
2013,Caldas,Hombres,Población en edad de trabajar (PET),Anual,370.692
2014,Caldas,Hombres,Población en edad de trabajar (PET),Anual,372.688
2015,Caldas,Hombres,Población en edad de trabajar (PET),Anual,374.884
2016,Caldas,Hombres,Población en edad de trabajar (PET),Anual,377.38
2017,Caldas,Hombres,Población en edad de trabajar (PET),Anual,380.129
2018,Caldas,Hombres,Población en edad de trabajar (PET),Anual,383.306
2019,Caldas,Hombres,Población en edad de trabajar (PET),Anual,387.391
2020,Caldas,Hombres,Población en edad de trabajar (PET),Anual,391.513
2021,Caldas,Hombres,Población en edad de trabajar (PET),Anual,395.419
2022,Caldas,Hombres,Población en edad de trabajar (PET),Anual,399.32
2023,Caldas,Hombres,Población en edad de trabajar (PET),Anual,403.657
2024,Caldas,Hombres,Población en edad de trabajar (PET),Anual,408.694
2025,Caldas,Hombres,Población en edad de trabajar (PET),Anual,413.198
2007,Caldas,Hombres,Fuerza de trabajo,Anual,272.91443300000003
2008,Caldas,Hombres,Fuerza de trabajo,Anual,275.009618
2009,Caldas,Hombres,Fuerza de trabajo,Anual,277.71893900000003
2010,Caldas,Hombres,Fuerza de trabajo,Anual,281.886
2011,Caldas,Hombres,Fuerza de trabajo,Anual,276.77842200000003
2012,Caldas,Hombres,Fuerza de trabajo,Anual,278.15593199999995
2013,Caldas,Hombres,Fuerza de trabajo,Anual,276.809707
2014,Caldas,Hombres,Fuerza de trabajo,Anual,280.365695
2015,Caldas,Hombres,Fuerza de trabajo,Anual,294.802609
2016,Caldas,Hombres,Fuerza de trabajo,Anual,292.481281
2017,Caldas,Hombres,Fuerza de trabajo,Anual,292.80787699999996
2018,Caldas,Hombres,Fuerza de trabajo,Anual,297.649223
2019,Caldas,Hombres,Fuerza de trabajo,Anual,300.252256
2020,Caldas,Hombres,Fuerza de trabajo,Anual,295.908297
2021,Caldas,Hombres,Fuerza de trabajo,Anual,290.901
2022,Caldas,Hombres,Fuerza de trabajo,Anual,292.746
2023,Caldas,Hombres,Fuerza de trabajo,Anual,297.845
2024,Caldas,Hombres,Fuerza de trabajo,Anual,297.327
2025,Caldas,Hombres,Fuerza de trabajo,Anual,304.618
2007,Caldas,Hombres,Población ocupada,Anual,248.60105900000002
2008,Caldas,Hombres,Población ocupada,Anual,248.444116
2009,Caldas,Hombres,Población ocupada,Anual,247.503182
2010,Caldas,Hombres,Población ocupada,Anual,248.804852
2011,Caldas,Hombres,Población ocupada,Anual,248.435549
2012,Caldas,Hombres,Población ocupada,Anual,253.682499
2013,Caldas,Hombres,Población ocupada,Anual,256.783421
2014,Caldas,Hombres,Población ocupada,Anual,260.929603
2015,Caldas,Hombres,Población ocupada,Anual,275.393792
2016,Caldas,Hombres,Población ocupada,Anual,269.160727
2017,Caldas,Hombres,Población ocupada,Anual,272.15923300000003
2018,Caldas,Hombres,Población ocupada,Anual,275.311561
2019,Caldas,Hombres,Población ocupada,Anual,273.256688
2020,Caldas,Hombres,Población ocupada,Anual,259.045071
2021,Caldas,Hombres,Población ocupada,Anual,262.729
2022,Caldas,Hombres,Población ocupada,Anual,269.692
2023,Caldas,Hombres,Población ocupada,Anual,272.034
2024,Caldas,Hombres,Población ocupada,Anual,273.28
2025,Caldas,Hombres,Población ocupada,Anual,280.989
2007,Caldas,Hombres,Población desocupada,Anual,24.313374
2008,Caldas,Hombres,Población desocupada,Anual,26.565502000000002
2009,Caldas,Hombres,Población desocupada,Anual,30.215758
2010,Caldas,Hombres,Población desocupada,Anual,33.081146999999994
2011,Caldas,Hombres,Población desocupada,Anual,28.342873
2012,Caldas,Hombres,Población desocupada,Anual,24.473433
2013,Caldas,Hombres,Población desocupada,Anual,20.026286
2014,Caldas,Hombres,Población desocupada,Anual,19.436091
2015,Caldas,Hombres,Población desocupada,Anual,19.408818
2016,Caldas,Hombres,Población desocupada,Anual,23.320554
2017,Caldas,Hombres,Población desocupada,Anual,20.648644
2018,Caldas,Hombres,Población desocupada,Anual,22.337663
2019,Caldas,Hombres,Población desocupada,Anual,26.995568
2020,Caldas,Hombres,Población desocupada,Anual,36.863226000000004
2021,Caldas,Hombres,Población desocupada,Anual,28.172
2022,Caldas,Hombres,Población desocupada,Anual,23.054
2023,Caldas,Hombres,Población desocupada,Anual,25.811
2024,Caldas,Hombres,Población desocupada,Anual,24.047
2025,Caldas,Hombres,Población desocupada,Anual,23.629
2007,Caldas,Hombres,Población fuera de la fuerza de trabajo,Anual,85.89356699999999
2008,Caldas,Hombres,Población fuera de la fuerza de trabajo,Anual,85.549382
2009,Caldas,Hombres,Población fuera de la fuerza de trabajo,Anual,84.691061
2010,Caldas,Hombres,Población fuera de la fuerza de trabajo,Anual,82.559
2011,Caldas,Hombres,Población fuera de la fuerza de trabajo,Anual,89.80957799999999
2012,Caldas,Hombres,Población fuera de la fuerza de trabajo,Anual,90.540068
2013,Caldas,Hombres,Población fuera de la fuerza de trabajo,Anual,93.882293
2014,Caldas,Hombres,Población fuera de la fuerza de trabajo,Anual,92.322305
2015,Caldas,Hombres,Población fuera de la fuerza de trabajo,Anual,80.081391
2016,Caldas,Hombres,Población fuera de la fuerza de trabajo,Anual,84.898719
2017,Caldas,Hombres,Población fuera de la fuerza de trabajo,Anual,87.321123
2018,Caldas,Hombres,Población fuera de la fuerza de trabajo,Anual,85.656777
2019,Caldas,Hombres,Población fuera de la fuerza de trabajo,Anual,87.138744
2020,Caldas,Hombres,Población fuera de la fuerza de trabajo,Anual,95.604703
2021,Caldas,Hombres,Población fuera de la fuerza de trabajo,Anual,104.518
2022,Caldas,Hombres,Población fuera de la fuerza de trabajo,Anual,106.575
2023,Caldas,Hombres,Población fuera de la fuerza de trabajo,Anual,105.812
2024,Caldas,Hombres,Población fuera de la fuerza de trabajo,Anual,111.367
2025,Caldas,Hombres,Población fuera de la fuerza de trabajo,Anual,108.58
2007,Caldas,Hombres,Población subocupada,Anual,19.040141
2008,Caldas,Hombres,Población subocupada,Anual,19.497353999999998
2009,Caldas,Hombres,Población subocupada,Anual,21.189232
2010,Caldas,Hombres,Población subocupada,Anual,24.767347
2011,Caldas,Hombres,Población subocupada,Anual,19.765052999999998
2012,Caldas,Hombres,Población subocupada,Anual,13.199808
2013,Caldas,Hombres,Población subocupada,Anual,14.667236
2014,Caldas,Hombres,Población subocupada,Anual,16.196221
2015,Caldas,Hombres,Población subocupada,Anual,13.548371999999999
2016,Caldas,Hombres,Población subocupada,Anual,12.381074
2017,Caldas,Hombres,Población subocupada,Anual,13.083136
2018,Caldas,Hombres,Población subocupada,Anual,14.300671
2019,Caldas,Hombres,Población subocupada,Anual,16.246685
2020,Caldas,Hombres,Población subocupada,Anual,0.0
2021,Caldas,Hombres,Población subocupada,Anual,12.922
2022,Caldas,Hombres,Población subocupada,Anual,13.723
2023,Caldas,Hombres,Población subocupada,Anual,11.888
2024,Caldas,Hombres,Población subocupada,Anual,7.612
2025,Caldas,Hombres,Población subocupada,Anual,14.452
2007,Caldas,Hombres,Fuerza de trabajo potencial,Anual,0.0
2008,Caldas,Hombres,Fuerza de trabajo potencial,Anual,0.0
2009,Caldas,Hombres,Fuerza de trabajo potencial,Anual,0.0
2010,Caldas,Hombres,Fuerza de trabajo potencial,Anual,0.0
2011,Caldas,Hombres,Fuerza de trabajo potencial,Anual,0.0
2012,Caldas,Hombres,Fuerza de trabajo potencial,Anual,0.0
2013,Caldas,Hombres,Fuerza de trabajo potencial,Anual,0.0
2014,Caldas,Hombres,Fuerza de trabajo potencial,Anual,0.0
2015,Caldas,Hombres,Fuerza de trabajo potencial,Anual,0.0
2016,Caldas,Hombres,Fuerza de trabajo potencial,Anual,0.0
2017,Caldas,Hombres,Fuerza de trabajo potencial,Anual,0.0
2018,Caldas,Hombres,Fuerza de trabajo potencial,Anual,0.0
2019,Caldas,Hombres,Fuerza de trabajo potencial,Anual,0.0
2020,Caldas,Hombres,Fuerza de trabajo potencial,Anual,0.0
2021,Caldas,Hombres,Fuerza de trabajo potencial,Anual,5.917
2022,Caldas,Hombres,Fuerza de trabajo potencial,Anual,7.414
2023,Caldas,Hombres,Fuerza de trabajo potencial,Anual,9.897
2024,Caldas,Hombres,Fuerza de trabajo potencial,Anual,10.23
2025,Caldas,Hombres,Fuerza de trabajo potencial,Anual,10.889
2007,Caquetá,Hombres,% población en edad de trabajar,Anual,64.327446689
2008,Caquetá,Hombres,% población en edad de trabajar,Anual,64.680696001
2009,Caquetá,Hombres,% población en edad de trabajar,Anual,65.035472063
2010,Caquetá,Hombres,% población en edad de trabajar,Anual,65.395793039
2011,Caquetá,Hombres,% población en edad de trabajar,Anual,65.761986472
2012,Caquetá,Hombres,% población en edad de trabajar,Anual,66.137999911
2013,Caquetá,Hombres,% población en edad de trabajar,Anual,66.543016051
2014,Caquetá,Hombres,% población en edad de trabajar,Anual,66.961683969
2015,Caquetá,Hombres,% población en edad de trabajar,Anual,67.393939394
2016,Caquetá,Hombres,% población en edad de trabajar,Anual,67.839756892
2017,Caquetá,Hombres,% población en edad de trabajar,Anual,68.276447748
2018,Caquetá,Hombres,% población en edad de trabajar,Anual,68.803152466
2019,Caquetá,Hombres,% población en edad de trabajar,Anual,69.22863485
2020,Caquetá,Hombres,% población en edad de trabajar,Anual,69.65125874
2021,Caquetá,Hombres,% población en edad de trabajar,Anual,70.073973212
2022,Caquetá,Hombres,% población en edad de trabajar,Anual,70.479011729
2023,Caquetá,Hombres,% población en edad de trabajar,Anual,70.873528766
2024,Caquetá,Hombres,% población en edad de trabajar,Anual,71.505782731
2025,Caquetá,Hombres,% población en edad de trabajar,Anual,71.949898895
2007,Caquetá,Hombres,Tasa Global de Participación (TGP),Anual,80.013428293
2008,Caquetá,Hombres,Tasa Global de Participación (TGP),Anual,79.64302673
2009,Caquetá,Hombres,Tasa Global de Participación (TGP),Anual,79.476027784
2010,Caquetá,Hombres,Tasa Global de Participación (TGP),Anual,79.82556522
2011,Caquetá,Hombres,Tasa Global de Participación (TGP),Anual,80.622667313
2012,Caquetá,Hombres,Tasa Global de Participación (TGP),Anual,79.783613378
2013,Caquetá,Hombres,Tasa Global de Participación (TGP),Anual,79.649781509
2014,Caquetá,Hombres,Tasa Global de Participación (TGP),Anual,79.67633516
2015,Caquetá,Hombres,Tasa Global de Participación (TGP),Anual,80.56115837
2016,Caquetá,Hombres,Tasa Global de Participación (TGP),Anual,83.268793685
2017,Caquetá,Hombres,Tasa Global de Participación (TGP),Anual,81.571493995
2018,Caquetá,Hombres,Tasa Global de Participación (TGP),Anual,82.064612164
2019,Caquetá,Hombres,Tasa Global de Participación (TGP),Anual,78.97909713
2020,Caquetá,Hombres,Tasa Global de Participación (TGP),Anual,79.017497141
2021,Caquetá,Hombres,Tasa Global de Participación (TGP),Anual,76.753214598
2022,Caquetá,Hombres,Tasa Global de Participación (TGP),Anual,78.95504292
2023,Caquetá,Hombres,Tasa Global de Participación (TGP),Anual,79.290734866
2024,Caquetá,Hombres,Tasa Global de Participación (TGP),Anual,78.444110947
2025,Caquetá,Hombres,Tasa Global de Participación (TGP),Anual,75.92619521
2007,Caquetá,Hombres,Tasa de Ocupación (TO),Anual,73.311208598
2008,Caquetá,Hombres,Tasa de Ocupación (TO),Anual,72.02323547
2009,Caquetá,Hombres,Tasa de Ocupación (TO),Anual,71.404015939
2010,Caquetá,Hombres,Tasa de Ocupación (TO),Anual,71.845548019
2011,Caquetá,Hombres,Tasa de Ocupación (TO),Anual,73.806224309
2012,Caquetá,Hombres,Tasa de Ocupación (TO),Anual,73.431507193
2013,Caquetá,Hombres,Tasa de Ocupación (TO),Anual,73.976540146
2014,Caquetá,Hombres,Tasa de Ocupación (TO),Anual,74.718156458
2015,Caquetá,Hombres,Tasa de Ocupación (TO),Anual,75.776363304
2016,Caquetá,Hombres,Tasa de Ocupación (TO),Anual,78.608135256
2017,Caquetá,Hombres,Tasa de Ocupación (TO),Anual,76.547760081
2018,Caquetá,Hombres,Tasa de Ocupación (TO),Anual,76.473145201
2019,Caquetá,Hombres,Tasa de Ocupación (TO),Anual,71.929432127
2020,Caquetá,Hombres,Tasa de Ocupación (TO),Anual,67.310400029
2021,Caquetá,Hombres,Tasa de Ocupación (TO),Anual,69.167385364
2022,Caquetá,Hombres,Tasa de Ocupación (TO),Anual,71.981870806
2023,Caquetá,Hombres,Tasa de Ocupación (TO),Anual,73.14992862
2024,Caquetá,Hombres,Tasa de Ocupación (TO),Anual,69.829683707
2025,Caquetá,Hombres,Tasa de Ocupación (TO),Anual,70.79344086
2007,Caquetá,Hombres,Tasa de Desocupación (TD),Anual,8.376368614
2008,Caquetá,Hombres,Tasa de Desocupación (TD),Anual,9.567430537
2009,Caquetá,Hombres,Tasa de Desocupación (TD),Anual,10.156536593
2010,Caquetá,Hombres,Tasa de Desocupación (TD),Anual,9.996818914
2011,Caquetá,Hombres,Tasa de Desocupación (TD),Anual,8.454747567
2012,Caquetá,Hombres,Tasa de Desocupación (TD),Anual,7.961667712
2013,Caquetá,Hombres,Tasa de Desocupación (TD),Anual,7.122733114
2014,Caquetá,Hombres,Tasa de Desocupación (TD),Anual,6.222900051
2015,Caquetá,Hombres,Tasa de Desocupación (TD),Anual,5.939332506
2016,Caquetá,Hombres,Tasa de Desocupación (TD),Anual,5.597124952
2017,Caquetá,Hombres,Tasa de Desocupación (TD),Anual,6.158688124
2018,Caquetá,Hombres,Tasa de Desocupación (TD),Anual,6.813493436
2019,Caquetá,Hombres,Tasa de Desocupación (TD),Anual,8.925988343
2020,Caquetá,Hombres,Tasa de Desocupación (TD),Anual,14.815828817
2021,Caquetá,Hombres,Tasa de Desocupación (TD),Anual,9.883402635
2022,Caquetá,Hombres,Tasa de Desocupación (TD),Anual,8.831826132
2023,Caquetá,Hombres,Tasa de Desocupación (TD),Anual,7.744670618
2024,Caquetá,Hombres,Tasa de Desocupación (TD),Anual,10.981611157
2025,Caquetá,Hombres,Tasa de Desocupación (TD),Anual,6.76018907
2007,Caquetá,Hombres,Tasa de Subocupación (TS),Anual,7.344939475
2008,Caquetá,Hombres,Tasa de Subocupación (TS),Anual,4.688622651
2009,Caquetá,Hombres,Tasa de Subocupación (TS),Anual,4.716486083
2010,Caquetá,Hombres,Tasa de Subocupación (TS),Anual,6.390507658
2011,Caquetá,Hombres,Tasa de Subocupación (TS),Anual,6.078522915
2012,Caquetá,Hombres,Tasa de Subocupación (TS),Anual,5.254899401
2013,Caquetá,Hombres,Tasa de Subocupación (TS),Anual,5.429681107
2014,Caquetá,Hombres,Tasa de Subocupación (TS),Anual,6.898951212
2015,Caquetá,Hombres,Tasa de Subocupación (TS),Anual,8.760853128
2016,Caquetá,Hombres,Tasa de Subocupación (TS),Anual,8.940762776
2017,Caquetá,Hombres,Tasa de Subocupación (TS),Anual,8.628781537
2018,Caquetá,Hombres,Tasa de Subocupación (TS),Anual,8.71151979
2019,Caquetá,Hombres,Tasa de Subocupación (TS),Anual,9.906985488
2020,Caquetá,Hombres,Tasa de Subocupación (TS),Anual,0.0
2021,Caquetá,Hombres,Tasa de Subocupación (TS),Anual,7.39053851
2022,Caquetá,Hombres,Tasa de Subocupación (TS),Anual,8.669811822
2023,Caquetá,Hombres,Tasa de Subocupación (TS),Anual,8.976024823
2024,Caquetá,Hombres,Tasa de Subocupación (TS),Anual,11.021880419
2025,Caquetá,Hombres,Tasa de Subocupación (TS),Anual,10.183766646
2007,Caquetá,Hombres,Población total,Anual,196.49
2008,Caquetá,Hombres,Población total,Anual,197.586
2009,Caquetá,Hombres,Población total,Anual,198.607
2010,Caquetá,Hombres,Población total,Anual,199.574
2011,Caquetá,Hombres,Población total,Anual,200.476
2012,Caquetá,Hombres,Población total,Anual,201.261
2013,Caquetá,Hombres,Población total,Anual,201.913
2014,Caquetá,Hombres,Población total,Anual,202.474
2015,Caquetá,Hombres,Población total,Anual,202.95
2016,Caquetá,Hombres,Población total,Anual,203.366
2017,Caquetá,Hombres,Población total,Anual,203.713
2018,Caquetá,Hombres,Población total,Anual,203.777
2019,Caquetá,Hombres,Población total,Anual,205.428
2020,Caquetá,Hombres,Población total,Anual,207.231
2021,Caquetá,Hombres,Población total,Anual,209.062
2022,Caquetá,Hombres,Población total,Anual,210.927
2023,Caquetá,Hombres,Población total,Anual,212.909
2024,Caquetá,Hombres,Población total,Anual,214.871
2025,Caquetá,Hombres,Población total,Anual,216.855
2007,Caquetá,Hombres,Población en edad de trabajar (PET),Anual,126.397
2008,Caquetá,Hombres,Población en edad de trabajar (PET),Anual,127.8
2009,Caquetá,Hombres,Población en edad de trabajar (PET),Anual,129.165
2010,Caquetá,Hombres,Población en edad de trabajar (PET),Anual,130.513
2011,Caquetá,Hombres,Población en edad de trabajar (PET),Anual,131.837
2012,Caquetá,Hombres,Población en edad de trabajar (PET),Anual,133.11
2013,Caquetá,Hombres,Población en edad de trabajar (PET),Anual,134.359
2014,Caquetá,Hombres,Población en edad de trabajar (PET),Anual,135.58
2015,Caquetá,Hombres,Población en edad de trabajar (PET),Anual,136.776
2016,Caquetá,Hombres,Población en edad de trabajar (PET),Anual,137.963
2017,Caquetá,Hombres,Población en edad de trabajar (PET),Anual,139.088
2018,Caquetá,Hombres,Población en edad de trabajar (PET),Anual,140.205
2019,Caquetá,Hombres,Población en edad de trabajar (PET),Anual,142.215
2020,Caquetá,Hombres,Población en edad de trabajar (PET),Anual,144.339
2021,Caquetá,Hombres,Población en edad de trabajar (PET),Anual,146.498
2022,Caquetá,Hombres,Población en edad de trabajar (PET),Anual,148.659
2023,Caquetá,Hombres,Población en edad de trabajar (PET),Anual,150.896
2024,Caquetá,Hombres,Población en edad de trabajar (PET),Anual,153.645
2025,Caquetá,Hombres,Población en edad de trabajar (PET),Anual,156.027
2007,Caquetá,Hombres,Fuerza de trabajo,Anual,101.134573
2008,Caquetá,Hombres,Fuerza de trabajo,Anual,101.783788
2009,Caquetá,Hombres,Fuerza de trabajo,Anual,102.655211
2010,Caquetá,Hombres,Fuerza de trabajo,Anual,104.18274000000001
2011,Caquetá,Hombres,Fuerza de trabajo,Anual,106.290506
2012,Caquetá,Hombres,Fuerza de trabajo,Anual,106.199968
2013,Caquetá,Hombres,Fuerza de trabajo,Anual,107.01665
2014,Caquetá,Hombres,Fuerza de trabajo,Anual,108.025175
2015,Caquetá,Hombres,Fuerza de trabajo,Anual,110.18833000000001
2016,Caquetá,Hombres,Fuerza de trabajo,Anual,114.880126
2017,Caquetá,Hombres,Fuerza de trabajo,Anual,113.45616
2018,Caquetá,Hombres,Fuerza de trabajo,Anual,115.058689
2019,Caquetá,Hombres,Fuerza de trabajo,Anual,112.32012300000001
2020,Caquetá,Hombres,Fuerza de trabajo,Anual,114.053065
2021,Caquetá,Hombres,Fuerza de trabajo,Anual,112.442
2022,Caquetá,Hombres,Fuerza de trabajo,Anual,117.374
2023,Caquetá,Hombres,Fuerza de trabajo,Anual,119.647
2024,Caquetá,Hombres,Fuerza de trabajo,Anual,120.526
2025,Caquetá,Hombres,Fuerza de trabajo,Anual,118.465
2007,Caquetá,Hombres,Población ocupada,Anual,92.663168
2008,Caquetá,Hombres,Población ocupada,Anual,92.04569500000001
2009,Caquetá,Hombres,Población ocupada,Anual,92.228997
2010,Caquetá,Hombres,Población ocupada,Anual,93.76778
2011,Caquetá,Hombres,Población ocupada,Anual,97.303912
2012,Caquetá,Hombres,Población ocupada,Anual,97.744679
2013,Caquetá,Hombres,Población ocupada,Anual,99.39414
2014,Caquetá,Hombres,Población ocupada,Anual,101.302877
2015,Caquetá,Hombres,Población ocupada,Anual,103.643879
2016,Caquetá,Hombres,Población ocupada,Anual,108.45014200000001
2017,Caquetá,Hombres,Población ocupada,Anual,106.468749
2018,Caquetá,Hombres,Población ocupada,Anual,107.219173
2019,Caquetá,Hombres,Población ocupada,Anual,102.29444199999999
2020,Caquetá,Hombres,Población ocupada,Anual,97.155158
2021,Caquetá,Hombres,Población ocupada,Anual,101.329
2022,Caquetá,Hombres,Población ocupada,Anual,107.008
2023,Caquetá,Hombres,Población ocupada,Anual,110.381
2024,Caquetá,Hombres,Población ocupada,Anual,107.29
2025,Caquetá,Hombres,Población ocupada,Anual,110.457
2007,Caquetá,Hombres,Población desocupada,Anual,8.471405
2008,Caquetá,Hombres,Población desocupada,Anual,9.738093000000001
2009,Caquetá,Hombres,Población desocupada,Anual,10.426214
2010,Caquetá,Hombres,Población desocupada,Anual,10.414959999999999
2011,Caquetá,Hombres,Población desocupada,Anual,8.986593999999998
2012,Caquetá,Hombres,Población desocupada,Anual,8.455289
2013,Caquetá,Hombres,Población desocupada,Anual,7.62251
2014,Caquetá,Hombres,Población desocupada,Anual,6.722299
2015,Caquetá,Hombres,Población desocupada,Anual,6.5444510000000005
2016,Caquetá,Hombres,Población desocupada,Anual,6.429984
2017,Caquetá,Hombres,Población desocupada,Anual,6.987411
2018,Caquetá,Hombres,Población desocupada,Anual,7.839516
2019,Caquetá,Hombres,Población desocupada,Anual,10.025681
2020,Caquetá,Hombres,Población desocupada,Anual,16.897907
2021,Caquetá,Hombres,Población desocupada,Anual,11.113
2022,Caquetá,Hombres,Población desocupada,Anual,10.366
2023,Caquetá,Hombres,Población desocupada,Anual,9.266
2024,Caquetá,Hombres,Población desocupada,Anual,13.236
2025,Caquetá,Hombres,Población desocupada,Anual,8.008
2007,Caquetá,Hombres,Población fuera de la fuerza de trabajo,Anual,25.262427
2008,Caquetá,Hombres,Población fuera de la fuerza de trabajo,Anual,26.016212
2009,Caquetá,Hombres,Población fuera de la fuerza de trabajo,Anual,26.509789
2010,Caquetá,Hombres,Población fuera de la fuerza de trabajo,Anual,26.33026
2011,Caquetá,Hombres,Población fuera de la fuerza de trabajo,Anual,25.546494
2012,Caquetá,Hombres,Población fuera de la fuerza de trabajo,Anual,26.910031999999998
2013,Caquetá,Hombres,Población fuera de la fuerza de trabajo,Anual,27.34235
2014,Caquetá,Hombres,Población fuera de la fuerza de trabajo,Anual,27.554825
2015,Caquetá,Hombres,Población fuera de la fuerza de trabajo,Anual,26.58767
2016,Caquetá,Hombres,Población fuera de la fuerza de trabajo,Anual,23.082874
2017,Caquetá,Hombres,Población fuera de la fuerza de trabajo,Anual,25.63184
2018,Caquetá,Hombres,Población fuera de la fuerza de trabajo,Anual,25.146311
2019,Caquetá,Hombres,Población fuera de la fuerza de trabajo,Anual,29.894877
2020,Caquetá,Hombres,Población fuera de la fuerza de trabajo,Anual,30.285935000000002
2021,Caquetá,Hombres,Población fuera de la fuerza de trabajo,Anual,34.056
2022,Caquetá,Hombres,Población fuera de la fuerza de trabajo,Anual,31.285
2023,Caquetá,Hombres,Población fuera de la fuerza de trabajo,Anual,31.25
2024,Caquetá,Hombres,Población fuera de la fuerza de trabajo,Anual,33.12
2025,Caquetá,Hombres,Población fuera de la fuerza de trabajo,Anual,37.562
2007,Caquetá,Hombres,Población subocupada,Anual,7.428273
2008,Caquetá,Hombres,Población subocupada,Anual,4.772258
2009,Caquetá,Hombres,Población subocupada,Anual,4.841719
2010,Caquetá,Hombres,Población subocupada,Anual,6.657806
2011,Caquetá,Hombres,Población subocupada,Anual,6.460893
2012,Caquetá,Hombres,Población subocupada,Anual,5.580701
2013,Caquetá,Hombres,Población subocupada,Anual,5.810663
2014,Caquetá,Hombres,Población subocupada,Anual,7.452604
2015,Caquetá,Hombres,Población subocupada,Anual,9.653438
2016,Caquetá,Hombres,Población subocupada,Anual,10.27116
2017,Caquetá,Hombres,Población subocupada,Anual,9.789884
2018,Caquetá,Hombres,Población subocupada,Anual,10.023361000000001
2019,Caquetá,Hombres,Población subocupada,Anual,11.127538000000001
2020,Caquetá,Hombres,Población subocupada,Anual,0.0
2021,Caquetá,Hombres,Población subocupada,Anual,8.31
2022,Caquetá,Hombres,Población subocupada,Anual,10.176
2023,Caquetá,Hombres,Población subocupada,Anual,10.74
2024,Caquetá,Hombres,Población subocupada,Anual,13.284
2025,Caquetá,Hombres,Población subocupada,Anual,12.064
2007,Caquetá,Hombres,Fuerza de trabajo potencial,Anual,0.0
2008,Caquetá,Hombres,Fuerza de trabajo potencial,Anual,0.0
2009,Caquetá,Hombres,Fuerza de trabajo potencial,Anual,0.0
2010,Caquetá,Hombres,Fuerza de trabajo potencial,Anual,0.0
2011,Caquetá,Hombres,Fuerza de trabajo potencial,Anual,0.0
2012,Caquetá,Hombres,Fuerza de trabajo potencial,Anual,0.0
2013,Caquetá,Hombres,Fuerza de trabajo potencial,Anual,0.0
2014,Caquetá,Hombres,Fuerza de trabajo potencial,Anual,0.0
2015,Caquetá,Hombres,Fuerza de trabajo potencial,Anual,0.0
2016,Caquetá,Hombres,Fuerza de trabajo potencial,Anual,0.0
2017,Caquetá,Hombres,Fuerza de trabajo potencial,Anual,0.0
2018,Caquetá,Hombres,Fuerza de trabajo potencial,Anual,0.0
2019,Caquetá,Hombres,Fuerza de trabajo potencial,Anual,0.0
2020,Caquetá,Hombres,Fuerza de trabajo potencial,Anual,0.0
2021,Caquetá,Hombres,Fuerza de trabajo potencial,Anual,1.744
2022,Caquetá,Hombres,Fuerza de trabajo potencial,Anual,2.573
2023,Caquetá,Hombres,Fuerza de trabajo potencial,Anual,3.072
2024,Caquetá,Hombres,Fuerza de trabajo potencial,Anual,3.924
2025,Caquetá,Hombres,Fuerza de trabajo potencial,Anual,2.468
2007,Cauca,Hombres,% población en edad de trabajar,Anual,68.572615624
2008,Cauca,Hombres,% población en edad de trabajar,Anual,68.953519087
2009,Cauca,Hombres,% población en edad de trabajar,Anual,69.490700253
2010,Cauca,Hombres,% población en edad de trabajar,Anual,70.040090743
2011,Cauca,Hombres,% población en edad de trabajar,Anual,70.600417738
2012,Cauca,Hombres,% población en edad de trabajar,Anual,71.164749102
2013,Cauca,Hombres,% población en edad de trabajar,Anual,71.727270362
2014,Cauca,Hombres,% población en edad de trabajar,Anual,72.274883214
2015,Cauca,Hombres,% población en edad de trabajar,Anual,72.802620914
2016,Cauca,Hombres,% población en edad de trabajar,Anual,73.301729315
2017,Cauca,Hombres,% población en edad de trabajar,Anual,73.755501039
2018,Cauca,Hombres,% población en edad de trabajar,Anual,74.157585421
2019,Cauca,Hombres,% población en edad de trabajar,Anual,74.520279766
2020,Cauca,Hombres,% población en edad de trabajar,Anual,74.851699625
2021,Cauca,Hombres,% población en edad de trabajar,Anual,75.174534893
2022,Cauca,Hombres,% población en edad de trabajar,Anual,75.464685836
2023,Cauca,Hombres,% población en edad de trabajar,Anual,75.741920696
2024,Cauca,Hombres,% población en edad de trabajar,Anual,75.888912063
2025,Cauca,Hombres,% población en edad de trabajar,Anual,76.123130702
2007,Cauca,Hombres,Tasa Global de Participación (TGP),Anual,80.683805183
2008,Cauca,Hombres,Tasa Global de Participación (TGP),Anual,79.223543275
2009,Cauca,Hombres,Tasa Global de Participación (TGP),Anual,80.635155575
2010,Cauca,Hombres,Tasa Global de Participación (TGP),Anual,80.96654517
2011,Cauca,Hombres,Tasa Global de Participación (TGP),Anual,80.971818793
2012,Cauca,Hombres,Tasa Global de Participación (TGP),Anual,79.430559025
2013,Cauca,Hombres,Tasa Global de Participación (TGP),Anual,78.162456033
2014,Cauca,Hombres,Tasa Global de Participación (TGP),Anual,79.354577555
2015,Cauca,Hombres,Tasa Global de Participación (TGP),Anual,79.934636749
2016,Cauca,Hombres,Tasa Global de Participación (TGP),Anual,78.91438698
2017,Cauca,Hombres,Tasa Global de Participación (TGP),Anual,79.757413673
2018,Cauca,Hombres,Tasa Global de Participación (TGP),Anual,80.529930803
2019,Cauca,Hombres,Tasa Global de Participación (TGP),Anual,77.9009857
2020,Cauca,Hombres,Tasa Global de Participación (TGP),Anual,74.105469246
2021,Cauca,Hombres,Tasa Global de Participación (TGP),Anual,79.26098023
2022,Cauca,Hombres,Tasa Global de Participación (TGP),Anual,80.657266373
2023,Cauca,Hombres,Tasa Global de Participación (TGP),Anual,80.238890229
2024,Cauca,Hombres,Tasa Global de Participación (TGP),Anual,81.851487208
2025,Cauca,Hombres,Tasa Global de Participación (TGP),Anual,81.232444914
2007,Cauca,Hombres,Tasa de Ocupación (TO),Anual,75.402475485
2008,Cauca,Hombres,Tasa de Ocupación (TO),Anual,74.006068399
2009,Cauca,Hombres,Tasa de Ocupación (TO),Anual,74.943021605
2010,Cauca,Hombres,Tasa de Ocupación (TO),Anual,75.314881643
2011,Cauca,Hombres,Tasa de Ocupación (TO),Anual,75.03816161
2012,Cauca,Hombres,Tasa de Ocupación (TO),Anual,73.773564656
2013,Cauca,Hombres,Tasa de Ocupación (TO),Anual,72.606576399
2014,Cauca,Hombres,Tasa de Ocupación (TO),Anual,74.342795751
2015,Cauca,Hombres,Tasa de Ocupación (TO),Anual,75.496363489
2016,Cauca,Hombres,Tasa de Ocupación (TO),Anual,75.091768499
2017,Cauca,Hombres,Tasa de Ocupación (TO),Anual,76.500865276
2018,Cauca,Hombres,Tasa de Ocupación (TO),Anual,76.941174649
2019,Cauca,Hombres,Tasa de Ocupación (TO),Anual,73.036878375
2020,Cauca,Hombres,Tasa de Ocupación (TO),Anual,67.78832312
2021,Cauca,Hombres,Tasa de Ocupación (TO),Anual,72.060943028
2022,Cauca,Hombres,Tasa de Ocupación (TO),Anual,76.248687813
2023,Cauca,Hombres,Tasa de Ocupación (TO),Anual,76.872464102
2024,Cauca,Hombres,Tasa de Ocupación (TO),Anual,78.09371266
2025,Cauca,Hombres,Tasa de Ocupación (TO),Anual,77.932761324
2007,Cauca,Hombres,Tasa de Desocupación (TD),Anual,6.545712223
2008,Cauca,Hombres,Tasa de Desocupación (TD),Anual,6.585763096
2009,Cauca,Hombres,Tasa de Desocupación (TD),Anual,7.059121954
2010,Cauca,Hombres,Tasa de Desocupación (TD),Anual,6.980245379
2011,Cauca,Hombres,Tasa de Desocupación (TD),Anual,7.328052243
2012,Cauca,Hombres,Tasa de Desocupación (TD),Anual,7.121936996
2013,Cauca,Hombres,Tasa de Desocupación (TD),Anual,7.108118035
2014,Cauca,Hombres,Tasa de Desocupación (TD),Anual,6.315680782
2015,Cauca,Hombres,Tasa de Desocupación (TD),Anual,5.552378094
2016,Cauca,Hombres,Tasa de Desocupación (TD),Anual,4.844007064
2017,Cauca,Hombres,Tasa de Desocupación (TD),Anual,4.083066698
2018,Cauca,Hombres,Tasa de Desocupación (TD),Anual,4.456425229
2019,Cauca,Hombres,Tasa de Desocupación (TD),Anual,6.243961204
2020,Cauca,Hombres,Tasa de Desocupación (TD),Anual,8.524534277
2021,Cauca,Hombres,Tasa de Desocupación (TD),Anual,9.083961845
2022,Cauca,Hombres,Tasa de Desocupación (TD),Anual,5.465816978
2023,Cauca,Hombres,Tasa de Desocupación (TD),Anual,4.195504346
2024,Cauca,Hombres,Tasa de Desocupación (TD),Anual,4.590966733
2025,Cauca,Hombres,Tasa de Desocupación (TD),Anual,4.062026685
2007,Cauca,Hombres,Tasa de Subocupación (TS),Anual,7.38262407
2008,Cauca,Hombres,Tasa de Subocupación (TS),Anual,11.669780635
2009,Cauca,Hombres,Tasa de Subocupación (TS),Anual,11.86676772
2010,Cauca,Hombres,Tasa de Subocupación (TS),Anual,11.030715816
2011,Cauca,Hombres,Tasa de Subocupación (TS),Anual,11.931853119
2012,Cauca,Hombres,Tasa de Subocupación (TS),Anual,13.235214246
2013,Cauca,Hombres,Tasa de Subocupación (TS),Anual,15.942012501
2014,Cauca,Hombres,Tasa de Subocupación (TS),Anual,18.197836732
2015,Cauca,Hombres,Tasa de Subocupación (TS),Anual,18.292114621
2016,Cauca,Hombres,Tasa de Subocupación (TS),Anual,14.567132439
2017,Cauca,Hombres,Tasa de Subocupación (TS),Anual,12.465100099
2018,Cauca,Hombres,Tasa de Subocupación (TS),Anual,15.696688923
2019,Cauca,Hombres,Tasa de Subocupación (TS),Anual,16.44033495
2020,Cauca,Hombres,Tasa de Subocupación (TS),Anual,0.0
2021,Cauca,Hombres,Tasa de Subocupación (TS),Anual,10.2480577
2022,Cauca,Hombres,Tasa de Subocupación (TS),Anual,12.026830371
2023,Cauca,Hombres,Tasa de Subocupación (TS),Anual,12.099196927
2024,Cauca,Hombres,Tasa de Subocupación (TS),Anual,13.259809467
2025,Cauca,Hombres,Tasa de Subocupación (TS),Anual,8.313686557
2007,Cauca,Hombres,Población total,Anual,640.241
2008,Cauca,Hombres,Población total,Anual,658.722
2009,Cauca,Hombres,Población total,Anual,665.502
2010,Cauca,Hombres,Población total,Anual,672.225
2011,Cauca,Hombres,Población total,Anual,678.894
2012,Cauca,Hombres,Población total,Anual,685.418
2013,Cauca,Hombres,Población total,Anual,691.762
2014,Cauca,Hombres,Población total,Anual,698.071
2015,Cauca,Hombres,Población total,Anual,704.487
2016,Cauca,Hombres,Población total,Anual,711.091
2017,Cauca,Hombres,Población total,Anual,717.819
2018,Cauca,Hombres,Población total,Anual,725.029
2019,Cauca,Hombres,Población total,Anual,731.468
2020,Cauca,Hombres,Población total,Anual,737.692
2021,Cauca,Hombres,Población total,Anual,743.19
2022,Cauca,Hombres,Población total,Anual,748.62
2023,Cauca,Hombres,Población total,Anual,754.056
2024,Cauca,Hombres,Población total,Anual,759.554
2025,Cauca,Hombres,Población total,Anual,765.043
2007,Cauca,Hombres,Población en edad de trabajar (PET),Anual,439.03
2008,Cauca,Hombres,Población en edad de trabajar (PET),Anual,454.212
2009,Cauca,Hombres,Población en edad de trabajar (PET),Anual,462.462
2010,Cauca,Hombres,Población en edad de trabajar (PET),Anual,470.827
2011,Cauca,Hombres,Población en edad de trabajar (PET),Anual,479.302
2012,Cauca,Hombres,Población en edad de trabajar (PET),Anual,487.776
2013,Cauca,Hombres,Población en edad de trabajar (PET),Anual,496.182
2014,Cauca,Hombres,Población en edad de trabajar (PET),Anual,504.53
2015,Cauca,Hombres,Población en edad de trabajar (PET),Anual,512.885
2016,Cauca,Hombres,Población en edad de trabajar (PET),Anual,521.242
2017,Cauca,Hombres,Población en edad de trabajar (PET),Anual,529.431
2018,Cauca,Hombres,Población en edad de trabajar (PET),Anual,537.664
2019,Cauca,Hombres,Población en edad de trabajar (PET),Anual,545.092
2020,Cauca,Hombres,Población en edad de trabajar (PET),Anual,552.175
2021,Cauca,Hombres,Población en edad de trabajar (PET),Anual,558.689
2022,Cauca,Hombres,Población en edad de trabajar (PET),Anual,564.943
2023,Cauca,Hombres,Población en edad de trabajar (PET),Anual,571.137
2024,Cauca,Hombres,Población en edad de trabajar (PET),Anual,576.418
2025,Cauca,Hombres,Población en edad de trabajar (PET),Anual,582.375
2007,Cauca,Hombres,Fuerza de trabajo,Anual,354.22611
2008,Cauca,Hombres,Fuerza de trabajo,Anual,359.84284
2009,Cauca,Hombres,Fuerza de trabajo,Anual,372.906953
2010,Cauca,Hombres,Fuerza de trabajo,Anual,381.21235600000006
2011,Cauca,Hombres,Fuerza de trabajo,Anual,388.09954700000003
2012,Cauca,Hombres,Fuerza de trabajo,Anual,387.44320400000004
2013,Cauca,Hombres,Fuerza de trabajo,Anual,387.828038
2014,Cauca,Hombres,Fuerza de trabajo,Anual,400.36765
2015,Cauca,Hombres,Fuerza de trabajo,Anual,409.972762
2016,Cauca,Hombres,Fuerza de trabajo,Anual,411.334929
2017,Cauca,Hombres,Fuerza de trabajo,Anual,422.260473
2018,Cauca,Hombres,Fuerza de trabajo,Anual,432.98044699999997
2019,Cauca,Hombres,Fuerza de trabajo,Anual,424.632041
2020,Cauca,Hombres,Fuerza de trabajo,Anual,409.191875
2021,Cauca,Hombres,Fuerza de trabajo,Anual,442.823
2022,Cauca,Hombres,Fuerza de trabajo,Anual,455.668
2023,Cauca,Hombres,Fuerza de trabajo,Anual,458.274
2024,Cauca,Hombres,Fuerza de trabajo,Anual,471.806
2025,Cauca,Hombres,Fuerza de trabajo,Anual,473.077
2007,Cauca,Hombres,Población ocupada,Anual,331.039488
2008,Cauca,Hombres,Población ocupada,Anual,336.144443
2009,Cauca,Hombres,Población ocupada,Anual,346.582997
2010,Cauca,Hombres,Población ocupada,Anual,354.602798
2011,Cauca,Hombres,Población ocupada,Anual,359.659409
2012,Cauca,Hombres,Población ocupada,Anual,359.849743
2013,Cauca,Hombres,Población ocupada,Anual,360.260763
2014,Cauca,Hombres,Población ocupada,Anual,375.081707
2015,Cauca,Hombres,Población ocupada,Anual,387.209524
2016,Cauca,Hombres,Población ocupada,Anual,391.409836
2017,Cauca,Hombres,Población ocupada,Anual,405.019296
2018,Cauca,Hombres,Población ocupada,Anual,413.68499699999995
2019,Cauca,Hombres,Población ocupada,Anual,398.118181
2020,Cauca,Hombres,Población ocupada,Anual,374.310173
2021,Cauca,Hombres,Población ocupada,Anual,402.597
2022,Cauca,Hombres,Población ocupada,Anual,430.762
2023,Cauca,Hombres,Población ocupada,Anual,439.047
2024,Cauca,Hombres,Población ocupada,Anual,450.146
2025,Cauca,Hombres,Población ocupada,Anual,453.861
2007,Cauca,Hombres,Población desocupada,Anual,23.186622
2008,Cauca,Hombres,Población desocupada,Anual,23.698397
2009,Cauca,Hombres,Población desocupada,Anual,26.323957
2010,Cauca,Hombres,Población desocupada,Anual,26.609558
2011,Cauca,Hombres,Población desocupada,Anual,28.440137999999997
2012,Cauca,Hombres,Población desocupada,Anual,27.593460999999998
2013,Cauca,Hombres,Población desocupada,Anual,27.567275000000002
2014,Cauca,Hombres,Población desocupada,Anual,25.285943
2015,Cauca,Hombres,Población desocupada,Anual,22.763238
2016,Cauca,Hombres,Población desocupada,Anual,19.925093
2017,Cauca,Hombres,Población desocupada,Anual,17.241177
2018,Cauca,Hombres,Población desocupada,Anual,19.295450000000002
2019,Cauca,Hombres,Población desocupada,Anual,26.51386
2020,Cauca,Hombres,Población desocupada,Anual,34.881702
2021,Cauca,Hombres,Población desocupada,Anual,40.226
2022,Cauca,Hombres,Población desocupada,Anual,24.906
2023,Cauca,Hombres,Población desocupada,Anual,19.227
2024,Cauca,Hombres,Población desocupada,Anual,21.66
2025,Cauca,Hombres,Población desocupada,Anual,19.217
2007,Cauca,Hombres,Población fuera de la fuerza de trabajo,Anual,84.80389
2008,Cauca,Hombres,Población fuera de la fuerza de trabajo,Anual,94.36916000000001
2009,Cauca,Hombres,Población fuera de la fuerza de trabajo,Anual,89.555047
2010,Cauca,Hombres,Población fuera de la fuerza de trabajo,Anual,89.614644
2011,Cauca,Hombres,Población fuera de la fuerza de trabajo,Anual,91.20245299999999
2012,Cauca,Hombres,Población fuera de la fuerza de trabajo,Anual,100.332796
2013,Cauca,Hombres,Población fuera de la fuerza de trabajo,Anual,108.353962
2014,Cauca,Hombres,Población fuera de la fuerza de trabajo,Anual,104.16235
2015,Cauca,Hombres,Población fuera de la fuerza de trabajo,Anual,102.912238
2016,Cauca,Hombres,Población fuera de la fuerza de trabajo,Anual,109.907071
2017,Cauca,Hombres,Población fuera de la fuerza de trabajo,Anual,107.170527
2018,Cauca,Hombres,Población fuera de la fuerza de trabajo,Anual,104.683553
2019,Cauca,Hombres,Población fuera de la fuerza de trabajo,Anual,120.459959
2020,Cauca,Hombres,Población fuera de la fuerza de trabajo,Anual,142.983125
2021,Cauca,Hombres,Población fuera de la fuerza de trabajo,Anual,115.867
2022,Cauca,Hombres,Población fuera de la fuerza de trabajo,Anual,109.276
2023,Cauca,Hombres,Población fuera de la fuerza de trabajo,Anual,112.863
2024,Cauca,Hombres,Población fuera de la fuerza de trabajo,Anual,104.611
2025,Cauca,Hombres,Población fuera de la fuerza de trabajo,Anual,109.298
2007,Cauca,Hombres,Población subocupada,Anual,26.151182000000002
2008,Cauca,Hombres,Población subocupada,Anual,41.99287
2009,Cauca,Hombres,Población subocupada,Anual,44.252002
2010,Cauca,Hombres,Población subocupada,Anual,42.050452
2011,Cauca,Hombres,Población subocupada,Anual,46.307468
2012,Cauca,Hombres,Población subocupada,Anual,51.278938000000004
2013,Cauca,Hombres,Población subocupada,Anual,61.827594
2014,Cauca,Hombres,Población subocupada,Anual,72.85825100000001
2015,Cauca,Hombres,Población subocupada,Anual,74.992687
2016,Cauca,Hombres,Población subocupada,Anual,59.919703999999996
2017,Cauca,Hombres,Población subocupada,Anual,52.635191
2018,Cauca,Hombres,Población subocupada,Anual,67.963594
2019,Cauca,Hombres,Población subocupada,Anual,69.81093
2020,Cauca,Hombres,Población subocupada,Anual,0.0
2021,Cauca,Hombres,Población subocupada,Anual,45.381
2022,Cauca,Hombres,Población subocupada,Anual,54.802
2023,Cauca,Hombres,Población subocupada,Anual,55.447
2024,Cauca,Hombres,Población subocupada,Anual,62.561
2025,Cauca,Hombres,Población subocupada,Anual,39.33
2007,Cauca,Hombres,Fuerza de trabajo potencial,Anual,0.0
2008,Cauca,Hombres,Fuerza de trabajo potencial,Anual,0.0
2009,Cauca,Hombres,Fuerza de trabajo potencial,Anual,0.0
2010,Cauca,Hombres,Fuerza de trabajo potencial,Anual,0.0
2011,Cauca,Hombres,Fuerza de trabajo potencial,Anual,0.0
2012,Cauca,Hombres,Fuerza de trabajo potencial,Anual,0.0
2013,Cauca,Hombres,Fuerza de trabajo potencial,Anual,0.0
2014,Cauca,Hombres,Fuerza de trabajo potencial,Anual,0.0
2015,Cauca,Hombres,Fuerza de trabajo potencial,Anual,0.0
2016,Cauca,Hombres,Fuerza de trabajo potencial,Anual,0.0
2017,Cauca,Hombres,Fuerza de trabajo potencial,Anual,0.0
2018,Cauca,Hombres,Fuerza de trabajo potencial,Anual,0.0
2019,Cauca,Hombres,Fuerza de trabajo potencial,Anual,0.0
2020,Cauca,Hombres,Fuerza de trabajo potencial,Anual,0.0
2021,Cauca,Hombres,Fuerza de trabajo potencial,Anual,14.964
2022,Cauca,Hombres,Fuerza de trabajo potencial,Anual,14.405
2023,Cauca,Hombres,Fuerza de trabajo potencial,Anual,11.698
2024,Cauca,Hombres,Fuerza de trabajo potencial,Anual,15.767
2025,Cauca,Hombres,Fuerza de trabajo potencial,Anual,14.32
2007,Cesar,Hombres,% población en edad de trabajar,Anual,64.729175914
2008,Cesar,Hombres,% población en edad de trabajar,Anual,65.073669761
2009,Cesar,Hombres,% población en edad de trabajar,Anual,65.40949072
2010,Cesar,Hombres,% población en edad de trabajar,Anual,65.737573585
2011,Cesar,Hombres,% población en edad de trabajar,Anual,66.062092608
2012,Cesar,Hombres,% población en edad de trabajar,Anual,66.398528724
2013,Cesar,Hombres,% población en edad de trabajar,Anual,66.749512734
2014,Cesar,Hombres,% población en edad de trabajar,Anual,67.113136808
2015,Cesar,Hombres,% población en edad de trabajar,Anual,67.483975199
2016,Cesar,Hombres,% población en edad de trabajar,Anual,67.865319985
2017,Cesar,Hombres,% población en edad de trabajar,Anual,68.256353223
2018,Cesar,Hombres,% población en edad de trabajar,Anual,68.59651458
2019,Cesar,Hombres,% población en edad de trabajar,Anual,69.021136213
2020,Cesar,Hombres,% población en edad de trabajar,Anual,69.415802185
2021,Cesar,Hombres,% población en edad de trabajar,Anual,69.78185109
2022,Cesar,Hombres,% población en edad de trabajar,Anual,70.133244575
2023,Cesar,Hombres,% población en edad de trabajar,Anual,70.487228051
2024,Cesar,Hombres,% población en edad de trabajar,Anual,71.017991883
2025,Cesar,Hombres,% población en edad de trabajar,Anual,71.470433923
2007,Cesar,Hombres,Tasa Global de Participación (TGP),Anual,77.375262025
2008,Cesar,Hombres,Tasa Global de Participación (TGP),Anual,75.38970061
2009,Cesar,Hombres,Tasa Global de Participación (TGP),Anual,79.938391937
2010,Cesar,Hombres,Tasa Global de Participación (TGP),Anual,80.317005185
2011,Cesar,Hombres,Tasa Global de Participación (TGP),Anual,79.639558226
2012,Cesar,Hombres,Tasa Global de Participación (TGP),Anual,79.521821986
2013,Cesar,Hombres,Tasa Global de Participación (TGP),Anual,77.683163885
2014,Cesar,Hombres,Tasa Global de Participación (TGP),Anual,77.080401184
2015,Cesar,Hombres,Tasa Global de Participación (TGP),Anual,77.160858537
2016,Cesar,Hombres,Tasa Global de Participación (TGP),Anual,76.60346573
2017,Cesar,Hombres,Tasa Global de Participación (TGP),Anual,77.326936874
2018,Cesar,Hombres,Tasa Global de Participación (TGP),Anual,75.184709852
2019,Cesar,Hombres,Tasa Global de Participación (TGP),Anual,75.070989497
2020,Cesar,Hombres,Tasa Global de Participación (TGP),Anual,69.277133582
2021,Cesar,Hombres,Tasa Global de Participación (TGP),Anual,75.696114389
2022,Cesar,Hombres,Tasa Global de Participación (TGP),Anual,74.898237023
2023,Cesar,Hombres,Tasa Global de Participación (TGP),Anual,75.225608086
2024,Cesar,Hombres,Tasa Global de Participación (TGP),Anual,74.602248375
2025,Cesar,Hombres,Tasa Global de Participación (TGP),Anual,74.550404136
2007,Cesar,Hombres,Tasa de Ocupación (TO),Anual,68.196942769
2008,Cesar,Hombres,Tasa de Ocupación (TO),Anual,65.853110914
2009,Cesar,Hombres,Tasa de Ocupación (TO),Anual,72.809439034
2010,Cesar,Hombres,Tasa de Ocupación (TO),Anual,73.252415238
2011,Cesar,Hombres,Tasa de Ocupación (TO),Anual,73.321710241
2012,Cesar,Hombres,Tasa de Ocupación (TO),Anual,73.717726088
2013,Cesar,Hombres,Tasa de Ocupación (TO),Anual,72.970856171
2014,Cesar,Hombres,Tasa de Ocupación (TO),Anual,71.173807016
2015,Cesar,Hombres,Tasa de Ocupación (TO),Anual,72.290349736
2016,Cesar,Hombres,Tasa de Ocupación (TO),Anual,69.825721827
2017,Cesar,Hombres,Tasa de Ocupación (TO),Anual,71.272794957
2018,Cesar,Hombres,Tasa de Ocupación (TO),Anual,69.405036388
2019,Cesar,Hombres,Tasa de Ocupación (TO),Anual,68.310977023
2020,Cesar,Hombres,Tasa de Ocupación (TO),Anual,61.449964279
2021,Cesar,Hombres,Tasa de Ocupación (TO),Anual,65.971774
2022,Cesar,Hombres,Tasa de Ocupación (TO),Anual,65.380046721
2023,Cesar,Hombres,Tasa de Ocupación (TO),Anual,68.093309799
2024,Cesar,Hombres,Tasa de Ocupación (TO),Anual,68.652673931
2025,Cesar,Hombres,Tasa de Ocupación (TO),Anual,69.282220579
2007,Cesar,Hombres,Tasa de Desocupación (TD),Anual,11.862084878
2008,Cesar,Hombres,Tasa de Desocupación (TD),Anual,12.649724855
2009,Cesar,Hombres,Tasa de Desocupación (TD),Anual,8.918058933
2010,Cesar,Hombres,Tasa de Desocupación (TD),Anual,8.795883177
2011,Cesar,Hombres,Tasa de Desocupación (TD),Anual,7.933052525
2012,Cesar,Hombres,Tasa de Desocupación (TD),Anual,7.298746122
2013,Cesar,Hombres,Tasa de Desocupación (TD),Anual,6.066060494
2014,Cesar,Hombres,Tasa de Desocupación (TD),Anual,7.662900138
2015,Cesar,Hombres,Tasa de Desocupación (TD),Anual,6.312149571
2016,Cesar,Hombres,Tasa de Desocupación (TD),Anual,8.847829322
2017,Cesar,Hombres,Tasa de Desocupación (TD),Anual,7.829279372
2018,Cesar,Hombres,Tasa de Desocupación (TD),Anual,7.687299021
2019,Cesar,Hombres,Tasa de Desocupación (TD),Anual,9.004826657
2020,Cesar,Hombres,Tasa de Desocupación (TD),Anual,11.298344632
2021,Cesar,Hombres,Tasa de Desocupación (TD),Anual,12.846551593
2022,Cesar,Hombres,Tasa de Desocupación (TD),Anual,12.708163343
2023,Cesar,Hombres,Tasa de Desocupación (TD),Anual,9.481210545
2024,Cesar,Hombres,Tasa de Desocupación (TD),Anual,7.975060502
2025,Cesar,Hombres,Tasa de Desocupación (TD),Anual,7.066606303
2007,Cesar,Hombres,Tasa de Subocupación (TS),Anual,10.455614679
2008,Cesar,Hombres,Tasa de Subocupación (TS),Anual,7.614555663
2009,Cesar,Hombres,Tasa de Subocupación (TS),Anual,7.901424932
2010,Cesar,Hombres,Tasa de Subocupación (TS),Anual,12.233089063
2011,Cesar,Hombres,Tasa de Subocupación (TS),Anual,9.738959014
2012,Cesar,Hombres,Tasa de Subocupación (TS),Anual,8.768969906
2013,Cesar,Hombres,Tasa de Subocupación (TS),Anual,6.063287325
2014,Cesar,Hombres,Tasa de Subocupación (TS),Anual,5.415331327
2015,Cesar,Hombres,Tasa de Subocupación (TS),Anual,4.996510155
2016,Cesar,Hombres,Tasa de Subocupación (TS),Anual,9.184003237
2017,Cesar,Hombres,Tasa de Subocupación (TS),Anual,11.655516943
2018,Cesar,Hombres,Tasa de Subocupación (TS),Anual,8.689965702
2019,Cesar,Hombres,Tasa de Subocupación (TS),Anual,8.717446503
2020,Cesar,Hombres,Tasa de Subocupación (TS),Anual,0.0
2021,Cesar,Hombres,Tasa de Subocupación (TS),Anual,7.009160804
2022,Cesar,Hombres,Tasa de Subocupación (TS),Anual,9.000980063
2023,Cesar,Hombres,Tasa de Subocupación (TS),Anual,9.074981704
2024,Cesar,Hombres,Tasa de Subocupación (TS),Anual,9.465797184
2025,Cesar,Hombres,Tasa de Subocupación (TS),Anual,5.747913725
2007,Cesar,Hombres,Población total,Anual,484.355
2008,Cesar,Hombres,Población total,Anual,492.468
2009,Cesar,Hombres,Población total,Anual,500.805
2010,Cesar,Hombres,Población total,Anual,509.278
2011,Cesar,Hombres,Población total,Anual,517.775
2012,Cesar,Hombres,Población total,Anual,526.346
2013,Cesar,Hombres,Población total,Anual,535.129
2014,Cesar,Hombres,Población total,Anual,544.12
2015,Cesar,Hombres,Población total,Anual,553.361
2016,Cesar,Hombres,Población total,Anual,563.855
2017,Cesar,Hombres,Población total,Anual,576.361
2018,Cesar,Hombres,Población total,Anual,593.501
2019,Cesar,Hombres,Población total,Anual,618.37
2020,Cesar,Hombres,Población total,Anual,639.304
2021,Cesar,Hombres,Población total,Anual,652.777
2022,Cesar,Hombres,Población total,Anual,662.222
2023,Cesar,Hombres,Población total,Anual,670.933
2024,Cesar,Hombres,Población total,Anual,679.292
2025,Cesar,Hombres,Población total,Anual,687.426
2007,Cesar,Hombres,Población en edad de trabajar (PET),Anual,313.519
2008,Cesar,Hombres,Población en edad de trabajar (PET),Anual,320.467
2009,Cesar,Hombres,Población en edad de trabajar (PET),Anual,327.574
2010,Cesar,Hombres,Población en edad de trabajar (PET),Anual,334.787
2011,Cesar,Hombres,Población en edad de trabajar (PET),Anual,342.053
2012,Cesar,Hombres,Población en edad de trabajar (PET),Anual,349.486
2013,Cesar,Hombres,Población en edad de trabajar (PET),Anual,357.196
2014,Cesar,Hombres,Población en edad de trabajar (PET),Anual,365.176
2015,Cesar,Hombres,Población en edad de trabajar (PET),Anual,373.43
2016,Cesar,Hombres,Población en edad de trabajar (PET),Anual,382.662
2017,Cesar,Hombres,Población en edad de trabajar (PET),Anual,393.403
2018,Cesar,Hombres,Población en edad de trabajar (PET),Anual,407.121
2019,Cesar,Hombres,Población en edad de trabajar (PET),Anual,426.806
2020,Cesar,Hombres,Población en edad de trabajar (PET),Anual,443.778
2021,Cesar,Hombres,Población en edad de trabajar (PET),Anual,455.52
2022,Cesar,Hombres,Población en edad de trabajar (PET),Anual,464.438
2023,Cesar,Hombres,Población en edad de trabajar (PET),Anual,472.922
2024,Cesar,Hombres,Población en edad de trabajar (PET),Anual,482.42
2025,Cesar,Hombres,Población en edad de trabajar (PET),Anual,491.307
2007,Cesar,Hombres,Fuerza de trabajo,Anual,242.58614799999998
2008,Cesar,Hombres,Fuerza de trabajo,Anual,241.599112
2009,Cesar,Hombres,Fuerza de trabajo,Anual,261.857388
2010,Cesar,Hombres,Fuerza de trabajo,Anual,268.890892
2011,Cesar,Hombres,Fuerza de trabajo,Anual,272.40949800000004
2012,Cesar,Hombres,Fuerza de trabajo,Anual,277.917635
2013,Cesar,Hombres,Fuerza de trabajo,Anual,277.481154
2014,Cesar,Hombres,Fuerza de trabajo,Anual,281.479126
2015,Cesar,Hombres,Fuerza de trabajo,Anual,288.141794
2016,Cesar,Hombres,Fuerza de trabajo,Anual,293.13235399999996
2017,Cesar,Hombres,Fuerza de trabajo,Anual,304.206489
2018,Cesar,Hombres,Fuerza de trabajo,Anual,306.09274300000004
2019,Cesar,Hombres,Fuerza de trabajo,Anual,320.407487
2020,Cesar,Hombres,Fuerza de trabajo,Anual,307.43667800000003
2021,Cesar,Hombres,Fuerza de trabajo,Anual,344.811
2022,Cesar,Hombres,Fuerza de trabajo,Anual,347.856
2023,Cesar,Hombres,Fuerza de trabajo,Anual,355.759
2024,Cesar,Hombres,Fuerza de trabajo,Anual,359.896
2025,Cesar,Hombres,Fuerza de trabajo,Anual,366.271
2007,Cesar,Hombres,Población ocupada,Anual,213.810373
2008,Cesar,Hombres,Población ocupada,Anual,211.037489
2009,Cesar,Hombres,Población ocupada,Anual,238.50479199999998
2010,Cesar,Hombres,Población ocupada,Anual,245.239563
2011,Cesar,Hombres,Población ocupada,Anual,250.79910999999998
2012,Cesar,Hombres,Población ocupada,Anual,257.633132
2013,Cesar,Hombres,Población ocupada,Anual,260.648979
2014,Cesar,Hombres,Población ocupada,Anual,259.909662
2015,Cesar,Hombres,Población ocupada,Anual,269.953853
2016,Cesar,Hombres,Población ocupada,Anual,267.196504
2017,Cesar,Hombres,Población ocupada,Anual,280.389314
2018,Cesar,Hombres,Población ocupada,Anual,282.562478
2019,Cesar,Hombres,Población ocupada,Anual,291.555349
2020,Cesar,Hombres,Población ocupada,Anual,272.70142200000004
2021,Cesar,Hombres,Población ocupada,Anual,300.514
2022,Cesar,Hombres,Población ocupada,Anual,303.65
2023,Cesar,Hombres,Población ocupada,Anual,322.028
2024,Cesar,Hombres,Población ocupada,Anual,331.194
2025,Cesar,Hombres,Población ocupada,Anual,340.388
2007,Cesar,Hombres,Población desocupada,Anual,28.775775000000003
2008,Cesar,Hombres,Población desocupada,Anual,30.561623
2009,Cesar,Hombres,Población desocupada,Anual,23.352596000000002
2010,Cesar,Hombres,Población desocupada,Anual,23.651329
2011,Cesar,Hombres,Población desocupada,Anual,21.610388999999998
2012,Cesar,Hombres,Población desocupada,Anual,20.284503
2013,Cesar,Hombres,Población desocupada,Anual,16.832175
2014,Cesar,Hombres,Población desocupada,Anual,21.569464
2015,Cesar,Hombres,Población desocupada,Anual,18.187941
2016,Cesar,Hombres,Población desocupada,Anual,25.93585
2017,Cesar,Hombres,Población desocupada,Anual,23.817176
2018,Cesar,Hombres,Población desocupada,Anual,23.530264
2019,Cesar,Hombres,Población desocupada,Anual,28.852138999999998
2020,Cesar,Hombres,Población desocupada,Anual,34.735254999999995
2021,Cesar,Hombres,Población desocupada,Anual,44.296
2022,Cesar,Hombres,Población desocupada,Anual,44.206
2023,Cesar,Hombres,Población desocupada,Anual,33.73
2024,Cesar,Hombres,Población desocupada,Anual,28.702
2025,Cesar,Hombres,Población desocupada,Anual,25.883
2007,Cesar,Hombres,Población fuera de la fuerza de trabajo,Anual,70.932852
2008,Cesar,Hombres,Población fuera de la fuerza de trabajo,Anual,78.86788800000001
2009,Cesar,Hombres,Población fuera de la fuerza de trabajo,Anual,65.716612
2010,Cesar,Hombres,Población fuera de la fuerza de trabajo,Anual,65.896108
2011,Cesar,Hombres,Población fuera de la fuerza de trabajo,Anual,69.643502
2012,Cesar,Hombres,Población fuera de la fuerza de trabajo,Anual,71.568365
2013,Cesar,Hombres,Población fuera de la fuerza de trabajo,Anual,79.71484600000001
2014,Cesar,Hombres,Población fuera de la fuerza de trabajo,Anual,83.696874
2015,Cesar,Hombres,Población fuera de la fuerza de trabajo,Anual,85.288206
2016,Cesar,Hombres,Población fuera de la fuerza de trabajo,Anual,89.529646
2017,Cesar,Hombres,Población fuera de la fuerza de trabajo,Anual,89.196511
2018,Cesar,Hombres,Población fuera de la fuerza de trabajo,Anual,101.028257
2019,Cesar,Hombres,Población fuera de la fuerza de trabajo,Anual,106.39851300000001
2020,Cesar,Hombres,Población fuera de la fuerza de trabajo,Anual,136.341322
2021,Cesar,Hombres,Población fuera de la fuerza de trabajo,Anual,110.709
2022,Cesar,Hombres,Población fuera de la fuerza de trabajo,Anual,116.582
2023,Cesar,Hombres,Población fuera de la fuerza de trabajo,Anual,117.164
2024,Cesar,Hombres,Población fuera de la fuerza de trabajo,Anual,122.524
2025,Cesar,Hombres,Población fuera de la fuerza de trabajo,Anual,125.036
2007,Cesar,Hombres,Población subocupada,Anual,25.363872999999998
2008,Cesar,Hombres,Población subocupada,Anual,18.396699
2009,Cesar,Hombres,Población subocupada,Anual,20.690465
2010,Cesar,Hombres,Población subocupada,Anual,32.893662
2011,Cesar,Hombres,Población subocupada,Anual,26.529849
2012,Cesar,Hombres,Población subocupada,Anual,24.370514
2013,Cesar,Hombres,Población subocupada,Anual,16.82448
2014,Cesar,Hombres,Población subocupada,Anual,15.243027
2015,Cesar,Hombres,Población subocupada,Anual,14.397034
2016,Cesar,Hombres,Población subocupada,Anual,26.921285
2017,Cesar,Hombres,Población subocupada,Anual,35.456839
2018,Cesar,Hombres,Población subocupada,Anual,26.599353999999998
2019,Cesar,Hombres,Población subocupada,Anual,27.931351
2020,Cesar,Hombres,Población subocupada,Anual,0.0
2021,Cesar,Hombres,Población subocupada,Anual,24.168
2022,Cesar,Hombres,Población subocupada,Anual,31.31
2023,Cesar,Hombres,Población subocupada,Anual,32.285
2024,Cesar,Hombres,Población subocupada,Anual,34.067
2025,Cesar,Hombres,Población subocupada,Anual,21.053
2007,Cesar,Hombres,Fuerza de trabajo potencial,Anual,0.0
2008,Cesar,Hombres,Fuerza de trabajo potencial,Anual,0.0
2009,Cesar,Hombres,Fuerza de trabajo potencial,Anual,0.0
2010,Cesar,Hombres,Fuerza de trabajo potencial,Anual,0.0
2011,Cesar,Hombres,Fuerza de trabajo potencial,Anual,0.0
2012,Cesar,Hombres,Fuerza de trabajo potencial,Anual,0.0
2013,Cesar,Hombres,Fuerza de trabajo potencial,Anual,0.0
2014,Cesar,Hombres,Fuerza de trabajo potencial,Anual,0.0
2015,Cesar,Hombres,Fuerza de trabajo potencial,Anual,0.0
2016,Cesar,Hombres,Fuerza de trabajo potencial,Anual,0.0
2017,Cesar,Hombres,Fuerza de trabajo potencial,Anual,0.0
2018,Cesar,Hombres,Fuerza de trabajo potencial,Anual,0.0
2019,Cesar,Hombres,Fuerza de trabajo potencial,Anual,0.0
2020,Cesar,Hombres,Fuerza de trabajo potencial,Anual,0.0
2021,Cesar,Hombres,Fuerza de trabajo potencial,Anual,9.186
2022,Cesar,Hombres,Fuerza de trabajo potencial,Anual,14.031
2023,Cesar,Hombres,Fuerza de trabajo potencial,Anual,10.355
2024,Cesar,Hombres,Fuerza de trabajo potencial,Anual,10.037
2025,Cesar,Hombres,Fuerza de trabajo potencial,Anual,10.45
2007,Chocó,Hombres,% población en edad de trabajar,Anual,61.080523221
2008,Chocó,Hombres,% población en edad de trabajar,Anual,61.423593131
2009,Chocó,Hombres,% población en edad de trabajar,Anual,61.723596138
2010,Chocó,Hombres,% población en edad de trabajar,Anual,61.978364406
2011,Chocó,Hombres,% población en edad de trabajar,Anual,62.222299031
2012,Chocó,Hombres,% población en edad de trabajar,Anual,62.469170214
2013,Chocó,Hombres,% población en edad de trabajar,Anual,62.762127193
2014,Chocó,Hombres,% población en edad de trabajar,Anual,63.081155099
2015,Chocó,Hombres,% población en edad de trabajar,Anual,63.433028668
2016,Chocó,Hombres,% población en edad de trabajar,Anual,63.807515038
2017,Chocó,Hombres,% población en edad de trabajar,Anual,64.214703329
2018,Chocó,Hombres,% población en edad de trabajar,Anual,64.716927561
2019,Chocó,Hombres,% población en edad de trabajar,Anual,65.295808257
2020,Chocó,Hombres,% población en edad de trabajar,Anual,65.873960899
2021,Chocó,Hombres,% población en edad de trabajar,Anual,66.443851625
2022,Chocó,Hombres,% población en edad de trabajar,Anual,66.994314958
2023,Chocó,Hombres,% población en edad de trabajar,Anual,67.526456532
2024,Chocó,Hombres,% población en edad de trabajar,Anual,68.097144818
2025,Chocó,Hombres,% población en edad de trabajar,Anual,68.656359341
2007,Chocó,Hombres,Tasa Global de Participación (TGP),Anual,74.614591354
2008,Chocó,Hombres,Tasa Global de Participación (TGP),Anual,72.339701364
2009,Chocó,Hombres,Tasa Global de Participación (TGP),Anual,76.009500115
2010,Chocó,Hombres,Tasa Global de Participación (TGP),Anual,78.590919961
2011,Chocó,Hombres,Tasa Global de Participación (TGP),Anual,80.512897924
2012,Chocó,Hombres,Tasa Global de Participación (TGP),Anual,78.246011466
2013,Chocó,Hombres,Tasa Global de Participación (TGP),Anual,77.233409773
2014,Chocó,Hombres,Tasa Global de Participación (TGP),Anual,72.297341963
2015,Chocó,Hombres,Tasa Global de Participación (TGP),Anual,75.927624558
2016,Chocó,Hombres,Tasa Global de Participación (TGP),Anual,75.978745935
2017,Chocó,Hombres,Tasa Global de Participación (TGP),Anual,78.498922078
2018,Chocó,Hombres,Tasa Global de Participación (TGP),Anual,77.977392716
2019,Chocó,Hombres,Tasa Global de Participación (TGP),Anual,70.813929948
2020,Chocó,Hombres,Tasa Global de Participación (TGP),Anual,62.098796046
2021,Chocó,Hombres,Tasa Global de Participación (TGP),Anual,56.247437613
2022,Chocó,Hombres,Tasa Global de Participación (TGP),Anual,55.600002086
2023,Chocó,Hombres,Tasa Global de Participación (TGP),Anual,54.970056766
2024,Chocó,Hombres,Tasa Global de Participación (TGP),Anual,50.759829415
2025,Chocó,Hombres,Tasa Global de Participación (TGP),Anual,53.086134482
2007,Chocó,Hombres,Tasa de Ocupación (TO),Anual,66.25425966
2008,Chocó,Hombres,Tasa de Ocupación (TO),Anual,66.144168164
2009,Chocó,Hombres,Tasa de Ocupación (TO),Anual,69.964083514
2010,Chocó,Hombres,Tasa de Ocupación (TO),Anual,74.105421701
2011,Chocó,Hombres,Tasa de Ocupación (TO),Anual,75.009228722
2012,Chocó,Hombres,Tasa de Ocupación (TO),Anual,73.336276121
2013,Chocó,Hombres,Tasa de Ocupación (TO),Anual,71.13226341
2014,Chocó,Hombres,Tasa de Ocupación (TO),Anual,65.703079813
2015,Chocó,Hombres,Tasa de Ocupación (TO),Anual,69.640074756
2016,Chocó,Hombres,Tasa de Ocupación (TO),Anual,71.149817328
2017,Chocó,Hombres,Tasa de Ocupación (TO),Anual,73.803129851
2018,Chocó,Hombres,Tasa de Ocupación (TO),Anual,73.634845346
2019,Chocó,Hombres,Tasa de Ocupación (TO),Anual,65.492785591
2020,Chocó,Hombres,Tasa de Ocupación (TO),Anual,57.31652779
2021,Chocó,Hombres,Tasa de Ocupación (TO),Anual,51.684871759
2022,Chocó,Hombres,Tasa de Ocupación (TO),Anual,50.237581135
2023,Chocó,Hombres,Tasa de Ocupación (TO),Anual,46.529308087
2024,Chocó,Hombres,Tasa de Ocupación (TO),Anual,43.852052258
2025,Chocó,Hombres,Tasa de Ocupación (TO),Anual,48.310498122
2007,Chocó,Hombres,Tasa de Desocupación (TD),Anual,11.204687371
2008,Chocó,Hombres,Tasa de Desocupación (TD),Anual,8.564499277
2009,Chocó,Hombres,Tasa de Desocupación (TD),Anual,7.953501328
2010,Chocó,Hombres,Tasa de Desocupación (TD),Anual,5.70740012
2011,Chocó,Hombres,Tasa de Desocupación (TD),Anual,6.835760907
2012,Chocó,Hombres,Tasa de Desocupación (TD),Anual,6.274741999
2013,Chocó,Hombres,Tasa de Desocupación (TD),Anual,7.899620618
2014,Chocó,Hombres,Tasa de Desocupación (TD),Anual,9.121029862
2015,Chocó,Hombres,Tasa de Desocupación (TD),Anual,8.28097789
2016,Chocó,Hombres,Tasa de Desocupación (TD),Anual,6.355630839
2017,Chocó,Hombres,Tasa de Desocupación (TD),Anual,5.981983068
2018,Chocó,Hombres,Tasa de Desocupación (TD),Anual,5.568982519
2019,Chocó,Hombres,Tasa de Desocupación (TD),Anual,7.514262182
2020,Chocó,Hombres,Tasa de Desocupación (TD),Anual,7.701064369
2021,Chocó,Hombres,Tasa de Desocupación (TD),Anual,8.111597697
2022,Chocó,Hombres,Tasa de Desocupación (TD),Anual,9.644641636
2023,Chocó,Hombres,Tasa de Desocupación (TD),Anual,15.355175482
2024,Chocó,Hombres,Tasa de Desocupación (TD),Anual,13.608747777
2025,Chocó,Hombres,Tasa de Desocupación (TD),Anual,8.996014509
2007,Chocó,Hombres,Tasa de Subocupación (TS),Anual,4.640685335
2008,Chocó,Hombres,Tasa de Subocupación (TS),Anual,2.194895042
2009,Chocó,Hombres,Tasa de Subocupación (TS),Anual,2.415913257
2010,Chocó,Hombres,Tasa de Subocupación (TS),Anual,3.049767781
2011,Chocó,Hombres,Tasa de Subocupación (TS),Anual,3.959706849
2012,Chocó,Hombres,Tasa de Subocupación (TS),Anual,4.650056071
2013,Chocó,Hombres,Tasa de Subocupación (TS),Anual,6.398902422
2014,Chocó,Hombres,Tasa de Subocupación (TS),Anual,2.381808052
2015,Chocó,Hombres,Tasa de Subocupación (TS),Anual,3.331509919
2016,Chocó,Hombres,Tasa de Subocupación (TS),Anual,2.902786214
2017,Chocó,Hombres,Tasa de Subocupación (TS),Anual,4.01206908
2018,Chocó,Hombres,Tasa de Subocupación (TS),Anual,2.751048251
2019,Chocó,Hombres,Tasa de Subocupación (TS),Anual,2.812271382
2020,Chocó,Hombres,Tasa de Subocupación (TS),Anual,0.0
2021,Chocó,Hombres,Tasa de Subocupación (TS),Anual,1.974571636
2022,Chocó,Hombres,Tasa de Subocupación (TS),Anual,1.621663151
2023,Chocó,Hombres,Tasa de Subocupación (TS),Anual,1.366984644
2024,Chocó,Hombres,Tasa de Subocupación (TS),Anual,1.265546563
2025,Chocó,Hombres,Tasa de Subocupación (TS),Anual,0.675772295
2007,Chocó,Hombres,Población total,Anual,208.325
2008,Chocó,Hombres,Población total,Anual,214.359
2009,Chocó,Hombres,Población total,Anual,220.214
2010,Chocó,Hombres,Población total,Anual,225.924
2011,Chocó,Hombres,Población total,Anual,231.454
2012,Chocó,Hombres,Población total,Anual,236.784
2013,Chocó,Hombres,Población total,Anual,241.915
2014,Chocó,Hombres,Población total,Anual,246.836
2015,Chocó,Hombres,Población total,Anual,251.533
2016,Chocó,Hombres,Población total,Anual,256.02
2017,Chocó,Hombres,Población total,Anual,260.322
2018,Chocó,Hombres,Población total,Anual,264.155
2019,Chocó,Hombres,Población total,Anual,266.524
2020,Chocó,Hombres,Población total,Anual,268.742
2021,Chocó,Hombres,Población total,Anual,270.803
2022,Chocó,Hombres,Población total,Anual,272.777
2023,Chocó,Hombres,Población total,Anual,274.641
2024,Chocó,Hombres,Población total,Anual,276.611
2025,Chocó,Hombres,Población total,Anual,278.658
2007,Chocó,Hombres,Población en edad de trabajar (PET),Anual,127.246
2008,Chocó,Hombres,Población en edad de trabajar (PET),Anual,131.667
2009,Chocó,Hombres,Población en edad de trabajar (PET),Anual,135.924
2010,Chocó,Hombres,Población en edad de trabajar (PET),Anual,140.024
2011,Chocó,Hombres,Población en edad de trabajar (PET),Anual,144.016
2012,Chocó,Hombres,Población en edad de trabajar (PET),Anual,147.917
2013,Chocó,Hombres,Población en edad de trabajar (PET),Anual,151.831
2014,Chocó,Hombres,Población en edad de trabajar (PET),Anual,155.707
2015,Chocó,Hombres,Población en edad de trabajar (PET),Anual,159.555
2016,Chocó,Hombres,Población en edad de trabajar (PET),Anual,163.36
2017,Chocó,Hombres,Población en edad de trabajar (PET),Anual,167.165
2018,Chocó,Hombres,Población en edad de trabajar (PET),Anual,170.953
2019,Chocó,Hombres,Población en edad de trabajar (PET),Anual,174.029
2020,Chocó,Hombres,Población en edad de trabajar (PET),Anual,177.031
2021,Chocó,Hombres,Población en edad de trabajar (PET),Anual,179.932
2022,Chocó,Hombres,Población en edad de trabajar (PET),Anual,182.745
2023,Chocó,Hombres,Población en edad de trabajar (PET),Anual,185.455
2024,Chocó,Hombres,Población en edad de trabajar (PET),Anual,188.364
2025,Chocó,Hombres,Población en edad de trabajar (PET),Anual,191.317
2007,Chocó,Hombres,Fuerza de trabajo,Anual,94.94408299999999
2008,Chocó,Hombres,Fuerza de trabajo,Anual,95.24751499999999
2009,Chocó,Hombres,Fuerza de trabajo,Anual,103.31515300000001
2010,Chocó,Hombres,Fuerza de trabajo,Anual,110.04615
2011,Chocó,Hombres,Fuerza de trabajo,Anual,115.951455
2012,Chocó,Hombres,Fuerza de trabajo,Anual,115.739153
2013,Chocó,Hombres,Fuerza de trabajo,Anual,117.264258
2014,Chocó,Hombres,Fuerza de trabajo,Anual,112.572022
2015,Chocó,Hombres,Fuerza de trabajo,Anual,121.146321
2016,Chocó,Hombres,Fuerza de trabajo,Anual,124.118879
2017,Chocó,Hombres,Fuerza de trabajo,Anual,131.222723
2018,Chocó,Hombres,Fuerza de trabajo,Anual,133.30469200000002
2019,Chocó,Hombres,Fuerza de trabajo,Anual,123.23677400000001
2020,Chocó,Hombres,Fuerza de trabajo,Anual,109.93412
2021,Chocó,Hombres,Fuerza de trabajo,Anual,101.207
2022,Chocó,Hombres,Fuerza de trabajo,Anual,101.606
2023,Chocó,Hombres,Fuerza de trabajo,Anual,101.945
2024,Chocó,Hombres,Fuerza de trabajo,Anual,95.613
2025,Chocó,Hombres,Fuerza de trabajo,Anual,101.563
2007,Chocó,Hombres,Población ocupada,Anual,84.305895
2008,Chocó,Hombres,Población ocupada,Anual,87.090042
2009,Chocó,Hombres,Población ocupada,Anual,95.097981
2010,Chocó,Hombres,Población ocupada,Anual,103.765376
2011,Chocó,Hombres,Población ocupada,Anual,108.025291
2012,Chocó,Hombres,Población ocupada,Anual,108.47682
2013,Chocó,Hombres,Población ocupada,Anual,108.000827
2014,Chocó,Hombres,Población ocupada,Anual,102.304294
2015,Chocó,Hombres,Población ocupada,Anual,111.114221
2016,Chocó,Hombres,Población ocupada,Anual,116.23034200000001
2017,Chocó,Hombres,Población ocupada,Anual,123.373002
2018,Chocó,Hombres,Población ocupada,Anual,125.880977
2019,Chocó,Hombres,Población ocupada,Anual,113.97644
2020,Chocó,Hombres,Población ocupada,Anual,101.46802199999999
2021,Chocó,Hombres,Población ocupada,Anual,92.997
2022,Chocó,Hombres,Población ocupada,Anual,91.807
2023,Chocó,Hombres,Población ocupada,Anual,86.291
2024,Chocó,Hombres,Población ocupada,Anual,82.602
2025,Chocó,Hombres,Población ocupada,Anual,92.426
2007,Chocó,Hombres,Población desocupada,Anual,10.638188
2008,Chocó,Hombres,Población desocupada,Anual,8.157473
2009,Chocó,Hombres,Población desocupada,Anual,8.217172
2010,Chocó,Hombres,Población desocupada,Anual,6.280774
2011,Chocó,Hombres,Población desocupada,Anual,7.926164
2012,Chocó,Hombres,Población desocupada,Anual,7.262333
2013,Chocó,Hombres,Población desocupada,Anual,9.263432
2014,Chocó,Hombres,Población desocupada,Anual,10.267728
2015,Chocó,Hombres,Población desocupada,Anual,10.0321
2016,Chocó,Hombres,Población desocupada,Anual,7.888538
2017,Chocó,Hombres,Población desocupada,Anual,7.849721
2018,Chocó,Hombres,Población desocupada,Anual,7.4237150000000005
2019,Chocó,Hombres,Población desocupada,Anual,9.260334
2020,Chocó,Hombres,Población desocupada,Anual,8.466097
2021,Chocó,Hombres,Población desocupada,Anual,8.21
2022,Chocó,Hombres,Población desocupada,Anual,9.8
2023,Chocó,Hombres,Población desocupada,Anual,15.654
2024,Chocó,Hombres,Población desocupada,Anual,13.012
2025,Chocó,Hombres,Población desocupada,Anual,9.137
2007,Chocó,Hombres,Población fuera de la fuerza de trabajo,Anual,32.301917
2008,Chocó,Hombres,Población fuera de la fuerza de trabajo,Anual,36.419485
2009,Chocó,Hombres,Población fuera de la fuerza de trabajo,Anual,32.608847000000004
2010,Chocó,Hombres,Población fuera de la fuerza de trabajo,Anual,29.97785
2011,Chocó,Hombres,Población fuera de la fuerza de trabajo,Anual,28.064545
2012,Chocó,Hombres,Población fuera de la fuerza de trabajo,Anual,32.177847
2013,Chocó,Hombres,Población fuera de la fuerza de trabajo,Anual,34.566742
2014,Chocó,Hombres,Población fuera de la fuerza de trabajo,Anual,43.134978000000004
2015,Chocó,Hombres,Población fuera de la fuerza de trabajo,Anual,38.408679
2016,Chocó,Hombres,Población fuera de la fuerza de trabajo,Anual,39.241121
2017,Chocó,Hombres,Población fuera de la fuerza de trabajo,Anual,35.942277000000004
2018,Chocó,Hombres,Población fuera de la fuerza de trabajo,Anual,37.648308
2019,Chocó,Hombres,Población fuera de la fuerza de trabajo,Anual,50.792226
2020,Chocó,Hombres,Población fuera de la fuerza de trabajo,Anual,67.09688
2021,Chocó,Hombres,Población fuera de la fuerza de trabajo,Anual,78.725
2022,Chocó,Hombres,Población fuera de la fuerza de trabajo,Anual,81.139
2023,Chocó,Hombres,Población fuera de la fuerza de trabajo,Anual,83.51
2024,Chocó,Hombres,Población fuera de la fuerza de trabajo,Anual,92.751
2025,Chocó,Hombres,Población fuera de la fuerza de trabajo,Anual,89.754
2007,Chocó,Hombres,Población subocupada,Anual,4.4060559999999995
2008,Chocó,Hombres,Población subocupada,Anual,2.090583
2009,Chocó,Hombres,Población subocupada,Anual,2.496004
2010,Chocó,Hombres,Población subocupada,Anual,3.3561520000000002
2011,Chocó,Hombres,Población subocupada,Anual,4.5913379999999995
2012,Chocó,Hombres,Población subocupada,Anual,5.381936
2013,Chocó,Hombres,Población subocupada,Anual,7.503625
2014,Chocó,Hombres,Población subocupada,Anual,2.6812489999999998
2015,Chocó,Hombres,Población subocupada,Anual,4.036002
2016,Chocó,Hombres,Población subocupada,Anual,3.602906
2017,Chocó,Hombres,Población subocupada,Anual,5.264746
2018,Chocó,Hombres,Población subocupada,Anual,3.6672759999999998
2019,Chocó,Hombres,Población subocupada,Anual,3.4657530000000003
2020,Chocó,Hombres,Población subocupada,Anual,0.0
2021,Chocó,Hombres,Población subocupada,Anual,1.998
2022,Chocó,Hombres,Población subocupada,Anual,1.648
2023,Chocó,Hombres,Población subocupada,Anual,1.394
2024,Chocó,Hombres,Población subocupada,Anual,1.21
2025,Chocó,Hombres,Población subocupada,Anual,0.686
2007,Chocó,Hombres,Fuerza de trabajo potencial,Anual,0.0
2008,Chocó,Hombres,Fuerza de trabajo potencial,Anual,0.0
2009,Chocó,Hombres,Fuerza de trabajo potencial,Anual,0.0
2010,Chocó,Hombres,Fuerza de trabajo potencial,Anual,0.0
2011,Chocó,Hombres,Fuerza de trabajo potencial,Anual,0.0
2012,Chocó,Hombres,Fuerza de trabajo potencial,Anual,0.0
2013,Chocó,Hombres,Fuerza de trabajo potencial,Anual,0.0
2014,Chocó,Hombres,Fuerza de trabajo potencial,Anual,0.0
2015,Chocó,Hombres,Fuerza de trabajo potencial,Anual,0.0
2016,Chocó,Hombres,Fuerza de trabajo potencial,Anual,0.0
2017,Chocó,Hombres,Fuerza de trabajo potencial,Anual,0.0
2018,Chocó,Hombres,Fuerza de trabajo potencial,Anual,0.0
2019,Chocó,Hombres,Fuerza de trabajo potencial,Anual,0.0
2020,Chocó,Hombres,Fuerza de trabajo potencial,Anual,0.0
2021,Chocó,Hombres,Fuerza de trabajo potencial,Anual,7.643
2022,Chocó,Hombres,Fuerza de trabajo potencial,Anual,3.956
2023,Chocó,Hombres,Fuerza de trabajo potencial,Anual,8.396
2024,Chocó,Hombres,Fuerza de trabajo potencial,Anual,13.942
2025,Chocó,Hombres,Fuerza de trabajo potencial,Anual,13.328
2007,Córdoba,Hombres,% población en edad de trabajar,Anual,68.841973329
2008,Córdoba,Hombres,% población en edad de trabajar,Anual,69.540602144
2009,Córdoba,Hombres,% población en edad de trabajar,Anual,69.577550312
2010,Córdoba,Hombres,% población en edad de trabajar,Anual,69.922552603
2011,Córdoba,Hombres,% población en edad de trabajar,Anual,70.251779735
2012,Córdoba,Hombres,% población en edad de trabajar,Anual,70.5658351
2013,Córdoba,Hombres,% población en edad de trabajar,Anual,70.867598001
2014,Córdoba,Hombres,% población en edad de trabajar,Anual,71.154060723
2015,Córdoba,Hombres,% población en edad de trabajar,Anual,71.420762676
2016,Córdoba,Hombres,% población en edad de trabajar,Anual,71.669821706
2017,Córdoba,Hombres,% población en edad de trabajar,Anual,71.891420659
2018,Córdoba,Hombres,% población en edad de trabajar,Anual,72.059018919
2019,Córdoba,Hombres,% población en edad de trabajar,Anual,72.262171585
2020,Córdoba,Hombres,% población en edad de trabajar,Anual,72.47614104
2021,Córdoba,Hombres,% población en edad de trabajar,Anual,72.703716907
2022,Córdoba,Hombres,% población en edad de trabajar,Anual,72.939274594
2023,Córdoba,Hombres,% población en edad de trabajar,Anual,73.178583227
2024,Córdoba,Hombres,% población en edad de trabajar,Anual,73.518458148
2025,Córdoba,Hombres,% población en edad de trabajar,Anual,73.820674493
2007,Córdoba,Hombres,Tasa Global de Participación (TGP),Anual,79.109672586
2008,Córdoba,Hombres,Tasa Global de Participación (TGP),Anual,79.466248985
2009,Córdoba,Hombres,Tasa Global de Participación (TGP),Anual,86.418888004
2010,Córdoba,Hombres,Tasa Global de Participación (TGP),Anual,85.984319813
2011,Córdoba,Hombres,Tasa Global de Participación (TGP),Anual,86.784743641
2012,Córdoba,Hombres,Tasa Global de Participación (TGP),Anual,86.455137619
2013,Córdoba,Hombres,Tasa Global de Participación (TGP),Anual,85.554116947
2014,Córdoba,Hombres,Tasa Global de Participación (TGP),Anual,86.639101787
2015,Córdoba,Hombres,Tasa Global de Participación (TGP),Anual,88.589528631
2016,Córdoba,Hombres,Tasa Global de Participación (TGP),Anual,84.639564782
2017,Córdoba,Hombres,Tasa Global de Participación (TGP),Anual,85.331036031
2018,Córdoba,Hombres,Tasa Global de Participación (TGP),Anual,87.172930906
2019,Córdoba,Hombres,Tasa Global de Participación (TGP),Anual,84.68578
2020,Córdoba,Hombres,Tasa Global de Participación (TGP),Anual,81.740859988
2021,Córdoba,Hombres,Tasa Global de Participación (TGP),Anual,78.529235802
2022,Córdoba,Hombres,Tasa Global de Participación (TGP),Anual,77.567174534
2023,Córdoba,Hombres,Tasa Global de Participación (TGP),Anual,77.213891176
2024,Córdoba,Hombres,Tasa Global de Participación (TGP),Anual,78.691457389
2025,Córdoba,Hombres,Tasa Global de Participación (TGP),Anual,78.635049757
2007,Córdoba,Hombres,Tasa de Ocupación (TO),Anual,70.4080144
2008,Córdoba,Hombres,Tasa de Ocupación (TO),Anual,71.796533626
2009,Córdoba,Hombres,Tasa de Ocupación (TO),Anual,77.529825461
2010,Córdoba,Hombres,Tasa de Ocupación (TO),Anual,76.601520801
2011,Córdoba,Hombres,Tasa de Ocupación (TO),Anual,77.717355968
2012,Córdoba,Hombres,Tasa de Ocupación (TO),Anual,78.358380064
2013,Córdoba,Hombres,Tasa de Ocupación (TO),Anual,80.05657231
2014,Córdoba,Hombres,Tasa de Ocupación (TO),Anual,82.173831675
2015,Córdoba,Hombres,Tasa de Ocupación (TO),Anual,85.490205277
2016,Córdoba,Hombres,Tasa de Ocupación (TO),Anual,79.54407091
2017,Córdoba,Hombres,Tasa de Ocupación (TO),Anual,80.645238289
2018,Córdoba,Hombres,Tasa de Ocupación (TO),Anual,82.716640175
2019,Córdoba,Hombres,Tasa de Ocupación (TO),Anual,78.163985023
2020,Córdoba,Hombres,Tasa de Ocupación (TO),Anual,71.349260962
2021,Córdoba,Hombres,Tasa de Ocupación (TO),Anual,73.387793771
2022,Córdoba,Hombres,Tasa de Ocupación (TO),Anual,70.171323371
2023,Córdoba,Hombres,Tasa de Ocupación (TO),Anual,69.709315969
2024,Córdoba,Hombres,Tasa de Ocupación (TO),Anual,72.502105787
2025,Córdoba,Hombres,Tasa de Ocupación (TO),Anual,73.975653951
2007,Córdoba,Hombres,Tasa de Desocupación (TD),Anual,10.999487043
2008,Córdoba,Hombres,Tasa de Desocupación (TD),Anual,9.651538177
2009,Córdoba,Hombres,Tasa de Desocupación (TD),Anual,10.286018193
2010,Córdoba,Hombres,Tasa de Desocupación (TD),Anual,10.91222101
2011,Córdoba,Hombres,Tasa de Desocupación (TD),Anual,10.448135574
2012,Córdoba,Hombres,Tasa de Desocupación (TD),Anual,9.365270565
2013,Córdoba,Hombres,Tasa de Desocupación (TD),Anual,6.425809574
2014,Córdoba,Hombres,Tasa de Desocupación (TD),Anual,5.153873967
2015,Córdoba,Hombres,Tasa de Desocupación (TD),Anual,3.498521103
2016,Córdoba,Hombres,Tasa de Desocupación (TD),Anual,6.020226929
2017,Córdoba,Hombres,Tasa de Desocupación (TD),Anual,5.491317063
2018,Córdoba,Hombres,Tasa de Desocupación (TD),Anual,5.112012049
2019,Córdoba,Hombres,Tasa de Desocupación (TD),Anual,7.70116893
2020,Córdoba,Hombres,Tasa de Desocupación (TD),Anual,12.712857471
2021,Córdoba,Hombres,Tasa de Desocupación (TD),Anual,6.547169317
2022,Córdoba,Hombres,Tasa de Desocupación (TD),Anual,9.534769324
2023,Córdoba,Hombres,Tasa de Desocupación (TD),Anual,9.719203492
2024,Córdoba,Hombres,Tasa de Desocupación (TD),Anual,7.865341179
2025,Córdoba,Hombres,Tasa de Desocupación (TD),Anual,5.925342224
2007,Córdoba,Hombres,Tasa de Subocupación (TS),Anual,13.75008566
2008,Córdoba,Hombres,Tasa de Subocupación (TS),Anual,14.805369679
2009,Córdoba,Hombres,Tasa de Subocupación (TS),Anual,13.852240755
2010,Córdoba,Hombres,Tasa de Subocupación (TS),Anual,18.862579466
2011,Córdoba,Hombres,Tasa de Subocupación (TS),Anual,19.013696729
2012,Córdoba,Hombres,Tasa de Subocupación (TS),Anual,15.660415755
2013,Córdoba,Hombres,Tasa de Subocupación (TS),Anual,4.798446244
2014,Córdoba,Hombres,Tasa de Subocupación (TS),Anual,2.865875378
2015,Córdoba,Hombres,Tasa de Subocupación (TS),Anual,6.134789401
2016,Córdoba,Hombres,Tasa de Subocupación (TS),Anual,8.803570746
2017,Córdoba,Hombres,Tasa de Subocupación (TS),Anual,9.216183079
2018,Córdoba,Hombres,Tasa de Subocupación (TS),Anual,8.399906598
2019,Córdoba,Hombres,Tasa de Subocupación (TS),Anual,13.962008582
2020,Córdoba,Hombres,Tasa de Subocupación (TS),Anual,0.0
2021,Córdoba,Hombres,Tasa de Subocupación (TS),Anual,13.379037154
2022,Córdoba,Hombres,Tasa de Subocupación (TS),Anual,10.206666016
2023,Córdoba,Hombres,Tasa de Subocupación (TS),Anual,14.120725328
2024,Córdoba,Hombres,Tasa de Subocupación (TS),Anual,12.686149942
2025,Córdoba,Hombres,Tasa de Subocupación (TS),Anual,12.799314776
2007,Córdoba,Hombres,Población total,Anual,788.272
2008,Córdoba,Hombres,Población total,Anual,773.469
2009,Córdoba,Hombres,Población total,Anual,806.96
2010,Córdoba,Hombres,Población total,Anual,816.296
2011,Córdoba,Hombres,Población total,Anual,825.404
2012,Córdoba,Hombres,Población total,Anual,834.289
2013,Córdoba,Hombres,Población total,Anual,842.948
2014,Córdoba,Hombres,Población total,Anual,851.437
2015,Córdoba,Hombres,Población total,Anual,859.841
2016,Córdoba,Hombres,Población total,Anual,868.452
2017,Córdoba,Hombres,Población total,Anual,877.515
2018,Córdoba,Hombres,Población total,Anual,888.122
2019,Córdoba,Hombres,Población total,Anual,899.472
2020,Córdoba,Hombres,Población total,Anual,909.302
2021,Córdoba,Hombres,Población total,Anual,916.553
2022,Córdoba,Hombres,Población total,Anual,922.412
2023,Córdoba,Hombres,Población total,Anual,927.815
2024,Córdoba,Hombres,Población total,Anual,933.28
2025,Córdoba,Hombres,Población total,Anual,938.799
2007,Córdoba,Hombres,Población en edad de trabajar (PET),Anual,542.662
2008,Córdoba,Hombres,Población en edad de trabajar (PET),Anual,537.875
2009,Córdoba,Hombres,Población en edad de trabajar (PET),Anual,561.463
2010,Córdoba,Hombres,Población en edad de trabajar (PET),Anual,570.775
2011,Córdoba,Hombres,Población en edad de trabajar (PET),Anual,579.861
2012,Córdoba,Hombres,Población en edad de trabajar (PET),Anual,588.723
2013,Córdoba,Hombres,Población en edad de trabajar (PET),Anual,597.377
2014,Córdoba,Hombres,Población en edad de trabajar (PET),Anual,605.832
2015,Córdoba,Hombres,Población en edad de trabajar (PET),Anual,614.105
2016,Córdoba,Hombres,Población en edad de trabajar (PET),Anual,622.418
2017,Córdoba,Hombres,Población en edad de trabajar (PET),Anual,630.858
2018,Córdoba,Hombres,Población en edad de trabajar (PET),Anual,639.972
2019,Córdoba,Hombres,Población en edad de trabajar (PET),Anual,649.978
2020,Córdoba,Hombres,Población en edad de trabajar (PET),Anual,659.027
2021,Córdoba,Hombres,Población en edad de trabajar (PET),Anual,666.368
2022,Córdoba,Hombres,Población en edad de trabajar (PET),Anual,672.801
2023,Córdoba,Hombres,Población en edad de trabajar (PET),Anual,678.962
2024,Córdoba,Hombres,Población en edad de trabajar (PET),Anual,686.133
2025,Córdoba,Hombres,Población en edad de trabajar (PET),Anual,693.028
2007,Córdoba,Hombres,Fuerza de trabajo,Anual,429.298131
2008,Córdoba,Hombres,Fuerza de trabajo,Anual,427.429087
2009,Córdoba,Hombres,Fuerza de trabajo,Anual,485.210081
2010,Córdoba,Hombres,Fuerza de trabajo,Anual,490.777001
2011,Córdoba,Hombres,Fuerza de trabajo,Anual,503.230882
2012,Córdoba,Hombres,Fuerza de trabajo,Anual,508.98128
2013,Córdoba,Hombres,Fuerza de trabajo,Anual,511.080617
2014,Córdoba,Hombres,Fuerza de trabajo,Anual,524.8874030000001
2015,Córdoba,Hombres,Fuerza de trabajo,Anual,544.032725
2016,Córdoba,Hombres,Fuerza de trabajo,Anual,526.8118860000001
2017,Córdoba,Hombres,Fuerza de trabajo,Anual,538.317667
2018,Córdoba,Hombres,Fuerza de trabajo,Anual,557.8823490000001
2019,Córdoba,Hombres,Fuerza de trabajo,Anual,550.438939
2020,Córdoba,Hombres,Fuerza de trabajo,Anual,538.694337
2021,Córdoba,Hombres,Fuerza de trabajo,Anual,523.294
2022,Córdoba,Hombres,Fuerza de trabajo,Anual,521.872
2023,Córdoba,Hombres,Fuerza de trabajo,Anual,524.253
2024,Córdoba,Hombres,Fuerza de trabajo,Anual,539.928
2025,Córdoba,Hombres,Fuerza de trabajo,Anual,544.963
2007,Córdoba,Hombres,Población ocupada,Anual,382.077539
2008,Córdoba,Hombres,Población ocupada,Anual,386.17560499999996
2009,Córdoba,Hombres,Población ocupada,Anual,435.301284
2010,Córdoba,Hombres,Población ocupada,Anual,437.22233
2011,Córdoba,Hombres,Población ocupada,Anual,450.65263699999997
2012,Córdoba,Hombres,Población ocupada,Anual,461.313806
2013,Córdoba,Hombres,Población ocupada,Anual,478.23955
2014,Córdoba,Hombres,Población ocupada,Anual,497.835368
2015,Córdoba,Hombres,Población ocupada,Anual,524.999625
2016,Córdoba,Hombres,Población ocupada,Anual,495.096615
2017,Córdoba,Hombres,Población ocupada,Anual,508.756937
2018,Córdoba,Hombres,Población ocupada,Anual,529.363336
2019,Córdoba,Hombres,Población ocupada,Anual,508.048707
2020,Córdoba,Hombres,Población ocupada,Anual,470.210894
2021,Córdoba,Hombres,Población ocupada,Anual,489.033
2022,Córdoba,Hombres,Población ocupada,Anual,472.113
2023,Córdoba,Hombres,Población ocupada,Anual,473.3
2024,Córdoba,Hombres,Población ocupada,Anual,497.461
2025,Córdoba,Hombres,Población ocupada,Anual,512.672
2007,Córdoba,Hombres,Población desocupada,Anual,47.220591999999996
2008,Córdoba,Hombres,Población desocupada,Anual,41.253481
2009,Córdoba,Hombres,Población desocupada,Anual,49.908797
2010,Córdoba,Hombres,Población desocupada,Anual,53.554671
2011,Córdoba,Hombres,Población desocupada,Anual,52.578245
2012,Córdoba,Hombres,Población desocupada,Anual,47.667474
2013,Córdoba,Hombres,Población desocupada,Anual,32.841067
2014,Córdoba,Hombres,Población desocupada,Anual,27.052035
2015,Córdoba,Hombres,Población desocupada,Anual,19.033099999999997
2016,Córdoba,Hombres,Población desocupada,Anual,31.715271
2017,Córdoba,Hombres,Población desocupada,Anual,29.56073
2018,Córdoba,Hombres,Población desocupada,Anual,28.519012999999998
2019,Córdoba,Hombres,Población desocupada,Anual,42.390233
2020,Córdoba,Hombres,Población desocupada,Anual,68.483443
2021,Córdoba,Hombres,Población desocupada,Anual,34.261
2022,Córdoba,Hombres,Población desocupada,Anual,49.759
2023,Córdoba,Hombres,Población desocupada,Anual,50.953
2024,Córdoba,Hombres,Población desocupada,Anual,42.467
2025,Córdoba,Hombres,Población desocupada,Anual,32.291
2007,Córdoba,Hombres,Población fuera de la fuerza de trabajo,Anual,113.36386900000001
2008,Córdoba,Hombres,Población fuera de la fuerza de trabajo,Anual,110.445913
2009,Córdoba,Hombres,Población fuera de la fuerza de trabajo,Anual,76.25291899999999
2010,Córdoba,Hombres,Población fuera de la fuerza de trabajo,Anual,79.997999
2011,Córdoba,Hombres,Población fuera de la fuerza de trabajo,Anual,76.630118
2012,Córdoba,Hombres,Población fuera de la fuerza de trabajo,Anual,79.74172
2013,Córdoba,Hombres,Población fuera de la fuerza de trabajo,Anual,86.296383
2014,Córdoba,Hombres,Población fuera de la fuerza de trabajo,Anual,80.94459699999999
2015,Córdoba,Hombres,Población fuera de la fuerza de trabajo,Anual,70.07227499999999
2016,Córdoba,Hombres,Población fuera de la fuerza de trabajo,Anual,95.606114
2017,Córdoba,Hombres,Población fuera de la fuerza de trabajo,Anual,92.540333
2018,Córdoba,Hombres,Población fuera de la fuerza de trabajo,Anual,82.089651
2019,Córdoba,Hombres,Población fuera de la fuerza de trabajo,Anual,99.539061
2020,Córdoba,Hombres,Población fuera de la fuerza de trabajo,Anual,120.332663
2021,Córdoba,Hombres,Población fuera de la fuerza de trabajo,Anual,143.074
2022,Córdoba,Hombres,Población fuera de la fuerza de trabajo,Anual,150.928
2023,Córdoba,Hombres,Población fuera de la fuerza de trabajo,Anual,154.709
2024,Córdoba,Hombres,Población fuera de la fuerza de trabajo,Anual,146.205
2025,Córdoba,Hombres,Población fuera de la fuerza de trabajo,Anual,148.065
2007,Córdoba,Hombres,Población subocupada,Anual,59.028861
2008,Córdoba,Hombres,Población subocupada,Anual,63.282455999999996
2009,Córdoba,Hombres,Población subocupada,Anual,67.212469
2010,Córdoba,Hombres,Población subocupada,Anual,92.57320200000001
2011,Córdoba,Hombres,Población subocupada,Anual,95.682794
2012,Córdoba,Hombres,Población subocupada,Anual,79.708585
2013,Córdoba,Hombres,Población subocupada,Anual,24.523929
2014,Córdoba,Hombres,Población subocupada,Anual,15.042619
2015,Córdoba,Hombres,Población subocupada,Anual,33.375262
2016,Córdoba,Hombres,Población subocupada,Anual,46.378257
2017,Córdoba,Hombres,Población subocupada,Anual,49.612342
2018,Córdoba,Hombres,Población subocupada,Anual,46.861596
2019,Córdoba,Hombres,Población subocupada,Anual,76.85233199999999
2020,Córdoba,Hombres,Población subocupada,Anual,0.0
2021,Córdoba,Hombres,Población subocupada,Anual,70.012
2022,Córdoba,Hombres,Población subocupada,Anual,53.266
2023,Córdoba,Hombres,Población subocupada,Anual,74.028
2024,Córdoba,Hombres,Población subocupada,Anual,68.496
2025,Córdoba,Hombres,Población subocupada,Anual,69.752
2007,Córdoba,Hombres,Fuerza de trabajo potencial,Anual,0.0
2008,Córdoba,Hombres,Fuerza de trabajo potencial,Anual,0.0
2009,Córdoba,Hombres,Fuerza de trabajo potencial,Anual,0.0
2010,Córdoba,Hombres,Fuerza de trabajo potencial,Anual,0.0
2011,Córdoba,Hombres,Fuerza de trabajo potencial,Anual,0.0
2012,Córdoba,Hombres,Fuerza de trabajo potencial,Anual,0.0
2013,Córdoba,Hombres,Fuerza de trabajo potencial,Anual,0.0
2014,Córdoba,Hombres,Fuerza de trabajo potencial,Anual,0.0
2015,Córdoba,Hombres,Fuerza de trabajo potencial,Anual,0.0
2016,Córdoba,Hombres,Fuerza de trabajo potencial,Anual,0.0
2017,Córdoba,Hombres,Fuerza de trabajo potencial,Anual,0.0
2018,Córdoba,Hombres,Fuerza de trabajo potencial,Anual,0.0
2019,Córdoba,Hombres,Fuerza de trabajo potencial,Anual,0.0
2020,Córdoba,Hombres,Fuerza de trabajo potencial,Anual,0.0
2021,Córdoba,Hombres,Fuerza de trabajo potencial,Anual,11.147
2022,Córdoba,Hombres,Fuerza de trabajo potencial,Anual,17.579
2023,Córdoba,Hombres,Fuerza de trabajo potencial,Anual,18.919
2024,Córdoba,Hombres,Fuerza de trabajo potencial,Anual,24.43
2025,Córdoba,Hombres,Fuerza de trabajo potencial,Anual,18.782
2007,Cundinamarca,Hombres,% población en edad de trabajar,Anual,69.918126899
2008,Cundinamarca,Hombres,% población en edad de trabajar,Anual,70.573903118
2009,Cundinamarca,Hombres,% población en edad de trabajar,Anual,71.280576734
2010,Cundinamarca,Hombres,% población en edad de trabajar,Anual,72.003221944
2011,Cundinamarca,Hombres,% población en edad de trabajar,Anual,72.720265348
2012,Cundinamarca,Hombres,% población en edad de trabajar,Anual,73.419914638
2013,Cundinamarca,Hombres,% población en edad de trabajar,Anual,74.084225439
2014,Cundinamarca,Hombres,% población en edad de trabajar,Anual,74.695469689
2015,Cundinamarca,Hombres,% población en edad de trabajar,Anual,75.248823643
2016,Cundinamarca,Hombres,% población en edad de trabajar,Anual,75.728710447
2017,Cundinamarca,Hombres,% población en edad de trabajar,Anual,76.131129599
2018,Cundinamarca,Hombres,% población en edad de trabajar,Anual,76.252666292
2019,Cundinamarca,Hombres,% población en edad de trabajar,Anual,76.382960012
2020,Cundinamarca,Hombres,% población en edad de trabajar,Anual,76.557590645
2021,Cundinamarca,Hombres,% población en edad de trabajar,Anual,76.65117368
2022,Cundinamarca,Hombres,% población en edad de trabajar,Anual,76.825243604
2023,Cundinamarca,Hombres,% población en edad de trabajar,Anual,76.974292868
2024,Cundinamarca,Hombres,% población en edad de trabajar,Anual,77.263088942
2025,Cundinamarca,Hombres,% población en edad de trabajar,Anual,77.489806685
2007,Cundinamarca,Hombres,Tasa Global de Participación (TGP),Anual,79.643900088
2008,Cundinamarca,Hombres,Tasa Global de Participación (TGP),Anual,80.847786568
2009,Cundinamarca,Hombres,Tasa Global de Participación (TGP),Anual,84.542260784
2010,Cundinamarca,Hombres,Tasa Global de Participación (TGP),Anual,85.159982682
2011,Cundinamarca,Hombres,Tasa Global de Participación (TGP),Anual,84.209367287
2012,Cundinamarca,Hombres,Tasa Global de Participación (TGP),Anual,81.876901469
2013,Cundinamarca,Hombres,Tasa Global de Participación (TGP),Anual,80.903752671
2014,Cundinamarca,Hombres,Tasa Global de Participación (TGP),Anual,80.908831683
2015,Cundinamarca,Hombres,Tasa Global de Participación (TGP),Anual,80.574495144
2016,Cundinamarca,Hombres,Tasa Global de Participación (TGP),Anual,79.483898165
2017,Cundinamarca,Hombres,Tasa Global de Participación (TGP),Anual,78.151543746
2018,Cundinamarca,Hombres,Tasa Global de Participación (TGP),Anual,77.296656976
2019,Cundinamarca,Hombres,Tasa Global de Participación (TGP),Anual,75.710596514
2020,Cundinamarca,Hombres,Tasa Global de Participación (TGP),Anual,74.239149417
2021,Cundinamarca,Hombres,Tasa Global de Participación (TGP),Anual,76.02108666
2022,Cundinamarca,Hombres,Tasa Global de Participación (TGP),Anual,78.585181965
2023,Cundinamarca,Hombres,Tasa Global de Participación (TGP),Anual,76.670651203
2024,Cundinamarca,Hombres,Tasa Global de Participación (TGP),Anual,77.60848162
2025,Cundinamarca,Hombres,Tasa Global de Participación (TGP),Anual,79.226017954
2007,Cundinamarca,Hombres,Tasa de Ocupación (TO),Anual,73.43496277
2008,Cundinamarca,Hombres,Tasa de Ocupación (TO),Anual,75.070561468
2009,Cundinamarca,Hombres,Tasa de Ocupación (TO),Anual,78.306682283
2010,Cundinamarca,Hombres,Tasa de Ocupación (TO),Anual,78.243681418
2011,Cundinamarca,Hombres,Tasa de Ocupación (TO),Anual,78.289498714
2012,Cundinamarca,Hombres,Tasa de Ocupación (TO),Anual,75.818387651
2013,Cundinamarca,Hombres,Tasa de Ocupación (TO),Anual,75.493615075
2014,Cundinamarca,Hombres,Tasa de Ocupación (TO),Anual,75.369306677
2015,Cundinamarca,Hombres,Tasa de Ocupación (TO),Anual,76.031199397
2016,Cundinamarca,Hombres,Tasa de Ocupación (TO),Anual,73.733436812
2017,Cundinamarca,Hombres,Tasa de Ocupación (TO),Anual,72.742199794
2018,Cundinamarca,Hombres,Tasa de Ocupación (TO),Anual,71.156636758
2019,Cundinamarca,Hombres,Tasa de Ocupación (TO),Anual,68.899466786
2020,Cundinamarca,Hombres,Tasa de Ocupación (TO),Anual,64.171006025
2021,Cundinamarca,Hombres,Tasa de Ocupación (TO),Anual,65.394905899
2022,Cundinamarca,Hombres,Tasa de Ocupación (TO),Anual,70.145436763
2023,Cundinamarca,Hombres,Tasa de Ocupación (TO),Anual,69.725369121
2024,Cundinamarca,Hombres,Tasa de Ocupación (TO),Anual,71.040214794
2025,Cundinamarca,Hombres,Tasa de Ocupación (TO),Anual,73.133111526
2007,Cundinamarca,Hombres,Tasa de Desocupación (TD),Anual,7.795873019
2008,Cundinamarca,Hombres,Tasa de Desocupación (TD),Anual,7.145804908
2009,Cundinamarca,Hombres,Tasa de Desocupación (TD),Anual,7.375694053
2010,Cundinamarca,Hombres,Tasa de Desocupación (TD),Anual,8.121539068
2011,Cundinamarca,Hombres,Tasa de Desocupación (TD),Anual,7.029940687
2012,Cundinamarca,Hombres,Tasa de Desocupación (TD),Anual,7.399539687
2013,Cundinamarca,Hombres,Tasa de Desocupación (TD),Anual,6.687128122
2014,Cundinamarca,Hombres,Tasa de Desocupación (TD),Anual,6.846625876
2015,Cundinamarca,Hombres,Tasa de Desocupación (TD),Anual,5.638627631
2016,Cundinamarca,Hombres,Tasa de Desocupación (TD),Anual,7.234750039
2017,Cundinamarca,Hombres,Tasa de Desocupación (TD),Anual,6.921608574
2018,Cundinamarca,Hombres,Tasa de Desocupación (TD),Anual,7.943448603
2019,Cundinamarca,Hombres,Tasa de Desocupación (TD),Anual,8.996270062
2020,Cundinamarca,Hombres,Tasa de Desocupación (TD),Anual,13.561770941
2021,Cundinamarca,Hombres,Tasa de Desocupación (TD),Anual,13.977938527
2022,Cundinamarca,Hombres,Tasa de Desocupación (TD),Anual,10.739613997
2023,Cundinamarca,Hombres,Tasa de Desocupación (TD),Anual,9.058592791
2024,Cundinamarca,Hombres,Tasa de Desocupación (TD),Anual,8.463336338
2025,Cundinamarca,Hombres,Tasa de Desocupación (TD),Anual,7.690537257
2007,Cundinamarca,Hombres,Tasa de Subocupación (TS),Anual,9.775533285
2008,Cundinamarca,Hombres,Tasa de Subocupación (TS),Anual,9.267359442
2009,Cundinamarca,Hombres,Tasa de Subocupación (TS),Anual,14.106369442
2010,Cundinamarca,Hombres,Tasa de Subocupación (TS),Anual,14.648612523
2011,Cundinamarca,Hombres,Tasa de Subocupación (TS),Anual,14.71855681
2012,Cundinamarca,Hombres,Tasa de Subocupación (TS),Anual,13.999483225
2013,Cundinamarca,Hombres,Tasa de Subocupación (TS),Anual,11.774585929
2014,Cundinamarca,Hombres,Tasa de Subocupación (TS),Anual,13.223791791
2015,Cundinamarca,Hombres,Tasa de Subocupación (TS),Anual,13.259112013
2016,Cundinamarca,Hombres,Tasa de Subocupación (TS),Anual,10.675944463
2017,Cundinamarca,Hombres,Tasa de Subocupación (TS),Anual,11.21065401
2018,Cundinamarca,Hombres,Tasa de Subocupación (TS),Anual,11.942558439
2019,Cundinamarca,Hombres,Tasa de Subocupación (TS),Anual,12.477078342
2020,Cundinamarca,Hombres,Tasa de Subocupación (TS),Anual,0.0
2021,Cundinamarca,Hombres,Tasa de Subocupación (TS),Anual,8.062437246
2022,Cundinamarca,Hombres,Tasa de Subocupación (TS),Anual,9.691635885
2023,Cundinamarca,Hombres,Tasa de Subocupación (TS),Anual,6.586532851
2024,Cundinamarca,Hombres,Tasa de Subocupación (TS),Anual,7.017848604
2025,Cundinamarca,Hombres,Tasa de Subocupación (TS),Anual,7.789373693
2007,Cundinamarca,Hombres,Población total,Anual,985.916
2008,Cundinamarca,Hombres,Población total,Anual,1009.247
2009,Cundinamarca,Hombres,Población total,Anual,1036.041
2010,Cundinamarca,Hombres,Población total,Anual,1066.437
2011,Cundinamarca,Hombres,Población total,Anual,1100.139
2012,Cundinamarca,Hombres,Población total,Anual,1137.043
2013,Cundinamarca,Hombres,Población total,Anual,1177.364
2014,Cundinamarca,Hombres,Población total,Anual,1221.307
2015,Cundinamarca,Hombres,Población total,Anual,1269.172
2016,Cundinamarca,Hombres,Población total,Anual,1322.233
2017,Cundinamarca,Hombres,Población total,Anual,1381.473
2018,Cundinamarca,Hombres,Población total,Anual,1451.923
2019,Cundinamarca,Hombres,Población total,Anual,1535.095
2020,Cundinamarca,Hombres,Población total,Anual,1606.682053
2021,Cundinamarca,Hombres,Población total,Anual,1680.583
2022,Cundinamarca,Hombres,Población total,Anual,1732.978
2023,Cundinamarca,Hombres,Población total,Anual,1782.485
2024,Cundinamarca,Hombres,Población total,Anual,1829.383
2025,Cundinamarca,Hombres,Población total,Anual,1873.941
2007,Cundinamarca,Hombres,Población en edad de trabajar (PET),Anual,689.334
2008,Cundinamarca,Hombres,Población en edad de trabajar (PET),Anual,712.265
2009,Cundinamarca,Hombres,Población en edad de trabajar (PET),Anual,738.496
2010,Cundinamarca,Hombres,Población en edad de trabajar (PET),Anual,767.869
2011,Cundinamarca,Hombres,Población en edad de trabajar (PET),Anual,800.024
2012,Cundinamarca,Hombres,Población en edad de trabajar (PET),Anual,834.816
2013,Cundinamarca,Hombres,Población en edad de trabajar (PET),Anual,872.241
2014,Cundinamarca,Hombres,Población en edad de trabajar (PET),Anual,912.261
2015,Cundinamarca,Hombres,Población en edad de trabajar (PET),Anual,955.037
2016,Cundinamarca,Hombres,Población en edad de trabajar (PET),Anual,1001.31
2017,Cundinamarca,Hombres,Población en edad de trabajar (PET),Anual,1051.731
2018,Cundinamarca,Hombres,Población en edad de trabajar (PET),Anual,1107.13
2019,Cundinamarca,Hombres,Población en edad de trabajar (PET),Anual,1172.551
2020,Cundinamarca,Hombres,Población en edad de trabajar (PET),Anual,1230.037069
2021,Cundinamarca,Hombres,Población en edad de trabajar (PET),Anual,1288.187
2022,Cundinamarca,Hombres,Población en edad de trabajar (PET),Anual,1331.364
2023,Cundinamarca,Hombres,Población en edad de trabajar (PET),Anual,1372.055
2024,Cundinamarca,Hombres,Población en edad de trabajar (PET),Anual,1413.438
2025,Cundinamarca,Hombres,Población en edad de trabajar (PET),Anual,1452.113
2007,Cundinamarca,Hombres,Fuerza de trabajo,Anual,549.012482
2008,Cundinamarca,Hombres,Fuerza de trabajo,Anual,575.8504869999999
2009,Cundinamarca,Hombres,Fuerza de trabajo,Anual,624.341214
2010,Cundinamarca,Hombres,Fuerza de trabajo,Anual,653.917107
2011,Cundinamarca,Hombres,Fuerza de trabajo,Anual,673.695149
2012,Cundinamarca,Hombres,Fuerza de trabajo,Anual,683.521474
2013,Cundinamarca,Hombres,Fuerza de trabajo,Anual,705.675701
2014,Cundinamarca,Hombres,Fuerza de trabajo,Anual,738.0997169999999
2015,Cundinamarca,Hombres,Fuerza de trabajo,Anual,769.516241
2016,Cundinamarca,Hombres,Fuerza de trabajo,Anual,795.880221
2017,Cundinamarca,Hombres,Fuerza de trabajo,Anual,821.944013
2018,Cundinamarca,Hombres,Fuerza de trabajo,Anual,855.774478
2019,Cundinamarca,Hombres,Fuerza de trabajo,Anual,887.745357
2020,Cundinamarca,Hombres,Fuerza de trabajo,Anual,913.1690570000001
2021,Cundinamarca,Hombres,Fuerza de trabajo,Anual,979.294
2022,Cundinamarca,Hombres,Fuerza de trabajo,Anual,1046.255
2023,Cundinamarca,Hombres,Fuerza de trabajo,Anual,1051.964
2024,Cundinamarca,Hombres,Fuerza de trabajo,Anual,1096.948
2025,Cundinamarca,Hombres,Fuerza de trabajo,Anual,1150.451
2007,Cundinamarca,Hombres,Población ocupada,Anual,506.212166
2008,Cundinamarca,Hombres,Población ocupada,Anual,534.701335
2009,Cundinamarca,Hombres,Población ocupada,Anual,578.2917160000001
2010,Cundinamarca,Hombres,Población ocupada,Anual,600.808974
2011,Cundinamarca,Hombres,Población ocupada,Anual,626.334779
2012,Cundinamarca,Hombres,Población ocupada,Anual,632.944031
2013,Cundinamarca,Hombres,Población ocupada,Anual,658.486263
2014,Cundinamarca,Hombres,Población ocupada,Anual,687.564791
2015,Cundinamarca,Hombres,Población ocupada,Anual,726.126086
2016,Cundinamarca,Hombres,Población ocupada,Anual,738.3002759999999
2017,Cundinamarca,Hombres,Población ocupada,Anual,765.052265
2018,Cundinamarca,Hombres,Población ocupada,Anual,787.796473
2019,Cundinamarca,Hombres,Población ocupada,Anual,807.881387
2020,Cundinamarca,Hombres,Población ocupada,Anual,789.327162
2021,Cundinamarca,Hombres,Población ocupada,Anual,842.409
2022,Cundinamarca,Hombres,Población ocupada,Anual,933.891
2023,Cundinamarca,Hombres,Población ocupada,Anual,956.671
2024,Cundinamarca,Hombres,Población ocupada,Anual,1004.109
2025,Cundinamarca,Hombres,Población ocupada,Anual,1061.975
2007,Cundinamarca,Hombres,Población desocupada,Anual,42.800316
2008,Cundinamarca,Hombres,Población desocupada,Anual,41.149152
2009,Cundinamarca,Hombres,Población desocupada,Anual,46.049498
2010,Cundinamarca,Hombres,Población desocupada,Anual,53.108133
2011,Cundinamarca,Hombres,Población desocupada,Anual,47.360369
2012,Cundinamarca,Hombres,Población desocupada,Anual,50.577443
2013,Cundinamarca,Hombres,Población desocupada,Anual,47.189438
2014,Cundinamarca,Hombres,Población desocupada,Anual,50.534926
2015,Cundinamarca,Hombres,Población desocupada,Anual,43.390155
2016,Cundinamarca,Hombres,Población desocupada,Anual,57.579945
2017,Cundinamarca,Hombres,Población desocupada,Anual,56.891747
2018,Cundinamarca,Hombres,Población desocupada,Anual,67.978006
2019,Cundinamarca,Hombres,Población desocupada,Anual,79.86397
2020,Cundinamarca,Hombres,Población desocupada,Anual,123.84189599999999
2021,Cundinamarca,Hombres,Población desocupada,Anual,136.885
2022,Cundinamarca,Hombres,Población desocupada,Anual,112.364
2023,Cundinamarca,Hombres,Población desocupada,Anual,95.293
2024,Cundinamarca,Hombres,Población desocupada,Anual,92.838
2025,Cundinamarca,Hombres,Población desocupada,Anual,88.476
2007,Cundinamarca,Hombres,Población fuera de la fuerza de trabajo,Anual,140.321518
2008,Cundinamarca,Hombres,Población fuera de la fuerza de trabajo,Anual,136.414513
2009,Cundinamarca,Hombres,Población fuera de la fuerza de trabajo,Anual,114.15478599999999
2010,Cundinamarca,Hombres,Población fuera de la fuerza de trabajo,Anual,113.951893
2011,Cundinamarca,Hombres,Población fuera de la fuerza de trabajo,Anual,126.328851
2012,Cundinamarca,Hombres,Población fuera de la fuerza de trabajo,Anual,151.29452600000002
2013,Cundinamarca,Hombres,Población fuera de la fuerza de trabajo,Anual,166.565299
2014,Cundinamarca,Hombres,Población fuera de la fuerza de trabajo,Anual,174.161283
2015,Cundinamarca,Hombres,Población fuera de la fuerza de trabajo,Anual,185.520759
2016,Cundinamarca,Hombres,Población fuera de la fuerza de trabajo,Anual,205.429779
2017,Cundinamarca,Hombres,Población fuera de la fuerza de trabajo,Anual,229.78698699999998
2018,Cundinamarca,Hombres,Población fuera de la fuerza de trabajo,Anual,251.355522
2019,Cundinamarca,Hombres,Población fuera de la fuerza de trabajo,Anual,284.805643
2020,Cundinamarca,Hombres,Población fuera de la fuerza de trabajo,Anual,316.868011
2021,Cundinamarca,Hombres,Población fuera de la fuerza de trabajo,Anual,308.893
2022,Cundinamarca,Hombres,Población fuera de la fuerza de trabajo,Anual,285.109
2023,Cundinamarca,Hombres,Población fuera de la fuerza de trabajo,Anual,320.092
2024,Cundinamarca,Hombres,Población fuera de la fuerza de trabajo,Anual,316.49
2025,Cundinamarca,Hombres,Población fuera de la fuerza de trabajo,Anual,301.662
2007,Cundinamarca,Hombres,Población subocupada,Anual,53.668898
2008,Cundinamarca,Hombres,Población subocupada,Anual,53.366133999999995
2009,Cundinamarca,Hombres,Población subocupada,Anual,88.071878
2010,Cundinamarca,Hombres,Población subocupada,Anual,95.789783
2011,Cundinamarca,Hombres,Población subocupada,Anual,99.158203
2012,Cundinamarca,Hombres,Población subocupada,Anual,95.689474
2013,Cundinamarca,Hombres,Población subocupada,Anual,83.09039200000001
2014,Cundinamarca,Hombres,Población subocupada,Anual,97.60477
2015,Cundinamarca,Hombres,Población subocupada,Anual,102.03102
2016,Cundinamarca,Hombres,Población subocupada,Anual,84.96772999999999
2017,Cundinamarca,Hombres,Población subocupada,Anual,92.145299
2018,Cundinamarca,Hombres,Población subocupada,Anual,102.201367
2019,Cundinamarca,Hombres,Población subocupada,Anual,110.76468399999999
2020,Cundinamarca,Hombres,Población subocupada,Anual,0.0
2021,Cundinamarca,Hombres,Población subocupada,Anual,78.955
2022,Cundinamarca,Hombres,Población subocupada,Anual,101.399
2023,Cundinamarca,Hombres,Población subocupada,Anual,69.288
2024,Cundinamarca,Hombres,Población subocupada,Anual,76.982
2025,Cundinamarca,Hombres,Población subocupada,Anual,89.613
2007,Cundinamarca,Hombres,Fuerza de trabajo potencial,Anual,0.0
2008,Cundinamarca,Hombres,Fuerza de trabajo potencial,Anual,0.0
2009,Cundinamarca,Hombres,Fuerza de trabajo potencial,Anual,0.0
2010,Cundinamarca,Hombres,Fuerza de trabajo potencial,Anual,0.0
2011,Cundinamarca,Hombres,Fuerza de trabajo potencial,Anual,0.0
2012,Cundinamarca,Hombres,Fuerza de trabajo potencial,Anual,0.0
2013,Cundinamarca,Hombres,Fuerza de trabajo potencial,Anual,0.0
2014,Cundinamarca,Hombres,Fuerza de trabajo potencial,Anual,0.0
2015,Cundinamarca,Hombres,Fuerza de trabajo potencial,Anual,0.0
2016,Cundinamarca,Hombres,Fuerza de trabajo potencial,Anual,0.0
2017,Cundinamarca,Hombres,Fuerza de trabajo potencial,Anual,0.0
2018,Cundinamarca,Hombres,Fuerza de trabajo potencial,Anual,0.0
2019,Cundinamarca,Hombres,Fuerza de trabajo potencial,Anual,0.0
2020,Cundinamarca,Hombres,Fuerza de trabajo potencial,Anual,0.0
2021,Cundinamarca,Hombres,Fuerza de trabajo potencial,Anual,24.711
2022,Cundinamarca,Hombres,Fuerza de trabajo potencial,Anual,22.604
2023,Cundinamarca,Hombres,Fuerza de trabajo potencial,Anual,31.759
2024,Cundinamarca,Hombres,Fuerza de trabajo potencial,Anual,18.351
2025,Cundinamarca,Hombres,Fuerza de trabajo potencial,Anual,34.088
2007,Huila,Hombres,% población en edad de trabajar,Anual,67.979171894
2008,Huila,Hombres,% población en edad de trabajar,Anual,68.365545685
2009,Huila,Hombres,% población en edad de trabajar,Anual,68.741857699
2010,Huila,Hombres,% población en edad de trabajar,Anual,69.100247822
2011,Huila,Hombres,% población en edad de trabajar,Anual,69.442447748
2012,Huila,Hombres,% población en edad de trabajar,Anual,69.773060829
2013,Huila,Hombres,% población en edad de trabajar,Anual,70.083210983
2014,Huila,Hombres,% población en edad de trabajar,Anual,70.374793032
2015,Huila,Hombres,% población en edad de trabajar,Anual,70.644928876
2016,Huila,Hombres,% población en edad de trabajar,Anual,70.898607586
2017,Huila,Hombres,% población en edad de trabajar,Anual,71.135147692
2018,Huila,Hombres,% población en edad de trabajar,Anual,71.356457107
2019,Huila,Hombres,% población en edad de trabajar,Anual,71.633999661
2020,Huila,Hombres,% población en edad de trabajar,Anual,71.918925826
2021,Huila,Hombres,% población en edad de trabajar,Anual,72.225919197
2022,Huila,Hombres,% población en edad de trabajar,Anual,72.519013562
2023,Huila,Hombres,% población en edad de trabajar,Anual,72.811811382
2024,Huila,Hombres,% población en edad de trabajar,Anual,73.011995664
2025,Huila,Hombres,% población en edad de trabajar,Anual,73.336568439
2007,Huila,Hombres,Tasa Global de Participación (TGP),Anual,81.409398375
2008,Huila,Hombres,Tasa Global de Participación (TGP),Anual,82.096935124
2009,Huila,Hombres,Tasa Global de Participación (TGP),Anual,84.495831558
2010,Huila,Hombres,Tasa Global de Participación (TGP),Anual,83.417012012
2011,Huila,Hombres,Tasa Global de Participación (TGP),Anual,83.465428674
2012,Huila,Hombres,Tasa Global de Participación (TGP),Anual,83.228258451
2013,Huila,Hombres,Tasa Global de Participación (TGP),Anual,81.917486016
2014,Huila,Hombres,Tasa Global de Participación (TGP),Anual,78.953855955
2015,Huila,Hombres,Tasa Global de Participación (TGP),Anual,80.046943201
2016,Huila,Hombres,Tasa Global de Participación (TGP),Anual,78.01497836
2017,Huila,Hombres,Tasa Global de Participación (TGP),Anual,77.033542748
2018,Huila,Hombres,Tasa Global de Participación (TGP),Anual,75.18479757
2019,Huila,Hombres,Tasa Global de Participación (TGP),Anual,75.473463384
2020,Huila,Hombres,Tasa Global de Participación (TGP),Anual,72.723335172
2021,Huila,Hombres,Tasa Global de Participación (TGP),Anual,74.283302248
2022,Huila,Hombres,Tasa Global de Participación (TGP),Anual,77.710541429
2023,Huila,Hombres,Tasa Global de Participación (TGP),Anual,77.14844235
2024,Huila,Hombres,Tasa Global de Participación (TGP),Anual,78.184091826
2025,Huila,Hombres,Tasa Global de Participación (TGP),Anual,77.61951142
2007,Huila,Hombres,Tasa de Ocupación (TO),Anual,75.350633661
2008,Huila,Hombres,Tasa de Ocupación (TO),Anual,76.094121507
2009,Huila,Hombres,Tasa de Ocupación (TO),Anual,77.646478294
2010,Huila,Hombres,Tasa de Ocupación (TO),Anual,77.003999563
2011,Huila,Hombres,Tasa de Ocupación (TO),Anual,78.727211966
2012,Huila,Hombres,Tasa de Ocupación (TO),Anual,77.875848404
2013,Huila,Hombres,Tasa de Ocupación (TO),Anual,75.874271981
2014,Huila,Hombres,Tasa de Ocupación (TO),Anual,74.166149081
2015,Huila,Hombres,Tasa de Ocupación (TO),Anual,75.039890446
2016,Huila,Hombres,Tasa de Ocupación (TO),Anual,73.222066007
2017,Huila,Hombres,Tasa de Ocupación (TO),Anual,71.895363792
2018,Huila,Hombres,Tasa de Ocupación (TO),Anual,69.822316501
2019,Huila,Hombres,Tasa de Ocupación (TO),Anual,70.241230344
2020,Huila,Hombres,Tasa de Ocupación (TO),Anual,63.470094745
2021,Huila,Hombres,Tasa de Ocupación (TO),Anual,67.906386244
2022,Huila,Hombres,Tasa de Ocupación (TO),Anual,72.747669227
2023,Huila,Hombres,Tasa de Ocupación (TO),Anual,72.867527132
2024,Huila,Hombres,Tasa de Ocupación (TO),Anual,72.636842891
2025,Huila,Hombres,Tasa de Ocupación (TO),Anual,73.425063049
2007,Huila,Hombres,Tasa de Desocupación (TD),Anual,7.442340608
2008,Huila,Hombres,Tasa de Desocupación (TD),Anual,7.3118608
2009,Huila,Hombres,Tasa de Desocupación (TD),Anual,8.106143389
2010,Huila,Hombres,Tasa de Desocupación (TD),Anual,7.687895184
2011,Huila,Hombres,Tasa de Desocupación (TD),Anual,5.676861405
2012,Huila,Hombres,Tasa de Desocupación (TD),Anual,6.431000897
2013,Huila,Hombres,Tasa de Desocupación (TD),Anual,7.377196651
2014,Huila,Hombres,Tasa de Desocupación (TD),Anual,6.063930401
2015,Huila,Hombres,Tasa de Desocupación (TD),Anual,6.255145486
2016,Huila,Hombres,Tasa de Desocupación (TD),Anual,6.143579674
2017,Huila,Hombres,Tasa de Desocupación (TD),Anual,6.670054074
2018,Huila,Hombres,Tasa de Desocupación (TD),Anual,7.132400755
2019,Huila,Hombres,Tasa de Desocupación (TD),Anual,6.932546628
2020,Huila,Hombres,Tasa de Desocupación (TD),Anual,12.723894476
2021,Huila,Hombres,Tasa de Desocupación (TD),Anual,8.584588745
2022,Huila,Hombres,Tasa de Desocupación (TD),Anual,6.386356485
2023,Huila,Hombres,Tasa de Desocupación (TD),Anual,5.548932794
2024,Huila,Hombres,Tasa de Desocupación (TD),Anual,7.09511207
2025,Huila,Hombres,Tasa de Desocupación (TD),Anual,5.40385825
2007,Huila,Hombres,Tasa de Subocupación (TS),Anual,7.709738238
2008,Huila,Hombres,Tasa de Subocupación (TS),Anual,9.983994505
2009,Huila,Hombres,Tasa de Subocupación (TS),Anual,15.325584593
2010,Huila,Hombres,Tasa de Subocupación (TS),Anual,14.048361742
2011,Huila,Hombres,Tasa de Subocupación (TS),Anual,12.039035822
2012,Huila,Hombres,Tasa de Subocupación (TS),Anual,13.933862652
2013,Huila,Hombres,Tasa de Subocupación (TS),Anual,13.985082052
2014,Huila,Hombres,Tasa de Subocupación (TS),Anual,12.473699924
2015,Huila,Hombres,Tasa de Subocupación (TS),Anual,12.668879553
2016,Huila,Hombres,Tasa de Subocupación (TS),Anual,13.340735924
2017,Huila,Hombres,Tasa de Subocupación (TS),Anual,11.24140767
2018,Huila,Hombres,Tasa de Subocupación (TS),Anual,12.274081304
2019,Huila,Hombres,Tasa de Subocupación (TS),Anual,12.368261235
2020,Huila,Hombres,Tasa de Subocupación (TS),Anual,0.0
2021,Huila,Hombres,Tasa de Subocupación (TS),Anual,3.202067192
2022,Huila,Hombres,Tasa de Subocupación (TS),Anual,3.972043834
2023,Huila,Hombres,Tasa de Subocupación (TS),Anual,5.430212201
2024,Huila,Hombres,Tasa de Subocupación (TS),Anual,3.370429156
2025,Huila,Hombres,Tasa de Subocupación (TS),Anual,3.160222003
2007,Huila,Hombres,Población total,Anual,482.233
2008,Huila,Hombres,Población total,Anual,488.322
2009,Huila,Hombres,Población total,Anual,494.332
2010,Huila,Hombres,Población total,Anual,500.36
2011,Huila,Hombres,Población total,Anual,506.392
2012,Huila,Hombres,Población total,Anual,512.384
2013,Huila,Hombres,Población total,Anual,518.321
2014,Huila,Hombres,Población total,Anual,524.236
2015,Huila,Hombres,Población total,Anual,530.198
2016,Huila,Hombres,Población total,Anual,536.263
2017,Huila,Hombres,Población total,Anual,542.414
2018,Huila,Hombres,Población total,Anual,548.93
2019,Huila,Hombres,Población total,Anual,554.382
2020,Huila,Hombres,Población total,Anual,559.537
2021,Huila,Hombres,Población total,Anual,564.025
2022,Huila,Hombres,Población total,Anual,568.301
2023,Huila,Hombres,Población total,Anual,572.403
2024,Huila,Hombres,Población total,Anual,576.472
2025,Huila,Hombres,Población total,Anual,580.438
2007,Huila,Hombres,Población en edad de trabajar (PET),Anual,327.818
2008,Huila,Hombres,Población en edad de trabajar (PET),Anual,333.844
2009,Huila,Hombres,Población en edad de trabajar (PET),Anual,339.813
2010,Huila,Hombres,Población en edad de trabajar (PET),Anual,345.75
2011,Huila,Hombres,Población en edad de trabajar (PET),Anual,351.651
2012,Huila,Hombres,Población en edad de trabajar (PET),Anual,357.506
2013,Huila,Hombres,Población en edad de trabajar (PET),Anual,363.256
2014,Huila,Hombres,Población en edad de trabajar (PET),Anual,368.93
2015,Huila,Hombres,Población en edad de trabajar (PET),Anual,374.558
2016,Huila,Hombres,Población en edad de trabajar (PET),Anual,380.203
2017,Huila,Hombres,Población en edad de trabajar (PET),Anual,385.847
2018,Huila,Hombres,Población en edad de trabajar (PET),Anual,391.697
2019,Huila,Hombres,Población en edad de trabajar (PET),Anual,397.126
2020,Huila,Hombres,Población en edad de trabajar (PET),Anual,402.413
2021,Huila,Hombres,Población en edad de trabajar (PET),Anual,407.372
2022,Huila,Hombres,Población en edad de trabajar (PET),Anual,412.126
2023,Huila,Hombres,Población en edad de trabajar (PET),Anual,416.777
2024,Huila,Hombres,Población en edad de trabajar (PET),Anual,420.894
2025,Huila,Hombres,Población en edad de trabajar (PET),Anual,425.673
2007,Huila,Hombres,Fuerza de trabajo,Anual,266.874662
2008,Huila,Hombres,Fuerza de trabajo,Anual,274.075692
2009,Huila,Hombres,Fuerza de trabajo,Anual,287.12782
2010,Huila,Hombres,Fuerza de trabajo,Anual,288.41431900000003
2011,Huila,Hombres,Fuerza de trabajo,Anual,293.507015
2012,Huila,Hombres,Fuerza de trabajo,Anual,297.546018
2013,Huila,Hombres,Fuerza de trabajo,Anual,297.57018300000004
2014,Huila,Hombres,Fuerza de trabajo,Anual,291.284461
2015,Huila,Hombres,Fuerza de trabajo,Anual,299.82223
2016,Huila,Hombres,Fuerza de trabajo,Anual,296.615288
2017,Huila,Hombres,Fuerza de trabajo,Anual,297.231614
2018,Huila,Hombres,Fuerza de trabajo,Anual,294.496597
2019,Huila,Hombres,Fuerza de trabajo,Anual,299.724746
2020,Huila,Hombres,Fuerza de trabajo,Anual,292.64815500000003
2021,Huila,Hombres,Fuerza de trabajo,Anual,302.609
2022,Huila,Hombres,Fuerza de trabajo,Anual,320.265
2023,Huila,Hombres,Fuerza de trabajo,Anual,321.537
2024,Huila,Hombres,Fuerza de trabajo,Anual,329.072
2025,Huila,Hombres,Fuerza de trabajo,Anual,330.405
2007,Huila,Hombres,Población ocupada,Anual,247.01294000000001
2008,Huila,Hombres,Población ocupada,Anual,254.035659
2009,Huila,Hombres,Población ocupada,Anual,263.852827
2010,Huila,Hombres,Población ocupada,Anual,266.24132799999995
2011,Huila,Hombres,Población ocupada,Anual,276.845028
2012,Huila,Hombres,Población ocupada,Anual,278.41083100000003
2013,Huila,Hombres,Población ocupada,Anual,275.617845
2014,Huila,Hombres,Población ocupada,Anual,273.621174
2015,Huila,Hombres,Población ocupada,Anual,281.067913
2016,Huila,Hombres,Población ocupada,Anual,278.392492
2017,Huila,Hombres,Población ocupada,Anual,277.40610399999997
2018,Huila,Hombres,Población ocupada,Anual,273.491919
2019,Huila,Hombres,Población ocupada,Anual,278.946188
2020,Huila,Hombres,Población ocupada,Anual,255.411912
2021,Huila,Hombres,Población ocupada,Anual,276.632
2022,Huila,Hombres,Población ocupada,Anual,299.812
2023,Huila,Hombres,Población ocupada,Anual,303.695
2024,Huila,Hombres,Población ocupada,Anual,305.724
2025,Huila,Hombres,Población ocupada,Anual,312.551
2007,Huila,Hombres,Población desocupada,Anual,19.861721000000003
2008,Huila,Hombres,Población desocupada,Anual,20.040033
2009,Huila,Hombres,Población desocupada,Anual,23.274993
2010,Huila,Hombres,Población desocupada,Anual,22.172991000000003
2011,Huila,Hombres,Población desocupada,Anual,16.661986000000002
2012,Huila,Hombres,Población desocupada,Anual,19.135187000000002
2013,Huila,Hombres,Población desocupada,Anual,21.952338
2014,Huila,Hombres,Población desocupada,Anual,17.663287
2015,Huila,Hombres,Población desocupada,Anual,18.754317
2016,Huila,Hombres,Población desocupada,Anual,18.222797
2017,Huila,Hombres,Población desocupada,Anual,19.825508999999997
2018,Huila,Hombres,Población desocupada,Anual,21.004677
2019,Huila,Hombres,Población desocupada,Anual,20.778558
2020,Huila,Hombres,Población desocupada,Anual,37.236242
2021,Huila,Hombres,Población desocupada,Anual,25.978
2022,Huila,Hombres,Población desocupada,Anual,20.453
2023,Huila,Hombres,Población desocupada,Anual,17.842
2024,Huila,Hombres,Población desocupada,Anual,23.348
2025,Huila,Hombres,Población desocupada,Anual,17.855
2007,Huila,Hombres,Población fuera de la fuerza de trabajo,Anual,60.943338000000004
2008,Huila,Hombres,Población fuera de la fuerza de trabajo,Anual,59.768308
2009,Huila,Hombres,Población fuera de la fuerza de trabajo,Anual,52.68518
2010,Huila,Hombres,Población fuera de la fuerza de trabajo,Anual,57.335680999999994
2011,Huila,Hombres,Población fuera de la fuerza de trabajo,Anual,58.143985
2012,Huila,Hombres,Población fuera de la fuerza de trabajo,Anual,59.959982000000004
2013,Huila,Hombres,Población fuera de la fuerza de trabajo,Anual,65.685817
2014,Huila,Hombres,Población fuera de la fuerza de trabajo,Anual,77.645539
2015,Huila,Hombres,Población fuera de la fuerza de trabajo,Anual,74.73577
2016,Huila,Hombres,Población fuera de la fuerza de trabajo,Anual,83.587712
2017,Huila,Hombres,Población fuera de la fuerza de trabajo,Anual,88.615386
2018,Huila,Hombres,Población fuera de la fuerza de trabajo,Anual,97.20040300000001
2019,Huila,Hombres,Población fuera de la fuerza de trabajo,Anual,97.401254
2020,Huila,Hombres,Población fuera de la fuerza de trabajo,Anual,109.76484500000001
2021,Huila,Hombres,Población fuera de la fuerza de trabajo,Anual,104.763
2022,Huila,Hombres,Población fuera de la fuerza de trabajo,Anual,91.861
2023,Huila,Hombres,Población fuera de la fuerza de trabajo,Anual,95.24
2024,Huila,Hombres,Población fuera de la fuerza de trabajo,Anual,91.822
2025,Huila,Hombres,Población fuera de la fuerza de trabajo,Anual,95.268
2007,Huila,Hombres,Población subocupada,Anual,20.575338
2008,Huila,Hombres,Población subocupada,Anual,27.363702
2009,Huila,Hombres,Población subocupada,Anual,44.004017
2010,Huila,Hombres,Población subocupada,Anual,40.517487
2011,Huila,Hombres,Población subocupada,Anual,35.335415
2012,Huila,Hombres,Población subocupada,Anual,41.459652999999996
2013,Huila,Hombres,Población subocupada,Anual,41.615434
2014,Huila,Hombres,Población subocupada,Anual,36.333949999999994
2015,Huila,Hombres,Población subocupada,Anual,37.984117
2016,Huila,Hombres,Población subocupada,Anual,39.570662
2017,Huila,Hombres,Población subocupada,Anual,33.413016999999996
2018,Huila,Hombres,Población subocupada,Anual,36.146752
2019,Huila,Hombres,Población subocupada,Anual,37.07074
2020,Huila,Hombres,Población subocupada,Anual,0.0
2021,Huila,Hombres,Población subocupada,Anual,9.69
2022,Huila,Hombres,Población subocupada,Anual,12.721
2023,Huila,Hombres,Población subocupada,Anual,17.46
2024,Huila,Hombres,Población subocupada,Anual,11.091
2025,Huila,Hombres,Población subocupada,Anual,10.442
2007,Huila,Hombres,Fuerza de trabajo potencial,Anual,0.0
2008,Huila,Hombres,Fuerza de trabajo potencial,Anual,0.0
2009,Huila,Hombres,Fuerza de trabajo potencial,Anual,0.0
2010,Huila,Hombres,Fuerza de trabajo potencial,Anual,0.0
2011,Huila,Hombres,Fuerza de trabajo potencial,Anual,0.0
2012,Huila,Hombres,Fuerza de trabajo potencial,Anual,0.0
2013,Huila,Hombres,Fuerza de trabajo potencial,Anual,0.0
2014,Huila,Hombres,Fuerza de trabajo potencial,Anual,0.0
2015,Huila,Hombres,Fuerza de trabajo potencial,Anual,0.0
2016,Huila,Hombres,Fuerza de trabajo potencial,Anual,0.0
2017,Huila,Hombres,Fuerza de trabajo potencial,Anual,0.0
2018,Huila,Hombres,Fuerza de trabajo potencial,Anual,0.0
2019,Huila,Hombres,Fuerza de trabajo potencial,Anual,0.0
2020,Huila,Hombres,Fuerza de trabajo potencial,Anual,0.0
2021,Huila,Hombres,Fuerza de trabajo potencial,Anual,4.848
2022,Huila,Hombres,Fuerza de trabajo potencial,Anual,6.673
2023,Huila,Hombres,Fuerza de trabajo potencial,Anual,4.341
2024,Huila,Hombres,Fuerza de trabajo potencial,Anual,3.701
2025,Huila,Hombres,Fuerza de trabajo potencial,Anual,1.442
2007,La Guajira,Hombres,% población en edad de trabajar,Anual,59.595272174
2008,La Guajira,Hombres,% población en edad de trabajar,Anual,59.842697968
2009,La Guajira,Hombres,% población en edad de trabajar,Anual,60.107258566
2010,La Guajira,Hombres,% población en edad de trabajar,Anual,60.393337404
2011,La Guajira,Hombres,% población en edad de trabajar,Anual,60.699705542
2012,La Guajira,Hombres,% población en edad de trabajar,Anual,61.048378124
2013,La Guajira,Hombres,% población en edad de trabajar,Anual,61.437712484
2014,La Guajira,Hombres,% población en edad de trabajar,Anual,61.862252515
2015,La Guajira,Hombres,% población en edad de trabajar,Anual,62.32293178
2016,La Guajira,Hombres,% población en edad de trabajar,Anual,62.808074243
2017,La Guajira,Hombres,% población en edad de trabajar,Anual,63.294855558
2018,La Guajira,Hombres,% población en edad de trabajar,Anual,63.71859063
2019,La Guajira,Hombres,% población en edad de trabajar,Anual,64.414729598
2020,La Guajira,Hombres,% población en edad de trabajar,Anual,64.972673657
2021,La Guajira,Hombres,% población en edad de trabajar,Anual,65.421766172
2022,La Guajira,Hombres,% población en edad de trabajar,Anual,65.819771093
2023,La Guajira,Hombres,% población en edad de trabajar,Anual,66.25455041
2024,La Guajira,Hombres,% población en edad de trabajar,Anual,66.778758687
2025,La Guajira,Hombres,% población en edad de trabajar,Anual,67.338201181
2007,La Guajira,Hombres,Tasa Global de Participación (TGP),Anual,67.125992593
2008,La Guajira,Hombres,Tasa Global de Participación (TGP),Anual,71.628031152
2009,La Guajira,Hombres,Tasa Global de Participación (TGP),Anual,80.192327208
2010,La Guajira,Hombres,Tasa Global de Participación (TGP),Anual,87.117438812
2011,La Guajira,Hombres,Tasa Global de Participación (TGP),Anual,84.381105831
2012,La Guajira,Hombres,Tasa Global de Participación (TGP),Anual,90.281188248
2013,La Guajira,Hombres,Tasa Global de Participación (TGP),Anual,89.373658012
2014,La Guajira,Hombres,Tasa Global de Participación (TGP),Anual,87.500054246
2015,La Guajira,Hombres,Tasa Global de Participación (TGP),Anual,89.443200525
2016,La Guajira,Hombres,Tasa Global de Participación (TGP),Anual,88.524234058
2017,La Guajira,Hombres,Tasa Global de Participación (TGP),Anual,90.797797722
2018,La Guajira,Hombres,Tasa Global de Participación (TGP),Anual,92.519772274
2019,La Guajira,Hombres,Tasa Global de Participación (TGP),Anual,90.545506477
2020,La Guajira,Hombres,Tasa Global de Participación (TGP),Anual,85.885929274
2021,La Guajira,Hombres,Tasa Global de Participación (TGP),Anual,82.165762504
2022,La Guajira,Hombres,Tasa Global de Participación (TGP),Anual,78.594765205
2023,La Guajira,Hombres,Tasa Global de Participación (TGP),Anual,73.512168415
2024,La Guajira,Hombres,Tasa Global de Participación (TGP),Anual,71.33980137
2025,La Guajira,Hombres,Tasa Global de Participación (TGP),Anual,73.640505364
2007,La Guajira,Hombres,Tasa de Ocupación (TO),Anual,57.646504945
2008,La Guajira,Hombres,Tasa de Ocupación (TO),Anual,62.536333651
2009,La Guajira,Hombres,Tasa de Ocupación (TO),Anual,74.564974455
2010,La Guajira,Hombres,Tasa de Ocupación (TO),Anual,82.598997863
2011,La Guajira,Hombres,Tasa de Ocupación (TO),Anual,78.938834753
2012,La Guajira,Hombres,Tasa de Ocupación (TO),Anual,84.739230476
2013,La Guajira,Hombres,Tasa de Ocupación (TO),Anual,84.772191487
2014,La Guajira,Hombres,Tasa de Ocupación (TO),Anual,84.319370694
2015,La Guajira,Hombres,Tasa de Ocupación (TO),Anual,84.357415951
2016,La Guajira,Hombres,Tasa de Ocupación (TO),Anual,83.30682532
2017,La Guajira,Hombres,Tasa de Ocupación (TO),Anual,87.496184552
2018,La Guajira,Hombres,Tasa de Ocupación (TO),Anual,90.441613893
2019,La Guajira,Hombres,Tasa de Ocupación (TO),Anual,87.78137741
2020,La Guajira,Hombres,Tasa de Ocupación (TO),Anual,80.238323923
2021,La Guajira,Hombres,Tasa de Ocupación (TO),Anual,78.486149717
2022,La Guajira,Hombres,Tasa de Ocupación (TO),Anual,73.14532647
2023,La Guajira,Hombres,Tasa de Ocupación (TO),Anual,64.392900151
2024,La Guajira,Hombres,Tasa de Ocupación (TO),Anual,63.996012747
2025,La Guajira,Hombres,Tasa de Ocupación (TO),Anual,66.520912455
2007,La Guajira,Hombres,Tasa de Desocupación (TD),Anual,14.121932923
2008,La Guajira,Hombres,Tasa de Desocupación (TD),Anual,12.6929323
2009,La Guajira,Hombres,Tasa de Desocupación (TD),Anual,7.017320671
2010,La Guajira,Hombres,Tasa de Desocupación (TD),Anual,5.186609031
2011,La Guajira,Hombres,Tasa de Desocupación (TD),Anual,6.449632324
2012,La Guajira,Hombres,Tasa de Desocupación (TD),Anual,6.138552094
2013,La Guajira,Hombres,Tasa de Desocupación (TD),Anual,5.148571321
2014,La Guajira,Hombres,Tasa de Desocupación (TD),Anual,3.635064662
2015,La Guajira,Hombres,Tasa de Desocupación (TD),Anual,5.686049408
2016,La Guajira,Hombres,Tasa de Desocupación (TD),Anual,5.893763209
2017,La Guajira,Hombres,Tasa de Desocupación (TD),Anual,3.636226046
2018,La Guajira,Hombres,Tasa de Desocupación (TD),Anual,2.246177579
2019,La Guajira,Hombres,Tasa de Desocupación (TD),Anual,3.052751235
2020,La Guajira,Hombres,Tasa de Desocupación (TD),Anual,6.575705006
2021,La Guajira,Hombres,Tasa de Desocupación (TD),Anual,4.478279851
2022,La Guajira,Hombres,Tasa de Desocupación (TD),Anual,6.933589943
2023,La Guajira,Hombres,Tasa de Desocupación (TD),Anual,12.405113957
2024,La Guajira,Hombres,Tasa de Desocupación (TD),Anual,10.29409738
2025,La Guajira,Hombres,Tasa de Desocupación (TD),Anual,9.668039177
2007,La Guajira,Hombres,Tasa de Subocupación (TS),Anual,10.792049048
2008,La Guajira,Hombres,Tasa de Subocupación (TS),Anual,7.366536009
2009,La Guajira,Hombres,Tasa de Subocupación (TS),Anual,9.873659746
2010,La Guajira,Hombres,Tasa de Subocupación (TS),Anual,13.20398634
2011,La Guajira,Hombres,Tasa de Subocupación (TS),Anual,6.222671655
2012,La Guajira,Hombres,Tasa de Subocupación (TS),Anual,11.078188149
2013,La Guajira,Hombres,Tasa de Subocupación (TS),Anual,11.505772567
2014,La Guajira,Hombres,Tasa de Subocupación (TS),Anual,11.775528554
2015,La Guajira,Hombres,Tasa de Subocupación (TS),Anual,13.704077478
2016,La Guajira,Hombres,Tasa de Subocupación (TS),Anual,14.456930355
2017,La Guajira,Hombres,Tasa de Subocupación (TS),Anual,15.527265107
2018,La Guajira,Hombres,Tasa de Subocupación (TS),Anual,16.55576858
2019,La Guajira,Hombres,Tasa de Subocupación (TS),Anual,16.944091796
2020,La Guajira,Hombres,Tasa de Subocupación (TS),Anual,0.0
2021,La Guajira,Hombres,Tasa de Subocupación (TS),Anual,10.899396692
2022,La Guajira,Hombres,Tasa de Subocupación (TS),Anual,7.810175677
2023,La Guajira,Hombres,Tasa de Subocupación (TS),Anual,10.428118822
2024,La Guajira,Hombres,Tasa de Subocupación (TS),Anual,9.559453533
2025,La Guajira,Hombres,Tasa de Subocupación (TS),Anual,9.987444886
2007,La Guajira,Hombres,Población total,Anual,327.677
2008,La Guajira,Hombres,Población total,Anual,335.66
2009,La Guajira,Hombres,Población total,Anual,343.842
2010,La Guajira,Hombres,Población total,Anual,352.115
2011,La Guajira,Hombres,Población total,Anual,360.323
2012,La Guajira,Hombres,Población total,Anual,368.493
2013,La Guajira,Hombres,Población total,Anual,376.793
2014,La Guajira,Hombres,Población total,Anual,385.125
2015,La Guajira,Hombres,Población total,Anual,393.563
2016,La Guajira,Hombres,Población total,Anual,403.109
2017,La Guajira,Hombres,Población total,Anual,414.525
2018,La Guajira,Hombres,Población total,Anual,430.405
2019,La Guajira,Hombres,Población total,Anual,453.047
2020,La Guajira,Hombres,Población total,Anual,471.706
2021,La Guajira,Hombres,Población total,Anual,482.761
2022,La Guajira,Hombres,Población total,Anual,489.989
2023,La Guajira,Hombres,Población total,Anual,496.59
2024,La Guajira,Hombres,Población total,Anual,502.935
2025,La Guajira,Hombres,Población total,Anual,509.157
2007,La Guajira,Hombres,Población en edad de trabajar (PET),Anual,195.28
2008,La Guajira,Hombres,Población en edad de trabajar (PET),Anual,200.868
2009,La Guajira,Hombres,Población en edad de trabajar (PET),Anual,206.674
2010,La Guajira,Hombres,Población en edad de trabajar (PET),Anual,212.654
2011,La Guajira,Hombres,Población en edad de trabajar (PET),Anual,218.715
2012,La Guajira,Hombres,Población en edad de trabajar (PET),Anual,224.959
2013,La Guajira,Hombres,Población en edad de trabajar (PET),Anual,231.493
2014,La Guajira,Hombres,Población en edad de trabajar (PET),Anual,238.247
2015,La Guajira,Hombres,Población en edad de trabajar (PET),Anual,245.28
2016,La Guajira,Hombres,Población en edad de trabajar (PET),Anual,253.185
2017,La Guajira,Hombres,Población en edad de trabajar (PET),Anual,262.373
2018,La Guajira,Hombres,Población en edad de trabajar (PET),Anual,274.248
2019,La Guajira,Hombres,Población en edad de trabajar (PET),Anual,291.829
2020,La Guajira,Hombres,Población en edad de trabajar (PET),Anual,306.48
2021,La Guajira,Hombres,Población en edad de trabajar (PET),Anual,315.831
2022,La Guajira,Hombres,Población en edad de trabajar (PET),Anual,322.51
2023,La Guajira,Hombres,Población en edad de trabajar (PET),Anual,329.013
2024,La Guajira,Hombres,Población en edad de trabajar (PET),Anual,335.854
2025,La Guajira,Hombres,Población en edad de trabajar (PET),Anual,342.857
2007,La Guajira,Hombres,Fuerza de trabajo,Anual,131.083638
2008,La Guajira,Hombres,Fuerza de trabajo,Anual,143.877794
2009,La Guajira,Hombres,Fuerza de trabajo,Anual,165.73669
2010,La Guajira,Hombres,Fuerza de trabajo,Anual,185.258718
2011,La Guajira,Hombres,Fuerza de trabajo,Anual,184.554136
2012,La Guajira,Hombres,Fuerza de trabajo,Anual,203.095658
2013,La Guajira,Hombres,Fuerza de trabajo,Anual,206.89376199999998
2014,La Guajira,Hombres,Fuerza de trabajo,Anual,208.466254
2015,La Guajira,Hombres,Fuerza de trabajo,Anual,219.386282
2016,La Guajira,Hombres,Fuerza de trabajo,Anual,224.130082
2017,La Guajira,Hombres,Fuerza de trabajo,Anual,238.228906
2018,La Guajira,Hombres,Fuerza de trabajo,Anual,253.733625
2019,La Guajira,Hombres,Fuerza de trabajo,Anual,264.238046
2020,La Guajira,Hombres,Fuerza de trabajo,Anual,263.223196
2021,La Guajira,Hombres,Fuerza de trabajo,Anual,259.505
2022,La Guajira,Hombres,Fuerza de trabajo,Anual,253.476
2023,La Guajira,Hombres,Fuerza de trabajo,Anual,241.865
2024,La Guajira,Hombres,Fuerza de trabajo,Anual,239.597
2025,La Guajira,Hombres,Fuerza de trabajo,Anual,252.482
2007,La Guajira,Hombres,Población ocupada,Anual,112.572095
2008,La Guajira,Hombres,Población ocupada,Anual,125.615483
2009,La Guajira,Hombres,Población ocupada,Anual,154.106415
2010,La Guajira,Hombres,Población ocupada,Anual,175.650073
2011,La Guajira,Hombres,Población ocupada,Anual,172.651072
2012,La Guajira,Hombres,Población ocupada,Anual,190.628525
2013,La Guajira,Hombres,Población ocupada,Anual,196.241689
2014,La Guajira,Hombres,Población ocupada,Anual,200.888371
2015,La Guajira,Hombres,Población ocupada,Anual,206.91187
2016,La Guajira,Hombres,Población ocupada,Anual,210.920386
2017,La Guajira,Hombres,Población ocupada,Anual,229.566364
2018,La Guajira,Hombres,Población ocupada,Anual,248.03431700000002
2019,La Guajira,Hombres,Población ocupada,Anual,256.171516
2020,La Guajira,Hombres,Población ocupada,Anual,245.91441500000002
2021,La Guajira,Hombres,Población ocupada,Anual,247.883
2022,La Guajira,Hombres,Población ocupada,Anual,235.901
2023,La Guajira,Hombres,Población ocupada,Anual,211.861
2024,La Guajira,Hombres,Población ocupada,Anual,214.933
2025,La Guajira,Hombres,Población ocupada,Anual,228.072
2007,La Guajira,Hombres,Población desocupada,Anual,18.511543000000003
2008,La Guajira,Hombres,Población desocupada,Anual,18.262311
2009,La Guajira,Hombres,Población desocupada,Anual,11.630275
2010,La Guajira,Hombres,Población desocupada,Anual,9.608645000000001
2011,La Guajira,Hombres,Población desocupada,Anual,11.903063
2012,La Guajira,Hombres,Población desocupada,Anual,12.467133
2013,La Guajira,Hombres,Población desocupada,Anual,10.652073
2014,La Guajira,Hombres,Población desocupada,Anual,7.577883
2015,La Guajira,Hombres,Población desocupada,Anual,12.474412000000001
2016,La Guajira,Hombres,Población desocupada,Anual,13.209696
2017,La Guajira,Hombres,Población desocupada,Anual,8.662542
2018,La Guajira,Hombres,Población desocupada,Anual,5.699308
2019,La Guajira,Hombres,Población desocupada,Anual,8.06653
2020,La Guajira,Hombres,Población desocupada,Anual,17.308781
2021,La Guajira,Hombres,Población desocupada,Anual,11.621
2022,La Guajira,Hombres,Población desocupada,Anual,17.575
2023,La Guajira,Hombres,Población desocupada,Anual,30.004
2024,La Guajira,Hombres,Población desocupada,Anual,24.664
2025,La Guajira,Hombres,Población desocupada,Anual,24.41
2007,La Guajira,Hombres,Población fuera de la fuerza de trabajo,Anual,64.19636200000001
2008,La Guajira,Hombres,Población fuera de la fuerza de trabajo,Anual,56.990206
2009,La Guajira,Hombres,Población fuera de la fuerza de trabajo,Anual,40.93731
2010,La Guajira,Hombres,Población fuera de la fuerza de trabajo,Anual,27.395281999999998
2011,La Guajira,Hombres,Población fuera de la fuerza de trabajo,Anual,34.160864000000004
2012,La Guajira,Hombres,Población fuera de la fuerza de trabajo,Anual,21.863342
2013,La Guajira,Hombres,Población fuera de la fuerza de trabajo,Anual,24.599238
2014,La Guajira,Hombres,Población fuera de la fuerza de trabajo,Anual,29.780746
2015,La Guajira,Hombres,Población fuera de la fuerza de trabajo,Anual,25.893718
2016,La Guajira,Hombres,Población fuera de la fuerza de trabajo,Anual,29.054918
2017,La Guajira,Hombres,Población fuera de la fuerza de trabajo,Anual,24.144094000000003
2018,La Guajira,Hombres,Población fuera de la fuerza de trabajo,Anual,20.514375
2019,La Guajira,Hombres,Población fuera de la fuerza de trabajo,Anual,27.590954
2020,La Guajira,Hombres,Población fuera de la fuerza de trabajo,Anual,43.256803999999995
2021,La Guajira,Hombres,Población fuera de la fuerza de trabajo,Anual,56.326
2022,La Guajira,Hombres,Población fuera de la fuerza de trabajo,Anual,69.034
2023,La Guajira,Hombres,Población fuera de la fuerza de trabajo,Anual,87.149
2024,La Guajira,Hombres,Población fuera de la fuerza de trabajo,Anual,96.256
2025,La Guajira,Hombres,Población fuera de la fuerza de trabajo,Anual,90.375
2007,La Guajira,Hombres,Población subocupada,Anual,14.146611
2008,La Guajira,Hombres,Población subocupada,Anual,10.598809
2009,La Guajira,Hombres,Población subocupada,Anual,16.364277
2010,La Guajira,Hombres,Población subocupada,Anual,24.461536
2011,La Guajira,Hombres,Población subocupada,Anual,11.484198000000001
2012,La Guajira,Hombres,Población subocupada,Anual,22.499319
2013,La Guajira,Hombres,Población subocupada,Anual,23.804726
2014,La Guajira,Hombres,Población subocupada,Anual,24.548003
2015,La Guajira,Hombres,Población subocupada,Anual,30.064866000000002
2016,La Guajira,Hombres,Población subocupada,Anual,32.40233
2017,La Guajira,Hombres,Población subocupada,Anual,36.990434
2018,La Guajira,Hombres,Población subocupada,Anual,42.007552000000004
2019,La Guajira,Hombres,Población subocupada,Anual,44.772737
2020,La Guajira,Hombres,Población subocupada,Anual,0.0
2021,La Guajira,Hombres,Población subocupada,Anual,28.284
2022,La Guajira,Hombres,Población subocupada,Anual,19.797
2023,La Guajira,Hombres,Población subocupada,Anual,25.222
2024,La Guajira,Hombres,Población subocupada,Anual,22.904
2025,La Guajira,Hombres,Población subocupada,Anual,25.216
2007,La Guajira,Hombres,Fuerza de trabajo potencial,Anual,0.0
2008,La Guajira,Hombres,Fuerza de trabajo potencial,Anual,0.0
2009,La Guajira,Hombres,Fuerza de trabajo potencial,Anual,0.0
2010,La Guajira,Hombres,Fuerza de trabajo potencial,Anual,0.0
2011,La Guajira,Hombres,Fuerza de trabajo potencial,Anual,0.0
2012,La Guajira,Hombres,Fuerza de trabajo potencial,Anual,0.0
2013,La Guajira,Hombres,Fuerza de trabajo potencial,Anual,0.0
2014,La Guajira,Hombres,Fuerza de trabajo potencial,Anual,0.0
2015,La Guajira,Hombres,Fuerza de trabajo potencial,Anual,0.0
2016,La Guajira,Hombres,Fuerza de trabajo potencial,Anual,0.0
2017,La Guajira,Hombres,Fuerza de trabajo potencial,Anual,0.0
2018,La Guajira,Hombres,Fuerza de trabajo potencial,Anual,0.0
2019,La Guajira,Hombres,Fuerza de trabajo potencial,Anual,0.0
2020,La Guajira,Hombres,Fuerza de trabajo potencial,Anual,0.0
2021,La Guajira,Hombres,Fuerza de trabajo potencial,Anual,8.878
2022,La Guajira,Hombres,Fuerza de trabajo potencial,Anual,7.528
2023,La Guajira,Hombres,Fuerza de trabajo potencial,Anual,7.445
2024,La Guajira,Hombres,Fuerza de trabajo potencial,Anual,11.765
2025,La Guajira,Hombres,Fuerza de trabajo potencial,Anual,10.653
2007,Magdalena,Hombres,% población en edad de trabajar,Anual,66.174059596
2008,Magdalena,Hombres,% población en edad de trabajar,Anual,66.377372573
2009,Magdalena,Hombres,% población en edad de trabajar,Anual,66.599485896
2010,Magdalena,Hombres,% población en edad de trabajar,Anual,66.838079127
2011,Magdalena,Hombres,% población en edad de trabajar,Anual,67.099021237
2012,Magdalena,Hombres,% población en edad de trabajar,Anual,67.390679223
2013,Magdalena,Hombres,% población en edad de trabajar,Anual,67.720924235
2014,Magdalena,Hombres,% población en edad de trabajar,Anual,68.082015906
2015,Magdalena,Hombres,% población en edad de trabajar,Anual,68.474379778
2016,Magdalena,Hombres,% población en edad de trabajar,Anual,68.897048002
2017,Magdalena,Hombres,% población en edad de trabajar,Anual,69.333800735
2018,Magdalena,Hombres,% población en edad de trabajar,Anual,69.785774982
2019,Magdalena,Hombres,% población en edad de trabajar,Anual,70.254092951
2020,Magdalena,Hombres,% población en edad de trabajar,Anual,70.69368077
2021,Magdalena,Hombres,% población en edad de trabajar,Anual,71.126335335
2022,Magdalena,Hombres,% población en edad de trabajar,Anual,71.536120676
2023,Magdalena,Hombres,% población en edad de trabajar,Anual,71.945703504
2024,Magdalena,Hombres,% población en edad de trabajar,Anual,72.427563678
2025,Magdalena,Hombres,% población en edad de trabajar,Anual,72.876306639
2007,Magdalena,Hombres,Tasa Global de Participación (TGP),Anual,78.260598421
2008,Magdalena,Hombres,Tasa Global de Participación (TGP),Anual,74.942983265
2009,Magdalena,Hombres,Tasa Global de Participación (TGP),Anual,77.361207124
2010,Magdalena,Hombres,Tasa Global de Participación (TGP),Anual,78.789920636
2011,Magdalena,Hombres,Tasa Global de Participación (TGP),Anual,78.405786349
2012,Magdalena,Hombres,Tasa Global de Participación (TGP),Anual,80.08267656
2013,Magdalena,Hombres,Tasa Global de Participación (TGP),Anual,78.176079638
2014,Magdalena,Hombres,Tasa Global de Participación (TGP),Anual,79.459221118
2015,Magdalena,Hombres,Tasa Global de Participación (TGP),Anual,79.643709898
2016,Magdalena,Hombres,Tasa Global de Participación (TGP),Anual,79.034959326
2017,Magdalena,Hombres,Tasa Global de Participación (TGP),Anual,79.627121772
2018,Magdalena,Hombres,Tasa Global de Participación (TGP),Anual,78.36568228
2019,Magdalena,Hombres,Tasa Global de Participación (TGP),Anual,79.375521324
2020,Magdalena,Hombres,Tasa Global de Participación (TGP),Anual,73.825406464
2021,Magdalena,Hombres,Tasa Global de Participación (TGP),Anual,76.885826545
2022,Magdalena,Hombres,Tasa Global de Participación (TGP),Anual,77.142252421
2023,Magdalena,Hombres,Tasa Global de Participación (TGP),Anual,77.44932382
2024,Magdalena,Hombres,Tasa Global de Participación (TGP),Anual,75.178082337
2025,Magdalena,Hombres,Tasa Global de Participación (TGP),Anual,76.445116789
2007,Magdalena,Hombres,Tasa de Ocupación (TO),Anual,71.752401306
2008,Magdalena,Hombres,Tasa de Ocupación (TO),Anual,68.497470322
2009,Magdalena,Hombres,Tasa de Ocupación (TO),Anual,71.959708244
2010,Magdalena,Hombres,Tasa de Ocupación (TO),Anual,73.751334249
2011,Magdalena,Hombres,Tasa de Ocupación (TO),Anual,72.358415206
2012,Magdalena,Hombres,Tasa de Ocupación (TO),Anual,75.64804174
2013,Magdalena,Hombres,Tasa de Ocupación (TO),Anual,74.104497134
2014,Magdalena,Hombres,Tasa de Ocupación (TO),Anual,75.853910924
2015,Magdalena,Hombres,Tasa de Ocupación (TO),Anual,76.431555618
2016,Magdalena,Hombres,Tasa de Ocupación (TO),Anual,75.569404467
2017,Magdalena,Hombres,Tasa de Ocupación (TO),Anual,76.666593545
2018,Magdalena,Hombres,Tasa de Ocupación (TO),Anual,75.020835953
2019,Magdalena,Hombres,Tasa de Ocupación (TO),Anual,75.541629196
2020,Magdalena,Hombres,Tasa de Ocupación (TO),Anual,67.891884323
2021,Magdalena,Hombres,Tasa de Ocupación (TO),Anual,71.350227792
2022,Magdalena,Hombres,Tasa de Ocupación (TO),Anual,72.84846947
2023,Magdalena,Hombres,Tasa de Ocupación (TO),Anual,73.355441807
2024,Magdalena,Hombres,Tasa de Ocupación (TO),Anual,70.810081486
2025,Magdalena,Hombres,Tasa de Ocupación (TO),Anual,71.604978712
2007,Magdalena,Hombres,Tasa de Desocupación (TD),Anual,8.316058459
2008,Magdalena,Hombres,Tasa de Desocupación (TD),Anual,8.600555598
2009,Magdalena,Hombres,Tasa de Desocupación (TD),Anual,6.982180192
2010,Magdalena,Hombres,Tasa de Desocupación (TD),Anual,6.394963145
2011,Magdalena,Hombres,Tasa de Desocupación (TD),Anual,7.712914346
2012,Magdalena,Hombres,Tasa de Desocupación (TD),Anual,5.537570684
2013,Magdalena,Hombres,Tasa de Desocupación (TD),Anual,5.208220369
2014,Magdalena,Hombres,Tasa de Desocupación (TD),Anual,4.537308751
2015,Magdalena,Hombres,Tasa de Desocupación (TD),Anual,4.033155015
2016,Magdalena,Hombres,Tasa de Desocupación (TD),Anual,4.38483791
2017,Magdalena,Hombres,Tasa de Desocupación (TD),Anual,3.717989752
2018,Magdalena,Hombres,Tasa de Desocupación (TD),Anual,4.268253947
2019,Magdalena,Hombres,Tasa de Desocupación (TD),Anual,4.830068596
2020,Magdalena,Hombres,Tasa de Desocupación (TD),Anual,8.037235994
2021,Magdalena,Hombres,Tasa de Desocupación (TD),Anual,7.1997649
2022,Magdalena,Hombres,Tasa de Desocupación (TD),Anual,5.566058569
2023,Magdalena,Hombres,Tasa de Desocupación (TD),Anual,5.285884771
2024,Magdalena,Hombres,Tasa de Desocupación (TD),Anual,5.810205203
2025,Magdalena,Hombres,Tasa de Desocupación (TD),Anual,6.331520285
2007,Magdalena,Hombres,Tasa de Subocupación (TS),Anual,10.741102576
2008,Magdalena,Hombres,Tasa de Subocupación (TS),Anual,9.150338803
2009,Magdalena,Hombres,Tasa de Subocupación (TS),Anual,8.943130835
2010,Magdalena,Hombres,Tasa de Subocupación (TS),Anual,9.104174881
2011,Magdalena,Hombres,Tasa de Subocupación (TS),Anual,11.979292405
2012,Magdalena,Hombres,Tasa de Subocupación (TS),Anual,10.915544407
2013,Magdalena,Hombres,Tasa de Subocupación (TS),Anual,11.947606898
2014,Magdalena,Hombres,Tasa de Subocupación (TS),Anual,11.759607832
2015,Magdalena,Hombres,Tasa de Subocupación (TS),Anual,12.088918115
2016,Magdalena,Hombres,Tasa de Subocupación (TS),Anual,10.142639557
2017,Magdalena,Hombres,Tasa de Subocupación (TS),Anual,12.141743933
2018,Magdalena,Hombres,Tasa de Subocupación (TS),Anual,10.253846389
2019,Magdalena,Hombres,Tasa de Subocupación (TS),Anual,11.318579608
2020,Magdalena,Hombres,Tasa de Subocupación (TS),Anual,0.0
2021,Magdalena,Hombres,Tasa de Subocupación (TS),Anual,10.472309572
2022,Magdalena,Hombres,Tasa de Subocupación (TS),Anual,12.549100732
2023,Magdalena,Hombres,Tasa de Subocupación (TS),Anual,11.225688293
2024,Magdalena,Hombres,Tasa de Subocupación (TS),Anual,9.063547636
2025,Magdalena,Hombres,Tasa de Subocupación (TS),Anual,9.092536079
2007,Magdalena,Hombres,Población total,Anual,566.645
2008,Magdalena,Hombres,Población total,Anual,576.115
2009,Magdalena,Hombres,Población total,Anual,585.485
2010,Magdalena,Hombres,Población total,Anual,594.667
2011,Magdalena,Hombres,Población total,Anual,603.517
2012,Magdalena,Hombres,Población total,Anual,612.052
2013,Magdalena,Hombres,Población total,Anual,620.405
2014,Magdalena,Hombres,Población total,Anual,628.561
2015,Magdalena,Hombres,Población total,Anual,636.587
2016,Magdalena,Hombres,Población total,Anual,645.495
2017,Magdalena,Hombres,Población total,Anual,656.11
2018,Magdalena,Hombres,Población total,Anual,670.79
2019,Magdalena,Hombres,Población total,Anual,693.998
2020,Magdalena,Hombres,Población total,Anual,713.109
2021,Magdalena,Hombres,Población total,Anual,724.272
2022,Magdalena,Hombres,Población total,Anual,731.404
2023,Magdalena,Hombres,Población total,Anual,737.801
2024,Magdalena,Hombres,Población total,Anual,744.09
2025,Magdalena,Hombres,Población total,Anual,750.343
2007,Magdalena,Hombres,Población en edad de trabajar (PET),Anual,374.972
2008,Magdalena,Hombres,Población en edad de trabajar (PET),Anual,382.41
2009,Magdalena,Hombres,Población en edad de trabajar (PET),Anual,389.93
2010,Magdalena,Hombres,Población en edad de trabajar (PET),Anual,397.464
2011,Magdalena,Hombres,Población en edad de trabajar (PET),Anual,404.954
2012,Magdalena,Hombres,Población en edad de trabajar (PET),Anual,412.466
2013,Magdalena,Hombres,Población en edad de trabajar (PET),Anual,420.144
2014,Magdalena,Hombres,Población en edad de trabajar (PET),Anual,427.937
2015,Magdalena,Hombres,Población en edad de trabajar (PET),Anual,435.899
2016,Magdalena,Hombres,Población en edad de trabajar (PET),Anual,444.727
2017,Magdalena,Hombres,Población en edad de trabajar (PET),Anual,454.906
2018,Magdalena,Hombres,Población en edad de trabajar (PET),Anual,468.116
2019,Magdalena,Hombres,Población en edad de trabajar (PET),Anual,487.562
2020,Magdalena,Hombres,Población en edad de trabajar (PET),Anual,504.123
2021,Magdalena,Hombres,Población en edad de trabajar (PET),Anual,515.148
2022,Magdalena,Hombres,Población en edad de trabajar (PET),Anual,523.218
2023,Magdalena,Hombres,Población en edad de trabajar (PET),Anual,530.816
2024,Magdalena,Hombres,Población en edad de trabajar (PET),Anual,538.926
2025,Magdalena,Hombres,Población en edad de trabajar (PET),Anual,546.822
2007,Magdalena,Hombres,Fuerza de trabajo,Anual,293.455331
2008,Magdalena,Hombres,Fuerza de trabajo,Anual,286.589462
2009,Magdalena,Hombres,Fuerza de trabajo,Anual,301.654555
2010,Magdalena,Hombres,Fuerza de trabajo,Anual,313.16157
2011,Magdalena,Hombres,Fuerza de trabajo,Anual,317.50736800000004
2012,Magdalena,Hombres,Fuerza de trabajo,Anual,330.31381300000004
2013,Magdalena,Hombres,Fuerza de trabajo,Anual,328.452108
2014,Magdalena,Hombres,Fuerza de trabajo,Anual,340.035407
2015,Magdalena,Hombres,Fuerza de trabajo,Anual,347.166135
2016,Magdalena,Hombres,Fuerza de trabajo,Anual,351.489804
2017,Magdalena,Hombres,Fuerza de trabajo,Anual,362.228555
2018,Magdalena,Hombres,Fuerza de trabajo,Anual,366.84229700000003
2019,Magdalena,Hombres,Fuerza de trabajo,Anual,387.004879
2020,Magdalena,Hombres,Fuerza de trabajo,Anual,372.170854
2021,Magdalena,Hombres,Fuerza de trabajo,Anual,396.076
2022,Magdalena,Hombres,Fuerza de trabajo,Anual,403.622
2023,Magdalena,Hombres,Fuerza de trabajo,Anual,411.113
2024,Magdalena,Hombres,Fuerza de trabajo,Anual,405.155
2025,Magdalena,Hombres,Fuerza de trabajo,Anual,418.019
2007,Magdalena,Hombres,Población ocupada,Anual,269.05141399999997
2008,Magdalena,Hombres,Población ocupada,Anual,261.941176
2009,Magdalena,Hombres,Población ocupada,Anual,280.59249
2010,Magdalena,Hombres,Población ocupada,Anual,293.13500300000004
2011,Magdalena,Hombres,Población ocupada,Anual,293.018297
2012,Magdalena,Hombres,Población ocupada,Anual,312.022452
2013,Magdalena,Hombres,Población ocupada,Anual,311.345598
2014,Magdalena,Hombres,Población ocupada,Anual,324.606951
2015,Magdalena,Hombres,Población ocupada,Anual,333.164387
2016,Magdalena,Hombres,Población ocupada,Anual,336.077545
2017,Magdalena,Hombres,Población ocupada,Anual,348.760934
2018,Magdalena,Hombres,Población ocupada,Anual,351.18453600000004
2019,Magdalena,Hombres,Población ocupada,Anual,368.312278
2020,Magdalena,Hombres,Población ocupada,Anual,342.258604
2021,Magdalena,Hombres,Población ocupada,Anual,367.559
2022,Magdalena,Hombres,Población ocupada,Anual,381.156
2023,Magdalena,Hombres,Población ocupada,Anual,389.382
2024,Magdalena,Hombres,Población ocupada,Anual,381.614
2025,Magdalena,Hombres,Población ocupada,Anual,391.552
2007,Magdalena,Hombres,Población desocupada,Anual,24.403917
2008,Magdalena,Hombres,Población desocupada,Anual,24.648286
2009,Magdalena,Hombres,Población desocupada,Anual,21.062064999999997
2010,Magdalena,Hombres,Población desocupada,Anual,20.026567
2011,Magdalena,Hombres,Población desocupada,Anual,24.489071
2012,Magdalena,Hombres,Población desocupada,Anual,18.291361000000002
2013,Magdalena,Hombres,Población desocupada,Anual,17.10651
2014,Magdalena,Hombres,Población desocupada,Anual,15.428456
2015,Magdalena,Hombres,Población desocupada,Anual,14.001748
2016,Magdalena,Hombres,Población desocupada,Anual,15.412258
2017,Magdalena,Hombres,Población desocupada,Anual,13.467621
2018,Magdalena,Hombres,Población desocupada,Anual,15.657761
2019,Magdalena,Hombres,Población desocupada,Anual,18.692601
2020,Magdalena,Hombres,Población desocupada,Anual,29.91225
2021,Magdalena,Hombres,Población desocupada,Anual,28.517
2022,Magdalena,Hombres,Población desocupada,Anual,22.466
2023,Magdalena,Hombres,Población desocupada,Anual,21.731
2024,Magdalena,Hombres,Población desocupada,Anual,23.54
2025,Magdalena,Hombres,Población desocupada,Anual,26.467
2007,Magdalena,Hombres,Población fuera de la fuerza de trabajo,Anual,81.516669
2008,Magdalena,Hombres,Población fuera de la fuerza de trabajo,Anual,95.820538
2009,Magdalena,Hombres,Población fuera de la fuerza de trabajo,Anual,88.275445
2010,Magdalena,Hombres,Población fuera de la fuerza de trabajo,Anual,84.30242999999999
2011,Magdalena,Hombres,Población fuera de la fuerza de trabajo,Anual,87.446632
2012,Magdalena,Hombres,Población fuera de la fuerza de trabajo,Anual,82.15218700000001
2013,Magdalena,Hombres,Población fuera de la fuerza de trabajo,Anual,91.69189200000001
2014,Magdalena,Hombres,Población fuera de la fuerza de trabajo,Anual,87.90159299999999
2015,Magdalena,Hombres,Población fuera de la fuerza de trabajo,Anual,88.732865
2016,Magdalena,Hombres,Población fuera de la fuerza de trabajo,Anual,93.237196
2017,Magdalena,Hombres,Población fuera de la fuerza de trabajo,Anual,92.677445
2018,Magdalena,Hombres,Población fuera de la fuerza de trabajo,Anual,101.273703
2019,Magdalena,Hombres,Población fuera de la fuerza de trabajo,Anual,100.557121
2020,Magdalena,Hombres,Población fuera de la fuerza de trabajo,Anual,131.952146
2021,Magdalena,Hombres,Población fuera de la fuerza de trabajo,Anual,119.072
2022,Magdalena,Hombres,Población fuera de la fuerza de trabajo,Anual,119.596
2023,Magdalena,Hombres,Población fuera de la fuerza de trabajo,Anual,119.703
2024,Magdalena,Hombres,Población fuera de la fuerza de trabajo,Anual,133.772
2025,Magdalena,Hombres,Población fuera de la fuerza de trabajo,Anual,128.803
2007,Magdalena,Hombres,Población subocupada,Anual,31.520338
2008,Magdalena,Hombres,Población subocupada,Anual,26.223907
2009,Magdalena,Hombres,Población subocupada,Anual,26.977362
2010,Magdalena,Hombres,Población subocupada,Anual,28.510776999999997
2011,Magdalena,Hombres,Población subocupada,Anual,38.035136
2012,Magdalena,Hombres,Población subocupada,Anual,36.055551
2013,Magdalena,Hombres,Población subocupada,Anual,39.242167
2014,Magdalena,Hombres,Población subocupada,Anual,39.986830000000005
2015,Magdalena,Hombres,Población subocupada,Anual,41.96863
2016,Magdalena,Hombres,Población subocupada,Anual,35.650344
2017,Magdalena,Hombres,Población subocupada,Anual,43.980864000000004
2018,Magdalena,Hombres,Población subocupada,Anual,37.615446000000006
2019,Magdalena,Hombres,Población subocupada,Anual,43.803455
2020,Magdalena,Hombres,Población subocupada,Anual,0.0
2021,Magdalena,Hombres,Población subocupada,Anual,41.478
2022,Magdalena,Hombres,Población subocupada,Anual,50.651
2023,Magdalena,Hombres,Población subocupada,Anual,46.15
2024,Magdalena,Hombres,Población subocupada,Anual,36.721
2025,Magdalena,Hombres,Población subocupada,Anual,38.009
2007,Magdalena,Hombres,Fuerza de trabajo potencial,Anual,0.0
2008,Magdalena,Hombres,Fuerza de trabajo potencial,Anual,0.0
2009,Magdalena,Hombres,Fuerza de trabajo potencial,Anual,0.0
2010,Magdalena,Hombres,Fuerza de trabajo potencial,Anual,0.0
2011,Magdalena,Hombres,Fuerza de trabajo potencial,Anual,0.0
2012,Magdalena,Hombres,Fuerza de trabajo potencial,Anual,0.0
2013,Magdalena,Hombres,Fuerza de trabajo potencial,Anual,0.0
2014,Magdalena,Hombres,Fuerza de trabajo potencial,Anual,0.0
2015,Magdalena,Hombres,Fuerza de trabajo potencial,Anual,0.0
2016,Magdalena,Hombres,Fuerza de trabajo potencial,Anual,0.0
2017,Magdalena,Hombres,Fuerza de trabajo potencial,Anual,0.0
2018,Magdalena,Hombres,Fuerza de trabajo potencial,Anual,0.0
2019,Magdalena,Hombres,Fuerza de trabajo potencial,Anual,0.0
2020,Magdalena,Hombres,Fuerza de trabajo potencial,Anual,0.0
2021,Magdalena,Hombres,Fuerza de trabajo potencial,Anual,9.87
2022,Magdalena,Hombres,Fuerza de trabajo potencial,Anual,10.947
2023,Magdalena,Hombres,Fuerza de trabajo potencial,Anual,6.184
2024,Magdalena,Hombres,Fuerza de trabajo potencial,Anual,6.632
2025,Magdalena,Hombres,Fuerza de trabajo potencial,Anual,8.674
2007,Meta,Hombres,% población en edad de trabajar,Anual,68.871133816
2008,Meta,Hombres,% población en edad de trabajar,Anual,69.364919217
2009,Meta,Hombres,% población en edad de trabajar,Anual,69.859782291
2010,Meta,Hombres,% población en edad de trabajar,Anual,70.340371812
2011,Meta,Hombres,% población en edad de trabajar,Anual,70.813146748
2012,Meta,Hombres,% población en edad de trabajar,Anual,71.278245482
2013,Meta,Hombres,% población en edad de trabajar,Anual,71.734966496
2014,Meta,Hombres,% población en edad de trabajar,Anual,72.16941381
2015,Meta,Hombres,% población en edad de trabajar,Anual,72.587434651
2016,Meta,Hombres,% población en edad de trabajar,Anual,72.984611637
2017,Meta,Hombres,% población en edad de trabajar,Anual,73.351403499
2018,Meta,Hombres,% población en edad de trabajar,Anual,73.709843732
2019,Meta,Hombres,% población en edad de trabajar,Anual,74.002986755
2020,Meta,Hombres,% población en edad de trabajar,Anual,74.287196696
2021,Meta,Hombres,% población en edad de trabajar,Anual,74.596519004
2022,Meta,Hombres,% población en edad de trabajar,Anual,74.882124012
2023,Meta,Hombres,% población en edad de trabajar,Anual,75.167169255
2024,Meta,Hombres,% población en edad de trabajar,Anual,75.499638919
2025,Meta,Hombres,% población en edad de trabajar,Anual,75.824517918
2007,Meta,Hombres,Tasa Global de Participación (TGP),Anual,80.766583832
2008,Meta,Hombres,Tasa Global de Participación (TGP),Anual,79.966783047
2009,Meta,Hombres,Tasa Global de Participación (TGP),Anual,83.394924566
2010,Meta,Hombres,Tasa Global de Participación (TGP),Anual,82.543151607
2011,Meta,Hombres,Tasa Global de Participación (TGP),Anual,83.728445977
2012,Meta,Hombres,Tasa Global de Participación (TGP),Anual,83.172110771
2013,Meta,Hombres,Tasa Global de Participación (TGP),Anual,80.454553539
2014,Meta,Hombres,Tasa Global de Participación (TGP),Anual,80.065342617
2015,Meta,Hombres,Tasa Global de Participación (TGP),Anual,82.066097329
2016,Meta,Hombres,Tasa Global de Participación (TGP),Anual,80.891653643
2017,Meta,Hombres,Tasa Global de Participación (TGP),Anual,82.378727903
2018,Meta,Hombres,Tasa Global de Participación (TGP),Anual,81.153254987
2019,Meta,Hombres,Tasa Global de Participación (TGP),Anual,81.036953347
2020,Meta,Hombres,Tasa Global de Participación (TGP),Anual,75.330739679
2021,Meta,Hombres,Tasa Global de Participación (TGP),Anual,76.603736109
2022,Meta,Hombres,Tasa Global de Participación (TGP),Anual,76.967389745
2023,Meta,Hombres,Tasa Global de Participación (TGP),Anual,77.018808245
2024,Meta,Hombres,Tasa Global de Participación (TGP),Anual,77.312420394
2025,Meta,Hombres,Tasa Global de Participación (TGP),Anual,77.737166719
2007,Meta,Hombres,Tasa de Ocupación (TO),Anual,73.526366766
2008,Meta,Hombres,Tasa de Ocupación (TO),Anual,72.667892106
2009,Meta,Hombres,Tasa de Ocupación (TO),Anual,75.625400947
2010,Meta,Hombres,Tasa de Ocupación (TO),Anual,75.540948434
2011,Meta,Hombres,Tasa de Ocupación (TO),Anual,76.567989306
2012,Meta,Hombres,Tasa de Ocupación (TO),Anual,75.829556247
2013,Meta,Hombres,Tasa de Ocupación (TO),Anual,73.335668609
2014,Meta,Hombres,Tasa de Ocupación (TO),Anual,72.913649702
2015,Meta,Hombres,Tasa de Ocupación (TO),Anual,74.744352565
2016,Meta,Hombres,Tasa de Ocupación (TO),Anual,73.328102816
2017,Meta,Hombres,Tasa de Ocupación (TO),Anual,74.11303278
2018,Meta,Hombres,Tasa de Ocupación (TO),Anual,73.264084952
2019,Meta,Hombres,Tasa de Ocupación (TO),Anual,71.563220851
2020,Meta,Hombres,Tasa de Ocupación (TO),Anual,61.839233505
2021,Meta,Hombres,Tasa de Ocupación (TO),Anual,66.094469753
2022,Meta,Hombres,Tasa de Ocupación (TO),Anual,69.542235701
2023,Meta,Hombres,Tasa de Ocupación (TO),Anual,69.904837685
2024,Meta,Hombres,Tasa de Ocupación (TO),Anual,70.951988941
2025,Meta,Hombres,Tasa de Ocupación (TO),Anual,71.691588691
2007,Meta,Hombres,Tasa de Desocupación (TD),Anual,8.964372048
2008,Meta,Hombres,Tasa de Desocupación (TD),Anual,9.127403483
2009,Meta,Hombres,Tasa de Desocupación (TD),Anual,9.316542535
2010,Meta,Hombres,Tasa de Desocupación (TD),Anual,8.483081923
2011,Meta,Hombres,Tasa de Desocupación (TD),Anual,8.551999965
2012,Meta,Hombres,Tasa de Desocupación (TD),Anual,8.828144983
2013,Meta,Hombres,Tasa de Desocupación (TD),Anual,8.848330662
2014,Meta,Hombres,Tasa de Desocupación (TD),Anual,8.932320379
2015,Meta,Hombres,Tasa de Desocupación (TD),Anual,8.921765507
2016,Meta,Hombres,Tasa de Desocupación (TD),Anual,9.350224018
2017,Meta,Hombres,Tasa de Desocupación (TD),Anual,10.033773686
2018,Meta,Hombres,Tasa de Desocupación (TD),Anual,9.721322991
2019,Meta,Hombres,Tasa de Desocupación (TD),Anual,11.690632612
2020,Meta,Hombres,Tasa de Desocupación (TD),Anual,17.909695605
2021,Meta,Hombres,Tasa de Desocupación (TD),Anual,13.718999738
2022,Meta,Hombres,Tasa de Desocupación (TD),Anual,9.64714286
2023,Meta,Hombres,Tasa de Desocupación (TD),Anual,9.23666663
2024,Meta,Hombres,Tasa de Desocupación (TD),Anual,8.226920617
2025,Meta,Hombres,Tasa de Desocupación (TD),Anual,7.776946708
2007,Meta,Hombres,Tasa de Subocupación (TS),Anual,10.148483525
2008,Meta,Hombres,Tasa de Subocupación (TS),Anual,10.089648919
2009,Meta,Hombres,Tasa de Subocupación (TS),Anual,10.63734047
2010,Meta,Hombres,Tasa de Subocupación (TS),Anual,10.641686372
2011,Meta,Hombres,Tasa de Subocupación (TS),Anual,11.365328761
2012,Meta,Hombres,Tasa de Subocupación (TS),Anual,11.723487205
2013,Meta,Hombres,Tasa de Subocupación (TS),Anual,10.680196594
2014,Meta,Hombres,Tasa de Subocupación (TS),Anual,8.915911363
2015,Meta,Hombres,Tasa de Subocupación (TS),Anual,9.392293472
2016,Meta,Hombres,Tasa de Subocupación (TS),Anual,8.755782569
2017,Meta,Hombres,Tasa de Subocupación (TS),Anual,9.699602709
2018,Meta,Hombres,Tasa de Subocupación (TS),Anual,9.424451732
2019,Meta,Hombres,Tasa de Subocupación (TS),Anual,7.979127643
2020,Meta,Hombres,Tasa de Subocupación (TS),Anual,0.0
2021,Meta,Hombres,Tasa de Subocupación (TS),Anual,5.917968379
2022,Meta,Hombres,Tasa de Subocupación (TS),Anual,6.010812934
2023,Meta,Hombres,Tasa de Subocupación (TS),Anual,5.705222406
2024,Meta,Hombres,Tasa de Subocupación (TS),Anual,6.536253936
2025,Meta,Hombres,Tasa de Subocupación (TS),Anual,5.348525253
2007,Meta,Hombres,Población total,Anual,428.297
2008,Meta,Hombres,Población total,Anual,438.086
2009,Meta,Hombres,Población total,Anual,447.661
2010,Meta,Hombres,Población total,Anual,457.059
2011,Meta,Hombres,Población total,Anual,466.275
2012,Meta,Hombres,Población total,Anual,475.253
2013,Meta,Hombres,Población total,Anual,483.969
2014,Meta,Hombres,Población total,Anual,492.451
2015,Meta,Hombres,Población total,Anual,500.774
2016,Meta,Hombres,Población total,Anual,509.021
2017,Meta,Hombres,Población total,Anual,517.243
2018,Meta,Hombres,Población total,Anual,525.634
2019,Meta,Hombres,Población total,Anual,531.011
2020,Meta,Hombres,Población total,Anual,535.807
2021,Meta,Hombres,Población total,Anual,539.606
2022,Meta,Hombres,Población total,Anual,542.979
2023,Meta,Hombres,Población total,Anual,546.228
2024,Meta,Hombres,Población total,Anual,549.393
2025,Meta,Hombres,Población total,Anual,552.512
2007,Meta,Hombres,Población en edad de trabajar (PET),Anual,294.973
2008,Meta,Hombres,Población en edad de trabajar (PET),Anual,303.878
2009,Meta,Hombres,Población en edad de trabajar (PET),Anual,312.735
2010,Meta,Hombres,Población en edad de trabajar (PET),Anual,321.497
2011,Meta,Hombres,Población en edad de trabajar (PET),Anual,330.184
2012,Meta,Hombres,Población en edad de trabajar (PET),Anual,338.752
2013,Meta,Hombres,Población en edad de trabajar (PET),Anual,347.175
2014,Meta,Hombres,Población en edad de trabajar (PET),Anual,355.399
2015,Meta,Hombres,Población en edad de trabajar (PET),Anual,363.499
2016,Meta,Hombres,Población en edad de trabajar (PET),Anual,371.507
2017,Meta,Hombres,Población en edad de trabajar (PET),Anual,379.405
2018,Meta,Hombres,Población en edad de trabajar (PET),Anual,387.444
2019,Meta,Hombres,Población en edad de trabajar (PET),Anual,392.964
2020,Meta,Hombres,Población en edad de trabajar (PET),Anual,398.036
2021,Meta,Hombres,Población en edad de trabajar (PET),Anual,402.527
2022,Meta,Hombres,Población en edad de trabajar (PET),Anual,406.594
2023,Meta,Hombres,Población en edad de trabajar (PET),Anual,410.584
2024,Meta,Hombres,Población en edad de trabajar (PET),Anual,414.789
2025,Meta,Hombres,Población en edad de trabajar (PET),Anual,418.94
2007,Meta,Hombres,Fuerza de trabajo,Anual,238.239615
2008,Meta,Hombres,Fuerza de trabajo,Anual,243.001461
2009,Meta,Hombres,Fuerza de trabajo,Anual,260.805117
2010,Meta,Hombres,Fuerza de trabajo,Anual,265.373756
2011,Meta,Hombres,Fuerza de trabajo,Anual,276.45793199999997
2012,Meta,Hombres,Fuerza de trabajo,Anual,281.747189
2013,Meta,Hombres,Fuerza de trabajo,Anual,279.318096
2014,Meta,Hombres,Fuerza de trabajo,Anual,284.55142700000005
2015,Meta,Hombres,Fuerza de trabajo,Anual,298.30944300000004
2016,Meta,Hombres,Fuerza de trabajo,Anual,300.51815600000003
2017,Meta,Hombres,Fuerza de trabajo,Anual,312.549013
2018,Meta,Hombres,Fuerza de trabajo,Anual,314.42341700000003
2019,Meta,Hombres,Fuerza de trabajo,Anual,318.446053
2020,Meta,Hombres,Fuerza de trabajo,Anual,299.843463
2021,Meta,Hombres,Fuerza de trabajo,Anual,308.351
2022,Meta,Hombres,Fuerza de trabajo,Anual,312.945
2023,Meta,Hombres,Fuerza de trabajo,Anual,316.227
2024,Meta,Hombres,Fuerza de trabajo,Anual,320.684
2025,Meta,Hombres,Fuerza de trabajo,Anual,325.672
2007,Meta,Hombres,Población ocupada,Anual,216.88293
2008,Meta,Hombres,Población ocupada,Anual,220.82173699999998
2009,Meta,Hombres,Población ocupada,Anual,236.50709799999998
2010,Meta,Hombres,Población ocupada,Anual,242.861883
2011,Meta,Hombres,Población ocupada,Anual,252.81525
2012,Meta,Hombres,Población ocupada,Anual,256.874138
2013,Meta,Hombres,Población ocupada,Anual,254.603107
2014,Meta,Hombres,Población ocupada,Anual,259.134382
2015,Meta,Hombres,Población ocupada,Anual,271.694974
2016,Meta,Hombres,Población ocupada,Anual,272.41903499999995
2017,Meta,Hombres,Población ocupada,Anual,281.188552
2018,Meta,Hombres,Población ocupada,Anual,283.85730099999995
2019,Meta,Hombres,Población ocupada,Anual,281.217695
2020,Meta,Hombres,Población ocupada,Anual,246.14241099999998
2021,Meta,Hombres,Población ocupada,Anual,266.048
2022,Meta,Hombres,Población ocupada,Anual,282.755
2023,Meta,Hombres,Población ocupada,Anual,287.018
2024,Meta,Hombres,Población ocupada,Anual,294.301
2025,Meta,Hombres,Población ocupada,Anual,300.345
2007,Meta,Hombres,Población desocupada,Anual,21.356685000000002
2008,Meta,Hombres,Población desocupada,Anual,22.179723999999997
2009,Meta,Hombres,Población desocupada,Anual,24.29802
2010,Meta,Hombres,Población desocupada,Anual,22.511873
2011,Meta,Hombres,Población desocupada,Anual,23.642682
2012,Meta,Hombres,Población desocupada,Anual,24.87305
2013,Meta,Hombres,Población desocupada,Anual,24.714989000000003
2014,Meta,Hombres,Población desocupada,Anual,25.417044999999998
2015,Meta,Hombres,Población desocupada,Anual,26.614469
2016,Meta,Hombres,Población desocupada,Anual,28.099121
2017,Meta,Hombres,Población desocupada,Anual,31.360461
2018,Meta,Hombres,Población desocupada,Anual,30.566116
2019,Meta,Hombres,Población desocupada,Anual,37.228358
2020,Meta,Hombres,Población desocupada,Anual,53.701052000000004
2021,Meta,Hombres,Población desocupada,Anual,42.303
2022,Meta,Hombres,Población desocupada,Anual,30.19
2023,Meta,Hombres,Población desocupada,Anual,29.209
2024,Meta,Hombres,Población desocupada,Anual,26.382
2025,Meta,Hombres,Población desocupada,Anual,25.327
2007,Meta,Hombres,Población fuera de la fuerza de trabajo,Anual,56.733385000000006
2008,Meta,Hombres,Población fuera de la fuerza de trabajo,Anual,60.876538999999994
2009,Meta,Hombres,Población fuera de la fuerza de trabajo,Anual,51.929883000000004
2010,Meta,Hombres,Población fuera de la fuerza de trabajo,Anual,56.123244
2011,Meta,Hombres,Población fuera de la fuerza de trabajo,Anual,53.726068
2012,Meta,Hombres,Población fuera de la fuerza de trabajo,Anual,57.004811000000004
2013,Meta,Hombres,Población fuera de la fuerza de trabajo,Anual,67.856904
2014,Meta,Hombres,Población fuera de la fuerza de trabajo,Anual,70.847573
2015,Meta,Hombres,Población fuera de la fuerza de trabajo,Anual,65.18955700000001
2016,Meta,Hombres,Población fuera de la fuerza de trabajo,Anual,70.988844
2017,Meta,Hombres,Población fuera de la fuerza de trabajo,Anual,66.855987
2018,Meta,Hombres,Población fuera de la fuerza de trabajo,Anual,73.020583
2019,Meta,Hombres,Población fuera de la fuerza de trabajo,Anual,74.517947
2020,Meta,Hombres,Población fuera de la fuerza de trabajo,Anual,98.192537
2021,Meta,Hombres,Población fuera de la fuerza de trabajo,Anual,94.176
2022,Meta,Hombres,Población fuera de la fuerza de trabajo,Anual,93.649
2023,Meta,Hombres,Población fuera de la fuerza de trabajo,Anual,94.357
2024,Meta,Hombres,Población fuera de la fuerza de trabajo,Anual,94.106
2025,Meta,Hombres,Población fuera de la fuerza de trabajo,Anual,93.268
2007,Meta,Hombres,Población subocupada,Anual,24.177708
2008,Meta,Hombres,Población subocupada,Anual,24.517993999999998
2009,Meta,Hombres,Población subocupada,Anual,27.742728
2010,Meta,Hombres,Población subocupada,Anual,28.240243
2011,Meta,Hombres,Población subocupada,Anual,31.420353
2012,Meta,Hombres,Población subocupada,Anual,33.030595999999996
2013,Meta,Hombres,Población subocupada,Anual,29.831722000000003
2014,Meta,Hombres,Población subocupada,Anual,25.370352999999998
2015,Meta,Hombres,Población subocupada,Anual,28.018098000000002
2016,Meta,Hombres,Población subocupada,Anual,26.312716
2017,Meta,Hombres,Población subocupada,Anual,30.316011999999997
2018,Meta,Hombres,Población subocupada,Anual,29.632683
2019,Meta,Hombres,Población subocupada,Anual,25.409217
2020,Meta,Hombres,Población subocupada,Anual,0.0
2021,Meta,Hombres,Población subocupada,Anual,18.248
2022,Meta,Hombres,Población subocupada,Anual,18.811
2023,Meta,Hombres,Población subocupada,Anual,18.041
2024,Meta,Hombres,Población subocupada,Anual,20.961
2025,Meta,Hombres,Población subocupada,Anual,17.419
2007,Meta,Hombres,Fuerza de trabajo potencial,Anual,0.0
2008,Meta,Hombres,Fuerza de trabajo potencial,Anual,0.0
2009,Meta,Hombres,Fuerza de trabajo potencial,Anual,0.0
2010,Meta,Hombres,Fuerza de trabajo potencial,Anual,0.0
2011,Meta,Hombres,Fuerza de trabajo potencial,Anual,0.0
2012,Meta,Hombres,Fuerza de trabajo potencial,Anual,0.0
2013,Meta,Hombres,Fuerza de trabajo potencial,Anual,0.0
2014,Meta,Hombres,Fuerza de trabajo potencial,Anual,0.0
2015,Meta,Hombres,Fuerza de trabajo potencial,Anual,0.0
2016,Meta,Hombres,Fuerza de trabajo potencial,Anual,0.0
2017,Meta,Hombres,Fuerza de trabajo potencial,Anual,0.0
2018,Meta,Hombres,Fuerza de trabajo potencial,Anual,0.0
2019,Meta,Hombres,Fuerza de trabajo potencial,Anual,0.0
2020,Meta,Hombres,Fuerza de trabajo potencial,Anual,0.0
2021,Meta,Hombres,Fuerza de trabajo potencial,Anual,6.653
2022,Meta,Hombres,Fuerza de trabajo potencial,Anual,3.871
2023,Meta,Hombres,Fuerza de trabajo potencial,Anual,5.712
2024,Meta,Hombres,Fuerza de trabajo potencial,Anual,5.947
2025,Meta,Hombres,Fuerza de trabajo potencial,Anual,4.92
2007,Nariño,Hombres,% población en edad de trabajar,Anual,70.49440107
2008,Nariño,Hombres,% población en edad de trabajar,Anual,71.032757444
2009,Nariño,Hombres,% población en edad de trabajar,Anual,71.576202208
2010,Nariño,Hombres,% población en edad de trabajar,Anual,72.111788077
2011,Nariño,Hombres,% población en edad de trabajar,Anual,72.634048102
2012,Nariño,Hombres,% población en edad de trabajar,Anual,73.137952663
2013,Nariño,Hombres,% población en edad de trabajar,Anual,73.61135546
2014,Nariño,Hombres,% población en edad de trabajar,Anual,74.043533651
2015,Nariño,Hombres,% población en edad de trabajar,Anual,74.433374797
2016,Nariño,Hombres,% población en edad de trabajar,Anual,74.778131221
2017,Nariño,Hombres,% población en edad de trabajar,Anual,75.058189222
2018,Nariño,Hombres,% población en edad de trabajar,Anual,75.293488257
2019,Nariño,Hombres,% población en edad de trabajar,Anual,75.523760281
2020,Nariño,Hombres,% población en edad de trabajar,Anual,75.73509078
2021,Nariño,Hombres,% población en edad de trabajar,Anual,75.926560632
2022,Nariño,Hombres,% población en edad de trabajar,Anual,76.169919431
2023,Nariño,Hombres,% población en edad de trabajar,Anual,76.378220094
2024,Nariño,Hombres,% población en edad de trabajar,Anual,76.52525185
2025,Nariño,Hombres,% población en edad de trabajar,Anual,76.731541587
2007,Nariño,Hombres,Tasa Global de Participación (TGP),Anual,80.573196043
2008,Nariño,Hombres,Tasa Global de Participación (TGP),Anual,81.682304772
2009,Nariño,Hombres,Tasa Global de Participación (TGP),Anual,83.564755709
2010,Nariño,Hombres,Tasa Global de Participación (TGP),Anual,85.460279788
2011,Nariño,Hombres,Tasa Global de Participación (TGP),Anual,85.592036761
2012,Nariño,Hombres,Tasa Global de Participación (TGP),Anual,85.084349631
2013,Nariño,Hombres,Tasa Global de Participación (TGP),Anual,84.745147523
2014,Nariño,Hombres,Tasa Global de Participación (TGP),Anual,83.30094114
2015,Nariño,Hombres,Tasa Global de Participación (TGP),Anual,85.106360456
2016,Nariño,Hombres,Tasa Global de Participación (TGP),Anual,85.047764124
2017,Nariño,Hombres,Tasa Global de Participación (TGP),Anual,85.683768255
2018,Nariño,Hombres,Tasa Global de Participación (TGP),Anual,83.402348901
2019,Nariño,Hombres,Tasa Global de Participación (TGP),Anual,82.480424832
2020,Nariño,Hombres,Tasa Global de Participación (TGP),Anual,80.772647916
2021,Nariño,Hombres,Tasa Global de Participación (TGP),Anual,82.974096977
2022,Nariño,Hombres,Tasa Global de Participación (TGP),Anual,84.790952013
2023,Nariño,Hombres,Tasa Global de Participación (TGP),Anual,86.124546167
2024,Nariño,Hombres,Tasa Global de Participación (TGP),Anual,85.15481279
2025,Nariño,Hombres,Tasa Global de Participación (TGP),Anual,85.440692261
2007,Nariño,Hombres,Tasa de Ocupación (TO),Anual,73.021389862
2008,Nariño,Hombres,Tasa de Ocupación (TO),Anual,75.498943649
2009,Nariño,Hombres,Tasa de Ocupación (TO),Anual,76.038164536
2010,Nariño,Hombres,Tasa de Ocupación (TO),Anual,76.64860966
2011,Nariño,Hombres,Tasa de Ocupación (TO),Anual,78.068963665
2012,Nariño,Hombres,Tasa de Ocupación (TO),Anual,78.263366365
2013,Nariño,Hombres,Tasa de Ocupación (TO),Anual,78.655075393
2014,Nariño,Hombres,Tasa de Ocupación (TO),Anual,77.457224507
2015,Nariño,Hombres,Tasa de Ocupación (TO),Anual,80.936470059
2016,Nariño,Hombres,Tasa de Ocupación (TO),Anual,81.109601829
2017,Nariño,Hombres,Tasa de Ocupación (TO),Anual,82.16486246
2018,Nariño,Hombres,Tasa de Ocupación (TO),Anual,79.883680763
2019,Nariño,Hombres,Tasa de Ocupación (TO),Anual,79.037529873
2020,Nariño,Hombres,Tasa de Ocupación (TO),Anual,75.878201264
2021,Nariño,Hombres,Tasa de Ocupación (TO),Anual,78.829165792
2022,Nariño,Hombres,Tasa de Ocupación (TO),Anual,81.124851198
2023,Nariño,Hombres,Tasa de Ocupación (TO),Anual,82.480950368
2024,Nariño,Hombres,Tasa de Ocupación (TO),Anual,81.593242851
2025,Nariño,Hombres,Tasa de Ocupación (TO),Anual,82.278150608
2007,Nariño,Hombres,Tasa de Desocupación (TD),Anual,9.372603486
2008,Nariño,Hombres,Tasa de Desocupación (TD),Anual,7.57001304
2009,Nariño,Hombres,Tasa de Desocupación (TD),Anual,9.006896639
2010,Nariño,Hombres,Tasa de Desocupación (TD),Anual,10.310836976
2011,Nariño,Hombres,Tasa de Desocupación (TD),Anual,8.789454464
2012,Nariño,Hombres,Tasa de Desocupación (TD),Anual,8.016730804
2013,Nariño,Hombres,Tasa de Desocupación (TD),Anual,7.18633728
2014,Nariño,Hombres,Tasa de Desocupación (TD),Anual,7.015186808
2015,Nariño,Hombres,Tasa de Desocupación (TD),Anual,4.899622513
2016,Nariño,Hombres,Tasa de Desocupación (TD),Anual,4.630530074
2017,Nariño,Hombres,Tasa de Desocupación (TD),Anual,4.106852286
2018,Nariño,Hombres,Tasa de Desocupación (TD),Anual,4.218907722
2019,Nariño,Hombres,Tasa de Desocupación (TD),Anual,4.174196442
2020,Nariño,Hombres,Tasa de Desocupación (TD),Anual,6.059534728
2021,Nariño,Hombres,Tasa de Desocupación (TD),Anual,4.995451998
2022,Nariño,Hombres,Tasa de Desocupación (TD),Anual,4.323693422
2023,Nariño,Hombres,Tasa de Desocupación (TD),Anual,4.230612481
2024,Nariño,Hombres,Tasa de Desocupación (TD),Anual,4.182464645
2025,Nariño,Hombres,Tasa de Desocupación (TD),Anual,3.701446663
2007,Nariño,Hombres,Tasa de Subocupación (TS),Anual,10.133274243
2008,Nariño,Hombres,Tasa de Subocupación (TS),Anual,7.738162659
2009,Nariño,Hombres,Tasa de Subocupación (TS),Anual,11.989500597
2010,Nariño,Hombres,Tasa de Subocupación (TS),Anual,14.111848139
2011,Nariño,Hombres,Tasa de Subocupación (TS),Anual,16.133707205
2012,Nariño,Hombres,Tasa de Subocupación (TS),Anual,18.313819515
2013,Nariño,Hombres,Tasa de Subocupación (TS),Anual,16.253775413
2014,Nariño,Hombres,Tasa de Subocupación (TS),Anual,15.360467701
2015,Nariño,Hombres,Tasa de Subocupación (TS),Anual,17.568898034
2016,Nariño,Hombres,Tasa de Subocupación (TS),Anual,15.655248988
2017,Nariño,Hombres,Tasa de Subocupación (TS),Anual,12.737554053
2018,Nariño,Hombres,Tasa de Subocupación (TS),Anual,10.413171213
2019,Nariño,Hombres,Tasa de Subocupación (TS),Anual,8.910641362
2020,Nariño,Hombres,Tasa de Subocupación (TS),Anual,0.0
2021,Nariño,Hombres,Tasa de Subocupación (TS),Anual,7.878714777
2022,Nariño,Hombres,Tasa de Subocupación (TS),Anual,9.106908816
2023,Nariño,Hombres,Tasa de Subocupación (TS),Anual,10.742645205
2024,Nariño,Hombres,Tasa de Subocupación (TS),Anual,11.049885658
2025,Nariño,Hombres,Tasa de Subocupación (TS),Anual,7.796262017
2007,Nariño,Hombres,Población total,Anual,759.788
2008,Nariño,Hombres,Población total,Anual,765.078
2009,Nariño,Hombres,Población total,Anual,769.584
2010,Nariño,Hombres,Población total,Anual,773.714
2011,Nariño,Hombres,Población total,Anual,777.594
2012,Nariño,Hombres,Población total,Anual,781.21
2013,Nariño,Hombres,Población total,Anual,784.398
2014,Nariño,Hombres,Población total,Anual,787.299
2015,Nariño,Hombres,Población total,Anual,790.249
2016,Nariño,Hombres,Población total,Anual,793.149
2017,Nariño,Hombres,Población total,Anual,795.68
2018,Nariño,Hombres,Población total,Anual,798.158
2019,Nariño,Hombres,Población total,Anual,796.834
2020,Nariño,Hombres,Población total,Anual,795.548
2021,Nariño,Hombres,Población total,Anual,795.478
2022,Nariño,Hombres,Población total,Anual,793.757
2023,Nariño,Hombres,Población total,Anual,793.277
2024,Nariño,Hombres,Población total,Anual,793.122
2025,Nariño,Hombres,Población total,Anual,793.236
2007,Nariño,Hombres,Población en edad de trabajar (PET),Anual,535.608
2008,Nariño,Hombres,Población en edad de trabajar (PET),Anual,543.456
2009,Nariño,Hombres,Población en edad de trabajar (PET),Anual,550.839
2010,Nariño,Hombres,Población en edad de trabajar (PET),Anual,557.939
2011,Nariño,Hombres,Población en edad de trabajar (PET),Anual,564.798
2012,Nariño,Hombres,Población en edad de trabajar (PET),Anual,571.361
2013,Nariño,Hombres,Población en edad de trabajar (PET),Anual,577.406
2014,Nariño,Hombres,Población en edad de trabajar (PET),Anual,582.944
2015,Nariño,Hombres,Población en edad de trabajar (PET),Anual,588.209
2016,Nariño,Hombres,Población en edad de trabajar (PET),Anual,593.102
2017,Nariño,Hombres,Población en edad de trabajar (PET),Anual,597.223
2018,Nariño,Hombres,Población en edad de trabajar (PET),Anual,600.961
2019,Nariño,Hombres,Población en edad de trabajar (PET),Anual,601.799
2020,Nariño,Hombres,Población en edad de trabajar (PET),Anual,602.509
2021,Nariño,Hombres,Población en edad de trabajar (PET),Anual,603.979
2022,Nariño,Hombres,Población en edad de trabajar (PET),Anual,604.604
2023,Nariño,Hombres,Población en edad de trabajar (PET),Anual,605.891
2024,Nariño,Hombres,Población en edad de trabajar (PET),Anual,606.938
2025,Nariño,Hombres,Población en edad de trabajar (PET),Anual,608.662
2007,Nariño,Hombres,Fuerza de trabajo,Anual,431.556484
2008,Nariño,Hombres,Fuerza de trabajo,Anual,443.907386
2009,Nariño,Hombres,Fuerza de trabajo,Anual,460.30726500000003
2010,Nariño,Hombres,Fuerza de trabajo,Anual,476.81622999999996
2011,Nariño,Hombres,Fuerza de trabajo,Anual,483.422112
2012,Nariño,Hombres,Fuerza de trabajo,Anual,486.138791
2013,Nariño,Hombres,Fuerza de trabajo,Anual,489.32356699999997
2014,Nariño,Hombres,Fuerza de trabajo,Anual,485.59783799999997
2015,Nariño,Hombres,Fuerza de trabajo,Anual,500.603272
2016,Nariño,Hombres,Fuerza de trabajo,Anual,504.41999
2017,Nariño,Hombres,Fuerza de trabajo,Anual,511.723171
2018,Nariño,Hombres,Fuerza de trabajo,Anual,501.21559
2019,Nariño,Hombres,Fuerza de trabajo,Anual,496.36637199999996
2020,Nariño,Hombres,Fuerza de trabajo,Anual,486.662473
2021,Nariño,Hombres,Fuerza de trabajo,Anual,501.147
2022,Nariño,Hombres,Fuerza de trabajo,Anual,512.649
2023,Nariño,Hombres,Fuerza de trabajo,Anual,521.821
2024,Nariño,Hombres,Fuerza de trabajo,Anual,516.837
2025,Nariño,Hombres,Fuerza de trabajo,Anual,520.045
2007,Nariño,Hombres,Población ocupada,Anual,391.108406
2008,Nariño,Hombres,Población ocupada,Anual,410.303539
2009,Nariño,Hombres,Población ocupada,Anual,418.847865
2010,Nariño,Hombres,Población ocupada,Anual,427.65248599999995
2011,Nariño,Hombres,Población ocupada,Anual,440.931945
2012,Nariño,Hombres,Población ocupada,Anual,447.166353
2013,Nariño,Hombres,Población ocupada,Anual,454.159125
2014,Nariño,Hombres,Población ocupada,Anual,451.532243
2015,Nariño,Hombres,Población ocupada,Anual,476.075601
2016,Nariño,Hombres,Población ocupada,Anual,481.06267099999997
2017,Nariño,Hombres,Población ocupada,Anual,490.707457
2018,Nariño,Hombres,Población ocupada,Anual,480.069767
2019,Nariño,Hombres,Población ocupada,Anual,475.647064
2020,Nariño,Hombres,Población ocupada,Anual,457.172992
2021,Nariño,Hombres,Población ocupada,Anual,476.112
2022,Nariño,Hombres,Población ocupada,Anual,490.484
2023,Nariño,Hombres,Población ocupada,Anual,499.745
2024,Nariño,Hombres,Población ocupada,Anual,495.221
2025,Nariño,Hombres,Población ocupada,Anual,500.796
2007,Nariño,Hombres,Población desocupada,Anual,40.448078
2008,Nariño,Hombres,Población desocupada,Anual,33.603847
2009,Nariño,Hombres,Población desocupada,Anual,41.4594
2010,Nariño,Hombres,Población desocupada,Anual,49.163744
2011,Nariño,Hombres,Población desocupada,Anual,42.490165999999995
2012,Nariño,Hombres,Población desocupada,Anual,38.972438000000004
2013,Nariño,Hombres,Población desocupada,Anual,35.164442
2014,Nariño,Hombres,Población desocupada,Anual,34.065595
2015,Nariño,Hombres,Población desocupada,Anual,24.527670999999998
2016,Nariño,Hombres,Población desocupada,Anual,23.357319
2017,Nariño,Hombres,Población desocupada,Anual,21.015715
2018,Nariño,Hombres,Población desocupada,Anual,21.145823
2019,Nariño,Hombres,Población desocupada,Anual,20.719307
2020,Nariño,Hombres,Población desocupada,Anual,29.489482
2021,Nariño,Hombres,Población desocupada,Anual,25.035
2022,Nariño,Hombres,Población desocupada,Anual,22.165
2023,Nariño,Hombres,Población desocupada,Anual,22.076
2024,Nariño,Hombres,Población desocupada,Anual,21.617
2025,Nariño,Hombres,Población desocupada,Anual,19.249
2007,Nariño,Hombres,Población fuera de la fuerza de trabajo,Anual,104.051516
2008,Nariño,Hombres,Población fuera de la fuerza de trabajo,Anual,99.548614
2009,Nariño,Hombres,Población fuera de la fuerza de trabajo,Anual,90.531735
2010,Nariño,Hombres,Población fuera de la fuerza de trabajo,Anual,81.12277
2011,Nariño,Hombres,Población fuera de la fuerza de trabajo,Anual,81.375888
2012,Nariño,Hombres,Población fuera de la fuerza de trabajo,Anual,85.222209
2013,Nariño,Hombres,Población fuera de la fuerza de trabajo,Anual,88.08243300000001
2014,Nariño,Hombres,Población fuera de la fuerza de trabajo,Anual,97.34616199999999
2015,Nariño,Hombres,Población fuera de la fuerza de trabajo,Anual,87.605728
2016,Nariño,Hombres,Población fuera de la fuerza de trabajo,Anual,88.68200999999999
2017,Nariño,Hombres,Población fuera de la fuerza de trabajo,Anual,85.49982899999999
2018,Nariño,Hombres,Población fuera de la fuerza de trabajo,Anual,99.74541
2019,Nariño,Hombres,Población fuera de la fuerza de trabajo,Anual,105.432628
2020,Nariño,Hombres,Población fuera de la fuerza de trabajo,Anual,115.84652700000001
2021,Nariño,Hombres,Población fuera de la fuerza de trabajo,Anual,102.833
2022,Nariño,Hombres,Población fuera de la fuerza de trabajo,Anual,91.954
2023,Nariño,Hombres,Población fuera de la fuerza de trabajo,Anual,84.07
2024,Nariño,Hombres,Población fuera de la fuerza de trabajo,Anual,90.101
2025,Nariño,Hombres,Población fuera de la fuerza de trabajo,Anual,88.617
2007,Nariño,Hombres,Población subocupada,Anual,43.730802000000004
2008,Nariño,Hombres,Población subocupada,Anual,34.350276
2009,Nariño,Hombres,Población subocupada,Anual,55.188542
2010,Nariño,Hombres,Población subocupada,Anual,67.287582
2011,Nariño,Hombres,Población subocupada,Anual,77.99390799999999
2012,Nariño,Hombres,Población subocupada,Anual,89.03058100000001
2013,Nariño,Hombres,Población subocupada,Anual,79.53355400000001
2014,Nariño,Hombres,Población subocupada,Anual,74.590099
2015,Nariño,Hombres,Población subocupada,Anual,87.950478
2016,Nariño,Hombres,Población subocupada,Anual,78.968205
2017,Nariño,Hombres,Población subocupada,Anual,65.181016
2018,Nariño,Hombres,Población subocupada,Anual,52.192438
2019,Nariño,Hombres,Población subocupada,Anual,44.229427
2020,Nariño,Hombres,Población subocupada,Anual,0.0
2021,Nariño,Hombres,Población subocupada,Anual,39.484
2022,Nariño,Hombres,Población subocupada,Anual,46.687
2023,Nariño,Hombres,Población subocupada,Anual,56.057
2024,Nariño,Hombres,Población subocupada,Anual,57.11
2025,Nariño,Hombres,Población subocupada,Anual,40.544
2007,Nariño,Hombres,Fuerza de trabajo potencial,Anual,0.0
2008,Nariño,Hombres,Fuerza de trabajo potencial,Anual,0.0
2009,Nariño,Hombres,Fuerza de trabajo potencial,Anual,0.0
2010,Nariño,Hombres,Fuerza de trabajo potencial,Anual,0.0
2011,Nariño,Hombres,Fuerza de trabajo potencial,Anual,0.0
2012,Nariño,Hombres,Fuerza de trabajo potencial,Anual,0.0
2013,Nariño,Hombres,Fuerza de trabajo potencial,Anual,0.0
2014,Nariño,Hombres,Fuerza de trabajo potencial,Anual,0.0
2015,Nariño,Hombres,Fuerza de trabajo potencial,Anual,0.0
2016,Nariño,Hombres,Fuerza de trabajo potencial,Anual,0.0
2017,Nariño,Hombres,Fuerza de trabajo potencial,Anual,0.0
2018,Nariño,Hombres,Fuerza de trabajo potencial,Anual,0.0
2019,Nariño,Hombres,Fuerza de trabajo potencial,Anual,0.0
2020,Nariño,Hombres,Fuerza de trabajo potencial,Anual,0.0
2021,Nariño,Hombres,Fuerza de trabajo potencial,Anual,14.994
2022,Nariño,Hombres,Fuerza de trabajo potencial,Anual,11.711
2023,Nariño,Hombres,Fuerza de trabajo potencial,Anual,12.516
2024,Nariño,Hombres,Fuerza de trabajo potencial,Anual,14.458
2025,Nariño,Hombres,Fuerza de trabajo potencial,Anual,12.792
2007,Norte de Santander,Hombres,% población en edad de trabajar,Anual,69.079435897
2008,Norte de Santander,Hombres,% población en edad de trabajar,Anual,69.458054058
2009,Norte de Santander,Hombres,% población en edad de trabajar,Anual,69.856237905
2010,Norte de Santander,Hombres,% población en edad de trabajar,Anual,70.274727401
2011,Norte de Santander,Hombres,% población en edad de trabajar,Anual,70.710095412
2012,Norte de Santander,Hombres,% población en edad de trabajar,Anual,71.150936792
2013,Norte de Santander,Hombres,% población en edad de trabajar,Anual,71.581954581
2014,Norte de Santander,Hombres,% población en edad de trabajar,Anual,71.9974878
2015,Norte de Santander,Hombres,% población en edad de trabajar,Anual,72.388671746
2016,Norte de Santander,Hombres,% población en edad de trabajar,Anual,72.744734769
2017,Norte de Santander,Hombres,% población en edad de trabajar,Anual,73.048834041
2018,Norte de Santander,Hombres,% población en edad de trabajar,Anual,73.281636154
2019,Norte de Santander,Hombres,% población en edad de trabajar,Anual,73.448948573
2020,Norte de Santander,Hombres,% población en edad de trabajar,Anual,73.635762071
2021,Norte de Santander,Hombres,% población en edad de trabajar,Anual,73.87841162
2022,Norte de Santander,Hombres,% población en edad de trabajar,Anual,74.13255123
2023,Norte de Santander,Hombres,% población en edad de trabajar,Anual,74.406546674
2024,Norte de Santander,Hombres,% población en edad de trabajar,Anual,74.796054845
2025,Norte de Santander,Hombres,% población en edad de trabajar,Anual,75.142750373
2007,Norte de Santander,Hombres,Tasa Global de Participación (TGP),Anual,80.333892769
2008,Norte de Santander,Hombres,Tasa Global de Participación (TGP),Anual,80.513405086
2009,Norte de Santander,Hombres,Tasa Global de Participación (TGP),Anual,81.823374381
2010,Norte de Santander,Hombres,Tasa Global de Participación (TGP),Anual,81.353476704
2011,Norte de Santander,Hombres,Tasa Global de Participación (TGP),Anual,83.123188291
2012,Norte de Santander,Hombres,Tasa Global de Participación (TGP),Anual,84.332107618
2013,Norte de Santander,Hombres,Tasa Global de Participación (TGP),Anual,83.339933211
2014,Norte de Santander,Hombres,Tasa Global de Participación (TGP),Anual,82.45936821
2015,Norte de Santander,Hombres,Tasa Global de Participación (TGP),Anual,82.111105969
2016,Norte de Santander,Hombres,Tasa Global de Participación (TGP),Anual,81.655516259
2017,Norte de Santander,Hombres,Tasa Global de Participación (TGP),Anual,82.221944242
2018,Norte de Santander,Hombres,Tasa Global de Participación (TGP),Anual,81.108158174
2019,Norte de Santander,Hombres,Tasa Global de Participación (TGP),Anual,80.527196327
2020,Norte de Santander,Hombres,Tasa Global de Participación (TGP),Anual,78.05934381
2021,Norte de Santander,Hombres,Tasa Global de Participación (TGP),Anual,77.102171796
2022,Norte de Santander,Hombres,Tasa Global de Participación (TGP),Anual,76.106086543
2023,Norte de Santander,Hombres,Tasa Global de Participación (TGP),Anual,75.221070868
2024,Norte de Santander,Hombres,Tasa Global de Participación (TGP),Anual,74.305363674
2025,Norte de Santander,Hombres,Tasa Global de Participación (TGP),Anual,74.557620309
2007,Norte de Santander,Hombres,Tasa de Ocupación (TO),Anual,74.060932586
2008,Norte de Santander,Hombres,Tasa de Ocupación (TO),Anual,74.116575166
2009,Norte de Santander,Hombres,Tasa de Ocupación (TO),Anual,75.175238859
2010,Norte de Santander,Hombres,Tasa de Ocupación (TO),Anual,73.340511097
2011,Norte de Santander,Hombres,Tasa de Ocupación (TO),Anual,75.237192555
2012,Norte de Santander,Hombres,Tasa de Ocupación (TO),Anual,76.339926546
2013,Norte de Santander,Hombres,Tasa de Ocupación (TO),Anual,75.128539529
2014,Norte de Santander,Hombres,Tasa de Ocupación (TO),Anual,74.305251827
2015,Norte de Santander,Hombres,Tasa de Ocupación (TO),Anual,73.737906222
2016,Norte de Santander,Hombres,Tasa de Ocupación (TO),Anual,72.894267483
2017,Norte de Santander,Hombres,Tasa de Ocupación (TO),Anual,74.487495503
2018,Norte de Santander,Hombres,Tasa de Ocupación (TO),Anual,72.612664251
2019,Norte de Santander,Hombres,Tasa de Ocupación (TO),Anual,71.07116351
2020,Norte de Santander,Hombres,Tasa de Ocupación (TO),Anual,64.112033631
2021,Norte de Santander,Hombres,Tasa de Ocupación (TO),Anual,67.992609163
2022,Norte de Santander,Hombres,Tasa de Ocupación (TO),Anual,68.462667021
2023,Norte de Santander,Hombres,Tasa de Ocupación (TO),Anual,68.037875767
2024,Norte de Santander,Hombres,Tasa de Ocupación (TO),Anual,65.781351195
2025,Norte de Santander,Hombres,Tasa de Ocupación (TO),Anual,67.491264605
2007,Norte de Santander,Hombres,Tasa de Desocupación (TD),Anual,7.80860975
2008,Norte de Santander,Hombres,Tasa de Desocupación (TD),Anual,7.945049539
2009,Norte de Santander,Hombres,Tasa de Desocupación (TD),Anual,8.124983323
2010,Norte de Santander,Hombres,Tasa de Desocupación (TD),Anual,9.849567508
2011,Norte de Santander,Hombres,Tasa de Desocupación (TD),Anual,9.487118935
2012,Norte de Santander,Hombres,Tasa de Desocupación (TD),Anual,9.477032292
2013,Norte de Santander,Hombres,Tasa de Desocupación (TD),Anual,9.852892083
2014,Norte de Santander,Hombres,Tasa de Desocupación (TD),Anual,9.888647658
2015,Norte de Santander,Hombres,Tasa de Desocupación (TD),Anual,10.197402224
2016,Norte de Santander,Hombres,Tasa de Desocupación (TD),Anual,10.729524688
2017,Norte de Santander,Hombres,Tasa de Desocupación (TD),Anual,9.406793782
2018,Norte de Santander,Hombres,Tasa de Desocupación (TD),Anual,10.474277945
2019,Norte de Santander,Hombres,Tasa de Desocupación (TD),Anual,11.742657447
2020,Norte de Santander,Hombres,Tasa de Desocupación (TD),Anual,17.867572924
2021,Norte de Santander,Hombres,Tasa de Desocupación (TD),Anual,11.814923523
2022,Norte de Santander,Hombres,Tasa de Desocupación (TD),Anual,10.043112015
2023,Norte de Santander,Hombres,Tasa de Desocupación (TD),Anual,9.549445412
2024,Norte de Santander,Hombres,Tasa de Desocupación (TD),Anual,11.471597819
2025,Norte de Santander,Hombres,Tasa de Desocupación (TD),Anual,9.477710896
2007,Norte de Santander,Hombres,Tasa de Subocupación (TS),Anual,9.258475513
2008,Norte de Santander,Hombres,Tasa de Subocupación (TS),Anual,8.386988554
2009,Norte de Santander,Hombres,Tasa de Subocupación (TS),Anual,8.043821077
2010,Norte de Santander,Hombres,Tasa de Subocupación (TS),Anual,9.280334484
2011,Norte de Santander,Hombres,Tasa de Subocupación (TS),Anual,8.137481289
2012,Norte de Santander,Hombres,Tasa de Subocupación (TS),Anual,10.918408948
2013,Norte de Santander,Hombres,Tasa de Subocupación (TS),Anual,11.062057343
2014,Norte de Santander,Hombres,Tasa de Subocupación (TS),Anual,8.813475438
2015,Norte de Santander,Hombres,Tasa de Subocupación (TS),Anual,8.676894612
2016,Norte de Santander,Hombres,Tasa de Subocupación (TS),Anual,9.178481416
2017,Norte de Santander,Hombres,Tasa de Subocupación (TS),Anual,9.96519218
2018,Norte de Santander,Hombres,Tasa de Subocupación (TS),Anual,9.657919287
2019,Norte de Santander,Hombres,Tasa de Subocupación (TS),Anual,10.384433932
2020,Norte de Santander,Hombres,Tasa de Subocupación (TS),Anual,0.0
2021,Norte de Santander,Hombres,Tasa de Subocupación (TS),Anual,8.557827249
2022,Norte de Santander,Hombres,Tasa de Subocupación (TS),Anual,8.4864424
2023,Norte de Santander,Hombres,Tasa de Subocupación (TS),Anual,7.20709895
2024,Norte de Santander,Hombres,Tasa de Subocupación (TS),Anual,7.631285679
2025,Norte de Santander,Hombres,Tasa de Subocupación (TS),Anual,7.636417912
2007,Norte de Santander,Hombres,Población total,Anual,651.796
2008,Norte de Santander,Hombres,Población total,Anual,658.848
2009,Norte de Santander,Hombres,Población total,Anual,665.544
2010,Norte de Santander,Hombres,Población total,Anual,671.866
2011,Norte de Santander,Hombres,Población total,Anual,677.585
2012,Norte de Santander,Hombres,Población total,Anual,682.809
2013,Norte de Santander,Hombres,Población total,Anual,687.82
2014,Norte de Santander,Hombres,Población total,Anual,692.62
2015,Norte de Santander,Hombres,Población total,Anual,697.442
2016,Norte de Santander,Hombres,Población total,Anual,704.385
2017,Norte de Santander,Hombres,Población total,Anual,715.034
2018,Norte de Santander,Hombres,Población total,Anual,734.405
2019,Norte de Santander,Hombres,Población total,Anual,770.429
2020,Norte de Santander,Hombres,Población total,Anual,797.918
2021,Norte de Santander,Hombres,Población total,Anual,809.592
2022,Norte de Santander,Hombres,Población total,Anual,814.215
2023,Norte de Santander,Hombres,Población total,Anual,818.044
2024,Norte de Santander,Hombres,Población total,Anual,821.759
2025,Norte de Santander,Hombres,Población total,Anual,825.538
2007,Norte de Santander,Hombres,Población en edad de trabajar (PET),Anual,450.257
2008,Norte de Santander,Hombres,Población en edad de trabajar (PET),Anual,457.623
2009,Norte de Santander,Hombres,Población en edad de trabajar (PET),Anual,464.924
2010,Norte de Santander,Hombres,Población en edad de trabajar (PET),Anual,472.152
2011,Norte de Santander,Hombres,Población en edad de trabajar (PET),Anual,479.121
2012,Norte de Santander,Hombres,Población en edad de trabajar (PET),Anual,485.825
2013,Norte de Santander,Hombres,Población en edad de trabajar (PET),Anual,492.355
2014,Norte de Santander,Hombres,Población en edad de trabajar (PET),Anual,498.669
2015,Norte de Santander,Hombres,Población en edad de trabajar (PET),Anual,504.869
2016,Norte de Santander,Hombres,Población en edad de trabajar (PET),Anual,512.403
2017,Norte de Santander,Hombres,Población en edad de trabajar (PET),Anual,522.324
2018,Norte de Santander,Hombres,Población en edad de trabajar (PET),Anual,538.184
2019,Norte de Santander,Hombres,Población en edad de trabajar (PET),Anual,565.872
2020,Norte de Santander,Hombres,Población en edad de trabajar (PET),Anual,587.553
2021,Norte de Santander,Hombres,Población en edad de trabajar (PET),Anual,598.114
2022,Norte de Santander,Hombres,Población en edad de trabajar (PET),Anual,603.598
2023,Norte de Santander,Hombres,Población en edad de trabajar (PET),Anual,608.678
2024,Norte de Santander,Hombres,Población en edad de trabajar (PET),Anual,614.643
2025,Norte de Santander,Hombres,Población en edad de trabajar (PET),Anual,620.332
2007,Norte de Santander,Hombres,Fuerza de trabajo,Anual,361.708976
2008,Norte de Santander,Hombres,Fuerza de trabajo,Anual,368.44786
2009,Norte de Santander,Hombres,Fuerza de trabajo,Anual,380.41650500000003
2010,Norte de Santander,Hombres,Fuerza de trabajo,Anual,384.11206699999997
2011,Norte de Santander,Hombres,Fuerza de trabajo,Anual,398.260651
2012,Norte de Santander,Hombres,Fuerza de trabajo,Anual,409.706462
2013,Norte de Santander,Hombres,Fuerza de trabajo,Anual,410.328328
2014,Norte de Santander,Hombres,Fuerza de trabajo,Anual,411.199307
2015,Norte de Santander,Hombres,Fuerza de trabajo,Anual,414.55352
2016,Norte de Santander,Hombres,Fuerza de trabajo,Anual,418.40531500000003
2017,Norte de Santander,Hombres,Fuerza de trabajo,Anual,429.464948
2018,Norte de Santander,Hombres,Fuerza de trabajo,Anual,436.51113
2019,Norte de Santander,Hombres,Fuerza de trabajo,Anual,455.680856
2020,Norte de Santander,Hombres,Fuerza de trabajo,Anual,458.640016
2021,Norte de Santander,Hombres,Fuerza de trabajo,Anual,461.159
2022,Norte de Santander,Hombres,Fuerza de trabajo,Anual,459.375
2023,Norte de Santander,Hombres,Fuerza de trabajo,Anual,457.854
2024,Norte de Santander,Hombres,Fuerza de trabajo,Anual,456.713
2025,Norte de Santander,Hombres,Fuerza de trabajo,Anual,462.505
2007,Norte de Santander,Hombres,Población ocupada,Anual,333.464533
2008,Norte de Santander,Hombres,Población ocupada,Anual,339.174495
2009,Norte de Santander,Hombres,Población ocupada,Anual,349.507728
2010,Norte de Santander,Hombres,Población ocupada,Anual,346.27869
2011,Norte de Santander,Hombres,Población ocupada,Anual,360.477189
2012,Norte de Santander,Hombres,Población ocupada,Anual,370.878448
2013,Norte de Santander,Hombres,Población ocupada,Anual,369.899121
2014,Norte de Santander,Hombres,Población ocupada,Anual,370.537256
2015,Norte de Santander,Hombres,Población ocupada,Anual,372.27983
2016,Norte de Santander,Hombres,Población ocupada,Anual,373.512413
2017,Norte de Santander,Hombres,Población ocupada,Anual,389.066066
2018,Norte de Santander,Hombres,Población ocupada,Anual,390.789741
2019,Norte de Santander,Hombres,Población ocupada,Anual,402.17181400000004
2020,Norte de Santander,Hombres,Población ocupada,Anual,376.692177
2021,Norte de Santander,Hombres,Población ocupada,Anual,406.673
2022,Norte de Santander,Hombres,Población ocupada,Anual,413.239
2023,Norte de Santander,Hombres,Población ocupada,Anual,414.132
2024,Norte de Santander,Hombres,Población ocupada,Anual,404.321
2025,Norte de Santander,Hombres,Población ocupada,Anual,418.67
2007,Norte de Santander,Hombres,Población desocupada,Anual,28.244442
2008,Norte de Santander,Hombres,Población desocupada,Anual,29.273365000000002
2009,Norte de Santander,Hombres,Población desocupada,Anual,30.908777999999998
2010,Norte de Santander,Hombres,Población desocupada,Anual,37.833377
2011,Norte de Santander,Hombres,Población desocupada,Anual,37.783462
2012,Norte de Santander,Hombres,Población desocupada,Anual,38.828014
2013,Norte de Santander,Hombres,Población desocupada,Anual,40.429207000000005
2014,Norte de Santander,Hombres,Población desocupada,Anual,40.662051
2015,Norte de Santander,Hombres,Población desocupada,Anual,42.27369
2016,Norte de Santander,Hombres,Población desocupada,Anual,44.892902
2017,Norte de Santander,Hombres,Población desocupada,Anual,40.398882
2018,Norte de Santander,Hombres,Población desocupada,Anual,45.721389
2019,Norte de Santander,Hombres,Población desocupada,Anual,53.509042
2020,Norte de Santander,Hombres,Población desocupada,Anual,81.947839
2021,Norte de Santander,Hombres,Población desocupada,Anual,54.486
2022,Norte de Santander,Hombres,Población desocupada,Anual,46.136
2023,Norte de Santander,Hombres,Población desocupada,Anual,43.723
2024,Norte de Santander,Hombres,Población desocupada,Anual,52.392
2025,Norte de Santander,Hombres,Población desocupada,Anual,43.835
2007,Norte de Santander,Hombres,Población fuera de la fuerza de trabajo,Anual,88.548024
2008,Norte de Santander,Hombres,Población fuera de la fuerza de trabajo,Anual,89.17514
2009,Norte de Santander,Hombres,Población fuera de la fuerza de trabajo,Anual,84.50749499999999
2010,Norte de Santander,Hombres,Población fuera de la fuerza de trabajo,Anual,88.039933
2011,Norte de Santander,Hombres,Población fuera de la fuerza de trabajo,Anual,80.860349
2012,Norte de Santander,Hombres,Población fuera de la fuerza de trabajo,Anual,76.118538
2013,Norte de Santander,Hombres,Población fuera de la fuerza de trabajo,Anual,82.026672
2014,Norte de Santander,Hombres,Población fuera de la fuerza de trabajo,Anual,87.46969299999999
2015,Norte de Santander,Hombres,Población fuera de la fuerza de trabajo,Anual,90.31548
2016,Norte de Santander,Hombres,Población fuera de la fuerza de trabajo,Anual,93.997685
2017,Norte de Santander,Hombres,Población fuera de la fuerza de trabajo,Anual,92.85905199999999
2018,Norte de Santander,Hombres,Población fuera de la fuerza de trabajo,Anual,101.67286999999999
2019,Norte de Santander,Hombres,Población fuera de la fuerza de trabajo,Anual,110.191144
2020,Norte de Santander,Hombres,Población fuera de la fuerza de trabajo,Anual,128.912984
2021,Norte de Santander,Hombres,Población fuera de la fuerza de trabajo,Anual,136.955
2022,Norte de Santander,Hombres,Población fuera de la fuerza de trabajo,Anual,144.223
2023,Norte de Santander,Hombres,Población fuera de la fuerza de trabajo,Anual,150.824
2024,Norte de Santander,Hombres,Población fuera de la fuerza de trabajo,Anual,157.93
2025,Norte de Santander,Hombres,Población fuera de la fuerza de trabajo,Anual,157.827
2007,Norte de Santander,Hombres,Población subocupada,Anual,33.488737
2008,Norte de Santander,Hombres,Población subocupada,Anual,30.90168
2009,Norte de Santander,Hombres,Población subocupada,Anual,30.600023
2010,Norte de Santander,Hombres,Población subocupada,Anual,35.646885000000005
2011,Norte de Santander,Hombres,Población subocupada,Anual,32.408386
2012,Norte de Santander,Hombres,Población subocupada,Anual,44.733427000000006
2013,Norte de Santander,Hombres,Población subocupada,Anual,45.390755
2014,Norte de Santander,Hombres,Población subocupada,Anual,36.24095
2015,Norte de Santander,Hombres,Población subocupada,Anual,35.970372000000005
2016,Norte de Santander,Hombres,Población subocupada,Anual,38.403254000000004
2017,Norte de Santander,Hombres,Población subocupada,Anual,42.797007
2018,Norte de Santander,Hombres,Población subocupada,Anual,42.157892999999994
2019,Norte de Santander,Hombres,Población subocupada,Anual,47.319877
2020,Norte de Santander,Hombres,Población subocupada,Anual,0.0
2021,Norte de Santander,Hombres,Población subocupada,Anual,39.465
2022,Norte de Santander,Hombres,Población subocupada,Anual,38.985
2023,Norte de Santander,Hombres,Población subocupada,Anual,32.998
2024,Norte de Santander,Hombres,Población subocupada,Anual,34.853
2025,Norte de Santander,Hombres,Población subocupada,Anual,35.319
2007,Norte de Santander,Hombres,Fuerza de trabajo potencial,Anual,0.0
2008,Norte de Santander,Hombres,Fuerza de trabajo potencial,Anual,0.0
2009,Norte de Santander,Hombres,Fuerza de trabajo potencial,Anual,0.0
2010,Norte de Santander,Hombres,Fuerza de trabajo potencial,Anual,0.0
2011,Norte de Santander,Hombres,Fuerza de trabajo potencial,Anual,0.0
2012,Norte de Santander,Hombres,Fuerza de trabajo potencial,Anual,0.0
2013,Norte de Santander,Hombres,Fuerza de trabajo potencial,Anual,0.0
2014,Norte de Santander,Hombres,Fuerza de trabajo potencial,Anual,0.0
2015,Norte de Santander,Hombres,Fuerza de trabajo potencial,Anual,0.0
2016,Norte de Santander,Hombres,Fuerza de trabajo potencial,Anual,0.0
2017,Norte de Santander,Hombres,Fuerza de trabajo potencial,Anual,0.0
2018,Norte de Santander,Hombres,Fuerza de trabajo potencial,Anual,0.0
2019,Norte de Santander,Hombres,Fuerza de trabajo potencial,Anual,0.0
2020,Norte de Santander,Hombres,Fuerza de trabajo potencial,Anual,0.0
2021,Norte de Santander,Hombres,Fuerza de trabajo potencial,Anual,11.452
2022,Norte de Santander,Hombres,Fuerza de trabajo potencial,Anual,8.341
2023,Norte de Santander,Hombres,Fuerza de trabajo potencial,Anual,12.871
2024,Norte de Santander,Hombres,Fuerza de trabajo potencial,Anual,13.083
2025,Norte de Santander,Hombres,Fuerza de trabajo potencial,Anual,16.682
2007,Quindío,Hombres,% población en edad de trabajar,Anual,75.012353354
2008,Quindío,Hombres,% población en edad de trabajar,Anual,75.659314838
2009,Quindío,Hombres,% población en edad de trabajar,Anual,76.311736073
2010,Quindío,Hombres,% población en edad de trabajar,Anual,76.958420942
2011,Quindío,Hombres,% población en edad de trabajar,Anual,77.578445099
2012,Quindío,Hombres,% población en edad de trabajar,Anual,78.170346504
2013,Quindío,Hombres,% población en edad de trabajar,Anual,78.718015583
2014,Quindío,Hombres,% población en edad de trabajar,Anual,79.214205177
2015,Quindío,Hombres,% población en edad de trabajar,Anual,79.648618281
2016,Quindío,Hombres,% población en edad de trabajar,Anual,80.026030064
2017,Quindío,Hombres,% población en edad de trabajar,Anual,80.311524545
2018,Quindío,Hombres,% población en edad de trabajar,Anual,80.449783758
2019,Quindío,Hombres,% población en edad de trabajar,Anual,80.508468149
2020,Quindío,Hombres,% población en edad de trabajar,Anual,80.567638185
2021,Quindío,Hombres,% población en edad de trabajar,Anual,80.671787272
2022,Quindío,Hombres,% población en edad de trabajar,Anual,80.749629907
2023,Quindío,Hombres,% población en edad de trabajar,Anual,80.826001846
2024,Quindío,Hombres,% población en edad de trabajar,Anual,80.893107093
2025,Quindío,Hombres,% población en edad de trabajar,Anual,80.990502409
2007,Quindío,Hombres,Tasa Global de Participación (TGP),Anual,73.917416701
2008,Quindío,Hombres,Tasa Global de Participación (TGP),Anual,76.037069366
2009,Quindío,Hombres,Tasa Global de Participación (TGP),Anual,75.457375302
2010,Quindío,Hombres,Tasa Global de Participación (TGP),Anual,76.434430348
2011,Quindío,Hombres,Tasa Global de Participación (TGP),Anual,78.222971505
2012,Quindío,Hombres,Tasa Global de Participación (TGP),Anual,76.933229039
2013,Quindío,Hombres,Tasa Global de Participación (TGP),Anual,77.627218124
2014,Quindío,Hombres,Tasa Global de Participación (TGP),Anual,78.141680797
2015,Quindío,Hombres,Tasa Global de Participación (TGP),Anual,77.27063541
2016,Quindío,Hombres,Tasa Global de Participación (TGP),Anual,77.666806207
2017,Quindío,Hombres,Tasa Global de Participación (TGP),Anual,76.87897232
2018,Quindío,Hombres,Tasa Global de Participación (TGP),Anual,77.719393585
2019,Quindío,Hombres,Tasa Global de Participación (TGP),Anual,76.273888824
2020,Quindío,Hombres,Tasa Global de Participación (TGP),Anual,70.824649416
2021,Quindío,Hombres,Tasa Global de Participación (TGP),Anual,70.964663256
2022,Quindío,Hombres,Tasa Global de Participación (TGP),Anual,71.399034087
2023,Quindío,Hombres,Tasa Global de Participación (TGP),Anual,69.734036107
2024,Quindío,Hombres,Tasa Global de Participación (TGP),Anual,71.373533539
2025,Quindío,Hombres,Tasa Global de Participación (TGP),Anual,73.054959625
2007,Quindío,Hombres,Tasa de Ocupación (TO),Anual,66.009952887
2008,Quindío,Hombres,Tasa de Ocupación (TO),Anual,65.536006241
2009,Quindío,Hombres,Tasa de Ocupación (TO),Anual,63.143236303
2010,Quindío,Hombres,Tasa de Ocupación (TO),Anual,65.225708844
2011,Quindío,Hombres,Tasa de Ocupación (TO),Anual,67.535984958
2012,Quindío,Hombres,Tasa de Ocupación (TO),Anual,67.137432034
2013,Quindío,Hombres,Tasa de Ocupación (TO),Anual,67.951851815
2014,Quindío,Hombres,Tasa de Ocupación (TO),Anual,69.794708178
2015,Quindío,Hombres,Tasa de Ocupación (TO),Anual,69.548579852
2016,Quindío,Hombres,Tasa de Ocupación (TO),Anual,69.204432465
2017,Quindío,Hombres,Tasa de Ocupación (TO),Anual,68.972785994
2018,Quindío,Hombres,Tasa de Ocupación (TO),Anual,68.795967936
2019,Quindío,Hombres,Tasa de Ocupación (TO),Anual,66.810286332
2020,Quindío,Hombres,Tasa de Ocupación (TO),Anual,58.018176148
2021,Quindío,Hombres,Tasa de Ocupación (TO),Anual,61.479992156
2022,Quindío,Hombres,Tasa de Ocupación (TO),Anual,63.418847504
2023,Quindío,Hombres,Tasa de Ocupación (TO),Anual,60.869387292
2024,Quindío,Hombres,Tasa de Ocupación (TO),Anual,62.678066424
2025,Quindío,Hombres,Tasa de Ocupación (TO),Anual,65.985043006
2007,Quindío,Hombres,Tasa de Desocupación (TD),Anual,10.697700443
2008,Quindío,Hombres,Tasa de Desocupación (TD),Anual,13.810452207
2009,Quindío,Hombres,Tasa de Desocupación (TD),Anual,16.319331211
2010,Quindío,Hombres,Tasa de Desocupación (TD),Anual,14.664492759
2011,Quindío,Hombres,Tasa de Desocupación (TD),Anual,13.662209887
2012,Quindío,Hombres,Tasa de Desocupación (TD),Anual,12.732855657
2013,Quindío,Hombres,Tasa de Desocupación (TD),Anual,12.463883858
2014,Quindío,Hombres,Tasa de Desocupación (TD),Anual,10.681844227
2015,Quindío,Hombres,Tasa de Desocupación (TD),Anual,9.993518906
2016,Quindío,Hombres,Tasa de Desocupación (TD),Anual,10.895740607
2017,Quindío,Hombres,Tasa de Desocupación (TD),Anual,10.283938621
2018,Quindío,Hombres,Tasa de Desocupación (TD),Anual,11.481594539
2019,Quindío,Hombres,Tasa de Desocupación (TD),Anual,12.40739477
2020,Quindío,Hombres,Tasa de Desocupación (TD),Anual,18.08194375
2021,Quindío,Hombres,Tasa de Desocupación (TD),Anual,13.36534363
2022,Quindío,Hombres,Tasa de Desocupación (TD),Anual,11.176883112
2023,Quindío,Hombres,Tasa de Desocupación (TD),Anual,12.712083382
2024,Quindío,Hombres,Tasa de Desocupación (TD),Anual,12.183041366
2025,Quindío,Hombres,Tasa de Desocupación (TD),Anual,9.677531349
2007,Quindío,Hombres,Tasa de Subocupación (TS),Anual,9.680948062
2008,Quindío,Hombres,Tasa de Subocupación (TS),Anual,9.892252034
2009,Quindío,Hombres,Tasa de Subocupación (TS),Anual,9.622003045
2010,Quindío,Hombres,Tasa de Subocupación (TS),Anual,15.00873278
2011,Quindío,Hombres,Tasa de Subocupación (TS),Anual,16.967967782
2012,Quindío,Hombres,Tasa de Subocupación (TS),Anual,14.044380769
2013,Quindío,Hombres,Tasa de Subocupación (TS),Anual,14.204188576
2014,Quindío,Hombres,Tasa de Subocupación (TS),Anual,14.757966898
2015,Quindío,Hombres,Tasa de Subocupación (TS),Anual,12.848114284
2016,Quindío,Hombres,Tasa de Subocupación (TS),Anual,13.123523789
2017,Quindío,Hombres,Tasa de Subocupación (TS),Anual,12.671500197
2018,Quindío,Hombres,Tasa de Subocupación (TS),Anual,11.170028475
2019,Quindío,Hombres,Tasa de Subocupación (TS),Anual,11.111960336
2020,Quindío,Hombres,Tasa de Subocupación (TS),Anual,0.0
2021,Quindío,Hombres,Tasa de Subocupación (TS),Anual,7.216468659
2022,Quindío,Hombres,Tasa de Subocupación (TS),Anual,5.572900779
2023,Quindío,Hombres,Tasa de Subocupación (TS),Anual,4.829850666
2024,Quindío,Hombres,Tasa de Subocupación (TS),Anual,4.832163474
2025,Quindío,Hombres,Tasa de Subocupación (TS),Anual,7.448716697
2007,Quindío,Hombres,Población total,Anual,250.944
2008,Quindío,Hombres,Población total,Anual,251.094
2009,Quindío,Hombres,Población total,Anual,251.251
2010,Quindío,Hombres,Población total,Anual,251.593
2011,Quindío,Hombres,Población total,Anual,252.119
2012,Quindío,Hombres,Población total,Anual,252.638
2013,Quindío,Hombres,Población total,Anual,253.092
2014,Quindío,Hombres,Población total,Anual,253.654
2015,Quindío,Hombres,Población total,Anual,254.538
2016,Quindío,Hombres,Población total,Anual,255.858
2017,Quindío,Hombres,Población total,Anual,257.572
2018,Quindío,Hombres,Población total,Anual,260.125
2019,Quindío,Hombres,Población total,Anual,263.694
2020,Quindío,Hombres,Población total,Anual,267.142
2021,Quindío,Hombres,Población total,Anual,270.291
2022,Quindío,Hombres,Población total,Anual,273.748
2023,Quindío,Hombres,Población total,Anual,277.475
2024,Quindío,Hombres,Población total,Anual,281.127
2025,Quindío,Hombres,Población total,Anual,284.669
2007,Quindío,Hombres,Población en edad de trabajar (PET),Anual,188.239
2008,Quindío,Hombres,Población en edad de trabajar (PET),Anual,189.976
2009,Quindío,Hombres,Población en edad de trabajar (PET),Anual,191.734
2010,Quindío,Hombres,Población en edad de trabajar (PET),Anual,193.622
2011,Quindío,Hombres,Población en edad de trabajar (PET),Anual,195.59
2012,Quindío,Hombres,Población en edad de trabajar (PET),Anual,197.488
2013,Quindío,Hombres,Población en edad de trabajar (PET),Anual,199.229
2014,Quindío,Hombres,Población en edad de trabajar (PET),Anual,200.93
2015,Quindío,Hombres,Población en edad de trabajar (PET),Anual,202.736
2016,Quindío,Hombres,Población en edad de trabajar (PET),Anual,204.753
2017,Quindío,Hombres,Población en edad de trabajar (PET),Anual,206.86
2018,Quindío,Hombres,Población en edad de trabajar (PET),Anual,209.27
2019,Quindío,Hombres,Población en edad de trabajar (PET),Anual,212.296
2020,Quindío,Hombres,Población en edad de trabajar (PET),Anual,215.23
2021,Quindío,Hombres,Población en edad de trabajar (PET),Anual,218.049
2022,Quindío,Hombres,Población en edad de trabajar (PET),Anual,221.051
2023,Quindío,Hombres,Población en edad de trabajar (PET),Anual,224.272
2024,Quindío,Hombres,Población en edad de trabajar (PET),Anual,227.412
2025,Quindío,Hombres,Población en edad de trabajar (PET),Anual,230.555
2007,Quindío,Hombres,Fuerza de trabajo,Anual,139.141406
2008,Quindío,Hombres,Fuerza de trabajo,Anual,144.452183
2009,Quindío,Hombres,Fuerza de trabajo,Anual,144.67744399999998
2010,Quindío,Hombres,Fuerza de trabajo,Anual,147.99387299999998
2011,Quindío,Hombres,Fuerza de trabajo,Anual,152.99631
2012,Quindío,Hombres,Fuerza de trabajo,Anual,151.93389499999998
2013,Quindío,Hombres,Fuerza de trabajo,Anual,154.65592999999998
2014,Quindío,Hombres,Fuerza de trabajo,Anual,157.010079
2015,Quindío,Hombres,Fuerza de trabajo,Anual,156.655395
2016,Quindío,Hombres,Fuerza de trabajo,Anual,159.025116
2017,Quindío,Hombres,Fuerza de trabajo,Anual,159.031842
2018,Quindío,Hombres,Fuerza de trabajo,Anual,162.643375
2019,Quindío,Hombres,Fuerza de trabajo,Anual,161.92641500000002
2020,Quindío,Hombres,Fuerza de trabajo,Anual,152.43589300000002
2021,Quindío,Hombres,Fuerza de trabajo,Anual,154.738
2022,Quindío,Hombres,Fuerza de trabajo,Anual,157.828
2023,Quindío,Hombres,Fuerza de trabajo,Anual,156.394
2024,Quindío,Hombres,Fuerza de trabajo,Anual,162.312
2025,Quindío,Hombres,Fuerza de trabajo,Anual,168.432
2007,Quindío,Hombres,Población ocupada,Anual,124.25647500000001
2008,Quindío,Hombres,Población ocupada,Anual,124.502683
2009,Quindío,Hombres,Población ocupada,Anual,121.067053
2010,Quindío,Hombres,Población ocupada,Anual,126.291322
2011,Quindío,Hombres,Población ocupada,Anual,132.093633
2012,Quindío,Hombres,Población ocupada,Anual,132.588372
2013,Quindío,Hombres,Población ocupada,Anual,135.379795
2014,Quindío,Hombres,Población ocupada,Anual,140.238507
2015,Quindío,Hombres,Población ocupada,Anual,141.00000899999998
2016,Quindío,Hombres,Población ocupada,Anual,141.698152
2017,Quindío,Hombres,Población ocupada,Anual,142.677105
2018,Quindío,Hombres,Población ocupada,Anual,143.96932199999998
2019,Quindío,Hombres,Población ocupada,Anual,141.835565
2020,Quindío,Hombres,Población ocupada,Anual,124.87252099999999
2021,Quindío,Hombres,Población ocupada,Anual,134.056
2022,Quindío,Hombres,Población ocupada,Anual,140.188
2023,Quindío,Hombres,Población ocupada,Anual,136.513
2024,Quindío,Hombres,Población ocupada,Anual,142.538
2025,Quindío,Hombres,Población ocupada,Anual,152.132
2007,Quindío,Hombres,Población desocupada,Anual,14.884931
2008,Quindío,Hombres,Población desocupada,Anual,19.9495
2009,Quindío,Hombres,Población desocupada,Anual,23.610391
2010,Quindío,Hombres,Población desocupada,Anual,21.702551
2011,Quindío,Hombres,Población desocupada,Anual,20.902677
2012,Quindío,Hombres,Población desocupada,Anual,19.345524
2013,Quindío,Hombres,Población desocupada,Anual,19.276135999999997
2014,Quindío,Hombres,Población desocupada,Anual,16.771572
2015,Quindío,Hombres,Población desocupada,Anual,15.655387000000001
2016,Quindío,Hombres,Población desocupada,Anual,17.326964
2017,Quindío,Hombres,Población desocupada,Anual,16.354737
2018,Quindío,Hombres,Población desocupada,Anual,18.674053
2019,Quindío,Hombres,Población desocupada,Anual,20.09085
2020,Quindío,Hombres,Población desocupada,Anual,27.563372
2021,Quindío,Hombres,Población desocupada,Anual,20.681
2022,Quindío,Hombres,Población desocupada,Anual,17.64
2023,Quindío,Hombres,Población desocupada,Anual,19.881
2024,Quindío,Hombres,Población desocupada,Anual,19.775
2025,Quindío,Hombres,Población desocupada,Anual,16.3
2007,Quindío,Hombres,Población fuera de la fuerza de trabajo,Anual,49.097594
2008,Quindío,Hombres,Población fuera de la fuerza de trabajo,Anual,45.523817
2009,Quindío,Hombres,Población fuera de la fuerza de trabajo,Anual,47.05655599999999
2010,Quindío,Hombres,Población fuera de la fuerza de trabajo,Anual,45.628127
2011,Quindío,Hombres,Población fuera de la fuerza de trabajo,Anual,42.59369
2012,Quindío,Hombres,Población fuera de la fuerza de trabajo,Anual,45.554105
2013,Quindío,Hombres,Población fuera de la fuerza de trabajo,Anual,44.57307
2014,Quindío,Hombres,Población fuera de la fuerza de trabajo,Anual,43.919921
2015,Quindío,Hombres,Población fuera de la fuerza de trabajo,Anual,46.080605000000006
2016,Quindío,Hombres,Población fuera de la fuerza de trabajo,Anual,45.727883999999996
2017,Quindío,Hombres,Población fuera de la fuerza de trabajo,Anual,47.828158
2018,Quindío,Hombres,Población fuera de la fuerza de trabajo,Anual,46.626625
2019,Quindío,Hombres,Población fuera de la fuerza de trabajo,Anual,50.369585
2020,Quindío,Hombres,Población fuera de la fuerza de trabajo,Anual,62.794107000000004
2021,Quindío,Hombres,Población fuera de la fuerza de trabajo,Anual,63.311
2022,Quindío,Hombres,Población fuera de la fuerza de trabajo,Anual,63.223
2023,Quindío,Hombres,Población fuera de la fuerza de trabajo,Anual,67.878
2024,Quindío,Hombres,Población fuera de la fuerza de trabajo,Anual,65.1
2025,Quindío,Hombres,Población fuera de la fuerza de trabajo,Anual,62.123
2007,Quindío,Hombres,Población subocupada,Anual,13.470207
2008,Quindío,Hombres,Población subocupada,Anual,14.289574
2009,Quindío,Hombres,Población subocupada,Anual,13.920868
2010,Quindío,Hombres,Población subocupada,Anual,22.212005
2011,Quindío,Hombres,Población subocupada,Anual,25.960365000000003
2012,Quindío,Hombres,Población subocupada,Anual,21.338175
2013,Quindío,Hombres,Población subocupada,Anual,21.96762
2014,Quindío,Hombres,Población subocupada,Anual,23.171495999999998
2015,Quindío,Hombres,Población subocupada,Anual,20.127264
2016,Quindío,Hombres,Población subocupada,Anual,20.869699
2017,Quindío,Hombres,Población subocupada,Anual,20.15172
2018,Quindío,Hombres,Población subocupada,Anual,18.167311
2019,Quindío,Hombres,Población subocupada,Anual,17.993199
2020,Quindío,Hombres,Población subocupada,Anual,0.0
2021,Quindío,Hombres,Población subocupada,Anual,11.167
2022,Quindío,Hombres,Población subocupada,Anual,8.796
2023,Quindío,Hombres,Población subocupada,Anual,7.554
2024,Quindío,Hombres,Población subocupada,Anual,7.843
2025,Quindío,Hombres,Población subocupada,Anual,12.546
2007,Quindío,Hombres,Fuerza de trabajo potencial,Anual,0.0
2008,Quindío,Hombres,Fuerza de trabajo potencial,Anual,0.0
2009,Quindío,Hombres,Fuerza de trabajo potencial,Anual,0.0
2010,Quindío,Hombres,Fuerza de trabajo potencial,Anual,0.0
2011,Quindío,Hombres,Fuerza de trabajo potencial,Anual,0.0
2012,Quindío,Hombres,Fuerza de trabajo potencial,Anual,0.0
2013,Quindío,Hombres,Fuerza de trabajo potencial,Anual,0.0
2014,Quindío,Hombres,Fuerza de trabajo potencial,Anual,0.0
2015,Quindío,Hombres,Fuerza de trabajo potencial,Anual,0.0
2016,Quindío,Hombres,Fuerza de trabajo potencial,Anual,0.0
2017,Quindío,Hombres,Fuerza de trabajo potencial,Anual,0.0
2018,Quindío,Hombres,Fuerza de trabajo potencial,Anual,0.0
2019,Quindío,Hombres,Fuerza de trabajo potencial,Anual,0.0
2020,Quindío,Hombres,Fuerza de trabajo potencial,Anual,0.0
2021,Quindío,Hombres,Fuerza de trabajo potencial,Anual,3.71
2022,Quindío,Hombres,Fuerza de trabajo potencial,Anual,4.655
2023,Quindío,Hombres,Fuerza de trabajo potencial,Anual,5.864
2024,Quindío,Hombres,Fuerza de trabajo potencial,Anual,6.55
2025,Quindío,Hombres,Fuerza de trabajo potencial,Anual,8.938
2007,Risaralda,Hombres,% población en edad de trabajar,Anual,73.787292032
2008,Risaralda,Hombres,% población en edad de trabajar,Anual,74.352705475
2009,Risaralda,Hombres,% población en edad de trabajar,Anual,74.89369274
2010,Risaralda,Hombres,% población en edad de trabajar,Anual,75.410738453
2011,Risaralda,Hombres,% población en edad de trabajar,Anual,75.903141925
2012,Risaralda,Hombres,% población en edad de trabajar,Anual,76.366299638
2013,Risaralda,Hombres,% población en edad de trabajar,Anual,76.801153388
2014,Risaralda,Hombres,% población en edad de trabajar,Anual,77.196523134
2015,Risaralda,Hombres,% población en edad de trabajar,Anual,77.564426592
2016,Risaralda,Hombres,% población en edad de trabajar,Anual,77.889834131
2017,Risaralda,Hombres,% población en edad de trabajar,Anual,78.147374801
2018,Risaralda,Hombres,% población en edad de trabajar,Anual,78.35313565
2019,Risaralda,Hombres,% población en edad de trabajar,Anual,78.533211995
2020,Risaralda,Hombres,% población en edad de trabajar,Anual,78.705984245
2021,Risaralda,Hombres,% población en edad de trabajar,Anual,78.909350544
2022,Risaralda,Hombres,% población en edad de trabajar,Anual,79.090413304
2023,Risaralda,Hombres,% población en edad de trabajar,Anual,79.260751577
2024,Risaralda,Hombres,% población en edad de trabajar,Anual,79.421972696
2025,Risaralda,Hombres,% población en edad de trabajar,Anual,79.608824256
2007,Risaralda,Hombres,Tasa Global de Participación (TGP),Anual,77.494075235
2008,Risaralda,Hombres,Tasa Global de Participación (TGP),Anual,78.674677865
2009,Risaralda,Hombres,Tasa Global de Participación (TGP),Anual,81.518874122
2010,Risaralda,Hombres,Tasa Global de Participación (TGP),Anual,80.838887469
2011,Risaralda,Hombres,Tasa Global de Participación (TGP),Anual,80.546517063
2012,Risaralda,Hombres,Tasa Global de Participación (TGP),Anual,81.504879753
2013,Risaralda,Hombres,Tasa Global de Participación (TGP),Anual,78.006081508
2014,Risaralda,Hombres,Tasa Global de Participación (TGP),Anual,78.007662653
2015,Risaralda,Hombres,Tasa Global de Participación (TGP),Anual,78.375268502
2016,Risaralda,Hombres,Tasa Global de Participación (TGP),Anual,79.148564321
2017,Risaralda,Hombres,Tasa Global de Participación (TGP),Anual,78.557312362
2018,Risaralda,Hombres,Tasa Global de Participación (TGP),Anual,78.386303451
2019,Risaralda,Hombres,Tasa Global de Participación (TGP),Anual,76.382052976
2020,Risaralda,Hombres,Tasa Global de Participación (TGP),Anual,72.286535366
2021,Risaralda,Hombres,Tasa Global de Participación (TGP),Anual,73.16477969
2022,Risaralda,Hombres,Tasa Global de Participación (TGP),Anual,74.213333155
2023,Risaralda,Hombres,Tasa Global de Participación (TGP),Anual,74.380046624
2024,Risaralda,Hombres,Tasa Global de Participación (TGP),Anual,74.979960315
2025,Risaralda,Hombres,Tasa Global de Participación (TGP),Anual,75.565476693
2007,Risaralda,Hombres,Tasa de Ocupación (TO),Anual,69.712514776
2008,Risaralda,Hombres,Tasa de Ocupación (TO),Anual,70.228000167
2009,Risaralda,Hombres,Tasa de Ocupación (TO),Anual,69.884054751
2010,Risaralda,Hombres,Tasa de Ocupación (TO),Anual,69.020117456
2011,Risaralda,Hombres,Tasa de Ocupación (TO),Anual,71.04072372
2012,Risaralda,Hombres,Tasa de Ocupación (TO),Anual,71.680333984
2013,Risaralda,Hombres,Tasa de Ocupación (TO),Anual,69.927301929
2014,Risaralda,Hombres,Tasa de Ocupación (TO),Anual,70.109170384
2015,Risaralda,Hombres,Tasa de Ocupación (TO),Anual,71.638561636
2016,Risaralda,Hombres,Tasa de Ocupación (TO),Anual,73.801806504
2017,Risaralda,Hombres,Tasa de Ocupación (TO),Anual,73.769395862
2018,Risaralda,Hombres,Tasa de Ocupación (TO),Anual,73.772104984
2019,Risaralda,Hombres,Tasa de Ocupación (TO),Anual,71.640341706
2020,Risaralda,Hombres,Tasa de Ocupación (TO),Anual,63.485685169999996
2021,Risaralda,Hombres,Tasa de Ocupación (TO),Anual,64.816690969
2022,Risaralda,Hombres,Tasa de Ocupación (TO),Anual,67.783858737
2023,Risaralda,Hombres,Tasa de Ocupación (TO),Anual,68.883008584
2024,Risaralda,Hombres,Tasa de Ocupación (TO),Anual,69.17542051
2025,Risaralda,Hombres,Tasa de Ocupación (TO),Anual,70.550774516
2007,Risaralda,Hombres,Tasa de Desocupación (TD),Anual,10.04149083
2008,Risaralda,Hombres,Tasa de Desocupación (TD),Anual,10.736208813
2009,Risaralda,Hombres,Tasa de Desocupación (TD),Anual,14.27254669
2010,Risaralda,Hombres,Tasa de Desocupación (TD),Anual,14.620154214
2011,Risaralda,Hombres,Tasa de Desocupación (TD),Anual,11.80161935
2012,Risaralda,Hombres,Tasa de Desocupación (TD),Anual,12.053935665
2013,Risaralda,Hombres,Tasa de Desocupación (TD),Anual,10.356602232
2014,Risaralda,Hombres,Tasa de Desocupación (TD),Anual,10.125277441
2015,Risaralda,Hombres,Tasa de Desocupación (TD),Anual,8.595449808
2016,Risaralda,Hombres,Tasa de Desocupación (TD),Anual,6.755344032
2017,Risaralda,Hombres,Tasa de Desocupación (TD),Anual,6.094806908
2018,Risaralda,Hombres,Tasa de Desocupación (TD),Anual,5.886485602
2019,Risaralda,Hombres,Tasa de Desocupación (TD),Anual,6.207886651
2020,Risaralda,Hombres,Tasa de Desocupación (TD),Anual,12.174950911
2021,Risaralda,Hombres,Tasa de Desocupación (TD),Anual,11.409982722
2022,Risaralda,Hombres,Tasa de Desocupación (TD),Anual,8.663503099
2023,Risaralda,Hombres,Tasa de Desocupación (TD),Anual,7.390474044
2024,Risaralda,Hombres,Tasa de Desocupación (TD),Anual,7.74145489
2025,Risaralda,Hombres,Tasa de Desocupación (TD),Anual,6.636234425
2007,Risaralda,Hombres,Tasa de Subocupación (TS),Anual,6.52933547
2008,Risaralda,Hombres,Tasa de Subocupación (TS),Anual,9.136326513
2009,Risaralda,Hombres,Tasa de Subocupación (TS),Anual,10.693371937
2010,Risaralda,Hombres,Tasa de Subocupación (TS),Anual,11.440346425
2011,Risaralda,Hombres,Tasa de Subocupación (TS),Anual,11.153548047
2012,Risaralda,Hombres,Tasa de Subocupación (TS),Anual,12.663653201
2013,Risaralda,Hombres,Tasa de Subocupación (TS),Anual,8.826368177
2014,Risaralda,Hombres,Tasa de Subocupación (TS),Anual,7.855671428
2015,Risaralda,Hombres,Tasa de Subocupación (TS),Anual,7.511634666
2016,Risaralda,Hombres,Tasa de Subocupación (TS),Anual,6.452212928
2017,Risaralda,Hombres,Tasa de Subocupación (TS),Anual,6.824431957
2018,Risaralda,Hombres,Tasa de Subocupación (TS),Anual,5.075006394
2019,Risaralda,Hombres,Tasa de Subocupación (TS),Anual,4.989309754
2020,Risaralda,Hombres,Tasa de Subocupación (TS),Anual,0.0
2021,Risaralda,Hombres,Tasa de Subocupación (TS),Anual,6.030007759
2022,Risaralda,Hombres,Tasa de Subocupación (TS),Anual,5.005104458
2023,Risaralda,Hombres,Tasa de Subocupación (TS),Anual,5.016569747
2024,Risaralda,Hombres,Tasa de Subocupación (TS),Anual,4.374615168
2025,Risaralda,Hombres,Tasa de Subocupación (TS),Anual,4.16860246
2007,Risaralda,Hombres,Población total,Anual,435.884
2008,Risaralda,Hombres,Población total,Anual,437.243
2009,Risaralda,Hombres,Población total,Anual,438.352
2010,Risaralda,Hombres,Población total,Anual,439.635
2011,Risaralda,Hombres,Población total,Anual,441.099
2012,Risaralda,Hombres,Población total,Anual,442.381
2013,Risaralda,Hombres,Población total,Anual,443.216
2014,Risaralda,Hombres,Población total,Anual,443.963
2015,Risaralda,Hombres,Población total,Anual,445.119
2016,Risaralda,Hombres,Población total,Anual,446.799
2017,Risaralda,Hombres,Población total,Anual,448.747
2018,Risaralda,Hombres,Población total,Anual,451.294
2019,Risaralda,Hombres,Población total,Anual,454.926
2020,Risaralda,Hombres,Población total,Anual,458.387
2021,Risaralda,Hombres,Población total,Anual,461.486
2022,Risaralda,Hombres,Población total,Anual,465.285
2023,Risaralda,Hombres,Población total,Anual,469.648
2024,Risaralda,Hombres,Población total,Anual,473.966
2025,Risaralda,Hombres,Población total,Anual,478.212
2007,Risaralda,Hombres,Población en edad de trabajar (PET),Anual,321.627
2008,Risaralda,Hombres,Población en edad de trabajar (PET),Anual,325.102
2009,Risaralda,Hombres,Población en edad de trabajar (PET),Anual,328.298
2010,Risaralda,Hombres,Población en edad de trabajar (PET),Anual,331.532
2011,Risaralda,Hombres,Población en edad de trabajar (PET),Anual,334.808
2012,Risaralda,Hombres,Población en edad de trabajar (PET),Anual,337.83
2013,Risaralda,Hombres,Población en edad de trabajar (PET),Anual,340.395
2014,Risaralda,Hombres,Población en edad de trabajar (PET),Anual,342.724
2015,Risaralda,Hombres,Población en edad de trabajar (PET),Anual,345.254
2016,Risaralda,Hombres,Población en edad de trabajar (PET),Anual,348.011
2017,Risaralda,Hombres,Población en edad de trabajar (PET),Anual,350.684
2018,Risaralda,Hombres,Población en edad de trabajar (PET),Anual,353.603
2019,Risaralda,Hombres,Población en edad de trabajar (PET),Anual,357.268
2020,Risaralda,Hombres,Población en edad de trabajar (PET),Anual,360.778
2021,Risaralda,Hombres,Población en edad de trabajar (PET),Anual,364.156
2022,Risaralda,Hombres,Población en edad de trabajar (PET),Anual,367.995
2023,Risaralda,Hombres,Población en edad de trabajar (PET),Anual,372.247
2024,Risaralda,Hombres,Población en edad de trabajar (PET),Anual,376.433
2025,Risaralda,Hombres,Población en edad de trabajar (PET),Anual,380.699
2007,Risaralda,Hombres,Fuerza de trabajo,Anual,249.241869
2008,Risaralda,Hombres,Fuerza de trabajo,Anual,255.772951
2009,Risaralda,Hombres,Fuerza de trabajo,Anual,267.62483299999997
2010,Risaralda,Hombres,Fuerza de trabajo,Anual,268.00678000000005
2011,Risaralda,Hombres,Fuerza de trabajo,Anual,269.67618300000004
2012,Risaralda,Hombres,Fuerza de trabajo,Anual,275.347935
2013,Risaralda,Hombres,Fuerza de trabajo,Anual,265.528801
2014,Risaralda,Hombres,Fuerza de trabajo,Anual,267.35098200000004
2015,Risaralda,Hombres,Fuerza de trabajo,Anual,270.59375
2016,Risaralda,Hombres,Fuerza de trabajo,Anual,275.44571
2017,Risaralda,Hombres,Fuerza de trabajo,Anual,275.48792499999996
2018,Risaralda,Hombres,Fuerza de trabajo,Anual,277.176321
2019,Risaralda,Hombres,Fuerza de trabajo,Anual,272.88863299999997
2020,Risaralda,Hombres,Fuerza de trabajo,Anual,260.79391699999996
2021,Risaralda,Hombres,Fuerza de trabajo,Anual,266.434
2022,Risaralda,Hombres,Fuerza de trabajo,Anual,273.102
2023,Risaralda,Hombres,Fuerza de trabajo,Anual,276.877
2024,Risaralda,Hombres,Fuerza de trabajo,Anual,282.249
2025,Risaralda,Hombres,Fuerza de trabajo,Anual,287.677
2007,Risaralda,Hombres,Población ocupada,Anual,224.21427
2008,Risaralda,Hombres,Población ocupada,Anual,228.312633
2009,Risaralda,Hombres,Población ocupada,Anual,229.427954
2010,Risaralda,Hombres,Población ocupada,Anual,228.823776
2011,Risaralda,Hombres,Población ocupada,Anual,237.850026
2012,Risaralda,Hombres,Población ocupada,Anual,242.157672
2013,Risaralda,Hombres,Población ocupada,Anual,238.02903899999998
2014,Risaralda,Hombres,Población ocupada,Anual,240.280953
2015,Risaralda,Hombres,Población ocupada,Anual,247.335
2016,Risaralda,Hombres,Población ocupada,Anual,256.838405
2017,Risaralda,Hombres,Población ocupada,Anual,258.697468
2018,Risaralda,Hombres,Población ocupada,Anual,260.860376
2019,Risaralda,Hombres,Población ocupada,Anual,255.948016
2020,Risaralda,Hombres,Población ocupada,Anual,229.042385
2021,Risaralda,Hombres,Población ocupada,Anual,236.034
2022,Risaralda,Hombres,Población ocupada,Anual,249.442
2023,Risaralda,Hombres,Población ocupada,Anual,256.415
2024,Risaralda,Hombres,Población ocupada,Anual,260.399
2025,Risaralda,Hombres,Población ocupada,Anual,268.586
2007,Risaralda,Hombres,Población desocupada,Anual,25.027599
2008,Risaralda,Hombres,Población desocupada,Anual,27.460318
2009,Risaralda,Hombres,Población desocupada,Anual,38.196879
2010,Risaralda,Hombres,Población desocupada,Anual,39.183004999999994
2011,Risaralda,Hombres,Población desocupada,Anual,31.826157
2012,Risaralda,Hombres,Población desocupada,Anual,33.190263
2013,Risaralda,Hombres,Población desocupada,Anual,27.499762
2014,Risaralda,Hombres,Población desocupada,Anual,27.070028999999998
2015,Risaralda,Hombres,Población desocupada,Anual,23.25875
2016,Risaralda,Hombres,Población desocupada,Anual,18.607305
2017,Risaralda,Hombres,Población desocupada,Anual,16.790457
2018,Risaralda,Hombres,Población desocupada,Anual,16.315944
2019,Risaralda,Hombres,Población desocupada,Anual,16.940617
2020,Risaralda,Hombres,Población desocupada,Anual,31.751531
2021,Risaralda,Hombres,Población desocupada,Anual,30.4
2022,Risaralda,Hombres,Población desocupada,Anual,23.66
2023,Risaralda,Hombres,Población desocupada,Anual,20.463
2024,Risaralda,Hombres,Población desocupada,Anual,21.85
2025,Risaralda,Hombres,Población desocupada,Anual,19.091
2007,Risaralda,Hombres,Población fuera de la fuerza de trabajo,Anual,72.38513099999999
2008,Risaralda,Hombres,Población fuera de la fuerza de trabajo,Anual,69.329049
2009,Risaralda,Hombres,Población fuera de la fuerza de trabajo,Anual,60.673167
2010,Risaralda,Hombres,Población fuera de la fuerza de trabajo,Anual,63.525220000000004
2011,Risaralda,Hombres,Población fuera de la fuerza de trabajo,Anual,65.131817
2012,Risaralda,Hombres,Población fuera de la fuerza de trabajo,Anual,62.482065000000006
2013,Risaralda,Hombres,Población fuera de la fuerza de trabajo,Anual,74.866199
2014,Risaralda,Hombres,Población fuera de la fuerza de trabajo,Anual,75.373018
2015,Risaralda,Hombres,Población fuera de la fuerza de trabajo,Anual,74.66025
2016,Risaralda,Hombres,Población fuera de la fuerza de trabajo,Anual,72.56528999999999
2017,Risaralda,Hombres,Población fuera de la fuerza de trabajo,Anual,75.196075
2018,Risaralda,Hombres,Población fuera de la fuerza de trabajo,Anual,76.42667900000001
2019,Risaralda,Hombres,Población fuera de la fuerza de trabajo,Anual,84.379367
2020,Risaralda,Hombres,Población fuera de la fuerza de trabajo,Anual,99.984083
2021,Risaralda,Hombres,Población fuera de la fuerza de trabajo,Anual,97.722
2022,Risaralda,Hombres,Población fuera de la fuerza de trabajo,Anual,94.894
2023,Risaralda,Hombres,Población fuera de la fuerza de trabajo,Anual,95.369
2024,Risaralda,Hombres,Población fuera de la fuerza de trabajo,Anual,94.184
2025,Risaralda,Hombres,Población fuera de la fuerza de trabajo,Anual,93.022
2007,Risaralda,Hombres,Población subocupada,Anual,16.273838
2008,Risaralda,Hombres,Población subocupada,Anual,23.368252000000002
2009,Risaralda,Hombres,Población subocupada,Anual,28.618119
2010,Risaralda,Hombres,Población subocupada,Anual,30.660904
2011,Risaralda,Hombres,Población subocupada,Anual,30.078463
2012,Risaralda,Hombres,Población subocupada,Anual,34.869108
2013,Risaralda,Hombres,Población subocupada,Anual,23.43655
2014,Risaralda,Hombres,Población subocupada,Anual,21.002215
2015,Risaralda,Hombres,Población subocupada,Anual,20.326014
2016,Risaralda,Hombres,Población subocupada,Anual,17.772344
2017,Risaralda,Hombres,Población subocupada,Anual,18.800486
2018,Risaralda,Hombres,Población subocupada,Anual,14.066716
2019,Risaralda,Hombres,Población subocupada,Anual,13.615259
2020,Risaralda,Hombres,Población subocupada,Anual,0.0
2021,Risaralda,Hombres,Población subocupada,Anual,16.066
2022,Risaralda,Hombres,Población subocupada,Anual,13.669
2023,Risaralda,Hombres,Población subocupada,Anual,13.89
2024,Risaralda,Hombres,Población subocupada,Anual,12.347
2025,Risaralda,Hombres,Población subocupada,Anual,11.992
2007,Risaralda,Hombres,Fuerza de trabajo potencial,Anual,0.0
2008,Risaralda,Hombres,Fuerza de trabajo potencial,Anual,0.0
2009,Risaralda,Hombres,Fuerza de trabajo potencial,Anual,0.0
2010,Risaralda,Hombres,Fuerza de trabajo potencial,Anual,0.0
2011,Risaralda,Hombres,Fuerza de trabajo potencial,Anual,0.0
2012,Risaralda,Hombres,Fuerza de trabajo potencial,Anual,0.0
2013,Risaralda,Hombres,Fuerza de trabajo potencial,Anual,0.0
2014,Risaralda,Hombres,Fuerza de trabajo potencial,Anual,0.0
2015,Risaralda,Hombres,Fuerza de trabajo potencial,Anual,0.0
2016,Risaralda,Hombres,Fuerza de trabajo potencial,Anual,0.0
2017,Risaralda,Hombres,Fuerza de trabajo potencial,Anual,0.0
2018,Risaralda,Hombres,Fuerza de trabajo potencial,Anual,0.0
2019,Risaralda,Hombres,Fuerza de trabajo potencial,Anual,0.0
2020,Risaralda,Hombres,Fuerza de trabajo potencial,Anual,0.0
2021,Risaralda,Hombres,Fuerza de trabajo potencial,Anual,4.567
2022,Risaralda,Hombres,Fuerza de trabajo potencial,Anual,5.409
2023,Risaralda,Hombres,Fuerza de trabajo potencial,Anual,4.786
2024,Risaralda,Hombres,Fuerza de trabajo potencial,Anual,5.783
2025,Risaralda,Hombres,Fuerza de trabajo potencial,Anual,4.92
2007,Santander,Hombres,% población en edad de trabajar,Anual,71.626573778
2008,Santander,Hombres,% población en edad de trabajar,Anual,72.11038094
2009,Santander,Hombres,% población en edad de trabajar,Anual,72.612935043
2010,Santander,Hombres,% población en edad de trabajar,Anual,73.13296158
2011,Santander,Hombres,% población en edad de trabajar,Anual,73.661696889
2012,Santander,Hombres,% población en edad de trabajar,Anual,74.174746197
2013,Santander,Hombres,% población en edad de trabajar,Anual,74.658835569
2014,Santander,Hombres,% población en edad de trabajar,Anual,75.112138674
2015,Santander,Hombres,% población en edad de trabajar,Anual,75.532999566
2016,Santander,Hombres,% población en edad de trabajar,Anual,75.916136107
2017,Santander,Hombres,% población en edad de trabajar,Anual,76.257963025
2018,Santander,Hombres,% población en edad de trabajar,Anual,76.543223738
2019,Santander,Hombres,% población en edad de trabajar,Anual,76.715811251
2020,Santander,Hombres,% población en edad de trabajar,Anual,76.89690194
2021,Santander,Hombres,% población en edad de trabajar,Anual,77.107027487
2022,Santander,Hombres,% población en edad de trabajar,Anual,77.365165458
2023,Santander,Hombres,% población en edad de trabajar,Anual,77.606817348
2024,Santander,Hombres,% población en edad de trabajar,Anual,78.020169564
2025,Santander,Hombres,% población en edad de trabajar,Anual,78.311531388
2007,Santander,Hombres,Tasa Global de Participación (TGP),Anual,77.570509379
2008,Santander,Hombres,Tasa Global de Participación (TGP),Anual,79.283660053
2009,Santander,Hombres,Tasa Global de Participación (TGP),Anual,82.63541892
2010,Santander,Hombres,Tasa Global de Participación (TGP),Anual,82.990986384
2011,Santander,Hombres,Tasa Global de Participación (TGP),Anual,83.036281163
2012,Santander,Hombres,Tasa Global de Participación (TGP),Anual,82.823008647
2013,Santander,Hombres,Tasa Global de Participación (TGP),Anual,82.018989547
2014,Santander,Hombres,Tasa Global de Participación (TGP),Anual,80.837954861
2015,Santander,Hombres,Tasa Global de Participación (TGP),Anual,80.294951375
2016,Santander,Hombres,Tasa Global de Participación (TGP),Anual,79.724907483
2017,Santander,Hombres,Tasa Global de Participación (TGP),Anual,78.312809495
2018,Santander,Hombres,Tasa Global de Participación (TGP),Anual,78.66961026
2019,Santander,Hombres,Tasa Global de Participación (TGP),Anual,77.029674797
2020,Santander,Hombres,Tasa Global de Participación (TGP),Anual,72.40448874
2021,Santander,Hombres,Tasa Global de Participación (TGP),Anual,73.340980572
2022,Santander,Hombres,Tasa Global de Participación (TGP),Anual,74.754171155
2023,Santander,Hombres,Tasa Global de Participación (TGP),Anual,77.274143463
2024,Santander,Hombres,Tasa Global de Participación (TGP),Anual,75.360039381
2025,Santander,Hombres,Tasa Global de Participación (TGP),Anual,75.81736832
2007,Santander,Hombres,Tasa de Ocupación (TO),Anual,71.069693543
2008,Santander,Hombres,Tasa de Ocupación (TO),Anual,73.681411045
2009,Santander,Hombres,Tasa de Ocupación (TO),Anual,77.356428185
2010,Santander,Hombres,Tasa de Ocupación (TO),Anual,77.139994354
2011,Santander,Hombres,Tasa de Ocupación (TO),Anual,77.841417559
2012,Santander,Hombres,Tasa de Ocupación (TO),Anual,77.742895451
2013,Santander,Hombres,Tasa de Ocupación (TO),Anual,77.188925715
2014,Santander,Hombres,Tasa de Ocupación (TO),Anual,76.340128787
2015,Santander,Hombres,Tasa de Ocupación (TO),Anual,75.733143576
2016,Santander,Hombres,Tasa de Ocupación (TO),Anual,74.738186896
2017,Santander,Hombres,Tasa de Ocupación (TO),Anual,73.764431126
2018,Santander,Hombres,Tasa de Ocupación (TO),Anual,73.228212386
2019,Santander,Hombres,Tasa de Ocupación (TO),Anual,70.709576793
2020,Santander,Hombres,Tasa de Ocupación (TO),Anual,62.324785775
2021,Santander,Hombres,Tasa de Ocupación (TO),Anual,65.138702572
2022,Santander,Hombres,Tasa de Ocupación (TO),Anual,68.00790001
2023,Santander,Hombres,Tasa de Ocupación (TO),Anual,70.343417382
2024,Santander,Hombres,Tasa de Ocupación (TO),Anual,67.621843103
2025,Santander,Hombres,Tasa de Ocupación (TO),Anual,69.237249455
2007,Santander,Hombres,Tasa de Desocupación (TD),Anual,8.380524878
2008,Santander,Hombres,Tasa de Desocupación (TD),Anual,7.066082727
2009,Santander,Hombres,Tasa de Desocupación (TD),Anual,6.388290644
2010,Santander,Hombres,Tasa de Desocupación (TD),Anual,7.050153619
2011,Santander,Hombres,Tasa de Desocupación (TD),Anual,6.256137114
2012,Santander,Hombres,Tasa de Desocupación (TD),Anual,6.133697965
2013,Santander,Hombres,Tasa de Desocupación (TD),Anual,5.888957982
2014,Santander,Hombres,Tasa de Desocupación (TD),Anual,5.564002802
2015,Santander,Hombres,Tasa de Desocupación (TD),Anual,5.681313359
2016,Santander,Hombres,Tasa de Desocupación (TD),Anual,6.254909217
2017,Santander,Hombres,Tasa de Desocupación (TD),Anual,5.807962194
2018,Santander,Hombres,Tasa de Desocupación (TD),Anual,6.916772381
2019,Santander,Hombres,Tasa de Desocupación (TD),Anual,8.204757479
2020,Santander,Hombres,Tasa de Desocupación (TD),Anual,13.92137855
2021,Santander,Hombres,Tasa de Desocupación (TD),Anual,11.183758297
2022,Santander,Hombres,Tasa de Desocupación (TD),Anual,9.024608313
2023,Santander,Hombres,Tasa de Desocupación (TD),Anual,8.969010552
2024,Santander,Hombres,Tasa de Desocupación (TD),Anual,10.268301796
2025,Santander,Hombres,Tasa de Desocupación (TD),Anual,8.678906972
2007,Santander,Hombres,Tasa de Subocupación (TS),Anual,6.038792335
2008,Santander,Hombres,Tasa de Subocupación (TS),Anual,5.759267542
2009,Santander,Hombres,Tasa de Subocupación (TS),Anual,8.427176365
2010,Santander,Hombres,Tasa de Subocupación (TS),Anual,10.112263136
2011,Santander,Hombres,Tasa de Subocupación (TS),Anual,9.379057451
2012,Santander,Hombres,Tasa de Subocupación (TS),Anual,10.341609504
2013,Santander,Hombres,Tasa de Subocupación (TS),Anual,9.83624786
2014,Santander,Hombres,Tasa de Subocupación (TS),Anual,8.494562423
2015,Santander,Hombres,Tasa de Subocupación (TS),Anual,8.612177512
2016,Santander,Hombres,Tasa de Subocupación (TS),Anual,9.210419788
2017,Santander,Hombres,Tasa de Subocupación (TS),Anual,8.355633379
2018,Santander,Hombres,Tasa de Subocupación (TS),Anual,7.564547814
2019,Santander,Hombres,Tasa de Subocupación (TS),Anual,9.231715644
2020,Santander,Hombres,Tasa de Subocupación (TS),Anual,0.0
2021,Santander,Hombres,Tasa de Subocupación (TS),Anual,6.034882261
2022,Santander,Hombres,Tasa de Subocupación (TS),Anual,7.007400578
2023,Santander,Hombres,Tasa de Subocupación (TS),Anual,4.399174312
2024,Santander,Hombres,Tasa de Subocupación (TS),Anual,3.806713877
2025,Santander,Hombres,Tasa de Subocupación (TS),Anual,3.686438272
2007,Santander,Hombres,Población total,Anual,943.351
2008,Santander,Hombres,Población total,Anual,954.875
2009,Santander,Hombres,Población total,Anual,966.197
2010,Santander,Hombres,Población total,Anual,977.35
2011,Santander,Hombres,Población total,Anual,988.173
2012,Santander,Hombres,Población total,Anual,998.511
2013,Santander,Hombres,Población total,Anual,1008.458
2014,Santander,Hombres,Población total,Anual,1018.159
2015,Santander,Hombres,Población total,Anual,1027.862
2016,Santander,Hombres,Población total,Anual,1038.683
2017,Santander,Hombres,Población total,Anual,1051.422
2018,Santander,Hombres,Población total,Anual,1068.753
2019,Santander,Hombres,Población total,Anual,1094.322
2020,Santander,Hombres,Población total,Anual,1115.569
2021,Santander,Hombres,Población total,Anual,1131.632
2022,Santander,Hombres,Población total,Anual,1136.829
2023,Santander,Hombres,Población total,Anual,1144.736
2024,Santander,Hombres,Población total,Anual,1152.248
2025,Santander,Hombres,Población total,Anual,1159.536
2007,Santander,Hombres,Población en edad de trabajar (PET),Anual,675.69
2008,Santander,Hombres,Población en edad de trabajar (PET),Anual,688.564
2009,Santander,Hombres,Población en edad de trabajar (PET),Anual,701.584
2010,Santander,Hombres,Población en edad de trabajar (PET),Anual,714.765
2011,Santander,Hombres,Población en edad de trabajar (PET),Anual,727.905
2012,Santander,Hombres,Población en edad de trabajar (PET),Anual,740.643
2013,Santander,Hombres,Población en edad de trabajar (PET),Anual,752.903
2014,Santander,Hombres,Población en edad de trabajar (PET),Anual,764.761
2015,Santander,Hombres,Población en edad de trabajar (PET),Anual,776.375
2016,Santander,Hombres,Población en edad de trabajar (PET),Anual,788.528
2017,Santander,Hombres,Población en edad de trabajar (PET),Anual,801.793
2018,Santander,Hombres,Población en edad de trabajar (PET),Anual,818.058
2019,Santander,Hombres,Población en edad de trabajar (PET),Anual,839.518
2020,Santander,Hombres,Población en edad de trabajar (PET),Anual,857.838
2021,Santander,Hombres,Población en edad de trabajar (PET),Anual,872.568
2022,Santander,Hombres,Población en edad de trabajar (PET),Anual,879.509
2023,Santander,Hombres,Población en edad de trabajar (PET),Anual,888.394
2024,Santander,Hombres,Población en edad de trabajar (PET),Anual,898.986
2025,Santander,Hombres,Población en edad de trabajar (PET),Anual,908.05
2007,Santander,Hombres,Fuerza de trabajo,Anual,524.136175
2008,Santander,Hombres,Fuerza de trabajo,Anual,545.9187410000001
2009,Santander,Hombres,Fuerza de trabajo,Anual,579.756877
2010,Santander,Hombres,Fuerza de trabajo,Anual,593.190524
2011,Santander,Hombres,Fuerza de trabajo,Anual,604.425242
2012,Santander,Hombres,Fuerza de trabajo,Anual,613.422816
2013,Santander,Hombres,Fuerza de trabajo,Anual,617.523433
2014,Santander,Hombres,Fuerza de trabajo,Anual,618.217152
2015,Santander,Hombres,Fuerza de trabajo,Anual,623.389929
2016,Santander,Hombres,Fuerza de trabajo,Anual,628.653218
2017,Santander,Hombres,Fuerza de trabajo,Anual,627.906625
2018,Santander,Hombres,Fuerza de trabajo,Anual,643.56304
2019,Santander,Hombres,Fuerza de trabajo,Anual,646.677985
2020,Santander,Hombres,Fuerza de trabajo,Anual,621.113218
2021,Santander,Hombres,Fuerza de trabajo,Anual,639.95
2022,Santander,Hombres,Fuerza de trabajo,Anual,657.47
2023,Santander,Hombres,Fuerza de trabajo,Anual,686.498
2024,Santander,Hombres,Fuerza de trabajo,Anual,677.476
2025,Santander,Hombres,Fuerza de trabajo,Anual,688.46
2007,Santander,Hombres,Población ocupada,Anual,480.210812
2008,Santander,Hombres,Población ocupada,Anual,507.343671
2009,Santander,Hombres,Población ocupada,Anual,542.720323
2010,Santander,Hombres,Población ocupada,Anual,551.369681
2011,Santander,Hombres,Población ocupada,Anual,566.6115699999999
2012,Santander,Hombres,Población ocupada,Anual,575.7973129999999
2013,Santander,Hombres,Población ocupada,Anual,581.157737
2014,Santander,Hombres,Población ocupada,Anual,583.819532
2015,Santander,Hombres,Población ocupada,Anual,587.9731929999999
2016,Santander,Hombres,Población ocupada,Anual,589.33153
2017,Santander,Hombres,Población ocupada,Anual,591.438045
2018,Santander,Hombres,Población ocupada,Anual,599.04925
2019,Santander,Hombres,Población ocupada,Anual,593.619625
2020,Santander,Hombres,Población ocupada,Anual,534.645696
2021,Santander,Hombres,Población ocupada,Anual,568.379
2022,Santander,Hombres,Población ocupada,Anual,598.136
2023,Santander,Hombres,Población ocupada,Anual,624.926
2024,Santander,Hombres,Población ocupada,Anual,607.911
2025,Santander,Hombres,Población ocupada,Anual,628.709
2007,Santander,Hombres,Población desocupada,Anual,43.925363
2008,Santander,Hombres,Población desocupada,Anual,38.57507
2009,Santander,Hombres,Población desocupada,Anual,37.036553999999995
2010,Santander,Hombres,Población desocupada,Anual,41.820843
2011,Santander,Hombres,Población desocupada,Anual,37.813672
2012,Santander,Hombres,Población desocupada,Anual,37.625502999999995
2013,Santander,Hombres,Población desocupada,Anual,36.365695
2014,Santander,Hombres,Población desocupada,Anual,34.39762
2015,Santander,Hombres,Población desocupada,Anual,35.416735
2016,Santander,Hombres,Población desocupada,Anual,39.321688
2017,Santander,Hombres,Población desocupada,Anual,36.468579
2018,Santander,Hombres,Población desocupada,Anual,44.513791
2019,Santander,Hombres,Población desocupada,Anual,53.05836
2020,Santander,Hombres,Población desocupada,Anual,86.467522
2021,Santander,Hombres,Población desocupada,Anual,71.57
2022,Santander,Hombres,Población desocupada,Anual,59.334
2023,Santander,Hombres,Población desocupada,Anual,61.572
2024,Santander,Hombres,Población desocupada,Anual,69.565
2025,Santander,Hombres,Población desocupada,Anual,59.751
2007,Santander,Hombres,Población fuera de la fuerza de trabajo,Anual,151.55382500000002
2008,Santander,Hombres,Población fuera de la fuerza de trabajo,Anual,142.64525899999998
2009,Santander,Hombres,Población fuera de la fuerza de trabajo,Anual,121.827123
2010,Santander,Hombres,Población fuera de la fuerza de trabajo,Anual,121.57447599999999
2011,Santander,Hombres,Población fuera de la fuerza de trabajo,Anual,123.479758
2012,Santander,Hombres,Población fuera de la fuerza de trabajo,Anual,127.22018399999999
2013,Santander,Hombres,Población fuera de la fuerza de trabajo,Anual,135.379567
2014,Santander,Hombres,Población fuera de la fuerza de trabajo,Anual,146.543848
2015,Santander,Hombres,Población fuera de la fuerza de trabajo,Anual,152.985071
2016,Santander,Hombres,Población fuera de la fuerza de trabajo,Anual,159.874782
2017,Santander,Hombres,Población fuera de la fuerza de trabajo,Anual,173.886375
2018,Santander,Hombres,Población fuera de la fuerza de trabajo,Anual,174.49496
2019,Santander,Hombres,Población fuera de la fuerza de trabajo,Anual,192.84001500000002
2020,Santander,Hombres,Población fuera de la fuerza de trabajo,Anual,236.724782
2021,Santander,Hombres,Población fuera de la fuerza de trabajo,Anual,232.618
2022,Santander,Hombres,Población fuera de la fuerza de trabajo,Anual,222.039
2023,Santander,Hombres,Población fuera de la fuerza de trabajo,Anual,201.895
2024,Santander,Hombres,Población fuera de la fuerza de trabajo,Anual,221.51
2025,Santander,Hombres,Población fuera de la fuerza de trabajo,Anual,219.59
2007,Santander,Hombres,Población subocupada,Anual,31.651495
2008,Santander,Hombres,Población subocupada,Anual,31.440921
2009,Santander,Hombres,Población subocupada,Anual,48.857135
2010,Santander,Hombres,Población subocupada,Anual,59.984987000000004
2011,Santander,Hombres,Población subocupada,Anual,56.689391
2012,Santander,Hombres,Población subocupada,Anual,63.437792
2013,Santander,Hombres,Población subocupada,Anual,60.741135
2014,Santander,Hombres,Población subocupada,Anual,52.514841999999994
2015,Santander,Hombres,Población subocupada,Anual,53.687447
2016,Santander,Hombres,Población subocupada,Anual,57.9016
2017,Santander,Hombres,Población subocupada,Anual,52.465576
2018,Santander,Hombres,Población subocupada,Anual,48.682634
2019,Santander,Hombres,Población subocupada,Anual,59.699473
2020,Santander,Hombres,Población subocupada,Anual,0.0
2021,Santander,Hombres,Población subocupada,Anual,38.62
2022,Santander,Hombres,Población subocupada,Anual,46.072
2023,Santander,Hombres,Población subocupada,Anual,30.2
2024,Santander,Hombres,Población subocupada,Anual,25.79
2025,Santander,Hombres,Población subocupada,Anual,25.38
2007,Santander,Hombres,Fuerza de trabajo potencial,Anual,0.0
2008,Santander,Hombres,Fuerza de trabajo potencial,Anual,0.0
2009,Santander,Hombres,Fuerza de trabajo potencial,Anual,0.0
2010,Santander,Hombres,Fuerza de trabajo potencial,Anual,0.0
2011,Santander,Hombres,Fuerza de trabajo potencial,Anual,0.0
2012,Santander,Hombres,Fuerza de trabajo potencial,Anual,0.0
2013,Santander,Hombres,Fuerza de trabajo potencial,Anual,0.0
2014,Santander,Hombres,Fuerza de trabajo potencial,Anual,0.0
2015,Santander,Hombres,Fuerza de trabajo potencial,Anual,0.0
2016,Santander,Hombres,Fuerza de trabajo potencial,Anual,0.0
2017,Santander,Hombres,Fuerza de trabajo potencial,Anual,0.0
2018,Santander,Hombres,Fuerza de trabajo potencial,Anual,0.0
2019,Santander,Hombres,Fuerza de trabajo potencial,Anual,0.0
2020,Santander,Hombres,Fuerza de trabajo potencial,Anual,0.0
2021,Santander,Hombres,Fuerza de trabajo potencial,Anual,5.749
2022,Santander,Hombres,Fuerza de trabajo potencial,Anual,10.874
2023,Santander,Hombres,Fuerza de trabajo potencial,Anual,6.728
2024,Santander,Hombres,Fuerza de trabajo potencial,Anual,11.454
2025,Santander,Hombres,Fuerza de trabajo potencial,Anual,9.439
2007,Sucre,Hombres,% población en edad de trabajar,Anual,68.057291835
2008,Sucre,Hombres,% población en edad de trabajar,Anual,68.372494146
2009,Sucre,Hombres,% población en edad de trabajar,Anual,68.679567113
2010,Sucre,Hombres,% población en edad de trabajar,Anual,68.983245165
2011,Sucre,Hombres,% población en edad de trabajar,Anual,69.288527585
2012,Sucre,Hombres,% población en edad de trabajar,Anual,69.623123031
2013,Sucre,Hombres,% población en edad de trabajar,Anual,69.993496913
2014,Sucre,Hombres,% población en edad de trabajar,Anual,70.39869088
2015,Sucre,Hombres,% población en edad de trabajar,Anual,70.839238203
2016,Sucre,Hombres,% población en edad de trabajar,Anual,71.297747561
2017,Sucre,Hombres,% población en edad de trabajar,Anual,71.745542298
2018,Sucre,Hombres,% población en edad de trabajar,Anual,72.155910538
2019,Sucre,Hombres,% población en edad de trabajar,Anual,72.500611412
2020,Sucre,Hombres,% población en edad de trabajar,Anual,72.82358157
2021,Sucre,Hombres,% población en edad de trabajar,Anual,73.147835564
2022,Sucre,Hombres,% población en edad de trabajar,Anual,73.453668704
2023,Sucre,Hombres,% población en edad de trabajar,Anual,73.752290633
2024,Sucre,Hombres,% población en edad de trabajar,Anual,74.093940102
2025,Sucre,Hombres,% población en edad de trabajar,Anual,74.421836764
2007,Sucre,Hombres,Tasa Global de Participación (TGP),Anual,78.135813099
2008,Sucre,Hombres,Tasa Global de Participación (TGP),Anual,74.684619727
2009,Sucre,Hombres,Tasa Global de Participación (TGP),Anual,78.164036156
2010,Sucre,Hombres,Tasa Global de Participación (TGP),Anual,79.122265895
2011,Sucre,Hombres,Tasa Global de Participación (TGP),Anual,80.6965366
2012,Sucre,Hombres,Tasa Global de Participación (TGP),Anual,82.122956905
2013,Sucre,Hombres,Tasa Global de Participación (TGP),Anual,82.488351583
2014,Sucre,Hombres,Tasa Global de Participación (TGP),Anual,83.26087121
2015,Sucre,Hombres,Tasa Global de Participación (TGP),Anual,80.545104521
2016,Sucre,Hombres,Tasa Global de Participación (TGP),Anual,82.260968945
2017,Sucre,Hombres,Tasa Global de Participación (TGP),Anual,82.115585155
2018,Sucre,Hombres,Tasa Global de Participación (TGP),Anual,84.904696922
2019,Sucre,Hombres,Tasa Global de Participación (TGP),Anual,82.64363134
2020,Sucre,Hombres,Tasa Global de Participación (TGP),Anual,78.06988382
2021,Sucre,Hombres,Tasa Global de Participación (TGP),Anual,77.608732449
2022,Sucre,Hombres,Tasa Global de Participación (TGP),Anual,76.832193042
2023,Sucre,Hombres,Tasa Global de Participación (TGP),Anual,73.91967432
2024,Sucre,Hombres,Tasa Global de Participación (TGP),Anual,74.344762843
2025,Sucre,Hombres,Tasa Global de Participación (TGP),Anual,77.922278005
2007,Sucre,Hombres,Tasa de Ocupación (TO),Anual,71.732670702
2008,Sucre,Hombres,Tasa de Ocupación (TO),Anual,69.3339636
2009,Sucre,Hombres,Tasa de Ocupación (TO),Anual,73.126358112
2010,Sucre,Hombres,Tasa de Ocupación (TO),Anual,72.367348485
2011,Sucre,Hombres,Tasa de Ocupación (TO),Anual,75.383940156
2012,Sucre,Hombres,Tasa de Ocupación (TO),Anual,77.351650709
2013,Sucre,Hombres,Tasa de Ocupación (TO),Anual,77.570784035
2014,Sucre,Hombres,Tasa de Ocupación (TO),Anual,79.036557239
2015,Sucre,Hombres,Tasa de Ocupación (TO),Anual,76.594553216
2016,Sucre,Hombres,Tasa de Ocupación (TO),Anual,77.114366379
2017,Sucre,Hombres,Tasa de Ocupación (TO),Anual,77.779476927
2018,Sucre,Hombres,Tasa de Ocupación (TO),Anual,80.375434413
2019,Sucre,Hombres,Tasa de Ocupación (TO),Anual,77.206623909
2020,Sucre,Hombres,Tasa de Ocupación (TO),Anual,70.201227481
2021,Sucre,Hombres,Tasa de Ocupación (TO),Anual,71.655887564
2022,Sucre,Hombres,Tasa de Ocupación (TO),Anual,71.059556311
2023,Sucre,Hombres,Tasa de Ocupación (TO),Anual,68.177046794
2024,Sucre,Hombres,Tasa de Ocupación (TO),Anual,68.098095197
2025,Sucre,Hombres,Tasa de Ocupación (TO),Anual,72.696684576
2007,Sucre,Hombres,Tasa de Desocupación (TD),Anual,8.194888032
2008,Sucre,Hombres,Tasa de Desocupación (TD),Anual,7.1643347
2009,Sucre,Hombres,Tasa de Desocupación (TD),Anual,6.445007566
2010,Sucre,Hombres,Tasa de Desocupación (TD),Anual,8.537315424
2011,Sucre,Hombres,Tasa de Desocupación (TD),Anual,6.583425595
2012,Sucre,Hombres,Tasa de Desocupación (TD),Anual,5.809954215
2013,Sucre,Hombres,Tasa de Desocupación (TD),Anual,5.961529662
2014,Sucre,Hombres,Tasa de Desocupación (TD),Anual,5.073588481
2015,Sucre,Hombres,Tasa de Desocupación (TD),Anual,4.904768984
2016,Sucre,Hombres,Tasa de Desocupación (TD),Anual,6.256433193
2017,Sucre,Hombres,Tasa de Desocupación (TD),Anual,5.280493611
2018,Sucre,Hombres,Tasa de Desocupación (TD),Anual,5.334525266
2019,Sucre,Hombres,Tasa de Desocupación (TD),Anual,6.578858338
2020,Sucre,Hombres,Tasa de Desocupación (TD),Anual,10.078990711
2021,Sucre,Hombres,Tasa de Desocupación (TD),Anual,7.670328709
2022,Sucre,Hombres,Tasa de Desocupación (TD),Anual,7.513304648
2023,Sucre,Hombres,Tasa de Desocupación (TD),Anual,7.768740296
2024,Sucre,Hombres,Tasa de Desocupación (TD),Anual,8.402296822
2025,Sucre,Hombres,Tasa de Desocupación (TD),Anual,6.706161015
2007,Sucre,Hombres,Tasa de Subocupación (TS),Anual,10.558194011
2008,Sucre,Hombres,Tasa de Subocupación (TS),Anual,6.917822828
2009,Sucre,Hombres,Tasa de Subocupación (TS),Anual,8.854486574
2010,Sucre,Hombres,Tasa de Subocupación (TS),Anual,9.147952977
2011,Sucre,Hombres,Tasa de Subocupación (TS),Anual,11.134280274
2012,Sucre,Hombres,Tasa de Subocupación (TS),Anual,13.399013378
2013,Sucre,Hombres,Tasa de Subocupación (TS),Anual,13.887323447
2014,Sucre,Hombres,Tasa de Subocupación (TS),Anual,11.420372416
2015,Sucre,Hombres,Tasa de Subocupación (TS),Anual,13.57065016
2016,Sucre,Hombres,Tasa de Subocupación (TS),Anual,15.741272651
2017,Sucre,Hombres,Tasa de Subocupación (TS),Anual,14.732582042
2018,Sucre,Hombres,Tasa de Subocupación (TS),Anual,11.176110141
2019,Sucre,Hombres,Tasa de Subocupación (TS),Anual,11.751974354
2020,Sucre,Hombres,Tasa de Subocupación (TS),Anual,0.0
2021,Sucre,Hombres,Tasa de Subocupación (TS),Anual,8.252449108
2022,Sucre,Hombres,Tasa de Subocupación (TS),Anual,10.375132767
2023,Sucre,Hombres,Tasa de Subocupación (TS),Anual,11.846487042
2024,Sucre,Hombres,Tasa de Subocupación (TS),Anual,10.34043384
2025,Sucre,Hombres,Tasa de Subocupación (TS),Anual,14.948608017
2007,Sucre,Hombres,Población total,Anual,402.361
2008,Sucre,Hombres,Población total,Anual,406.997
2009,Sucre,Hombres,Población total,Anual,411.562
2010,Sucre,Hombres,Población total,Anual,416.059
2011,Sucre,Hombres,Población total,Anual,420.452
2012,Sucre,Hombres,Población total,Anual,424.754
2013,Sucre,Hombres,Población total,Anual,429.027
2014,Sucre,Hombres,Población total,Anual,433.268
2015,Sucre,Hombres,Población total,Anual,437.492
2016,Sucre,Hombres,Población total,Anual,442.143
2017,Sucre,Hombres,Población total,Anual,447.54
2018,Sucre,Hombres,Población total,Anual,454.671
2019,Sucre,Hombres,Población total,Anual,466.134
2020,Sucre,Hombres,Población total,Anual,475.931
2021,Sucre,Hombres,Población total,Anual,482.339
2022,Sucre,Hombres,Población total,Anual,487.06
2023,Sucre,Hombres,Población total,Anual,491.449
2024,Sucre,Hombres,Población total,Anual,495.759
2025,Sucre,Hombres,Población total,Anual,499.949
2007,Sucre,Hombres,Población en edad de trabajar (PET),Anual,273.836
2008,Sucre,Hombres,Población en edad de trabajar (PET),Anual,278.274
2009,Sucre,Hombres,Población en edad de trabajar (PET),Anual,282.659
2010,Sucre,Hombres,Población en edad de trabajar (PET),Anual,287.011
2011,Sucre,Hombres,Población en edad de trabajar (PET),Anual,291.325
2012,Sucre,Hombres,Población en edad de trabajar (PET),Anual,295.727
2013,Sucre,Hombres,Población en edad de trabajar (PET),Anual,300.291
2014,Sucre,Hombres,Población en edad de trabajar (PET),Anual,305.015
2015,Sucre,Hombres,Población en edad de trabajar (PET),Anual,309.916
2016,Sucre,Hombres,Población en edad de trabajar (PET),Anual,315.238
2017,Sucre,Hombres,Población en edad de trabajar (PET),Anual,321.09
2018,Sucre,Hombres,Población en edad de trabajar (PET),Anual,328.072
2019,Sucre,Hombres,Población en edad de trabajar (PET),Anual,337.95
2020,Sucre,Hombres,Población en edad de trabajar (PET),Anual,346.59
2021,Sucre,Hombres,Población en edad de trabajar (PET),Anual,352.82
2022,Sucre,Hombres,Población en edad de trabajar (PET),Anual,357.763
2023,Sucre,Hombres,Población en edad de trabajar (PET),Anual,362.455
2024,Sucre,Hombres,Población en edad de trabajar (PET),Anual,367.327
2025,Sucre,Hombres,Población en edad de trabajar (PET),Anual,372.071
2007,Sucre,Hombres,Fuerza de trabajo,Anual,213.96398499999998
2008,Sucre,Hombres,Fuerza de trabajo,Anual,207.827879
2009,Sucre,Hombres,Fuerza de trabajo,Anual,220.937683
2010,Sucre,Hombres,Fuerza de trabajo,Anual,227.089607
2011,Sucre,Hombres,Fuerza de trabajo,Anual,235.089185
2012,Sucre,Hombres,Fuerza de trabajo,Anual,242.859757
2013,Sucre,Hombres,Fuerza de trabajo,Anual,247.705096
2014,Sucre,Hombres,Fuerza de trabajo,Anual,253.958146
2015,Sucre,Hombres,Fuerza de trabajo,Anual,249.622166
2016,Sucre,Hombres,Fuerza de trabajo,Anual,259.317833
2017,Sucre,Hombres,Fuerza de trabajo,Anual,263.66493199999996
2018,Sucre,Hombres,Fuerza de trabajo,Anual,278.548537
2019,Sucre,Hombres,Fuerza de trabajo,Anual,279.294152
2020,Sucre,Hombres,Fuerza de trabajo,Anual,270.58241
2021,Sucre,Hombres,Fuerza de trabajo,Anual,273.819
2022,Sucre,Hombres,Fuerza de trabajo,Anual,274.878
2023,Sucre,Hombres,Fuerza de trabajo,Anual,267.925
2024,Sucre,Hombres,Fuerza de trabajo,Anual,273.089
2025,Sucre,Hombres,Fuerza de trabajo,Anual,289.926
2007,Sucre,Hombres,Población ocupada,Anual,196.42987599999998
2008,Sucre,Hombres,Población ocupada,Anual,192.938394
2009,Sucre,Hombres,Población ocupada,Anual,206.69823300000002
2010,Sucre,Hombres,Población ocupada,Anual,207.702251
2011,Sucre,Hombres,Población ocupada,Anual,219.61226399999998
2012,Sucre,Hombres,Población ocupada,Anual,228.74971599999998
2013,Sucre,Hombres,Población ocupada,Anual,232.938083
2014,Sucre,Hombres,Población ocupada,Anual,241.07335500000002
2015,Sucre,Hombres,Población ocupada,Anual,237.37877600000002
2016,Sucre,Hombres,Población ocupada,Anual,243.093786
2017,Sucre,Hombres,Población ocupada,Anual,249.742122
2018,Sucre,Hombres,Población ocupada,Anual,263.68929499999996
2019,Sucre,Hombres,Población ocupada,Anual,260.919786
2020,Sucre,Hombres,Población ocupada,Anual,243.31043400000001
2021,Sucre,Hombres,Población ocupada,Anual,252.817
2022,Sucre,Hombres,Población ocupada,Anual,254.225
2023,Sucre,Hombres,Población ocupada,Anual,247.111
2024,Sucre,Hombres,Población ocupada,Anual,250.143
2025,Sucre,Hombres,Población ocupada,Anual,270.483
2007,Sucre,Hombres,Población desocupada,Anual,17.534109
2008,Sucre,Hombres,Población desocupada,Anual,14.889485
2009,Sucre,Hombres,Población desocupada,Anual,14.239450000000001
2010,Sucre,Hombres,Población desocupada,Anual,19.387356
2011,Sucre,Hombres,Población desocupada,Anual,15.476922
2012,Sucre,Hombres,Población desocupada,Anual,14.110040999999999
2013,Sucre,Hombres,Población desocupada,Anual,14.767013
2014,Sucre,Hombres,Población desocupada,Anual,12.884791
2015,Sucre,Hombres,Población desocupada,Anual,12.243390999999999
2016,Sucre,Hombres,Población desocupada,Anual,16.224047
2017,Sucre,Hombres,Población desocupada,Anual,13.92281
2018,Sucre,Hombres,Población desocupada,Anual,14.859242
2019,Sucre,Hombres,Población desocupada,Anual,18.374367
2020,Sucre,Hombres,Población desocupada,Anual,27.271976
2021,Sucre,Hombres,Población desocupada,Anual,21.003
2022,Sucre,Hombres,Población desocupada,Anual,20.652
2023,Sucre,Hombres,Población desocupada,Anual,20.814
2024,Sucre,Hombres,Población desocupada,Anual,22.946
2025,Sucre,Hombres,Población desocupada,Anual,19.443
2007,Sucre,Hombres,Población fuera de la fuerza de trabajo,Anual,59.872015
2008,Sucre,Hombres,Población fuera de la fuerza de trabajo,Anual,70.446121
2009,Sucre,Hombres,Población fuera de la fuerza de trabajo,Anual,61.721317000000006
2010,Sucre,Hombres,Población fuera de la fuerza de trabajo,Anual,59.921392999999995
2011,Sucre,Hombres,Población fuera de la fuerza de trabajo,Anual,56.235815
2012,Sucre,Hombres,Población fuera de la fuerza de trabajo,Anual,52.867243
2013,Sucre,Hombres,Población fuera de la fuerza de trabajo,Anual,52.585904
2014,Sucre,Hombres,Población fuera de la fuerza de trabajo,Anual,51.056854
2015,Sucre,Hombres,Población fuera de la fuerza de trabajo,Anual,60.293834000000004
2016,Sucre,Hombres,Población fuera de la fuerza de trabajo,Anual,55.920167
2017,Sucre,Hombres,Población fuera de la fuerza de trabajo,Anual,57.425067999999996
2018,Sucre,Hombres,Población fuera de la fuerza de trabajo,Anual,49.52346300000001
2019,Sucre,Hombres,Población fuera de la fuerza de trabajo,Anual,58.655848
2020,Sucre,Hombres,Población fuera de la fuerza de trabajo,Anual,76.00759
2021,Sucre,Hombres,Población fuera de la fuerza de trabajo,Anual,79.001
2022,Sucre,Hombres,Población fuera de la fuerza de trabajo,Anual,82.886
2023,Sucre,Hombres,Población fuera de la fuerza de trabajo,Anual,94.529
2024,Sucre,Hombres,Población fuera de la fuerza de trabajo,Anual,94.239
2025,Sucre,Hombres,Población fuera de la fuerza de trabajo,Anual,82.145
2007,Sucre,Hombres,Población subocupada,Anual,22.590733
2008,Sucre,Hombres,Población subocupada,Anual,14.377164
2009,Sucre,Hombres,Población subocupada,Anual,19.562897
2010,Sucre,Hombres,Población subocupada,Anual,20.77405
2011,Sucre,Hombres,Población subocupada,Anual,26.175489000000002
2012,Sucre,Hombres,Población subocupada,Anual,32.540811000000005
2013,Sucre,Hombres,Población subocupada,Anual,34.399608
2014,Sucre,Hombres,Población subocupada,Anual,29.002966
2015,Sucre,Hombres,Población subocupada,Anual,33.875351
2016,Sucre,Hombres,Población subocupada,Anual,40.819927
2017,Sucre,Hombres,Población subocupada,Anual,38.844652
2018,Sucre,Hombres,Población subocupada,Anual,31.130891
2019,Sucre,Hombres,Población subocupada,Anual,32.822576999999995
2020,Sucre,Hombres,Población subocupada,Anual,0.0
2021,Sucre,Hombres,Población subocupada,Anual,22.597
2022,Sucre,Hombres,Población subocupada,Anual,28.519
2023,Sucre,Hombres,Población subocupada,Anual,31.74
2024,Sucre,Hombres,Población subocupada,Anual,28.239
2025,Sucre,Hombres,Población subocupada,Anual,43.34
2007,Sucre,Hombres,Fuerza de trabajo potencial,Anual,0.0
2008,Sucre,Hombres,Fuerza de trabajo potencial,Anual,0.0
2009,Sucre,Hombres,Fuerza de trabajo potencial,Anual,0.0
2010,Sucre,Hombres,Fuerza de trabajo potencial,Anual,0.0
2011,Sucre,Hombres,Fuerza de trabajo potencial,Anual,0.0
2012,Sucre,Hombres,Fuerza de trabajo potencial,Anual,0.0
2013,Sucre,Hombres,Fuerza de trabajo potencial,Anual,0.0
2014,Sucre,Hombres,Fuerza de trabajo potencial,Anual,0.0
2015,Sucre,Hombres,Fuerza de trabajo potencial,Anual,0.0
2016,Sucre,Hombres,Fuerza de trabajo potencial,Anual,0.0
2017,Sucre,Hombres,Fuerza de trabajo potencial,Anual,0.0
2018,Sucre,Hombres,Fuerza de trabajo potencial,Anual,0.0
2019,Sucre,Hombres,Fuerza de trabajo potencial,Anual,0.0
2020,Sucre,Hombres,Fuerza de trabajo potencial,Anual,0.0
2021,Sucre,Hombres,Fuerza de trabajo potencial,Anual,6.159
2022,Sucre,Hombres,Fuerza de trabajo potencial,Anual,3.305
2023,Sucre,Hombres,Fuerza de trabajo potencial,Anual,6.46
2024,Sucre,Hombres,Fuerza de trabajo potencial,Anual,5.084
2025,Sucre,Hombres,Fuerza de trabajo potencial,Anual,7.585
2007,Tolima,Hombres,% población en edad de trabajar,Anual,71.375754337
2008,Tolima,Hombres,% población en edad de trabajar,Anual,71.770923511
2009,Tolima,Hombres,% población en edad de trabajar,Anual,72.177976669
2010,Tolima,Hombres,% población en edad de trabajar,Anual,72.584125601
2011,Tolima,Hombres,% población en edad de trabajar,Anual,73.000534549
2012,Tolima,Hombres,% población en edad de trabajar,Anual,73.433978891
2013,Tolima,Hombres,% población en edad de trabajar,Anual,73.902550857
2014,Tolima,Hombres,% población en edad de trabajar,Anual,74.39210411
2015,Tolima,Hombres,% población en edad de trabajar,Anual,74.910356545
2016,Tolima,Hombres,% población en edad de trabajar,Anual,75.447136393
2017,Tolima,Hombres,% población en edad de trabajar,Anual,75.973653762
2018,Tolima,Hombres,% población en edad de trabajar,Anual,76.502267187
2019,Tolima,Hombres,% población en edad de trabajar,Anual,76.886781039
2020,Tolima,Hombres,% población en edad de trabajar,Anual,77.235758871
2021,Tolima,Hombres,% población en edad de trabajar,Anual,77.526820191
2022,Tolima,Hombres,% población en edad de trabajar,Anual,77.818167071
2023,Tolima,Hombres,% población en edad de trabajar,Anual,78.096806324
2024,Tolima,Hombres,% población en edad de trabajar,Anual,78.470302868
2025,Tolima,Hombres,% población en edad de trabajar,Anual,78.751129606
2007,Tolima,Hombres,Tasa Global de Participación (TGP),Anual,81.377884889
2008,Tolima,Hombres,Tasa Global de Participación (TGP),Anual,84.202303374
2009,Tolima,Hombres,Tasa Global de Participación (TGP),Anual,83.070833922
2010,Tolima,Hombres,Tasa Global de Participación (TGP),Anual,84.169718033
2011,Tolima,Hombres,Tasa Global de Participación (TGP),Anual,86.589098765
2012,Tolima,Hombres,Tasa Global de Participación (TGP),Anual,83.666434166
2013,Tolima,Hombres,Tasa Global de Participación (TGP),Anual,80.974594045
2014,Tolima,Hombres,Tasa Global de Participación (TGP),Anual,81.070896662
2015,Tolima,Hombres,Tasa Global de Participación (TGP),Anual,81.42187837
2016,Tolima,Hombres,Tasa Global de Participación (TGP),Anual,80.212998892
2017,Tolima,Hombres,Tasa Global de Participación (TGP),Anual,78.062351111
2018,Tolima,Hombres,Tasa Global de Participación (TGP),Anual,78.279228004
2019,Tolima,Hombres,Tasa Global de Participación (TGP),Anual,75.526154796
2020,Tolima,Hombres,Tasa Global de Participación (TGP),Anual,72.04464638
2021,Tolima,Hombres,Tasa Global de Participación (TGP),Anual,70.408918318
2022,Tolima,Hombres,Tasa Global de Participación (TGP),Anual,72.852599723
2023,Tolima,Hombres,Tasa Global de Participación (TGP),Anual,70.790345833
2024,Tolima,Hombres,Tasa Global de Participación (TGP),Anual,72.364245628
2025,Tolima,Hombres,Tasa Global de Participación (TGP),Anual,76.18203863
2007,Tolima,Hombres,Tasa de Ocupación (TO),Anual,73.785719891
2008,Tolima,Hombres,Tasa de Ocupación (TO),Anual,75.353220041
2009,Tolima,Hombres,Tasa de Ocupación (TO),Anual,74.023609041
2010,Tolima,Hombres,Tasa de Ocupación (TO),Anual,74.406889307
2011,Tolima,Hombres,Tasa de Ocupación (TO),Anual,76.177856764
2012,Tolima,Hombres,Tasa de Ocupación (TO),Anual,75.959520737
2013,Tolima,Hombres,Tasa de Ocupación (TO),Anual,74.792470476
2014,Tolima,Hombres,Tasa de Ocupación (TO),Anual,74.317352578
2015,Tolima,Hombres,Tasa de Ocupación (TO),Anual,74.113928386
2016,Tolima,Hombres,Tasa de Ocupación (TO),Anual,74.013966292
2017,Tolima,Hombres,Tasa de Ocupación (TO),Anual,71.650947002
2018,Tolima,Hombres,Tasa de Ocupación (TO),Anual,70.089003748
2019,Tolima,Hombres,Tasa de Ocupación (TO),Anual,65.926518695
2020,Tolima,Hombres,Tasa de Ocupación (TO),Anual,58.96903502
2021,Tolima,Hombres,Tasa de Ocupación (TO),Anual,60.507117214
2022,Tolima,Hombres,Tasa de Ocupación (TO),Anual,63.633714711
2023,Tolima,Hombres,Tasa de Ocupación (TO),Anual,64.018025065
2024,Tolima,Hombres,Tasa de Ocupación (TO),Anual,65.118163188
2025,Tolima,Hombres,Tasa de Ocupación (TO),Anual,69.757130586
2007,Tolima,Hombres,Tasa de Desocupación (TD),Anual,9.329518712
2008,Tolima,Hombres,Tasa de Desocupación (TD),Anual,10.509312666
2009,Tolima,Hombres,Tasa de Desocupación (TD),Anual,10.890976356
2010,Tolima,Hombres,Tasa de Desocupación (TD),Anual,11.598979958
2011,Tolima,Hombres,Tasa de Desocupación (TD),Anual,12.023732952
2012,Tolima,Hombres,Tasa de Desocupación (TD),Anual,9.211475911
2013,Tolima,Hombres,Tasa de Desocupación (TD),Anual,7.634645955
2014,Tolima,Hombres,Tasa de Desocupación (TD),Anual,8.330417403
2015,Tolima,Hombres,Tasa de Desocupación (TD),Anual,8.975413157
2016,Tolima,Hombres,Tasa de Desocupación (TD),Anual,7.728214486
2017,Tolima,Hombres,Tasa de Desocupación (TD),Anual,8.213183459
2018,Tolima,Hombres,Tasa de Desocupación (TD),Anual,10.462832178
2019,Tolima,Hombres,Tasa de Desocupación (TD),Anual,12.71034667
2020,Tolima,Hombres,Tasa de Desocupación (TD),Anual,18.149317148
2021,Tolima,Hombres,Tasa de Desocupación (TD),Anual,14.063276842
2022,Tolima,Hombres,Tasa de Desocupación (TD),Anual,12.654160657
2023,Tolima,Hombres,Tasa de Desocupación (TD),Anual,9.566729316
2024,Tolima,Hombres,Tasa de Desocupación (TD),Anual,10.0133462
2025,Tolima,Hombres,Tasa de Desocupación (TD),Anual,8.433625773
2007,Tolima,Hombres,Tasa de Subocupación (TS),Anual,12.256469428
2008,Tolima,Hombres,Tasa de Subocupación (TS),Anual,14.229043205
2009,Tolima,Hombres,Tasa de Subocupación (TS),Anual,12.518359156
2010,Tolima,Hombres,Tasa de Subocupación (TS),Anual,17.083337256
2011,Tolima,Hombres,Tasa de Subocupación (TS),Anual,18.425277759
2012,Tolima,Hombres,Tasa de Subocupación (TS),Anual,14.086427614
2013,Tolima,Hombres,Tasa de Subocupación (TS),Anual,14.346328605
2014,Tolima,Hombres,Tasa de Subocupación (TS),Anual,10.504442505
2015,Tolima,Hombres,Tasa de Subocupación (TS),Anual,9.960776188
2016,Tolima,Hombres,Tasa de Subocupación (TS),Anual,11.484990868
2017,Tolima,Hombres,Tasa de Subocupación (TS),Anual,11.396275423
2018,Tolima,Hombres,Tasa de Subocupación (TS),Anual,12.429973017
2019,Tolima,Hombres,Tasa de Subocupación (TS),Anual,12.518790384
2020,Tolima,Hombres,Tasa de Subocupación (TS),Anual,0.0
2021,Tolima,Hombres,Tasa de Subocupación (TS),Anual,5.667209515
2022,Tolima,Hombres,Tasa de Subocupación (TS),Anual,7.3441044
2023,Tolima,Hombres,Tasa de Subocupación (TS),Anual,6.171548726
2024,Tolima,Hombres,Tasa de Subocupación (TS),Anual,5.028612576
2025,Tolima,Hombres,Tasa de Subocupación (TS),Anual,8.202363704
2007,Tolima,Hombres,Población total,Anual,649.411
2008,Tolima,Hombres,Población total,Anual,650.333
2009,Tolima,Hombres,Población total,Anual,651.164
2010,Tolima,Hombres,Población total,Anual,652.031
2011,Tolima,Hombres,Población total,Anual,652.887
2012,Tolima,Hombres,Población total,Anual,653.647
2013,Tolima,Hombres,Población total,Anual,654.29
2014,Tolima,Hombres,Población total,Anual,654.923
2015,Tolima,Hombres,Población total,Anual,655.653
2016,Tolima,Hombres,Población total,Anual,656.567
2017,Tolima,Hombres,Población total,Anual,657.703
2018,Tolima,Hombres,Población total,Anual,659.187
2019,Tolima,Hombres,Población total,Anual,661.232
2020,Tolima,Hombres,Población total,Anual,663.097
2021,Tolima,Hombres,Población total,Anual,664.658
2022,Tolima,Hombres,Población total,Anual,665.766
2023,Tolima,Hombres,Población total,Anual,666.964
2024,Tolima,Hombres,Población total,Anual,668.145
2025,Tolima,Hombres,Población total,Anual,669.389
2007,Tolima,Hombres,Población en edad de trabajar (PET),Anual,463.522
2008,Tolima,Hombres,Población en edad de trabajar (PET),Anual,466.75
2009,Tolima,Hombres,Población en edad de trabajar (PET),Anual,469.997
2010,Tolima,Hombres,Población en edad de trabajar (PET),Anual,473.271
2011,Tolima,Hombres,Población en edad de trabajar (PET),Anual,476.611
2012,Tolima,Hombres,Población en edad de trabajar (PET),Anual,479.999
2013,Tolima,Hombres,Población en edad de trabajar (PET),Anual,483.537
2014,Tolima,Hombres,Población en edad de trabajar (PET),Anual,487.211
2015,Tolima,Hombres,Población en edad de trabajar (PET),Anual,491.152
2016,Tolima,Hombres,Población en edad de trabajar (PET),Anual,495.361
2017,Tolima,Hombres,Población en edad de trabajar (PET),Anual,499.681
2018,Tolima,Hombres,Población en edad de trabajar (PET),Anual,504.293
2019,Tolima,Hombres,Población en edad de trabajar (PET),Anual,508.4
2020,Tolima,Hombres,Población en edad de trabajar (PET),Anual,512.148
2021,Tolima,Hombres,Población en edad de trabajar (PET),Anual,515.288
2022,Tolima,Hombres,Población en edad de trabajar (PET),Anual,518.087
2023,Tolima,Hombres,Población en edad de trabajar (PET),Anual,520.878
2024,Tolima,Hombres,Población en edad de trabajar (PET),Anual,524.296
2025,Tolima,Hombres,Población en edad de trabajar (PET),Anual,527.151
2007,Tolima,Hombres,Fuerza de trabajo,Anual,377.2044
2008,Tolima,Hombres,Fuerza de trabajo,Anual,393.014251
2009,Tolima,Hombres,Fuerza de trabajo,Anual,390.430427
2010,Tolima,Hombres,Fuerza de trabajo,Anual,398.350866
2011,Tolima,Hombres,Fuerza de trabajo,Anual,412.69317
2012,Tolima,Hombres,Fuerza de trabajo,Anual,401.598047
2013,Tolima,Hombres,Fuerza de trabajo,Anual,391.542123
2014,Tolima,Hombres,Fuerza de trabajo,Anual,394.986326
2015,Tolima,Hombres,Fuerza de trabajo,Anual,399.905184
2016,Tolima,Hombres,Fuerza de trabajo,Anual,397.343913
2017,Tolima,Hombres,Fuerza de trabajo,Anual,390.062737
2018,Tolima,Hombres,Fuerza de trabajo,Anual,394.756667
2019,Tolima,Hombres,Fuerza de trabajo,Anual,383.97497100000004
2020,Tolima,Hombres,Fuerza de trabajo,Anual,368.975216
2021,Tolima,Hombres,Fuerza de trabajo,Anual,362.809
2022,Tolima,Hombres,Fuerza de trabajo,Anual,377.44
2023,Tolima,Hombres,Fuerza de trabajo,Anual,368.731
2024,Tolima,Hombres,Fuerza de trabajo,Anual,379.403
2025,Tolima,Hombres,Fuerza de trabajo,Anual,401.595
2007,Tolima,Hombres,Población ocupada,Anual,342.013045
2008,Tolima,Hombres,Población ocupada,Anual,351.711155
2009,Tolima,Hombres,Población ocupada,Anual,347.908742
2010,Tolima,Hombres,Población ocupada,Anual,352.146229
2011,Tolima,Hombres,Población ocupada,Anual,363.072045
2012,Tolima,Hombres,Población ocupada,Anual,364.60494
2013,Tolima,Hombres,Población ocupada,Anual,361.649268
2014,Tolima,Hombres,Población ocupada,Anual,362.082317
2015,Tolima,Hombres,Población ocupada,Anual,364.012042
2016,Tolima,Hombres,Población ocupada,Anual,366.636324
2017,Tolima,Hombres,Población ocupada,Anual,358.026168
2018,Tolima,Hombres,Población ocupada,Anual,353.45394
2019,Tolima,Hombres,Población ocupada,Anual,335.170421
2020,Tolima,Hombres,Población ocupada,Anual,302.008733
2021,Tolima,Hombres,Población ocupada,Anual,311.786
2022,Tolima,Hombres,Población ocupada,Anual,329.678
2023,Tolima,Hombres,Población ocupada,Anual,333.456
2024,Tolima,Hombres,Población ocupada,Anual,341.412
2025,Tolima,Hombres,Población ocupada,Anual,367.726
2007,Tolima,Hombres,Población desocupada,Anual,35.191355
2008,Tolima,Hombres,Población desocupada,Anual,41.303096
2009,Tolima,Hombres,Población desocupada,Anual,42.521686
2010,Tolima,Hombres,Población desocupada,Anual,46.204637000000005
2011,Tolima,Hombres,Población desocupada,Anual,49.621125
2012,Tolima,Hombres,Población desocupada,Anual,36.993107
2013,Tolima,Hombres,Población desocupada,Anual,29.892855
2014,Tolima,Hombres,Población desocupada,Anual,32.90401
2015,Tolima,Hombres,Población desocupada,Anual,35.893142999999995
2016,Tolima,Hombres,Población desocupada,Anual,30.70759
2017,Tolima,Hombres,Población desocupada,Anual,32.036568
2018,Tolima,Hombres,Población desocupada,Anual,41.302728
2019,Tolima,Hombres,Población desocupada,Anual,48.804550000000006
2020,Tolima,Hombres,Población desocupada,Anual,66.966482
2021,Tolima,Hombres,Población desocupada,Anual,51.023
2022,Tolima,Hombres,Población desocupada,Anual,47.762
2023,Tolima,Hombres,Población desocupada,Anual,35.276
2024,Tolima,Hombres,Población desocupada,Anual,37.991
2025,Tolima,Hombres,Población desocupada,Anual,33.869
2007,Tolima,Hombres,Población fuera de la fuerza de trabajo,Anual,86.3176
2008,Tolima,Hombres,Población fuera de la fuerza de trabajo,Anual,73.735749
2009,Tolima,Hombres,Población fuera de la fuerza de trabajo,Anual,79.566573
2010,Tolima,Hombres,Población fuera de la fuerza de trabajo,Anual,74.920134
2011,Tolima,Hombres,Población fuera de la fuerza de trabajo,Anual,63.91783
2012,Tolima,Hombres,Población fuera de la fuerza de trabajo,Anual,78.40095299999999
2013,Tolima,Hombres,Población fuera de la fuerza de trabajo,Anual,91.99487699999999
2014,Tolima,Hombres,Población fuera de la fuerza de trabajo,Anual,92.224674
2015,Tolima,Hombres,Población fuera de la fuerza de trabajo,Anual,91.24681600000001
2016,Tolima,Hombres,Población fuera de la fuerza de trabajo,Anual,98.017087
2017,Tolima,Hombres,Población fuera de la fuerza de trabajo,Anual,109.61826300000001
2018,Tolima,Hombres,Población fuera de la fuerza de trabajo,Anual,109.536333
2019,Tolima,Hombres,Población fuera de la fuerza de trabajo,Anual,124.425029
2020,Tolima,Hombres,Población fuera de la fuerza de trabajo,Anual,143.172784
2021,Tolima,Hombres,Población fuera de la fuerza de trabajo,Anual,152.479
2022,Tolima,Hombres,Población fuera de la fuerza de trabajo,Anual,140.647
2023,Tolima,Hombres,Población fuera de la fuerza de trabajo,Anual,152.147
2024,Tolima,Hombres,Población fuera de la fuerza de trabajo,Anual,144.893
2025,Tolima,Hombres,Población fuera de la fuerza de trabajo,Anual,125.557
2007,Tolima,Hombres,Población subocupada,Anual,46.231942000000004
2008,Tolima,Hombres,Población subocupada,Anual,55.922168
2009,Tolima,Hombres,Población subocupada,Anual,48.875483
2010,Tolima,Hombres,Población subocupada,Anual,68.05162200000001
2011,Tolima,Hombres,Población subocupada,Anual,76.039863
2012,Tolima,Hombres,Población subocupada,Anual,56.570818
2013,Tolima,Hombres,Población subocupada,Anual,56.17192
2014,Tolima,Hombres,Población subocupada,Anual,41.491112
2015,Tolima,Hombres,Población subocupada,Anual,39.83366
2016,Tolima,Hombres,Población subocupada,Anual,45.634912
2017,Tolima,Hombres,Población subocupada,Anual,44.452624
2018,Tolima,Hombres,Población subocupada,Anual,49.068146999999996
2019,Tolima,Hombres,Población subocupada,Anual,48.069022
2020,Tolima,Hombres,Población subocupada,Anual,0.0
2021,Tolima,Hombres,Población subocupada,Anual,20.561
2022,Tolima,Hombres,Población subocupada,Anual,27.72
2023,Tolima,Hombres,Población subocupada,Anual,22.756
2024,Tolima,Hombres,Población subocupada,Anual,19.079
2025,Tolima,Hombres,Población subocupada,Anual,32.94
2007,Tolima,Hombres,Fuerza de trabajo potencial,Anual,0.0
2008,Tolima,Hombres,Fuerza de trabajo potencial,Anual,0.0
2009,Tolima,Hombres,Fuerza de trabajo potencial,Anual,0.0
2010,Tolima,Hombres,Fuerza de trabajo potencial,Anual,0.0
2011,Tolima,Hombres,Fuerza de trabajo potencial,Anual,0.0
2012,Tolima,Hombres,Fuerza de trabajo potencial,Anual,0.0
2013,Tolima,Hombres,Fuerza de trabajo potencial,Anual,0.0
2014,Tolima,Hombres,Fuerza de trabajo potencial,Anual,0.0
2015,Tolima,Hombres,Fuerza de trabajo potencial,Anual,0.0
2016,Tolima,Hombres,Fuerza de trabajo potencial,Anual,0.0
2017,Tolima,Hombres,Fuerza de trabajo potencial,Anual,0.0
2018,Tolima,Hombres,Fuerza de trabajo potencial,Anual,0.0
2019,Tolima,Hombres,Fuerza de trabajo potencial,Anual,0.0
2020,Tolima,Hombres,Fuerza de trabajo potencial,Anual,0.0
2021,Tolima,Hombres,Fuerza de trabajo potencial,Anual,18.121
2022,Tolima,Hombres,Fuerza de trabajo potencial,Anual,24.731
2023,Tolima,Hombres,Fuerza de trabajo potencial,Anual,10.153
2024,Tolima,Hombres,Fuerza de trabajo potencial,Anual,7.378
2025,Tolima,Hombres,Fuerza de trabajo potencial,Anual,3.76
2007,Valle del Cauca,Hombres,% población en edad de trabajar,Anual,71.561913392
2008,Valle del Cauca,Hombres,% población en edad de trabajar,Anual,71.922642282
2009,Valle del Cauca,Hombres,% población en edad de trabajar,Anual,72.263839222
2010,Valle del Cauca,Hombres,% población en edad de trabajar,Anual,72.590566442
2011,Valle del Cauca,Hombres,% población en edad de trabajar,Anual,72.910341015
2012,Valle del Cauca,Hombres,% población en edad de trabajar,Anual,73.224795328
2013,Valle del Cauca,Hombres,% población en edad de trabajar,Anual,73.530747064
2014,Valle del Cauca,Hombres,% población en edad de trabajar,Anual,73.827093169
2015,Valle del Cauca,Hombres,% población en edad de trabajar,Anual,74.119945402
2016,Valle del Cauca,Hombres,% población en edad de trabajar,Anual,74.400019338
2017,Valle del Cauca,Hombres,% población en edad de trabajar,Anual,74.642877401
2018,Valle del Cauca,Hombres,% población en edad de trabajar,Anual,74.840172038
2019,Valle del Cauca,Hombres,% población en edad de trabajar,Anual,75.109862796
2020,Valle del Cauca,Hombres,% población en edad de trabajar,Anual,75.378507497
2021,Valle del Cauca,Hombres,% población en edad de trabajar,Anual,75.650048395
2022,Valle del Cauca,Hombres,% población en edad de trabajar,Anual,75.93720824
2023,Valle del Cauca,Hombres,% población en edad de trabajar,Anual,76.200027697
2024,Valle del Cauca,Hombres,% población en edad de trabajar,Anual,76.546412137
2025,Valle del Cauca,Hombres,% población en edad de trabajar,Anual,76.854608269
2007,Valle del Cauca,Hombres,Tasa Global de Participación (TGP),Anual,79.711802213
2008,Valle del Cauca,Hombres,Tasa Global de Participación (TGP),Anual,78.347516358
2009,Valle del Cauca,Hombres,Tasa Global de Participación (TGP),Anual,80.907410156
2010,Valle del Cauca,Hombres,Tasa Global de Participación (TGP),Anual,80.358598583
2011,Valle del Cauca,Hombres,Tasa Global de Participación (TGP),Anual,79.207472869
2012,Valle del Cauca,Hombres,Tasa Global de Participación (TGP),Anual,78.312082927
2013,Valle del Cauca,Hombres,Tasa Global de Participación (TGP),Anual,78.339223292
2014,Valle del Cauca,Hombres,Tasa Global de Participación (TGP),Anual,77.645386787
2015,Valle del Cauca,Hombres,Tasa Global de Participación (TGP),Anual,76.664469005
2016,Valle del Cauca,Hombres,Tasa Global de Participación (TGP),Anual,76.909435863
2017,Valle del Cauca,Hombres,Tasa Global de Participación (TGP),Anual,76.676508921
2018,Valle del Cauca,Hombres,Tasa Global de Participación (TGP),Anual,75.139747158
2019,Valle del Cauca,Hombres,Tasa Global de Participación (TGP),Anual,75.272304879
2020,Valle del Cauca,Hombres,Tasa Global de Participación (TGP),Anual,71.445233489
2021,Valle del Cauca,Hombres,Tasa Global de Participación (TGP),Anual,73.342034234
2022,Valle del Cauca,Hombres,Tasa Global de Participación (TGP),Anual,75.99786303
2023,Valle del Cauca,Hombres,Tasa Global de Participación (TGP),Anual,76.070298347
2024,Valle del Cauca,Hombres,Tasa Global de Participación (TGP),Anual,74.525854815
2025,Valle del Cauca,Hombres,Tasa Global de Participación (TGP),Anual,74.836330234
2007,Valle del Cauca,Hombres,Tasa de Ocupación (TO),Anual,72.623156957
2008,Valle del Cauca,Hombres,Tasa de Ocupación (TO),Anual,69.751479411
2009,Valle del Cauca,Hombres,Tasa de Ocupación (TO),Anual,71.43030136
2010,Valle del Cauca,Hombres,Tasa de Ocupación (TO),Anual,71.523306131
2011,Valle del Cauca,Hombres,Tasa de Ocupación (TO),Anual,69.814484062
2012,Valle del Cauca,Hombres,Tasa de Ocupación (TO),Anual,69.887738426
2013,Valle del Cauca,Hombres,Tasa de Ocupación (TO),Anual,69.830769068
2014,Valle del Cauca,Hombres,Tasa de Ocupación (TO),Anual,69.973130704
2015,Valle del Cauca,Hombres,Tasa de Ocupación (TO),Anual,70.040431977
2016,Valle del Cauca,Hombres,Tasa de Ocupación (TO),Anual,69.945718098
2017,Valle del Cauca,Hombres,Tasa de Ocupación (TO),Anual,69.493491285
2018,Valle del Cauca,Hombres,Tasa de Ocupación (TO),Anual,68.533503311
2019,Valle del Cauca,Hombres,Tasa de Ocupación (TO),Anual,67.776392943
2020,Valle del Cauca,Hombres,Tasa de Ocupación (TO),Anual,59.790397276
2021,Valle del Cauca,Hombres,Tasa de Ocupación (TO),Anual,62.77100713
2022,Valle del Cauca,Hombres,Tasa de Ocupación (TO),Anual,67.958703519
2023,Valle del Cauca,Hombres,Tasa de Ocupación (TO),Anual,68.990670502
2024,Valle del Cauca,Hombres,Tasa de Ocupación (TO),Anual,67.070019865
2025,Valle del Cauca,Hombres,Tasa de Ocupación (TO),Anual,69.154130678
2007,Valle del Cauca,Hombres,Tasa de Desocupación (TD),Anual,8.89284279
2008,Valle del Cauca,Hombres,Tasa de Desocupación (TD),Anual,10.971677657
2009,Valle del Cauca,Hombres,Tasa de Desocupación (TD),Anual,11.713523864
2010,Valle del Cauca,Hombres,Tasa de Desocupación (TD),Anual,10.994831428
2011,Valle del Cauca,Hombres,Tasa de Desocupación (TD),Anual,11.858715431
2012,Valle del Cauca,Hombres,Tasa de Desocupación (TD),Anual,10.757400628
2013,Valle del Cauca,Hombres,Tasa de Desocupación (TD),Anual,10.861039804
2014,Valle del Cauca,Hombres,Tasa de Desocupación (TD),Anual,9.881148644
2015,Valle del Cauca,Hombres,Tasa de Desocupación (TD),Anual,8.640295973
2016,Valle del Cauca,Hombres,Tasa de Desocupación (TD),Anual,9.054438753
2017,Valle del Cauca,Hombres,Tasa de Desocupación (TD),Anual,9.367950807
2018,Valle del Cauca,Hombres,Tasa de Desocupación (TD),Anual,8.791943141
2019,Valle del Cauca,Hombres,Tasa de Desocupación (TD),Anual,9.958392995
2020,Valle del Cauca,Hombres,Tasa de Desocupación (TD),Anual,16.312965392
2021,Valle del Cauca,Hombres,Tasa de Desocupación (TD),Anual,14.413326838
2022,Valle del Cauca,Hombres,Tasa de Desocupación (TD),Anual,10.578138899
2023,Valle del Cauca,Hombres,Tasa de Desocupación (TD),Anual,9.306691309
2024,Valle del Cauca,Hombres,Tasa de Desocupación (TD),Anual,10.004360189
2025,Valle del Cauca,Hombres,Tasa de Desocupación (TD),Anual,7.592835642
2007,Valle del Cauca,Hombres,Tasa de Subocupación (TS),Anual,11.212210098
2008,Valle del Cauca,Hombres,Tasa de Subocupación (TS),Anual,11.237366914
2009,Valle del Cauca,Hombres,Tasa de Subocupación (TS),Anual,15.986998798
2010,Valle del Cauca,Hombres,Tasa de Subocupación (TS),Anual,16.640317586
2011,Valle del Cauca,Hombres,Tasa de Subocupación (TS),Anual,14.054364178
2012,Valle del Cauca,Hombres,Tasa de Subocupación (TS),Anual,14.464363137
2013,Valle del Cauca,Hombres,Tasa de Subocupación (TS),Anual,13.871780324
2014,Valle del Cauca,Hombres,Tasa de Subocupación (TS),Anual,12.175880886
2015,Valle del Cauca,Hombres,Tasa de Subocupación (TS),Anual,13.308262093
2016,Valle del Cauca,Hombres,Tasa de Subocupación (TS),Anual,11.723250532
2017,Valle del Cauca,Hombres,Tasa de Subocupación (TS),Anual,11.228646023
2018,Valle del Cauca,Hombres,Tasa de Subocupación (TS),Anual,11.978859166
2019,Valle del Cauca,Hombres,Tasa de Subocupación (TS),Anual,11.336798792
2020,Valle del Cauca,Hombres,Tasa de Subocupación (TS),Anual,0.0
2021,Valle del Cauca,Hombres,Tasa de Subocupación (TS),Anual,5.01331933
2022,Valle del Cauca,Hombres,Tasa de Subocupación (TS),Anual,8.571056043
2023,Valle del Cauca,Hombres,Tasa de Subocupación (TS),Anual,8.92487075
2024,Valle del Cauca,Hombres,Tasa de Subocupación (TS),Anual,8.184860547
2025,Valle del Cauca,Hombres,Tasa de Subocupación (TS),Anual,7.026842563
2007,Valle del Cauca,Hombres,Población total,Anual,2065.902
2008,Valle del Cauca,Hombres,Población total,Anual,2073.329
2009,Valle del Cauca,Hombres,Población total,Anual,2079.145
2010,Valle del Cauca,Hombres,Población total,Anual,2084.961
2011,Valle del Cauca,Hombres,Población total,Anual,2091.023
2012,Valle del Cauca,Hombres,Población total,Anual,2096.04
2013,Valle del Cauca,Hombres,Población total,Anual,2099.111
2014,Valle del Cauca,Hombres,Población total,Anual,2101.467
2015,Valle del Cauca,Hombres,Población total,Anual,2104.841
2016,Valle del Cauca,Hombres,Población total,Anual,2109.818
2017,Valle del Cauca,Hombres,Población total,Anual,2115.52
2018,Valle del Cauca,Hombres,Población total,Anual,2126.036
2019,Valle del Cauca,Hombres,Población total,Anual,2138.349
2020,Valle del Cauca,Hombres,Población total,Anual,2148.042
2021,Valle del Cauca,Hombres,Población total,Anual,2156.54
2022,Valle del Cauca,Hombres,Población total,Anual,2155.92
2023,Valle del Cauca,Hombres,Población total,Anual,2160.259
2024,Valle del Cauca,Hombres,Población total,Anual,2165.201
2025,Valle del Cauca,Hombres,Población total,Anual,2170.664
2007,Valle del Cauca,Hombres,Población en edad de trabajar (PET),Anual,1478.399
2008,Valle del Cauca,Hombres,Población en edad de trabajar (PET),Anual,1491.193
2009,Valle del Cauca,Hombres,Población en edad de trabajar (PET),Anual,1502.47
2010,Valle del Cauca,Hombres,Población en edad de trabajar (PET),Anual,1513.485
2011,Valle del Cauca,Hombres,Población en edad de trabajar (PET),Anual,1524.572
2012,Valle del Cauca,Hombres,Población en edad de trabajar (PET),Anual,1534.821
2013,Valle del Cauca,Hombres,Población en edad de trabajar (PET),Anual,1543.492
2014,Valle del Cauca,Hombres,Población en edad de trabajar (PET),Anual,1551.452
2015,Valle del Cauca,Hombres,Población en edad de trabajar (PET),Anual,1560.107
2016,Valle del Cauca,Hombres,Población en edad de trabajar (PET),Anual,1569.705
2017,Valle del Cauca,Hombres,Población en edad de trabajar (PET),Anual,1579.085
2018,Valle del Cauca,Hombres,Población en edad de trabajar (PET),Anual,1591.129
2019,Valle del Cauca,Hombres,Población en edad de trabajar (PET),Anual,1606.111
2020,Valle del Cauca,Hombres,Población en edad de trabajar (PET),Anual,1619.162
2021,Valle del Cauca,Hombres,Población en edad de trabajar (PET),Anual,1631.423
2022,Valle del Cauca,Hombres,Población en edad de trabajar (PET),Anual,1637.145
2023,Valle del Cauca,Hombres,Población en edad de trabajar (PET),Anual,1646.118
2024,Valle del Cauca,Hombres,Población en edad de trabajar (PET),Anual,1657.384
2025,Valle del Cauca,Hombres,Población en edad de trabajar (PET),Anual,1668.255
2007,Valle del Cauca,Hombres,Fuerza de trabajo,Anual,1178.4584869999999
2008,Valle del Cauca,Hombres,Fuerza de trabajo,Anual,1168.31268
2009,Valle del Cauca,Hombres,Fuerza de trabajo,Anual,1215.609565
2010,Valle del Cauca,Hombres,Fuerza de trabajo,Anual,1216.215336
2011,Valle del Cauca,Hombres,Fuerza de trabajo,Anual,1207.574953
2012,Valle del Cauca,Hombres,Fuerza de trabajo,Anual,1201.950294
2013,Valle del Cauca,Hombres,Fuerza de trabajo,Anual,1209.159644
2014,Valle del Cauca,Hombres,Fuerza de trabajo,Anual,1204.6309059999999
2015,Valle del Cauca,Hombres,Fuerza de trabajo,Anual,1196.047747
2016,Valle del Cauca,Hombres,Fuerza de trabajo,Anual,1207.25126
2017,Valle del Cauca,Hombres,Fuerza de trabajo,Anual,1210.787251
2018,Valle del Cauca,Hombres,Fuerza de trabajo,Anual,1195.570308
2019,Valle del Cauca,Hombres,Fuerza de trabajo,Anual,1208.9567690000001
2020,Valle del Cauca,Hombres,Fuerza de trabajo,Anual,1156.814071
2021,Valle del Cauca,Hombres,Fuerza de trabajo,Anual,1196.519
2022,Valle del Cauca,Hombres,Fuerza de trabajo,Anual,1244.195
2023,Valle del Cauca,Hombres,Fuerza de trabajo,Anual,1252.207
2024,Valle del Cauca,Hombres,Fuerza de trabajo,Anual,1235.18
2025,Valle del Cauca,Hombres,Fuerza de trabajo,Anual,1248.461
2007,Valle del Cauca,Hombres,Población ocupada,Anual,1073.660026
2008,Valle del Cauca,Hombres,Población ocupada,Anual,1040.129178
2009,Valle del Cauca,Hombres,Población ocupada,Anual,1073.2188489999999
2010,Valle del Cauca,Hombres,Población ocupada,Anual,1082.49451
2011,Valle del Cauca,Hombres,Población ocupada,Anual,1064.3720759999999
2012,Valle del Cauca,Hombres,Población ocupada,Anual,1072.651686
2013,Valle del Cauca,Hombres,Población ocupada,Anual,1077.832334
2014,Valle del Cauca,Hombres,Población ocupada,Anual,1085.5995360000002
2015,Valle del Cauca,Hombres,Población ocupada,Anual,1092.705682
2016,Valle del Cauca,Hombres,Población ocupada,Anual,1097.9414339999998
2017,Valle del Cauca,Hombres,Población ocupada,Anual,1097.361297
2018,Valle del Cauca,Hombres,Población ocupada,Anual,1090.456446
2019,Valle del Cauca,Hombres,Población ocupada,Anual,1088.564102
2020,Valle del Cauca,Hombres,Población ocupada,Anual,968.103392
2021,Valle del Cauca,Hombres,Población ocupada,Anual,1024.061
2022,Valle del Cauca,Hombres,Población ocupada,Anual,1112.583
2023,Valle del Cauca,Hombres,Población ocupada,Anual,1135.668
2024,Valle del Cauca,Hombres,Población ocupada,Anual,1111.608
2025,Valle del Cauca,Hombres,Población ocupada,Anual,1153.667
2007,Valle del Cauca,Hombres,Población desocupada,Anual,104.79846099999999
2008,Valle del Cauca,Hombres,Población desocupada,Anual,128.183501
2009,Valle del Cauca,Hombres,Población desocupada,Anual,142.390717
2010,Valle del Cauca,Hombres,Población desocupada,Anual,133.720826
2011,Valle del Cauca,Hombres,Población desocupada,Anual,143.202877
2012,Valle del Cauca,Hombres,Población desocupada,Anual,129.298609
2013,Valle del Cauca,Hombres,Población desocupada,Anual,131.32731
2014,Valle del Cauca,Hombres,Población desocupada,Anual,119.03137
2015,Valle del Cauca,Hombres,Población desocupada,Anual,103.342065
2016,Valle del Cauca,Hombres,Población desocupada,Anual,109.309826
2017,Valle del Cauca,Hombres,Población desocupada,Anual,113.425954
2018,Valle del Cauca,Hombres,Población desocupada,Anual,105.113862
2019,Valle del Cauca,Hombres,Población desocupada,Anual,120.39266599999999
2020,Valle del Cauca,Hombres,Población desocupada,Anual,188.710679
2021,Valle del Cauca,Hombres,Población desocupada,Anual,172.458
2022,Valle del Cauca,Hombres,Población desocupada,Anual,131.613
2023,Valle del Cauca,Hombres,Población desocupada,Anual,116.539
2024,Valle del Cauca,Hombres,Población desocupada,Anual,123.572
2025,Valle del Cauca,Hombres,Población desocupada,Anual,94.794
2007,Valle del Cauca,Hombres,Población fuera de la fuerza de trabajo,Anual,299.94051299999995
2008,Valle del Cauca,Hombres,Población fuera de la fuerza de trabajo,Anual,322.88032
2009,Valle del Cauca,Hombres,Población fuera de la fuerza de trabajo,Anual,286.860435
2010,Valle del Cauca,Hombres,Población fuera de la fuerza de trabajo,Anual,297.269664
2011,Valle del Cauca,Hombres,Población fuera de la fuerza de trabajo,Anual,316.997047
2012,Valle del Cauca,Hombres,Población fuera de la fuerza de trabajo,Anual,332.870706
2013,Valle del Cauca,Hombres,Población fuera de la fuerza de trabajo,Anual,334.332356
2014,Valle del Cauca,Hombres,Población fuera de la fuerza de trabajo,Anual,346.82109399999996
2015,Valle del Cauca,Hombres,Población fuera de la fuerza de trabajo,Anual,364.059253
2016,Valle del Cauca,Hombres,Población fuera de la fuerza de trabajo,Anual,362.45374
2017,Valle del Cauca,Hombres,Población fuera de la fuerza de trabajo,Anual,368.297749
2018,Valle del Cauca,Hombres,Población fuera de la fuerza de trabajo,Anual,395.558692
2019,Valle del Cauca,Hombres,Población fuera de la fuerza de trabajo,Anual,397.15423100000004
2020,Valle del Cauca,Hombres,Población fuera de la fuerza de trabajo,Anual,462.347929
2021,Valle del Cauca,Hombres,Población fuera de la fuerza de trabajo,Anual,434.904
2022,Valle del Cauca,Hombres,Población fuera de la fuerza de trabajo,Anual,392.95
2023,Valle del Cauca,Hombres,Población fuera de la fuerza de trabajo,Anual,393.911
2024,Valle del Cauca,Hombres,Población fuera de la fuerza de trabajo,Anual,422.204
2025,Valle del Cauca,Hombres,Población fuera de la fuerza de trabajo,Anual,419.794
2007,Valle del Cauca,Hombres,Población subocupada,Anual,132.13124100000002
2008,Valle del Cauca,Hombres,Población subocupada,Anual,131.287583
2009,Valle del Cauca,Hombres,Población subocupada,Anual,194.339487
2010,Valle del Cauca,Hombres,Población subocupada,Anual,202.38209400000002
2011,Valle del Cauca,Hombres,Población subocupada,Anual,169.716982
2012,Valle del Cauca,Hombres,Población subocupada,Anual,173.85445499999997
2013,Valle del Cauca,Hombres,Población subocupada,Anual,167.73197
2014,Valle del Cauca,Hombres,Población subocupada,Anual,146.674424
2015,Valle del Cauca,Hombres,Población subocupada,Anual,159.173169
2016,Valle del Cauca,Hombres,Población subocupada,Anual,141.52909
2017,Valle del Cauca,Hombres,Población subocupada,Anual,135.955014
2018,Valle del Cauca,Hombres,Población subocupada,Anual,143.21568299999998
2019,Valle del Cauca,Hombres,Población subocupada,Anual,137.05699600000003
2020,Valle del Cauca,Hombres,Población subocupada,Anual,0.0
2021,Valle del Cauca,Hombres,Población subocupada,Anual,59.985
2022,Valle del Cauca,Hombres,Población subocupada,Anual,106.641
2023,Valle del Cauca,Hombres,Población subocupada,Anual,111.758
2024,Valle del Cauca,Hombres,Población subocupada,Anual,101.098
2025,Valle del Cauca,Hombres,Población subocupada,Anual,87.727
2007,Valle del Cauca,Hombres,Fuerza de trabajo potencial,Anual,0.0
2008,Valle del Cauca,Hombres,Fuerza de trabajo potencial,Anual,0.0
2009,Valle del Cauca,Hombres,Fuerza de trabajo potencial,Anual,0.0
2010,Valle del Cauca,Hombres,Fuerza de trabajo potencial,Anual,0.0
2011,Valle del Cauca,Hombres,Fuerza de trabajo potencial,Anual,0.0
2012,Valle del Cauca,Hombres,Fuerza de trabajo potencial,Anual,0.0
2013,Valle del Cauca,Hombres,Fuerza de trabajo potencial,Anual,0.0
2014,Valle del Cauca,Hombres,Fuerza de trabajo potencial,Anual,0.0
2015,Valle del Cauca,Hombres,Fuerza de trabajo potencial,Anual,0.0
2016,Valle del Cauca,Hombres,Fuerza de trabajo potencial,Anual,0.0
2017,Valle del Cauca,Hombres,Fuerza de trabajo potencial,Anual,0.0
2018,Valle del Cauca,Hombres,Fuerza de trabajo potencial,Anual,0.0
2019,Valle del Cauca,Hombres,Fuerza de trabajo potencial,Anual,0.0
2020,Valle del Cauca,Hombres,Fuerza de trabajo potencial,Anual,0.0
2021,Valle del Cauca,Hombres,Fuerza de trabajo potencial,Anual,27.491
2022,Valle del Cauca,Hombres,Fuerza de trabajo potencial,Anual,57.275
2023,Valle del Cauca,Hombres,Fuerza de trabajo potencial,Anual,58.334
2024,Valle del Cauca,Hombres,Fuerza de trabajo potencial,Anual,53.89
2025,Valle del Cauca,Hombres,Fuerza de trabajo potencial,Anual,53.751
