Fecha,Departamentos,Sexo,Concepto,Periodo,Valor
2007,Antioquia,Mujeres,% población en edad de trabajar,Anual,73.691472751
2008,Antioquia,Mujeres,% población en edad de trabajar,Anual,74.320949062
2009,Antioquia,Mujeres,% población en edad de trabajar,Anual,74.95198674
2010,Antioquia,Mujeres,% población en edad de trabajar,Anual,75.580685289
2011,Antioquia,Mujeres,% población en edad de trabajar,Anual,76.192837832
2012,Antioquia,Mujeres,% población en edad de trabajar,Anual,76.781066709
2013,Antioquia,Mujeres,% población en edad de trabajar,Anual,77.335646108
2014,Antioquia,Mujeres,% población en edad de trabajar,Anual,77.853819731
2015,Antioquia,Mujeres,% población en edad de trabajar,Anual,78.329177459
2016,Antioquia,Mujeres,% población en edad de trabajar,Anual,78.750512604
2017,Antioquia,Mujeres,% población en edad de trabajar,Anual,79.118272265
2018,Antioquia,Mujeres,% población en edad de trabajar,Anual,79.402176015
2019,Antioquia,Mujeres,% población en edad de trabajar,Anual,79.702967955
2020,Antioquia,Mujeres,% población en edad de trabajar,Anual,79.994709214
2021,Antioquia,Mujeres,% población en edad de trabajar,Anual,80.302885989
2022,Antioquia,Mujeres,% población en edad de trabajar,Anual,80.592017579
2023,Antioquia,Mujeres,% población en edad de trabajar,Anual,80.853625893
2024,Antioquia,Mujeres,% población en edad de trabajar,Anual,81.166764712
2025,Antioquia,Mujeres,% población en edad de trabajar,Anual,81.43402208
2007,Antioquia,Mujeres,Tasa Global de Participación (TGP),Anual,47.258735562
2008,Antioquia,Mujeres,Tasa Global de Participación (TGP),Anual,47.502585755
2009,Antioquia,Mujeres,Tasa Global de Participación (TGP),Anual,51.81475929
2010,Antioquia,Mujeres,Tasa Global de Participación (TGP),Anual,52.749331423
2011,Antioquia,Mujeres,Tasa Global de Participación (TGP),Anual,51.66442641
2012,Antioquia,Mujeres,Tasa Global de Participación (TGP),Anual,53.468347964
2013,Antioquia,Mujeres,Tasa Global de Participación (TGP),Anual,53.430562234
2014,Antioquia,Mujeres,Tasa Global de Participación (TGP),Anual,52.081502754
2015,Antioquia,Mujeres,Tasa Global de Participación (TGP),Anual,49.728590228
2016,Antioquia,Mujeres,Tasa Global de Participación (TGP),Anual,48.865646866
2017,Antioquia,Mujeres,Tasa Global de Participación (TGP),Anual,49.441171452
2018,Antioquia,Mujeres,Tasa Global de Participación (TGP),Anual,47.87251898
2019,Antioquia,Mujeres,Tasa Global de Participación (TGP),Anual,47.010122308
2020,Antioquia,Mujeres,Tasa Global de Participación (TGP),Anual,45.111981147
2021,Antioquia,Mujeres,Tasa Global de Participación (TGP),Anual,44.284517992
2022,Antioquia,Mujeres,Tasa Global de Participación (TGP),Anual,50.206292609
2023,Antioquia,Mujeres,Tasa Global de Participación (TGP),Anual,51.83957437
2024,Antioquia,Mujeres,Tasa Global de Participación (TGP),Anual,51.788500704
2025,Antioquia,Mujeres,Tasa Global de Participación (TGP),Anual,52.026719569
2007,Antioquia,Mujeres,Tasa de Ocupación (TO),Anual,40.224179039
2008,Antioquia,Mujeres,Tasa de Ocupación (TO),Anual,39.870363496
2009,Antioquia,Mujeres,Tasa de Ocupación (TO),Anual,43.229544544
2010,Antioquia,Mujeres,Tasa de Ocupación (TO),Anual,44.470937884
2011,Antioquia,Mujeres,Tasa de Ocupación (TO),Anual,44.393893687
2012,Antioquia,Mujeres,Tasa de Ocupación (TO),Anual,45.439889656
2013,Antioquia,Mujeres,Tasa de Ocupación (TO),Anual,46.277630849
2014,Antioquia,Mujeres,Tasa de Ocupación (TO),Anual,45.505222956
2015,Antioquia,Mujeres,Tasa de Ocupación (TO),Anual,43.386855121
2016,Antioquia,Mujeres,Tasa de Ocupación (TO),Anual,41.821956142
2017,Antioquia,Mujeres,Tasa de Ocupación (TO),Anual,41.947366006
2018,Antioquia,Mujeres,Tasa de Ocupación (TO),Anual,40.505468467
2019,Antioquia,Mujeres,Tasa de Ocupación (TO),Anual,39.145449707
2020,Antioquia,Mujeres,Tasa de Ocupación (TO),Anual,34.619930499
2021,Antioquia,Mujeres,Tasa de Ocupación (TO),Anual,36.684527541
2022,Antioquia,Mujeres,Tasa de Ocupación (TO),Anual,43.657389911
2023,Antioquia,Mujeres,Tasa de Ocupación (TO),Anual,45.802254656
2024,Antioquia,Mujeres,Tasa de Ocupación (TO),Anual,45.588440654
2025,Antioquia,Mujeres,Tasa de Ocupación (TO),Anual,47.025118735
2007,Antioquia,Mujeres,Tasa de Desocupación (TD),Anual,14.885198342
2008,Antioquia,Mujeres,Tasa de Desocupación (TD),Anual,16.066961697
2009,Antioquia,Mujeres,Tasa de Desocupación (TD),Anual,16.569052648
2010,Antioquia,Mujeres,Tasa de Desocupación (TD),Anual,15.693835951
2011,Antioquia,Mujeres,Tasa de Desocupación (TD),Anual,14.072609004
2012,Antioquia,Mujeres,Tasa de Desocupación (TD),Anual,15.015347611
2013,Antioquia,Mujeres,Tasa de Desocupación (TD),Anual,13.387340663
2014,Antioquia,Mujeres,Tasa de Desocupación (TD),Anual,12.626901013
2015,Antioquia,Mujeres,Tasa de Desocupación (TD),Anual,12.752694331
2016,Antioquia,Mujeres,Tasa de Desocupación (TD),Anual,14.414401887
2017,Antioquia,Mujeres,Tasa de Desocupación (TD),Anual,15.157014337
2018,Antioquia,Mujeres,Tasa de Desocupación (TD),Anual,15.388892564
2019,Antioquia,Mujeres,Tasa de Desocupación (TD),Anual,16.729742903
2020,Antioquia,Mujeres,Tasa de Desocupación (TD),Anual,23.25779179
2021,Antioquia,Mujeres,Tasa de Desocupación (TD),Anual,17.161732352
2022,Antioquia,Mujeres,Tasa de Desocupación (TD),Anual,13.043987831
2023,Antioquia,Mujeres,Tasa de Desocupación (TD),Anual,11.646159884
2024,Antioquia,Mujeres,Tasa de Desocupación (TD),Anual,11.971885584
2025,Antioquia,Mujeres,Tasa de Desocupación (TD),Anual,9.61352335
2007,Antioquia,Mujeres,Tasa de Subocupación (TS),Anual,8.110836122
2008,Antioquia,Mujeres,Tasa de Subocupación (TS),Anual,8.902344817
2009,Antioquia,Mujeres,Tasa de Subocupación (TS),Anual,11.941985521
2010,Antioquia,Mujeres,Tasa de Subocupación (TS),Anual,12.236465703
2011,Antioquia,Mujeres,Tasa de Subocupación (TS),Anual,10.913005142
2012,Antioquia,Mujeres,Tasa de Subocupación (TS),Anual,10.67435437
2013,Antioquia,Mujeres,Tasa de Subocupación (TS),Anual,10.036082567
2014,Antioquia,Mujeres,Tasa de Subocupación (TS),Anual,8.432146777
2015,Antioquia,Mujeres,Tasa de Subocupación (TS),Anual,8.878958455
2016,Antioquia,Mujeres,Tasa de Subocupación (TS),Anual,9.414020344
2017,Antioquia,Mujeres,Tasa de Subocupación (TS),Anual,9.184793165
2018,Antioquia,Mujeres,Tasa de Subocupación (TS),Anual,8.459067606
2019,Antioquia,Mujeres,Tasa de Subocupación (TS),Anual,9.498500734
2020,Antioquia,Mujeres,Tasa de Subocupación (TS),Anual,0.0
2021,Antioquia,Mujeres,Tasa de Subocupación (TS),Anual,5.926586955
2022,Antioquia,Mujeres,Tasa de Subocupación (TS),Anual,6.860921343
2023,Antioquia,Mujeres,Tasa de Subocupación (TS),Anual,5.980406304
2024,Antioquia,Mujeres,Tasa de Subocupación (TS),Anual,6.917296608
2025,Antioquia,Mujeres,Tasa de Subocupación (TS),Anual,6.066787534
2007,Antioquia,Mujeres,Población total,Anual,2896.749
2008,Antioquia,Mujeres,Población total,Anual,2930.303
2009,Antioquia,Mujeres,Población total,Anual,2964.806
2010,Antioquia,Mujeres,Población total,Anual,3000.076
2011,Antioquia,Mujeres,Población total,Anual,3034.612
2012,Antioquia,Mujeres,Población total,Anual,3068.035
2013,Antioquia,Mujeres,Población total,Anual,3101.037
2014,Antioquia,Mujeres,Población total,Anual,3134.527
2015,Antioquia,Mujeres,Población total,Anual,3169.409
2016,Antioquia,Mujeres,Población total,Anual,3209.108
2017,Antioquia,Mujeres,Población total,Anual,3253.045
2018,Antioquia,Mujeres,Población total,Anual,3310.272
2019,Antioquia,Mujeres,Población total,Anual,3382.396
2020,Antioquia,Mujeres,Población total,Anual,3447.503
2021,Antioquia,Mujeres,Población total,Anual,3502.648
2022,Antioquia,Mujeres,Población total,Anual,3556.44
2023,Antioquia,Mujeres,Población total,Anual,3611.894
2024,Antioquia,Mujeres,Población total,Anual,3664.831
2025,Antioquia,Mujeres,Población total,Anual,3716.048
2007,Antioquia,Mujeres,Población en edad de trabajar (PET),Anual,2134.657
2008,Antioquia,Mujeres,Población en edad de trabajar (PET),Anual,2177.829
2009,Antioquia,Mujeres,Población en edad de trabajar (PET),Anual,2222.181
2010,Antioquia,Mujeres,Población en edad de trabajar (PET),Anual,2267.478
2011,Antioquia,Mujeres,Población en edad de trabajar (PET),Anual,2312.157
2012,Antioquia,Mujeres,Población en edad de trabajar (PET),Anual,2355.67
2013,Antioquia,Mujeres,Población en edad de trabajar (PET),Anual,2398.207
2014,Antioquia,Mujeres,Población en edad de trabajar (PET),Anual,2440.349
2015,Antioquia,Mujeres,Población en edad de trabajar (PET),Anual,2482.572
2016,Antioquia,Mujeres,Población en edad de trabajar (PET),Anual,2527.189
2017,Antioquia,Mujeres,Población en edad de trabajar (PET),Anual,2573.753
2018,Antioquia,Mujeres,Población en edad de trabajar (PET),Anual,2628.428
2019,Antioquia,Mujeres,Población en edad de trabajar (PET),Anual,2695.87
2020,Antioquia,Mujeres,Población en edad de trabajar (PET),Anual,2757.82
2021,Antioquia,Mujeres,Población en edad de trabajar (PET),Anual,2812.727
2022,Antioquia,Mujeres,Población en edad de trabajar (PET),Anual,2866.207
2023,Antioquia,Mujeres,Población en edad de trabajar (PET),Anual,2920.348
2024,Antioquia,Mujeres,Población en edad de trabajar (PET),Anual,2974.624
2025,Antioquia,Mujeres,Población en edad de trabajar (PET),Anual,3026.127
2007,Antioquia,Mujeres,Fuerza de trabajo,Anual,1008.811907
2008,Antioquia,Mujeres,Fuerza de trabajo,Anual,1034.525088
2009,Antioquia,Mujeres,Fuerza de trabajo,Anual,1151.417736
2010,Antioquia,Mujeres,Fuerza de trabajo,Anual,1196.0794850000002
2011,Antioquia,Mujeres,Fuerza de trabajo,Anual,1194.562652
2012,Antioquia,Mujeres,Fuerza de trabajo,Anual,1259.537832
2013,Antioquia,Mujeres,Fuerza de trabajo,Anual,1281.375484
2014,Antioquia,Mujeres,Fuerza de trabajo,Anual,1270.970432
2015,Antioquia,Mujeres,Fuerza de trabajo,Anual,1234.548057
2016,Antioquia,Mujeres,Fuerza de trabajo,Anual,1234.9272520000002
2017,Antioquia,Mujeres,Fuerza de trabajo,Anual,1272.4936329999998
2018,Antioquia,Mujeres,Fuerza de trabajo,Anual,1258.294693
2019,Antioquia,Mujeres,Fuerza de trabajo,Anual,1267.331784
2020,Antioquia,Mujeres,Fuerza de trabajo,Anual,1244.1072379999998
2021,Antioquia,Mujeres,Fuerza de trabajo,Anual,1245.603
2022,Antioquia,Mujeres,Fuerza de trabajo,Anual,1439.016
2023,Antioquia,Mujeres,Fuerza de trabajo,Anual,1513.896
2024,Antioquia,Mujeres,Fuerza de trabajo,Anual,1540.513
2025,Antioquia,Mujeres,Fuerza de trabajo,Anual,1574.395
2007,Antioquia,Mujeres,Población ocupada,Anual,858.648254
2008,Antioquia,Mujeres,Población ocupada,Anual,868.308339
2009,Antioquia,Mujeres,Población ocupada,Anual,960.638725
2010,Antioquia,Mujeres,Población ocupada,Anual,1008.368733
2011,Antioquia,Mujeres,Población ocupada,Anual,1026.45652
2012,Antioquia,Mujeres,Población ocupada,Anual,1070.413849
2013,Antioquia,Mujeres,Población ocupada,Anual,1109.833382
2014,Antioquia,Mujeres,Población ocupada,Anual,1110.486253
2015,Antioquia,Mujeres,Población ocupada,Anual,1077.109917
2016,Antioquia,Mujeres,Población ocupada,Anual,1056.919875
2017,Antioquia,Mujeres,Población ocupada,Anual,1079.621591
2018,Antioquia,Mujeres,Población ocupada,Anual,1064.6570749999998
2019,Antioquia,Mujeres,Población ocupada,Anual,1055.310435
2020,Antioquia,Mujeres,Población ocupada,Anual,954.755367
2021,Antioquia,Mujeres,Población ocupada,Anual,1031.836
2022,Antioquia,Mujeres,Población ocupada,Anual,1251.311
2023,Antioquia,Mujeres,Población ocupada,Anual,1337.585
2024,Antioquia,Mujeres,Población ocupada,Anual,1356.085
2025,Antioquia,Mujeres,Población ocupada,Anual,1423.04
2007,Antioquia,Mujeres,Población desocupada,Anual,150.16365299999998
2008,Antioquia,Mujeres,Población desocupada,Anual,166.21675
2009,Antioquia,Mujeres,Población desocupada,Anual,190.779011
2010,Antioquia,Mujeres,Población desocupada,Anual,187.710752
2011,Antioquia,Mujeres,Población desocupada,Anual,168.106131
2012,Antioquia,Mujeres,Población desocupada,Anual,189.123984
2013,Antioquia,Mujeres,Población desocupada,Anual,171.542101
2014,Antioquia,Mujeres,Población desocupada,Anual,160.484178
2015,Antioquia,Mujeres,Población desocupada,Anual,157.43814
2016,Antioquia,Mujeres,Población desocupada,Anual,178.00737700000002
2017,Antioquia,Mujeres,Población desocupada,Anual,192.872042
2018,Antioquia,Mujeres,Población desocupada,Anual,193.63761799999997
2019,Antioquia,Mujeres,Población desocupada,Anual,212.021349
2020,Antioquia,Mujeres,Población desocupada,Anual,289.35187099999996
2021,Antioquia,Mujeres,Población desocupada,Anual,213.767
2022,Antioquia,Mujeres,Población desocupada,Anual,187.705
2023,Antioquia,Mujeres,Población desocupada,Anual,176.311
2024,Antioquia,Mujeres,Población desocupada,Anual,184.429
2025,Antioquia,Mujeres,Población desocupada,Anual,151.355
2007,Antioquia,Mujeres,Población fuera de la fuerza de trabajo,Anual,1125.8450930000001
2008,Antioquia,Mujeres,Población fuera de la fuerza de trabajo,Anual,1143.303912
2009,Antioquia,Mujeres,Población fuera de la fuerza de trabajo,Anual,1070.763264
2010,Antioquia,Mujeres,Población fuera de la fuerza de trabajo,Anual,1071.3985149999999
2011,Antioquia,Mujeres,Población fuera de la fuerza de trabajo,Anual,1117.594348
2012,Antioquia,Mujeres,Población fuera de la fuerza de trabajo,Anual,1096.132168
2013,Antioquia,Mujeres,Población fuera de la fuerza de trabajo,Anual,1116.831516
2014,Antioquia,Mujeres,Población fuera de la fuerza de trabajo,Anual,1169.3785679999999
2015,Antioquia,Mujeres,Población fuera de la fuerza de trabajo,Anual,1248.023943
2016,Antioquia,Mujeres,Población fuera de la fuerza de trabajo,Anual,1292.261748
2017,Antioquia,Mujeres,Población fuera de la fuerza de trabajo,Anual,1301.259367
2018,Antioquia,Mujeres,Población fuera de la fuerza de trabajo,Anual,1370.133307
2019,Antioquia,Mujeres,Población fuera de la fuerza de trabajo,Anual,1428.538216
2020,Antioquia,Mujeres,Población fuera de la fuerza de trabajo,Anual,1513.712762
2021,Antioquia,Mujeres,Población fuera de la fuerza de trabajo,Anual,1567.125
2022,Antioquia,Mujeres,Población fuera de la fuerza de trabajo,Anual,1427.191
2023,Antioquia,Mujeres,Población fuera de la fuerza de trabajo,Anual,1406.452
2024,Antioquia,Mujeres,Población fuera de la fuerza de trabajo,Anual,1434.111
2025,Antioquia,Mujeres,Población fuera de la fuerza de trabajo,Anual,1451.733
2007,Antioquia,Mujeres,Población subocupada,Anual,81.823081
2008,Antioquia,Mujeres,Población subocupada,Anual,92.09699099999999
2009,Antioquia,Mujeres,Población subocupada,Anual,137.502139
2010,Antioquia,Mujeres,Población subocupada,Anual,146.357856
2011,Antioquia,Mujeres,Población subocupada,Anual,130.362684
2012,Antioquia,Mujeres,Población subocupada,Anual,134.447532
2013,Antioquia,Mujeres,Población subocupada,Anual,128.59990200000001
2014,Antioquia,Mujeres,Población subocupada,Anual,107.17009200000001
2015,Antioquia,Mujeres,Población subocupada,Anual,109.615009
2016,Antioquia,Mujeres,Población subocupada,Anual,116.256303
2017,Antioquia,Mujeres,Población subocupada,Anual,116.875908
2018,Antioquia,Mujeres,Población subocupada,Anual,106.439999
2019,Antioquia,Mujeres,Población subocupada,Anual,120.377519
2020,Antioquia,Mujeres,Población subocupada,Anual,0.0
2021,Antioquia,Mujeres,Población subocupada,Anual,73.822
2022,Antioquia,Mujeres,Población subocupada,Anual,98.73
2023,Antioquia,Mujeres,Población subocupada,Anual,90.537
2024,Antioquia,Mujeres,Población subocupada,Anual,106.562
2025,Antioquia,Mujeres,Población subocupada,Anual,95.515
2007,Antioquia,Mujeres,Fuerza de trabajo potencial,Anual,0.0
2008,Antioquia,Mujeres,Fuerza de trabajo potencial,Anual,0.0
2009,Antioquia,Mujeres,Fuerza de trabajo potencial,Anual,0.0
2010,Antioquia,Mujeres,Fuerza de trabajo potencial,Anual,0.0
2011,Antioquia,Mujeres,Fuerza de trabajo potencial,Anual,0.0
2012,Antioquia,Mujeres,Fuerza de trabajo potencial,Anual,0.0
2013,Antioquia,Mujeres,Fuerza de trabajo potencial,Anual,0.0
2014,Antioquia,Mujeres,Fuerza de trabajo potencial,Anual,0.0
2015,Antioquia,Mujeres,Fuerza de trabajo potencial,Anual,0.0
2016,Antioquia,Mujeres,Fuerza de trabajo potencial,Anual,0.0
2017,Antioquia,Mujeres,Fuerza de trabajo potencial,Anual,0.0
2018,Antioquia,Mujeres,Fuerza de trabajo potencial,Anual,0.0
2019,Antioquia,Mujeres,Fuerza de trabajo potencial,Anual,0.0
2020,Antioquia,Mujeres,Fuerza de trabajo potencial,Anual,0.0
2021,Antioquia,Mujeres,Fuerza de trabajo potencial,Anual,129.866
2022,Antioquia,Mujeres,Fuerza de trabajo potencial,Anual,151.487
2023,Antioquia,Mujeres,Fuerza de trabajo potencial,Anual,154.308
2024,Antioquia,Mujeres,Fuerza de trabajo potencial,Anual,116.074
2025,Antioquia,Mujeres,Fuerza de trabajo potencial,Anual,94.202
2007,Atlántico,Mujeres,% población en edad de trabajar,Anual,71.64359132
2008,Atlántico,Mujeres,% población en edad de trabajar,Anual,71.997660996
2009,Atlántico,Mujeres,% población en edad de trabajar,Anual,72.345890411
2010,Atlántico,Mujeres,% población en edad de trabajar,Anual,72.686674657
2011,Atlántico,Mujeres,% población en edad de trabajar,Anual,73.028244377
2012,Atlántico,Mujeres,% población en edad de trabajar,Anual,73.379892969
2013,Atlántico,Mujeres,% población en edad de trabajar,Anual,73.746004707
2014,Atlántico,Mujeres,% población en edad de trabajar,Anual,74.128639819
2015,Atlántico,Mujeres,% población en edad de trabajar,Anual,74.526990278
2016,Atlántico,Mujeres,% población en edad de trabajar,Anual,74.921834037
2017,Atlántico,Mujeres,% población en edad de trabajar,Anual,75.29820476
2018,Atlántico,Mujeres,% población en edad de trabajar,Anual,75.659925847
2019,Atlántico,Mujeres,% población en edad de trabajar,Anual,75.909110754
2020,Atlántico,Mujeres,% población en edad de trabajar,Anual,76.151314374
2021,Atlántico,Mujeres,% población en edad de trabajar,Anual,76.430989054
2022,Atlántico,Mujeres,% población en edad de trabajar,Anual,76.699946187
2023,Atlántico,Mujeres,% población en edad de trabajar,Anual,76.97617479
2024,Atlántico,Mujeres,% población en edad de trabajar,Anual,77.418987007
2025,Atlántico,Mujeres,% población en edad de trabajar,Anual,77.769769433
2007,Atlántico,Mujeres,Tasa Global de Participación (TGP),Anual,46.68353525
2008,Atlántico,Mujeres,Tasa Global de Participación (TGP),Anual,43.514522128
2009,Atlántico,Mujeres,Tasa Global de Participación (TGP),Anual,45.257793069
2010,Atlántico,Mujeres,Tasa Global de Participación (TGP),Anual,47.438066818
2011,Atlántico,Mujeres,Tasa Global de Participación (TGP),Anual,49.029259984
2012,Atlántico,Mujeres,Tasa Global de Participación (TGP),Anual,49.88063552
2013,Atlántico,Mujeres,Tasa Global de Participación (TGP),Anual,50.468403638
2014,Atlántico,Mujeres,Tasa Global de Participación (TGP),Anual,50.04861574
2015,Atlántico,Mujeres,Tasa Global de Participación (TGP),Anual,52.957641517
2016,Atlántico,Mujeres,Tasa Global de Participación (TGP),Anual,53.507829157
2017,Atlántico,Mujeres,Tasa Global de Participación (TGP),Anual,51.419831289
2018,Atlántico,Mujeres,Tasa Global de Participación (TGP),Anual,51.575754176
2019,Atlántico,Mujeres,Tasa Global de Participación (TGP),Anual,50.819118512
2020,Atlántico,Mujeres,Tasa Global de Participación (TGP),Anual,44.22818748
2021,Atlántico,Mujeres,Tasa Global de Participación (TGP),Anual,48.138274959
2022,Atlántico,Mujeres,Tasa Global de Participación (TGP),Anual,54.33826331
2023,Atlántico,Mujeres,Tasa Global de Participación (TGP),Anual,54.29426264
2024,Atlántico,Mujeres,Tasa Global de Participación (TGP),Anual,51.307164011
2025,Atlántico,Mujeres,Tasa Global de Participación (TGP),Anual,51.52152162
2007,Atlántico,Mujeres,Tasa de Ocupación (TO),Anual,39.060977307
2008,Atlántico,Mujeres,Tasa de Ocupación (TO),Anual,37.158109711
2009,Atlántico,Mujeres,Tasa de Ocupación (TO),Anual,38.793792642
2010,Atlántico,Mujeres,Tasa de Ocupación (TO),Anual,40.937527541
2011,Atlántico,Mujeres,Tasa de Ocupación (TO),Anual,43.147737676
2012,Atlántico,Mujeres,Tasa de Ocupación (TO),Anual,43.912296637
2013,Atlántico,Mujeres,Tasa de Ocupación (TO),Anual,44.815544659
2014,Atlántico,Mujeres,Tasa de Ocupación (TO),Anual,44.410178135
2015,Atlántico,Mujeres,Tasa de Ocupación (TO),Anual,46.463938821
2016,Atlántico,Mujeres,Tasa de Ocupación (TO),Anual,47.465302366
2017,Atlántico,Mujeres,Tasa de Ocupación (TO),Anual,45.516188744
2018,Atlántico,Mujeres,Tasa de Ocupación (TO),Anual,45.573778416
2019,Atlántico,Mujeres,Tasa de Ocupación (TO),Anual,45.297718443
2020,Atlántico,Mujeres,Tasa de Ocupación (TO),Anual,37.163634504
2021,Atlántico,Mujeres,Tasa de Ocupación (TO),Anual,38.984258996
2022,Atlántico,Mujeres,Tasa de Ocupación (TO),Anual,46.0766094
2023,Atlántico,Mujeres,Tasa de Ocupación (TO),Anual,47.141726419
2024,Atlántico,Mujeres,Tasa de Ocupación (TO),Anual,44.427905385
2025,Atlántico,Mujeres,Tasa de Ocupación (TO),Anual,45.597875899
2007,Atlántico,Mujeres,Tasa de Desocupación (TD),Anual,16.328150604
2008,Atlántico,Mujeres,Tasa de Desocupación (TD),Anual,14.607565719
2009,Atlántico,Mujeres,Tasa de Desocupación (TD),Anual,14.282624029
2010,Atlántico,Mujeres,Tasa de Desocupación (TD),Anual,13.703212868
2011,Atlántico,Mujeres,Tasa de Desocupación (TD),Anual,11.995943465
2012,Atlántico,Mujeres,Tasa de Desocupación (TD),Anual,11.965242265
2013,Atlántico,Mujeres,Tasa de Desocupación (TD),Anual,11.200788158
2014,Atlántico,Mujeres,Tasa de Desocupación (TD),Anual,11.265921187
2015,Atlántico,Mujeres,Tasa de Desocupación (TD),Anual,12.262069289
2016,Atlántico,Mujeres,Tasa de Desocupación (TD),Anual,11.29279002
2017,Atlántico,Mujeres,Tasa de Desocupación (TD),Anual,11.481256156
2018,Atlántico,Mujeres,Tasa de Desocupación (TD),Anual,11.637204063
2019,Atlántico,Mujeres,Tasa de Desocupación (TD),Anual,10.864808817
2020,Atlántico,Mujeres,Tasa de Desocupación (TD),Anual,15.972965158
2021,Atlántico,Mujeres,Tasa de Desocupación (TD),Anual,19.016086411
2022,Atlántico,Mujeres,Tasa de Desocupación (TD),Anual,15.204118437
2023,Atlántico,Mujeres,Tasa de Desocupación (TD),Anual,13.173650167
2024,Atlántico,Mujeres,Tasa de Desocupación (TD),Anual,13.407988453
2025,Atlántico,Mujeres,Tasa de Desocupación (TD),Anual,11.49741998
2007,Atlántico,Mujeres,Tasa de Subocupación (TS),Anual,8.595561079
2008,Atlántico,Mujeres,Tasa de Subocupación (TS),Anual,6.460150342
2009,Atlántico,Mujeres,Tasa de Subocupación (TS),Anual,5.506373447
2010,Atlántico,Mujeres,Tasa de Subocupación (TS),Anual,6.979306507
2011,Atlántico,Mujeres,Tasa de Subocupación (TS),Anual,10.48387058
2012,Atlántico,Mujeres,Tasa de Subocupación (TS),Anual,10.36373033
2013,Atlántico,Mujeres,Tasa de Subocupación (TS),Anual,7.7464285
2014,Atlántico,Mujeres,Tasa de Subocupación (TS),Anual,8.616240835
2015,Atlántico,Mujeres,Tasa de Subocupación (TS),Anual,11.872306538
2016,Atlántico,Mujeres,Tasa de Subocupación (TS),Anual,11.531383699
2017,Atlántico,Mujeres,Tasa de Subocupación (TS),Anual,10.649466709
2018,Atlántico,Mujeres,Tasa de Subocupación (TS),Anual,11.184859289
2019,Atlántico,Mujeres,Tasa de Subocupación (TS),Anual,11.881260978
2020,Atlántico,Mujeres,Tasa de Subocupación (TS),Anual,0.0
2021,Atlántico,Mujeres,Tasa de Subocupación (TS),Anual,12.656825361
2022,Atlántico,Mujeres,Tasa de Subocupación (TS),Anual,14.147986418
2023,Atlántico,Mujeres,Tasa de Subocupación (TS),Anual,12.051521993
2024,Atlántico,Mujeres,Tasa de Subocupación (TS),Anual,10.227307734
2025,Atlántico,Mujeres,Tasa de Subocupación (TS),Anual,8.822621268
2007,Atlántico,Mujeres,Población total,Anual,1119.232
2008,Atlántico,Mujeres,Población total,Anual,1133.816
2009,Atlántico,Mujeres,Población total,Anual,1148.144
2010,Atlántico,Mujeres,Población total,Anual,1162.169
2011,Atlántico,Mujeres,Población total,Anual,1175.526
2012,Atlántico,Mujeres,Población total,Anual,1188.44
2013,Atlántico,Mujeres,Población total,Anual,1201.101
2014,Atlántico,Mujeres,Población total,Anual,1213.419
2015,Atlántico,Mujeres,Población total,Anual,1226.349
2016,Atlántico,Mujeres,Población total,Anual,1243.508
2017,Atlántico,Mujeres,Población total,Anual,1264.232
2018,Atlántico,Mujeres,Población total,Anual,1299.199
2019,Atlántico,Mujeres,Población total,Anual,1351.403
2020,Atlántico,Mujeres,Población total,Anual,1394.58
2021,Atlántico,Mujeres,Población total,Anual,1420.323
2022,Atlántico,Mujeres,Población total,Anual,1437.07
2023,Atlántico,Mujeres,Población total,Anual,1452.579
2024,Atlántico,Mujeres,Población total,Anual,1467.478
2025,Atlántico,Mujeres,Población total,Anual,1481.788
2007,Atlántico,Mujeres,Población en edad de trabajar (PET),Anual,801.858
2008,Atlántico,Mujeres,Población en edad de trabajar (PET),Anual,816.321
2009,Atlántico,Mujeres,Población en edad de trabajar (PET),Anual,830.635
2010,Atlántico,Mujeres,Población en edad de trabajar (PET),Anual,844.742
2011,Atlántico,Mujeres,Población en edad de trabajar (PET),Anual,858.466
2012,Atlántico,Mujeres,Población en edad de trabajar (PET),Anual,872.076
2013,Atlántico,Mujeres,Población en edad de trabajar (PET),Anual,885.764
2014,Atlántico,Mujeres,Población en edad de trabajar (PET),Anual,899.491
2015,Atlántico,Mujeres,Población en edad de trabajar (PET),Anual,913.961
2016,Atlántico,Mujeres,Población en edad de trabajar (PET),Anual,931.659
2017,Atlántico,Mujeres,Población en edad de trabajar (PET),Anual,951.944
2018,Atlántico,Mujeres,Población en edad de trabajar (PET),Anual,982.973
2019,Atlántico,Mujeres,Población en edad de trabajar (PET),Anual,1025.838
2020,Atlántico,Mujeres,Población en edad de trabajar (PET),Anual,1061.991
2021,Atlántico,Mujeres,Población en edad de trabajar (PET),Anual,1085.567
2022,Atlántico,Mujeres,Población en edad de trabajar (PET),Anual,1102.232
2023,Atlántico,Mujeres,Población en edad de trabajar (PET),Anual,1118.14
2024,Atlántico,Mujeres,Población en edad de trabajar (PET),Anual,1136.107
2025,Atlántico,Mujeres,Población en edad de trabajar (PET),Anual,1152.383
2007,Atlántico,Mujeres,Fuerza de trabajo,Anual,374.335662
2008,Atlántico,Mujeres,Fuerza de trabajo,Anual,355.21818199999996
2009,Atlántico,Mujeres,Fuerza de trabajo,Anual,375.927069
2010,Atlántico,Mujeres,Fuerza de trabajo,Anual,400.729274
2011,Atlántico,Mujeres,Fuerza de trabajo,Anual,420.899527
2012,Atlántico,Mujeres,Fuerza de trabajo,Anual,434.997051
2013,Atlántico,Mujeres,Fuerza de trabajo,Anual,447.030951
2014,Atlántico,Mujeres,Fuerza de trabajo,Anual,450.182794
2015,Atlántico,Mujeres,Fuerza de trabajo,Anual,484.01219
2016,Atlántico,Mujeres,Fuerza de trabajo,Anual,498.510506
2017,Atlántico,Mujeres,Fuerza de trabajo,Anual,489.487999
2018,Atlántico,Mujeres,Fuerza de trabajo,Anual,506.97573800000004
2019,Atlántico,Mujeres,Fuerza de trabajo,Anual,521.321829
2020,Atlántico,Mujeres,Fuerza de trabajo,Anual,469.699371
2021,Atlántico,Mujeres,Fuerza de trabajo,Anual,522.573
2022,Atlántico,Mujeres,Fuerza de trabajo,Anual,598.934
2023,Atlántico,Mujeres,Fuerza de trabajo,Anual,607.086
2024,Atlántico,Mujeres,Fuerza de trabajo,Anual,582.904
2025,Atlántico,Mujeres,Fuerza de trabajo,Anual,593.725
2007,Atlántico,Mujeres,Población ocupada,Anual,313.213571
2008,Atlántico,Mujeres,Población ocupada,Anual,303.329453
2009,Atlántico,Mujeres,Población ocupada,Anual,322.23482
2010,Atlántico,Mujeres,Población ocupada,Anual,345.816489
2011,Atlántico,Mujeres,Población ocupada,Anual,370.408658
2012,Atlántico,Mujeres,Población ocupada,Anual,382.9486
2013,Atlántico,Mujeres,Población ocupada,Anual,396.959961
2014,Atlántico,Mujeres,Población ocupada,Anual,399.465555
2015,Atlántico,Mujeres,Población ocupada,Anual,424.66228
2016,Atlántico,Mujeres,Población ocupada,Anual,442.214761
2017,Atlántico,Mujeres,Población ocupada,Anual,433.288628
2018,Atlántico,Mujeres,Población ocupada,Anual,447.977937
2019,Atlántico,Mujeres,Población ocupada,Anual,464.68120899999997
2020,Atlántico,Mujeres,Población ocupada,Anual,394.674454
2021,Atlántico,Mujeres,Población ocupada,Anual,423.2
2022,Atlántico,Mujeres,Población ocupada,Anual,507.871
2023,Atlántico,Mujeres,Población ocupada,Anual,527.11
2024,Atlántico,Mujeres,Población ocupada,Anual,504.748
2025,Atlántico,Mujeres,Población ocupada,Anual,525.462
2007,Atlántico,Mujeres,Población desocupada,Anual,61.122091
2008,Atlántico,Mujeres,Población desocupada,Anual,51.888729
2009,Atlántico,Mujeres,Población desocupada,Anual,53.69225
2010,Atlántico,Mujeres,Población desocupada,Anual,54.91278500000001
2011,Atlántico,Mujeres,Población desocupada,Anual,50.490868999999996
2012,Atlántico,Mujeres,Población desocupada,Anual,52.048451
2013,Atlántico,Mujeres,Población desocupada,Anual,50.070989999999995
2014,Atlántico,Mujeres,Población desocupada,Anual,50.717239
2015,Atlántico,Mujeres,Población desocupada,Anual,59.34991
2016,Atlántico,Mujeres,Población desocupada,Anual,56.295745000000004
2017,Atlántico,Mujeres,Población desocupada,Anual,56.199371
2018,Atlántico,Mujeres,Población desocupada,Anual,58.997801
2019,Atlántico,Mujeres,Población desocupada,Anual,56.640620000000006
2020,Atlántico,Mujeres,Población desocupada,Anual,75.024917
2021,Atlántico,Mujeres,Población desocupada,Anual,99.373
2022,Atlántico,Mujeres,Población desocupada,Anual,91.063
2023,Atlántico,Mujeres,Población desocupada,Anual,79.975
2024,Atlántico,Mujeres,Población desocupada,Anual,78.156
2025,Atlántico,Mujeres,Población desocupada,Anual,68.263
2007,Atlántico,Mujeres,Población fuera de la fuerza de trabajo,Anual,427.522338
2008,Atlántico,Mujeres,Población fuera de la fuerza de trabajo,Anual,461.102818
2009,Atlántico,Mujeres,Población fuera de la fuerza de trabajo,Anual,454.707931
2010,Atlántico,Mujeres,Población fuera de la fuerza de trabajo,Anual,444.01272600000004
2011,Atlántico,Mujeres,Población fuera de la fuerza de trabajo,Anual,437.566473
2012,Atlántico,Mujeres,Población fuera de la fuerza de trabajo,Anual,437.078949
2013,Atlántico,Mujeres,Población fuera de la fuerza de trabajo,Anual,438.733049
2014,Atlántico,Mujeres,Población fuera de la fuerza de trabajo,Anual,449.308206
2015,Atlántico,Mujeres,Población fuera de la fuerza de trabajo,Anual,429.94881
2016,Atlántico,Mujeres,Población fuera de la fuerza de trabajo,Anual,433.148494
2017,Atlántico,Mujeres,Población fuera de la fuerza de trabajo,Anual,462.456001
2018,Atlántico,Mujeres,Población fuera de la fuerza de trabajo,Anual,475.997262
2019,Atlántico,Mujeres,Población fuera de la fuerza de trabajo,Anual,504.516171
2020,Atlántico,Mujeres,Población fuera de la fuerza de trabajo,Anual,592.291629
2021,Atlántico,Mujeres,Población fuera de la fuerza de trabajo,Anual,562.994
2022,Atlántico,Mujeres,Población fuera de la fuerza de trabajo,Anual,503.298
2023,Atlántico,Mujeres,Población fuera de la fuerza de trabajo,Anual,511.054
2024,Atlántico,Mujeres,Población fuera de la fuerza de trabajo,Anual,553.203
2025,Atlántico,Mujeres,Población fuera de la fuerza de trabajo,Anual,558.658
2007,Atlántico,Mujeres,Población subocupada,Anual,32.17625
2008,Atlántico,Mujeres,Población subocupada,Anual,22.947629
2009,Atlántico,Mujeres,Población subocupada,Anual,20.699948
2010,Atlántico,Mujeres,Población subocupada,Anual,27.968124
2011,Atlántico,Mujeres,Población subocupada,Anual,44.126562
2012,Atlántico,Mujeres,Población subocupada,Anual,45.081921
2013,Atlántico,Mujeres,Población subocupada,Anual,34.628932999999996
2014,Atlántico,Mujeres,Población subocupada,Anual,38.788834
2015,Atlántico,Mujeres,Población subocupada,Anual,57.463411
2016,Atlántico,Mujeres,Población subocupada,Anual,57.485159
2017,Atlántico,Mujeres,Población subocupada,Anual,52.127860999999996
2018,Atlántico,Mujeres,Población subocupada,Anual,56.704523
2019,Atlántico,Mujeres,Población subocupada,Anual,61.939607
2020,Atlántico,Mujeres,Población subocupada,Anual,0.0
2021,Atlántico,Mujeres,Población subocupada,Anual,66.141
2022,Atlántico,Mujeres,Población subocupada,Anual,84.737
2023,Atlántico,Mujeres,Población subocupada,Anual,73.163
2024,Atlántico,Mujeres,Población subocupada,Anual,59.615
2025,Atlántico,Mujeres,Población subocupada,Anual,52.382
2007,Atlántico,Mujeres,Fuerza de trabajo potencial,Anual,0.0
2008,Atlántico,Mujeres,Fuerza de trabajo potencial,Anual,0.0
2009,Atlántico,Mujeres,Fuerza de trabajo potencial,Anual,0.0
2010,Atlántico,Mujeres,Fuerza de trabajo potencial,Anual,0.0
2011,Atlántico,Mujeres,Fuerza de trabajo potencial,Anual,0.0
2012,Atlántico,Mujeres,Fuerza de trabajo potencial,Anual,0.0
2013,Atlántico,Mujeres,Fuerza de trabajo potencial,Anual,0.0
2014,Atlántico,Mujeres,Fuerza de trabajo potencial,Anual,0.0
2015,Atlántico,Mujeres,Fuerza de trabajo potencial,Anual,0.0
2016,Atlántico,Mujeres,Fuerza de trabajo potencial,Anual,0.0
2017,Atlántico,Mujeres,Fuerza de trabajo potencial,Anual,0.0
2018,Atlántico,Mujeres,Fuerza de trabajo potencial,Anual,0.0
2019,Atlántico,Mujeres,Fuerza de trabajo potencial,Anual,0.0
2020,Atlántico,Mujeres,Fuerza de trabajo potencial,Anual,0.0
2021,Atlántico,Mujeres,Fuerza de trabajo potencial,Anual,72.768
2022,Atlántico,Mujeres,Fuerza de trabajo potencial,Anual,102.656
2023,Atlántico,Mujeres,Fuerza de trabajo potencial,Anual,122.568
2024,Atlántico,Mujeres,Fuerza de trabajo potencial,Anual,108.397
2025,Atlántico,Mujeres,Fuerza de trabajo potencial,Anual,81.375
2007,Bolívar,Mujeres,% población en edad de trabajar,Anual,69.307862288
2008,Bolívar,Mujeres,% población en edad de trabajar,Anual,69.748569414
2009,Bolívar,Mujeres,% población en edad de trabajar,Anual,70.118101643
2010,Bolívar,Mujeres,% población en edad de trabajar,Anual,70.503543291
2011,Bolívar,Mujeres,% población en edad de trabajar,Anual,70.877109144
2012,Bolívar,Mujeres,% población en edad de trabajar,Anual,71.253287038
2013,Bolívar,Mujeres,% población en edad de trabajar,Anual,71.636943804
2014,Bolívar,Mujeres,% población en edad de trabajar,Anual,72.025168462
2015,Bolívar,Mujeres,% población en edad de trabajar,Anual,72.413411276
2016,Bolívar,Mujeres,% población en edad de trabajar,Anual,72.788538965
2017,Bolívar,Mujeres,% población en edad de trabajar,Anual,73.120186511
2018,Bolívar,Mujeres,% población en edad de trabajar,Anual,73.412857634
2019,Bolívar,Mujeres,% población en edad de trabajar,Anual,73.665950922
2020,Bolívar,Mujeres,% población en edad de trabajar,Anual,73.90419045
2021,Bolívar,Mujeres,% población en edad de trabajar,Anual,74.164580473
2022,Bolívar,Mujeres,% población en edad de trabajar,Anual,74.41315673
2023,Bolívar,Mujeres,% población en edad de trabajar,Anual,74.663246778
2024,Bolívar,Mujeres,% población en edad de trabajar,Anual,75.026107784
2025,Bolívar,Mujeres,% población en edad de trabajar,Anual,75.34823181
2007,Bolívar,Mujeres,Tasa Global de Participación (TGP),Anual,45.499178378
2008,Bolívar,Mujeres,Tasa Global de Participación (TGP),Anual,36.315464192
2009,Bolívar,Mujeres,Tasa Global de Participación (TGP),Anual,38.080318688
2010,Bolívar,Mujeres,Tasa Global de Participación (TGP),Anual,41.482867654
2011,Bolívar,Mujeres,Tasa Global de Participación (TGP),Anual,46.812202635
2012,Bolívar,Mujeres,Tasa Global de Participación (TGP),Anual,50.513284755
2013,Bolívar,Mujeres,Tasa Global de Participación (TGP),Anual,49.463063341
2014,Bolívar,Mujeres,Tasa Global de Participación (TGP),Anual,50.621990316
2015,Bolívar,Mujeres,Tasa Global de Participación (TGP),Anual,52.00458673
2016,Bolívar,Mujeres,Tasa Global de Participación (TGP),Anual,50.30372872
2017,Bolívar,Mujeres,Tasa Global de Participación (TGP),Anual,51.377550769
2018,Bolívar,Mujeres,Tasa Global de Participación (TGP),Anual,51.84444828
2019,Bolívar,Mujeres,Tasa Global de Participación (TGP),Anual,51.39039489
2020,Bolívar,Mujeres,Tasa Global de Participación (TGP),Anual,47.170621239
2021,Bolívar,Mujeres,Tasa Global de Participación (TGP),Anual,51.076200337
2022,Bolívar,Mujeres,Tasa Global de Participación (TGP),Anual,50.640036729
2023,Bolívar,Mujeres,Tasa Global de Participación (TGP),Anual,50.705581755
2024,Bolívar,Mujeres,Tasa Global de Participación (TGP),Anual,43.083476631
2025,Bolívar,Mujeres,Tasa Global de Participación (TGP),Anual,42.002282519
2007,Bolívar,Mujeres,Tasa de Ocupación (TO),Anual,37.473800825
2008,Bolívar,Mujeres,Tasa de Ocupación (TO),Anual,30.132330635
2009,Bolívar,Mujeres,Tasa de Ocupación (TO),Anual,31.573178404
2010,Bolívar,Mujeres,Tasa de Ocupación (TO),Anual,35.675419646
2011,Bolívar,Mujeres,Tasa de Ocupación (TO),Anual,40.720906694
2012,Bolívar,Mujeres,Tasa de Ocupación (TO),Anual,44.582527022
2013,Bolívar,Mujeres,Tasa de Ocupación (TO),Anual,43.80461926
2014,Bolívar,Mujeres,Tasa de Ocupación (TO),Anual,45.688372031
2015,Bolívar,Mujeres,Tasa de Ocupación (TO),Anual,46.53696719
2016,Bolívar,Mujeres,Tasa de Ocupación (TO),Anual,45.226241664
2017,Bolívar,Mujeres,Tasa de Ocupación (TO),Anual,46.660443661
2018,Bolívar,Mujeres,Tasa de Ocupación (TO),Anual,47.245826913
2019,Bolívar,Mujeres,Tasa de Ocupación (TO),Anual,47.749752479
2020,Bolívar,Mujeres,Tasa de Ocupación (TO),Anual,40.016145366
2021,Bolívar,Mujeres,Tasa de Ocupación (TO),Anual,41.025593752
2022,Bolívar,Mujeres,Tasa de Ocupación (TO),Anual,42.023899047
2023,Bolívar,Mujeres,Tasa de Ocupación (TO),Anual,43.289475942
2024,Bolívar,Mujeres,Tasa de Ocupación (TO),Anual,36.118948481
2025,Bolívar,Mujeres,Tasa de Ocupación (TO),Anual,35.639651768
2007,Bolívar,Mujeres,Tasa de Desocupación (TD),Anual,17.638510934
2008,Bolívar,Mujeres,Tasa de Desocupación (TD),Anual,17.026172446
2009,Bolívar,Mujeres,Tasa de Desocupación (TD),Anual,17.087935468
2010,Bolívar,Mujeres,Tasa de Desocupación (TD),Anual,13.999630056
2011,Bolívar,Mujeres,Tasa de Desocupación (TD),Anual,13.012196816
2012,Bolívar,Mujeres,Tasa de Desocupación (TD),Anual,11.740986082
2013,Bolívar,Mujeres,Tasa de Desocupación (TD),Anual,11.43973644
2014,Bolívar,Mujeres,Tasa de Desocupación (TD),Anual,9.74599824
2015,Bolívar,Mujeres,Tasa de Desocupación (TD),Anual,10.513725584
2016,Bolívar,Mujeres,Tasa de Desocupación (TD),Anual,10.093659429
2017,Bolívar,Mujeres,Tasa de Desocupación (TD),Anual,9.181261149
2018,Bolívar,Mujeres,Tasa de Desocupación (TD),Anual,8.870036271
2019,Bolívar,Mujeres,Tasa de Desocupación (TD),Anual,7.08428573
2020,Bolívar,Mujeres,Tasa de Desocupación (TD),Anual,15.167228426
2021,Bolívar,Mujeres,Tasa de Desocupación (TD),Anual,19.677670851
2022,Bolívar,Mujeres,Tasa de Desocupación (TD),Anual,17.014477552
2023,Bolívar,Mujeres,Tasa de Desocupación (TD),Anual,14.625817428
2024,Bolívar,Mujeres,Tasa de Desocupación (TD),Anual,16.165195325
2025,Bolívar,Mujeres,Tasa de Desocupación (TD),Anual,15.148297589
2007,Bolívar,Mujeres,Tasa de Subocupación (TS),Anual,8.15194705
2008,Bolívar,Mujeres,Tasa de Subocupación (TS),Anual,6.744199278
2009,Bolívar,Mujeres,Tasa de Subocupación (TS),Anual,11.118004733
2010,Bolívar,Mujeres,Tasa de Subocupación (TS),Anual,9.747060486
2011,Bolívar,Mujeres,Tasa de Subocupación (TS),Anual,8.003605034
2012,Bolívar,Mujeres,Tasa de Subocupación (TS),Anual,7.017492027
2013,Bolívar,Mujeres,Tasa de Subocupación (TS),Anual,7.845102077
2014,Bolívar,Mujeres,Tasa de Subocupación (TS),Anual,8.286682381
2015,Bolívar,Mujeres,Tasa de Subocupación (TS),Anual,7.065141908
2016,Bolívar,Mujeres,Tasa de Subocupación (TS),Anual,5.632658371
2017,Bolívar,Mujeres,Tasa de Subocupación (TS),Anual,5.670603496
2018,Bolívar,Mujeres,Tasa de Subocupación (TS),Anual,8.808049285
2019,Bolívar,Mujeres,Tasa de Subocupación (TS),Anual,7.698634222
2020,Bolívar,Mujeres,Tasa de Subocupación (TS),Anual,0.0
2021,Bolívar,Mujeres,Tasa de Subocupación (TS),Anual,13.03216154
2022,Bolívar,Mujeres,Tasa de Subocupación (TS),Anual,13.529124927
2023,Bolívar,Mujeres,Tasa de Subocupación (TS),Anual,10.808287822
2024,Bolívar,Mujeres,Tasa de Subocupación (TS),Anual,7.566392054
2025,Bolívar,Mujeres,Tasa de Subocupación (TS),Anual,7.425729657
2007,Bolívar,Mujeres,Población total,Anual,933.138
2008,Bolívar,Mujeres,Población total,Anual,941.572
2009,Bolívar,Mujeres,Población total,Anual,952.908
2010,Bolívar,Mujeres,Población total,Anual,962.241
2011,Bolívar,Mujeres,Población total,Anual,970.951
2012,Bolívar,Mujeres,Población total,Anual,979.225
2013,Bolívar,Mujeres,Población total,Anual,987.175
2014,Bolívar,Mujeres,Población total,Anual,994.737
2015,Bolívar,Mujeres,Población total,Anual,1002.44
2016,Bolívar,Mujeres,Población total,Anual,1012.125
2017,Bolívar,Mujeres,Población total,Anual,1023.426
2018,Bolívar,Mujeres,Población total,Anual,1041.778
2019,Bolívar,Mujeres,Población total,Anual,1072.543
2020,Bolívar,Mujeres,Población total,Anual,1098.617
2021,Bolívar,Mujeres,Población total,Anual,1115.435
2022,Bolívar,Mujeres,Población total,Anual,1127.555
2023,Bolívar,Mujeres,Población total,Anual,1138.828
2024,Bolívar,Mujeres,Población total,Anual,1149.801
2025,Bolívar,Mujeres,Población total,Anual,1160.488
2007,Bolívar,Mujeres,Población en edad de trabajar (PET),Anual,646.738
2008,Bolívar,Mujeres,Población en edad de trabajar (PET),Anual,656.733
2009,Bolívar,Mujeres,Población en edad de trabajar (PET),Anual,668.161
2010,Bolívar,Mujeres,Población en edad de trabajar (PET),Anual,678.414
2011,Bolívar,Mujeres,Población en edad de trabajar (PET),Anual,688.182
2012,Bolívar,Mujeres,Población en edad de trabajar (PET),Anual,697.73
2013,Bolívar,Mujeres,Población en edad de trabajar (PET),Anual,707.182
2014,Bolívar,Mujeres,Población en edad de trabajar (PET),Anual,716.461
2015,Bolívar,Mujeres,Población en edad de trabajar (PET),Anual,725.901
2016,Bolívar,Mujeres,Población en edad de trabajar (PET),Anual,736.711
2017,Bolívar,Mujeres,Población en edad de trabajar (PET),Anual,748.331
2018,Bolívar,Mujeres,Población en edad de trabajar (PET),Anual,764.799
2019,Bolívar,Mujeres,Población en edad de trabajar (PET),Anual,790.099
2020,Bolívar,Mujeres,Población en edad de trabajar (PET),Anual,811.924
2021,Bolívar,Mujeres,Población en edad de trabajar (PET),Anual,827.258
2022,Bolívar,Mujeres,Población en edad de trabajar (PET),Anual,839.049
2023,Bolívar,Mujeres,Población en edad de trabajar (PET),Anual,850.286
2024,Bolívar,Mujeres,Población en edad de trabajar (PET),Anual,862.651
2025,Bolívar,Mujeres,Población en edad de trabajar (PET),Anual,874.407
2007,Bolívar,Mujeres,Fuerza de trabajo,Anual,294.26047600000004
2008,Bolívar,Mujeres,Fuerza de trabajo,Anual,238.495637
2009,Bolívar,Mujeres,Fuerza de trabajo,Anual,254.437838
2010,Bolívar,Mujeres,Fuerza de trabajo,Anual,281.425582
2011,Bolívar,Mujeres,Fuerza de trabajo,Anual,322.153152
2012,Bolívar,Mujeres,Fuerza de trabajo,Anual,352.446342
2013,Bolívar,Mujeres,Fuerza de trabajo,Anual,349.793881
2014,Bolívar,Mujeres,Fuerza de trabajo,Anual,362.686818
2015,Bolívar,Mujeres,Fuerza de trabajo,Anual,377.501815
2016,Bolívar,Mujeres,Fuerza de trabajo,Anual,370.593103
2017,Bolívar,Mujeres,Fuerza de trabajo,Anual,384.47413900000004
2018,Bolívar,Mujeres,Fuerza de trabajo,Anual,396.50582199999997
2019,Bolívar,Mujeres,Fuerza de trabajo,Anual,406.034996
2020,Bolívar,Mujeres,Fuerza de trabajo,Anual,382.98959499999995
2021,Bolívar,Mujeres,Fuerza de trabajo,Anual,422.532
2022,Bolívar,Mujeres,Fuerza de trabajo,Anual,424.895
2023,Bolívar,Mujeres,Fuerza de trabajo,Anual,431.143
2024,Bolívar,Mujeres,Fuerza de trabajo,Anual,371.66
2025,Bolívar,Mujeres,Fuerza de trabajo,Anual,367.271
2007,Bolívar,Mujeres,Población ocupada,Anual,242.35730999999998
2008,Bolívar,Mujeres,Población ocupada,Anual,197.888959
2009,Bolívar,Mujeres,Población ocupada,Anual,210.959665
2010,Bolívar,Mujeres,Población ocupada,Anual,242.027041
2011,Bolívar,Mujeres,Población ocupada,Anual,280.23395
2012,Bolívar,Mujeres,Población ocupada,Anual,311.065666
2013,Bolívar,Mujeres,Población ocupada,Anual,309.77838299999996
2014,Bolívar,Mujeres,Población ocupada,Anual,327.33936700000004
2015,Bolívar,Mujeres,Población ocupada,Anual,337.81231
2016,Bolívar,Mujeres,Población ocupada,Anual,333.186697
2017,Bolívar,Mujeres,Población ocupada,Anual,349.17456500000003
2018,Bolívar,Mujeres,Población ocupada,Anual,361.335612
2019,Bolívar,Mujeres,Población ocupada,Anual,377.270317
2020,Bolívar,Mujeres,Población ocupada,Anual,324.900688
2021,Bolívar,Mujeres,Población ocupada,Anual,339.387
2022,Bolívar,Mujeres,Población ocupada,Anual,352.601
2023,Bolívar,Mujeres,Población ocupada,Anual,368.084
2024,Bolívar,Mujeres,Población ocupada,Anual,311.58
2025,Bolívar,Mujeres,Población ocupada,Anual,311.636
2007,Bolívar,Mujeres,Población desocupada,Anual,51.903166
2008,Bolívar,Mujeres,Población desocupada,Anual,40.606679
2009,Bolívar,Mujeres,Población desocupada,Anual,43.478173999999996
2010,Bolívar,Mujeres,Población desocupada,Anual,39.398540000000004
2011,Bolívar,Mujeres,Población desocupada,Anual,41.919202
2012,Bolívar,Mujeres,Población desocupada,Anual,41.380676
2013,Bolívar,Mujeres,Población desocupada,Anual,40.015498
2014,Bolívar,Mujeres,Población desocupada,Anual,35.347451
2015,Bolívar,Mujeres,Población desocupada,Anual,39.689505
2016,Bolívar,Mujeres,Población desocupada,Anual,37.406406000000004
2017,Bolívar,Mujeres,Población desocupada,Anual,35.299575
2018,Bolívar,Mujeres,Población desocupada,Anual,35.17021
2019,Bolívar,Mujeres,Población desocupada,Anual,28.764679
2020,Bolívar,Mujeres,Población desocupada,Anual,58.088907
2021,Bolívar,Mujeres,Población desocupada,Anual,83.144
2022,Bolívar,Mujeres,Población desocupada,Anual,72.294
2023,Bolívar,Mujeres,Población desocupada,Anual,63.058
2024,Bolívar,Mujeres,Población desocupada,Anual,60.08
2025,Bolívar,Mujeres,Población desocupada,Anual,55.635
2007,Bolívar,Mujeres,Población fuera de la fuerza de trabajo,Anual,352.47752399999996
2008,Bolívar,Mujeres,Población fuera de la fuerza de trabajo,Anual,418.237363
2009,Bolívar,Mujeres,Población fuera de la fuerza de trabajo,Anual,413.723162
2010,Bolívar,Mujeres,Población fuera de la fuerza de trabajo,Anual,396.988418
2011,Bolívar,Mujeres,Población fuera de la fuerza de trabajo,Anual,366.028848
2012,Bolívar,Mujeres,Población fuera de la fuerza de trabajo,Anual,345.283658
2013,Bolívar,Mujeres,Población fuera de la fuerza de trabajo,Anual,357.388119
2014,Bolívar,Mujeres,Población fuera de la fuerza de trabajo,Anual,353.774182
2015,Bolívar,Mujeres,Población fuera de la fuerza de trabajo,Anual,348.399185
2016,Bolívar,Mujeres,Población fuera de la fuerza de trabajo,Anual,366.11789699999997
2017,Bolívar,Mujeres,Población fuera de la fuerza de trabajo,Anual,363.856861
2018,Bolívar,Mujeres,Población fuera de la fuerza de trabajo,Anual,368.293178
2019,Bolívar,Mujeres,Población fuera de la fuerza de trabajo,Anual,384.064004
2020,Bolívar,Mujeres,Población fuera de la fuerza de trabajo,Anual,428.934405
2021,Bolívar,Mujeres,Población fuera de la fuerza de trabajo,Anual,404.726
2022,Bolívar,Mujeres,Población fuera de la fuerza de trabajo,Anual,414.154
2023,Bolívar,Mujeres,Población fuera de la fuerza de trabajo,Anual,419.144
2024,Bolívar,Mujeres,Población fuera de la fuerza de trabajo,Anual,490.991
2025,Bolívar,Mujeres,Población fuera de la fuerza de trabajo,Anual,507.136
2007,Bolívar,Mujeres,Población subocupada,Anual,23.987958
2008,Bolívar,Mujeres,Población subocupada,Anual,16.084621
2009,Bolívar,Mujeres,Población subocupada,Anual,28.288411
2010,Bolívar,Mujeres,Población subocupada,Anual,27.430722000000003
2011,Bolívar,Mujeres,Población subocupada,Anual,25.783866000000003
2012,Bolívar,Mujeres,Población subocupada,Anual,24.732894
2013,Bolívar,Mujeres,Población subocupada,Anual,27.441687
2014,Bolívar,Mujeres,Población subocupada,Anual,30.054705000000002
2015,Bolívar,Mujeres,Población subocupada,Anual,26.671039
2016,Bolívar,Mujeres,Población subocupada,Anual,20.874243
2017,Bolívar,Mujeres,Población subocupada,Anual,21.802004
2018,Bolívar,Mujeres,Población subocupada,Anual,34.924428
2019,Bolívar,Mujeres,Población subocupada,Anual,31.259149
2020,Bolívar,Mujeres,Población subocupada,Anual,0.0
2021,Bolívar,Mujeres,Población subocupada,Anual,55.065
2022,Bolívar,Mujeres,Población subocupada,Anual,57.485
2023,Bolívar,Mujeres,Población subocupada,Anual,46.599
2024,Bolívar,Mujeres,Población subocupada,Anual,28.121
2025,Bolívar,Mujeres,Población subocupada,Anual,27.273
2007,Bolívar,Mujeres,Fuerza de trabajo potencial,Anual,0.0
2008,Bolívar,Mujeres,Fuerza de trabajo potencial,Anual,0.0
2009,Bolívar,Mujeres,Fuerza de trabajo potencial,Anual,0.0
2010,Bolívar,Mujeres,Fuerza de trabajo potencial,Anual,0.0
2011,Bolívar,Mujeres,Fuerza de trabajo potencial,Anual,0.0
2012,Bolívar,Mujeres,Fuerza de trabajo potencial,Anual,0.0
2013,Bolívar,Mujeres,Fuerza de trabajo potencial,Anual,0.0
2014,Bolívar,Mujeres,Fuerza de trabajo potencial,Anual,0.0
2015,Bolívar,Mujeres,Fuerza de trabajo potencial,Anual,0.0
2016,Bolívar,Mujeres,Fuerza de trabajo potencial,Anual,0.0
2017,Bolívar,Mujeres,Fuerza de trabajo potencial,Anual,0.0
2018,Bolívar,Mujeres,Fuerza de trabajo potencial,Anual,0.0
2019,Bolívar,Mujeres,Fuerza de trabajo potencial,Anual,0.0
2020,Bolívar,Mujeres,Fuerza de trabajo potencial,Anual,0.0
2021,Bolívar,Mujeres,Fuerza de trabajo potencial,Anual,48.597
2022,Bolívar,Mujeres,Fuerza de trabajo potencial,Anual,72.196
2023,Bolívar,Mujeres,Fuerza de trabajo potencial,Anual,69.821
2024,Bolívar,Mujeres,Fuerza de trabajo potencial,Anual,45.844
2025,Bolívar,Mujeres,Fuerza de trabajo potencial,Anual,70.676
2007,Boyacá,Mujeres,% población en edad de trabajar,Anual,73.878798826
2008,Boyacá,Mujeres,% población en edad de trabajar,Anual,74.333449959
2009,Boyacá,Mujeres,% población en edad de trabajar,Anual,74.787189754
2010,Boyacá,Mujeres,% población en edad de trabajar,Anual,75.224591151
2011,Boyacá,Mujeres,% población en edad de trabajar,Anual,75.631596799
2012,Boyacá,Mujeres,% población en edad de trabajar,Anual,76.015888945
2013,Boyacá,Mujeres,% población en edad de trabajar,Anual,76.368860719
2014,Boyacá,Mujeres,% población en edad de trabajar,Anual,76.688134092
2015,Boyacá,Mujeres,% población en edad de trabajar,Anual,76.969874068
2016,Boyacá,Mujeres,% población en edad de trabajar,Anual,77.221653911
2017,Boyacá,Mujeres,% población en edad de trabajar,Anual,77.447780679
2018,Boyacá,Mujeres,% población en edad de trabajar,Anual,77.632837497
2019,Boyacá,Mujeres,% población en edad de trabajar,Anual,77.753280689
2020,Boyacá,Mujeres,% población en edad de trabajar,Anual,77.886933462
2021,Boyacá,Mujeres,% población en edad de trabajar,Anual,78.036368093
2022,Boyacá,Mujeres,% población en edad de trabajar,Anual,78.200882988
2023,Boyacá,Mujeres,% población en edad de trabajar,Anual,78.370939664
2024,Boyacá,Mujeres,% población en edad de trabajar,Anual,78.591018134
2025,Boyacá,Mujeres,% población en edad de trabajar,Anual,78.818732789
2007,Boyacá,Mujeres,Tasa Global de Participación (TGP),Anual,50.129432248
2008,Boyacá,Mujeres,Tasa Global de Participación (TGP),Anual,55.764249213
2009,Boyacá,Mujeres,Tasa Global de Participación (TGP),Anual,48.155227971
2010,Boyacá,Mujeres,Tasa Global de Participación (TGP),Anual,48.942583523
2011,Boyacá,Mujeres,Tasa Global de Participación (TGP),Anual,51.747425219
2012,Boyacá,Mujeres,Tasa Global de Participación (TGP),Anual,52.629022008
2013,Boyacá,Mujeres,Tasa Global de Participación (TGP),Anual,51.204766127
2014,Boyacá,Mujeres,Tasa Global de Participación (TGP),Anual,54.596524162
2015,Boyacá,Mujeres,Tasa Global de Participación (TGP),Anual,57.98929834
2016,Boyacá,Mujeres,Tasa Global de Participación (TGP),Anual,52.319604902
2017,Boyacá,Mujeres,Tasa Global de Participación (TGP),Anual,53.089897137
2018,Boyacá,Mujeres,Tasa Global de Participación (TGP),Anual,53.227183966
2019,Boyacá,Mujeres,Tasa Global de Participación (TGP),Anual,47.855921463
2020,Boyacá,Mujeres,Tasa Global de Participación (TGP),Anual,40.347386102
2021,Boyacá,Mujeres,Tasa Global de Participación (TGP),Anual,39.006186478
2022,Boyacá,Mujeres,Tasa Global de Participación (TGP),Anual,49.493106842
2023,Boyacá,Mujeres,Tasa Global de Participación (TGP),Anual,48.35190624
2024,Boyacá,Mujeres,Tasa Global de Participación (TGP),Anual,46.613116327
2025,Boyacá,Mujeres,Tasa Global de Participación (TGP),Anual,44.186350427
2007,Boyacá,Mujeres,Tasa de Ocupación (TO),Anual,42.916985459
2008,Boyacá,Mujeres,Tasa de Ocupación (TO),Anual,50.756995722
2009,Boyacá,Mujeres,Tasa de Ocupación (TO),Anual,42.552396958
2010,Boyacá,Mujeres,Tasa de Ocupación (TO),Anual,43.013138986
2011,Boyacá,Mujeres,Tasa de Ocupación (TO),Anual,46.587359677
2012,Boyacá,Mujeres,Tasa de Ocupación (TO),Anual,47.961762183
2013,Boyacá,Mujeres,Tasa de Ocupación (TO),Anual,46.133295309
2014,Boyacá,Mujeres,Tasa de Ocupación (TO),Anual,49.63790042
2015,Boyacá,Mujeres,Tasa de Ocupación (TO),Anual,53.720194159
2016,Boyacá,Mujeres,Tasa de Ocupación (TO),Anual,47.847709104
2017,Boyacá,Mujeres,Tasa de Ocupación (TO),Anual,48.155630639
2018,Boyacá,Mujeres,Tasa de Ocupación (TO),Anual,47.970775779
2019,Boyacá,Mujeres,Tasa de Ocupación (TO),Anual,42.494339988
2020,Boyacá,Mujeres,Tasa de Ocupación (TO),Anual,33.880238602
2021,Boyacá,Mujeres,Tasa de Ocupación (TO),Anual,33.617904773
2022,Boyacá,Mujeres,Tasa de Ocupación (TO),Anual,42.759232519
2023,Boyacá,Mujeres,Tasa de Ocupación (TO),Anual,42.141421381
2024,Boyacá,Mujeres,Tasa de Ocupación (TO),Anual,42.087646416
2025,Boyacá,Mujeres,Tasa de Ocupación (TO),Anual,39.849516294
2007,Boyacá,Mujeres,Tasa de Desocupación (TD),Anual,14.387649062
2008,Boyacá,Mujeres,Tasa de Desocupación (TD),Anual,8.979325575
2009,Boyacá,Mujeres,Tasa de Desocupación (TD),Anual,11.634938197
2010,Boyacá,Mujeres,Tasa de Desocupación (TD),Anual,12.11510327
2011,Boyacá,Mujeres,Tasa de Desocupación (TD),Anual,9.971637276
2012,Boyacá,Mujeres,Tasa de Desocupación (TD),Anual,8.868224503
2013,Boyacá,Mujeres,Tasa de Desocupación (TD),Anual,9.904294466
2014,Boyacá,Mujeres,Tasa de Desocupación (TD),Anual,9.082306644
2015,Boyacá,Mujeres,Tasa de Desocupación (TD),Anual,7.361882802
2016,Boyacá,Mujeres,Tasa de Desocupación (TD),Anual,8.547265994
2017,Boyacá,Mujeres,Tasa de Desocupación (TD),Anual,9.294172269
2018,Boyacá,Mujeres,Tasa de Desocupación (TD),Anual,9.875420406
2019,Boyacá,Mujeres,Tasa de Desocupación (TD),Anual,11.203590509
2020,Boyacá,Mujeres,Tasa de Desocupación (TD),Anual,16.02866536
2021,Boyacá,Mujeres,Tasa de Desocupación (TD),Anual,13.813915666
2022,Boyacá,Mujeres,Tasa de Desocupación (TD),Anual,13.60568118
2023,Boyacá,Mujeres,Tasa de Desocupación (TD),Anual,12.844343361
2024,Boyacá,Mujeres,Tasa de Desocupación (TD),Anual,9.708576186
2025,Boyacá,Mujeres,Tasa de Desocupación (TD),Anual,9.814872898
2007,Boyacá,Mujeres,Tasa de Subocupación (TS),Anual,6.789515671
2008,Boyacá,Mujeres,Tasa de Subocupación (TS),Anual,5.575489448
2009,Boyacá,Mujeres,Tasa de Subocupación (TS),Anual,5.796356172
2010,Boyacá,Mujeres,Tasa de Subocupación (TS),Anual,8.065738474
2011,Boyacá,Mujeres,Tasa de Subocupación (TS),Anual,7.163391334
2012,Boyacá,Mujeres,Tasa de Subocupación (TS),Anual,8.140336357
2013,Boyacá,Mujeres,Tasa de Subocupación (TS),Anual,8.084376305
2014,Boyacá,Mujeres,Tasa de Subocupación (TS),Anual,5.869988412
2015,Boyacá,Mujeres,Tasa de Subocupación (TS),Anual,6.321012764
2016,Boyacá,Mujeres,Tasa de Subocupación (TS),Anual,7.199023425
2017,Boyacá,Mujeres,Tasa de Subocupación (TS),Anual,7.317396743
2018,Boyacá,Mujeres,Tasa de Subocupación (TS),Anual,7.797456051
2019,Boyacá,Mujeres,Tasa de Subocupación (TS),Anual,7.476868013
2020,Boyacá,Mujeres,Tasa de Subocupación (TS),Anual,0.0
2021,Boyacá,Mujeres,Tasa de Subocupación (TS),Anual,6.520308103
2022,Boyacá,Mujeres,Tasa de Subocupación (TS),Anual,8.132540476
2023,Boyacá,Mujeres,Tasa de Subocupación (TS),Anual,8.840951616
2024,Boyacá,Mujeres,Tasa de Subocupación (TS),Anual,8.872193773
2025,Boyacá,Mujeres,Tasa de Subocupación (TS),Anual,5.877426373
2007,Boyacá,Mujeres,Población total,Anual,586.826
2008,Boyacá,Mujeres,Población total,Anual,588.778
2009,Boyacá,Mujeres,Población total,Anual,590.902
2010,Boyacá,Mujeres,Población total,Anual,593.189
2011,Boyacá,Mujeres,Población total,Anual,595.554
2012,Boyacá,Mujeres,Población total,Anual,597.9
2013,Boyacá,Mujeres,Población total,Anual,600.335
2014,Boyacá,Mujeres,Población total,Anual,602.929
2015,Boyacá,Mujeres,Población total,Anual,605.724
2016,Boyacá,Mujeres,Población total,Anual,609.017
2017,Boyacá,Mujeres,Población total,Anual,612.8
2018,Boyacá,Mujeres,Población total,Anual,617.879
2019,Boyacá,Mujeres,Población total,Anual,624.564
2020,Boyacá,Mujeres,Población total,Anual,630.496
2021,Boyacá,Mujeres,Población total,Anual,635.085
2022,Boyacá,Mujeres,Población total,Anual,639.08
2023,Boyacá,Mujeres,Población total,Anual,643.032
2024,Boyacá,Mujeres,Población total,Anual,647.089
2025,Boyacá,Mujeres,Población total,Anual,651.357
2007,Boyacá,Mujeres,Población en edad de trabajar (PET),Anual,433.54
2008,Boyacá,Mujeres,Población en edad de trabajar (PET),Anual,437.659
2009,Boyacá,Mujeres,Población en edad de trabajar (PET),Anual,441.919
2010,Boyacá,Mujeres,Población en edad de trabajar (PET),Anual,446.224
2011,Boyacá,Mujeres,Población en edad de trabajar (PET),Anual,450.427
2012,Boyacá,Mujeres,Población en edad de trabajar (PET),Anual,454.499
2013,Boyacá,Mujeres,Población en edad de trabajar (PET),Anual,458.469
2014,Boyacá,Mujeres,Población en edad de trabajar (PET),Anual,462.375
2015,Boyacá,Mujeres,Población en edad de trabajar (PET),Anual,466.225
2016,Boyacá,Mujeres,Población en edad de trabajar (PET),Anual,470.293
2017,Boyacá,Mujeres,Población en edad de trabajar (PET),Anual,474.6
2018,Boyacá,Mujeres,Población en edad de trabajar (PET),Anual,479.677
2019,Boyacá,Mujeres,Población en edad de trabajar (PET),Anual,485.619
2020,Boyacá,Mujeres,Población en edad de trabajar (PET),Anual,491.074
2021,Boyacá,Mujeres,Población en edad de trabajar (PET),Anual,495.597
2022,Boyacá,Mujeres,Población en edad de trabajar (PET),Anual,499.766
2023,Boyacá,Mujeres,Población en edad de trabajar (PET),Anual,503.95
2024,Boyacá,Mujeres,Población en edad de trabajar (PET),Anual,508.554
2025,Boyacá,Mujeres,Población en edad de trabajar (PET),Anual,513.391
2007,Boyacá,Mujeres,Fuerza de trabajo,Anual,217.331141
2008,Boyacá,Mujeres,Fuerza de trabajo,Anual,244.057255
2009,Boyacá,Mujeres,Fuerza de trabajo,Anual,212.80710200000001
2010,Boyacá,Mujeres,Fuerza de trabajo,Anual,218.393554
2011,Boyacá,Mujeres,Fuerza de trabajo,Anual,233.084375
2012,Boyacá,Mujeres,Fuerza de trabajo,Anual,239.198379
2013,Boyacá,Mujeres,Fuerza de trabajo,Anual,234.757979
2014,Boyacá,Mujeres,Fuerza de trabajo,Anual,252.44067900000002
2015,Boyacá,Mujeres,Fuerza de trabajo,Anual,270.360606
2016,Boyacá,Mujeres,Fuerza de trabajo,Anual,246.055439
2017,Boyacá,Mujeres,Fuerza de trabajo,Anual,251.964652
2018,Boyacá,Mujeres,Fuerza de trabajo,Anual,255.31855900000002
2019,Boyacá,Mujeres,Fuerza de trabajo,Anual,232.397447
2020,Boyacá,Mujeres,Fuerza de trabajo,Anual,198.13552299999998
2021,Boyacá,Mujeres,Fuerza de trabajo,Anual,193.314
2022,Boyacá,Mujeres,Fuerza de trabajo,Anual,247.35
2023,Boyacá,Mujeres,Fuerza de trabajo,Anual,243.67
2024,Boyacá,Mujeres,Fuerza de trabajo,Anual,237.053
2025,Boyacá,Mujeres,Fuerza de trabajo,Anual,226.849
2007,Boyacá,Mujeres,Población ocupada,Anual,186.062299
2008,Boyacá,Mujeres,Población ocupada,Anual,222.14256
2009,Boyacá,Mujeres,Población ocupada,Anual,188.04712700000002
2010,Boyacá,Mujeres,Población ocupada,Anual,191.934949
2011,Boyacá,Mujeres,Población ocupada,Anual,209.84204699999998
2012,Boyacá,Mujeres,Población ocupada,Anual,217.98573000000002
2013,Boyacá,Mujeres,Población ocupada,Anual,211.506858
2014,Boyacá,Mujeres,Población ocupada,Anual,229.513242
2015,Boyacá,Mujeres,Población ocupada,Anual,250.456975
2016,Boyacá,Mujeres,Población ocupada,Anual,225.024427
2017,Boyacá,Mujeres,Población ocupada,Anual,228.54662299999998
2018,Boyacá,Mujeres,Población ocupada,Anual,230.10477799999998
2019,Boyacá,Mujeres,Población ocupada,Anual,206.360589
2020,Boyacá,Mujeres,Población ocupada,Anual,166.37704300000001
2021,Boyacá,Mujeres,Población ocupada,Anual,166.609
2022,Boyacá,Mujeres,Población ocupada,Anual,213.696
2023,Boyacá,Mujeres,Población ocupada,Anual,212.372
2024,Boyacá,Mujeres,Población ocupada,Anual,214.038
2025,Boyacá,Mujeres,Población ocupada,Anual,204.584
2007,Boyacá,Mujeres,Población desocupada,Anual,31.268842
2008,Boyacá,Mujeres,Población desocupada,Anual,21.914696
2009,Boyacá,Mujeres,Población desocupada,Anual,24.759974999999997
2010,Boyacá,Mujeres,Población desocupada,Anual,26.458605
2011,Boyacá,Mujeres,Población desocupada,Anual,23.242328
2012,Boyacá,Mujeres,Población desocupada,Anual,21.212649000000003
2013,Boyacá,Mujeres,Población desocupada,Anual,23.251122
2014,Boyacá,Mujeres,Población desocupada,Anual,22.927437
2015,Boyacá,Mujeres,Población desocupada,Anual,19.903631
2016,Boyacá,Mujeres,Población desocupada,Anual,21.031012999999998
2017,Boyacá,Mujeres,Población desocupada,Anual,23.418028999999997
2018,Boyacá,Mujeres,Población desocupada,Anual,25.213780999999997
2019,Boyacá,Mujeres,Población desocupada,Anual,26.036858
2020,Boyacá,Mujeres,Población desocupada,Anual,31.75848
2021,Boyacá,Mujeres,Población desocupada,Anual,26.704
2022,Boyacá,Mujeres,Población desocupada,Anual,33.654
2023,Boyacá,Mujeres,Población desocupada,Anual,31.298
2024,Boyacá,Mujeres,Población desocupada,Anual,23.014
2025,Boyacá,Mujeres,Población desocupada,Anual,22.265
2007,Boyacá,Mujeres,Población fuera de la fuerza de trabajo,Anual,216.208859
2008,Boyacá,Mujeres,Población fuera de la fuerza de trabajo,Anual,193.601745
2009,Boyacá,Mujeres,Población fuera de la fuerza de trabajo,Anual,229.111898
2010,Boyacá,Mujeres,Población fuera de la fuerza de trabajo,Anual,227.830446
2011,Boyacá,Mujeres,Población fuera de la fuerza de trabajo,Anual,217.342625
2012,Boyacá,Mujeres,Población fuera de la fuerza de trabajo,Anual,215.300621
2013,Boyacá,Mujeres,Población fuera de la fuerza de trabajo,Anual,223.71102100000002
2014,Boyacá,Mujeres,Población fuera de la fuerza de trabajo,Anual,209.93432099999998
2015,Boyacá,Mujeres,Población fuera de la fuerza de trabajo,Anual,195.864394
2016,Boyacá,Mujeres,Población fuera de la fuerza de trabajo,Anual,224.237561
2017,Boyacá,Mujeres,Población fuera de la fuerza de trabajo,Anual,222.635348
2018,Boyacá,Mujeres,Población fuera de la fuerza de trabajo,Anual,224.358441
2019,Boyacá,Mujeres,Población fuera de la fuerza de trabajo,Anual,253.22155300000003
2020,Boyacá,Mujeres,Población fuera de la fuerza de trabajo,Anual,292.93847700000003
2021,Boyacá,Mujeres,Población fuera de la fuerza de trabajo,Anual,302.284
2022,Boyacá,Mujeres,Población fuera de la fuerza de trabajo,Anual,252.416
2023,Boyacá,Mujeres,Población fuera de la fuerza de trabajo,Anual,260.281
2024,Boyacá,Mujeres,Población fuera de la fuerza de trabajo,Anual,271.501
2025,Boyacá,Mujeres,Población fuera de la fuerza de trabajo,Anual,286.542
2007,Boyacá,Mujeres,Población subocupada,Anual,14.755732
2008,Boyacá,Mujeres,Población subocupada,Anual,13.607387000000001
2009,Boyacá,Mujeres,Población subocupada,Anual,12.335058
2010,Boyacá,Mujeres,Población subocupada,Anual,17.615053
2011,Boyacá,Mujeres,Población subocupada,Anual,16.696745999999997
2012,Boyacá,Mujeres,Población subocupada,Anual,19.471553
2013,Boyacá,Mujeres,Población subocupada,Anual,18.978718
2014,Boyacá,Mujeres,Población subocupada,Anual,14.818239
2015,Boyacá,Mujeres,Población subocupada,Anual,17.089527999999998
2016,Boyacá,Mujeres,Población subocupada,Anual,17.713589
2017,Boyacá,Mujeres,Población subocupada,Anual,18.437253000000002
2018,Boyacá,Mujeres,Población subocupada,Anual,19.908352
2019,Boyacá,Mujeres,Población subocupada,Anual,17.37605
2020,Boyacá,Mujeres,Población subocupada,Anual,0.0
2021,Boyacá,Mujeres,Población subocupada,Anual,12.605
2022,Boyacá,Mujeres,Población subocupada,Anual,20.116
2023,Boyacá,Mujeres,Población subocupada,Anual,21.543
2024,Boyacá,Mujeres,Población subocupada,Anual,21.032
2025,Boyacá,Mujeres,Población subocupada,Anual,13.333
2007,Boyacá,Mujeres,Fuerza de trabajo potencial,Anual,0.0
2008,Boyacá,Mujeres,Fuerza de trabajo potencial,Anual,0.0
2009,Boyacá,Mujeres,Fuerza de trabajo potencial,Anual,0.0
2010,Boyacá,Mujeres,Fuerza de trabajo potencial,Anual,0.0
2011,Boyacá,Mujeres,Fuerza de trabajo potencial,Anual,0.0
2012,Boyacá,Mujeres,Fuerza de trabajo potencial,Anual,0.0
2013,Boyacá,Mujeres,Fuerza de trabajo potencial,Anual,0.0
2014,Boyacá,Mujeres,Fuerza de trabajo potencial,Anual,0.0
2015,Boyacá,Mujeres,Fuerza de trabajo potencial,Anual,0.0
2016,Boyacá,Mujeres,Fuerza de trabajo potencial,Anual,0.0
2017,Boyacá,Mujeres,Fuerza de trabajo potencial,Anual,0.0
2018,Boyacá,Mujeres,Fuerza de trabajo potencial,Anual,0.0
2019,Boyacá,Mujeres,Fuerza de trabajo potencial,Anual,0.0
2020,Boyacá,Mujeres,Fuerza de trabajo potencial,Anual,0.0
2021,Boyacá,Mujeres,Fuerza de trabajo potencial,Anual,24.377
2022,Boyacá,Mujeres,Fuerza de trabajo potencial,Anual,43.157
2023,Boyacá,Mujeres,Fuerza de trabajo potencial,Anual,42.122
2024,Boyacá,Mujeres,Fuerza de trabajo potencial,Anual,24.187
2025,Boyacá,Mujeres,Fuerza de trabajo potencial,Anual,17.912
2007,Caldas,Mujeres,% población en edad de trabajar,Anual,76.44320023
2008,Caldas,Mujeres,% población en edad de trabajar,Anual,77.042162623
2009,Caldas,Mujeres,% población en edad de trabajar,Anual,77.624929815
2010,Caldas,Mujeres,% población en edad de trabajar,Anual,78.18526859
2011,Caldas,Mujeres,% población en edad de trabajar,Anual,78.716222236
2012,Caldas,Mujeres,% población en edad de trabajar,Anual,79.214675861
2013,Caldas,Mujeres,% población en edad de trabajar,Anual,79.680630263
2014,Caldas,Mujeres,% población en edad de trabajar,Anual,80.116233512
2015,Caldas,Mujeres,% población en edad de trabajar,Anual,80.516253901
2016,Caldas,Mujeres,% población en edad de trabajar,Anual,80.867734031
2017,Caldas,Mujeres,% población en edad de trabajar,Anual,81.172124292
2018,Caldas,Mujeres,% población en edad de trabajar,Anual,81.401041798
2019,Caldas,Mujeres,% población en edad de trabajar,Anual,81.512272063
2020,Caldas,Mujeres,% población en edad de trabajar,Anual,81.613132824
2021,Caldas,Mujeres,% población en edad de trabajar,Anual,81.73850372
2022,Caldas,Mujeres,% población en edad de trabajar,Anual,81.85218386
2023,Caldas,Mujeres,% población en edad de trabajar,Anual,81.96466494
2024,Caldas,Mujeres,% población en edad de trabajar,Anual,82.250062445
2025,Caldas,Mujeres,% población en edad de trabajar,Anual,82.415777108
2007,Caldas,Mujeres,Tasa Global de Participación (TGP),Anual,40.886270872
2008,Caldas,Mujeres,Tasa Global de Participación (TGP),Anual,40.624554948
2009,Caldas,Mujeres,Tasa Global de Participación (TGP),Anual,42.064242868
2010,Caldas,Mujeres,Tasa Global de Participación (TGP),Anual,43.894191024
2011,Caldas,Mujeres,Tasa Global de Participación (TGP),Anual,40.216229426
2012,Caldas,Mujeres,Tasa Global de Participación (TGP),Anual,41.63306126
2013,Caldas,Mujeres,Tasa Global de Participación (TGP),Anual,41.086595468
2014,Caldas,Mujeres,Tasa Global de Participación (TGP),Anual,41.850114998
2015,Caldas,Mujeres,Tasa Global de Participación (TGP),Anual,43.225710105
2016,Caldas,Mujeres,Tasa Global de Participación (TGP),Anual,41.921208223
2017,Caldas,Mujeres,Tasa Global de Participación (TGP),Anual,42.819678898
2018,Caldas,Mujeres,Tasa Global de Participación (TGP),Anual,43.734750224
2019,Caldas,Mujeres,Tasa Global de Participación (TGP),Anual,42.382922986
2020,Caldas,Mujeres,Tasa Global de Participación (TGP),Anual,42.2177651
2021,Caldas,Mujeres,Tasa Global de Participación (TGP),Anual,40.362026912
2022,Caldas,Mujeres,Tasa Global de Participación (TGP),Anual,44.188376387
2023,Caldas,Mujeres,Tasa Global de Participación (TGP),Anual,43.038259052
2024,Caldas,Mujeres,Tasa Global de Participación (TGP),Anual,42.881166361
2025,Caldas,Mujeres,Tasa Global de Participación (TGP),Anual,46.247551472
2007,Caldas,Mujeres,Tasa de Ocupación (TO),Anual,34.015382887
2008,Caldas,Mujeres,Tasa de Ocupación (TO),Anual,34.263679513
2009,Caldas,Mujeres,Tasa de Ocupación (TO),Anual,34.929769
2010,Caldas,Mujeres,Tasa de Ocupación (TO),Anual,35.729342586
2011,Caldas,Mujeres,Tasa de Ocupación (TO),Anual,34.26625784
2012,Caldas,Mujeres,Tasa de Ocupación (TO),Anual,36.426822494
2013,Caldas,Mujeres,Tasa de Ocupación (TO),Anual,35.616187947
2014,Caldas,Mujeres,Tasa de Ocupación (TO),Anual,36.992628144
2015,Caldas,Mujeres,Tasa de Ocupación (TO),Anual,38.28929356
2016,Caldas,Mujeres,Tasa de Ocupación (TO),Anual,36.891646033
2017,Caldas,Mujeres,Tasa de Ocupación (TO),Anual,37.368677251
2018,Caldas,Mujeres,Tasa de Ocupación (TO),Anual,37.478827981
2019,Caldas,Mujeres,Tasa de Ocupación (TO),Anual,36.016395877
2020,Caldas,Mujeres,Tasa de Ocupación (TO),Anual,32.070828549
2021,Caldas,Mujeres,Tasa de Ocupación (TO),Anual,33.892361018
2022,Caldas,Mujeres,Tasa de Ocupación (TO),Anual,37.318992613
2023,Caldas,Mujeres,Tasa de Ocupación (TO),Anual,38.090436037
2024,Caldas,Mujeres,Tasa de Ocupación (TO),Anual,38.01009074
2025,Caldas,Mujeres,Tasa de Ocupación (TO),Anual,41.13269738
2007,Caldas,Mujeres,Tasa de Desocupación (TD),Anual,16.804878114
2008,Caldas,Mujeres,Tasa de Desocupación (TD),Anual,15.657711064
2009,Caldas,Mujeres,Tasa de Desocupación (TD),Anual,16.960899285
2010,Caldas,Mujeres,Tasa de Desocupación (TD),Anual,18.60120496
2011,Caldas,Mujeres,Tasa de Desocupación (TD),Anual,14.794951368
2012,Caldas,Mujeres,Tasa de Desocupación (TD),Anual,12.50505874
2013,Caldas,Mujeres,Tasa de Desocupación (TD),Anual,13.314336363
2014,Caldas,Mujeres,Tasa de Desocupación (TD),Anual,11.606866206
2015,Caldas,Mujeres,Tasa de Desocupación (TD),Anual,11.420093581
2016,Caldas,Mujeres,Tasa de Desocupación (TD),Anual,11.99765561
2017,Caldas,Mujeres,Tasa de Desocupación (TD),Anual,12.730132004
2018,Caldas,Mujeres,Tasa de Desocupación (TD),Anual,14.304236817
2019,Caldas,Mujeres,Tasa de Desocupación (TD),Anual,15.021444159
2020,Caldas,Mujeres,Tasa de Desocupación (TD),Anual,24.034755338
2021,Caldas,Mujeres,Tasa de Desocupación (TD),Anual,16.029090679
2022,Caldas,Mujeres,Tasa de Desocupación (TD),Anual,15.545680415
2023,Caldas,Mujeres,Tasa de Desocupación (TD),Anual,11.496336339
2024,Caldas,Mujeres,Tasa de Desocupación (TD),Anual,11.359475579
2025,Caldas,Mujeres,Tasa de Desocupación (TD),Anual,11.059729497
2007,Caldas,Mujeres,Tasa de Subocupación (TS),Anual,7.453060986
2008,Caldas,Mujeres,Tasa de Subocupación (TS),Anual,6.920155081
2009,Caldas,Mujeres,Tasa de Subocupación (TS),Anual,8.164154448
2010,Caldas,Mujeres,Tasa de Subocupación (TS),Anual,10.116125362
2011,Caldas,Mujeres,Tasa de Subocupación (TS),Anual,9.172515095
2012,Caldas,Mujeres,Tasa de Subocupación (TS),Anual,6.548469753
2013,Caldas,Mujeres,Tasa de Subocupación (TS),Anual,6.366268742
2014,Caldas,Mujeres,Tasa de Subocupación (TS),Anual,6.221236662
2015,Caldas,Mujeres,Tasa de Subocupación (TS),Anual,5.300727051
2016,Caldas,Mujeres,Tasa de Subocupación (TS),Anual,5.041881715
2017,Caldas,Mujeres,Tasa de Subocupación (TS),Anual,6.331470953
2018,Caldas,Mujeres,Tasa de Subocupación (TS),Anual,5.745672135
2019,Caldas,Mujeres,Tasa de Subocupación (TS),Anual,6.161528066
2020,Caldas,Mujeres,Tasa de Subocupación (TS),Anual,0.0
2021,Caldas,Mujeres,Tasa de Subocupación (TS),Anual,4.902977576
2022,Caldas,Mujeres,Tasa de Subocupación (TS),Anual,4.991774676
2023,Caldas,Mujeres,Tasa de Subocupación (TS),Anual,5.292037257
2024,Caldas,Mujeres,Tasa de Subocupación (TS),Anual,3.951973149
2025,Caldas,Mujeres,Tasa de Subocupación (TS),Anual,4.19833498
2007,Caldas,Mujeres,Población total,Anual,507.951
2008,Caldas,Mujeres,Población total,Anual,506.681
2009,Caldas,Mujeres,Población total,Anual,505.804
2010,Caldas,Mujeres,Población total,Anual,505.342
2011,Caldas,Mujeres,Población total,Anual,505.103
2012,Caldas,Mujeres,Población total,Anual,504.938
2013,Caldas,Mujeres,Población total,Anual,504.932
2014,Caldas,Mujeres,Población total,Anual,505.362
2015,Caldas,Mujeres,Población total,Anual,506.34
2016,Caldas,Mujeres,Población total,Anual,508.105
2017,Caldas,Mujeres,Población total,Anual,510.509
2018,Caldas,Mujeres,Población total,Anual,514.303
2019,Caldas,Mujeres,Población total,Anual,519.88
2020,Caldas,Mujeres,Población total,Anual,525.462
2021,Caldas,Mujeres,Población total,Anual,530.487
2022,Caldas,Mujeres,Población total,Anual,535.463
2023,Caldas,Mujeres,Población total,Anual,540.889
2024,Caldas,Mujeres,Población total,Anual,546.146
2025,Caldas,Mujeres,Población total,Anual,551.335
2007,Caldas,Mujeres,Población en edad de trabajar (PET),Anual,388.294
2008,Caldas,Mujeres,Población en edad de trabajar (PET),Anual,390.358
2009,Caldas,Mujeres,Población en edad de trabajar (PET),Anual,392.63
2010,Caldas,Mujeres,Población en edad de trabajar (PET),Anual,395.103
2011,Caldas,Mujeres,Población en edad de trabajar (PET),Anual,397.598
2012,Caldas,Mujeres,Población en edad de trabajar (PET),Anual,399.985
2013,Caldas,Mujeres,Población en edad de trabajar (PET),Anual,402.333
2014,Caldas,Mujeres,Población en edad de trabajar (PET),Anual,404.877
2015,Caldas,Mujeres,Población en edad de trabajar (PET),Anual,407.686
2016,Caldas,Mujeres,Población en edad de trabajar (PET),Anual,410.893
2017,Caldas,Mujeres,Población en edad de trabajar (PET),Anual,414.391
2018,Caldas,Mujeres,Población en edad de trabajar (PET),Anual,418.648
2019,Caldas,Mujeres,Población en edad de trabajar (PET),Anual,423.766
2020,Caldas,Mujeres,Población en edad de trabajar (PET),Anual,428.846
2021,Caldas,Mujeres,Población en edad de trabajar (PET),Anual,433.612
2022,Caldas,Mujeres,Población en edad de trabajar (PET),Anual,438.288
2023,Caldas,Mujeres,Población en edad de trabajar (PET),Anual,443.338
2024,Caldas,Mujeres,Población en edad de trabajar (PET),Anual,449.205
2025,Caldas,Mujeres,Población en edad de trabajar (PET),Anual,454.387
2007,Caldas,Mujeres,Fuerza de trabajo,Anual,158.758937
2008,Caldas,Mujeres,Fuerza de trabajo,Anual,158.58120000000002
2009,Caldas,Mujeres,Fuerza de trabajo,Anual,165.156837
2010,Caldas,Mujeres,Fuerza de trabajo,Anual,173.427266
2011,Caldas,Mujeres,Fuerza de trabajo,Anual,159.898924
2012,Caldas,Mujeres,Fuerza de trabajo,Anual,166.526
2013,Caldas,Mujeres,Fuerza de trabajo,Anual,165.304932
2014,Caldas,Mujeres,Fuerza de trabajo,Anual,169.44149
2015,Caldas,Mujeres,Fuerza de trabajo,Anual,176.225168
2016,Caldas,Mujeres,Fuerza de trabajo,Anual,172.25131
2017,Caldas,Mujeres,Fuerza de trabajo,Anual,177.440896
2018,Caldas,Mujeres,Fuerza de trabajo,Anual,183.094657
2019,Caldas,Mujeres,Fuerza de trabajo,Anual,179.60441699999998
2020,Caldas,Mujeres,Fuerza de trabajo,Anual,181.049197
2021,Caldas,Mujeres,Fuerza de trabajo,Anual,175.015
2022,Caldas,Mujeres,Fuerza de trabajo,Anual,193.672
2023,Caldas,Mujeres,Fuerza de trabajo,Anual,190.805
2024,Caldas,Mujeres,Fuerza de trabajo,Anual,192.624
2025,Caldas,Mujeres,Fuerza de trabajo,Anual,210.143
2007,Caldas,Mujeres,Población ocupada,Anual,132.079691
2008,Caldas,Mujeres,Población ocupada,Anual,133.751014
2009,Caldas,Mujeres,Población ocupada,Anual,137.144752
2010,Caldas,Mujeres,Población ocupada,Anual,141.167704
2011,Caldas,Mujeres,Población ocupada,Anual,136.24195600000002
2012,Caldas,Mujeres,Población ocupada,Anual,145.701826
2013,Caldas,Mujeres,Población ocupada,Anual,143.29567699999998
2014,Caldas,Mujeres,Población ocupada,Anual,149.774643
2015,Caldas,Mujeres,Población ocupada,Anual,156.100089
2016,Caldas,Mujeres,Población ocupada,Anual,151.58519099999998
2017,Caldas,Mujeres,Población ocupada,Anual,154.85243499999999
2018,Caldas,Mujeres,Población ocupada,Anual,156.90436400000002
2019,Caldas,Mujeres,Población ocupada,Anual,152.62524
2020,Caldas,Mujeres,Población ocupada,Anual,137.53446499999998
2021,Caldas,Mujeres,Población ocupada,Anual,146.961
2022,Caldas,Mujeres,Población ocupada,Anual,163.565
2023,Caldas,Mujeres,Población ocupada,Anual,168.869
2024,Caldas,Mujeres,Población ocupada,Anual,170.743
2025,Caldas,Mujeres,Población ocupada,Anual,186.902
2007,Caldas,Mujeres,Población desocupada,Anual,26.679246
2008,Caldas,Mujeres,Población desocupada,Anual,24.830186
2009,Caldas,Mujeres,Población desocupada,Anual,28.012085
2010,Caldas,Mujeres,Población desocupada,Anual,32.259561000000005
2011,Caldas,Mujeres,Población desocupada,Anual,23.656968
2012,Caldas,Mujeres,Población desocupada,Anual,20.824174
2013,Caldas,Mujeres,Población desocupada,Anual,22.009255
2014,Caldas,Mujeres,Población desocupada,Anual,19.666847
2015,Caldas,Mujeres,Población desocupada,Anual,20.125079000000003
2016,Caldas,Mujeres,Población desocupada,Anual,20.666119
2017,Caldas,Mujeres,Población desocupada,Anual,22.588459999999998
2018,Caldas,Mujeres,Población desocupada,Anual,26.190293
2019,Caldas,Mujeres,Población desocupada,Anual,26.979177
2020,Caldas,Mujeres,Población desocupada,Anual,43.514732
2021,Caldas,Mujeres,Población desocupada,Anual,28.053
2022,Caldas,Mujeres,Población desocupada,Anual,30.108
2023,Caldas,Mujeres,Población desocupada,Anual,21.936
2024,Caldas,Mujeres,Población desocupada,Anual,21.881
2025,Caldas,Mujeres,Población desocupada,Anual,23.241
2007,Caldas,Mujeres,Población fuera de la fuerza de trabajo,Anual,229.535063
2008,Caldas,Mujeres,Población fuera de la fuerza de trabajo,Anual,231.77679999999998
2009,Caldas,Mujeres,Población fuera de la fuerza de trabajo,Anual,227.473163
2010,Caldas,Mujeres,Población fuera de la fuerza de trabajo,Anual,221.675734
2011,Caldas,Mujeres,Población fuera de la fuerza de trabajo,Anual,237.699076
2012,Caldas,Mujeres,Población fuera de la fuerza de trabajo,Anual,233.459
2013,Caldas,Mujeres,Población fuera de la fuerza de trabajo,Anual,237.028068
2014,Caldas,Mujeres,Población fuera de la fuerza de trabajo,Anual,235.43551000000002
2015,Caldas,Mujeres,Población fuera de la fuerza de trabajo,Anual,231.46083199999998
2016,Caldas,Mujeres,Población fuera de la fuerza de trabajo,Anual,238.64169
2017,Caldas,Mujeres,Población fuera de la fuerza de trabajo,Anual,236.95010399999998
2018,Caldas,Mujeres,Población fuera de la fuerza de trabajo,Anual,235.55334299999998
2019,Caldas,Mujeres,Población fuera de la fuerza de trabajo,Anual,244.161583
2020,Caldas,Mujeres,Población fuera de la fuerza de trabajo,Anual,247.796803
2021,Caldas,Mujeres,Población fuera de la fuerza de trabajo,Anual,258.597
2022,Caldas,Mujeres,Población fuera de la fuerza de trabajo,Anual,244.616
2023,Caldas,Mujeres,Población fuera de la fuerza de trabajo,Anual,252.533
2024,Caldas,Mujeres,Población fuera de la fuerza de trabajo,Anual,256.581
2025,Caldas,Mujeres,Población fuera de la fuerza de trabajo,Anual,244.244
2007,Caldas,Mujeres,Población subocupada,Anual,11.8324
2008,Caldas,Mujeres,Población subocupada,Anual,10.974065000000001
2009,Caldas,Mujeres,Población subocupada,Anual,13.483659
2010,Caldas,Mujeres,Población subocupada,Anual,17.54412
2011,Caldas,Mujeres,Población subocupada,Anual,14.666753
2012,Caldas,Mujeres,Población subocupada,Anual,10.904905000000001
2013,Caldas,Mujeres,Población subocupada,Anual,10.523755999999999
2014,Caldas,Mujeres,Población subocupada,Anual,10.541356
2015,Caldas,Mujeres,Población subocupada,Anual,9.341215
2016,Caldas,Mujeres,Población subocupada,Anual,8.684707
2017,Caldas,Mujeres,Población subocupada,Anual,11.234619
2018,Caldas,Mujeres,Población subocupada,Anual,10.520019
2019,Caldas,Mujeres,Población subocupada,Anual,11.066377000000001
2020,Caldas,Mujeres,Población subocupada,Anual,0.0
2021,Caldas,Mujeres,Población subocupada,Anual,8.581
2022,Caldas,Mujeres,Población subocupada,Anual,9.668
2023,Caldas,Mujeres,Población subocupada,Anual,10.097
2024,Caldas,Mujeres,Población subocupada,Anual,7.612
2025,Caldas,Mujeres,Población subocupada,Anual,8.822
2007,Caldas,Mujeres,Fuerza de trabajo potencial,Anual,0.0
2008,Caldas,Mujeres,Fuerza de trabajo potencial,Anual,0.0
2009,Caldas,Mujeres,Fuerza de trabajo potencial,Anual,0.0
2010,Caldas,Mujeres,Fuerza de trabajo potencial,Anual,0.0
2011,Caldas,Mujeres,Fuerza de trabajo potencial,Anual,0.0
2012,Caldas,Mujeres,Fuerza de trabajo potencial,Anual,0.0
2013,Caldas,Mujeres,Fuerza de trabajo potencial,Anual,0.0
2014,Caldas,Mujeres,Fuerza de trabajo potencial,Anual,0.0
2015,Caldas,Mujeres,Fuerza de trabajo potencial,Anual,0.0
2016,Caldas,Mujeres,Fuerza de trabajo potencial,Anual,0.0
2017,Caldas,Mujeres,Fuerza de trabajo potencial,Anual,0.0
2018,Caldas,Mujeres,Fuerza de trabajo potencial,Anual,0.0
2019,Caldas,Mujeres,Fuerza de trabajo potencial,Anual,0.0
2020,Caldas,Mujeres,Fuerza de trabajo potencial,Anual,0.0
2021,Caldas,Mujeres,Fuerza de trabajo potencial,Anual,21.524
2022,Caldas,Mujeres,Fuerza de trabajo potencial,Anual,24.656
2023,Caldas,Mujeres,Fuerza de trabajo potencial,Anual,24.054
2024,Caldas,Mujeres,Fuerza de trabajo potencial,Anual,19.536
2025,Caldas,Mujeres,Fuerza de trabajo potencial,Anual,28.004
2007,Caquetá,Mujeres,% población en edad de trabajar,Anual,64.551813112
2008,Caquetá,Mujeres,% población en edad de trabajar,Anual,65.052772126
2009,Caquetá,Mujeres,% población en edad de trabajar,Anual,65.541013825
2010,Caquetá,Mujeres,% población en edad de trabajar,Anual,66.019234494
2011,Caquetá,Mujeres,% población en edad de trabajar,Anual,66.484457564
2012,Caquetá,Mujeres,% población en edad de trabajar,Anual,66.934777992
2013,Caquetá,Mujeres,% población en edad de trabajar,Anual,67.380624675
2014,Caquetá,Mujeres,% población en edad de trabajar,Anual,67.820085185
2015,Caquetá,Mujeres,% población en edad de trabajar,Anual,68.261007285
2016,Caquetá,Mujeres,% población en edad de trabajar,Anual,68.704821882
2017,Caquetá,Mujeres,% población en edad de trabajar,Anual,69.13346336
2018,Caquetá,Mujeres,% población en edad de trabajar,Anual,69.638428865
2019,Caquetá,Mujeres,% población en edad de trabajar,Anual,70.093150357
2020,Caquetá,Mujeres,% población en edad de trabajar,Anual,70.545730192
2021,Caquetá,Mujeres,% población en edad de trabajar,Anual,71.00599026
2022,Caquetá,Mujeres,% población en edad de trabajar,Anual,71.456199126
2023,Caquetá,Mujeres,% población en edad de trabajar,Anual,71.896156196
2024,Caquetá,Mujeres,% población en edad de trabajar,Anual,72.597409796
2025,Caquetá,Mujeres,% población en edad de trabajar,Anual,73.093758319
2007,Caquetá,Mujeres,Tasa Global de Participación (TGP),Anual,38.884225458
2008,Caquetá,Mujeres,Tasa Global de Participación (TGP),Anual,35.921110811
2009,Caquetá,Mujeres,Tasa Global de Participación (TGP),Anual,37.899397347
2010,Caquetá,Mujeres,Tasa Global de Participación (TGP),Anual,39.197490511
2011,Caquetá,Mujeres,Tasa Global de Participación (TGP),Anual,38.82952548
2012,Caquetá,Mujeres,Tasa Global de Participación (TGP),Anual,39.18737192
2013,Caquetá,Mujeres,Tasa Global de Participación (TGP),Anual,35.459870344
2014,Caquetá,Mujeres,Tasa Global de Participación (TGP),Anual,40.138910189
2015,Caquetá,Mujeres,Tasa Global de Participación (TGP),Anual,41.368974518
2016,Caquetá,Mujeres,Tasa Global de Participación (TGP),Anual,46.039589638
2017,Caquetá,Mujeres,Tasa Global de Participación (TGP),Anual,43.533830663
2018,Caquetá,Mujeres,Tasa Global de Participación (TGP),Anual,43.480674976
2019,Caquetá,Mujeres,Tasa Global de Participación (TGP),Anual,43.0833501
2020,Caquetá,Mujeres,Tasa Global de Participación (TGP),Anual,42.638646795
2021,Caquetá,Mujeres,Tasa Global de Participación (TGP),Anual,39.37869638
2022,Caquetá,Mujeres,Tasa Global de Participación (TGP),Anual,46.030061607
2023,Caquetá,Mujeres,Tasa Global de Participación (TGP),Anual,43.623904907
2024,Caquetá,Mujeres,Tasa Global de Participación (TGP),Anual,44.678035471
2025,Caquetá,Mujeres,Tasa Global de Participación (TGP),Anual,40.999137302
2007,Caquetá,Mujeres,Tasa de Ocupación (TO),Anual,32.641389282
2008,Caquetá,Mujeres,Tasa de Ocupación (TO),Anual,30.974223602
2009,Caquetá,Mujeres,Tasa de Ocupación (TO),Anual,30.198691431
2010,Caquetá,Mujeres,Tasa de Ocupación (TO),Anual,32.281893404
2011,Caquetá,Mujeres,Tasa de Ocupación (TO),Anual,32.291149733
2012,Caquetá,Mujeres,Tasa de Ocupación (TO),Anual,33.250822667
2013,Caquetá,Mujeres,Tasa de Ocupación (TO),Anual,30.638121029
2014,Caquetá,Mujeres,Tasa de Ocupación (TO),Anual,34.898087187
2015,Caquetá,Mujeres,Tasa de Ocupación (TO),Anual,36.197894399
2016,Caquetá,Mujeres,Tasa de Ocupación (TO),Anual,40.204198952
2017,Caquetá,Mujeres,Tasa de Ocupación (TO),Anual,37.776766954
2018,Caquetá,Mujeres,Tasa de Ocupación (TO),Anual,37.198920774
2019,Caquetá,Mujeres,Tasa de Ocupación (TO),Anual,35.612249468
2020,Caquetá,Mujeres,Tasa de Ocupación (TO),Anual,31.800740112
2021,Caquetá,Mujeres,Tasa de Ocupación (TO),Anual,32.324186406
2022,Caquetá,Mujeres,Tasa de Ocupación (TO),Anual,39.023853777
2023,Caquetá,Mujeres,Tasa de Ocupación (TO),Anual,36.284203933
2024,Caquetá,Mujeres,Tasa de Ocupación (TO),Anual,36.210245006
2025,Caquetá,Mujeres,Tasa de Ocupación (TO),Anual,33.963121381
2007,Caquetá,Mujeres,Tasa de Desocupación (TD),Anual,16.054932566
2008,Caquetá,Mujeres,Tasa de Desocupación (TD),Anual,13.771531829
2009,Caquetá,Mujeres,Tasa de Desocupación (TD),Anual,20.318808358
2010,Caquetá,Mujeres,Tasa de Desocupación (TD),Anual,17.642958816
2011,Caquetá,Mujeres,Tasa de Desocupación (TD),Anual,16.838670228
2012,Caquetá,Mujeres,Tasa de Desocupación (TD),Anual,15.149138517
2013,Caquetá,Mujeres,Tasa de Desocupación (TD),Anual,13.597763522
2014,Caquetá,Mujeres,Tasa de Desocupación (TD),Anual,13.056714737
2015,Caquetá,Mujeres,Tasa de Desocupación (TD),Anual,12.499899208
2016,Caquetá,Mujeres,Tasa de Desocupación (TD),Anual,12.674723498
2017,Caquetá,Mujeres,Tasa de Desocupación (TD),Anual,13.224344427
2018,Caquetá,Mujeres,Tasa de Desocupación (TD),Anual,14.447232492
2019,Caquetá,Mujeres,Tasa de Desocupación (TD),Anual,17.341039206
2020,Caquetá,Mujeres,Tasa de Desocupación (TD),Anual,25.418036212
2021,Caquetá,Mujeres,Tasa de Desocupación (TD),Anual,17.914534058
2022,Caquetá,Mujeres,Tasa de Desocupación (TD),Anual,15.220939502
2023,Caquetá,Mujeres,Tasa de Desocupación (TD),Anual,16.824951801
2024,Caquetá,Mujeres,Tasa de Desocupación (TD),Anual,18.952915847
2025,Caquetá,Mujeres,Tasa de Desocupación (TD),Anual,17.161375541
2007,Caquetá,Mujeres,Tasa de Subocupación (TS),Anual,7.318948897
2008,Caquetá,Mujeres,Tasa de Subocupación (TS),Anual,6.544349316
2009,Caquetá,Mujeres,Tasa de Subocupación (TS),Anual,4.387450591
2010,Caquetá,Mujeres,Tasa de Subocupación (TS),Anual,5.392765268
2011,Caquetá,Mujeres,Tasa de Subocupación (TS),Anual,6.20366741
2012,Caquetá,Mujeres,Tasa de Subocupación (TS),Anual,6.238368287
2013,Caquetá,Mujeres,Tasa de Subocupación (TS),Anual,6.358022179
2014,Caquetá,Mujeres,Tasa de Subocupación (TS),Anual,7.996188726
2015,Caquetá,Mujeres,Tasa de Subocupación (TS),Anual,9.990819955
2016,Caquetá,Mujeres,Tasa de Subocupación (TS),Anual,9.173733407
2017,Caquetá,Mujeres,Tasa de Subocupación (TS),Anual,8.235943131
2018,Caquetá,Mujeres,Tasa de Subocupación (TS),Anual,6.493682884
2019,Caquetá,Mujeres,Tasa de Subocupación (TS),Anual,7.991978874
2020,Caquetá,Mujeres,Tasa de Subocupación (TS),Anual,0.0
2021,Caquetá,Mujeres,Tasa de Subocupación (TS),Anual,8.4295091
2022,Caquetá,Mujeres,Tasa de Subocupación (TS),Anual,8.89161813
2023,Caquetá,Mujeres,Tasa de Subocupación (TS),Anual,8.341687388
2024,Caquetá,Mujeres,Tasa de Subocupación (TS),Anual,9.970237865
2025,Caquetá,Mujeres,Tasa de Subocupación (TS),Anual,9.259658279
2007,Caquetá,Mujeres,Población total,Anual,187.578
2008,Caquetá,Mujeres,Población total,Anual,188.736
2009,Caquetá,Mujeres,Población total,Anual,189.875
2010,Caquetá,Mujeres,Población total,Anual,191.011
2011,Caquetá,Mujeres,Población total,Anual,192.087
2012,Caquetá,Mujeres,Población total,Anual,193.079
2013,Caquetá,Mujeres,Población total,Anual,193.989
2014,Caquetá,Mujeres,Población total,Anual,194.87
2015,Caquetá,Mujeres,Población total,Anual,195.734
2016,Caquetá,Mujeres,Población total,Anual,196.583
2017,Caquetá,Mujeres,Población total,Anual,197.395
2018,Caquetá,Mujeres,Población total,Anual,197.997
2019,Caquetá,Mujeres,Población total,Anual,200.536
2020,Caquetá,Mujeres,Población total,Anual,203.159
2021,Caquetá,Mujeres,Población total,Anual,205.737
2022,Caquetá,Mujeres,Población total,Anual,208.297
2023,Caquetá,Mujeres,Población total,Anual,210.907
2024,Caquetá,Mujeres,Población total,Anual,213.471
2025,Caquetá,Mujeres,Población total,Anual,216.008
2007,Caquetá,Mujeres,Población en edad de trabajar (PET),Anual,121.085
2008,Caquetá,Mujeres,Población en edad de trabajar (PET),Anual,122.778
2009,Caquetá,Mujeres,Población en edad de trabajar (PET),Anual,124.446
2010,Caquetá,Mujeres,Población en edad de trabajar (PET),Anual,126.104
2011,Caquetá,Mujeres,Población en edad de trabajar (PET),Anual,127.708
2012,Caquetá,Mujeres,Población en edad de trabajar (PET),Anual,129.237
2013,Caquetá,Mujeres,Población en edad de trabajar (PET),Anual,130.711
2014,Caquetá,Mujeres,Población en edad de trabajar (PET),Anual,132.161
2015,Caquetá,Mujeres,Población en edad de trabajar (PET),Anual,133.61
2016,Caquetá,Mujeres,Población en edad de trabajar (PET),Anual,135.062
2017,Caquetá,Mujeres,Población en edad de trabajar (PET),Anual,136.466
2018,Caquetá,Mujeres,Población en edad de trabajar (PET),Anual,137.882
2019,Caquetá,Mujeres,Población en edad de trabajar (PET),Anual,140.562
2020,Caquetá,Mujeres,Población en edad de trabajar (PET),Anual,143.32
2021,Caquetá,Mujeres,Población en edad de trabajar (PET),Anual,146.085
2022,Caquetá,Mujeres,Población en edad de trabajar (PET),Anual,148.841
2023,Caquetá,Mujeres,Población en edad de trabajar (PET),Anual,151.634
2024,Caquetá,Mujeres,Población en edad de trabajar (PET),Anual,154.974
2025,Caquetá,Mujeres,Población en edad de trabajar (PET),Anual,157.888
2007,Caquetá,Mujeres,Fuerza de trabajo,Anual,47.082964
2008,Caquetá,Mujeres,Fuerza de trabajo,Anual,44.103221
2009,Caquetá,Mujeres,Fuerza de trabajo,Anual,47.164284
2010,Caquetá,Mujeres,Fuerza de trabajo,Anual,49.429603
2011,Caquetá,Mujeres,Fuerza de trabajo,Anual,49.58841
2012,Caquetá,Mujeres,Fuerza de trabajo,Anual,50.644584
2013,Caquetá,Mujeres,Fuerza de trabajo,Anual,46.349951000000004
2014,Caquetá,Mujeres,Fuerza de trabajo,Anual,53.047985
2015,Caquetá,Mujeres,Fuerza de trabajo,Anual,55.273087
2016,Caquetá,Mujeres,Fuerza de trabajo,Anual,62.181991000000004
2017,Caquetá,Mujeres,Fuerza de trabajo,Anual,59.408877000000004
2018,Caquetá,Mujeres,Fuerza de trabajo,Anual,59.952023999999994
2019,Caquetá,Mujeres,Fuerza de trabajo,Anual,60.558819
2020,Caquetá,Mujeres,Fuerza de trabajo,Anual,61.109709
2021,Caquetá,Mujeres,Fuerza de trabajo,Anual,57.527
2022,Caquetá,Mujeres,Fuerza de trabajo,Anual,68.512
2023,Caquetá,Mujeres,Fuerza de trabajo,Anual,66.149
2024,Caquetá,Mujeres,Fuerza de trabajo,Anual,69.24
2025,Caquetá,Mujeres,Fuerza de trabajo,Anual,64.733
2007,Caquetá,Mujeres,Población ocupada,Anual,39.523826
2008,Caquetá,Mujeres,Población ocupada,Anual,38.029531999999996
2009,Caquetá,Mujeres,Población ocupada,Anual,37.581064
2010,Caquetá,Mujeres,Población ocupada,Anual,40.708759
2011,Caquetá,Mujeres,Población ocupada,Anual,41.238381999999994
2012,Caquetá,Mujeres,Población ocupada,Anual,42.972366
2013,Caquetá,Mujeres,Población ocupada,Anual,40.047394
2014,Caquetá,Mujeres,Población ocupada,Anual,46.121661
2015,Caquetá,Mujeres,Población ocupada,Anual,48.364007
2016,Caquetá,Mujeres,Población ocupada,Anual,54.300595
2017,Caquetá,Mujeres,Población ocupada,Anual,51.552443
2018,Caquetá,Mujeres,Población ocupada,Anual,51.290616
2019,Caquetá,Mujeres,Población ocupada,Anual,50.05729
2020,Caquetá,Mujeres,Población ocupada,Anual,45.576821
2021,Caquetá,Mujeres,Población ocupada,Anual,47.221
2022,Caquetá,Mujeres,Población ocupada,Anual,58.083
2023,Caquetá,Mujeres,Población ocupada,Anual,55.019
2024,Caquetá,Mujeres,Población ocupada,Anual,56.117
2025,Caquetá,Mujeres,Población ocupada,Anual,53.624
2007,Caquetá,Mujeres,Población desocupada,Anual,7.559138
2008,Caquetá,Mujeres,Población desocupada,Anual,6.073689
2009,Caquetá,Mujeres,Población desocupada,Anual,9.583219999999999
2010,Caquetá,Mujeres,Población desocupada,Anual,8.720844999999999
2011,Caquetá,Mujeres,Población desocupada,Anual,8.350029000000001
2012,Caquetá,Mujeres,Población desocupada,Anual,7.672218
2013,Caquetá,Mujeres,Población desocupada,Anual,6.302557
2014,Caquetá,Mujeres,Población desocupada,Anual,6.926323999999999
2015,Caquetá,Mujeres,Población desocupada,Anual,6.90908
2016,Caquetá,Mujeres,Población desocupada,Anual,7.881395
2017,Caquetá,Mujeres,Población desocupada,Anual,7.856435
2018,Caquetá,Mujeres,Población desocupada,Anual,8.661408
2019,Caquetá,Mujeres,Población desocupada,Anual,10.501528
2020,Caquetá,Mujeres,Población desocupada,Anual,15.532888000000002
2021,Caquetá,Mujeres,Población desocupada,Anual,10.306
2022,Caquetá,Mujeres,Población desocupada,Anual,10.428
2023,Caquetá,Mujeres,Población desocupada,Anual,11.129
2024,Caquetá,Mujeres,Población desocupada,Anual,13.123
2025,Caquetá,Mujeres,Población desocupada,Anual,11.109
2007,Caquetá,Mujeres,Población fuera de la fuerza de trabajo,Anual,74.00203599999999
2008,Caquetá,Mujeres,Población fuera de la fuerza de trabajo,Anual,78.674779
2009,Caquetá,Mujeres,Población fuera de la fuerza de trabajo,Anual,77.281716
2010,Caquetá,Mujeres,Población fuera de la fuerza de trabajo,Anual,76.674397
2011,Caquetá,Mujeres,Población fuera de la fuerza de trabajo,Anual,78.11959
2012,Caquetá,Mujeres,Población fuera de la fuerza de trabajo,Anual,78.592416
2013,Caquetá,Mujeres,Población fuera de la fuerza de trabajo,Anual,84.361049
2014,Caquetá,Mujeres,Población fuera de la fuerza de trabajo,Anual,79.113015
2015,Caquetá,Mujeres,Población fuera de la fuerza de trabajo,Anual,78.336913
2016,Caquetá,Mujeres,Población fuera de la fuerza de trabajo,Anual,72.880009
2017,Caquetá,Mujeres,Población fuera de la fuerza de trabajo,Anual,77.057123
2018,Caquetá,Mujeres,Población fuera de la fuerza de trabajo,Anual,77.929976
2019,Caquetá,Mujeres,Población fuera de la fuerza de trabajo,Anual,80.003181
2020,Caquetá,Mujeres,Población fuera de la fuerza de trabajo,Anual,82.210291
2021,Caquetá,Mujeres,Población fuera de la fuerza de trabajo,Anual,88.559
2022,Caquetá,Mujeres,Población fuera de la fuerza de trabajo,Anual,80.329
2023,Caquetá,Mujeres,Población fuera de la fuerza de trabajo,Anual,85.485
2024,Caquetá,Mujeres,Población fuera de la fuerza de trabajo,Anual,85.735
2025,Caquetá,Mujeres,Población fuera de la fuerza de trabajo,Anual,93.155
2007,Caquetá,Mujeres,Población subocupada,Anual,3.445978
2008,Caquetá,Mujeres,Población subocupada,Anual,2.886269
2009,Caquetá,Mujeres,Población subocupada,Anual,2.0693099999999998
2010,Caquetá,Mujeres,Población subocupada,Anual,2.665622
2011,Caquetá,Mujeres,Población subocupada,Anual,3.0763000000000003
2012,Caquetá,Mujeres,Población subocupada,Anual,3.159396
2013,Caquetá,Mujeres,Población subocupada,Anual,2.94694
2014,Caquetá,Mujeres,Población subocupada,Anual,4.241817
2015,Caquetá,Mujeres,Población subocupada,Anual,5.522234999999999
2016,Caquetá,Mujeres,Población subocupada,Anual,5.70441
2017,Caquetá,Mujeres,Población subocupada,Anual,4.892881
2018,Caquetá,Mujeres,Población subocupada,Anual,3.893094
2019,Caquetá,Mujeres,Población subocupada,Anual,4.839848
2020,Caquetá,Mujeres,Población subocupada,Anual,0.0
2021,Caquetá,Mujeres,Población subocupada,Anual,4.849
2022,Caquetá,Mujeres,Población subocupada,Anual,6.092
2023,Caquetá,Mujeres,Población subocupada,Anual,5.518
2024,Caquetá,Mujeres,Población subocupada,Anual,6.903
2025,Caquetá,Mujeres,Población subocupada,Anual,5.994
2007,Caquetá,Mujeres,Fuerza de trabajo potencial,Anual,0.0
2008,Caquetá,Mujeres,Fuerza de trabajo potencial,Anual,0.0
2009,Caquetá,Mujeres,Fuerza de trabajo potencial,Anual,0.0
2010,Caquetá,Mujeres,Fuerza de trabajo potencial,Anual,0.0
2011,Caquetá,Mujeres,Fuerza de trabajo potencial,Anual,0.0
2012,Caquetá,Mujeres,Fuerza de trabajo potencial,Anual,0.0
2013,Caquetá,Mujeres,Fuerza de trabajo potencial,Anual,0.0
2014,Caquetá,Mujeres,Fuerza de trabajo potencial,Anual,0.0
2015,Caquetá,Mujeres,Fuerza de trabajo potencial,Anual,0.0
2016,Caquetá,Mujeres,Fuerza de trabajo potencial,Anual,0.0
2017,Caquetá,Mujeres,Fuerza de trabajo potencial,Anual,0.0
2018,Caquetá,Mujeres,Fuerza de trabajo potencial,Anual,0.0
2019,Caquetá,Mujeres,Fuerza de trabajo potencial,Anual,0.0
2020,Caquetá,Mujeres,Fuerza de trabajo potencial,Anual,0.0
2021,Caquetá,Mujeres,Fuerza de trabajo potencial,Anual,4.257
2022,Caquetá,Mujeres,Fuerza de trabajo potencial,Anual,5.67
2023,Caquetá,Mujeres,Fuerza de trabajo potencial,Anual,6.687
2024,Caquetá,Mujeres,Fuerza de trabajo potencial,Anual,8.896
2025,Caquetá,Mujeres,Fuerza de trabajo potencial,Anual,4.697
2007,Cauca,Mujeres,% población en edad de trabajar,Anual,69.845169285
2008,Cauca,Mujeres,% población en edad de trabajar,Anual,70.296598525
2009,Cauca,Mujeres,% población en edad de trabajar,Anual,70.908631667
2010,Cauca,Mujeres,% población en edad de trabajar,Anual,71.523371575
2011,Cauca,Mujeres,% población en edad de trabajar,Anual,72.130179236
2012,Cauca,Mujeres,% población en edad de trabajar,Anual,72.728726047
2013,Cauca,Mujeres,% población en edad de trabajar,Anual,73.308147901
2014,Cauca,Mujeres,% población en edad de trabajar,Anual,73.865295598
2015,Cauca,Mujeres,% población en edad de trabajar,Anual,74.395116196
2016,Cauca,Mujeres,% población en edad de trabajar,Anual,74.885380437
2017,Cauca,Mujeres,% población en edad de trabajar,Anual,75.328753734
2018,Cauca,Mujeres,% población en edad de trabajar,Anual,75.717804363
2019,Cauca,Mujeres,% población en edad de trabajar,Anual,76.065778016
2020,Cauca,Mujeres,% población en edad de trabajar,Anual,76.384691514
2021,Cauca,Mujeres,% población en edad de trabajar,Anual,76.697514882
2022,Cauca,Mujeres,% población en edad de trabajar,Anual,76.982444726
2023,Cauca,Mujeres,% población en edad de trabajar,Anual,77.257624494
2024,Cauca,Mujeres,% población en edad de trabajar,Anual,77.375875979
2025,Cauca,Mujeres,% población en edad de trabajar,Anual,77.609854678
2007,Cauca,Mujeres,Tasa Global de Participación (TGP),Anual,47.733714337
2008,Cauca,Mujeres,Tasa Global de Participación (TGP),Anual,43.140251371
2009,Cauca,Mujeres,Tasa Global de Participación (TGP),Anual,45.642321642
2010,Cauca,Mujeres,Tasa Global de Participación (TGP),Anual,43.849592749
2011,Cauca,Mujeres,Tasa Global de Participación (TGP),Anual,44.515160367
2012,Cauca,Mujeres,Tasa Global de Participación (TGP),Anual,46.494259383
2013,Cauca,Mujeres,Tasa Global de Participación (TGP),Anual,46.297924446
2014,Cauca,Mujeres,Tasa Global de Participación (TGP),Anual,48.011697582
2015,Cauca,Mujeres,Tasa Global de Participación (TGP),Anual,49.344166361
2016,Cauca,Mujeres,Tasa Global de Participación (TGP),Anual,50.021739686
2017,Cauca,Mujeres,Tasa Global de Participación (TGP),Anual,49.264259189
2018,Cauca,Mujeres,Tasa Global de Participación (TGP),Anual,50.204017257
2019,Cauca,Mujeres,Tasa Global de Participación (TGP),Anual,46.532557211
2020,Cauca,Mujeres,Tasa Global de Participación (TGP),Anual,43.193631277
2021,Cauca,Mujeres,Tasa Global de Participación (TGP),Anual,45.686917011
2022,Cauca,Mujeres,Tasa Global de Participación (TGP),Anual,50.130140082
2023,Cauca,Mujeres,Tasa Global de Participación (TGP),Anual,51.410169433
2024,Cauca,Mujeres,Tasa Global de Participación (TGP),Anual,58.812291938
2025,Cauca,Mujeres,Tasa Global de Participación (TGP),Anual,51.960207226
2007,Cauca,Mujeres,Tasa de Ocupación (TO),Anual,41.018925428
2008,Cauca,Mujeres,Tasa de Ocupación (TO),Anual,35.327977728
2009,Cauca,Mujeres,Tasa de Ocupación (TO),Anual,38.145050158
2010,Cauca,Mujeres,Tasa de Ocupación (TO),Anual,36.219233394
2011,Cauca,Mujeres,Tasa de Ocupación (TO),Anual,36.210980073
2012,Cauca,Mujeres,Tasa de Ocupación (TO),Anual,37.614793578
2013,Cauca,Mujeres,Tasa de Ocupación (TO),Anual,37.880514963
2014,Cauca,Mujeres,Tasa de Ocupación (TO),Anual,39.308086122
2015,Cauca,Mujeres,Tasa de Ocupación (TO),Anual,40.674414259
2016,Cauca,Mujeres,Tasa de Ocupación (TO),Anual,43.543068368
2017,Cauca,Mujeres,Tasa de Ocupación (TO),Anual,42.219069019
2018,Cauca,Mujeres,Tasa de Ocupación (TO),Anual,42.156660733
2019,Cauca,Mujeres,Tasa de Ocupación (TO),Anual,38.545836411
2020,Cauca,Mujeres,Tasa de Ocupación (TO),Anual,32.779552725
2021,Cauca,Mujeres,Tasa de Ocupación (TO),Anual,37.090038254
2022,Cauca,Mujeres,Tasa de Ocupación (TO),Anual,43.270293037
2023,Cauca,Mujeres,Tasa de Ocupación (TO),Anual,44.973663501
2024,Cauca,Mujeres,Tasa de Ocupación (TO),Anual,51.157534501
2025,Cauca,Mujeres,Tasa de Ocupación (TO),Anual,46.507623246
2007,Cauca,Mujeres,Tasa de Desocupación (TD),Anual,14.067182917
2008,Cauca,Mujeres,Tasa de Desocupación (TD),Anual,18.109012799
2009,Cauca,Mujeres,Tasa de Desocupación (TD),Anual,16.426139633
2010,Cauca,Mujeres,Tasa de Desocupación (TD),Anual,17.401209172
2011,Cauca,Mujeres,Tasa de Desocupación (TD),Anual,18.654723977
2012,Cauca,Mujeres,Tasa de Desocupación (TD),Anual,19.097983112
2013,Cauca,Mujeres,Tasa de Desocupación (TD),Anual,18.180965093
2014,Cauca,Mujeres,Tasa de Desocupación (TD),Anual,18.128106061
2015,Cauca,Mujeres,Tasa de Desocupación (TD),Anual,17.569963669
2016,Cauca,Mujeres,Tasa de Desocupación (TD),Anual,12.951711314
2017,Cauca,Mujeres,Tasa de Desocupación (TD),Anual,14.300814192
2018,Cauca,Mujeres,Tasa de Desocupación (TD),Anual,16.029307939
2019,Cauca,Mujeres,Tasa de Desocupación (TD),Anual,17.163726386
2020,Cauca,Mujeres,Tasa de Desocupación (TD),Anual,24.110217743
2021,Cauca,Mujeres,Tasa de Desocupación (TD),Anual,18.816937801
2022,Cauca,Mujeres,Tasa de Desocupación (TD),Anual,13.684077152
2023,Cauca,Mujeres,Tasa de Desocupación (TD),Anual,12.519908031
2024,Cauca,Mujeres,Tasa de Desocupación (TD),Anual,13.015574101
2025,Cauca,Mujeres,Tasa de Desocupación (TD),Anual,10.493768735
2007,Cauca,Mujeres,Tasa de Subocupación (TS),Anual,9.047359634
2008,Cauca,Mujeres,Tasa de Subocupación (TS),Anual,10.516491889
2009,Cauca,Mujeres,Tasa de Subocupación (TS),Anual,11.68968236
2010,Cauca,Mujeres,Tasa de Subocupación (TS),Anual,12.45908864
2011,Cauca,Mujeres,Tasa de Subocupación (TS),Anual,10.932501255
2012,Cauca,Mujeres,Tasa de Subocupación (TS),Anual,11.1889493
2013,Cauca,Mujeres,Tasa de Subocupación (TS),Anual,13.596418586
2014,Cauca,Mujeres,Tasa de Subocupación (TS),Anual,15.07160809
2015,Cauca,Mujeres,Tasa de Subocupación (TS),Anual,14.56045147
2016,Cauca,Mujeres,Tasa de Subocupación (TS),Anual,13.368408399
2017,Cauca,Mujeres,Tasa de Subocupación (TS),Anual,11.403050626
2018,Cauca,Mujeres,Tasa de Subocupación (TS),Anual,14.996546734
2019,Cauca,Mujeres,Tasa de Subocupación (TS),Anual,14.923019648
2020,Cauca,Mujeres,Tasa de Subocupación (TS),Anual,0.0
2021,Cauca,Mujeres,Tasa de Subocupación (TS),Anual,10.887669623
2022,Cauca,Mujeres,Tasa de Subocupación (TS),Anual,13.507486543
2023,Cauca,Mujeres,Tasa de Subocupación (TS),Anual,14.611887189
2024,Cauca,Mujeres,Tasa de Subocupación (TS),Anual,13.486524166
2025,Cauca,Mujeres,Tasa de Subocupación (TS),Anual,9.345437077
2007,Cauca,Mujeres,Población total,Anual,647.223
2008,Cauca,Mujeres,Población total,Anual,665.917
2009,Cauca,Mujeres,Población total,Anual,673.045
2010,Cauca,Mujeres,Población total,Anual,680.228
2011,Cauca,Mujeres,Población total,Anual,687.36
2012,Cauca,Mujeres,Población total,Anual,694.335
2013,Cauca,Mujeres,Población total,Anual,701.199
2014,Cauca,Mujeres,Población total,Anual,708.158
2015,Cauca,Mujeres,Población total,Anual,715.344
2016,Cauca,Mujeres,Población total,Anual,722.826
2017,Cauca,Mujeres,Población total,Anual,730.486
2018,Cauca,Mujeres,Población total,Anual,738.92
2019,Cauca,Mujeres,Población total,Anual,746.45
2020,Cauca,Mujeres,Población total,Anual,753.778
2021,Cauca,Mujeres,Población total,Anual,760.417
2022,Cauca,Mujeres,Población total,Anual,766.992
2023,Cauca,Mujeres,Población total,Anual,773.513
2024,Cauca,Mujeres,Población total,Anual,780.104
2025,Cauca,Mujeres,Población total,Anual,786.659
2007,Cauca,Mujeres,Población en edad de trabajar (PET),Anual,452.054
2008,Cauca,Mujeres,Población en edad de trabajar (PET),Anual,468.117
2009,Cauca,Mujeres,Población en edad de trabajar (PET),Anual,477.247
2010,Cauca,Mujeres,Población en edad de trabajar (PET),Anual,486.522
2011,Cauca,Mujeres,Población en edad de trabajar (PET),Anual,495.794
2012,Cauca,Mujeres,Población en edad de trabajar (PET),Anual,504.981
2013,Cauca,Mujeres,Población en edad de trabajar (PET),Anual,514.036
2014,Cauca,Mujeres,Población en edad de trabajar (PET),Anual,523.083
2015,Cauca,Mujeres,Población en edad de trabajar (PET),Anual,532.181
2016,Cauca,Mujeres,Población en edad de trabajar (PET),Anual,541.291
2017,Cauca,Mujeres,Población en edad de trabajar (PET),Anual,550.266
2018,Cauca,Mujeres,Población en edad de trabajar (PET),Anual,559.494
2019,Cauca,Mujeres,Población en edad de trabajar (PET),Anual,567.793
2020,Cauca,Mujeres,Población en edad de trabajar (PET),Anual,575.771
2021,Cauca,Mujeres,Población en edad de trabajar (PET),Anual,583.221
2022,Cauca,Mujeres,Población en edad de trabajar (PET),Anual,590.449
2023,Cauca,Mujeres,Población en edad de trabajar (PET),Anual,597.598
2024,Cauca,Mujeres,Población en edad de trabajar (PET),Anual,603.612
2025,Cauca,Mujeres,Población en edad de trabajar (PET),Anual,610.525
2007,Cauca,Mujeres,Fuerza de trabajo,Anual,215.78216500000002
2008,Cauca,Mujeres,Fuerza de trabajo,Anual,201.94685099999998
2009,Cauca,Mujeres,Fuerza de trabajo,Anual,217.826611
2010,Cauca,Mujeres,Fuerza de trabajo,Anual,213.337916
2011,Cauca,Mujeres,Fuerza de trabajo,Anual,220.703494
2012,Cauca,Mujeres,Fuerza de trabajo,Anual,234.78717600000002
2013,Cauca,Mujeres,Fuerza de trabajo,Anual,237.987999
2014,Cauca,Mujeres,Fuerza de trabajo,Anual,251.14102799999998
2015,Cauca,Mujeres,Fuerza de trabajo,Anual,262.600278
2016,Cauca,Mujeres,Fuerza de trabajo,Anual,270.763175
2017,Cauca,Mujeres,Fuerza de trabajo,Anual,271.084468
2018,Cauca,Mujeres,Fuerza de trabajo,Anual,280.888464
2019,Cauca,Mujeres,Fuerza de trabajo,Anual,264.208603
2020,Cauca,Mujeres,Fuerza de trabajo,Anual,248.696403
2021,Cauca,Mujeres,Fuerza de trabajo,Anual,266.456
2022,Cauca,Mujeres,Fuerza de trabajo,Anual,295.993
2023,Cauca,Mujeres,Fuerza de trabajo,Anual,307.226
2024,Cauca,Mujeres,Fuerza de trabajo,Anual,354.998
2025,Cauca,Mujeres,Fuerza de trabajo,Anual,317.23
2007,Cauca,Mujeres,Población ocupada,Anual,185.427693
2008,Cauca,Mujeres,Población ocupada,Anual,165.37626999999998
2009,Cauca,Mujeres,Población ocupada,Anual,182.046108
2010,Cauca,Mujeres,Población ocupada,Anual,176.214539
2011,Cauca,Mujeres,Población ocupada,Anual,179.531867
2012,Cauca,Mujeres,Población ocupada,Anual,189.94756099999998
2013,Cauca,Mujeres,Población ocupada,Anual,194.719484
2014,Cauca,Mujeres,Población ocupada,Anual,205.613916
2015,Cauca,Mujeres,Población ocupada,Anual,216.46150500000002
2016,Cauca,Mujeres,Población ocupada,Anual,235.69471
2017,Cauca,Mujeres,Población ocupada,Anual,232.317182
2018,Cauca,Mujeres,Población ocupada,Anual,235.86398699999998
2019,Cauca,Mujeres,Población ocupada,Anual,218.860561
2020,Cauca,Mujeres,Población ocupada,Anual,188.735159
2021,Cauca,Mujeres,Población ocupada,Anual,216.317
2022,Cauca,Mujeres,Población ocupada,Anual,255.489
2023,Cauca,Mujeres,Población ocupada,Anual,268.762
2024,Cauca,Mujeres,Población ocupada,Anual,308.793
2025,Cauca,Mujeres,Población ocupada,Anual,283.94
2007,Cauca,Mujeres,Población desocupada,Anual,30.354472
2008,Cauca,Mujeres,Población desocupada,Anual,36.570581
2009,Cauca,Mujeres,Población desocupada,Anual,35.780502999999996
2010,Cauca,Mujeres,Población desocupada,Anual,37.123377
2011,Cauca,Mujeres,Población desocupada,Anual,41.171628
2012,Cauca,Mujeres,Población desocupada,Anual,44.839614999999995
2013,Cauca,Mujeres,Población desocupada,Anual,43.268515
2014,Cauca,Mujeres,Población desocupada,Anual,45.527112
2015,Cauca,Mujeres,Población desocupada,Anual,46.138773
2016,Cauca,Mujeres,Población desocupada,Anual,35.068464999999996
2017,Cauca,Mujeres,Población desocupada,Anual,38.767286
2018,Cauca,Mujeres,Población desocupada,Anual,45.024477
2019,Cauca,Mujeres,Población desocupada,Anual,45.348042
2020,Cauca,Mujeres,Población desocupada,Anual,59.961244
2021,Cauca,Mujeres,Población desocupada,Anual,50.139
2022,Cauca,Mujeres,Población desocupada,Anual,40.504
2023,Cauca,Mujeres,Población desocupada,Anual,38.464
2024,Cauca,Mujeres,Población desocupada,Anual,46.205
2025,Cauca,Mujeres,Población desocupada,Anual,33.289
2007,Cauca,Mujeres,Población fuera de la fuerza de trabajo,Anual,236.27183499999998
2008,Cauca,Mujeres,Población fuera de la fuerza de trabajo,Anual,266.170149
2009,Cauca,Mujeres,Población fuera de la fuerza de trabajo,Anual,259.420389
2010,Cauca,Mujeres,Población fuera de la fuerza de trabajo,Anual,273.184084
2011,Cauca,Mujeres,Población fuera de la fuerza de trabajo,Anual,275.090506
2012,Cauca,Mujeres,Población fuera de la fuerza de trabajo,Anual,270.193824
2013,Cauca,Mujeres,Población fuera de la fuerza de trabajo,Anual,276.048001
2014,Cauca,Mujeres,Población fuera de la fuerza de trabajo,Anual,271.941972
2015,Cauca,Mujeres,Población fuera de la fuerza de trabajo,Anual,269.58072200000004
2016,Cauca,Mujeres,Población fuera de la fuerza de trabajo,Anual,270.527825
2017,Cauca,Mujeres,Población fuera de la fuerza de trabajo,Anual,279.181532
2018,Cauca,Mujeres,Población fuera de la fuerza de trabajo,Anual,278.60553600000003
2019,Cauca,Mujeres,Población fuera de la fuerza de trabajo,Anual,303.584397
2020,Cauca,Mujeres,Población fuera de la fuerza de trabajo,Anual,327.074597
2021,Cauca,Mujeres,Población fuera de la fuerza de trabajo,Anual,316.765
2022,Cauca,Mujeres,Población fuera de la fuerza de trabajo,Anual,294.456
2023,Cauca,Mujeres,Población fuera de la fuerza de trabajo,Anual,290.372
2024,Cauca,Mujeres,Población fuera de la fuerza de trabajo,Anual,248.614
2025,Cauca,Mujeres,Población fuera de la fuerza de trabajo,Anual,293.295
2007,Cauca,Mujeres,Población subocupada,Anual,19.522588
2008,Cauca,Mujeres,Población subocupada,Anual,21.237724
2009,Cauca,Mujeres,Población subocupada,Anual,25.463239
2010,Cauca,Mujeres,Población subocupada,Anual,26.57996
2011,Cauca,Mujeres,Población subocupada,Anual,24.128412
2012,Cauca,Mujeres,Población subocupada,Anual,26.270218
2013,Cauca,Mujeres,Población subocupada,Anual,32.357845000000005
2014,Cauca,Mujeres,Población subocupada,Anual,37.850992
2015,Cauca,Mujeres,Población subocupada,Anual,38.235786
2016,Cauca,Mujeres,Población subocupada,Anual,36.196726999999996
2017,Cauca,Mujeres,Población subocupada,Anual,30.911899000000002
2018,Cauca,Mujeres,Población subocupada,Anual,42.12357
2019,Cauca,Mujeres,Población subocupada,Anual,39.427902
2020,Cauca,Mujeres,Población subocupada,Anual,0.0
2021,Cauca,Mujeres,Población subocupada,Anual,29.011
2022,Cauca,Mujeres,Población subocupada,Anual,39.981
2023,Cauca,Mujeres,Población subocupada,Anual,44.892
2024,Cauca,Mujeres,Población subocupada,Anual,47.877
2025,Cauca,Mujeres,Población subocupada,Anual,29.647
2007,Cauca,Mujeres,Fuerza de trabajo potencial,Anual,0.0
2008,Cauca,Mujeres,Fuerza de trabajo potencial,Anual,0.0
2009,Cauca,Mujeres,Fuerza de trabajo potencial,Anual,0.0
2010,Cauca,Mujeres,Fuerza de trabajo potencial,Anual,0.0
2011,Cauca,Mujeres,Fuerza de trabajo potencial,Anual,0.0
2012,Cauca,Mujeres,Fuerza de trabajo potencial,Anual,0.0
2013,Cauca,Mujeres,Fuerza de trabajo potencial,Anual,0.0
2014,Cauca,Mujeres,Fuerza de trabajo potencial,Anual,0.0
2015,Cauca,Mujeres,Fuerza de trabajo potencial,Anual,0.0
2016,Cauca,Mujeres,Fuerza de trabajo potencial,Anual,0.0
2017,Cauca,Mujeres,Fuerza de trabajo potencial,Anual,0.0
2018,Cauca,Mujeres,Fuerza de trabajo potencial,Anual,0.0
2019,Cauca,Mujeres,Fuerza de trabajo potencial,Anual,0.0
2020,Cauca,Mujeres,Fuerza de trabajo potencial,Anual,0.0
2021,Cauca,Mujeres,Fuerza de trabajo potencial,Anual,61.45
2022,Cauca,Mujeres,Fuerza de trabajo potencial,Anual,62.069
2023,Cauca,Mujeres,Fuerza de trabajo potencial,Anual,44.127
2024,Cauca,Mujeres,Fuerza de trabajo potencial,Anual,56.606
2025,Cauca,Mujeres,Fuerza de trabajo potencial,Anual,67.779
2007,Cesar,Mujeres,% población en edad de trabajar,Anual,66.218617477
2008,Cesar,Mujeres,% población en edad de trabajar,Anual,66.672053695
2009,Cesar,Mujeres,% población en edad de trabajar,Anual,67.095161122
2010,Cesar,Mujeres,% población en edad de trabajar,Anual,67.498303538
2011,Cesar,Mujeres,% población en edad de trabajar,Anual,67.880534401
2012,Cesar,Mujeres,% población en edad de trabajar,Anual,68.261130265
2013,Cesar,Mujeres,% población en edad de trabajar,Anual,68.651043914
2014,Cesar,Mujeres,% población en edad de trabajar,Anual,69.039711663
2015,Cesar,Mujeres,% población en edad de trabajar,Anual,69.430140595
2016,Cesar,Mujeres,% población en edad de trabajar,Anual,69.830385132
2017,Cesar,Mujeres,% población en edad de trabajar,Anual,70.235716252
2018,Cesar,Mujeres,% población en edad de trabajar,Anual,70.631851111
2019,Cesar,Mujeres,% población en edad de trabajar,Anual,71.009347894
2020,Cesar,Mujeres,% población en edad de trabajar,Anual,71.359503602
2021,Cesar,Mujeres,% población en edad de trabajar,Anual,71.692091867
2022,Cesar,Mujeres,% población en edad de trabajar,Anual,72.011547089
2023,Cesar,Mujeres,% población en edad de trabajar,Anual,72.33682814
2024,Cesar,Mujeres,% población en edad de trabajar,Anual,72.879112964
2025,Cesar,Mujeres,% población en edad de trabajar,Anual,73.31261596
2007,Cesar,Mujeres,Tasa Global de Participación (TGP),Anual,39.455411015
2008,Cesar,Mujeres,Tasa Global de Participación (TGP),Anual,40.065303921
2009,Cesar,Mujeres,Tasa Global de Participación (TGP),Anual,44.474647396
2010,Cesar,Mujeres,Tasa Global de Participación (TGP),Anual,46.849750665
2011,Cesar,Mujeres,Tasa Global de Participación (TGP),Anual,44.130303642
2012,Cesar,Mujeres,Tasa Global de Participación (TGP),Anual,47.15080693
2013,Cesar,Mujeres,Tasa Global de Participación (TGP),Anual,45.314210188
2014,Cesar,Mujeres,Tasa Global de Participación (TGP),Anual,45.097353763
2015,Cesar,Mujeres,Tasa Global de Participación (TGP),Anual,46.877544257
2016,Cesar,Mujeres,Tasa Global de Participación (TGP),Anual,45.89534124
2017,Cesar,Mujeres,Tasa Global de Participación (TGP),Anual,50.496617233
2018,Cesar,Mujeres,Tasa Global de Participación (TGP),Anual,44.695774871
2019,Cesar,Mujeres,Tasa Global de Participación (TGP),Anual,46.187162301
2020,Cesar,Mujeres,Tasa Global de Participación (TGP),Anual,37.943448461
2021,Cesar,Mujeres,Tasa Global de Participación (TGP),Anual,41.321881998
2022,Cesar,Mujeres,Tasa Global de Participación (TGP),Anual,44.137710284
2023,Cesar,Mujeres,Tasa Global de Participación (TGP),Anual,45.096879777
2024,Cesar,Mujeres,Tasa Global de Participación (TGP),Anual,43.76101763
2025,Cesar,Mujeres,Tasa Global de Participación (TGP),Anual,44.06712341
2007,Cesar,Mujeres,Tasa de Ocupación (TO),Anual,31.427051259
2008,Cesar,Mujeres,Tasa de Ocupación (TO),Anual,32.758551361
2009,Cesar,Mujeres,Tasa de Ocupación (TO),Anual,37.975177934
2010,Cesar,Mujeres,Tasa de Ocupación (TO),Anual,39.876033348
2011,Cesar,Mujeres,Tasa de Ocupación (TO),Anual,37.144090379
2012,Cesar,Mujeres,Tasa de Ocupación (TO),Anual,40.667384181
2013,Cesar,Mujeres,Tasa de Ocupación (TO),Anual,39.238825719
2014,Cesar,Mujeres,Tasa de Ocupación (TO),Anual,38.84999667
2015,Cesar,Mujeres,Tasa de Ocupación (TO),Anual,40.271355907
2016,Cesar,Mujeres,Tasa de Ocupación (TO),Anual,38.149087315
2017,Cesar,Mujeres,Tasa de Ocupación (TO),Anual,42.101224215
2018,Cesar,Mujeres,Tasa de Ocupación (TO),Anual,36.900186354
2019,Cesar,Mujeres,Tasa de Ocupación (TO),Anual,36.719062051
2020,Cesar,Mujeres,Tasa de Ocupación (TO),Anual,29.022395456
2021,Cesar,Mujeres,Tasa de Ocupación (TO),Anual,32.304686048
2022,Cesar,Mujeres,Tasa de Ocupación (TO),Anual,34.905558479
2023,Cesar,Mujeres,Tasa de Ocupación (TO),Anual,37.888631921
2024,Cesar,Mujeres,Tasa de Ocupación (TO),Anual,36.434456659
2025,Cesar,Mujeres,Tasa de Ocupación (TO),Anual,37.70108927
2007,Cesar,Mujeres,Tasa de Desocupación (TD),Anual,20.347930865
2008,Cesar,Mujeres,Tasa de Desocupación (TD),Anual,18.237107535
2009,Cesar,Mujeres,Tasa de Desocupación (TD),Anual,14.61387519
2010,Cesar,Mujeres,Tasa de Desocupación (TD),Anual,14.885281604
2011,Cesar,Mujeres,Tasa de Desocupación (TD),Anual,15.830875127
2012,Cesar,Mujeres,Tasa de Desocupación (TD),Anual,13.750396167
2013,Cesar,Mujeres,Tasa de Desocupación (TD),Anual,13.407239019
2014,Cesar,Mujeres,Tasa de Desocupación (TD),Anual,13.853045848
2015,Cesar,Mujeres,Tasa de Desocupación (TD),Anual,14.092436912
2016,Cesar,Mujeres,Tasa de Desocupación (TD),Anual,16.878083298
2017,Cesar,Mujeres,Tasa de Desocupación (TD),Anual,16.625654307
2018,Cesar,Mujeres,Tasa de Desocupación (TD),Anual,17.441443939
2019,Cesar,Mujeres,Tasa de Desocupación (TD),Anual,20.499419705
2020,Cesar,Mujeres,Tasa de Desocupación (TD),Anual,23.511444971
2021,Cesar,Mujeres,Tasa de Desocupación (TD),Anual,21.821842361
2022,Cesar,Mujeres,Tasa de Desocupación (TD),Anual,20.916698545
2023,Cesar,Mujeres,Tasa de Desocupación (TD),Anual,15.983917049
2024,Cesar,Mujeres,Tasa de Desocupación (TD),Anual,16.742208859
2025,Cesar,Mujeres,Tasa de Desocupación (TD),Anual,14.446221234
2007,Cesar,Mujeres,Tasa de Subocupación (TS),Anual,8.869293694
2008,Cesar,Mujeres,Tasa de Subocupación (TS),Anual,7.123440709
2009,Cesar,Mujeres,Tasa de Subocupación (TS),Anual,6.603812944
2010,Cesar,Mujeres,Tasa de Subocupación (TS),Anual,9.439304076
2011,Cesar,Mujeres,Tasa de Subocupación (TS),Anual,8.163140284
2012,Cesar,Mujeres,Tasa de Subocupación (TS),Anual,7.680816621
2013,Cesar,Mujeres,Tasa de Subocupación (TS),Anual,5.353314606
2014,Cesar,Mujeres,Tasa de Subocupación (TS),Anual,5.312818981
2015,Cesar,Mujeres,Tasa de Subocupación (TS),Anual,4.579637782
2016,Cesar,Mujeres,Tasa de Subocupación (TS),Anual,7.280477384
2017,Cesar,Mujeres,Tasa de Subocupación (TS),Anual,9.126171577
2018,Cesar,Mujeres,Tasa de Subocupación (TS),Anual,7.539294818
2019,Cesar,Mujeres,Tasa de Subocupación (TS),Anual,6.635052013
2020,Cesar,Mujeres,Tasa de Subocupación (TS),Anual,0.0
2021,Cesar,Mujeres,Tasa de Subocupación (TS),Anual,6.332837502
2022,Cesar,Mujeres,Tasa de Subocupación (TS),Anual,9.845554236
2023,Cesar,Mujeres,Tasa de Subocupación (TS),Anual,6.968110513
2024,Cesar,Mujeres,Tasa de Subocupación (TS),Anual,8.205048892
2025,Cesar,Mujeres,Tasa de Subocupación (TS),Anual,6.762881354
2007,Cesar,Mujeres,Población total,Anual,493.547
2008,Cesar,Mujeres,Población total,Anual,501.204
2009,Cesar,Mujeres,Población total,Anual,509.147
2010,Cesar,Mujeres,Población total,Anual,517.253
2011,Cesar,Mujeres,Población total,Anual,525.373
2012,Cesar,Mujeres,Población total,Anual,533.68
2013,Cesar,Mujeres,Población total,Anual,542.286
2014,Cesar,Mujeres,Población total,Anual,551.022
2015,Cesar,Mujeres,Población total,Anual,560.261
2016,Cesar,Mujeres,Población total,Anual,571.648
2017,Cesar,Mujeres,Población total,Anual,584.983
2018,Cesar,Mujeres,Población total,Anual,605.285
2019,Cesar,Mujeres,Población total,Anual,632.121
2020,Cesar,Mujeres,Población total,Anual,654.636
2021,Cesar,Mujeres,Población total,Anual,669.109
2022,Cesar,Mujeres,Población total,Anual,679.19
2023,Cesar,Mujeres,Población total,Anual,688.442
2024,Cesar,Mujeres,Población total,Anual,697.409
2025,Cesar,Mujeres,Población total,Anual,706.063
2007,Cesar,Mujeres,Población en edad de trabajar (PET),Anual,326.82
2008,Cesar,Mujeres,Población en edad de trabajar (PET),Anual,334.163
2009,Cesar,Mujeres,Población en edad de trabajar (PET),Anual,341.613
2010,Cesar,Mujeres,Población en edad de trabajar (PET),Anual,349.137
2011,Cesar,Mujeres,Población en edad de trabajar (PET),Anual,356.626
2012,Cesar,Mujeres,Población en edad de trabajar (PET),Anual,364.296
2013,Cesar,Mujeres,Población en edad de trabajar (PET),Anual,372.285
2014,Cesar,Mujeres,Población en edad de trabajar (PET),Anual,380.424
2015,Cesar,Mujeres,Población en edad de trabajar (PET),Anual,388.99
2016,Cesar,Mujeres,Población en edad de trabajar (PET),Anual,399.184
2017,Cesar,Mujeres,Población en edad de trabajar (PET),Anual,410.867
2018,Cesar,Mujeres,Población en edad de trabajar (PET),Anual,427.524
2019,Cesar,Mujeres,Población en edad de trabajar (PET),Anual,448.865
2020,Cesar,Mujeres,Población en edad de trabajar (PET),Anual,467.145
2021,Cesar,Mujeres,Población en edad de trabajar (PET),Anual,479.698
2022,Cesar,Mujeres,Población en edad de trabajar (PET),Anual,489.095
2023,Cesar,Mujeres,Población en edad de trabajar (PET),Anual,497.997
2024,Cesar,Mujeres,Población en edad de trabajar (PET),Anual,508.265
2025,Cesar,Mujeres,Población en edad de trabajar (PET),Anual,517.634
2007,Cesar,Mujeres,Fuerza de trabajo,Anual,128.948174
2008,Cesar,Mujeres,Fuerza de trabajo,Anual,133.883422
2009,Cesar,Mujeres,Fuerza de trabajo,Anual,151.931177
2010,Cesar,Mujeres,Fuerza de trabajo,Anual,163.569814
2011,Cesar,Mujeres,Fuerza de trabajo,Anual,157.380137
2012,Cesar,Mujeres,Fuerza de trabajo,Anual,171.76850399999998
2013,Cesar,Mujeres,Fuerza de trabajo,Anual,168.69800700000002
2014,Cesar,Mujeres,Fuerza de trabajo,Anual,171.561157
2015,Cesar,Mujeres,Fuerza de trabajo,Anual,182.348959
2016,Cesar,Mujeres,Fuerza de trabajo,Anual,183.206859
2017,Cesar,Mujeres,Fuerza de trabajo,Anual,207.47393599999998
2018,Cesar,Mujeres,Fuerza de trabajo,Anual,191.08516500000002
2019,Cesar,Mujeres,Fuerza de trabajo,Anual,207.318006
2020,Cesar,Mujeres,Fuerza de trabajo,Anual,177.250922
2021,Cesar,Mujeres,Fuerza de trabajo,Anual,198.22
2022,Cesar,Mujeres,Fuerza de trabajo,Anual,215.875
2023,Cesar,Mujeres,Fuerza de trabajo,Anual,224.581
2024,Cesar,Mujeres,Fuerza de trabajo,Anual,222.422
2025,Cesar,Mujeres,Fuerza de trabajo,Anual,228.106
2007,Cesar,Mujeres,Población ocupada,Anual,102.70988899999999
2008,Cesar,Mujeres,Población ocupada,Anual,109.466958
2009,Cesar,Mujeres,Población ocupada,Anual,129.728145
2010,Cesar,Mujeres,Población ocupada,Anual,139.22198699999998
2011,Cesar,Mujeres,Población ocupada,Anual,132.465484
2012,Cesar,Mujeres,Población ocupada,Anual,148.149654
2013,Cesar,Mujeres,Población ocupada,Anual,146.08026199999998
2014,Cesar,Mujeres,Población ocupada,Anual,147.794711
2015,Cesar,Mujeres,Población ocupada,Anual,156.651547
2016,Cesar,Mujeres,Población ocupada,Anual,152.285053
2017,Cesar,Mujeres,Población ocupada,Anual,172.980037
2018,Cesar,Mujeres,Población ocupada,Anual,157.757153
2019,Cesar,Mujeres,Población ocupada,Anual,164.819018
2020,Cesar,Mujeres,Población ocupada,Anual,135.57666899999998
2021,Cesar,Mujeres,Población ocupada,Anual,154.965
2022,Cesar,Mujeres,Población ocupada,Anual,170.721
2023,Cesar,Mujeres,Población ocupada,Anual,188.684
2024,Cesar,Mujeres,Población ocupada,Anual,185.184
2025,Cesar,Mujeres,Población ocupada,Anual,195.153
2007,Cesar,Mujeres,Población desocupada,Anual,26.238285
2008,Cesar,Mujeres,Población desocupada,Anual,24.416464
2009,Cesar,Mujeres,Población desocupada,Anual,22.203032999999998
2010,Cesar,Mujeres,Población desocupada,Anual,24.347827000000002
2011,Cesar,Mujeres,Población desocupada,Anual,24.914652999999998
2012,Cesar,Mujeres,Población desocupada,Anual,23.61885
2013,Cesar,Mujeres,Población desocupada,Anual,22.617745
2014,Cesar,Mujeres,Población desocupada,Anual,23.766446
2015,Cesar,Mujeres,Población desocupada,Anual,25.697412
2016,Cesar,Mujeres,Población desocupada,Anual,30.921806
2017,Cesar,Mujeres,Población desocupada,Anual,34.493899
2018,Cesar,Mujeres,Población desocupada,Anual,33.328012
2019,Cesar,Mujeres,Población desocupada,Anual,42.498988
2020,Cesar,Mujeres,Población desocupada,Anual,41.674253
2021,Cesar,Mujeres,Población desocupada,Anual,43.255
2022,Cesar,Mujeres,Población desocupada,Anual,45.154
2023,Cesar,Mujeres,Población desocupada,Anual,35.897
2024,Cesar,Mujeres,Población desocupada,Anual,37.238
2025,Cesar,Mujeres,Población desocupada,Anual,32.953
2007,Cesar,Mujeres,Población fuera de la fuerza de trabajo,Anual,197.871826
2008,Cesar,Mujeres,Población fuera de la fuerza de trabajo,Anual,200.27957800000001
2009,Cesar,Mujeres,Población fuera de la fuerza de trabajo,Anual,189.681823
2010,Cesar,Mujeres,Población fuera de la fuerza de trabajo,Anual,185.567186
2011,Cesar,Mujeres,Población fuera de la fuerza de trabajo,Anual,199.245863
2012,Cesar,Mujeres,Población fuera de la fuerza de trabajo,Anual,192.527496
2013,Cesar,Mujeres,Población fuera de la fuerza de trabajo,Anual,203.58699299999998
2014,Cesar,Mujeres,Población fuera de la fuerza de trabajo,Anual,208.862843
2015,Cesar,Mujeres,Población fuera de la fuerza de trabajo,Anual,206.641041
2016,Cesar,Mujeres,Población fuera de la fuerza de trabajo,Anual,215.97714100000002
2017,Cesar,Mujeres,Población fuera de la fuerza de trabajo,Anual,203.393064
2018,Cesar,Mujeres,Población fuera de la fuerza de trabajo,Anual,236.43883499999998
2019,Cesar,Mujeres,Población fuera de la fuerza de trabajo,Anual,241.546994
2020,Cesar,Mujeres,Población fuera de la fuerza de trabajo,Anual,289.894078
2021,Cesar,Mujeres,Población fuera de la fuerza de trabajo,Anual,281.478
2022,Cesar,Mujeres,Población fuera de la fuerza de trabajo,Anual,273.22
2023,Cesar,Mujeres,Población fuera de la fuerza de trabajo,Anual,273.416
2024,Cesar,Mujeres,Población fuera de la fuerza de trabajo,Anual,285.843
2025,Cesar,Mujeres,Población fuera de la fuerza de trabajo,Anual,289.527
2007,Cesar,Mujeres,Población subocupada,Anual,11.436791999999999
2008,Cesar,Mujeres,Población subocupada,Anual,9.537106
2009,Cesar,Mujeres,Población subocupada,Anual,10.033251
2010,Cesar,Mujeres,Población subocupada,Anual,15.439852
2011,Cesar,Mujeres,Población subocupada,Anual,12.847161
2012,Cesar,Mujeres,Población subocupada,Anual,13.193224
2013,Cesar,Mujeres,Población subocupada,Anual,9.030935
2014,Cesar,Mujeres,Población subocupada,Anual,9.114734
2015,Cesar,Mujeres,Población subocupada,Anual,8.350922
2016,Cesar,Mujeres,Población subocupada,Anual,13.338334000000001
2017,Cesar,Mujeres,Población subocupada,Anual,18.934427
2018,Cesar,Mujeres,Población subocupada,Anual,14.406474
2019,Cesar,Mujeres,Población subocupada,Anual,13.755657999999999
2020,Cesar,Mujeres,Población subocupada,Anual,0.0
2021,Cesar,Mujeres,Población subocupada,Anual,12.553
2022,Cesar,Mujeres,Población subocupada,Anual,21.254
2023,Cesar,Mujeres,Población subocupada,Anual,15.649
2024,Cesar,Mujeres,Población subocupada,Anual,18.25
2025,Cesar,Mujeres,Población subocupada,Anual,15.427
2007,Cesar,Mujeres,Fuerza de trabajo potencial,Anual,0.0
2008,Cesar,Mujeres,Fuerza de trabajo potencial,Anual,0.0
2009,Cesar,Mujeres,Fuerza de trabajo potencial,Anual,0.0
2010,Cesar,Mujeres,Fuerza de trabajo potencial,Anual,0.0
2011,Cesar,Mujeres,Fuerza de trabajo potencial,Anual,0.0
2012,Cesar,Mujeres,Fuerza de trabajo potencial,Anual,0.0
2013,Cesar,Mujeres,Fuerza de trabajo potencial,Anual,0.0
2014,Cesar,Mujeres,Fuerza de trabajo potencial,Anual,0.0
2015,Cesar,Mujeres,Fuerza de trabajo potencial,Anual,0.0
2016,Cesar,Mujeres,Fuerza de trabajo potencial,Anual,0.0
2017,Cesar,Mujeres,Fuerza de trabajo potencial,Anual,0.0
2018,Cesar,Mujeres,Fuerza de trabajo potencial,Anual,0.0
2019,Cesar,Mujeres,Fuerza de trabajo potencial,Anual,0.0
2020,Cesar,Mujeres,Fuerza de trabajo potencial,Anual,0.0
2021,Cesar,Mujeres,Fuerza de trabajo potencial,Anual,35.356
2022,Cesar,Mujeres,Fuerza de trabajo potencial,Anual,46.132
2023,Cesar,Mujeres,Fuerza de trabajo potencial,Anual,34.206
2024,Cesar,Mujeres,Fuerza de trabajo potencial,Anual,33.876
2025,Cesar,Mujeres,Fuerza de trabajo potencial,Anual,24.077
2007,Chocó,Mujeres,% población en edad de trabajar,Anual,63.829092381
2008,Chocó,Mujeres,% población en edad de trabajar,Anual,64.18652887
2009,Chocó,Mujeres,% población en edad de trabajar,Anual,64.488653807
2010,Chocó,Mujeres,% población en edad de trabajar,Anual,64.734865053
2011,Chocó,Mujeres,% población en edad de trabajar,Anual,64.942690343
2012,Chocó,Mujeres,% población en edad de trabajar,Anual,65.158815646
2013,Chocó,Mujeres,% población en edad de trabajar,Anual,65.391932415
2014,Chocó,Mujeres,% población en edad de trabajar,Anual,65.645554901
2015,Chocó,Mujeres,% población en edad de trabajar,Anual,65.899353235
2016,Chocó,Mujeres,% población en edad de trabajar,Anual,66.180041231
2017,Chocó,Mujeres,% población en edad de trabajar,Anual,66.488546752
2018,Chocó,Mujeres,% población en edad de trabajar,Anual,66.8831841
2019,Chocó,Mujeres,% población en edad de trabajar,Anual,67.420960187
2020,Chocó,Mujeres,% población en edad de trabajar,Anual,67.971363842
2021,Chocó,Mujeres,% población en edad de trabajar,Anual,68.528938221
2022,Chocó,Mujeres,% población en edad de trabajar,Anual,69.070964324
2023,Chocó,Mujeres,% población en edad de trabajar,Anual,69.60112728
2024,Chocó,Mujeres,% población en edad de trabajar,Anual,70.25070963
2025,Chocó,Mujeres,% población en edad de trabajar,Anual,70.819852461
2007,Chocó,Mujeres,Tasa Global de Participación (TGP),Anual,37.733933179
2008,Chocó,Mujeres,Tasa Global de Participación (TGP),Anual,35.761465926
2009,Chocó,Mujeres,Tasa Global de Participación (TGP),Anual,44.892614266
2010,Chocó,Mujeres,Tasa Global de Participación (TGP),Anual,43.698840205
2011,Chocó,Mujeres,Tasa Global de Participación (TGP),Anual,51.896226222
2012,Chocó,Mujeres,Tasa Global de Participación (TGP),Anual,45.356567752
2013,Chocó,Mujeres,Tasa Global de Participación (TGP),Anual,48.431060129
2014,Chocó,Mujeres,Tasa Global de Participación (TGP),Anual,38.952059386
2015,Chocó,Mujeres,Tasa Global de Participación (TGP),Anual,44.182081645
2016,Chocó,Mujeres,Tasa Global de Participación (TGP),Anual,51.16846016
2017,Chocó,Mujeres,Tasa Global de Participación (TGP),Anual,49.618920226
2018,Chocó,Mujeres,Tasa Global de Participación (TGP),Anual,47.919863541
2019,Chocó,Mujeres,Tasa Global de Participación (TGP),Anual,39.96608368
2020,Chocó,Mujeres,Tasa Global de Participación (TGP),Anual,33.740984687
2021,Chocó,Mujeres,Tasa Global de Participación (TGP),Anual,28.444932361
2022,Chocó,Mujeres,Tasa Global de Participación (TGP),Anual,32.07218134
2023,Chocó,Mujeres,Tasa Global de Participación (TGP),Anual,26.890771155
2024,Chocó,Mujeres,Tasa Global de Participación (TGP),Anual,23.938110865
2025,Chocó,Mujeres,Tasa Global de Participación (TGP),Anual,25.389573485
2007,Chocó,Mujeres,Tasa de Ocupación (TO),Anual,29.893146353
2008,Chocó,Mujeres,Tasa de Ocupación (TO),Anual,26.929328412
2009,Chocó,Mujeres,Tasa de Ocupación (TO),Anual,35.570276694
2010,Chocó,Mujeres,Tasa de Ocupación (TO),Anual,36.531743017
2011,Chocó,Mujeres,Tasa de Ocupación (TO),Anual,42.158104199
2012,Chocó,Mujeres,Tasa de Ocupación (TO),Anual,37.815957144
2013,Chocó,Mujeres,Tasa de Ocupación (TO),Anual,40.878672982
2014,Chocó,Mujeres,Tasa de Ocupación (TO),Anual,32.277654362
2015,Chocó,Mujeres,Tasa de Ocupación (TO),Anual,37.695194198
2016,Chocó,Mujeres,Tasa de Ocupación (TO),Anual,43.406606731
2017,Chocó,Mujeres,Tasa de Ocupación (TO),Anual,43.026412725
2018,Chocó,Mujeres,Tasa de Ocupación (TO),Anual,41.414561166
2019,Chocó,Mujeres,Tasa de Ocupación (TO),Anual,33.060499449
2020,Chocó,Mujeres,Tasa de Ocupación (TO),Anual,28.313437682
2021,Chocó,Mujeres,Tasa de Ocupación (TO),Anual,22.621175249
2022,Chocó,Mujeres,Tasa de Ocupación (TO),Anual,26.539726441
2023,Chocó,Mujeres,Tasa de Ocupación (TO),Anual,20.552249454
2024,Chocó,Mujeres,Tasa de Ocupación (TO),Anual,19.022601847
2025,Chocó,Mujeres,Tasa de Ocupación (TO),Anual,20.221885427
2007,Chocó,Mujeres,Tasa de Desocupación (TD),Anual,20.779140064
2008,Chocó,Mujeres,Tasa de Desocupación (TD),Anual,24.697358695
2009,Chocó,Mujeres,Tasa de Desocupación (TD),Anual,20.765860319
2010,Chocó,Mujeres,Tasa de Desocupación (TD),Anual,16.401115349
2011,Chocó,Mujeres,Tasa de Desocupación (TD),Anual,18.764605313
2012,Chocó,Mujeres,Tasa de Desocupación (TD),Anual,16.62517907
2013,Chocó,Mujeres,Tasa de Desocupación (TD),Anual,15.594098349
2014,Chocó,Mujeres,Tasa de Desocupación (TD),Anual,17.134922081
2015,Chocó,Mujeres,Tasa de Desocupación (TD),Anual,14.682167986
2016,Chocó,Mujeres,Tasa de Desocupación (TD),Anual,15.169214403
2017,Chocó,Mujeres,Tasa de Desocupación (TD),Anual,13.286277635
2018,Chocó,Mujeres,Tasa de Desocupación (TD),Anual,13.575377504
2019,Chocó,Mujeres,Tasa de Desocupación (TD),Anual,17.278611252
2020,Chocó,Mujeres,Tasa de Desocupación (TD),Anual,16.085917631
2021,Chocó,Mujeres,Tasa de Desocupación (TD),Anual,20.473794901
2022,Chocó,Mujeres,Tasa de Desocupación (TD),Anual,17.250011282
2023,Chocó,Mujeres,Tasa de Desocupación (TD),Anual,23.571364558
2024,Chocó,Mujeres,Tasa de Desocupación (TD),Anual,20.534239506
2025,Chocó,Mujeres,Tasa de Desocupación (TD),Anual,20.353583571
2007,Chocó,Mujeres,Tasa de Subocupación (TS),Anual,4.689524407
2008,Chocó,Mujeres,Tasa de Subocupación (TS),Anual,4.02758658
2009,Chocó,Mujeres,Tasa de Subocupación (TS),Anual,2.046369065
2010,Chocó,Mujeres,Tasa de Subocupación (TS),Anual,4.041752586
2011,Chocó,Mujeres,Tasa de Subocupación (TS),Anual,3.711216927
2012,Chocó,Mujeres,Tasa de Subocupación (TS),Anual,5.770397112
2013,Chocó,Mujeres,Tasa de Subocupación (TS),Anual,3.884544903
2014,Chocó,Mujeres,Tasa de Subocupación (TS),Anual,3.260056472
2015,Chocó,Mujeres,Tasa de Subocupación (TS),Anual,3.328661293
2016,Chocó,Mujeres,Tasa de Subocupación (TS),Anual,3.575922175
2017,Chocó,Mujeres,Tasa de Subocupación (TS),Anual,3.802237446
2018,Chocó,Mujeres,Tasa de Subocupación (TS),Anual,4.156813312
2019,Chocó,Mujeres,Tasa de Subocupación (TS),Anual,2.932424368
2020,Chocó,Mujeres,Tasa de Subocupación (TS),Anual,0.0
2021,Chocó,Mujeres,Tasa de Subocupación (TS),Anual,1.586957469
2022,Chocó,Mujeres,Tasa de Subocupación (TS),Anual,2.723502597
2023,Chocó,Mujeres,Tasa de Subocupación (TS),Anual,2.058546463
2024,Chocó,Mujeres,Tasa de Subocupación (TS),Anual,2.528274237
2025,Chocó,Mujeres,Tasa de Subocupación (TS),Anual,1.779901343
2007,Chocó,Mujeres,Población total,Anual,217.404
2008,Chocó,Mujeres,Población total,Anual,222.743
2009,Chocó,Mujeres,Población total,Anual,228.006
2010,Chocó,Mujeres,Población total,Anual,233.202
2011,Chocó,Mujeres,Población total,Anual,238.267
2012,Chocó,Mujeres,Población total,Anual,243.238
2013,Chocó,Mujeres,Población total,Anual,248.104
2014,Chocó,Mujeres,Población total,Anual,252.829
2015,Chocó,Mujeres,Población total,Anual,257.435
2016,Chocó,Mujeres,Población total,Anual,261.94
2017,Chocó,Mujeres,Población total,Anual,266.3
2018,Chocó,Mujeres,Población total,Anual,270.494
2019,Chocó,Mujeres,Población total,Anual,273.28
2020,Chocó,Mujeres,Población total,Anual,275.875
2021,Chocó,Mujeres,Población total,Anual,278.304
2022,Chocó,Mujeres,Población total,Anual,280.639
2023,Chocó,Mujeres,Población total,Anual,282.864
2024,Chocó,Mujeres,Población total,Anual,285.184
2025,Chocó,Mujeres,Población total,Anual,287.573
2007,Chocó,Mujeres,Población en edad de trabajar (PET),Anual,138.767
2008,Chocó,Mujeres,Población en edad de trabajar (PET),Anual,142.971
2009,Chocó,Mujeres,Población en edad de trabajar (PET),Anual,147.038
2010,Chocó,Mujeres,Población en edad de trabajar (PET),Anual,150.963
2011,Chocó,Mujeres,Población en edad de trabajar (PET),Anual,154.737
2012,Chocó,Mujeres,Población en edad de trabajar (PET),Anual,158.491
2013,Chocó,Mujeres,Población en edad de trabajar (PET),Anual,162.24
2014,Chocó,Mujeres,Población en edad de trabajar (PET),Anual,165.971
2015,Chocó,Mujeres,Población en edad de trabajar (PET),Anual,169.648
2016,Chocó,Mujeres,Población en edad de trabajar (PET),Anual,173.352
2017,Chocó,Mujeres,Población en edad de trabajar (PET),Anual,177.059
2018,Chocó,Mujeres,Población en edad de trabajar (PET),Anual,180.915
2019,Chocó,Mujeres,Población en edad de trabajar (PET),Anual,184.248
2020,Chocó,Mujeres,Población en edad de trabajar (PET),Anual,187.516
2021,Chocó,Mujeres,Población en edad de trabajar (PET),Anual,190.719
2022,Chocó,Mujeres,Población en edad de trabajar (PET),Anual,193.84
2023,Chocó,Mujeres,Población en edad de trabajar (PET),Anual,196.876
2024,Chocó,Mujeres,Población en edad de trabajar (PET),Anual,200.344
2025,Chocó,Mujeres,Población en edad de trabajar (PET),Anual,203.659
2007,Chocó,Mujeres,Fuerza de trabajo,Anual,52.362247
2008,Chocó,Mujeres,Fuerza de trabajo,Anual,51.128525
2009,Chocó,Mujeres,Fuerza de trabajo,Anual,66.009202
2010,Chocó,Mujeres,Fuerza de trabajo,Anual,65.96908
2011,Chocó,Mujeres,Fuerza de trabajo,Anual,80.30266400000001
2012,Chocó,Mujeres,Fuerza de trabajo,Anual,71.886078
2013,Chocó,Mujeres,Fuerza de trabajo,Anual,78.574552
2014,Chocó,Mujeres,Fuerza de trabajo,Anual,64.649122
2015,Chocó,Mujeres,Fuerza de trabajo,Anual,74.95401799999999
2016,Chocó,Mujeres,Fuerza de trabajo,Anual,88.701549
2017,Chocó,Mujeres,Fuerza de trabajo,Anual,87.85476399999999
2018,Chocó,Mujeres,Fuerza de trabajo,Anual,86.694221
2019,Chocó,Mujeres,Fuerza de trabajo,Anual,73.63671000000001
2020,Chocó,Mujeres,Fuerza de trabajo,Anual,63.269745
2021,Chocó,Mujeres,Fuerza de trabajo,Anual,54.25
2022,Chocó,Mujeres,Fuerza de trabajo,Anual,62.169
2023,Chocó,Mujeres,Fuerza de trabajo,Anual,52.942
2024,Chocó,Mujeres,Fuerza de trabajo,Anual,47.958
2025,Chocó,Mujeres,Fuerza de trabajo,Anual,51.708
2007,Chocó,Mujeres,Población ocupada,Anual,41.481822
2008,Chocó,Mujeres,Población ocupada,Anual,38.501129999999996
2009,Chocó,Mujeres,Población ocupada,Anual,52.301823
2010,Chocó,Mujeres,Población ocupada,Anual,55.149415
2011,Chocó,Mujeres,Población ocupada,Anual,65.23418600000001
2012,Chocó,Mujeres,Población ocupada,Anual,59.934889000000005
2013,Chocó,Mujeres,Población ocupada,Anual,66.321559
2014,Chocó,Mujeres,Población ocupada,Anual,53.571546000000005
2015,Chocó,Mujeres,Población ocupada,Anual,63.949143
2016,Chocó,Mujeres,Población ocupada,Anual,75.246221
2017,Chocó,Mujeres,Población ocupada,Anual,76.182136
2018,Chocó,Mujeres,Población ocupada,Anual,74.92515300000001
2019,Chocó,Mujeres,Población ocupada,Anual,60.913309
2020,Chocó,Mujeres,Población ocupada,Anual,53.092226000000004
2021,Chocó,Mujeres,Población ocupada,Anual,43.143
2022,Chocó,Mujeres,Población ocupada,Anual,51.445
2023,Chocó,Mujeres,Población ocupada,Anual,40.463
2024,Chocó,Mujeres,Población ocupada,Anual,38.111
2025,Chocó,Mujeres,Población ocupada,Anual,41.184
2007,Chocó,Mujeres,Población desocupada,Anual,10.880424999999999
2008,Chocó,Mujeres,Población desocupada,Anual,12.627395
2009,Chocó,Mujeres,Población desocupada,Anual,13.707379000000001
2010,Chocó,Mujeres,Población desocupada,Anual,10.819665
2011,Chocó,Mujeres,Población desocupada,Anual,15.068477999999999
2012,Chocó,Mujeres,Población desocupada,Anual,11.951189000000001
2013,Chocó,Mujeres,Población desocupada,Anual,12.252993
2014,Chocó,Mujeres,Población desocupada,Anual,11.077577
2015,Chocó,Mujeres,Población desocupada,Anual,11.004875
2016,Chocó,Mujeres,Población desocupada,Anual,13.455328
2017,Chocó,Mujeres,Población desocupada,Anual,11.672628000000001
2018,Chocó,Mujeres,Población desocupada,Anual,11.769067999999999
2019,Chocó,Mujeres,Población desocupada,Anual,12.723400999999999
2020,Chocó,Mujeres,Población desocupada,Anual,10.177519
2021,Chocó,Mujeres,Población desocupada,Anual,11.107
2022,Chocó,Mujeres,Población desocupada,Anual,10.724
2023,Chocó,Mujeres,Población desocupada,Anual,12.479
2024,Chocó,Mujeres,Población desocupada,Anual,9.848
2025,Chocó,Mujeres,Población desocupada,Anual,10.524
2007,Chocó,Mujeres,Población fuera de la fuerza de trabajo,Anual,86.404753
2008,Chocó,Mujeres,Población fuera de la fuerza de trabajo,Anual,91.84247500000001
2009,Chocó,Mujeres,Población fuera de la fuerza de trabajo,Anual,81.028798
2010,Chocó,Mujeres,Población fuera de la fuerza de trabajo,Anual,84.99392
2011,Chocó,Mujeres,Población fuera de la fuerza de trabajo,Anual,74.434336
2012,Chocó,Mujeres,Población fuera de la fuerza de trabajo,Anual,86.604922
2013,Chocó,Mujeres,Población fuera de la fuerza de trabajo,Anual,83.665448
2014,Chocó,Mujeres,Población fuera de la fuerza de trabajo,Anual,101.321878
2015,Chocó,Mujeres,Población fuera de la fuerza de trabajo,Anual,94.693982
2016,Chocó,Mujeres,Población fuera de la fuerza de trabajo,Anual,84.650451
2017,Chocó,Mujeres,Población fuera de la fuerza de trabajo,Anual,89.20423600000001
2018,Chocó,Mujeres,Población fuera de la fuerza de trabajo,Anual,94.220779
2019,Chocó,Mujeres,Población fuera de la fuerza de trabajo,Anual,110.61129
2020,Chocó,Mujeres,Población fuera de la fuerza de trabajo,Anual,124.246255
2021,Chocó,Mujeres,Población fuera de la fuerza de trabajo,Anual,136.469
2022,Chocó,Mujeres,Población fuera de la fuerza de trabajo,Anual,131.671
2023,Chocó,Mujeres,Población fuera de la fuerza de trabajo,Anual,143.935
2024,Chocó,Mujeres,Población fuera de la fuerza de trabajo,Anual,152.385
2025,Chocó,Mujeres,Población fuera de la fuerza de trabajo,Anual,151.951
2007,Chocó,Mujeres,Población subocupada,Anual,2.45554
2008,Chocó,Mujeres,Población subocupada,Anual,2.059246
2009,Chocó,Mujeres,Población subocupada,Anual,1.350792
2010,Chocó,Mujeres,Población subocupada,Anual,2.6663069999999998
2011,Chocó,Mujeres,Población subocupada,Anual,2.980206
2012,Chocó,Mujeres,Población subocupada,Anual,4.148112
2013,Chocó,Mujeres,Población subocupada,Anual,3.052264
2014,Chocó,Mujeres,Población subocupada,Anual,2.107598
2015,Chocó,Mujeres,Población subocupada,Anual,2.494965
2016,Chocó,Mujeres,Población subocupada,Anual,3.171898
2017,Chocó,Mujeres,Población subocupada,Anual,3.340447
2018,Chocó,Mujeres,Población subocupada,Anual,3.603717
2019,Chocó,Mujeres,Población subocupada,Anual,2.159341
2020,Chocó,Mujeres,Población subocupada,Anual,0.0
2021,Chocó,Mujeres,Población subocupada,Anual,0.861
2022,Chocó,Mujeres,Población subocupada,Anual,1.693
2023,Chocó,Mujeres,Población subocupada,Anual,1.09
2024,Chocó,Mujeres,Población subocupada,Anual,1.213
2025,Chocó,Mujeres,Población subocupada,Anual,0.92
2007,Chocó,Mujeres,Fuerza de trabajo potencial,Anual,0.0
2008,Chocó,Mujeres,Fuerza de trabajo potencial,Anual,0.0
2009,Chocó,Mujeres,Fuerza de trabajo potencial,Anual,0.0
2010,Chocó,Mujeres,Fuerza de trabajo potencial,Anual,0.0
2011,Chocó,Mujeres,Fuerza de trabajo potencial,Anual,0.0
2012,Chocó,Mujeres,Fuerza de trabajo potencial,Anual,0.0
2013,Chocó,Mujeres,Fuerza de trabajo potencial,Anual,0.0
2014,Chocó,Mujeres,Fuerza de trabajo potencial,Anual,0.0
2015,Chocó,Mujeres,Fuerza de trabajo potencial,Anual,0.0
2016,Chocó,Mujeres,Fuerza de trabajo potencial,Anual,0.0
2017,Chocó,Mujeres,Fuerza de trabajo potencial,Anual,0.0
2018,Chocó,Mujeres,Fuerza de trabajo potencial,Anual,0.0
2019,Chocó,Mujeres,Fuerza de trabajo potencial,Anual,0.0
2020,Chocó,Mujeres,Fuerza de trabajo potencial,Anual,0.0
2021,Chocó,Mujeres,Fuerza de trabajo potencial,Anual,15.031
2022,Chocó,Mujeres,Fuerza de trabajo potencial,Anual,9.143
2023,Chocó,Mujeres,Fuerza de trabajo potencial,Anual,11.438
2024,Chocó,Mujeres,Fuerza de trabajo potencial,Anual,18.618
2025,Chocó,Mujeres,Fuerza de trabajo potencial,Anual,19.782
2007,Córdoba,Mujeres,% población en edad de trabajar,Anual,69.358558823
2008,Córdoba,Mujeres,% población en edad de trabajar,Anual,70.199824232
2009,Córdoba,Mujeres,% población en edad de trabajar,Anual,70.260475707
2010,Córdoba,Mujeres,% población en edad de trabajar,Anual,70.690346654
2011,Córdoba,Mujeres,% población en edad de trabajar,Anual,71.100044473
2012,Córdoba,Mujeres,% población en edad de trabajar,Anual,71.496583152
2013,Córdoba,Mujeres,% población en edad de trabajar,Anual,71.878368211
2014,Córdoba,Mujeres,% población en edad de trabajar,Anual,72.244057733
2015,Córdoba,Mujeres,% población en edad de trabajar,Anual,72.590933713
2016,Córdoba,Mujeres,% población en edad de trabajar,Anual,72.915012186
2017,Córdoba,Mujeres,% población en edad de trabajar,Anual,73.218429128
2018,Córdoba,Mujeres,% población en edad de trabajar,Anual,73.539393073
2019,Córdoba,Mujeres,% población en edad de trabajar,Anual,73.774046138
2020,Córdoba,Mujeres,% población en edad de trabajar,Anual,74.00960874
2021,Córdoba,Mujeres,% población en edad de trabajar,Anual,74.256872989
2022,Córdoba,Mujeres,% población en edad de trabajar,Anual,74.508651794
2023,Córdoba,Mujeres,% población en edad de trabajar,Anual,74.760835878
2024,Córdoba,Mujeres,% población en edad de trabajar,Anual,75.130634418
2025,Córdoba,Mujeres,% población en edad de trabajar,Anual,75.43688764
2007,Córdoba,Mujeres,Tasa Global de Participación (TGP),Anual,45.911329588
2008,Córdoba,Mujeres,Tasa Global de Participación (TGP),Anual,50.13467369
2009,Córdoba,Mujeres,Tasa Global de Participación (TGP),Anual,58.865737718
2010,Córdoba,Mujeres,Tasa Global de Participación (TGP),Anual,56.23125992
2011,Córdoba,Mujeres,Tasa Global de Participación (TGP),Anual,56.764624248
2012,Córdoba,Mujeres,Tasa Global de Participación (TGP),Anual,54.845088632
2013,Córdoba,Mujeres,Tasa Global de Participación (TGP),Anual,49.447521462
2014,Córdoba,Mujeres,Tasa Global de Participación (TGP),Anual,47.425383549
2015,Córdoba,Mujeres,Tasa Global de Participación (TGP),Anual,51.896684885
2016,Córdoba,Mujeres,Tasa Global de Participación (TGP),Anual,53.916455737
2017,Córdoba,Mujeres,Tasa Global de Participación (TGP),Anual,57.178732184
2018,Córdoba,Mujeres,Tasa Global de Participación (TGP),Anual,54.780775621
2019,Córdoba,Mujeres,Tasa Global de Participación (TGP),Anual,55.548152408
2020,Córdoba,Mujeres,Tasa Global de Participación (TGP),Anual,48.214173207
2021,Córdoba,Mujeres,Tasa Global de Participación (TGP),Anual,43.456098095
2022,Córdoba,Mujeres,Tasa Global de Participación (TGP),Anual,46.64405556
2023,Córdoba,Mujeres,Tasa Global de Participación (TGP),Anual,49.375702303
2024,Córdoba,Mujeres,Tasa Global de Participación (TGP),Anual,51.856741956
2025,Córdoba,Mujeres,Tasa Global de Participación (TGP),Anual,51.388065597
2007,Córdoba,Mujeres,Tasa de Ocupación (TO),Anual,38.488855587
2008,Córdoba,Mujeres,Tasa de Ocupación (TO),Anual,41.124115794
2009,Córdoba,Mujeres,Tasa de Ocupación (TO),Anual,45.87504083
2010,Córdoba,Mujeres,Tasa de Ocupación (TO),Anual,45.678451445
2011,Córdoba,Mujeres,Tasa de Ocupación (TO),Anual,47.209761528
2012,Córdoba,Mujeres,Tasa de Ocupación (TO),Anual,46.374133133
2013,Córdoba,Mujeres,Tasa de Ocupación (TO),Anual,43.318692411
2014,Córdoba,Mujeres,Tasa de Ocupación (TO),Anual,42.767492939
2015,Córdoba,Mujeres,Tasa de Ocupación (TO),Anual,46.690319758
2016,Córdoba,Mujeres,Tasa de Ocupación (TO),Anual,46.21230017
2017,Córdoba,Mujeres,Tasa de Ocupación (TO),Anual,49.574993455
2018,Córdoba,Mujeres,Tasa de Ocupación (TO),Anual,48.719114329
2019,Córdoba,Mujeres,Tasa de Ocupación (TO),Anual,47.574923945
2020,Córdoba,Mujeres,Tasa de Ocupación (TO),Anual,39.675966192
2021,Córdoba,Mujeres,Tasa de Ocupación (TO),Anual,35.892700613
2022,Córdoba,Mujeres,Tasa de Ocupación (TO),Anual,38.6179985
2023,Córdoba,Mujeres,Tasa de Ocupación (TO),Anual,41.570756705
2024,Córdoba,Mujeres,Tasa de Ocupación (TO),Anual,43.842397976
2025,Córdoba,Mujeres,Tasa de Ocupación (TO),Anual,42.564553643
2007,Córdoba,Mujeres,Tasa de Desocupación (TD),Anual,16.166976796
2008,Córdoba,Mujeres,Tasa de Desocupación (TD),Anual,17.972706779
2009,Córdoba,Mujeres,Tasa de Desocupación (TD),Anual,22.068349759
2010,Córdoba,Mujeres,Tasa de Desocupación (TD),Anual,18.76680069
2011,Córdoba,Mujeres,Tasa de Desocupación (TD),Anual,16.832424854
2012,Córdoba,Mujeres,Tasa de Desocupación (TD),Anual,15.445239876
2013,Córdoba,Mujeres,Tasa de Desocupación (TD),Anual,12.394613259
2014,Córdoba,Mujeres,Tasa de Desocupación (TD),Anual,9.821513843
2015,Córdoba,Mujeres,Tasa de Desocupación (TD),Anual,10.032172841
2016,Córdoba,Mujeres,Tasa de Desocupación (TD),Anual,14.28906159
2017,Córdoba,Mujeres,Tasa de Desocupación (TD),Anual,13.298193994
2018,Córdoba,Mujeres,Tasa de Desocupación (TD),Anual,11.065307533
2019,Córdoba,Mujeres,Tasa de Desocupación (TD),Anual,14.353723963
2020,Córdoba,Mujeres,Tasa de Desocupación (TD),Anual,17.708915133
2021,Córdoba,Mujeres,Tasa de Desocupación (TD),Anual,17.404686138
2022,Córdoba,Mujeres,Tasa de Desocupación (TD),Anual,17.207030915
2023,Córdoba,Mujeres,Tasa de Desocupación (TD),Anual,15.807259916
2024,Córdoba,Mujeres,Tasa de Desocupación (TD),Anual,15.454777292
2025,Córdoba,Mujeres,Tasa de Desocupación (TD),Anual,17.170352399
2007,Córdoba,Mujeres,Tasa de Subocupación (TS),Anual,9.847365085
2008,Córdoba,Mujeres,Tasa de Subocupación (TS),Anual,10.957092523
2009,Córdoba,Mujeres,Tasa de Subocupación (TS),Anual,10.303060768
2010,Córdoba,Mujeres,Tasa de Subocupación (TS),Anual,11.7853126
2011,Córdoba,Mujeres,Tasa de Subocupación (TS),Anual,9.66620696
2012,Córdoba,Mujeres,Tasa de Subocupación (TS),Anual,10.000938035
2013,Córdoba,Mujeres,Tasa de Subocupación (TS),Anual,4.273371013
2014,Córdoba,Mujeres,Tasa de Subocupación (TS),Anual,3.236225893
2015,Córdoba,Mujeres,Tasa de Subocupación (TS),Anual,3.941434941
2016,Córdoba,Mujeres,Tasa de Subocupación (TS),Anual,5.827387005
2017,Córdoba,Mujeres,Tasa de Subocupación (TS),Anual,6.087420251
2018,Córdoba,Mujeres,Tasa de Subocupación (TS),Anual,5.989943245
2019,Córdoba,Mujeres,Tasa de Subocupación (TS),Anual,12.271241863
2020,Córdoba,Mujeres,Tasa de Subocupación (TS),Anual,0.0
2021,Córdoba,Mujeres,Tasa de Subocupación (TS),Anual,11.650397555
2022,Córdoba,Mujeres,Tasa de Subocupación (TS),Anual,8.36430259
2023,Córdoba,Mujeres,Tasa de Subocupación (TS),Anual,10.617255891
2024,Córdoba,Mujeres,Tasa de Subocupación (TS),Anual,10.304648001
2025,Córdoba,Mujeres,Tasa de Subocupación (TS),Anual,10.074386285
2007,Córdoba,Mujeres,Población total,Anual,791.686
2008,Córdoba,Mujeres,Población total,Anual,779.435
2009,Córdoba,Mujeres,Población total,Anual,810.709
2010,Córdoba,Mujeres,Población total,Anual,820.327
2011,Córdoba,Mujeres,Población total,Anual,829.721
2012,Córdoba,Mujeres,Población total,Anual,838.931
2013,Córdoba,Mujeres,Población total,Anual,848.002
2014,Córdoba,Mujeres,Población total,Anual,856.912
2015,Córdoba,Mujeres,Población total,Anual,865.823
2016,Córdoba,Mujeres,Población total,Anual,875.149
2017,Córdoba,Mujeres,Población total,Anual,884.795
2018,Córdoba,Mujeres,Población total,Anual,895.792
2019,Córdoba,Mujeres,Población total,Anual,908.15
2020,Córdoba,Mujeres,Población total,Anual,918.955
2021,Córdoba,Mujeres,Población total,Anual,927.102
2022,Córdoba,Mujeres,Población total,Anual,933.766
2023,Córdoba,Mujeres,Población total,Anual,940.01
2024,Córdoba,Mujeres,Población total,Anual,946.216
2025,Córdoba,Mujeres,Población total,Anual,952.471
2007,Córdoba,Mujeres,Población en edad de trabajar (PET),Anual,549.102
2008,Córdoba,Mujeres,Población en edad de trabajar (PET),Anual,547.162
2009,Córdoba,Mujeres,Población en edad de trabajar (PET),Anual,569.608
2010,Córdoba,Mujeres,Población en edad de trabajar (PET),Anual,579.892
2011,Córdoba,Mujeres,Población en edad de trabajar (PET),Anual,589.932
2012,Córdoba,Mujeres,Población en edad de trabajar (PET),Anual,599.807
2013,Córdoba,Mujeres,Población en edad de trabajar (PET),Anual,609.53
2014,Córdoba,Mujeres,Población en edad de trabajar (PET),Anual,619.068
2015,Córdoba,Mujeres,Población en edad de trabajar (PET),Anual,628.509
2016,Córdoba,Mujeres,Población en edad de trabajar (PET),Anual,638.115
2017,Córdoba,Mujeres,Población en edad de trabajar (PET),Anual,647.833
2018,Córdoba,Mujeres,Población en edad de trabajar (PET),Anual,658.76
2019,Córdoba,Mujeres,Población en edad de trabajar (PET),Anual,669.979
2020,Córdoba,Mujeres,Población en edad de trabajar (PET),Anual,680.115
2021,Córdoba,Mujeres,Población en edad de trabajar (PET),Anual,688.437
2022,Córdoba,Mujeres,Población en edad de trabajar (PET),Anual,695.736
2023,Córdoba,Mujeres,Población en edad de trabajar (PET),Anual,702.759
2024,Córdoba,Mujeres,Población en edad de trabajar (PET),Anual,710.898
2025,Córdoba,Mujeres,Población en edad de trabajar (PET),Anual,718.515
2007,Córdoba,Mujeres,Fuerza de trabajo,Anual,252.100029
2008,Córdoba,Mujeres,Fuerza de trabajo,Anual,274.317883
2009,Córdoba,Mujeres,Fuerza de trabajo,Anual,335.303951
2010,Córdoba,Mujeres,Fuerza de trabajo,Anual,326.080578
2011,Córdoba,Mujeres,Fuerza de trabajo,Anual,334.872683
2012,Córdoba,Mujeres,Fuerza de trabajo,Anual,328.964681
2013,Córdoba,Mujeres,Fuerza de trabajo,Anual,301.397478
2014,Córdoba,Mujeres,Fuerza de trabajo,Anual,293.595373
2015,Córdoba,Mujeres,Fuerza de trabajo,Anual,326.175335
2016,Córdoba,Mujeres,Fuerza de trabajo,Anual,344.04899200000006
2017,Córdoba,Mujeres,Fuerza de trabajo,Anual,370.422696
2018,Córdoba,Mujeres,Fuerza de trabajo,Anual,360.873837
2019,Córdoba,Mujeres,Fuerza de trabajo,Anual,372.160956
2020,Córdoba,Mujeres,Fuerza de trabajo,Anual,327.911824
2021,Córdoba,Mujeres,Fuerza de trabajo,Anual,299.168
2022,Córdoba,Mujeres,Fuerza de trabajo,Anual,324.52
2023,Córdoba,Mujeres,Fuerza de trabajo,Anual,346.992
2024,Córdoba,Mujeres,Fuerza de trabajo,Anual,368.648
2025,Córdoba,Mujeres,Fuerza de trabajo,Anual,369.231
2007,Córdoba,Mujeres,Población ocupada,Anual,211.343076
2008,Córdoba,Mujeres,Población ocupada,Anual,225.015534
2009,Córdoba,Mujeres,Población ocupada,Anual,261.307903
2010,Córdoba,Mujeres,Población ocupada,Anual,264.88568599999996
2011,Córdoba,Mujeres,Población ocupada,Anual,278.50549
2012,Córdoba,Mujeres,Población ocupada,Anual,278.155297
2013,Córdoba,Mujeres,Población ocupada,Anual,264.04042599999997
2014,Córdoba,Mujeres,Población ocupada,Anual,264.759863
2015,Córdoba,Mujeres,Población ocupada,Anual,293.45286200000004
2016,Córdoba,Mujeres,Población ocupada,Anual,294.88761900000003
2017,Córdoba,Mujeres,Población ocupada,Anual,321.16316700000004
2018,Córdoba,Mujeres,Población ocupada,Anual,320.942038
2019,Córdoba,Mujeres,Población ocupada,Anual,318.742
2020,Córdoba,Mujeres,Población ocupada,Anual,269.842197
2021,Córdoba,Mujeres,Población ocupada,Anual,247.098
2022,Córdoba,Mujeres,Población ocupada,Anual,268.679
2023,Córdoba,Mujeres,Población ocupada,Anual,292.142
2024,Córdoba,Mujeres,Población ocupada,Anual,311.675
2025,Córdoba,Mujeres,Población ocupada,Anual,305.833
2007,Córdoba,Mujeres,Población desocupada,Anual,40.756953
2008,Córdoba,Mujeres,Población desocupada,Anual,49.302349
2009,Córdoba,Mujeres,Población desocupada,Anual,73.996049
2010,Córdoba,Mujeres,Población desocupada,Anual,61.194892
2011,Córdoba,Mujeres,Población desocupada,Anual,56.367193
2012,Córdoba,Mujeres,Población desocupada,Anual,50.809384
2013,Córdoba,Mujeres,Población desocupada,Anual,37.357052
2014,Córdoba,Mujeres,Población desocupada,Anual,28.83551
2015,Córdoba,Mujeres,Población desocupada,Anual,32.722473
2016,Córdoba,Mujeres,Población desocupada,Anual,49.161372
2017,Córdoba,Mujeres,Población desocupada,Anual,49.259529
2018,Córdoba,Mujeres,Población desocupada,Anual,39.9318
2019,Córdoba,Mujeres,Población desocupada,Anual,53.418956
2020,Córdoba,Mujeres,Población desocupada,Anual,58.069627
2021,Córdoba,Mujeres,Población desocupada,Anual,52.069
2022,Córdoba,Mujeres,Población desocupada,Anual,55.84
2023,Córdoba,Mujeres,Población desocupada,Anual,54.85
2024,Córdoba,Mujeres,Población desocupada,Anual,56.974
2025,Córdoba,Mujeres,Población desocupada,Anual,63.398
2007,Córdoba,Mujeres,Población fuera de la fuerza de trabajo,Anual,297.001971
2008,Córdoba,Mujeres,Población fuera de la fuerza de trabajo,Anual,272.84411700000004
2009,Córdoba,Mujeres,Población fuera de la fuerza de trabajo,Anual,234.304049
2010,Córdoba,Mujeres,Población fuera de la fuerza de trabajo,Anual,253.811422
2011,Córdoba,Mujeres,Población fuera de la fuerza de trabajo,Anual,255.05931700000002
2012,Córdoba,Mujeres,Población fuera de la fuerza de trabajo,Anual,270.84231900000003
2013,Córdoba,Mujeres,Población fuera de la fuerza de trabajo,Anual,308.132522
2014,Córdoba,Mujeres,Población fuera de la fuerza de trabajo,Anual,325.472627
2015,Córdoba,Mujeres,Población fuera de la fuerza de trabajo,Anual,302.333665
2016,Córdoba,Mujeres,Población fuera de la fuerza de trabajo,Anual,294.06600799999995
2017,Córdoba,Mujeres,Población fuera de la fuerza de trabajo,Anual,277.410304
2018,Córdoba,Mujeres,Población fuera de la fuerza de trabajo,Anual,297.886163
2019,Córdoba,Mujeres,Población fuera de la fuerza de trabajo,Anual,297.818044
2020,Córdoba,Mujeres,Población fuera de la fuerza de trabajo,Anual,352.203176
2021,Córdoba,Mujeres,Población fuera de la fuerza de trabajo,Anual,389.269
2022,Córdoba,Mujeres,Población fuera de la fuerza de trabajo,Anual,371.217
2023,Córdoba,Mujeres,Población fuera de la fuerza de trabajo,Anual,355.767
2024,Córdoba,Mujeres,Población fuera de la fuerza de trabajo,Anual,342.249
2025,Córdoba,Mujeres,Población fuera de la fuerza de trabajo,Anual,349.284
2007,Córdoba,Mujeres,Población subocupada,Anual,24.82521
2008,Córdoba,Mujeres,Población subocupada,Anual,30.057264
2009,Córdoba,Mujeres,Población subocupada,Anual,34.54657
2010,Córdoba,Mujeres,Población subocupada,Anual,38.429615
2011,Córdoba,Mujeres,Población subocupada,Anual,32.369487
2012,Córdoba,Mujeres,Población subocupada,Anual,32.899553999999995
2013,Córdoba,Mujeres,Población subocupada,Anual,12.879832
2014,Córdoba,Mujeres,Población subocupada,Anual,9.501408999999999
2015,Córdoba,Mujeres,Población subocupada,Anual,12.855989
2016,Córdoba,Mujeres,Población subocupada,Anual,20.049066
2017,Córdoba,Mujeres,Población subocupada,Anual,22.549186000000002
2018,Córdoba,Mujeres,Población subocupada,Anual,21.616138
2019,Córdoba,Mujeres,Población subocupada,Anual,45.668771
2020,Córdoba,Mujeres,Población subocupada,Anual,0.0
2021,Córdoba,Mujeres,Población subocupada,Anual,34.854
2022,Córdoba,Mujeres,Población subocupada,Anual,27.144
2023,Córdoba,Mujeres,Población subocupada,Anual,36.841
2024,Córdoba,Mujeres,Población subocupada,Anual,37.988
2025,Córdoba,Mujeres,Población subocupada,Anual,37.198
2007,Córdoba,Mujeres,Fuerza de trabajo potencial,Anual,0.0
2008,Córdoba,Mujeres,Fuerza de trabajo potencial,Anual,0.0
2009,Córdoba,Mujeres,Fuerza de trabajo potencial,Anual,0.0
2010,Córdoba,Mujeres,Fuerza de trabajo potencial,Anual,0.0
2011,Córdoba,Mujeres,Fuerza de trabajo potencial,Anual,0.0
2012,Córdoba,Mujeres,Fuerza de trabajo potencial,Anual,0.0
2013,Córdoba,Mujeres,Fuerza de trabajo potencial,Anual,0.0
2014,Córdoba,Mujeres,Fuerza de trabajo potencial,Anual,0.0
2015,Córdoba,Mujeres,Fuerza de trabajo potencial,Anual,0.0
2016,Córdoba,Mujeres,Fuerza de trabajo potencial,Anual,0.0
2017,Córdoba,Mujeres,Fuerza de trabajo potencial,Anual,0.0
2018,Córdoba,Mujeres,Fuerza de trabajo potencial,Anual,0.0
2019,Córdoba,Mujeres,Fuerza de trabajo potencial,Anual,0.0
2020,Córdoba,Mujeres,Fuerza de trabajo potencial,Anual,0.0
2021,Córdoba,Mujeres,Fuerza de trabajo potencial,Anual,45.059
2022,Córdoba,Mujeres,Fuerza de trabajo potencial,Anual,61.303
2023,Córdoba,Mujeres,Fuerza de trabajo potencial,Anual,69.733
2024,Córdoba,Mujeres,Fuerza de trabajo potencial,Anual,60.583
2025,Córdoba,Mujeres,Fuerza de trabajo potencial,Anual,65.292
2007,Cundinamarca,Mujeres,% población en edad de trabajar,Anual,71.693807996
2008,Cundinamarca,Mujeres,% población en edad de trabajar,Anual,72.350316048
2009,Cundinamarca,Mujeres,% población en edad de trabajar,Anual,73.048264038
2010,Cundinamarca,Mujeres,% población en edad de trabajar,Anual,73.751969846
2011,Cundinamarca,Mujeres,% población en edad de trabajar,Anual,74.443471423
2012,Cundinamarca,Mujeres,% población en edad de trabajar,Anual,75.112899558
2013,Cundinamarca,Mujeres,% población en edad de trabajar,Anual,75.747371584
2014,Cundinamarca,Mujeres,% población en edad de trabajar,Anual,76.33426554
2015,Cundinamarca,Mujeres,% población en edad de trabajar,Anual,76.868522815
2016,Cundinamarca,Mujeres,% población en edad de trabajar,Anual,77.334684432
2017,Cundinamarca,Mujeres,% población en edad de trabajar,Anual,77.733274373
2018,Cundinamarca,Mujeres,% población en edad de trabajar,Anual,77.891812385
2019,Cundinamarca,Mujeres,% población en edad de trabajar,Anual,77.985241624
2020,Cundinamarca,Mujeres,% población en edad de trabajar,Anual,78.171900534
2021,Cundinamarca,Mujeres,% población en edad de trabajar,Anual,78.13423704
2022,Cundinamarca,Mujeres,% población en edad de trabajar,Anual,78.344813662
2023,Cundinamarca,Mujeres,% población en edad de trabajar,Anual,78.473998519
2024,Cundinamarca,Mujeres,% población en edad de trabajar,Anual,78.774581721
2025,Cundinamarca,Mujeres,% población en edad de trabajar,Anual,78.987663304
2007,Cundinamarca,Mujeres,Tasa Global de Participación (TGP),Anual,54.112667925
2008,Cundinamarca,Mujeres,Tasa Global de Participación (TGP),Anual,58.256852134
2009,Cundinamarca,Mujeres,Tasa Global de Participación (TGP),Anual,64.772634002
2010,Cundinamarca,Mujeres,Tasa Global de Participación (TGP),Anual,67.324438088
2011,Cundinamarca,Mujeres,Tasa Global de Participación (TGP),Anual,64.122045605
2012,Cundinamarca,Mujeres,Tasa Global de Participación (TGP),Anual,63.96312874
2013,Cundinamarca,Mujeres,Tasa Global de Participación (TGP),Anual,63.131424051
2014,Cundinamarca,Mujeres,Tasa Global de Participación (TGP),Anual,65.251995727
2015,Cundinamarca,Mujeres,Tasa Global de Participación (TGP),Anual,62.777546027
2016,Cundinamarca,Mujeres,Tasa Global de Participación (TGP),Anual,59.809209844
2017,Cundinamarca,Mujeres,Tasa Global de Participación (TGP),Anual,60.063006768
2018,Cundinamarca,Mujeres,Tasa Global de Participación (TGP),Anual,61.497237958
2019,Cundinamarca,Mujeres,Tasa Global de Participación (TGP),Anual,57.400827828
2020,Cundinamarca,Mujeres,Tasa Global de Participación (TGP),Anual,56.39522129
2021,Cundinamarca,Mujeres,Tasa Global de Participación (TGP),Anual,56.572139755
2022,Cundinamarca,Mujeres,Tasa Global de Participación (TGP),Anual,57.306694751
2023,Cundinamarca,Mujeres,Tasa Global de Participación (TGP),Anual,57.147928904
2024,Cundinamarca,Mujeres,Tasa Global de Participación (TGP),Anual,55.404042256
2025,Cundinamarca,Mujeres,Tasa Global de Participación (TGP),Anual,61.007518075
2007,Cundinamarca,Mujeres,Tasa de Ocupación (TO),Anual,45.754560377
2008,Cundinamarca,Mujeres,Tasa de Ocupación (TO),Anual,51.276652761
2009,Cundinamarca,Mujeres,Tasa de Ocupación (TO),Anual,55.705018798
2010,Cundinamarca,Mujeres,Tasa de Ocupación (TO),Anual,58.938865856
2011,Cundinamarca,Mujeres,Tasa de Ocupación (TO),Anual,55.415680304
2012,Cundinamarca,Mujeres,Tasa de Ocupación (TO),Anual,55.954731192
2013,Cundinamarca,Mujeres,Tasa de Ocupación (TO),Anual,56.143428459
2014,Cundinamarca,Mujeres,Tasa de Ocupación (TO),Anual,57.82184113
2015,Cundinamarca,Mujeres,Tasa de Ocupación (TO),Anual,55.585131458
2016,Cundinamarca,Mujeres,Tasa de Ocupación (TO),Anual,53.239844008
2017,Cundinamarca,Mujeres,Tasa de Ocupación (TO),Anual,53.464801781
2018,Cundinamarca,Mujeres,Tasa de Ocupación (TO),Anual,52.75408897
2019,Cundinamarca,Mujeres,Tasa de Ocupación (TO),Anual,48.077756296
2020,Cundinamarca,Mujeres,Tasa de Ocupación (TO),Anual,43.41578585
2021,Cundinamarca,Mujeres,Tasa de Ocupación (TO),Anual,44.207539555
2022,Cundinamarca,Mujeres,Tasa de Ocupación (TO),Anual,48.536879977
2023,Cundinamarca,Mujeres,Tasa de Ocupación (TO),Anual,49.684156573
2024,Cundinamarca,Mujeres,Tasa de Ocupación (TO),Anual,47.988508042
2025,Cundinamarca,Mujeres,Tasa de Ocupación (TO),Anual,53.643678748
2007,Cundinamarca,Mujeres,Tasa de Desocupación (TD),Anual,15.445750262
2008,Cundinamarca,Mujeres,Tasa de Desocupación (TD),Anual,11.981765435
2009,Cundinamarca,Mujeres,Tasa de Desocupación (TD),Anual,13.999145385
2010,Cundinamarca,Mujeres,Tasa de Desocupación (TD),Anual,12.455465608
2011,Cundinamarca,Mujeres,Tasa de Desocupación (TD),Anual,13.57780342
2012,Cundinamarca,Mujeres,Tasa de Desocupación (TD),Anual,12.520334301
2013,Cundinamarca,Mujeres,Tasa de Desocupación (TD),Anual,11.06896557
2014,Cundinamarca,Mujeres,Tasa de Desocupación (TD),Anual,11.386861834
2015,Cundinamarca,Mujeres,Tasa de Desocupación (TD),Anual,11.456985855
2016,Cundinamarca,Mujeres,Tasa de Desocupación (TD),Anual,10.983869964
2017,Cundinamarca,Mujeres,Tasa de Desocupación (TD),Anual,10.985472327
2018,Cundinamarca,Mujeres,Tasa de Desocupación (TD),Anual,14.21714093
2019,Cundinamarca,Mujeres,Tasa de Desocupación (TD),Anual,16.242050654
2020,Cundinamarca,Mujeres,Tasa de Desocupación (TD),Anual,23.015133451
2021,Cundinamarca,Mujeres,Tasa de Desocupación (TD),Anual,21.85634175
2022,Cundinamarca,Mujeres,Tasa de Desocupación (TD),Anual,15.303298876
2023,Cundinamarca,Mujeres,Tasa de Desocupación (TD),Anual,13.060442388
2024,Cundinamarca,Mujeres,Tasa de Desocupación (TD),Anual,13.384464223
2025,Cundinamarca,Mujeres,Tasa de Desocupación (TD),Anual,12.07038011
2007,Cundinamarca,Mujeres,Tasa de Subocupación (TS),Anual,9.858144585
2008,Cundinamarca,Mujeres,Tasa de Subocupación (TS),Anual,10.074139788
2009,Cundinamarca,Mujeres,Tasa de Subocupación (TS),Anual,14.443586715
2010,Cundinamarca,Mujeres,Tasa de Subocupación (TS),Anual,15.367838994
2011,Cundinamarca,Mujeres,Tasa de Subocupación (TS),Anual,15.893728649
2012,Cundinamarca,Mujeres,Tasa de Subocupación (TS),Anual,14.707278283
2013,Cundinamarca,Mujeres,Tasa de Subocupación (TS),Anual,11.122128488
2014,Cundinamarca,Mujeres,Tasa de Subocupación (TS),Anual,15.442455169
2015,Cundinamarca,Mujeres,Tasa de Subocupación (TS),Anual,12.63093704
2016,Cundinamarca,Mujeres,Tasa de Subocupación (TS),Anual,12.937660193
2017,Cundinamarca,Mujeres,Tasa de Subocupación (TS),Anual,12.946870141
2018,Cundinamarca,Mujeres,Tasa de Subocupación (TS),Anual,10.020872494
2019,Cundinamarca,Mujeres,Tasa de Subocupación (TS),Anual,12.146004783
2020,Cundinamarca,Mujeres,Tasa de Subocupación (TS),Anual,0.0
2021,Cundinamarca,Mujeres,Tasa de Subocupación (TS),Anual,8.824938682
2022,Cundinamarca,Mujeres,Tasa de Subocupación (TS),Anual,10.63115433
2023,Cundinamarca,Mujeres,Tasa de Subocupación (TS),Anual,7.327098774
2024,Cundinamarca,Mujeres,Tasa de Subocupación (TS),Anual,6.663690336
2025,Cundinamarca,Mujeres,Tasa de Subocupación (TS),Anual,9.61411019
2007,Cundinamarca,Mujeres,Población total,Anual,1004.925
2008,Cundinamarca,Mujeres,Población total,Anual,1027.849
2009,Cundinamarca,Mujeres,Población total,Anual,1054.574
2010,Cundinamarca,Mujeres,Población total,Anual,1085.11
2011,Cundinamarca,Mujeres,Población total,Anual,1119.08
2012,Cundinamarca,Mujeres,Población total,Anual,1156.559
2013,Cundinamarca,Mujeres,Población total,Anual,1197.965
2014,Cundinamarca,Mujeres,Población total,Anual,1243.287
2015,Cundinamarca,Mujeres,Población total,Anual,1293.0
2016,Cundinamarca,Mujeres,Población total,Anual,1349.026
2017,Cundinamarca,Mujeres,Población total,Anual,1411.128
2018,Cundinamarca,Mujeres,Población total,Anual,1486.196
2019,Cundinamarca,Mujeres,Población total,Anual,1570.769
2020,Cundinamarca,Mujeres,Población total,Anual,1643.0888289999998
2021,Cundinamarca,Mujeres,Población total,Anual,1719.18
2022,Cundinamarca,Mujeres,Población total,Anual,1773.178
2023,Cundinamarca,Mujeres,Población total,Anual,1824.013
2024,Cundinamarca,Mujeres,Población total,Anual,1872.157
2025,Cundinamarca,Mujeres,Población total,Anual,1918.031
2007,Cundinamarca,Mujeres,Población en edad de trabajar (PET),Anual,720.469
2008,Cundinamarca,Mujeres,Población en edad de trabajar (PET),Anual,743.652
2009,Cundinamarca,Mujeres,Población en edad de trabajar (PET),Anual,770.348
2010,Cundinamarca,Mujeres,Población en edad de trabajar (PET),Anual,800.29
2011,Cundinamarca,Mujeres,Población en edad de trabajar (PET),Anual,833.082
2012,Cundinamarca,Mujeres,Población en edad de trabajar (PET),Anual,868.725
2013,Cundinamarca,Mujeres,Población en edad de trabajar (PET),Anual,907.427
2014,Cundinamarca,Mujeres,Población en edad de trabajar (PET),Anual,949.054
2015,Cundinamarca,Mujeres,Población en edad de trabajar (PET),Anual,993.91
2016,Cundinamarca,Mujeres,Población en edad de trabajar (PET),Anual,1043.265
2017,Cundinamarca,Mujeres,Población en edad de trabajar (PET),Anual,1096.916
2018,Cundinamarca,Mujeres,Población en edad de trabajar (PET),Anual,1157.625
2019,Cundinamarca,Mujeres,Población en edad de trabajar (PET),Anual,1224.968
2020,Cundinamarca,Mujeres,Población en edad de trabajar (PET),Anual,1284.433765
2021,Cundinamarca,Mujeres,Población en edad de trabajar (PET),Anual,1343.268
2022,Cundinamarca,Mujeres,Población en edad de trabajar (PET),Anual,1389.193
2023,Cundinamarca,Mujeres,Población en edad de trabajar (PET),Anual,1431.376
2024,Cundinamarca,Mujeres,Población en edad de trabajar (PET),Anual,1474.784
2025,Cundinamarca,Mujeres,Población en edad de trabajar (PET),Anual,1515.008
2007,Cundinamarca,Mujeres,Fuerza de trabajo,Anual,389.86499699999996
2008,Cundinamarca,Mujeres,Fuerza de trabajo,Anual,433.228246
2009,Cundinamarca,Mujeres,Fuerza de trabajo,Anual,498.974691
2010,Cundinamarca,Mujeres,Fuerza de trabajo,Anual,538.790746
2011,Cundinamarca,Mujeres,Fuerza de trabajo,Anual,534.18922
2012,Cundinamarca,Mujeres,Fuerza de trabajo,Anual,555.66369
2013,Cundinamarca,Mujeres,Fuerza de trabajo,Anual,572.8715870000001
2014,Cundinamarca,Mujeres,Fuerza de trabajo,Anual,619.276676
2015,Cundinamarca,Mujeres,Fuerza de trabajo,Anual,623.952308
2016,Cundinamarca,Mujeres,Fuerza de trabajo,Anual,623.9685529999999
2017,Cundinamarca,Mujeres,Fuerza de trabajo,Anual,658.840731
2018,Cundinamarca,Mujeres,Fuerza de trabajo,Anual,711.9074009999999
2019,Cundinamarca,Mujeres,Fuerza de trabajo,Anual,703.1417730000001
2020,Cundinamarca,Mujeres,Fuerza de trabajo,Anual,724.3592639999999
2021,Cundinamarca,Mujeres,Fuerza de trabajo,Anual,759.916
2022,Cundinamarca,Mujeres,Fuerza de trabajo,Anual,796.101
2023,Cundinamarca,Mujeres,Fuerza de trabajo,Anual,818.002
2024,Cundinamarca,Mujeres,Fuerza de trabajo,Anual,817.09
2025,Cundinamarca,Mujeres,Fuerza de trabajo,Anual,924.269
2007,Cundinamarca,Mujeres,Población ocupada,Anual,329.647424
2008,Cundinamarca,Mujeres,Población ocupada,Anual,381.31985399999996
2009,Cundinamarca,Mujeres,Población ocupada,Anual,429.122498
2010,Cundinamarca,Mujeres,Población ocupada,Anual,471.68185
2011,Cundinamarca,Mujeres,Población ocupada,Anual,461.65805800000004
2012,Cundinamarca,Mujeres,Población ocupada,Anual,486.092739
2013,Cundinamarca,Mujeres,Población ocupada,Anual,509.46062900000004
2014,Cundinamarca,Mujeres,Población ocupada,Anual,548.760496
2015,Cundinamarca,Mujeres,Población ocupada,Anual,552.46618
2016,Cundinamarca,Mujeres,Población ocupada,Anual,555.432659
2017,Cundinamarca,Mujeres,Población ocupada,Anual,586.4639649999999
2018,Cundinamarca,Mujeres,Población ocupada,Anual,610.694522
2019,Cundinamarca,Mujeres,Población ocupada,Anual,588.93713
2020,Cundinamarca,Mujeres,Población ocupada,Anual,557.647013
2021,Cundinamarca,Mujeres,Población ocupada,Anual,593.826
2022,Cundinamarca,Mujeres,Población ocupada,Anual,674.271
2023,Cundinamarca,Mujeres,Población ocupada,Anual,711.167
2024,Cundinamarca,Mujeres,Población ocupada,Anual,707.727
2025,Cundinamarca,Mujeres,Población ocupada,Anual,812.706
2007,Cundinamarca,Mujeres,Población desocupada,Anual,60.217574
2008,Cundinamarca,Mujeres,Población desocupada,Anual,51.908392
2009,Cundinamarca,Mujeres,Población desocupada,Anual,69.852192
2010,Cundinamarca,Mujeres,Población desocupada,Anual,67.10889599999999
2011,Cundinamarca,Mujeres,Población desocupada,Anual,72.531162
2012,Cundinamarca,Mujeres,Población desocupada,Anual,69.570952
2013,Cundinamarca,Mujeres,Población desocupada,Anual,63.410959000000005
2014,Cundinamarca,Mujeres,Población desocupada,Anual,70.51617900000001
2015,Cundinamarca,Mujeres,Población desocupada,Anual,71.486128
2016,Cundinamarca,Mujeres,Población desocupada,Anual,68.535894
2017,Cundinamarca,Mujeres,Población desocupada,Anual,72.376766
2018,Cundinamarca,Mujeres,Población desocupada,Anual,101.212878
2019,Cundinamarca,Mujeres,Población desocupada,Anual,114.20464299999999
2020,Cundinamarca,Mujeres,Población desocupada,Anual,166.71225099999998
2021,Cundinamarca,Mujeres,Población desocupada,Anual,166.09
2022,Cundinamarca,Mujeres,Población desocupada,Anual,121.83
2023,Cundinamarca,Mujeres,Población desocupada,Anual,106.835
2024,Cundinamarca,Mujeres,Población desocupada,Anual,109.363
2025,Cundinamarca,Mujeres,Población desocupada,Anual,111.563
2007,Cundinamarca,Mujeres,Población fuera de la fuerza de trabajo,Anual,330.60400300000003
2008,Cundinamarca,Mujeres,Población fuera de la fuerza de trabajo,Anual,310.42375400000003
2009,Cundinamarca,Mujeres,Población fuera de la fuerza de trabajo,Anual,271.373309
2010,Cundinamarca,Mujeres,Población fuera de la fuerza de trabajo,Anual,261.499254
2011,Cundinamarca,Mujeres,Población fuera de la fuerza de trabajo,Anual,298.89278
2012,Cundinamarca,Mujeres,Población fuera de la fuerza de trabajo,Anual,313.06131
2013,Cundinamarca,Mujeres,Población fuera de la fuerza de trabajo,Anual,334.555413
2014,Cundinamarca,Mujeres,Población fuera de la fuerza de trabajo,Anual,329.777324
2015,Cundinamarca,Mujeres,Población fuera de la fuerza de trabajo,Anual,369.957692
2016,Cundinamarca,Mujeres,Población fuera de la fuerza de trabajo,Anual,419.296447
2017,Cundinamarca,Mujeres,Población fuera de la fuerza de trabajo,Anual,438.075269
2018,Cundinamarca,Mujeres,Población fuera de la fuerza de trabajo,Anual,445.717599
2019,Cundinamarca,Mujeres,Población fuera de la fuerza de trabajo,Anual,521.826227
2020,Cundinamarca,Mujeres,Población fuera de la fuerza de trabajo,Anual,560.074501
2021,Cundinamarca,Mujeres,Población fuera de la fuerza de trabajo,Anual,583.353
2022,Cundinamarca,Mujeres,Población fuera de la fuerza de trabajo,Anual,593.092
2023,Cundinamarca,Mujeres,Población fuera de la fuerza de trabajo,Anual,613.374
2024,Cundinamarca,Mujeres,Población fuera de la fuerza de trabajo,Anual,657.694
2025,Cundinamarca,Mujeres,Población fuera de la fuerza de trabajo,Anual,590.739
2007,Cundinamarca,Mujeres,Población subocupada,Anual,38.433455
2008,Cundinamarca,Mujeres,Población subocupada,Anual,43.644019
2009,Cundinamarca,Mujeres,Población subocupada,Anual,72.06984200000001
2010,Cundinamarca,Mujeres,Población subocupada,Anual,82.800494
2011,Cundinamarca,Mujeres,Población subocupada,Anual,84.902585
2012,Cundinamarca,Mujeres,Población subocupada,Anual,81.723005
2013,Cundinamarca,Mujeres,Población subocupada,Anual,63.715514000000006
2014,Cundinamarca,Mujeres,Población subocupada,Anual,95.631523
2015,Cundinamarca,Mujeres,Población subocupada,Anual,78.811023
2016,Cundinamarca,Mujeres,Población subocupada,Anual,80.726931
2017,Cundinamarca,Mujeres,Población subocupada,Anual,85.299254
2018,Cundinamarca,Mujeres,Población subocupada,Anual,71.339333
2019,Cundinamarca,Mujeres,Población subocupada,Anual,85.403633
2020,Cundinamarca,Mujeres,Población subocupada,Anual,0.0
2021,Cundinamarca,Mujeres,Población subocupada,Anual,67.062
2022,Cundinamarca,Mujeres,Población subocupada,Anual,84.635
2023,Cundinamarca,Mujeres,Población subocupada,Anual,59.936
2024,Cundinamarca,Mujeres,Población subocupada,Anual,54.448
2025,Cundinamarca,Mujeres,Población subocupada,Anual,88.86
2007,Cundinamarca,Mujeres,Fuerza de trabajo potencial,Anual,0.0
2008,Cundinamarca,Mujeres,Fuerza de trabajo potencial,Anual,0.0
2009,Cundinamarca,Mujeres,Fuerza de trabajo potencial,Anual,0.0
2010,Cundinamarca,Mujeres,Fuerza de trabajo potencial,Anual,0.0
2011,Cundinamarca,Mujeres,Fuerza de trabajo potencial,Anual,0.0
2012,Cundinamarca,Mujeres,Fuerza de trabajo potencial,Anual,0.0
2013,Cundinamarca,Mujeres,Fuerza de trabajo potencial,Anual,0.0
2014,Cundinamarca,Mujeres,Fuerza de trabajo potencial,Anual,0.0
2015,Cundinamarca,Mujeres,Fuerza de trabajo potencial,Anual,0.0
2016,Cundinamarca,Mujeres,Fuerza de trabajo potencial,Anual,0.0
2017,Cundinamarca,Mujeres,Fuerza de trabajo potencial,Anual,0.0
2018,Cundinamarca,Mujeres,Fuerza de trabajo potencial,Anual,0.0
2019,Cundinamarca,Mujeres,Fuerza de trabajo potencial,Anual,0.0
2020,Cundinamarca,Mujeres,Fuerza de trabajo potencial,Anual,0.0
2021,Cundinamarca,Mujeres,Fuerza de trabajo potencial,Anual,71.595
2022,Cundinamarca,Mujeres,Fuerza de trabajo potencial,Anual,73.327
2023,Cundinamarca,Mujeres,Fuerza de trabajo potencial,Anual,78.047
2024,Cundinamarca,Mujeres,Fuerza de trabajo potencial,Anual,48.522
2025,Cundinamarca,Mujeres,Fuerza de trabajo potencial,Anual,81.817
2007,Huila,Mujeres,% población en edad de trabajar,Anual,69.18915115
2008,Huila,Mujeres,% población en edad de trabajar,Anual,69.638510348
2009,Huila,Mujeres,% población en edad de trabajar,Anual,70.076836464
2010,Huila,Mujeres,% población en edad de trabajar,Anual,70.492278069
2011,Huila,Mujeres,% población en edad de trabajar,Anual,70.876806531
2012,Huila,Mujeres,% población en edad de trabajar,Anual,71.241789263
2013,Huila,Mujeres,% población en edad de trabajar,Anual,71.578961578
2014,Huila,Mujeres,% población en edad de trabajar,Anual,71.893698093
2015,Huila,Mujeres,% población en edad de trabajar,Anual,72.187790809
2016,Huila,Mujeres,% población en edad de trabajar,Anual,72.457261975
2017,Huila,Mujeres,% población en edad de trabajar,Anual,72.702349869
2018,Huila,Mujeres,% población en edad de trabajar,Anual,72.916719593
2019,Huila,Mujeres,% población en edad de trabajar,Anual,73.210933097
2020,Huila,Mujeres,% población en edad de trabajar,Anual,73.506505968
2021,Huila,Mujeres,% población en edad de trabajar,Anual,73.824372618
2022,Huila,Mujeres,% población en edad de trabajar,Anual,74.126922876
2023,Huila,Mujeres,% población en edad de trabajar,Anual,74.423922504
2024,Huila,Mujeres,% población en edad de trabajar,Anual,74.656796
2025,Huila,Mujeres,% población en edad de trabajar,Anual,74.980345165
2007,Huila,Mujeres,Tasa Global de Participación (TGP),Anual,41.516413478
2008,Huila,Mujeres,Tasa Global de Participación (TGP),Anual,48.106902995
2009,Huila,Mujeres,Tasa Global de Participación (TGP),Anual,51.6865216
2010,Huila,Mujeres,Tasa Global de Participación (TGP),Anual,49.962561333
2011,Huila,Mujeres,Tasa Global de Participación (TGP),Anual,49.207263262
2012,Huila,Mujeres,Tasa Global de Participación (TGP),Anual,53.259477237
2013,Huila,Mujeres,Tasa Global de Participación (TGP),Anual,50.58324622
2014,Huila,Mujeres,Tasa Global de Participación (TGP),Anual,45.771549731
2015,Huila,Mujeres,Tasa Global de Participación (TGP),Anual,47.638421947
2016,Huila,Mujeres,Tasa Global de Participación (TGP),Anual,45.571652511
2017,Huila,Mujeres,Tasa Global de Participación (TGP),Anual,43.910374479
2018,Huila,Mujeres,Tasa Global de Participación (TGP),Anual,41.427203596
2019,Huila,Mujeres,Tasa Global de Participación (TGP),Anual,39.641262165
2020,Huila,Mujeres,Tasa Global de Participación (TGP),Anual,35.873298878
2021,Huila,Mujeres,Tasa Global de Participación (TGP),Anual,35.165801022
2022,Huila,Mujeres,Tasa Global de Participación (TGP),Anual,39.934337822
2023,Huila,Mujeres,Tasa Global de Participación (TGP),Anual,41.771992721
2024,Huila,Mujeres,Tasa Global de Participación (TGP),Anual,43.216378873
2025,Huila,Mujeres,Tasa Global de Participación (TGP),Anual,36.692086554
2007,Huila,Mujeres,Tasa de Ocupación (TO),Anual,35.387848843
2008,Huila,Mujeres,Tasa de Ocupación (TO),Anual,40.953357319
2009,Huila,Mujeres,Tasa de Ocupación (TO),Anual,43.306159213
2010,Huila,Mujeres,Tasa de Ocupación (TO),Anual,43.286079709
2011,Huila,Mujeres,Tasa de Ocupación (TO),Anual,42.768093067
2012,Huila,Mujeres,Tasa de Ocupación (TO),Anual,44.661719316
2013,Huila,Mujeres,Tasa de Ocupación (TO),Anual,44.317708632
2014,Huila,Mujeres,Tasa de Ocupación (TO),Anual,39.641494678
2015,Huila,Mujeres,Tasa de Ocupación (TO),Anual,41.931615102
2016,Huila,Mujeres,Tasa de Ocupación (TO),Anual,39.243298986
2017,Huila,Mujeres,Tasa de Ocupación (TO),Anual,37.128764524
2018,Huila,Mujeres,Tasa de Ocupación (TO),Anual,34.515799252
2019,Huila,Mujeres,Tasa de Ocupación (TO),Anual,33.988476418
2020,Huila,Mujeres,Tasa de Ocupación (TO),Anual,27.192198825
2021,Huila,Mujeres,Tasa de Ocupación (TO),Anual,28.207335761
2022,Huila,Mujeres,Tasa de Ocupación (TO),Anual,35.088953869
2023,Huila,Mujeres,Tasa de Ocupación (TO),Anual,36.511200062
2024,Huila,Mujeres,Tasa de Ocupación (TO),Anual,38.626675855
2025,Huila,Mujeres,Tasa de Ocupación (TO),Anual,33.116547818
2007,Huila,Mujeres,Tasa de Desocupación (TD),Anual,14.761787259
2008,Huila,Mujeres,Tasa de Desocupación (TD),Anual,14.870102273
2009,Huila,Mujeres,Tasa de Desocupación (TD),Anual,16.213825437
2010,Huila,Mujeres,Tasa de Desocupación (TD),Anual,13.362969083
2011,Huila,Mujeres,Tasa de Desocupación (TD),Anual,13.085812475
2012,Huila,Mujeres,Tasa de Desocupación (TD),Anual,16.143151166
2013,Huila,Mujeres,Tasa de Desocupación (TD),Anual,12.386586579
2014,Huila,Mujeres,Tasa de Desocupación (TD),Anual,13.392719034
2015,Huila,Mujeres,Tasa de Desocupación (TD),Anual,11.979420415
2016,Huila,Mujeres,Tasa de Desocupación (TD),Anual,13.886600938
2017,Huila,Mujeres,Tasa de Desocupación (TD),Anual,15.444208881
2018,Huila,Mujeres,Tasa de Desocupación (TD),Anual,16.683250966
2019,Huila,Mujeres,Tasa de Desocupación (TD),Anual,14.259853089
2020,Huila,Mujeres,Tasa de Desocupación (TD),Anual,24.199335786
2021,Huila,Mujeres,Tasa de Desocupación (TD),Anual,19.787592088
2022,Huila,Mujeres,Tasa de Desocupación (TD),Anual,12.133377484
2023,Huila,Mujeres,Tasa de Desocupación (TD),Anual,12.59406678
2024,Huila,Mujeres,Tasa de Desocupación (TD),Anual,10.62028596
2025,Huila,Mujeres,Tasa de Desocupación (TD),Anual,9.744713565
2007,Huila,Mujeres,Tasa de Subocupación (TS),Anual,9.312987807
2008,Huila,Mujeres,Tasa de Subocupación (TS),Anual,9.849848091
2009,Huila,Mujeres,Tasa de Subocupación (TS),Anual,12.857018698
2010,Huila,Mujeres,Tasa de Subocupación (TS),Anual,13.00200098
2011,Huila,Mujeres,Tasa de Subocupación (TS),Anual,12.358349634
2012,Huila,Mujeres,Tasa de Subocupación (TS),Anual,13.177984735
2013,Huila,Mujeres,Tasa de Subocupación (TS),Anual,14.050534148
2014,Huila,Mujeres,Tasa de Subocupación (TS),Anual,11.979328691
2015,Huila,Mujeres,Tasa de Subocupación (TS),Anual,13.091280267
2016,Huila,Mujeres,Tasa de Subocupación (TS),Anual,12.029076953
2017,Huila,Mujeres,Tasa de Subocupación (TS),Anual,9.553137324
2018,Huila,Mujeres,Tasa de Subocupación (TS),Anual,10.15459548
2019,Huila,Mujeres,Tasa de Subocupación (TS),Anual,9.400502891
2020,Huila,Mujeres,Tasa de Subocupación (TS),Anual,0.0
2021,Huila,Mujeres,Tasa de Subocupación (TS),Anual,3.61459556
2022,Huila,Mujeres,Tasa de Subocupación (TS),Anual,6.631727464
2023,Huila,Mujeres,Tasa de Subocupación (TS),Anual,7.813683159
2024,Huila,Mujeres,Tasa de Subocupación (TS),Anual,6.446769103
2025,Huila,Mujeres,Tasa de Subocupación (TS),Anual,6.038900081
2007,Huila,Mujeres,Población total,Anual,483.148
2008,Huila,Mujeres,Población total,Anual,488.866
2009,Huila,Mujeres,Población total,Anual,494.687
2010,Huila,Mujeres,Población total,Anual,500.652
2011,Huila,Mujeres,Población total,Anual,506.634
2012,Huila,Mujeres,Población total,Anual,512.591
2013,Huila,Mujeres,Población total,Anual,518.556
2014,Huila,Mujeres,Población total,Anual,524.619
2015,Huila,Mujeres,Población total,Anual,530.846
2016,Huila,Mujeres,Población total,Anual,537.285
2017,Huila,Mujeres,Población total,Anual,543.86
2018,Huila,Mujeres,Población total,Anual,551.078
2019,Huila,Mujeres,Población total,Anual,557.134
2020,Huila,Mujeres,Población total,Anual,562.791
2021,Huila,Mujeres,Población total,Anual,567.773
2022,Huila,Mujeres,Población total,Anual,572.499
2023,Huila,Mujeres,Población total,Anual,577.038
2024,Huila,Mujeres,Población total,Anual,581.487
2025,Huila,Mujeres,Población total,Anual,585.84
2007,Huila,Mujeres,Población en edad de trabajar (PET),Anual,334.286
2008,Huila,Mujeres,Población en edad de trabajar (PET),Anual,340.439
2009,Huila,Mujeres,Población en edad de trabajar (PET),Anual,346.661
2010,Huila,Mujeres,Población en edad de trabajar (PET),Anual,352.921
2011,Huila,Mujeres,Población en edad de trabajar (PET),Anual,359.086
2012,Huila,Mujeres,Población en edad de trabajar (PET),Anual,365.179
2013,Huila,Mujeres,Población en edad de trabajar (PET),Anual,371.177
2014,Huila,Mujeres,Población en edad de trabajar (PET),Anual,377.168
2015,Huila,Mujeres,Población en edad de trabajar (PET),Anual,383.206
2016,Huila,Mujeres,Población en edad de trabajar (PET),Anual,389.302
2017,Huila,Mujeres,Población en edad de trabajar (PET),Anual,395.399
2018,Huila,Mujeres,Población en edad de trabajar (PET),Anual,401.828
2019,Huila,Mujeres,Población en edad de trabajar (PET),Anual,407.883
2020,Huila,Mujeres,Población en edad de trabajar (PET),Anual,413.688
2021,Huila,Mujeres,Población en edad de trabajar (PET),Anual,419.155
2022,Huila,Mujeres,Población en edad de trabajar (PET),Anual,424.376
2023,Huila,Mujeres,Población en edad de trabajar (PET),Anual,429.454
2024,Huila,Mujeres,Población en edad de trabajar (PET),Anual,434.12
2025,Huila,Mujeres,Población en edad de trabajar (PET),Anual,439.265
2007,Huila,Mujeres,Fuerza de trabajo,Anual,138.783558
2008,Huila,Mujeres,Fuerza de trabajo,Anual,163.774659
2009,Huila,Mujeres,Fuerza de trabajo,Anual,179.17701300000002
2010,Huila,Mujeres,Fuerza de trabajo,Anual,176.328371
2011,Huila,Mujeres,Fuerza de trabajo,Anual,176.696393
2012,Huila,Mujeres,Fuerza de trabajo,Anual,194.492426
2013,Huila,Mujeres,Fuerza de trabajo,Anual,187.753376
2014,Huila,Mujeres,Fuerza de trabajo,Anual,172.635639
2015,Huila,Mujeres,Fuerza de trabajo,Anual,182.553291
2016,Huila,Mujeres,Fuerza de trabajo,Anual,177.41135500000001
2017,Huila,Mujeres,Fuerza de trabajo,Anual,173.621182
2018,Huila,Mujeres,Fuerza de trabajo,Anual,166.466104
2019,Huila,Mujeres,Fuerza de trabajo,Anual,161.68996900000002
2020,Huila,Mujeres,Fuerza de trabajo,Anual,148.40353299999998
2021,Huila,Mujeres,Fuerza de trabajo,Anual,147.399
2022,Huila,Mujeres,Fuerza de trabajo,Anual,169.472
2023,Huila,Mujeres,Fuerza de trabajo,Anual,179.392
2024,Huila,Mujeres,Fuerza de trabajo,Anual,187.611
2025,Huila,Mujeres,Fuerza de trabajo,Anual,161.175
2007,Huila,Mujeres,Población ocupada,Anual,118.296624
2008,Huila,Mujeres,Población ocupada,Anual,139.4212
2009,Huila,Mujeres,Población ocupada,Anual,150.125565
2010,Huila,Mujeres,Población ocupada,Anual,152.765665
2011,Huila,Mujeres,Población ocupada,Anual,153.574235
2012,Huila,Mujeres,Población ocupada,Anual,163.09522
2013,Huila,Mujeres,Población ocupada,Anual,164.497141
2014,Huila,Mujeres,Población ocupada,Anual,149.515033
2015,Huila,Mujeres,Población ocupada,Anual,160.684465
2016,Huila,Mujeres,Población ocupada,Anual,152.774948
2017,Huila,Mujeres,Población ocupada,Anual,146.806764
2018,Huila,Mujeres,Población ocupada,Anual,138.69414600000002
2019,Huila,Mujeres,Población ocupada,Anual,138.633217
2020,Huila,Mujeres,Población ocupada,Anual,112.490863
2021,Huila,Mujeres,Población ocupada,Anual,118.232
2022,Huila,Mujeres,Población ocupada,Anual,148.909
2023,Huila,Mujeres,Población ocupada,Anual,156.799
2024,Huila,Mujeres,Población ocupada,Anual,167.686
2025,Huila,Mujeres,Población ocupada,Anual,145.469
2007,Huila,Mujeres,Población desocupada,Anual,20.486934
2008,Huila,Mujeres,Población desocupada,Anual,24.353458999999997
2009,Huila,Mujeres,Población desocupada,Anual,29.051448
2010,Huila,Mujeres,Población desocupada,Anual,23.562706
2011,Huila,Mujeres,Población desocupada,Anual,23.122159
2012,Huila,Mujeres,Población desocupada,Anual,31.397205999999997
2013,Huila,Mujeres,Población desocupada,Anual,23.256234
2014,Huila,Mujeres,Población desocupada,Anual,23.120606
2015,Huila,Mujeres,Población desocupada,Anual,21.868826000000002
2016,Huila,Mujeres,Población desocupada,Anual,24.636407
2017,Huila,Mujeres,Población desocupada,Anual,26.814418
2018,Huila,Mujeres,Población desocupada,Anual,27.771957999999998
2019,Huila,Mujeres,Población desocupada,Anual,23.056752
2020,Huila,Mujeres,Población desocupada,Anual,35.912669
2021,Huila,Mujeres,Población desocupada,Anual,29.167
2022,Huila,Mujeres,Población desocupada,Anual,20.563
2023,Huila,Mujeres,Población desocupada,Anual,22.593
2024,Huila,Mujeres,Población desocupada,Anual,19.925
2025,Huila,Mujeres,Población desocupada,Anual,15.706
2007,Huila,Mujeres,Población fuera de la fuerza de trabajo,Anual,195.502442
2008,Huila,Mujeres,Población fuera de la fuerza de trabajo,Anual,176.66434099999998
2009,Huila,Mujeres,Población fuera de la fuerza de trabajo,Anual,167.48398699999998
2010,Huila,Mujeres,Población fuera de la fuerza de trabajo,Anual,176.592629
2011,Huila,Mujeres,Población fuera de la fuerza de trabajo,Anual,182.38960699999998
2012,Huila,Mujeres,Población fuera de la fuerza de trabajo,Anual,170.686574
2013,Huila,Mujeres,Población fuera de la fuerza de trabajo,Anual,183.42362400000002
2014,Huila,Mujeres,Población fuera de la fuerza de trabajo,Anual,204.532361
2015,Huila,Mujeres,Población fuera de la fuerza de trabajo,Anual,200.65270900000002
2016,Huila,Mujeres,Población fuera de la fuerza de trabajo,Anual,211.89064499999998
2017,Huila,Mujeres,Población fuera de la fuerza de trabajo,Anual,221.777818
2018,Huila,Mujeres,Población fuera de la fuerza de trabajo,Anual,235.361896
2019,Huila,Mujeres,Población fuera de la fuerza de trabajo,Anual,246.193031
2020,Huila,Mujeres,Población fuera de la fuerza de trabajo,Anual,265.284467
2021,Huila,Mujeres,Población fuera de la fuerza de trabajo,Anual,271.756
2022,Huila,Mujeres,Población fuera de la fuerza de trabajo,Anual,254.904
2023,Huila,Mujeres,Población fuera de la fuerza de trabajo,Anual,250.063
2024,Huila,Mujeres,Población fuera de la fuerza de trabajo,Anual,246.509
2025,Huila,Mujeres,Población fuera de la fuerza de trabajo,Anual,278.089
2007,Huila,Mujeres,Población subocupada,Anual,12.924896
2008,Huila,Mujeres,Población subocupada,Anual,16.131555
2009,Huila,Mujeres,Población subocupada,Anual,23.036822
2010,Huila,Mujeres,Población subocupada,Anual,22.926217
2011,Huila,Mujeres,Población subocupada,Anual,21.836758000000003
2012,Huila,Mujeres,Población subocupada,Anual,25.630182
2013,Huila,Mujeres,Población subocupada,Anual,26.380352
2014,Huila,Mujeres,Población subocupada,Anual,20.680591
2015,Huila,Mujeres,Población subocupada,Anual,23.898563
2016,Huila,Mujeres,Población subocupada,Anual,21.340948
2017,Huila,Mujeres,Población subocupada,Anual,16.58627
2018,Huila,Mujeres,Población subocupada,Anual,16.903959
2019,Huila,Mujeres,Población subocupada,Anual,15.19967
2020,Huila,Mujeres,Población subocupada,Anual,0.0
2021,Huila,Mujeres,Población subocupada,Anual,5.328
2022,Huila,Mujeres,Población subocupada,Anual,11.239
2023,Huila,Mujeres,Población subocupada,Anual,14.017
2024,Huila,Mujeres,Población subocupada,Anual,12.095
2025,Huila,Mujeres,Población subocupada,Anual,9.733
2007,Huila,Mujeres,Fuerza de trabajo potencial,Anual,0.0
2008,Huila,Mujeres,Fuerza de trabajo potencial,Anual,0.0
2009,Huila,Mujeres,Fuerza de trabajo potencial,Anual,0.0
2010,Huila,Mujeres,Fuerza de trabajo potencial,Anual,0.0
2011,Huila,Mujeres,Fuerza de trabajo potencial,Anual,0.0
2012,Huila,Mujeres,Fuerza de trabajo potencial,Anual,0.0
2013,Huila,Mujeres,Fuerza de trabajo potencial,Anual,0.0
2014,Huila,Mujeres,Fuerza de trabajo potencial,Anual,0.0
2015,Huila,Mujeres,Fuerza de trabajo potencial,Anual,0.0
2016,Huila,Mujeres,Fuerza de trabajo potencial,Anual,0.0
2017,Huila,Mujeres,Fuerza de trabajo potencial,Anual,0.0
2018,Huila,Mujeres,Fuerza de trabajo potencial,Anual,0.0
2019,Huila,Mujeres,Fuerza de trabajo potencial,Anual,0.0
2020,Huila,Mujeres,Fuerza de trabajo potencial,Anual,0.0
2021,Huila,Mujeres,Fuerza de trabajo potencial,Anual,10.43
2022,Huila,Mujeres,Fuerza de trabajo potencial,Anual,9.162
2023,Huila,Mujeres,Fuerza de trabajo potencial,Anual,8.051
2024,Huila,Mujeres,Fuerza de trabajo potencial,Anual,5.764
2025,Huila,Mujeres,Fuerza de trabajo potencial,Anual,4.953
2007,La Guajira,Mujeres,% población en edad de trabajar,Anual,61.939825903
2008,La Guajira,Mujeres,% población en edad de trabajar,Anual,62.218646346
2009,La Guajira,Mujeres,% población en edad de trabajar,Anual,62.502448269
2010,La Guajira,Mujeres,% población en edad de trabajar,Anual,62.792984314
2011,La Guajira,Mujeres,% población en edad de trabajar,Anual,63.097002679
2012,La Guajira,Mujeres,% población en edad de trabajar,Anual,63.436851391
2013,La Guajira,Mujeres,% población en edad de trabajar,Anual,63.819008576
2014,La Guajira,Mujeres,% población en edad de trabajar,Anual,64.23728729
2015,La Guajira,Mujeres,% población en edad de trabajar,Anual,64.698818166
2016,La Guajira,Mujeres,% población en edad de trabajar,Anual,65.210985426
2017,La Guajira,Mujeres,% población en edad de trabajar,Anual,65.732387593
2018,La Guajira,Mujeres,% población en edad de trabajar,Anual,66.331239142
2019,La Guajira,Mujeres,% población en edad de trabajar,Anual,66.981918508
2020,La Guajira,Mujeres,% población en edad de trabajar,Anual,67.509485518
2021,La Guajira,Mujeres,% población en edad de trabajar,Anual,67.943572771
2022,La Guajira,Mujeres,% población en edad de trabajar,Anual,68.325241652
2023,La Guajira,Mujeres,% población en edad de trabajar,Anual,68.741598449
2024,La Guajira,Mujeres,% población en edad de trabajar,Anual,68.977049061
2025,La Guajira,Mujeres,% población en edad de trabajar,Anual,69.463491348
2007,La Guajira,Mujeres,Tasa Global de Participación (TGP),Anual,41.16888436
2008,La Guajira,Mujeres,Tasa Global de Participación (TGP),Anual,38.129171691
2009,La Guajira,Mujeres,Tasa Global de Participación (TGP),Anual,52.870498307
2010,La Guajira,Mujeres,Tasa Global de Participación (TGP),Anual,60.598504601
2011,La Guajira,Mujeres,Tasa Global de Participación (TGP),Anual,59.630573303
2012,La Guajira,Mujeres,Tasa Global de Participación (TGP),Anual,74.785465327
2013,La Guajira,Mujeres,Tasa Global de Participación (TGP),Anual,69.653995076
2014,La Guajira,Mujeres,Tasa Global de Participación (TGP),Anual,70.728361246
2015,La Guajira,Mujeres,Tasa Global de Participación (TGP),Anual,74.402507622
2016,La Guajira,Mujeres,Tasa Global de Participación (TGP),Anual,76.544117507
2017,La Guajira,Mujeres,Tasa Global de Participación (TGP),Anual,80.231402243
2018,La Guajira,Mujeres,Tasa Global de Participación (TGP),Anual,80.496933252
2019,La Guajira,Mujeres,Tasa Global de Participación (TGP),Anual,76.614254494
2020,La Guajira,Mujeres,Tasa Global de Participación (TGP),Anual,67.404252442
2021,La Guajira,Mujeres,Tasa Global de Participación (TGP),Anual,62.551954913
2022,La Guajira,Mujeres,Tasa Global de Participación (TGP),Anual,57.379467235
2023,La Guajira,Mujeres,Tasa Global de Participación (TGP),Anual,52.075165271
2024,La Guajira,Mujeres,Tasa Global de Participación (TGP),Anual,50.569079826
2025,La Guajira,Mujeres,Tasa Global de Participación (TGP),Anual,51.348502718
2007,La Guajira,Mujeres,Tasa de Ocupación (TO),Anual,33.156932909
2008,La Guajira,Mujeres,Tasa de Ocupación (TO),Anual,29.566225204
2009,La Guajira,Mujeres,Tasa de Ocupación (TO),Anual,45.193365466
2010,La Guajira,Mujeres,Tasa de Ocupación (TO),Anual,52.233163642
2011,La Guajira,Mujeres,Tasa de Ocupación (TO),Anual,52.652529585
2012,La Guajira,Mujeres,Tasa de Ocupación (TO),Anual,67.098970717
2013,La Guajira,Mujeres,Tasa de Ocupación (TO),Anual,63.555808394
2014,La Guajira,Mujeres,Tasa de Ocupación (TO),Anual,64.732609989
2015,La Guajira,Mujeres,Tasa de Ocupación (TO),Anual,68.327253251
2016,La Guajira,Mujeres,Tasa de Ocupación (TO),Anual,68.32019977
2017,La Guajira,Mujeres,Tasa de Ocupación (TO),Anual,74.479589886
2018,La Guajira,Mujeres,Tasa de Ocupación (TO),Anual,77.09101596
2019,La Guajira,Mujeres,Tasa de Ocupación (TO),Anual,71.081665114
2020,La Guajira,Mujeres,Tasa de Ocupación (TO),Anual,59.316254722
2021,La Guajira,Mujeres,Tasa de Ocupación (TO),Anual,58.772978398
2022,La Guajira,Mujeres,Tasa de Ocupación (TO),Anual,50.790495909
2023,La Guajira,Mujeres,Tasa de Ocupación (TO),Anual,43.072478301
2024,La Guajira,Mujeres,Tasa de Ocupación (TO),Anual,43.804585964
2025,La Guajira,Mujeres,Tasa de Ocupación (TO),Anual,43.217589056
2007,La Guajira,Mujeres,Tasa de Desocupación (TD),Anual,19.461181851
2008,La Guajira,Mujeres,Tasa de Desocupación (TD),Anual,22.457730149
2009,La Guajira,Mujeres,Tasa de Desocupación (TD),Anual,14.520636435
2010,La Guajira,Mujeres,Tasa de Desocupación (TD),Anual,13.804533651
2011,La Guajira,Mujeres,Tasa de Desocupación (TD),Anual,11.702124148
2012,La Guajira,Mujeres,Tasa de Desocupación (TD),Anual,10.278059481
2013,La Guajira,Mujeres,Tasa de Desocupación (TD),Anual,8.754970443
2014,La Guajira,Mujeres,Tasa de Desocupación (TD),Anual,8.477152802
2015,La Guajira,Mujeres,Tasa de Desocupación (TD),Anual,8.165389266
2016,La Guajira,Mujeres,Tasa de Desocupación (TD),Anual,10.744023193
2017,La Guajira,Mujeres,Tasa de Desocupación (TD),Anual,7.169028829
2018,La Guajira,Mujeres,Tasa de Desocupación (TD),Anual,4.231114347
2019,La Guajira,Mujeres,Tasa de Desocupación (TD),Anual,7.221357718
2020,La Guajira,Mujeres,Tasa de Desocupación (TD),Anual,11.999239554
2021,La Guajira,Mujeres,Tasa de Desocupación (TD),Anual,6.041340388
2022,La Guajira,Mujeres,Tasa de Desocupación (TD),Anual,11.483151803
2023,La Guajira,Mujeres,Tasa de Desocupación (TD),Anual,17.287870182
2024,La Guajira,Mujeres,Tasa de Desocupación (TD),Anual,13.376739077
2025,La Guajira,Mujeres,Tasa de Desocupación (TD),Anual,15.834762906
2007,La Guajira,Mujeres,Tasa de Subocupación (TS),Anual,9.179162363
2008,La Guajira,Mujeres,Tasa de Subocupación (TS),Anual,7.446993233
2009,La Guajira,Mujeres,Tasa de Subocupación (TS),Anual,7.342432592
2010,La Guajira,Mujeres,Tasa de Subocupación (TS),Anual,9.057469376
2011,La Guajira,Mujeres,Tasa de Subocupación (TS),Anual,5.929492489
2012,La Guajira,Mujeres,Tasa de Subocupación (TS),Anual,9.464854311
2013,La Guajira,Mujeres,Tasa de Subocupación (TS),Anual,8.471208848
2014,La Guajira,Mujeres,Tasa de Subocupación (TS),Anual,9.743269258
2015,La Guajira,Mujeres,Tasa de Subocupación (TS),Anual,11.030287452
2016,La Guajira,Mujeres,Tasa de Subocupación (TS),Anual,10.76148678
2017,La Guajira,Mujeres,Tasa de Subocupación (TS),Anual,11.930500991
2018,La Guajira,Mujeres,Tasa de Subocupación (TS),Anual,13.171921093
2019,La Guajira,Mujeres,Tasa de Subocupación (TS),Anual,13.503484892
2020,La Guajira,Mujeres,Tasa de Subocupación (TS),Anual,0.0
2021,La Guajira,Mujeres,Tasa de Subocupación (TS),Anual,10.733549403
2022,La Guajira,Mujeres,Tasa de Subocupación (TS),Anual,7.88414063
2023,La Guajira,Mujeres,Tasa de Subocupación (TS),Anual,6.260259951
2024,La Guajira,Mujeres,Tasa de Subocupación (TS),Anual,8.822487699
2025,La Guajira,Mujeres,Tasa de Subocupación (TS),Anual,8.930454809
2007,La Guajira,Mujeres,Población total,Anual,347.392
2008,La Guajira,Mujeres,Población total,Anual,354.847
2009,La Guajira,Mujeres,Población total,Anual,362.501
2010,La Guajira,Mujeres,Población total,Anual,370.199
2011,La Guajira,Mujeres,Población total,Anual,377.804
2012,La Guajira,Mujeres,Población total,Anual,385.44
2013,La Guajira,Mujeres,Población total,Anual,393.212
2014,La Guajira,Mujeres,Población total,Anual,400.898
2015,La Guajira,Mujeres,Población total,Anual,408.856
2016,La Guajira,Mujeres,Población total,Anual,418.773
2017,La Guajira,Mujeres,Población total,Anual,430.421
2018,La Guajira,Mujeres,Población total,Anual,448.383
2019,La Guajira,Mujeres,Población total,Anual,472.638
2020,La Guajira,Mujeres,Población total,Anual,492.593
2021,La Guajira,Mujeres,Población total,Anual,504.372
2022,La Guajira,Mujeres,Población total,Anual,512.014
2023,La Guajira,Mujeres,Población total,Anual,518.939
2024,La Guajira,Mujeres,Población total,Anual,525.632
2025,La Guajira,Mujeres,Población total,Anual,532.227
2007,La Guajira,Mujeres,Población en edad de trabajar (PET),Anual,215.174
2008,La Guajira,Mujeres,Población en edad de trabajar (PET),Anual,220.781
2009,La Guajira,Mujeres,Población en edad de trabajar (PET),Anual,226.572
2010,La Guajira,Mujeres,Población en edad de trabajar (PET),Anual,232.459
2011,La Guajira,Mujeres,Población en edad de trabajar (PET),Anual,238.383
2012,La Guajira,Mujeres,Población en edad de trabajar (PET),Anual,244.511
2013,La Guajira,Mujeres,Población en edad de trabajar (PET),Anual,250.944
2014,La Guajira,Mujeres,Población en edad de trabajar (PET),Anual,257.526
2015,La Guajira,Mujeres,Población en edad de trabajar (PET),Anual,264.525
2016,La Guajira,Mujeres,Población en edad de trabajar (PET),Anual,273.086
2017,La Guajira,Mujeres,Población en edad de trabajar (PET),Anual,282.926
2018,La Guajira,Mujeres,Población en edad de trabajar (PET),Anual,297.418
2019,La Guajira,Mujeres,Población en edad de trabajar (PET),Anual,316.582
2020,La Guajira,Mujeres,Población en edad de trabajar (PET),Anual,332.547
2021,La Guajira,Mujeres,Población en edad de trabajar (PET),Anual,342.689
2022,La Guajira,Mujeres,Población en edad de trabajar (PET),Anual,349.835
2023,La Guajira,Mujeres,Población en edad de trabajar (PET),Anual,356.727
2024,La Guajira,Mujeres,Población en edad de trabajar (PET),Anual,362.566
2025,La Guajira,Mujeres,Población en edad de trabajar (PET),Anual,369.703
2007,La Guajira,Mujeres,Fuerza de trabajo,Anual,88.584735
2008,La Guajira,Mujeres,Fuerza de trabajo,Anual,84.181967
2009,La Guajira,Mujeres,Fuerza de trabajo,Anual,119.789745
2010,La Guajira,Mujeres,Fuerza de trabajo,Anual,140.866678
2011,La Guajira,Mujeres,Fuerza de trabajo,Anual,142.14915
2012,La Guajira,Mujeres,Fuerza de trabajo,Anual,182.85868900000003
2013,La Guajira,Mujeres,Fuerza de trabajo,Anual,174.79252100000002
2014,La Guajira,Mujeres,Fuerza de trabajo,Anual,182.14392
2015,La Guajira,Mujeres,Fuerza de trabajo,Anual,196.813233
2016,La Guajira,Mujeres,Fuerza de trabajo,Anual,209.031269
2017,La Guajira,Mujeres,Fuerza de trabajo,Anual,226.995497
2018,La Guajira,Mujeres,Fuerza de trabajo,Anual,239.412369
2019,La Guajira,Mujeres,Fuerza de trabajo,Anual,242.546939
2020,La Guajira,Mujeres,Fuerza de trabajo,Anual,224.15081899999998
2021,La Guajira,Mujeres,Fuerza de trabajo,Anual,214.358
2022,La Guajira,Mujeres,Fuerza de trabajo,Anual,200.733
2023,La Guajira,Mujeres,Fuerza de trabajo,Anual,185.766
2024,La Guajira,Mujeres,Fuerza de trabajo,Anual,183.346
2025,La Guajira,Mujeres,Fuerza de trabajo,Anual,189.837
2007,La Guajira,Mujeres,Población ocupada,Anual,71.345099
2008,La Guajira,Mujeres,Población ocupada,Anual,65.276608
2009,La Guajira,Mujeres,Población ocupada,Anual,102.395512
2010,La Guajira,Mujeres,Población ocupada,Anual,121.42069000000001
2011,La Guajira,Mujeres,Población ocupada,Anual,125.51468
2012,La Guajira,Mujeres,Población ocupada,Anual,164.064364
2013,La Guajira,Mujeres,Población ocupada,Anual,159.48948800000002
2014,La Guajira,Mujeres,Población ocupada,Anual,166.703301
2015,La Guajira,Mujeres,Población ocupada,Anual,180.74266699999998
2016,La Guajira,Mujeres,Población ocupada,Anual,186.572901
2017,La Guajira,Mujeres,Población ocupada,Anual,210.722124
2018,La Guajira,Mujeres,Población ocupada,Anual,229.282558
2019,La Guajira,Mujeres,Población ocupada,Anual,225.031757
2020,La Guajira,Mujeres,Población ocupada,Anual,197.254426
2021,La Guajira,Mujeres,Población ocupada,Anual,201.408
2022,La Guajira,Mujeres,Población ocupada,Anual,177.683
2023,La Guajira,Mujeres,Población ocupada,Anual,153.651
2024,La Guajira,Mujeres,Población ocupada,Anual,158.82
2025,La Guajira,Mujeres,Población ocupada,Anual,159.777
2007,La Guajira,Mujeres,Población desocupada,Anual,17.239635999999997
2008,La Guajira,Mujeres,Población desocupada,Anual,18.905359
2009,La Guajira,Mujeres,Población desocupada,Anual,17.394233
2010,La Guajira,Mujeres,Población desocupada,Anual,19.445988
2011,La Guajira,Mujeres,Población desocupada,Anual,16.63447
2012,La Guajira,Mujeres,Población desocupada,Anual,18.794325
2013,La Guajira,Mujeres,Población desocupada,Anual,15.303034
2014,La Guajira,Mujeres,Población desocupada,Anual,15.440618
2015,La Guajira,Mujeres,Población desocupada,Anual,16.070567
2016,La Guajira,Mujeres,Población desocupada,Anual,22.458368
2017,La Guajira,Mujeres,Población desocupada,Anual,16.273373
2018,La Guajira,Mujeres,Población desocupada,Anual,10.129811
2019,La Guajira,Mujeres,Población desocupada,Anual,17.515182
2020,La Guajira,Mujeres,Población desocupada,Anual,26.896394
2021,La Guajira,Mujeres,Población desocupada,Anual,12.95
2022,La Guajira,Mujeres,Población desocupada,Anual,23.051
2023,La Guajira,Mujeres,Población desocupada,Anual,32.115
2024,La Guajira,Mujeres,Población desocupada,Anual,24.526
2025,La Guajira,Mujeres,Población desocupada,Anual,30.06
2007,La Guajira,Mujeres,Población fuera de la fuerza de trabajo,Anual,126.589265
2008,La Guajira,Mujeres,Población fuera de la fuerza de trabajo,Anual,136.599033
2009,La Guajira,Mujeres,Población fuera de la fuerza de trabajo,Anual,106.782255
2010,La Guajira,Mujeres,Población fuera de la fuerza de trabajo,Anual,91.592322
2011,La Guajira,Mujeres,Población fuera de la fuerza de trabajo,Anual,96.23385
2012,La Guajira,Mujeres,Población fuera de la fuerza de trabajo,Anual,61.652311000000005
2013,La Guajira,Mujeres,Población fuera de la fuerza de trabajo,Anual,76.15147900000001
2014,La Guajira,Mujeres,Población fuera de la fuerza de trabajo,Anual,75.38208
2015,La Guajira,Mujeres,Población fuera de la fuerza de trabajo,Anual,67.71176700000001
2016,La Guajira,Mujeres,Población fuera de la fuerza de trabajo,Anual,64.054731
2017,La Guajira,Mujeres,Población fuera de la fuerza de trabajo,Anual,55.930502999999995
2018,La Guajira,Mujeres,Población fuera de la fuerza de trabajo,Anual,58.005631
2019,La Guajira,Mujeres,Población fuera de la fuerza de trabajo,Anual,74.035061
2020,La Guajira,Mujeres,Población fuera de la fuerza de trabajo,Anual,108.396181
2021,La Guajira,Mujeres,Población fuera de la fuerza de trabajo,Anual,128.33
2022,La Guajira,Mujeres,Población fuera de la fuerza de trabajo,Anual,149.102
2023,La Guajira,Mujeres,Población fuera de la fuerza de trabajo,Anual,170.961
2024,La Guajira,Mujeres,Población fuera de la fuerza de trabajo,Anual,179.219
2025,La Guajira,Mujeres,Población fuera de la fuerza de trabajo,Anual,179.866
2007,La Guajira,Mujeres,Población subocupada,Anual,8.131337
2008,La Guajira,Mujeres,Población subocupada,Anual,6.269025
2009,La Guajira,Mujeres,Población subocupada,Anual,8.795481
2010,La Guajira,Mujeres,Población subocupada,Anual,12.758956
2011,La Guajira,Mujeres,Población subocupada,Anual,8.428723
2012,La Guajira,Mujeres,Población subocupada,Anual,17.307309
2013,La Guajira,Mujeres,Población subocupada,Anual,14.80704
2014,La Guajira,Mujeres,Población subocupada,Anual,17.746773
2015,La Guajira,Mujeres,Población subocupada,Anual,21.709065
2016,La Guajira,Mujeres,Población subocupada,Anual,22.494872
2017,La Guajira,Mujeres,Población subocupada,Anual,27.0817
2018,La Guajira,Mujeres,Población subocupada,Anual,31.535207999999997
2019,La Guajira,Mujeres,Población subocupada,Anual,32.752289
2020,La Guajira,Mujeres,Población subocupada,Anual,0.0
2021,La Guajira,Mujeres,Población subocupada,Anual,23.008
2022,La Guajira,Mujeres,Población subocupada,Anual,15.826
2023,La Guajira,Mujeres,Población subocupada,Anual,11.629
2024,La Guajira,Mujeres,Población subocupada,Anual,16.176
2025,La Guajira,Mujeres,Población subocupada,Anual,16.953
2007,La Guajira,Mujeres,Fuerza de trabajo potencial,Anual,0.0
2008,La Guajira,Mujeres,Fuerza de trabajo potencial,Anual,0.0
2009,La Guajira,Mujeres,Fuerza de trabajo potencial,Anual,0.0
2010,La Guajira,Mujeres,Fuerza de trabajo potencial,Anual,0.0
2011,La Guajira,Mujeres,Fuerza de trabajo potencial,Anual,0.0
2012,La Guajira,Mujeres,Fuerza de trabajo potencial,Anual,0.0
2013,La Guajira,Mujeres,Fuerza de trabajo potencial,Anual,0.0
2014,La Guajira,Mujeres,Fuerza de trabajo potencial,Anual,0.0
2015,La Guajira,Mujeres,Fuerza de trabajo potencial,Anual,0.0
2016,La Guajira,Mujeres,Fuerza de trabajo potencial,Anual,0.0
2017,La Guajira,Mujeres,Fuerza de trabajo potencial,Anual,0.0
2018,La Guajira,Mujeres,Fuerza de trabajo potencial,Anual,0.0
2019,La Guajira,Mujeres,Fuerza de trabajo potencial,Anual,0.0
2020,La Guajira,Mujeres,Fuerza de trabajo potencial,Anual,0.0
2021,La Guajira,Mujeres,Fuerza de trabajo potencial,Anual,17.713
2022,La Guajira,Mujeres,Fuerza de trabajo potencial,Anual,24.901
2023,La Guajira,Mujeres,Fuerza de trabajo potencial,Anual,30.063
2024,La Guajira,Mujeres,Fuerza de trabajo potencial,Anual,24.647
2025,La Guajira,Mujeres,Fuerza de trabajo potencial,Anual,27.606
2007,Magdalena,Mujeres,% población en edad de trabajar,Anual,67.429312032
2008,Magdalena,Mujeres,% población en edad de trabajar,Anual,67.719765667
2009,Magdalena,Mujeres,% población en edad de trabajar,Anual,68.016305185
2010,Magdalena,Mujeres,% población en edad de trabajar,Anual,68.315729274
2011,Magdalena,Mujeres,% población en edad de trabajar,Anual,68.620454356
2012,Magdalena,Mujeres,% población en edad de trabajar,Anual,68.947243924
2013,Magdalena,Mujeres,% población en edad de trabajar,Anual,69.294617922
2014,Magdalena,Mujeres,% población en edad de trabajar,Anual,69.66865115
2015,Magdalena,Mujeres,% población en edad de trabajar,Anual,70.064458339
2016,Magdalena,Mujeres,% población en edad de trabajar,Anual,70.483395887
2017,Magdalena,Mujeres,% población en edad de trabajar,Anual,70.907069979
2018,Magdalena,Mujeres,% población en edad de trabajar,Anual,71.354112981
2019,Magdalena,Mujeres,% población en edad de trabajar,Anual,71.783914487
2020,Magdalena,Mujeres,% población en edad de trabajar,Anual,72.190292308
2021,Magdalena,Mujeres,% población en edad de trabajar,Anual,72.597288212
2022,Magdalena,Mujeres,% población en edad de trabajar,Anual,72.985666549
2023,Magdalena,Mujeres,% población en edad de trabajar,Anual,73.375651227
2024,Magdalena,Mujeres,% población en edad de trabajar,Anual,73.783576563
2025,Magdalena,Mujeres,% población en edad de trabajar,Anual,74.205044586
2007,Magdalena,Mujeres,Tasa Global de Participación (TGP),Anual,42.829671763
2008,Magdalena,Mujeres,Tasa Global de Participación (TGP),Anual,39.656914583
2009,Magdalena,Mujeres,Tasa Global de Participación (TGP),Anual,42.318195209
2010,Magdalena,Mujeres,Tasa Global de Participación (TGP),Anual,45.562727277
2011,Magdalena,Mujeres,Tasa Global de Participación (TGP),Anual,45.796005294
2012,Magdalena,Mujeres,Tasa Global de Participación (TGP),Anual,48.260679015
2013,Magdalena,Mujeres,Tasa Global de Participación (TGP),Anual,47.381703603
2014,Magdalena,Mujeres,Tasa Global de Participación (TGP),Anual,48.439443572
2015,Magdalena,Mujeres,Tasa Global de Participación (TGP),Anual,48.770598563
2016,Magdalena,Mujeres,Tasa Global de Participación (TGP),Anual,50.147651974
2017,Magdalena,Mujeres,Tasa Global de Participación (TGP),Anual,48.19860589
2018,Magdalena,Mujeres,Tasa Global de Participación (TGP),Anual,46.141953855
2019,Magdalena,Mujeres,Tasa Global de Participación (TGP),Anual,46.586060492
2020,Magdalena,Mujeres,Tasa Global de Participación (TGP),Anual,38.340641495
2021,Magdalena,Mujeres,Tasa Global de Participación (TGP),Anual,42.48363352
2022,Magdalena,Mujeres,Tasa Global de Participación (TGP),Anual,46.973460285
2023,Magdalena,Mujeres,Tasa Global de Participación (TGP),Anual,46.282708003
2024,Magdalena,Mujeres,Tasa Global de Participación (TGP),Anual,42.273041003
2025,Magdalena,Mujeres,Tasa Global de Participación (TGP),Anual,44.322257956
2007,Magdalena,Mujeres,Tasa de Ocupación (TO),Anual,35.452313021
2008,Magdalena,Mujeres,Tasa de Ocupación (TO),Anual,32.258881892
2009,Magdalena,Mujeres,Tasa de Ocupación (TO),Anual,35.471905283
2010,Magdalena,Mujeres,Tasa de Ocupación (TO),Anual,39.904744057
2011,Magdalena,Mujeres,Tasa de Ocupación (TO),Anual,39.276377541
2012,Magdalena,Mujeres,Tasa de Ocupación (TO),Anual,42.490270104
2013,Magdalena,Mujeres,Tasa de Ocupación (TO),Anual,41.594319222
2014,Magdalena,Mujeres,Tasa de Ocupación (TO),Anual,43.255668225
2015,Magdalena,Mujeres,Tasa de Ocupación (TO),Anual,42.832119976
2016,Magdalena,Mujeres,Tasa de Ocupación (TO),Anual,42.953576432
2017,Magdalena,Mujeres,Tasa de Ocupación (TO),Anual,42.170404938
2018,Magdalena,Mujeres,Tasa de Ocupación (TO),Anual,40.979927518
2019,Magdalena,Mujeres,Tasa de Ocupación (TO),Anual,39.438647075
2020,Magdalena,Mujeres,Tasa de Ocupación (TO),Anual,31.248975779
2021,Magdalena,Mujeres,Tasa de Ocupación (TO),Anual,34.619930784
2022,Magdalena,Mujeres,Tasa de Ocupación (TO),Anual,39.207160603
2023,Magdalena,Mujeres,Tasa de Ocupación (TO),Anual,39.553739077
2024,Magdalena,Mujeres,Tasa de Ocupación (TO),Anual,35.311647575
2025,Magdalena,Mujeres,Tasa de Ocupación (TO),Anual,37.729230511
2007,Magdalena,Mujeres,Tasa de Desocupación (TD),Anual,17.224878077
2008,Magdalena,Mujeres,Tasa de Desocupación (TD),Anual,18.65508895
2009,Magdalena,Mujeres,Tasa de Desocupación (TD),Anual,16.1781236
2010,Magdalena,Mujeres,Tasa de Desocupación (TD),Anual,12.418008224
2011,Magdalena,Mujeres,Tasa de Desocupación (TD),Anual,14.236236787
2012,Magdalena,Mujeres,Tasa de Desocupación (TD),Anual,11.956750359
2013,Magdalena,Mujeres,Tasa de Desocupación (TD),Anual,12.214386442
2014,Magdalena,Mujeres,Tasa de Desocupación (TD),Anual,10.701558409
2015,Magdalena,Mujeres,Tasa de Desocupación (TD),Anual,12.176349608
2016,Magdalena,Mujeres,Tasa de Desocupación (TD),Anual,14.345787408
2017,Magdalena,Mujeres,Tasa de Desocupación (TD),Anual,12.507002725
2018,Magdalena,Mujeres,Tasa de Desocupación (TD),Anual,11.187272983
2019,Magdalena,Mujeres,Tasa de Desocupación (TD),Anual,15.342386416
2020,Magdalena,Mujeres,Tasa de Desocupación (TD),Anual,18.496471209
2021,Magdalena,Mujeres,Tasa de Desocupación (TD),Anual,18.509958034
2022,Magdalena,Mujeres,Tasa de Desocupación (TD),Anual,16.533377859
2023,Magdalena,Mujeres,Tasa de Desocupación (TD),Anual,14.538840135
2024,Magdalena,Mujeres,Tasa de Desocupación (TD),Anual,16.467690194
2025,Magdalena,Mujeres,Tasa de Desocupación (TD),Anual,14.875206609
2007,Magdalena,Mujeres,Tasa de Subocupación (TS),Anual,10.097777883
2008,Magdalena,Mujeres,Tasa de Subocupación (TS),Anual,8.326491514
2009,Magdalena,Mujeres,Tasa de Subocupación (TS),Anual,9.304233393
2010,Magdalena,Mujeres,Tasa de Subocupación (TS),Anual,8.862820494
2011,Magdalena,Mujeres,Tasa de Subocupación (TS),Anual,7.810905194
2012,Magdalena,Mujeres,Tasa de Subocupación (TS),Anual,8.555169879
2013,Magdalena,Mujeres,Tasa de Subocupación (TS),Anual,9.64216638
2014,Magdalena,Mujeres,Tasa de Subocupación (TS),Anual,9.224174336
2015,Magdalena,Mujeres,Tasa de Subocupación (TS),Anual,9.018704061
2016,Magdalena,Mujeres,Tasa de Subocupación (TS),Anual,8.729577278
2017,Magdalena,Mujeres,Tasa de Subocupación (TS),Anual,9.720652221
2018,Magdalena,Mujeres,Tasa de Subocupación (TS),Anual,9.213153249
2019,Magdalena,Mujeres,Tasa de Subocupación (TS),Anual,8.114979405
2020,Magdalena,Mujeres,Tasa de Subocupación (TS),Anual,0.0
2021,Magdalena,Mujeres,Tasa de Subocupación (TS),Anual,9.480038671
2022,Magdalena,Mujeres,Tasa de Subocupación (TS),Anual,10.936238413
2023,Magdalena,Mujeres,Tasa de Subocupación (TS),Anual,8.972354538
2024,Magdalena,Mujeres,Tasa de Subocupación (TS),Anual,9.309747621
2025,Magdalena,Mujeres,Tasa de Subocupación (TS),Anual,8.408052586
2007,Magdalena,Mujeres,Población total,Anual,567.105
2008,Magdalena,Mujeres,Población total,Anual,575.761
2009,Magdalena,Mujeres,Población total,Anual,584.354
2010,Magdalena,Mujeres,Población total,Anual,592.761
2011,Magdalena,Mujeres,Población total,Anual,600.85
2012,Magdalena,Mujeres,Población total,Anual,608.764
2013,Magdalena,Mujeres,Población total,Anual,616.602
2014,Magdalena,Mujeres,Población total,Anual,624.176
2015,Magdalena,Mujeres,Población total,Anual,631.881
2016,Magdalena,Mujeres,Población total,Anual,641.317
2017,Magdalena,Mujeres,Población total,Anual,652.265
2018,Magdalena,Mujeres,Población total,Anual,669.405
2019,Magdalena,Mujeres,Población total,Anual,693.133
2020,Magdalena,Mujeres,Población total,Anual,712.672
2021,Magdalena,Mujeres,Población total,Anual,724.276
2022,Magdalena,Mujeres,Población total,Anual,731.785
2023,Magdalena,Mujeres,Población total,Anual,738.59
2024,Magdalena,Mujeres,Población total,Anual,745.277
2025,Magdalena,Mujeres,Población total,Anual,751.932
2007,Magdalena,Mujeres,Población en edad de trabajar (PET),Anual,382.395
2008,Magdalena,Mujeres,Población en edad de trabajar (PET),Anual,389.904
2009,Magdalena,Mujeres,Población en edad de trabajar (PET),Anual,397.456
2010,Magdalena,Mujeres,Población en edad de trabajar (PET),Anual,404.949
2011,Magdalena,Mujeres,Población en edad de trabajar (PET),Anual,412.306
2012,Magdalena,Mujeres,Población en edad de trabajar (PET),Anual,419.726
2013,Magdalena,Mujeres,Población en edad de trabajar (PET),Anual,427.272
2014,Magdalena,Mujeres,Población en edad de trabajar (PET),Anual,434.855
2015,Magdalena,Mujeres,Población en edad de trabajar (PET),Anual,442.724
2016,Magdalena,Mujeres,Población en edad de trabajar (PET),Anual,452.022
2017,Magdalena,Mujeres,Población en edad de trabajar (PET),Anual,462.502
2018,Magdalena,Mujeres,Población en edad de trabajar (PET),Anual,477.648
2019,Magdalena,Mujeres,Población en edad de trabajar (PET),Anual,497.558
2020,Magdalena,Mujeres,Población en edad de trabajar (PET),Anual,514.48
2021,Magdalena,Mujeres,Población en edad de trabajar (PET),Anual,525.805
2022,Magdalena,Mujeres,Población en edad de trabajar (PET),Anual,534.098
2023,Magdalena,Mujeres,Población en edad de trabajar (PET),Anual,541.945
2024,Magdalena,Mujeres,Población en edad de trabajar (PET),Anual,549.892
2025,Magdalena,Mujeres,Población en edad de trabajar (PET),Anual,557.971
2007,Magdalena,Mujeres,Fuerza de trabajo,Anual,163.77852299999998
2008,Magdalena,Mujeres,Fuerza de trabajo,Anual,154.623896
2009,Magdalena,Mujeres,Fuerza de trabajo,Anual,168.19620600000002
2010,Magdalena,Mujeres,Fuerza de trabajo,Anual,184.505808
2011,Magdalena,Mujeres,Fuerza de trabajo,Anual,188.819678
2012,Magdalena,Mujeres,Fuerza de trabajo,Anual,202.562618
2013,Magdalena,Mujeres,Fuerza de trabajo,Anual,202.448753
2014,Magdalena,Mujeres,Fuerza de trabajo,Anual,210.641342
2015,Magdalena,Mujeres,Fuerza de trabajo,Anual,215.919145
2016,Magdalena,Mujeres,Fuerza de trabajo,Anual,226.678419
2017,Magdalena,Mujeres,Fuerza de trabajo,Anual,222.91951600000002
2018,Magdalena,Mujeres,Fuerza de trabajo,Anual,220.39612
2019,Magdalena,Mujeres,Fuerza de trabajo,Anual,231.792671
2020,Magdalena,Mujeres,Fuerza de trabajo,Anual,197.254932
2021,Magdalena,Mujeres,Fuerza de trabajo,Anual,223.381
2022,Magdalena,Mujeres,Fuerza de trabajo,Anual,250.884
2023,Magdalena,Mujeres,Fuerza de trabajo,Anual,250.827
2024,Magdalena,Mujeres,Fuerza de trabajo,Anual,232.456
2025,Magdalena,Mujeres,Fuerza de trabajo,Anual,247.305
2007,Magdalena,Mujeres,Población ocupada,Anual,135.567872
2008,Magdalena,Mujeres,Población ocupada,Anual,125.778671
2009,Magdalena,Mujeres,Población ocupada,Anual,140.98521599999998
2010,Magdalena,Mujeres,Población ocupada,Anual,161.593862
2011,Magdalena,Mujeres,Población ocupada,Anual,161.938861
2012,Magdalena,Mujeres,Población ocupada,Anual,178.342711
2013,Magdalena,Mujeres,Población ocupada,Anual,177.72088
2014,Magdalena,Mujeres,Población ocupada,Anual,188.099436
2015,Magdalena,Mujeres,Población ocupada,Anual,189.62807500000002
2016,Magdalena,Mujeres,Población ocupada,Anual,194.159615
2017,Magdalena,Mujeres,Población ocupada,Anual,195.038966
2018,Magdalena,Mujeres,Población ocupada,Anual,195.739804
2019,Magdalena,Mujeres,Población ocupada,Anual,196.230144
2020,Magdalena,Mujeres,Población ocupada,Anual,160.769731
2021,Magdalena,Mujeres,Población ocupada,Anual,182.033
2022,Magdalena,Mujeres,Población ocupada,Anual,209.405
2023,Magdalena,Mujeres,Población ocupada,Anual,214.359
2024,Magdalena,Mujeres,Población ocupada,Anual,194.176
2025,Magdalena,Mujeres,Población ocupada,Anual,210.518
2007,Magdalena,Mujeres,Población desocupada,Anual,28.210651000000002
2008,Magdalena,Mujeres,Población desocupada,Anual,28.845225
2009,Magdalena,Mujeres,Población desocupada,Anual,27.210990000000002
2010,Magdalena,Mujeres,Población desocupada,Anual,22.911946
2011,Magdalena,Mujeres,Población desocupada,Anual,26.880816
2012,Magdalena,Mujeres,Población desocupada,Anual,24.219907
2013,Magdalena,Mujeres,Población desocupada,Anual,24.727873
2014,Magdalena,Mujeres,Población desocupada,Anual,22.541905999999997
2015,Magdalena,Mujeres,Población desocupada,Anual,26.29107
2016,Magdalena,Mujeres,Población desocupada,Anual,32.518804
2017,Magdalena,Mujeres,Población desocupada,Anual,27.88055
2018,Magdalena,Mujeres,Población desocupada,Anual,24.656316
2019,Magdalena,Mujeres,Población desocupada,Anual,35.562527
2020,Magdalena,Mujeres,Población desocupada,Anual,36.485202
2021,Magdalena,Mujeres,Población desocupada,Anual,41.348
2022,Magdalena,Mujeres,Población desocupada,Anual,41.48
2023,Magdalena,Mujeres,Población desocupada,Anual,36.467
2024,Magdalena,Mujeres,Población desocupada,Anual,38.28
2025,Magdalena,Mujeres,Población desocupada,Anual,36.787
2007,Magdalena,Mujeres,Población fuera de la fuerza de trabajo,Anual,218.616477
2008,Magdalena,Mujeres,Población fuera de la fuerza de trabajo,Anual,235.280104
2009,Magdalena,Mujeres,Población fuera de la fuerza de trabajo,Anual,229.259794
2010,Magdalena,Mujeres,Población fuera de la fuerza de trabajo,Anual,220.443192
2011,Magdalena,Mujeres,Población fuera de la fuerza de trabajo,Anual,223.48632199999997
2012,Magdalena,Mujeres,Población fuera de la fuerza de trabajo,Anual,217.163382
2013,Magdalena,Mujeres,Población fuera de la fuerza de trabajo,Anual,224.823247
2014,Magdalena,Mujeres,Población fuera de la fuerza de trabajo,Anual,224.213658
2015,Magdalena,Mujeres,Población fuera de la fuerza de trabajo,Anual,226.804855
2016,Magdalena,Mujeres,Población fuera de la fuerza de trabajo,Anual,225.343581
2017,Magdalena,Mujeres,Población fuera de la fuerza de trabajo,Anual,239.582484
2018,Magdalena,Mujeres,Población fuera de la fuerza de trabajo,Anual,257.25188
2019,Magdalena,Mujeres,Población fuera de la fuerza de trabajo,Anual,265.765329
2020,Magdalena,Mujeres,Población fuera de la fuerza de trabajo,Anual,317.225068
2021,Magdalena,Mujeres,Población fuera de la fuerza de trabajo,Anual,302.424
2022,Magdalena,Mujeres,Población fuera de la fuerza de trabajo,Anual,283.214
2023,Magdalena,Mujeres,Población fuera de la fuerza de trabajo,Anual,291.118
2024,Magdalena,Mujeres,Población fuera de la fuerza de trabajo,Anual,317.436
2025,Magdalena,Mujeres,Población fuera de la fuerza de trabajo,Anual,310.666
2007,Magdalena,Mujeres,Población subocupada,Anual,16.537992
2008,Magdalena,Mujeres,Población subocupada,Anual,12.874746
2009,Magdalena,Mujeres,Población subocupada,Anual,15.649368
2010,Magdalena,Mujeres,Población subocupada,Anual,16.352419
2011,Magdalena,Mujeres,Población subocupada,Anual,14.748526
2012,Magdalena,Mujeres,Población subocupada,Anual,17.329576
2013,Magdalena,Mujeres,Población subocupada,Anual,19.520446
2014,Magdalena,Mujeres,Población subocupada,Anual,19.429925
2015,Magdalena,Mujeres,Población subocupada,Anual,19.473109
2016,Magdalena,Mujeres,Población subocupada,Anual,19.788068
2017,Magdalena,Mujeres,Población subocupada,Anual,21.669231
2018,Magdalena,Mujeres,Población subocupada,Anual,20.305432
2019,Magdalena,Mujeres,Población subocupada,Anual,18.809928
2020,Magdalena,Mujeres,Población subocupada,Anual,0.0
2021,Magdalena,Mujeres,Población subocupada,Anual,21.177
2022,Magdalena,Mujeres,Población subocupada,Anual,27.437
2023,Magdalena,Mujeres,Población subocupada,Anual,22.505
2024,Magdalena,Mujeres,Población subocupada,Anual,21.641
2025,Magdalena,Mujeres,Población subocupada,Anual,20.794
2007,Magdalena,Mujeres,Fuerza de trabajo potencial,Anual,0.0
2008,Magdalena,Mujeres,Fuerza de trabajo potencial,Anual,0.0
2009,Magdalena,Mujeres,Fuerza de trabajo potencial,Anual,0.0
2010,Magdalena,Mujeres,Fuerza de trabajo potencial,Anual,0.0
2011,Magdalena,Mujeres,Fuerza de trabajo potencial,Anual,0.0
2012,Magdalena,Mujeres,Fuerza de trabajo potencial,Anual,0.0
2013,Magdalena,Mujeres,Fuerza de trabajo potencial,Anual,0.0
2014,Magdalena,Mujeres,Fuerza de trabajo potencial,Anual,0.0
2015,Magdalena,Mujeres,Fuerza de trabajo potencial,Anual,0.0
2016,Magdalena,Mujeres,Fuerza de trabajo potencial,Anual,0.0
2017,Magdalena,Mujeres,Fuerza de trabajo potencial,Anual,0.0
2018,Magdalena,Mujeres,Fuerza de trabajo potencial,Anual,0.0
2019,Magdalena,Mujeres,Fuerza de trabajo potencial,Anual,0.0
2020,Magdalena,Mujeres,Fuerza de trabajo potencial,Anual,0.0
2021,Magdalena,Mujeres,Fuerza de trabajo potencial,Anual,40.974
2022,Magdalena,Mujeres,Fuerza de trabajo potencial,Anual,40.673
2023,Magdalena,Mujeres,Fuerza de trabajo potencial,Anual,24.931
2024,Magdalena,Mujeres,Fuerza de trabajo potencial,Anual,26.296
2025,Magdalena,Mujeres,Fuerza de trabajo potencial,Anual,35.17
2007,Meta,Mujeres,% población en edad de trabajar,Anual,69.353115027
2008,Meta,Mujeres,% población en edad de trabajar,Anual,69.901273649
2009,Meta,Mujeres,% población en edad de trabajar,Anual,70.441462321
2010,Meta,Mujeres,% población en edad de trabajar,Anual,70.958990997
2011,Meta,Mujeres,% población en edad de trabajar,Anual,71.45760141
2012,Meta,Mujeres,% población en edad de trabajar,Anual,71.937025547
2013,Meta,Mujeres,% población en edad de trabajar,Anual,72.401570929
2014,Meta,Mujeres,% población en edad de trabajar,Anual,72.851959057
2015,Meta,Mujeres,% población en edad de trabajar,Anual,73.285104193
2016,Meta,Mujeres,% población en edad de trabajar,Anual,73.699840005
2017,Meta,Mujeres,% población en edad de trabajar,Anual,74.088416642
2018,Meta,Mujeres,% población en edad de trabajar,Anual,74.479740756
2019,Meta,Mujeres,% población en edad de trabajar,Anual,74.844197422
2020,Meta,Mujeres,% población en edad de trabajar,Anual,75.197540371
2021,Meta,Mujeres,% población en edad de trabajar,Anual,75.575499722
2022,Meta,Mujeres,% población en edad de trabajar,Anual,75.923636855
2023,Meta,Mujeres,% población en edad de trabajar,Anual,76.266583543
2024,Meta,Mujeres,% población en edad de trabajar,Anual,76.629339459
2025,Meta,Mujeres,% población en edad de trabajar,Anual,76.991797749
2007,Meta,Mujeres,Tasa Global de Participación (TGP),Anual,53.969630009
2008,Meta,Mujeres,Tasa Global de Participación (TGP),Anual,55.474953012
2009,Meta,Mujeres,Tasa Global de Participación (TGP),Anual,56.80838317
2010,Meta,Mujeres,Tasa Global de Participación (TGP),Anual,56.226457532
2011,Meta,Mujeres,Tasa Global de Participación (TGP),Anual,56.897257531
2012,Meta,Mujeres,Tasa Global de Participación (TGP),Anual,54.678262926
2013,Meta,Mujeres,Tasa Global de Participación (TGP),Anual,53.198641619
2014,Meta,Mujeres,Tasa Global de Participación (TGP),Anual,54.374640323
2015,Meta,Mujeres,Tasa Global de Participación (TGP),Anual,58.104785137
2016,Meta,Mujeres,Tasa Global de Participación (TGP),Anual,56.643400648
2017,Meta,Mujeres,Tasa Global de Participación (TGP),Anual,59.365411885
2018,Meta,Mujeres,Tasa Global de Participación (TGP),Anual,57.172790424
2019,Meta,Mujeres,Tasa Global de Participación (TGP),Anual,56.225210641
2020,Meta,Mujeres,Tasa Global de Participación (TGP),Anual,47.80998077
2021,Meta,Mujeres,Tasa Global de Participación (TGP),Anual,47.813546134
2022,Meta,Mujeres,Tasa Global de Participación (TGP),Anual,50.317760174
2023,Meta,Mujeres,Tasa Global de Participación (TGP),Anual,50.885915259
2024,Meta,Mujeres,Tasa Global de Participación (TGP),Anual,52.8333989
2025,Meta,Mujeres,Tasa Global de Participación (TGP),Anual,51.332830284
2007,Meta,Mujeres,Tasa de Ocupación (TO),Anual,47.18567729
2008,Meta,Mujeres,Tasa de Ocupación (TO),Anual,48.121639276
2009,Meta,Mujeres,Tasa de Ocupación (TO),Anual,48.820800542
2010,Meta,Mujeres,Tasa de Ocupación (TO),Anual,49.036381258
2011,Meta,Mujeres,Tasa de Ocupación (TO),Anual,50.275269292
2012,Meta,Mujeres,Tasa de Ocupación (TO),Anual,47.259889747
2013,Meta,Mujeres,Tasa de Ocupación (TO),Anual,46.279484486
2014,Meta,Mujeres,Tasa de Ocupación (TO),Anual,47.798483583
2015,Meta,Mujeres,Tasa de Ocupación (TO),Anual,50.964913333
2016,Meta,Mujeres,Tasa de Ocupación (TO),Anual,49.403141977
2017,Meta,Mujeres,Tasa de Ocupación (TO),Anual,50.187055295
2018,Meta,Mujeres,Tasa de Ocupación (TO),Anual,48.889470264
2019,Meta,Mujeres,Tasa de Ocupación (TO),Anual,47.461058556
2020,Meta,Mujeres,Tasa de Ocupación (TO),Anual,36.796187033
2021,Meta,Mujeres,Tasa de Ocupación (TO),Anual,39.159930478
2022,Meta,Mujeres,Tasa de Ocupación (TO),Anual,43.44568867
2023,Meta,Mujeres,Tasa de Ocupación (TO),Anual,44.803156738
2024,Meta,Mujeres,Tasa de Ocupación (TO),Anual,46.850762396
2025,Meta,Mujeres,Tasa de Ocupación (TO),Anual,46.108305652
2007,Meta,Mujeres,Tasa de Desocupación (TD),Anual,12.569944834
2008,Meta,Mujeres,Tasa de Desocupación (TD),Anual,13.255195969
2009,Meta,Mujeres,Tasa de Desocupación (TD),Anual,14.060570258
2010,Meta,Mujeres,Tasa de Desocupación (TD),Anual,12.787709896
2011,Meta,Mujeres,Tasa de Desocupación (TD),Anual,11.638501619
2012,Meta,Mujeres,Tasa de Desocupación (TD),Anual,13.567316849
2013,Meta,Mujeres,Tasa de Desocupación (TD),Anual,13.006266555
2014,Meta,Mujeres,Tasa de Desocupación (TD),Anual,12.094161362
2015,Meta,Mujeres,Tasa de Desocupación (TD),Anual,12.287923941
2016,Meta,Mujeres,Tasa de Desocupación (TD),Anual,12.782175131
2017,Meta,Mujeres,Tasa de Desocupación (TD),Anual,15.460781453
2018,Meta,Mujeres,Tasa de Desocupación (TD),Anual,14.48822088
2019,Meta,Mujeres,Tasa de Desocupación (TD),Anual,15.587584262
2020,Meta,Mujeres,Tasa de Desocupación (TD),Anual,23.036599387
2021,Meta,Mujeres,Tasa de Desocupación (TD),Anual,18.098669426
2022,Meta,Mujeres,Tasa de Desocupación (TD),Anual,13.657347783
2023,Meta,Mujeres,Tasa de Desocupación (TD),Anual,11.953717428
2024,Meta,Mujeres,Tasa de Desocupación (TD),Anual,11.323588163
2025,Meta,Mujeres,Tasa de Desocupación (TD),Anual,10.177745126
2007,Meta,Mujeres,Tasa de Subocupación (TS),Anual,11.221450872
2008,Meta,Mujeres,Tasa de Subocupación (TS),Anual,9.964182225
2009,Meta,Mujeres,Tasa de Subocupación (TS),Anual,11.297177664
2010,Meta,Mujeres,Tasa de Subocupación (TS),Anual,11.411534364
2011,Meta,Mujeres,Tasa de Subocupación (TS),Anual,10.394805775
2012,Meta,Mujeres,Tasa de Subocupación (TS),Anual,12.13597169
2013,Meta,Mujeres,Tasa de Subocupación (TS),Anual,11.139867383
2014,Meta,Mujeres,Tasa de Subocupación (TS),Anual,9.250549196
2015,Meta,Mujeres,Tasa de Subocupación (TS),Anual,9.654410021
2016,Meta,Mujeres,Tasa de Subocupación (TS),Anual,9.082414013
2017,Meta,Mujeres,Tasa de Subocupación (TS),Anual,10.4397281
2018,Meta,Mujeres,Tasa de Subocupación (TS),Anual,9.910122025
2019,Meta,Mujeres,Tasa de Subocupación (TS),Anual,9.140242859
2020,Meta,Mujeres,Tasa de Subocupación (TS),Anual,0.0
2021,Meta,Mujeres,Tasa de Subocupación (TS),Anual,6.619665314
2022,Meta,Mujeres,Tasa de Subocupación (TS),Anual,6.366279983
2023,Meta,Mujeres,Tasa de Subocupación (TS),Anual,6.95690806
2024,Meta,Mujeres,Tasa de Subocupación (TS),Anual,7.263161999
2025,Meta,Mujeres,Tasa de Subocupación (TS),Anual,6.439065054
2007,Meta,Mujeres,Población total,Anual,407.043
2008,Meta,Mujeres,Población total,Anual,417.619
2009,Meta,Mujeres,Población total,Anual,428.032
2010,Meta,Mujeres,Población total,Anual,438.294
2011,Meta,Mujeres,Población total,Anual,448.305
2012,Meta,Mujeres,Población total,Anual,458.027
2013,Meta,Mujeres,Población total,Anual,467.494
2014,Meta,Mujeres,Población total,Anual,476.76
2015,Meta,Mujeres,Población total,Anual,485.875
2016,Meta,Mujeres,Población total,Anual,495.016
2017,Meta,Mujeres,Población total,Anual,504.068
2018,Meta,Mujeres,Población total,Anual,513.494
2019,Meta,Mujeres,Población total,Anual,520.691
2020,Meta,Mujeres,Población total,Anual,527.234
2021,Meta,Mujeres,Población total,Anual,532.7
2022,Meta,Mujeres,Población total,Anual,537.646
2023,Meta,Mujeres,Población total,Anual,542.43
2024,Meta,Mujeres,Población total,Anual,547.039
2025,Meta,Mujeres,Población total,Anual,551.525
2007,Meta,Mujeres,Población en edad de trabajar (PET),Anual,282.297
2008,Meta,Mujeres,Población en edad de trabajar (PET),Anual,291.921
2009,Meta,Mujeres,Población en edad de trabajar (PET),Anual,301.512
2010,Meta,Mujeres,Población en edad de trabajar (PET),Anual,311.009
2011,Meta,Mujeres,Población en edad de trabajar (PET),Anual,320.348
2012,Meta,Mujeres,Población en edad de trabajar (PET),Anual,329.491
2013,Meta,Mujeres,Población en edad de trabajar (PET),Anual,338.473
2014,Meta,Mujeres,Población en edad de trabajar (PET),Anual,347.329
2015,Meta,Mujeres,Población en edad de trabajar (PET),Anual,356.074
2016,Meta,Mujeres,Población en edad de trabajar (PET),Anual,364.826
2017,Meta,Mujeres,Población en edad de trabajar (PET),Anual,373.456
2018,Meta,Mujeres,Población en edad de trabajar (PET),Anual,382.449
2019,Meta,Mujeres,Población en edad de trabajar (PET),Anual,389.707
2020,Meta,Mujeres,Población en edad de trabajar (PET),Anual,396.467
2021,Meta,Mujeres,Población en edad de trabajar (PET),Anual,402.591
2022,Meta,Mujeres,Población en edad de trabajar (PET),Anual,408.2
2023,Meta,Mujeres,Población en edad de trabajar (PET),Anual,413.693
2024,Meta,Mujeres,Población en edad de trabajar (PET),Anual,419.193
2025,Meta,Mujeres,Población en edad de trabajar (PET),Anual,424.629
2007,Meta,Mujeres,Fuerza de trabajo,Anual,152.354646
2008,Meta,Mujeres,Fuerza de trabajo,Anual,161.943038
2009,Meta,Mujeres,Fuerza de trabajo,Anual,171.28409200000002
2010,Meta,Mujeres,Fuerza de trabajo,Anual,174.869343
2011,Meta,Mujeres,Fuerza de trabajo,Anual,182.269227
2012,Meta,Mujeres,Fuerza de trabajo,Anual,180.159955
2013,Meta,Mujeres,Fuerza de trabajo,Anual,180.063038
2014,Meta,Mujeres,Fuerza de trabajo,Anual,188.858894
2015,Meta,Mujeres,Fuerza de trabajo,Anual,206.896033
2016,Meta,Mujeres,Fuerza de trabajo,Anual,206.649853
2017,Meta,Mujeres,Fuerza de trabajo,Anual,221.703693
2018,Meta,Mujeres,Fuerza de trabajo,Anual,218.656765
2019,Meta,Mujeres,Fuerza de trabajo,Anual,219.113582
2020,Meta,Mujeres,Fuerza de trabajo,Anual,189.550796
2021,Meta,Mujeres,Fuerza de trabajo,Anual,192.493
2022,Meta,Mujeres,Fuerza de trabajo,Anual,205.397
2023,Meta,Mujeres,Fuerza de trabajo,Anual,210.512
2024,Meta,Mujeres,Fuerza de trabajo,Anual,221.474
2025,Meta,Mujeres,Fuerza de trabajo,Anual,217.974
2007,Meta,Mujeres,Población ocupada,Anual,133.20375099999998
2008,Meta,Mujeres,Población ocupada,Anual,140.477171
2009,Meta,Mujeres,Población ocupada,Anual,147.200572
2010,Meta,Mujeres,Población ocupada,Anual,152.50755900000001
2011,Meta,Mujeres,Población ocupada,Anual,161.05582
2012,Meta,Mujeres,Población ocupada,Anual,155.717083
2013,Meta,Mujeres,Población ocupada,Anual,156.64356
2014,Meta,Mujeres,Población ocupada,Anual,166.01799499999998
2015,Meta,Mujeres,Población ocupada,Anual,181.47280600000002
2016,Meta,Mujeres,Población ocupada,Anual,180.235507
2017,Meta,Mujeres,Población ocupada,Anual,187.426569
2018,Meta,Mujeres,Población ocupada,Anual,186.97729
2019,Meta,Mujeres,Población ocupada,Anual,184.959067
2020,Meta,Mujeres,Población ocupada,Anual,145.884739
2021,Meta,Mujeres,Población ocupada,Anual,157.654
2022,Meta,Mujeres,Población ocupada,Anual,177.345
2023,Meta,Mujeres,Población ocupada,Anual,185.348
2024,Meta,Mujeres,Población ocupada,Anual,196.395
2025,Meta,Mujeres,Población ocupada,Anual,195.789
2007,Meta,Mujeres,Población desocupada,Anual,19.150895000000002
2008,Meta,Mujeres,Población desocupada,Anual,21.465867
2009,Meta,Mujeres,Población desocupada,Anual,24.08352
2010,Meta,Mujeres,Población desocupada,Anual,22.361784
2011,Meta,Mujeres,Población desocupada,Anual,21.213407
2012,Meta,Mujeres,Población desocupada,Anual,24.442871999999998
2013,Meta,Mujeres,Población desocupada,Anual,23.419479
2014,Meta,Mujeres,Población desocupada,Anual,22.840899
2015,Meta,Mujeres,Población desocupada,Anual,25.423227
2016,Meta,Mujeres,Población desocupada,Anual,26.414346000000002
2017,Meta,Mujeres,Población desocupada,Anual,34.277123
2018,Meta,Mujeres,Población desocupada,Anual,31.679475
2019,Meta,Mujeres,Población desocupada,Anual,34.154514000000006
2020,Meta,Mujeres,Población desocupada,Anual,43.666058
2021,Meta,Mujeres,Población desocupada,Anual,34.839
2022,Meta,Mujeres,Población desocupada,Anual,28.052
2023,Meta,Mujeres,Población desocupada,Anual,25.164
2024,Meta,Mujeres,Población desocupada,Anual,25.079
2025,Meta,Mujeres,Población desocupada,Anual,22.185
2007,Meta,Mujeres,Población fuera de la fuerza de trabajo,Anual,129.942354
2008,Meta,Mujeres,Población fuera de la fuerza de trabajo,Anual,129.977962
2009,Meta,Mujeres,Población fuera de la fuerza de trabajo,Anual,130.22790799999999
2010,Meta,Mujeres,Población fuera de la fuerza de trabajo,Anual,136.139657
2011,Meta,Mujeres,Población fuera de la fuerza de trabajo,Anual,138.07877299999998
2012,Meta,Mujeres,Población fuera de la fuerza de trabajo,Anual,149.33104500000002
2013,Meta,Mujeres,Población fuera de la fuerza de trabajo,Anual,158.409962
2014,Meta,Mujeres,Población fuera de la fuerza de trabajo,Anual,158.470106
2015,Meta,Mujeres,Población fuera de la fuerza de trabajo,Anual,149.177967
2016,Meta,Mujeres,Población fuera de la fuerza de trabajo,Anual,158.176147
2017,Meta,Mujeres,Población fuera de la fuerza de trabajo,Anual,151.752307
2018,Meta,Mujeres,Población fuera de la fuerza de trabajo,Anual,163.79223499999998
2019,Meta,Mujeres,Población fuera de la fuerza de trabajo,Anual,170.593418
2020,Meta,Mujeres,Población fuera de la fuerza de trabajo,Anual,206.916204
2021,Meta,Mujeres,Población fuera de la fuerza de trabajo,Anual,210.098
2022,Meta,Mujeres,Población fuera de la fuerza de trabajo,Anual,202.803
2023,Meta,Mujeres,Población fuera de la fuerza de trabajo,Anual,203.182
2024,Meta,Mujeres,Población fuera de la fuerza de trabajo,Anual,197.719
2025,Meta,Mujeres,Población fuera de la fuerza de trabajo,Anual,206.655
2007,Meta,Mujeres,Población subocupada,Anual,17.096401999999998
2008,Meta,Mujeres,Población subocupada,Anual,16.136299
2009,Meta,Mujeres,Población subocupada,Anual,19.350268
2010,Meta,Mujeres,Población subocupada,Anual,19.955275
2011,Meta,Mujeres,Población subocupada,Anual,18.946531999999998
2012,Meta,Mujeres,Población subocupada,Anual,21.864161
2013,Meta,Mujeres,Población subocupada,Anual,20.058784
2014,Meta,Mujeres,Población subocupada,Anual,17.470485
2015,Meta,Mujeres,Población subocupada,Anual,19.974591
2016,Meta,Mujeres,Población subocupada,Anual,18.768794999999997
2017,Meta,Mujeres,Población subocupada,Anual,23.145263
2018,Meta,Mujeres,Población subocupada,Anual,21.669151999999997
2019,Meta,Mujeres,Población subocupada,Anual,20.027513
2020,Meta,Mujeres,Población subocupada,Anual,0.0
2021,Meta,Mujeres,Población subocupada,Anual,12.742
2022,Meta,Mujeres,Población subocupada,Anual,13.076
2023,Meta,Mujeres,Población subocupada,Anual,14.645
2024,Meta,Mujeres,Población subocupada,Anual,16.086
2025,Meta,Mujeres,Población subocupada,Anual,14.036
2007,Meta,Mujeres,Fuerza de trabajo potencial,Anual,0.0
2008,Meta,Mujeres,Fuerza de trabajo potencial,Anual,0.0
2009,Meta,Mujeres,Fuerza de trabajo potencial,Anual,0.0
2010,Meta,Mujeres,Fuerza de trabajo potencial,Anual,0.0
2011,Meta,Mujeres,Fuerza de trabajo potencial,Anual,0.0
2012,Meta,Mujeres,Fuerza de trabajo potencial,Anual,0.0
2013,Meta,Mujeres,Fuerza de trabajo potencial,Anual,0.0
2014,Meta,Mujeres,Fuerza de trabajo potencial,Anual,0.0
2015,Meta,Mujeres,Fuerza de trabajo potencial,Anual,0.0
2016,Meta,Mujeres,Fuerza de trabajo potencial,Anual,0.0
2017,Meta,Mujeres,Fuerza de trabajo potencial,Anual,0.0
2018,Meta,Mujeres,Fuerza de trabajo potencial,Anual,0.0
2019,Meta,Mujeres,Fuerza de trabajo potencial,Anual,0.0
2020,Meta,Mujeres,Fuerza de trabajo potencial,Anual,0.0
2021,Meta,Mujeres,Fuerza de trabajo potencial,Anual,16.964
2022,Meta,Mujeres,Fuerza de trabajo potencial,Anual,10.492
2023,Meta,Mujeres,Fuerza de trabajo potencial,Anual,15.042
2024,Meta,Mujeres,Fuerza de trabajo potencial,Anual,11.967
2025,Meta,Mujeres,Fuerza de trabajo potencial,Anual,13.528
2007,Nariño,Mujeres,% población en edad de trabajar,Anual,72.272494188
2008,Nariño,Mujeres,% población en edad de trabajar,Anual,72.832498935
2009,Nariño,Mujeres,% población en edad de trabajar,Anual,73.404306499
2010,Nariño,Mujeres,% población en edad de trabajar,Anual,73.971786436
2011,Nariño,Mujeres,% población en edad de trabajar,Anual,74.519065645
2012,Nariño,Mujeres,% población en edad de trabajar,Anual,75.04413616
2013,Nariño,Mujeres,% población en edad de trabajar,Anual,75.531723077
2014,Nariño,Mujeres,% población en edad de trabajar,Anual,75.980052486
2015,Nariño,Mujeres,% población en edad de trabajar,Anual,76.386186533
2016,Nariño,Mujeres,% población en edad de trabajar,Anual,76.742560027
2017,Nariño,Mujeres,% población en edad de trabajar,Anual,77.031203656
2018,Nariño,Mujeres,% población en edad de trabajar,Anual,77.328501463
2019,Nariño,Mujeres,% población en edad de trabajar,Anual,77.580563373
2020,Nariño,Mujeres,% población en edad de trabajar,Anual,77.810015096
2021,Nariño,Mujeres,% población en edad de trabajar,Anual,78.025159608
2022,Nariño,Mujeres,% población en edad de trabajar,Anual,78.313845372
2023,Nariño,Mujeres,% población en edad de trabajar,Anual,78.553479818
2024,Nariño,Mujeres,% población en edad de trabajar,Anual,78.660222692
2025,Nariño,Mujeres,% población en edad de trabajar,Anual,78.874657811
2007,Nariño,Mujeres,Tasa Global de Participación (TGP),Anual,44.497131539
2008,Nariño,Mujeres,Tasa Global de Participación (TGP),Anual,45.087089287
2009,Nariño,Mujeres,Tasa Global de Participación (TGP),Anual,57.360000915
2010,Nariño,Mujeres,Tasa Global de Participación (TGP),Anual,62.991394707
2011,Nariño,Mujeres,Tasa Global de Participación (TGP),Anual,64.760098622
2012,Nariño,Mujeres,Tasa Global de Participación (TGP),Anual,62.818464263
2013,Nariño,Mujeres,Tasa Global de Participación (TGP),Anual,64.128725593
2014,Nariño,Mujeres,Tasa Global de Participación (TGP),Anual,64.619607416
2015,Nariño,Mujeres,Tasa Global de Participación (TGP),Anual,65.225435779
2016,Nariño,Mujeres,Tasa Global de Participación (TGP),Anual,67.970302984
2017,Nariño,Mujeres,Tasa Global de Participación (TGP),Anual,68.530922949
2018,Nariño,Mujeres,Tasa Global de Participación (TGP),Anual,63.579963658
2019,Nariño,Mujeres,Tasa Global de Participación (TGP),Anual,64.938726017
2020,Nariño,Mujeres,Tasa Global de Participación (TGP),Anual,59.575001741
2021,Nariño,Mujeres,Tasa Global de Participación (TGP),Anual,63.092312016
2022,Nariño,Mujeres,Tasa Global de Participación (TGP),Anual,65.653610533
2023,Nariño,Mujeres,Tasa Global de Participación (TGP),Anual,67.931713839
2024,Nariño,Mujeres,Tasa Global de Participación (TGP),Anual,67.457164735
2025,Nariño,Mujeres,Tasa Global de Participación (TGP),Anual,64.002128041
2007,Nariño,Mujeres,Tasa de Ocupación (TO),Anual,36.945420814
2008,Nariño,Mujeres,Tasa de Ocupación (TO),Anual,36.462107597
2009,Nariño,Mujeres,Tasa de Ocupación (TO),Anual,43.390589627
2010,Nariño,Mujeres,Tasa de Ocupación (TO),Anual,39.201115868
2011,Nariño,Mujeres,Tasa de Ocupación (TO),Anual,50.625432894
2012,Nariño,Mujeres,Tasa de Ocupación (TO),Anual,51.16294753
2013,Nariño,Mujeres,Tasa de Ocupación (TO),Anual,54.457326041
2014,Nariño,Mujeres,Tasa de Ocupación (TO),Anual,55.168891476
2015,Nariño,Mujeres,Tasa de Ocupación (TO),Anual,56.460133108
2016,Nariño,Mujeres,Tasa de Ocupación (TO),Anual,61.508889396
2017,Nariño,Mujeres,Tasa de Ocupación (TO),Anual,62.282856047
2018,Nariño,Mujeres,Tasa de Ocupación (TO),Anual,58.917181744
2019,Nariño,Mujeres,Tasa de Ocupación (TO),Anual,60.340551513
2020,Nariño,Mujeres,Tasa de Ocupación (TO),Anual,53.329396803
2021,Nariño,Mujeres,Tasa de Ocupación (TO),Anual,56.7672571
2022,Nariño,Mujeres,Tasa de Ocupación (TO),Anual,60.106748186
2023,Nariño,Mujeres,Tasa de Ocupación (TO),Anual,61.143812345
2024,Nariño,Mujeres,Tasa de Ocupación (TO),Anual,61.295618371
2025,Nariño,Mujeres,Tasa de Ocupación (TO),Anual,58.416644686
2007,Nariño,Mujeres,Tasa de Desocupación (TD),Anual,16.971230423
2008,Nariño,Mujeres,Tasa de Desocupación (TD),Anual,19.129604121
2009,Nariño,Mujeres,Tasa de Desocupación (TD),Anual,24.353924451
2010,Nariño,Mujeres,Tasa de Desocupación (TD),Anual,37.767506101
2011,Nariño,Mujeres,Tasa de Desocupación (TD),Anual,21.826195495
2012,Nariño,Mujeres,Tasa de Desocupación (TD),Anual,18.554284747
2013,Nariño,Mujeres,Tasa de Desocupación (TD),Anual,15.081228361
2014,Nariño,Mujeres,Tasa de Desocupación (TD),Anual,14.625152206
2015,Nariño,Mujeres,Tasa de Desocupación (TD),Anual,13.438473145
2016,Nariño,Mujeres,Tasa de Desocupación (TD),Anual,9.506230375
2017,Nariño,Mujeres,Tasa de Desocupación (TD),Anual,9.117149796
2018,Nariño,Mujeres,Tasa de Desocupación (TD),Anual,7.333728498
2019,Nariño,Mujeres,Tasa de Desocupación (TD),Anual,7.080789517
2020,Nariño,Mujeres,Tasa de Desocupación (TD),Anual,10.483600093
2021,Nariño,Mujeres,Tasa de Desocupación (TD),Anual,10.025080258
2022,Nariño,Mujeres,Tasa de Desocupación (TD),Anual,8.4486783
2023,Nariño,Mujeres,Tasa de Desocupación (TD),Anual,9.992242372
2024,Nariño,Mujeres,Tasa de Desocupación (TD),Anual,9.13401325
2025,Nariño,Mujeres,Tasa de Desocupación (TD),Anual,8.727027563
2007,Nariño,Mujeres,Tasa de Subocupación (TS),Anual,9.836289315
2008,Nariño,Mujeres,Tasa de Subocupación (TS),Anual,7.853052254
2009,Nariño,Mujeres,Tasa de Subocupación (TS),Anual,9.410872153
2010,Nariño,Mujeres,Tasa de Subocupación (TS),Anual,10.539344269
2011,Nariño,Mujeres,Tasa de Subocupación (TS),Anual,11.684185807
2012,Nariño,Mujeres,Tasa de Subocupación (TS),Anual,13.367722322
2013,Nariño,Mujeres,Tasa de Subocupación (TS),Anual,13.383928877
2014,Nariño,Mujeres,Tasa de Subocupación (TS),Anual,12.627806727
2015,Nariño,Mujeres,Tasa de Subocupación (TS),Anual,16.19302534
2016,Nariño,Mujeres,Tasa de Subocupación (TS),Anual,13.900104931
2017,Nariño,Mujeres,Tasa de Subocupación (TS),Anual,11.172216011
2018,Nariño,Mujeres,Tasa de Subocupación (TS),Anual,11.288379347
2019,Nariño,Mujeres,Tasa de Subocupación (TS),Anual,8.151923662
2020,Nariño,Mujeres,Tasa de Subocupación (TS),Anual,0.0
2021,Nariño,Mujeres,Tasa de Subocupación (TS),Anual,7.615272359
2022,Nariño,Mujeres,Tasa de Subocupación (TS),Anual,8.478306982
2023,Nariño,Mujeres,Tasa de Subocupación (TS),Anual,10.365268381
2024,Nariño,Mujeres,Tasa de Subocupación (TS),Anual,10.945957935
2025,Nariño,Mujeres,Tasa de Subocupación (TS),Anual,8.84716226
2007,Nariño,Mujeres,Población total,Anual,778.101
2008,Nariño,Mujeres,Población total,Anual,784.198
2009,Nariño,Mujeres,Población total,Anual,789.876
2010,Nariño,Mujeres,Población total,Anual,795.433
2011,Nariño,Mujeres,Población total,Anual,800.681
2012,Nariño,Mujeres,Población total,Anual,805.462
2013,Nariño,Mujeres,Población total,Anual,809.726
2014,Nariño,Mujeres,Población total,Anual,813.936
2015,Nariño,Mujeres,Población total,Anual,818.216
2016,Nariño,Mujeres,Población total,Anual,822.382
2017,Nariño,Mujeres,Población total,Anual,826.025
2018,Nariño,Mujeres,Población total,Anual,832.252
2019,Nariño,Mujeres,Población total,Anual,832.202
2020,Nariño,Mujeres,Población total,Anual,832.024
2021,Nariño,Mujeres,Población total,Anual,835.503
2022,Nariño,Mujeres,Población total,Anual,835.437
2023,Nariño,Mujeres,Población total,Anual,837.868
2024,Nariño,Mujeres,Población total,Anual,840.561
2025,Nariño,Mujeres,Población total,Anual,843.557
2007,Nariño,Mujeres,Población en edad de trabajar (PET),Anual,562.353
2008,Nariño,Mujeres,Población en edad de trabajar (PET),Anual,571.151
2009,Nariño,Mujeres,Población en edad de trabajar (PET),Anual,579.803
2010,Nariño,Mujeres,Población en edad de trabajar (PET),Anual,588.396
2011,Nariño,Mujeres,Población en edad de trabajar (PET),Anual,596.66
2012,Nariño,Mujeres,Población en edad de trabajar (PET),Anual,604.452
2013,Nariño,Mujeres,Población en edad de trabajar (PET),Anual,611.6
2014,Nariño,Mujeres,Población en edad de trabajar (PET),Anual,618.429
2015,Nariño,Mujeres,Población en edad de trabajar (PET),Anual,625.004
2016,Nariño,Mujeres,Población en edad de trabajar (PET),Anual,631.117
2017,Nariño,Mujeres,Población en edad de trabajar (PET),Anual,636.297
2018,Nariño,Mujeres,Población en edad de trabajar (PET),Anual,643.568
2019,Nariño,Mujeres,Población en edad de trabajar (PET),Anual,645.627
2020,Nariño,Mujeres,Población en edad de trabajar (PET),Anual,647.398
2021,Nariño,Mujeres,Población en edad de trabajar (PET),Anual,651.903
2022,Nariño,Mujeres,Población en edad de trabajar (PET),Anual,654.263
2023,Nariño,Mujeres,Población en edad de trabajar (PET),Anual,658.175
2024,Nariño,Mujeres,Población en edad de trabajar (PET),Anual,661.187
2025,Nariño,Mujeres,Población en edad de trabajar (PET),Anual,665.353
2007,Nariño,Mujeres,Fuerza de trabajo,Anual,250.230954
2008,Nariño,Mujeres,Fuerza de trabajo,Anual,257.515361
2009,Nariño,Mujeres,Fuerza de trabajo,Anual,332.575006
2010,Nariño,Mujeres,Fuerza de trabajo,Anual,370.638847
2011,Nariño,Mujeres,Fuerza de trabajo,Anual,386.397604
2012,Nariño,Mujeres,Fuerza de trabajo,Anual,379.70746399999996
2013,Nariño,Mujeres,Fuerza de trabajo,Anual,392.21128600000003
2014,Nariño,Mujeres,Fuerza de trabajo,Anual,399.626392
2015,Nariño,Mujeres,Fuerza de trabajo,Anual,407.661583
2016,Nariño,Mujeres,Fuerza de trabajo,Anual,428.972137
2017,Nariño,Mujeres,Fuerza de trabajo,Anual,436.060207
2018,Nariño,Mujeres,Fuerza de trabajo,Anual,409.180301
2019,Nariño,Mujeres,Fuerza de trabajo,Anual,419.261949
2020,Nariño,Mujeres,Fuerza de trabajo,Anual,385.68737
2021,Nariño,Mujeres,Fuerza de trabajo,Anual,411.301
2022,Nariño,Mujeres,Fuerza de trabajo,Anual,429.547
2023,Nariño,Mujeres,Fuerza de trabajo,Anual,447.109
2024,Nariño,Mujeres,Fuerza de trabajo,Anual,446.018
2025,Nariño,Mujeres,Fuerza de trabajo,Anual,425.84
2007,Nariño,Mujeres,Población ocupada,Anual,207.763682
2008,Nariño,Mujeres,Población ocupada,Anual,208.253692
2009,Nariño,Mujeres,Población ocupada,Anual,251.57994
2010,Nariño,Mujeres,Población ocupada,Anual,230.657798
2011,Nariño,Mujeres,Población ocupada,Anual,302.061708
2012,Nariño,Mujeres,Población ocupada,Anual,309.25546
2013,Nariño,Mujeres,Población ocupada,Anual,333.061006
2014,Nariño,Mujeres,Población ocupada,Anual,341.180424
2015,Nariño,Mujeres,Población ocupada,Anual,352.87809000000004
2016,Nariño,Mujeres,Población ocupada,Anual,388.19305699999995
2017,Nariño,Mujeres,Población ocupada,Anual,396.303945
2018,Nariño,Mujeres,Población ocupada,Anual,379.17212800000004
2019,Nariño,Mujeres,Población ocupada,Anual,389.574893
2020,Nariño,Mujeres,Población ocupada,Anual,345.253448
2021,Nariño,Mujeres,Población ocupada,Anual,370.067
2022,Nariño,Mujeres,Población ocupada,Anual,393.256
2023,Nariño,Mujeres,Población ocupada,Anual,402.433
2024,Nariño,Mujeres,Población ocupada,Anual,405.279
2025,Nariño,Mujeres,Población ocupada,Anual,388.677
2007,Nariño,Mujeres,Población desocupada,Anual,42.467271999999994
2008,Nariño,Mujeres,Población desocupada,Anual,49.261669000000005
2009,Nariño,Mujeres,Población desocupada,Anual,80.99506600000001
2010,Nariño,Mujeres,Población desocupada,Anual,139.981049
2011,Nariño,Mujeres,Población desocupada,Anual,84.335897
2012,Nariño,Mujeres,Población desocupada,Anual,70.452004
2013,Nariño,Mujeres,Población desocupada,Anual,59.15028
2014,Nariño,Mujeres,Población desocupada,Anual,58.445968
2015,Nariño,Mujeres,Población desocupada,Anual,54.783491999999995
2016,Nariño,Mujeres,Población desocupada,Anual,40.77908
2017,Nariño,Mujeres,Población desocupada,Anual,39.756262
2018,Nariño,Mujeres,Población desocupada,Anual,30.008172
2019,Nariño,Mujeres,Población desocupada,Anual,29.687056000000002
2020,Nariño,Mujeres,Población desocupada,Anual,40.433921000000005
2021,Nariño,Mujeres,Población desocupada,Anual,41.233
2022,Nariño,Mujeres,Población desocupada,Anual,36.291
2023,Nariño,Mujeres,Población desocupada,Anual,44.676
2024,Nariño,Mujeres,Población desocupada,Anual,40.739
2025,Nariño,Mujeres,Población desocupada,Anual,37.163
2007,Nariño,Mujeres,Población fuera de la fuerza de trabajo,Anual,312.12204599999995
2008,Nariño,Mujeres,Población fuera de la fuerza de trabajo,Anual,313.635639
2009,Nariño,Mujeres,Población fuera de la fuerza de trabajo,Anual,247.227994
2010,Nariño,Mujeres,Población fuera de la fuerza de trabajo,Anual,217.757153
2011,Nariño,Mujeres,Población fuera de la fuerza de trabajo,Anual,210.262396
2012,Nariño,Mujeres,Población fuera de la fuerza de trabajo,Anual,224.74453599999998
2013,Nariño,Mujeres,Población fuera de la fuerza de trabajo,Anual,219.388714
2014,Nariño,Mujeres,Población fuera de la fuerza de trabajo,Anual,218.80260800000002
2015,Nariño,Mujeres,Población fuera de la fuerza de trabajo,Anual,217.34241699999998
2016,Nariño,Mujeres,Población fuera de la fuerza de trabajo,Anual,202.14486300000002
2017,Nariño,Mujeres,Población fuera de la fuerza de trabajo,Anual,200.236793
2018,Nariño,Mujeres,Población fuera de la fuerza de trabajo,Anual,234.387699
2019,Nariño,Mujeres,Población fuera de la fuerza de trabajo,Anual,226.365051
2020,Nariño,Mujeres,Población fuera de la fuerza de trabajo,Anual,261.71063
2021,Nariño,Mujeres,Población fuera de la fuerza de trabajo,Anual,240.602
2022,Nariño,Mujeres,Población fuera de la fuerza de trabajo,Anual,224.716
2023,Nariño,Mujeres,Población fuera de la fuerza de trabajo,Anual,211.065
2024,Nariño,Mujeres,Población fuera de la fuerza de trabajo,Anual,215.169
2025,Nariño,Mujeres,Población fuera de la fuerza de trabajo,Anual,239.513
2007,Nariño,Mujeres,Población subocupada,Anual,24.613440999999998
2008,Nariño,Mujeres,Población subocupada,Anual,20.222815999999998
2009,Nariño,Mujeres,Población subocupada,Anual,31.298209
2010,Nariño,Mujeres,Población subocupada,Anual,39.062904
2011,Nariño,Mujeres,Población subocupada,Anual,45.147414
2012,Nariño,Mujeres,Población subocupada,Anual,50.758239
2013,Nariño,Mujeres,Población subocupada,Anual,52.49328
2014,Nariño,Mujeres,Población subocupada,Anual,50.464048000000005
2015,Nariño,Mujeres,Población subocupada,Anual,66.012743
2016,Nariño,Mujeres,Población subocupada,Anual,59.627576999999995
2017,Nariño,Mujeres,Población subocupada,Anual,48.717588000000006
2018,Nariño,Mujeres,Población subocupada,Anual,46.189825
2019,Nariño,Mujeres,Población subocupada,Anual,34.177913999999994
2020,Nariño,Mujeres,Población subocupada,Anual,0.0
2021,Nariño,Mujeres,Población subocupada,Anual,31.322
2022,Nariño,Mujeres,Población subocupada,Anual,36.418
2023,Nariño,Mujeres,Población subocupada,Anual,46.344
2024,Nariño,Mujeres,Población subocupada,Anual,48.821
2025,Nariño,Mujeres,Población subocupada,Anual,37.675
2007,Nariño,Mujeres,Fuerza de trabajo potencial,Anual,0.0
2008,Nariño,Mujeres,Fuerza de trabajo potencial,Anual,0.0
2009,Nariño,Mujeres,Fuerza de trabajo potencial,Anual,0.0
2010,Nariño,Mujeres,Fuerza de trabajo potencial,Anual,0.0
2011,Nariño,Mujeres,Fuerza de trabajo potencial,Anual,0.0
2012,Nariño,Mujeres,Fuerza de trabajo potencial,Anual,0.0
2013,Nariño,Mujeres,Fuerza de trabajo potencial,Anual,0.0
2014,Nariño,Mujeres,Fuerza de trabajo potencial,Anual,0.0
2015,Nariño,Mujeres,Fuerza de trabajo potencial,Anual,0.0
2016,Nariño,Mujeres,Fuerza de trabajo potencial,Anual,0.0
2017,Nariño,Mujeres,Fuerza de trabajo potencial,Anual,0.0
2018,Nariño,Mujeres,Fuerza de trabajo potencial,Anual,0.0
2019,Nariño,Mujeres,Fuerza de trabajo potencial,Anual,0.0
2020,Nariño,Mujeres,Fuerza de trabajo potencial,Anual,0.0
2021,Nariño,Mujeres,Fuerza de trabajo potencial,Anual,63.042
2022,Nariño,Mujeres,Fuerza de trabajo potencial,Anual,58.335
2023,Nariño,Mujeres,Fuerza de trabajo potencial,Anual,54.66
2024,Nariño,Mujeres,Fuerza de trabajo potencial,Anual,54.873
2025,Nariño,Mujeres,Fuerza de trabajo potencial,Anual,51.091
2007,Norte de Santander,Mujeres,% población en edad de trabajar,Anual,71.462771756
2008,Norte de Santander,Mujeres,% población en edad de trabajar,Anual,71.862071195
2009,Norte de Santander,Mujeres,% población en edad de trabajar,Anual,72.271562232
2010,Norte de Santander,Mujeres,% población en edad de trabajar,Anual,72.688590245
2011,Norte de Santander,Mujeres,% población en edad de trabajar,Anual,73.109590064
2012,Norte de Santander,Mujeres,% población en edad de trabajar,Anual,73.521623755
2013,Norte de Santander,Mujeres,% población en edad de trabajar,Anual,73.919726584
2014,Norte de Santander,Mujeres,% población en edad de trabajar,Anual,74.294094471
2015,Norte de Santander,Mujeres,% población en edad de trabajar,Anual,74.649372754
2016,Norte de Santander,Mujeres,% población en edad de trabajar,Anual,74.957382397
2017,Norte de Santander,Mujeres,% población en edad de trabajar,Anual,75.213761769
2018,Norte de Santander,Mujeres,% población en edad de trabajar,Anual,75.372013363
2019,Norte de Santander,Mujeres,% población en edad de trabajar,Anual,75.487531979
2020,Norte de Santander,Mujeres,% población en edad de trabajar,Anual,75.63880254
2021,Norte de Santander,Mujeres,% población en edad de trabajar,Anual,75.865139619
2022,Norte de Santander,Mujeres,% población en edad de trabajar,Anual,76.104622965
2023,Norte de Santander,Mujeres,% población en edad de trabajar,Anual,76.360759999
2024,Norte de Santander,Mujeres,% población en edad de trabajar,Anual,76.636856351
2025,Norte de Santander,Mujeres,% población en edad de trabajar,Anual,76.940964986
2007,Norte de Santander,Mujeres,Tasa Global de Participación (TGP),Anual,48.061977791
2008,Norte de Santander,Mujeres,Tasa Global de Participación (TGP),Anual,47.61767313
2009,Norte de Santander,Mujeres,Tasa Global de Participación (TGP),Anual,47.463607031
2010,Norte de Santander,Mujeres,Tasa Global de Participación (TGP),Anual,49.136384641
2011,Norte de Santander,Mujeres,Tasa Global de Participación (TGP),Anual,51.515503619
2012,Norte de Santander,Mujeres,Tasa Global de Participación (TGP),Anual,53.889159585
2013,Norte de Santander,Mujeres,Tasa Global de Participación (TGP),Anual,52.651681224
2014,Norte de Santander,Mujeres,Tasa Global de Participación (TGP),Anual,50.858175197
2015,Norte de Santander,Mujeres,Tasa Global de Participación (TGP),Anual,50.436377592
2016,Norte de Santander,Mujeres,Tasa Global de Participación (TGP),Anual,51.86224988
2017,Norte de Santander,Mujeres,Tasa Global de Participación (TGP),Anual,51.708186041
2018,Norte de Santander,Mujeres,Tasa Global de Participación (TGP),Anual,49.012515663
2019,Norte de Santander,Mujeres,Tasa Global de Participación (TGP),Anual,47.529613945
2020,Norte de Santander,Mujeres,Tasa Global de Participación (TGP),Anual,44.150475331
2021,Norte de Santander,Mujeres,Tasa Global de Participación (TGP),Anual,44.877226047
2022,Norte de Santander,Mujeres,Tasa Global de Participación (TGP),Anual,45.025086132
2023,Norte de Santander,Mujeres,Tasa Global de Participación (TGP),Anual,44.473969391
2024,Norte de Santander,Mujeres,Tasa Global de Participación (TGP),Anual,43.380181376
2025,Norte de Santander,Mujeres,Tasa Global de Participación (TGP),Anual,45.53340203
2007,Norte de Santander,Mujeres,Tasa de Ocupación (TO),Anual,41.360484898
2008,Norte de Santander,Mujeres,Tasa de Ocupación (TO),Anual,41.30691515
2009,Norte de Santander,Mujeres,Tasa de Ocupación (TO),Anual,40.867486676
2010,Norte de Santander,Mujeres,Tasa de Ocupación (TO),Anual,41.717387207
2011,Norte de Santander,Mujeres,Tasa de Ocupación (TO),Anual,43.255127503
2012,Norte de Santander,Mujeres,Tasa de Ocupación (TO),Anual,44.916690183
2013,Norte de Santander,Mujeres,Tasa de Ocupación (TO),Anual,43.576688243
2014,Norte de Santander,Mujeres,Tasa de Ocupación (TO),Anual,43.152483324
2015,Norte de Santander,Mujeres,Tasa de Ocupación (TO),Anual,42.802523319
2016,Norte de Santander,Mujeres,Tasa de Ocupación (TO),Anual,44.48431645
2017,Norte de Santander,Mujeres,Tasa de Ocupación (TO),Anual,43.511750838
2018,Norte de Santander,Mujeres,Tasa de Ocupación (TO),Anual,41.057114457
2019,Norte de Santander,Mujeres,Tasa de Ocupación (TO),Anual,39.325431508
2020,Norte de Santander,Mujeres,Tasa de Ocupación (TO),Anual,33.719383752
2021,Norte de Santander,Mujeres,Tasa de Ocupación (TO),Anual,36.353096586
2022,Norte de Santander,Mujeres,Tasa de Ocupación (TO),Anual,38.043682167
2023,Norte de Santander,Mujeres,Tasa de Ocupación (TO),Anual,38.074727301
2024,Norte de Santander,Mujeres,Tasa de Ocupación (TO),Anual,36.867530889
2025,Norte de Santander,Mujeres,Tasa de Ocupación (TO),Anual,39.056565857
2007,Norte de Santander,Mujeres,Tasa de Desocupación (TD),Anual,13.943439703
2008,Norte de Santander,Mujeres,Tasa de Desocupación (TD),Anual,13.252974297
2009,Norte de Santander,Mujeres,Tasa de Desocupación (TD),Anual,13.897216766
2010,Norte de Santander,Mujeres,Tasa de Desocupación (TD),Anual,15.098785733
2011,Norte de Santander,Mujeres,Tasa de Desocupación (TD),Anual,16.034738156
2012,Norte de Santander,Mujeres,Tasa de Desocupación (TD),Anual,16.649859584
2013,Norte de Santander,Mujeres,Tasa de Desocupación (TD),Anual,17.235903528
2014,Norte de Santander,Mujeres,Tasa de Desocupación (TD),Anual,15.151333769
2015,Norte de Santander,Mujeres,Tasa de Desocupación (TD),Anual,15.13561171
2016,Norte de Santander,Mujeres,Tasa de Desocupación (TD),Anual,14.226018823
2017,Norte de Santander,Mujeres,Tasa de Desocupación (TD),Anual,15.851329993
2018,Norte de Santander,Mujeres,Tasa de Desocupación (TD),Anual,16.231366822
2019,Norte de Santander,Mujeres,Tasa de Desocupación (TD),Anual,17.261201504
2020,Norte de Santander,Mujeres,Tasa de Desocupación (TD),Anual,23.626227126
2021,Norte de Santander,Mujeres,Tasa de Desocupación (TD),Anual,18.994332343
2022,Norte de Santander,Mujeres,Tasa de Desocupación (TD),Anual,15.505587141
2023,Norte de Santander,Mujeres,Tasa de Desocupación (TD),Anual,14.388736101
2024,Norte de Santander,Mujeres,Tasa de Desocupación (TD),Anual,15.012962787
2025,Norte de Santander,Mujeres,Tasa de Desocupación (TD),Anual,14.224362523
2007,Norte de Santander,Mujeres,Tasa de Subocupación (TS),Anual,9.273243013
2008,Norte de Santander,Mujeres,Tasa de Subocupación (TS),Anual,8.317248883
2009,Norte de Santander,Mujeres,Tasa de Subocupación (TS),Anual,8.67601508
2010,Norte de Santander,Mujeres,Tasa de Subocupación (TS),Anual,10.695650515
2011,Norte de Santander,Mujeres,Tasa de Subocupación (TS),Anual,9.986988207
2012,Norte de Santander,Mujeres,Tasa de Subocupación (TS),Anual,12.617826633
2013,Norte de Santander,Mujeres,Tasa de Subocupación (TS),Anual,13.232437371
2014,Norte de Santander,Mujeres,Tasa de Subocupación (TS),Anual,10.591334429
2015,Norte de Santander,Mujeres,Tasa de Subocupación (TS),Anual,10.278228898
2016,Norte de Santander,Mujeres,Tasa de Subocupación (TS),Anual,11.529380542
2017,Norte de Santander,Mujeres,Tasa de Subocupación (TS),Anual,12.533515603
2018,Norte de Santander,Mujeres,Tasa de Subocupación (TS),Anual,10.173200133
2019,Norte de Santander,Mujeres,Tasa de Subocupación (TS),Anual,10.517268063
2020,Norte de Santander,Mujeres,Tasa de Subocupación (TS),Anual,0.0
2021,Norte de Santander,Mujeres,Tasa de Subocupación (TS),Anual,10.018006325
2022,Norte de Santander,Mujeres,Tasa de Subocupación (TS),Anual,8.792066771
2023,Norte de Santander,Mujeres,Tasa de Subocupación (TS),Anual,8.694626378
2024,Norte de Santander,Mujeres,Tasa de Subocupación (TS),Anual,7.985563227
2025,Norte de Santander,Mujeres,Tasa de Subocupación (TS),Anual,7.816067412
2007,Norte de Santander,Mujeres,Población total,Anual,674.179
2008,Norte de Santander,Mujeres,Población total,Anual,680.409
2009,Norte de Santander,Mujeres,Población total,Anual,686.281
2010,Norte de Santander,Mujeres,Población total,Anual,691.645
2011,Norte de Santander,Mujeres,Población total,Anual,696.304
2012,Norte de Santander,Mujeres,Población total,Anual,700.549
2013,Norte de Santander,Mujeres,Población total,Anual,704.567
2014,Norte de Santander,Mujeres,Población total,Anual,708.133
2015,Norte de Santander,Mujeres,Población total,Anual,712.081
2016,Norte de Santander,Mujeres,Población total,Anual,719.773
2017,Norte de Santander,Mujeres,Población total,Anual,730.72
2018,Norte de Santander,Mujeres,Población total,Anual,754.946
2019,Norte de Santander,Mujeres,Población total,Anual,792.307
2020,Norte de Santander,Mujeres,Población total,Anual,820.637
2021,Norte de Santander,Mujeres,Población total,Anual,832.594
2022,Norte de Santander,Mujeres,Población total,Anual,837.111
2023,Norte de Santander,Mujeres,Población total,Anual,840.76
2024,Norte de Santander,Mujeres,Población total,Anual,844.301
2025,Norte de Santander,Mujeres,Población total,Anual,847.973
2007,Norte de Santander,Mujeres,Población en edad de trabajar (PET),Anual,481.787
2008,Norte de Santander,Mujeres,Población en edad de trabajar (PET),Anual,488.956
2009,Norte de Santander,Mujeres,Población en edad de trabajar (PET),Anual,495.986
2010,Norte de Santander,Mujeres,Población en edad de trabajar (PET),Anual,502.747
2011,Norte de Santander,Mujeres,Población en edad de trabajar (PET),Anual,509.065
2012,Norte de Santander,Mujeres,Población en edad de trabajar (PET),Anual,515.055
2013,Norte de Santander,Mujeres,Población en edad de trabajar (PET),Anual,520.814
2014,Norte de Santander,Mujeres,Población en edad de trabajar (PET),Anual,526.101
2015,Norte de Santander,Mujeres,Población en edad de trabajar (PET),Anual,531.564
2016,Norte de Santander,Mujeres,Población en edad de trabajar (PET),Anual,539.523
2017,Norte de Santander,Mujeres,Población en edad de trabajar (PET),Anual,549.602
2018,Norte de Santander,Mujeres,Población en edad de trabajar (PET),Anual,569.018
2019,Norte de Santander,Mujeres,Población en edad de trabajar (PET),Anual,598.093
2020,Norte de Santander,Mujeres,Población en edad de trabajar (PET),Anual,620.72
2021,Norte de Santander,Mujeres,Población en edad de trabajar (PET),Anual,631.649
2022,Norte de Santander,Mujeres,Población en edad de trabajar (PET),Anual,637.08
2023,Norte de Santander,Mujeres,Población en edad de trabajar (PET),Anual,642.011
2024,Norte de Santander,Mujeres,Población en edad de trabajar (PET),Anual,647.046
2025,Norte de Santander,Mujeres,Población en edad de trabajar (PET),Anual,652.438
2007,Norte de Santander,Mujeres,Fuerza de trabajo,Anual,231.556361
2008,Norte de Santander,Mujeres,Fuerza de trabajo,Anual,232.82947000000001
2009,Norte de Santander,Mujeres,Fuerza de trabajo,Anual,235.412846
2010,Norte de Santander,Mujeres,Fuerza de trabajo,Anual,247.0317
2011,Norte de Santander,Mujeres,Fuerza de trabajo,Anual,262.247398
2012,Norte de Santander,Mujeres,Fuerza de trabajo,Anual,277.558811
2013,Norte de Santander,Mujeres,Fuerza de trabajo,Anual,274.217327
2014,Norte de Santander,Mujeres,Fuerza de trabajo,Anual,267.56536800000003
2015,Norte de Santander,Mujeres,Fuerza de trabajo,Anual,268.101626
2016,Norte de Santander,Mujeres,Fuerza de trabajo,Anual,279.808766
2017,Norte de Santander,Mujeres,Fuerza de trabajo,Anual,284.18922499999996
2018,Norte de Santander,Mujeres,Fuerza de trabajo,Anual,278.890036
2019,Norte de Santander,Mujeres,Fuerza de trabajo,Anual,284.271294
2020,Norte de Santander,Mujeres,Fuerza de trabajo,Anual,274.05083
2021,Norte de Santander,Mujeres,Fuerza de trabajo,Anual,283.467
2022,Norte de Santander,Mujeres,Fuerza de trabajo,Anual,286.846
2023,Norte de Santander,Mujeres,Fuerza de trabajo,Anual,285.528
2024,Norte de Santander,Mujeres,Fuerza de trabajo,Anual,280.69
2025,Norte de Santander,Mujeres,Fuerza de trabajo,Anual,297.077
2007,Norte de Santander,Mujeres,Población ocupada,Anual,199.269439
2008,Norte de Santander,Mujeres,Población ocupada,Anual,201.97264
2009,Norte de Santander,Mujeres,Población ocupada,Anual,202.697012
2010,Norte de Santander,Mujeres,Población ocupada,Anual,209.732913
2011,Norte de Santander,Mujeres,Población ocupada,Anual,220.19671499999998
2012,Norte de Santander,Mujeres,Población ocupada,Anual,231.345659
2013,Norte de Santander,Mujeres,Población ocupada,Anual,226.95349299999998
2014,Norte de Santander,Mujeres,Población ocupada,Anual,227.025646
2015,Norte de Santander,Mujeres,Población ocupada,Anual,227.522805
2016,Norte de Santander,Mujeres,Población ocupada,Anual,240.003119
2017,Norte de Santander,Mujeres,Población ocupada,Anual,239.141453
2018,Norte de Santander,Mujeres,Población ocupada,Anual,233.622372
2019,Norte de Santander,Mujeres,Población ocupada,Anual,235.202653
2020,Norte de Santander,Mujeres,Población ocupada,Anual,209.30295900000002
2021,Norte de Santander,Mujeres,Población ocupada,Anual,229.624
2022,Norte de Santander,Mujeres,Población ocupada,Anual,242.369
2023,Norte de Santander,Mujeres,Población ocupada,Anual,244.444
2024,Norte de Santander,Mujeres,Población ocupada,Anual,238.55
2025,Norte de Santander,Mujeres,Población ocupada,Anual,254.82
2007,Norte de Santander,Mujeres,Población desocupada,Anual,32.286922
2008,Norte de Santander,Mujeres,Población desocupada,Anual,30.856830000000002
2009,Norte de Santander,Mujeres,Población desocupada,Anual,32.715834
2010,Norte de Santander,Mujeres,Población desocupada,Anual,37.298787
2011,Norte de Santander,Mujeres,Población desocupada,Anual,42.050684000000004
2012,Norte de Santander,Mujeres,Población desocupada,Anual,46.213152
2013,Norte de Santander,Mujeres,Población desocupada,Anual,47.263834
2014,Norte de Santander,Mujeres,Población desocupada,Anual,40.539722000000005
2015,Norte de Santander,Mujeres,Población desocupada,Anual,40.578821000000005
2016,Norte de Santander,Mujeres,Población desocupada,Anual,39.805648
2017,Norte de Santander,Mujeres,Población desocupada,Anual,45.047771999999995
2018,Norte de Santander,Mujeres,Población desocupada,Anual,45.267665
2019,Norte de Santander,Mujeres,Población desocupada,Anual,49.06864100000001
2020,Norte de Santander,Mujeres,Población desocupada,Anual,64.747872
2021,Norte de Santander,Mujeres,Población desocupada,Anual,53.843
2022,Norte de Santander,Mujeres,Población desocupada,Anual,44.477
2023,Norte de Santander,Mujeres,Población desocupada,Anual,41.084
2024,Norte de Santander,Mujeres,Población desocupada,Anual,42.14
2025,Norte de Santander,Mujeres,Población desocupada,Anual,42.257
2007,Norte de Santander,Mujeres,Población fuera de la fuerza de trabajo,Anual,250.230639
2008,Norte de Santander,Mujeres,Población fuera de la fuerza de trabajo,Anual,256.12653
2009,Norte de Santander,Mujeres,Población fuera de la fuerza de trabajo,Anual,260.573154
2010,Norte de Santander,Mujeres,Población fuera de la fuerza de trabajo,Anual,255.71529999999998
2011,Norte de Santander,Mujeres,Población fuera de la fuerza de trabajo,Anual,246.81760200000002
2012,Norte de Santander,Mujeres,Población fuera de la fuerza de trabajo,Anual,237.49618900000002
2013,Norte de Santander,Mujeres,Población fuera de la fuerza de trabajo,Anual,246.596673
2014,Norte de Santander,Mujeres,Población fuera de la fuerza de trabajo,Anual,258.535632
2015,Norte de Santander,Mujeres,Población fuera de la fuerza de trabajo,Anual,263.462374
2016,Norte de Santander,Mujeres,Población fuera de la fuerza de trabajo,Anual,259.714234
2017,Norte de Santander,Mujeres,Población fuera de la fuerza de trabajo,Anual,265.412775
2018,Norte de Santander,Mujeres,Población fuera de la fuerza de trabajo,Anual,290.12796399999996
2019,Norte de Santander,Mujeres,Población fuera de la fuerza de trabajo,Anual,313.821706
2020,Norte de Santander,Mujeres,Población fuera de la fuerza de trabajo,Anual,346.66917
2021,Norte de Santander,Mujeres,Población fuera de la fuerza de trabajo,Anual,348.182
2022,Norte de Santander,Mujeres,Población fuera de la fuerza de trabajo,Anual,350.234
2023,Norte de Santander,Mujeres,Población fuera de la fuerza de trabajo,Anual,356.483
2024,Norte de Santander,Mujeres,Población fuera de la fuerza de trabajo,Anual,366.356
2025,Norte de Santander,Mujeres,Población fuera de la fuerza de trabajo,Anual,355.361
2007,Norte de Santander,Mujeres,Población subocupada,Anual,21.472784
2008,Norte de Santander,Mujeres,Población subocupada,Anual,19.365006
2009,Norte de Santander,Mujeres,Población subocupada,Anual,20.424454
2010,Norte de Santander,Mujeres,Población subocupada,Anual,26.421647
2011,Norte de Santander,Mujeres,Población subocupada,Anual,26.190617
2012,Norte de Santander,Mujeres,Población subocupada,Anual,35.02189
2013,Norte de Santander,Mujeres,Población subocupada,Anual,36.285636
2014,Norte de Santander,Mujeres,Población subocupada,Anual,28.338742999999997
2015,Norte de Santander,Mujeres,Población subocupada,Anual,27.556099
2016,Norte de Santander,Mujeres,Población subocupada,Anual,32.260217
2017,Norte de Santander,Mujeres,Población subocupada,Anual,35.618901
2018,Norte de Santander,Mujeres,Población subocupada,Anual,28.372042
2019,Norte de Santander,Mujeres,Población subocupada,Anual,29.897574
2020,Norte de Santander,Mujeres,Población subocupada,Anual,0.0
2021,Norte de Santander,Mujeres,Población subocupada,Anual,28.398
2022,Norte de Santander,Mujeres,Población subocupada,Anual,25.22
2023,Norte de Santander,Mujeres,Población subocupada,Anual,24.826
2024,Norte de Santander,Mujeres,Población subocupada,Anual,22.415
2025,Norte de Santander,Mujeres,Población subocupada,Anual,23.22
2007,Norte de Santander,Mujeres,Fuerza de trabajo potencial,Anual,0.0
2008,Norte de Santander,Mujeres,Fuerza de trabajo potencial,Anual,0.0
2009,Norte de Santander,Mujeres,Fuerza de trabajo potencial,Anual,0.0
2010,Norte de Santander,Mujeres,Fuerza de trabajo potencial,Anual,0.0
2011,Norte de Santander,Mujeres,Fuerza de trabajo potencial,Anual,0.0
2012,Norte de Santander,Mujeres,Fuerza de trabajo potencial,Anual,0.0
2013,Norte de Santander,Mujeres,Fuerza de trabajo potencial,Anual,0.0
2014,Norte de Santander,Mujeres,Fuerza de trabajo potencial,Anual,0.0
2015,Norte de Santander,Mujeres,Fuerza de trabajo potencial,Anual,0.0
2016,Norte de Santander,Mujeres,Fuerza de trabajo potencial,Anual,0.0
2017,Norte de Santander,Mujeres,Fuerza de trabajo potencial,Anual,0.0
2018,Norte de Santander,Mujeres,Fuerza de trabajo potencial,Anual,0.0
2019,Norte de Santander,Mujeres,Fuerza de trabajo potencial,Anual,0.0
2020,Norte de Santander,Mujeres,Fuerza de trabajo potencial,Anual,0.0
2021,Norte de Santander,Mujeres,Fuerza de trabajo potencial,Anual,44.641
2022,Norte de Santander,Mujeres,Fuerza de trabajo potencial,Anual,29.262
2023,Norte de Santander,Mujeres,Fuerza de trabajo potencial,Anual,40.899
2024,Norte de Santander,Mujeres,Fuerza de trabajo potencial,Anual,40.71
2025,Norte de Santander,Mujeres,Fuerza de trabajo potencial,Anual,41.067
2007,Quindío,Mujeres,% población en edad de trabajar,Anual,76.767369302
2008,Quindío,Mujeres,% población en edad de trabajar,Anual,77.462015592
2009,Quindío,Mujeres,% población en edad de trabajar,Anual,78.168654657
2010,Quindío,Mujeres,% población en edad de trabajar,Anual,78.861158263
2011,Quindío,Mujeres,% población en edad de trabajar,Anual,79.530476679
2012,Quindío,Mujeres,% población en edad de trabajar,Anual,80.164851361
2013,Quindío,Mujeres,% población en edad de trabajar,Anual,80.75091541
2014,Quindío,Mujeres,% población en edad de trabajar,Anual,81.296649213
2015,Quindío,Mujeres,% población en edad de trabajar,Anual,81.784203362
2016,Quindío,Mujeres,% población en edad de trabajar,Anual,82.191625774
2017,Quindío,Mujeres,% población en edad de trabajar,Anual,82.506742936
2018,Quindío,Mujeres,% población en edad de trabajar,Anual,82.69627785
2019,Quindío,Mujeres,% población en edad de trabajar,Anual,82.77271398
2020,Quindío,Mujeres,% población en edad de trabajar,Anual,82.835224826
2021,Quindío,Mujeres,% población en edad de trabajar,Anual,82.932073983
2022,Quindío,Mujeres,% población en edad de trabajar,Anual,82.998360028
2023,Quindío,Mujeres,% población en edad de trabajar,Anual,83.055921956
2024,Quindío,Mujeres,% población en edad de trabajar,Anual,83.093387459
2025,Quindío,Mujeres,% población en edad de trabajar,Anual,83.164550696
2007,Quindío,Mujeres,Tasa Global de Participación (TGP),Anual,45.6445824
2008,Quindío,Mujeres,Tasa Global de Participación (TGP),Anual,48.855195738
2009,Quindío,Mujeres,Tasa Global de Participación (TGP),Anual,48.186274378
2010,Quindío,Mujeres,Tasa Global de Participación (TGP),Anual,51.188844476
2011,Quindío,Mujeres,Tasa Global de Participación (TGP),Anual,51.31457747
2012,Quindío,Mujeres,Tasa Global de Participación (TGP),Anual,52.64040124
2013,Quindío,Mujeres,Tasa Global de Participación (TGP),Anual,52.318014454
2014,Quindío,Mujeres,Tasa Global de Participación (TGP),Anual,52.45845568
2015,Quindío,Mujeres,Tasa Global de Participación (TGP),Anual,51.472622585
2016,Quindío,Mujeres,Tasa Global de Participación (TGP),Anual,52.070951212
2017,Quindío,Mujeres,Tasa Global de Participación (TGP),Anual,50.797709747
2018,Quindío,Mujeres,Tasa Global de Participación (TGP),Anual,49.752485624
2019,Quindío,Mujeres,Tasa Global de Participación (TGP),Anual,48.547562194
2020,Quindío,Mujeres,Tasa Global de Participación (TGP),Anual,42.298848638
2021,Quindío,Mujeres,Tasa Global de Participación (TGP),Anual,41.099744117
2022,Quindío,Mujeres,Tasa Global de Participación (TGP),Anual,45.444084181
2023,Quindío,Mujeres,Tasa Global de Participación (TGP),Anual,42.578451199
2024,Quindío,Mujeres,Tasa Global de Participación (TGP),Anual,46.361022545
2025,Quindío,Mujeres,Tasa Global de Participación (TGP),Anual,48.414636331
2007,Quindío,Mujeres,Tasa de Ocupación (TO),Anual,37.289953255
2008,Quindío,Mujeres,Tasa de Ocupación (TO),Anual,38.896072039
2009,Quindío,Mujeres,Tasa de Ocupación (TO),Anual,37.697456474
2010,Quindío,Mujeres,Tasa de Ocupación (TO),Anual,39.485295601
2011,Quindío,Mujeres,Tasa de Ocupación (TO),Anual,39.360417884
2012,Quindío,Mujeres,Tasa de Ocupación (TO),Anual,42.625414498
2013,Quindío,Mujeres,Tasa de Ocupación (TO),Anual,41.61681553
2014,Quindío,Mujeres,Tasa de Ocupación (TO),Anual,42.958932735
2015,Quindío,Mujeres,Tasa de Ocupación (TO),Anual,42.633919692
2016,Quindío,Mujeres,Tasa de Ocupación (TO),Anual,42.167900741
2017,Quindío,Mujeres,Tasa de Ocupación (TO),Anual,41.077608171
2018,Quindío,Mujeres,Tasa de Ocupación (TO),Anual,40.096826198
2019,Quindío,Mujeres,Tasa de Ocupación (TO),Anual,38.388145436
2020,Quindío,Mujeres,Tasa de Ocupación (TO),Anual,29.597604751
2021,Quindío,Mujeres,Tasa de Ocupación (TO),Anual,33.822849868
2022,Quindío,Mujeres,Tasa de Ocupación (TO),Anual,38.011617748
2023,Quindío,Mujeres,Tasa de Ocupación (TO),Anual,36.162239554
2024,Quindío,Mujeres,Tasa de Ocupación (TO),Anual,40.42663669
2025,Quindío,Mujeres,Tasa de Ocupación (TO),Anual,43.004314554
2007,Quindío,Mujeres,Tasa de Desocupación (TD),Anual,18.303659942
2008,Quindío,Mujeres,Tasa de Desocupación (TD),Anual,20.384983722
2009,Quindío,Mujeres,Tasa de Desocupación (TD),Anual,21.767231518
2010,Quindío,Mujeres,Tasa de Desocupación (TD),Anual,22.863475421
2011,Quindío,Mujeres,Tasa de Desocupación (TD),Anual,23.295835562
2012,Quindío,Mujeres,Tasa de Desocupación (TD),Anual,19.025285724
2013,Quindío,Mujeres,Tasa de Desocupación (TD),Anual,20.454138092
2014,Quindío,Mujeres,Tasa de Desocupación (TD),Anual,18.10865917
2015,Quindío,Mujeres,Tasa de Desocupación (TD),Anual,17.171658348
2016,Quindío,Mujeres,Tasa de Desocupación (TD),Anual,19.018378272
2017,Quindío,Mujeres,Tasa de Desocupación (TD),Anual,19.134920893
2018,Quindío,Mujeres,Tasa de Desocupación (TD),Anual,19.407391018
2019,Quindío,Mujeres,Tasa de Desocupación (TD),Anual,20.926728963
2020,Quindío,Mujeres,Tasa de Desocupación (TD),Anual,30.027398609
2021,Quindío,Mujeres,Tasa de Desocupación (TD),Anual,17.705449036
2022,Quindío,Mujeres,Tasa de Desocupación (TD),Anual,16.355190267
2023,Quindío,Mujeres,Tasa de Desocupación (TD),Anual,15.06915227
2024,Quindío,Mujeres,Tasa de Desocupación (TD),Anual,12.800377406
2025,Quindío,Mujeres,Tasa de Desocupación (TD),Anual,11.174971428
2007,Quindío,Mujeres,Tasa de Subocupación (TS),Anual,8.595845482
2008,Quindío,Mujeres,Tasa de Subocupación (TS),Anual,9.160396227
2009,Quindío,Mujeres,Tasa de Subocupación (TS),Anual,8.865197269
2010,Quindío,Mujeres,Tasa de Subocupación (TS),Anual,11.910927405
2011,Quindío,Mujeres,Tasa de Subocupación (TS),Anual,15.384835869
2012,Quindío,Mujeres,Tasa de Subocupación (TS),Anual,12.914744319
2013,Quindío,Mujeres,Tasa de Subocupación (TS),Anual,14.577325877
2014,Quindío,Mujeres,Tasa de Subocupación (TS),Anual,13.910477474
2015,Quindío,Mujeres,Tasa de Subocupación (TS),Anual,13.177407886
2016,Quindío,Mujeres,Tasa de Subocupación (TS),Anual,13.269096743
2017,Quindío,Mujeres,Tasa de Subocupación (TS),Anual,11.65314252
2018,Quindío,Mujeres,Tasa de Subocupación (TS),Anual,11.675619717
2019,Quindío,Mujeres,Tasa de Subocupación (TS),Anual,10.41417331
2020,Quindío,Mujeres,Tasa de Subocupación (TS),Anual,0.0
2021,Quindío,Mujeres,Tasa de Subocupación (TS),Anual,9.266687247
2022,Quindío,Mujeres,Tasa de Subocupación (TS),Anual,7.333208959
2023,Quindío,Mujeres,Tasa de Subocupación (TS),Anual,6.739163946
2024,Quindío,Mujeres,Tasa de Subocupación (TS),Anual,6.700792261
2025,Quindío,Mujeres,Tasa de Subocupación (TS),Anual,8.193709557
2007,Quindío,Mujeres,Población total,Anual,262.82
2008,Quindío,Mujeres,Población total,Anual,263.595
2009,Quindío,Mujeres,Población total,Anual,264.505
2010,Quindío,Mujeres,Población total,Anual,265.691
2011,Quindío,Mujeres,Población total,Anual,266.909
2012,Quindío,Mujeres,Población total,Anual,267.999
2013,Quindío,Mujeres,Población total,Anual,269.005
2014,Quindío,Mujeres,Población total,Anual,270.235
2015,Quindío,Mujeres,Población total,Anual,271.83
2016,Quindío,Mujeres,Población total,Anual,273.888
2017,Quindío,Mujeres,Población total,Anual,276.215
2018,Quindío,Mujeres,Población total,Anual,279.489
2019,Quindío,Mujeres,Población total,Anual,283.823
2020,Quindío,Mujeres,Población total,Anual,287.956
2021,Quindío,Mujeres,Población total,Anual,291.738
2022,Quindío,Mujeres,Población total,Anual,295.737
2023,Quindío,Mujeres,Población total,Anual,299.966
2024,Quindío,Mujeres,Población total,Anual,304.067
2025,Quindío,Mujeres,Población total,Anual,308.047
2007,Quindío,Mujeres,Población en edad de trabajar (PET),Anual,201.76
2008,Quindío,Mujeres,Población en edad de trabajar (PET),Anual,204.186
2009,Quindío,Mujeres,Población en edad de trabajar (PET),Anual,206.76
2010,Quindío,Mujeres,Población en edad de trabajar (PET),Anual,209.527
2011,Quindío,Mujeres,Población en edad de trabajar (PET),Anual,212.274
2012,Quindío,Mujeres,Población en edad de trabajar (PET),Anual,214.841
2013,Quindío,Mujeres,Población en edad de trabajar (PET),Anual,217.224
2014,Quindío,Mujeres,Población en edad de trabajar (PET),Anual,219.692
2015,Quindío,Mujeres,Población en edad de trabajar (PET),Anual,222.314
2016,Quindío,Mujeres,Población en edad de trabajar (PET),Anual,225.113
2017,Quindío,Mujeres,Población en edad de trabajar (PET),Anual,227.896
2018,Quindío,Mujeres,Población en edad de trabajar (PET),Anual,231.127
2019,Quindío,Mujeres,Población en edad de trabajar (PET),Anual,234.928
2020,Quindío,Mujeres,Población en edad de trabajar (PET),Anual,238.529
2021,Quindío,Mujeres,Población en edad de trabajar (PET),Anual,241.944
2022,Quindío,Mujeres,Población en edad de trabajar (PET),Anual,245.457
2023,Quindío,Mujeres,Población en edad de trabajar (PET),Anual,249.139
2024,Quindío,Mujeres,Población en edad de trabajar (PET),Anual,252.66
2025,Quindío,Mujeres,Población en edad de trabajar (PET),Anual,256.186
2007,Quindío,Mujeres,Fuerza de trabajo,Anual,92.092509
2008,Quindío,Mujeres,Fuerza de trabajo,Anual,99.75547
2009,Quindío,Mujeres,Fuerza de trabajo,Anual,99.629941
2010,Quindío,Mujeres,Fuerza de trabajo,Anual,107.25444999999999
2011,Quindío,Mujeres,Fuerza de trabajo,Anual,108.927506
2012,Quindío,Mujeres,Fuerza de trabajo,Anual,113.093164
2013,Quindío,Mujeres,Fuerza de trabajo,Anual,113.647284
2014,Quindío,Mujeres,Fuerza de trabajo,Anual,115.24703
2015,Quindío,Mujeres,Fuerza de trabajo,Anual,114.430846
2016,Quindío,Mujeres,Fuerza de trabajo,Anual,117.21848
2017,Quindío,Mujeres,Fuerza de trabajo,Anual,115.76594899999999
2018,Quindío,Mujeres,Fuerza de trabajo,Anual,114.991427
2019,Quindío,Mujeres,Fuerza de trabajo,Anual,114.051817
2020,Quindío,Mujeres,Fuerza de trabajo,Anual,100.895021
2021,Quindío,Mujeres,Fuerza de trabajo,Anual,99.438
2022,Quindío,Mujeres,Fuerza de trabajo,Anual,111.545
2023,Quindío,Mujeres,Fuerza de trabajo,Anual,106.08
2024,Quindío,Mujeres,Fuerza de trabajo,Anual,117.136
2025,Quindío,Mujeres,Fuerza de trabajo,Anual,124.032
2007,Quindío,Mujeres,Población ocupada,Anual,75.23621
2008,Quindío,Mujeres,Población ocupada,Anual,79.420334
2009,Quindío,Mujeres,Población ocupada,Anual,77.94326099999999
2010,Quindío,Mujeres,Población ocupada,Anual,82.732355
2011,Quindío,Mujeres,Población ocupada,Anual,83.551933
2012,Quindío,Mujeres,Población ocupada,Anual,91.576867
2013,Quindío,Mujeres,Población ocupada,Anual,90.40171099999999
2014,Quindío,Mujeres,Población ocupada,Anual,94.377339
2015,Quindío,Mujeres,Población ocupada,Anual,94.78117200000001
2016,Quindío,Mujeres,Población ocupada,Anual,94.925426
2017,Quindío,Mujeres,Población ocupada,Anual,93.614226
2018,Quindío,Mujeres,Población ocupada,Anual,92.674591
2019,Quindío,Mujeres,Población ocupada,Anual,90.184502
2020,Quindío,Mujeres,Población ocupada,Anual,70.598871
2021,Quindío,Mujeres,Población ocupada,Anual,81.832
2022,Quindío,Mujeres,Población ocupada,Anual,93.302
2023,Quindío,Mujeres,Población ocupada,Anual,90.094
2024,Quindío,Mujeres,Población ocupada,Anual,102.142
2025,Quindío,Mujeres,Población ocupada,Anual,110.171
2007,Quindío,Mujeres,Población desocupada,Anual,16.8563
2008,Quindío,Mujeres,Población desocupada,Anual,20.335136
2009,Quindío,Mujeres,Población desocupada,Anual,21.68668
2010,Quindío,Mujeres,Población desocupada,Anual,24.522095
2011,Quindío,Mujeres,Población desocupada,Anual,25.375573
2012,Quindío,Mujeres,Población desocupada,Anual,21.516298
2013,Quindío,Mujeres,Población desocupada,Anual,23.245572
2014,Quindío,Mujeres,Población desocupada,Anual,20.869692
2015,Quindío,Mujeres,Población desocupada,Anual,19.649673999999997
2016,Quindío,Mujeres,Población desocupada,Anual,22.293054
2017,Quindío,Mujeres,Población desocupada,Anual,22.151723
2018,Quindío,Mujeres,Población desocupada,Anual,22.316836
2019,Quindío,Mujeres,Población desocupada,Anual,23.867314999999998
2020,Quindío,Mujeres,Población desocupada,Anual,30.29615
2021,Quindío,Mujeres,Población desocupada,Anual,17.606
2022,Quindío,Mujeres,Población desocupada,Anual,18.243
2023,Quindío,Mujeres,Población desocupada,Anual,15.985
2024,Quindío,Mujeres,Población desocupada,Anual,14.994
2025,Quindío,Mujeres,Población desocupada,Anual,13.861
2007,Quindío,Mujeres,Población fuera de la fuerza de trabajo,Anual,109.667491
2008,Quindío,Mujeres,Población fuera de la fuerza de trabajo,Anual,104.43053
2009,Quindío,Mujeres,Población fuera de la fuerza de trabajo,Anual,107.13005899999999
2010,Quindío,Mujeres,Población fuera de la fuerza de trabajo,Anual,102.27255000000001
2011,Quindío,Mujeres,Población fuera de la fuerza de trabajo,Anual,103.346494
2012,Quindío,Mujeres,Población fuera de la fuerza de trabajo,Anual,101.74783599999999
2013,Quindío,Mujeres,Población fuera de la fuerza de trabajo,Anual,103.576716
2014,Quindío,Mujeres,Población fuera de la fuerza de trabajo,Anual,104.44497
2015,Quindío,Mujeres,Población fuera de la fuerza de trabajo,Anual,107.88315399999999
2016,Quindío,Mujeres,Población fuera de la fuerza de trabajo,Anual,107.89452
2017,Quindío,Mujeres,Población fuera de la fuerza de trabajo,Anual,112.13005100000001
2018,Quindío,Mujeres,Población fuera de la fuerza de trabajo,Anual,116.13557300000001
2019,Quindío,Mujeres,Población fuera de la fuerza de trabajo,Anual,120.876183
2020,Quindío,Mujeres,Población fuera de la fuerza de trabajo,Anual,137.63397899999998
2021,Quindío,Mujeres,Población fuera de la fuerza de trabajo,Anual,142.506
2022,Quindío,Mujeres,Población fuera de la fuerza de trabajo,Anual,133.911
2023,Quindío,Mujeres,Población fuera de la fuerza de trabajo,Anual,143.06
2024,Quindío,Mujeres,Población fuera de la fuerza de trabajo,Anual,135.524
2025,Quindío,Mujeres,Población fuera de la fuerza de trabajo,Anual,132.155
2007,Quindío,Mujeres,Población subocupada,Anual,7.91613
2008,Quindío,Mujeres,Población subocupada,Anual,9.137996
2009,Quindío,Mujeres,Población subocupada,Anual,8.832391
2010,Quindío,Mujeres,Población subocupada,Anual,12.775
2011,Quindío,Mujeres,Población subocupada,Anual,16.758318
2012,Quindío,Mujeres,Población subocupada,Anual,14.605692999999999
2013,Quindío,Mujeres,Población subocupada,Anual,16.566735
2014,Quindío,Mujeres,Población subocupada,Anual,16.031412
2015,Quindío,Mujeres,Población subocupada,Anual,15.079019
2016,Quindío,Mujeres,Población subocupada,Anual,15.553834
2017,Quindío,Mujeres,Población subocupada,Anual,13.490371
2018,Quindío,Mujeres,Población subocupada,Anual,13.425962
2019,Quindío,Mujeres,Población subocupada,Anual,11.877554
2020,Quindío,Mujeres,Población subocupada,Anual,0.0
2021,Quindío,Mujeres,Población subocupada,Anual,9.215
2022,Quindío,Mujeres,Población subocupada,Anual,8.18
2023,Quindío,Mujeres,Población subocupada,Anual,7.149
2024,Quindío,Mujeres,Población subocupada,Anual,7.849
2025,Quindío,Mujeres,Población subocupada,Anual,10.163
2007,Quindío,Mujeres,Fuerza de trabajo potencial,Anual,0.0
2008,Quindío,Mujeres,Fuerza de trabajo potencial,Anual,0.0
2009,Quindío,Mujeres,Fuerza de trabajo potencial,Anual,0.0
2010,Quindío,Mujeres,Fuerza de trabajo potencial,Anual,0.0
2011,Quindío,Mujeres,Fuerza de trabajo potencial,Anual,0.0
2012,Quindío,Mujeres,Fuerza de trabajo potencial,Anual,0.0
2013,Quindío,Mujeres,Fuerza de trabajo potencial,Anual,0.0
2014,Quindío,Mujeres,Fuerza de trabajo potencial,Anual,0.0
2015,Quindío,Mujeres,Fuerza de trabajo potencial,Anual,0.0
2016,Quindío,Mujeres,Fuerza de trabajo potencial,Anual,0.0
2017,Quindío,Mujeres,Fuerza de trabajo potencial,Anual,0.0
2018,Quindío,Mujeres,Fuerza de trabajo potencial,Anual,0.0
2019,Quindío,Mujeres,Fuerza de trabajo potencial,Anual,0.0
2020,Quindío,Mujeres,Fuerza de trabajo potencial,Anual,0.0
2021,Quindío,Mujeres,Fuerza de trabajo potencial,Anual,10.387
2022,Quindío,Mujeres,Fuerza de trabajo potencial,Anual,9.765
2023,Quindío,Mujeres,Fuerza de trabajo potencial,Anual,12.698
2024,Quindío,Mujeres,Fuerza de trabajo potencial,Anual,14.461
2025,Quindío,Mujeres,Fuerza de trabajo potencial,Anual,17.946
2007,Risaralda,Mujeres,% población en edad de trabajar,Anual,75.687808278
2008,Risaralda,Mujeres,% población en edad de trabajar,Anual,76.338876838
2009,Risaralda,Mujeres,% población en edad de trabajar,Anual,76.980134468
2010,Risaralda,Mujeres,% población en edad de trabajar,Anual,77.600977607
2011,Risaralda,Mujeres,% población en edad de trabajar,Anual,78.19154408
2012,Risaralda,Mujeres,% población en edad de trabajar,Anual,78.744886246
2013,Risaralda,Mujeres,% población en edad de trabajar,Anual,79.260930351
2014,Risaralda,Mujeres,% población en edad de trabajar,Anual,79.742274337
2015,Risaralda,Mujeres,% población en edad de trabajar,Anual,80.187538696
2016,Risaralda,Mujeres,% población en edad de trabajar,Anual,80.565888594
2017,Risaralda,Mujeres,% población en edad de trabajar,Anual,80.865240028
2018,Risaralda,Mujeres,% población en edad de trabajar,Anual,81.057514179
2019,Risaralda,Mujeres,% población en edad de trabajar,Anual,81.294748443
2020,Risaralda,Mujeres,% población en edad de trabajar,Anual,81.517822661
2021,Risaralda,Mujeres,% población en edad de trabajar,Anual,81.757540513
2022,Risaralda,Mujeres,% población en edad de trabajar,Anual,81.964598247
2023,Risaralda,Mujeres,% población en edad de trabajar,Anual,82.156042879
2024,Risaralda,Mujeres,% población en edad de trabajar,Anual,82.371835023
2025,Risaralda,Mujeres,% población en edad de trabajar,Anual,82.572840915
2007,Risaralda,Mujeres,Tasa Global de Participación (TGP),Anual,44.020994843
2008,Risaralda,Mujeres,Tasa Global de Participación (TGP),Anual,45.362148431
2009,Risaralda,Mujeres,Tasa Global de Participación (TGP),Anual,54.143914801
2010,Risaralda,Mujeres,Tasa Global de Participación (TGP),Anual,54.260491872
2011,Risaralda,Mujeres,Tasa Global de Participación (TGP),Anual,55.33732288
2012,Risaralda,Mujeres,Tasa Global de Participación (TGP),Anual,54.52247937
2013,Risaralda,Mujeres,Tasa Global de Participación (TGP),Anual,50.294104498
2014,Risaralda,Mujeres,Tasa Global de Participación (TGP),Anual,52.282014117
2015,Risaralda,Mujeres,Tasa Global de Participación (TGP),Anual,52.135383138
2016,Risaralda,Mujeres,Tasa Global de Participación (TGP),Anual,52.790728883
2017,Risaralda,Mujeres,Tasa Global de Participación (TGP),Anual,51.638735168
2018,Risaralda,Mujeres,Tasa Global de Participación (TGP),Anual,51.538416638
2019,Risaralda,Mujeres,Tasa Global de Participación (TGP),Anual,49.230440476
2020,Risaralda,Mujeres,Tasa Global de Participación (TGP),Anual,43.989802843
2021,Risaralda,Mujeres,Tasa Global de Participación (TGP),Anual,42.099099122
2022,Risaralda,Mujeres,Tasa Global de Participación (TGP),Anual,44.686614976
2023,Risaralda,Mujeres,Tasa Global de Participación (TGP),Anual,44.859958649
2024,Risaralda,Mujeres,Tasa Global de Participación (TGP),Anual,46.682884757
2025,Risaralda,Mujeres,Tasa Global de Participación (TGP),Anual,47.443146499
2007,Risaralda,Mujeres,Tasa de Ocupación (TO),Anual,37.655310596
2008,Risaralda,Mujeres,Tasa de Ocupación (TO),Anual,38.430828081
2009,Risaralda,Mujeres,Tasa de Ocupación (TO),Anual,41.879135899
2010,Risaralda,Mujeres,Tasa de Ocupación (TO),Anual,41.892070265
2011,Risaralda,Mujeres,Tasa de Ocupación (TO),Anual,44.863416694
2012,Risaralda,Mujeres,Tasa de Ocupación (TO),Anual,44.286886016
2013,Risaralda,Mujeres,Tasa de Ocupación (TO),Anual,41.954419062
2014,Risaralda,Mujeres,Tasa de Ocupación (TO),Anual,44.136253372
2015,Risaralda,Mujeres,Tasa de Ocupación (TO),Anual,44.788207778
2016,Risaralda,Mujeres,Tasa de Ocupación (TO),Anual,45.762810475
2017,Risaralda,Mujeres,Tasa de Ocupación (TO),Anual,45.898670678
2018,Risaralda,Mujeres,Tasa de Ocupación (TO),Anual,45.986319477
2019,Risaralda,Mujeres,Tasa de Ocupación (TO),Anual,44.243741111
2020,Risaralda,Mujeres,Tasa de Ocupación (TO),Anual,36.074604819
2021,Risaralda,Mujeres,Tasa de Ocupación (TO),Anual,34.985726484
2022,Risaralda,Mujeres,Tasa de Ocupación (TO),Anual,38.652446044
2023,Risaralda,Mujeres,Tasa de Ocupación (TO),Anual,40.045559141
2024,Risaralda,Mujeres,Tasa de Ocupación (TO),Anual,40.915726825
2025,Risaralda,Mujeres,Tasa de Ocupación (TO),Anual,42.880147485
2007,Risaralda,Mujeres,Tasa de Desocupación (TD),Anual,14.46056426
2008,Risaralda,Mujeres,Tasa de Desocupación (TD),Anual,15.279964883
2009,Risaralda,Mujeres,Tasa de Desocupación (TD),Anual,22.652183438
2010,Risaralda,Mujeres,Tasa de Desocupación (TD),Anual,22.79452541
2011,Risaralda,Mujeres,Tasa de Desocupación (TD),Anual,18.92738145
2012,Risaralda,Mujeres,Tasa de Desocupación (TD),Anual,18.773161954
2013,Risaralda,Mujeres,Tasa de Desocupación (TD),Anual,16.581835028
2014,Risaralda,Mujeres,Tasa de Desocupación (TD),Anual,15.580426427
2015,Risaralda,Mujeres,Tasa de Desocupación (TD),Anual,14.092493271
2016,Risaralda,Mujeres,Tasa de Desocupación (TD),Anual,13.312789113
2017,Risaralda,Mujeres,Tasa de Desocupación (TD),Anual,11.115811553
2018,Risaralda,Mujeres,Tasa de Desocupación (TD),Anual,10.77273522
2019,Risaralda,Mujeres,Tasa de Desocupación (TD),Anual,10.129300727
2020,Risaralda,Mujeres,Tasa de Desocupación (TD),Anual,17.99325642
2021,Risaralda,Mujeres,Tasa de Desocupación (TD),Anual,16.896733626
2022,Risaralda,Mujeres,Tasa de Desocupación (TD),Anual,13.503302801
2023,Risaralda,Mujeres,Tasa de Desocupación (TD),Anual,10.732064077
2024,Risaralda,Mujeres,Tasa de Desocupación (TD),Anual,12.353902211
2025,Risaralda,Mujeres,Tasa de Desocupación (TD),Anual,9.617825442
2007,Risaralda,Mujeres,Tasa de Subocupación (TS),Anual,7.356829391
2008,Risaralda,Mujeres,Tasa de Subocupación (TS),Anual,8.801750163
2009,Risaralda,Mujeres,Tasa de Subocupación (TS),Anual,10.506537548
2010,Risaralda,Mujeres,Tasa de Subocupación (TS),Anual,11.810711758
2011,Risaralda,Mujeres,Tasa de Subocupación (TS),Anual,11.719862462
2012,Risaralda,Mujeres,Tasa de Subocupación (TS),Anual,11.635182512
2013,Risaralda,Mujeres,Tasa de Subocupación (TS),Anual,8.428130579
2014,Risaralda,Mujeres,Tasa de Subocupación (TS),Anual,8.391923126
2015,Risaralda,Mujeres,Tasa de Subocupación (TS),Anual,9.204595456
2016,Risaralda,Mujeres,Tasa de Subocupación (TS),Anual,8.409747145
2017,Risaralda,Mujeres,Tasa de Subocupación (TS),Anual,7.9867287
2018,Risaralda,Mujeres,Tasa de Subocupación (TS),Anual,6.673032362
2019,Risaralda,Mujeres,Tasa de Subocupación (TS),Anual,6.185501917
2020,Risaralda,Mujeres,Tasa de Subocupación (TS),Anual,0.0
2021,Risaralda,Mujeres,Tasa de Subocupación (TS),Anual,7.095920816
2022,Risaralda,Mujeres,Tasa de Subocupación (TS),Anual,6.310054735
2023,Risaralda,Mujeres,Tasa de Subocupación (TS),Anual,7.379206324
2024,Risaralda,Mujeres,Tasa de Subocupación (TS),Anual,5.617709534
2025,Risaralda,Mujeres,Tasa de Subocupación (TS),Anual,6.254945364
2007,Risaralda,Mujeres,Población total,Anual,453.324
2008,Risaralda,Mujeres,Población total,Anual,456.39
2009,Risaralda,Mujeres,Población total,Anual,459.59
2010,Risaralda,Mujeres,Población total,Anual,463.172
2011,Risaralda,Mujeres,Población total,Anual,466.608
2012,Risaralda,Mujeres,Población total,Anual,469.567
2013,Risaralda,Mujeres,Población total,Anual,472.08
2014,Risaralda,Mujeres,Población total,Anual,474.846
2015,Risaralda,Mujeres,Población total,Anual,478.088
2016,Risaralda,Mujeres,Población total,Anual,482.003
2017,Risaralda,Mujeres,Población total,Anual,486.131
2018,Risaralda,Mujeres,Población total,Anual,491.757
2019,Risaralda,Mujeres,Población total,Anual,497.224
2020,Risaralda,Mujeres,Población total,Anual,502.338
2021,Risaralda,Mujeres,Población total,Anual,507.13
2022,Risaralda,Mujeres,Población total,Anual,512.517
2023,Risaralda,Mujeres,Población total,Anual,518.417
2024,Risaralda,Mujeres,Población total,Anual,524.188
2025,Risaralda,Mujeres,Población total,Anual,529.785
2007,Risaralda,Mujeres,Población en edad de trabajar (PET),Anual,343.111
2008,Risaralda,Mujeres,Población en edad de trabajar (PET),Anual,348.403
2009,Risaralda,Mujeres,Población en edad de trabajar (PET),Anual,353.793
2010,Risaralda,Mujeres,Población en edad de trabajar (PET),Anual,359.426
2011,Risaralda,Mujeres,Población en edad de trabajar (PET),Anual,364.848
2012,Risaralda,Mujeres,Población en edad de trabajar (PET),Anual,369.76
2013,Risaralda,Mujeres,Población en edad de trabajar (PET),Anual,374.175
2014,Risaralda,Mujeres,Población en edad de trabajar (PET),Anual,378.653
2015,Risaralda,Mujeres,Población en edad de trabajar (PET),Anual,383.367
2016,Risaralda,Mujeres,Población en edad de trabajar (PET),Anual,388.33
2017,Risaralda,Mujeres,Población en edad de trabajar (PET),Anual,393.111
2018,Risaralda,Mujeres,Población en edad de trabajar (PET),Anual,398.606
2019,Risaralda,Mujeres,Población en edad de trabajar (PET),Anual,404.217
2020,Risaralda,Mujeres,Población en edad de trabajar (PET),Anual,409.495
2021,Risaralda,Mujeres,Población en edad de trabajar (PET),Anual,414.617
2022,Risaralda,Mujeres,Población en edad de trabajar (PET),Anual,420.083
2023,Risaralda,Mujeres,Población en edad de trabajar (PET),Anual,425.911
2024,Risaralda,Mujeres,Población en edad de trabajar (PET),Anual,431.783
2025,Risaralda,Mujeres,Población en edad de trabajar (PET),Anual,437.458
2007,Risaralda,Mujeres,Fuerza de trabajo,Anual,151.040876
2008,Risaralda,Mujeres,Fuerza de trabajo,Anual,158.04308600000002
2009,Risaralda,Mujeres,Fuerza de trabajo,Anual,191.55738
2010,Risaralda,Mujeres,Fuerza de trabajo,Anual,195.02631599999998
2011,Risaralda,Mujeres,Fuerza de trabajo,Anual,201.897116
2012,Risaralda,Mujeres,Fuerza de trabajo,Anual,201.60232000000002
2013,Risaralda,Mujeres,Fuerza de trabajo,Anual,188.187966
2014,Risaralda,Mujeres,Fuerza de trabajo,Anual,197.96741500000002
2015,Risaralda,Mujeres,Fuerza de trabajo,Anual,199.869854
2016,Risaralda,Mujeres,Fuerza de trabajo,Anual,205.00223699999998
2017,Risaralda,Mujeres,Fuerza de trabajo,Anual,202.99754800000002
2018,Risaralda,Mujeres,Fuerza de trabajo,Anual,205.43522099999998
2019,Risaralda,Mujeres,Fuerza de trabajo,Anual,198.99781
2020,Risaralda,Mujeres,Fuerza de trabajo,Anual,180.136043
2021,Risaralda,Mujeres,Fuerza de trabajo,Anual,174.55
2022,Risaralda,Mujeres,Fuerza de trabajo,Anual,187.721
2023,Risaralda,Mujeres,Fuerza de trabajo,Anual,191.064
2024,Risaralda,Mujeres,Fuerza de trabajo,Anual,201.569
2025,Risaralda,Mujeres,Fuerza de trabajo,Anual,207.544
2007,Risaralda,Mujeres,Población ocupada,Anual,129.199513
2008,Risaralda,Mujeres,Población ocupada,Anual,133.894158
2009,Risaralda,Mujeres,Población ocupada,Anual,148.165451
2010,Risaralda,Mujeres,Población ocupada,Anual,150.570992
2011,Risaralda,Mujeres,Población ocupada,Anual,163.683279
2012,Risaralda,Mujeres,Población ocupada,Anual,163.75519
2013,Risaralda,Mujeres,Población ocupada,Anual,156.982948
2014,Risaralda,Mujeres,Población ocupada,Anual,167.123247
2015,Risaralda,Mujeres,Población ocupada,Anual,171.70320900000002
2016,Risaralda,Mujeres,Población ocupada,Anual,177.710722
2017,Risaralda,Mujeres,Población ocupada,Anual,180.432723
2018,Risaralda,Mujeres,Población ocupada,Anual,183.304229
2019,Risaralda,Mujeres,Población ocupada,Anual,178.840723
2020,Risaralda,Mujeres,Población ocupada,Anual,147.723703
2021,Risaralda,Mujeres,Población ocupada,Anual,145.057
2022,Risaralda,Mujeres,Población ocupada,Anual,162.372
2023,Risaralda,Mujeres,Población ocupada,Anual,170.559
2024,Risaralda,Mujeres,Población ocupada,Anual,176.667
2025,Risaralda,Mujeres,Población ocupada,Anual,187.583
2007,Risaralda,Mujeres,Población desocupada,Anual,21.841363
2008,Risaralda,Mujeres,Población desocupada,Anual,24.148928
2009,Risaralda,Mujeres,Población desocupada,Anual,43.391929
2010,Risaralda,Mujeres,Población desocupada,Anual,44.455323
2011,Risaralda,Mujeres,Población desocupada,Anual,38.213837
2012,Risaralda,Mujeres,Población desocupada,Anual,37.84713
2013,Risaralda,Mujeres,Población desocupada,Anual,31.205018
2014,Risaralda,Mujeres,Población desocupada,Anual,30.844167000000002
2015,Risaralda,Mujeres,Población desocupada,Anual,28.166646
2016,Risaralda,Mujeres,Población desocupada,Anual,27.291515999999998
2017,Risaralda,Mujeres,Población desocupada,Anual,22.564825
2018,Risaralda,Mujeres,Población desocupada,Anual,22.130992
2019,Risaralda,Mujeres,Población desocupada,Anual,20.157087
2020,Risaralda,Mujeres,Población desocupada,Anual,32.41234
2021,Risaralda,Mujeres,Población desocupada,Anual,29.493
2022,Risaralda,Mujeres,Población desocupada,Anual,25.348
2023,Risaralda,Mujeres,Población desocupada,Anual,20.505
2024,Risaralda,Mujeres,Población desocupada,Anual,24.902
2025,Risaralda,Mujeres,Población desocupada,Anual,19.961
2007,Risaralda,Mujeres,Población fuera de la fuerza de trabajo,Anual,192.07012400000002
2008,Risaralda,Mujeres,Población fuera de la fuerza de trabajo,Anual,190.359914
2009,Risaralda,Mujeres,Población fuera de la fuerza de trabajo,Anual,162.23561999999998
2010,Risaralda,Mujeres,Población fuera de la fuerza de trabajo,Anual,164.399684
2011,Risaralda,Mujeres,Población fuera de la fuerza de trabajo,Anual,162.950884
2012,Risaralda,Mujeres,Población fuera de la fuerza de trabajo,Anual,168.15768
2013,Risaralda,Mujeres,Población fuera de la fuerza de trabajo,Anual,185.98703400000002
2014,Risaralda,Mujeres,Población fuera de la fuerza de trabajo,Anual,180.685585
2015,Risaralda,Mujeres,Población fuera de la fuerza de trabajo,Anual,183.49714600000001
2016,Risaralda,Mujeres,Población fuera de la fuerza de trabajo,Anual,183.327763
2017,Risaralda,Mujeres,Población fuera de la fuerza de trabajo,Anual,190.113452
2018,Risaralda,Mujeres,Población fuera de la fuerza de trabajo,Anual,193.170779
2019,Risaralda,Mujeres,Población fuera de la fuerza de trabajo,Anual,205.21919
2020,Risaralda,Mujeres,Población fuera de la fuerza de trabajo,Anual,229.358957
2021,Risaralda,Mujeres,Población fuera de la fuerza de trabajo,Anual,240.067
2022,Risaralda,Mujeres,Población fuera de la fuerza de trabajo,Anual,232.362
2023,Risaralda,Mujeres,Población fuera de la fuerza de trabajo,Anual,234.848
2024,Risaralda,Mujeres,Población fuera de la fuerza de trabajo,Anual,230.214
2025,Risaralda,Mujeres,Población fuera de la fuerza de trabajo,Anual,229.914
2007,Risaralda,Mujeres,Población subocupada,Anual,11.11182
2008,Risaralda,Mujeres,Población subocupada,Anual,13.910558000000002
2009,Risaralda,Mujeres,Población subocupada,Anual,20.126047999999997
2010,Risaralda,Mujeres,Población subocupada,Anual,23.033996
2011,Risaralda,Mujeres,Población subocupada,Anual,23.662063999999997
2012,Risaralda,Mujeres,Población subocupada,Anual,23.456798
2013,Risaralda,Mujeres,Población subocupada,Anual,15.860727
2014,Risaralda,Mujeres,Población subocupada,Anual,16.613273
2015,Risaralda,Mujeres,Población subocupada,Anual,18.397212
2016,Risaralda,Mujeres,Población subocupada,Anual,17.24017
2017,Risaralda,Mujeres,Población subocupada,Anual,16.212863
2018,Risaralda,Mujeres,Población subocupada,Anual,13.708759
2019,Risaralda,Mujeres,Población subocupada,Anual,12.309013
2020,Risaralda,Mujeres,Población subocupada,Anual,0.0
2021,Risaralda,Mujeres,Población subocupada,Anual,12.386
2022,Risaralda,Mujeres,Población subocupada,Anual,11.845
2023,Risaralda,Mujeres,Población subocupada,Anual,14.099
2024,Risaralda,Mujeres,Población subocupada,Anual,11.324
2025,Risaralda,Mujeres,Población subocupada,Anual,12.982
2007,Risaralda,Mujeres,Fuerza de trabajo potencial,Anual,0.0
2008,Risaralda,Mujeres,Fuerza de trabajo potencial,Anual,0.0
2009,Risaralda,Mujeres,Fuerza de trabajo potencial,Anual,0.0
2010,Risaralda,Mujeres,Fuerza de trabajo potencial,Anual,0.0
2011,Risaralda,Mujeres,Fuerza de trabajo potencial,Anual,0.0
2012,Risaralda,Mujeres,Fuerza de trabajo potencial,Anual,0.0
2013,Risaralda,Mujeres,Fuerza de trabajo potencial,Anual,0.0
2014,Risaralda,Mujeres,Fuerza de trabajo potencial,Anual,0.0
2015,Risaralda,Mujeres,Fuerza de trabajo potencial,Anual,0.0
2016,Risaralda,Mujeres,Fuerza de trabajo potencial,Anual,0.0
2017,Risaralda,Mujeres,Fuerza de trabajo potencial,Anual,0.0
2018,Risaralda,Mujeres,Fuerza de trabajo potencial,Anual,0.0
2019,Risaralda,Mujeres,Fuerza de trabajo potencial,Anual,0.0
2020,Risaralda,Mujeres,Fuerza de trabajo potencial,Anual,0.0
2021,Risaralda,Mujeres,Fuerza de trabajo potencial,Anual,11.11
2022,Risaralda,Mujeres,Fuerza de trabajo potencial,Anual,11.439
2023,Risaralda,Mujeres,Fuerza de trabajo potencial,Anual,11.356
2024,Risaralda,Mujeres,Fuerza de trabajo potencial,Anual,13.069
2025,Risaralda,Mujeres,Fuerza de trabajo potencial,Anual,13.352
2007,Santander,Mujeres,% población en edad de trabajar,Anual,74.033948007
2008,Santander,Mujeres,% población en edad de trabajar,Anual,74.541102719
2009,Santander,Mujeres,% población en edad de trabajar,Anual,75.050141787
2010,Santander,Mujeres,% población en edad de trabajar,Anual,75.562280296
2011,Santander,Mujeres,% población en edad de trabajar,Anual,76.06362347
2012,Santander,Mujeres,% población en edad de trabajar,Anual,76.542395789
2013,Santander,Mujeres,% población en edad de trabajar,Anual,76.983159037
2014,Santander,Mujeres,% población en edad de trabajar,Anual,77.391918079
2015,Santander,Mujeres,% población en edad de trabajar,Anual,77.761386686
2016,Santander,Mujeres,% población en edad de trabajar,Anual,78.085791778
2017,Santander,Mujeres,% población en edad de trabajar,Anual,78.370417771
2018,Santander,Mujeres,% población en edad de trabajar,Anual,78.596306078
2019,Santander,Mujeres,% población en edad de trabajar,Anual,78.731220687
2020,Santander,Mujeres,% población en edad de trabajar,Anual,78.886491716
2021,Santander,Mujeres,% población en edad de trabajar,Anual,79.084265902
2022,Santander,Mujeres,% población en edad de trabajar,Anual,79.323668961
2023,Santander,Mujeres,% población en edad de trabajar,Anual,79.554508371
2024,Santander,Mujeres,% población en edad de trabajar,Anual,79.928468092
2025,Santander,Mujeres,% población en edad de trabajar,Anual,80.202984906
2007,Santander,Mujeres,Tasa Global de Participación (TGP),Anual,47.589586288
2008,Santander,Mujeres,Tasa Global de Participación (TGP),Anual,49.719184379
2009,Santander,Mujeres,Tasa Global de Participación (TGP),Anual,57.097175699
2010,Santander,Mujeres,Tasa Global de Participación (TGP),Anual,58.99365579
2011,Santander,Mujeres,Tasa Global de Participación (TGP),Anual,58.695160584999996
2012,Santander,Mujeres,Tasa Global de Participación (TGP),Anual,59.535867683
2013,Santander,Mujeres,Tasa Global de Participación (TGP),Anual,58.318865926
2014,Santander,Mujeres,Tasa Global de Participación (TGP),Anual,57.302413929
2015,Santander,Mujeres,Tasa Global de Participación (TGP),Anual,55.639546789
2016,Santander,Mujeres,Tasa Global de Participación (TGP),Anual,54.707590993
2017,Santander,Mujeres,Tasa Global de Participación (TGP),Anual,52.487150997
2018,Santander,Mujeres,Tasa Global de Participación (TGP),Anual,51.475146858
2019,Santander,Mujeres,Tasa Global de Participación (TGP),Anual,49.463506241
2020,Santander,Mujeres,Tasa Global de Participación (TGP),Anual,44.155132605
2021,Santander,Mujeres,Tasa Global de Participación (TGP),Anual,43.137447532
2022,Santander,Mujeres,Tasa Global de Participación (TGP),Anual,49.089990509
2023,Santander,Mujeres,Tasa Global de Participación (TGP),Anual,51.346695903
2024,Santander,Mujeres,Tasa Global de Participación (TGP),Anual,51.063018248
2025,Santander,Mujeres,Tasa Global de Participación (TGP),Anual,50.71079719
2007,Santander,Mujeres,Tasa de Ocupación (TO),Anual,41.555441954
2008,Santander,Mujeres,Tasa de Ocupación (TO),Anual,44.375821084
2009,Santander,Mujeres,Tasa de Ocupación (TO),Anual,51.434016769
2010,Santander,Mujeres,Tasa de Ocupación (TO),Anual,52.102637367
2011,Santander,Mujeres,Tasa de Ocupación (TO),Anual,52.786637482
2012,Santander,Mujeres,Tasa de Ocupación (TO),Anual,53.143675198
2013,Santander,Mujeres,Tasa de Ocupación (TO),Anual,52.336237221
2014,Santander,Mujeres,Tasa de Ocupación (TO),Anual,52.07920226
2015,Santander,Mujeres,Tasa de Ocupación (TO),Anual,50.411940065
2016,Santander,Mujeres,Tasa de Ocupación (TO),Anual,49.022637277
2017,Santander,Mujeres,Tasa de Ocupación (TO),Anual,47.147818776
2018,Santander,Mujeres,Tasa de Ocupación (TO),Anual,45.587753841
2019,Santander,Mujeres,Tasa de Ocupación (TO),Anual,42.26788923
2020,Santander,Mujeres,Tasa de Ocupación (TO),Anual,35.056127942
2021,Santander,Mujeres,Tasa de Ocupación (TO),Anual,36.401271081
2022,Santander,Mujeres,Tasa de Ocupación (TO),Anual,42.686795494
2023,Santander,Mujeres,Tasa de Ocupación (TO),Anual,44.845395849
2024,Santander,Mujeres,Tasa de Ocupación (TO),Anual,44.899232224
2025,Santander,Mujeres,Tasa de Ocupación (TO),Anual,44.578653231
2007,Santander,Mujeres,Tasa de Desocupación (TD),Anual,12.679547784
2008,Santander,Mujeres,Tasa de Desocupación (TD),Anual,10.747085582
2009,Santander,Mujeres,Tasa de Desocupación (TD),Anual,9.918457194
2010,Santander,Mujeres,Tasa de Desocupación (TD),Anual,11.680948283
2011,Santander,Mujeres,Tasa de Desocupación (TD),Anual,10.066457002
2012,Santander,Mujeres,Tasa de Desocupación (TD),Anual,10.736708364
2013,Santander,Mujeres,Tasa de Desocupación (TD),Anual,10.258479156
2014,Santander,Mujeres,Tasa de Desocupación (TD),Anual,9.115168647
2015,Santander,Mujeres,Tasa de Desocupación (TD),Anual,9.395487608
2016,Santander,Mujeres,Tasa de Desocupación (TD),Anual,10.391526317
2017,Santander,Mujeres,Tasa de Desocupación (TD),Anual,10.172646294
2018,Santander,Mujeres,Tasa de Desocupación (TD),Anual,11.437350597
2019,Santander,Mujeres,Tasa de Desocupación (TD),Anual,14.547325004
2020,Santander,Mujeres,Tasa de Desocupación (TD),Anual,20.606901455
2021,Santander,Mujeres,Tasa de Desocupación (TD),Anual,15.615612041
2022,Santander,Mujeres,Tasa de Desocupación (TD),Anual,13.043789474
2023,Santander,Mujeres,Tasa de Desocupación (TD),Anual,12.661574302
2024,Santander,Mujeres,Tasa de Desocupación (TD),Anual,12.070939471
2025,Santander,Mujeres,Tasa de Desocupación (TD),Anual,12.092383277
2007,Santander,Mujeres,Tasa de Subocupación (TS),Anual,6.155645984
2008,Santander,Mujeres,Tasa de Subocupación (TS),Anual,6.033590605
2009,Santander,Mujeres,Tasa de Subocupación (TS),Anual,9.142909127
2010,Santander,Mujeres,Tasa de Subocupación (TS),Anual,11.277901202
2011,Santander,Mujeres,Tasa de Subocupación (TS),Anual,10.576874665
2012,Santander,Mujeres,Tasa de Subocupación (TS),Anual,9.206929063
2013,Santander,Mujeres,Tasa de Subocupación (TS),Anual,10.114361552
2014,Santander,Mujeres,Tasa de Subocupación (TS),Anual,9.103440579
2015,Santander,Mujeres,Tasa de Subocupación (TS),Anual,9.584217799
2016,Santander,Mujeres,Tasa de Subocupación (TS),Anual,9.405021767
2017,Santander,Mujeres,Tasa de Subocupación (TS),Anual,7.915666639
2018,Santander,Mujeres,Tasa de Subocupación (TS),Anual,7.399603949
2019,Santander,Mujeres,Tasa de Subocupación (TS),Anual,9.473117735
2020,Santander,Mujeres,Tasa de Subocupación (TS),Anual,0.0
2021,Santander,Mujeres,Tasa de Subocupación (TS),Anual,4.985575154
2022,Santander,Mujeres,Tasa de Subocupación (TS),Anual,5.332731265
2023,Santander,Mujeres,Tasa de Subocupación (TS),Anual,4.351512405
2024,Santander,Mujeres,Tasa de Subocupación (TS),Anual,4.899949738
2025,Santander,Mujeres,Tasa de Subocupación (TS),Anual,4.084688431
2007,Santander,Mujeres,Población total,Anual,984.859
2008,Santander,Mujeres,Población total,Anual,996.029
2009,Santander,Mujeres,Población total,Anual,1007.144
2010,Santander,Mujeres,Población total,Anual,1018.131
2011,Santander,Mujeres,Población total,Anual,1028.677
2012,Santander,Mujeres,Población total,Anual,1038.806
2013,Santander,Mujeres,Población total,Anual,1048.693
2014,Santander,Mujeres,Población total,Anual,1058.387
2015,Santander,Mujeres,Población total,Anual,1068.331
2016,Santander,Mujeres,Población total,Anual,1080.29
2017,Santander,Mujeres,Población total,Anual,1093.9
2018,Santander,Mujeres,Población total,Anual,1114.317
2019,Santander,Mujeres,Población total,Anual,1141.349
2020,Santander,Mujeres,Población total,Anual,1163.871
2021,Santander,Mujeres,Población total,Anual,1180.272
2022,Santander,Mujeres,Población total,Anual,1187.155
2023,Santander,Mujeres,Población total,Anual,1195.941
2024,Santander,Mujeres,Población total,Anual,1204.288
2025,Santander,Mujeres,Población total,Anual,1212.405
2007,Santander,Mujeres,Población en edad de trabajar (PET),Anual,729.13
2008,Santander,Mujeres,Población en edad de trabajar (PET),Anual,742.451
2009,Santander,Mujeres,Población en edad de trabajar (PET),Anual,755.863
2010,Santander,Mujeres,Población en edad de trabajar (PET),Anual,769.323
2011,Santander,Mujeres,Población en edad de trabajar (PET),Anual,782.449
2012,Santander,Mujeres,Población en edad de trabajar (PET),Anual,795.127
2013,Santander,Mujeres,Población en edad de trabajar (PET),Anual,807.317
2014,Santander,Mujeres,Población en edad de trabajar (PET),Anual,819.106
2015,Santander,Mujeres,Población en edad de trabajar (PET),Anual,830.749
2016,Santander,Mujeres,Población en edad de trabajar (PET),Anual,843.553
2017,Santander,Mujeres,Población en edad de trabajar (PET),Anual,857.294
2018,Santander,Mujeres,Población en edad de trabajar (PET),Anual,875.812
2019,Santander,Mujeres,Población en edad de trabajar (PET),Anual,898.598
2020,Santander,Mujeres,Población en edad de trabajar (PET),Anual,918.137
2021,Santander,Mujeres,Población en edad de trabajar (PET),Anual,933.41
2022,Santander,Mujeres,Población en edad de trabajar (PET),Anual,941.695
2023,Santander,Mujeres,Población en edad de trabajar (PET),Anual,951.425
2024,Santander,Mujeres,Población en edad de trabajar (PET),Anual,962.569
2025,Santander,Mujeres,Población en edad de trabajar (PET),Anual,972.385
2007,Santander,Mujeres,Fuerza de trabajo,Anual,346.989951
2008,Santander,Mujeres,Fuerza de trabajo,Anual,369.140582
2009,Santander,Mujeres,Fuerza de trabajo,Anual,431.576425
2010,Santander,Mujeres,Fuerza de trabajo,Anual,453.851763
2011,Santander,Mujeres,Fuerza de trabajo,Anual,459.25969699999996
2012,Santander,Mujeres,Fuerza de trabajo,Anual,473.385759
2013,Santander,Mujeres,Fuerza de trabajo,Anual,470.818119
2014,Santander,Mujeres,Fuerza de trabajo,Anual,469.367511
2015,Santander,Mujeres,Fuerza de trabajo,Anual,462.224979
2016,Santander,Mujeres,Fuerza de trabajo,Anual,461.487525
2017,Santander,Mujeres,Fuerza de trabajo,Anual,449.969196
2018,Santander,Mujeres,Fuerza de trabajo,Anual,450.825513
2019,Santander,Mujeres,Fuerza de trabajo,Anual,444.478078
2020,Santander,Mujeres,Fuerza de trabajo,Anual,405.40461
2021,Santander,Mujeres,Fuerza de trabajo,Anual,402.649
2022,Santander,Mujeres,Fuerza de trabajo,Anual,462.278
2023,Santander,Mujeres,Fuerza de trabajo,Anual,488.525
2024,Santander,Mujeres,Fuerza de trabajo,Anual,491.517
2025,Santander,Mujeres,Fuerza de trabajo,Anual,493.104
2007,Santander,Mujeres,Población ocupada,Anual,302.993194
2008,Santander,Mujeres,Población ocupada,Anual,329.468727
2009,Santander,Mujeres,Población ocupada,Anual,388.77070199999997
2010,Santander,Mujeres,Población ocupada,Anual,400.83757299999996
2011,Santander,Mujeres,Población ocupada,Anual,413.02851699999997
2012,Santander,Mujeres,Población ocupada,Anual,422.55971
2013,Santander,Mujeres,Población ocupada,Anual,422.51934
2014,Santander,Mujeres,Población ocupada,Anual,426.58387
2015,Santander,Mujeres,Población ocupada,Anual,418.796688
2016,Santander,Mujeres,Población ocupada,Anual,413.53192700000005
2017,Santander,Mujeres,Población ocupada,Anual,404.19542099999995
2018,Santander,Mujeres,Población ocupada,Anual,399.263019
2019,Santander,Mujeres,Población ocupada,Anual,379.818407
2020,Santander,Mujeres,Población ocupada,Anual,321.86328100000003
2021,Santander,Mujeres,Población ocupada,Anual,339.773
2022,Santander,Mujeres,Población ocupada,Anual,401.979
2023,Santander,Mujeres,Población ocupada,Anual,426.67
2024,Santander,Mujeres,Población ocupada,Anual,432.186
2025,Santander,Mujeres,Población ocupada,Anual,433.476
2007,Santander,Mujeres,Población desocupada,Anual,43.996756999999995
2008,Santander,Mujeres,Población desocupada,Anual,39.671853999999996
2009,Santander,Mujeres,Población desocupada,Anual,42.805723
2010,Santander,Mujeres,Población desocupada,Anual,53.01419
2011,Santander,Mujeres,Población desocupada,Anual,46.23118
2012,Santander,Mujeres,Población desocupada,Anual,50.826048
2013,Santander,Mujeres,Población desocupada,Anual,48.298779
2014,Santander,Mujeres,Población desocupada,Anual,42.78364
2015,Santander,Mujeres,Población desocupada,Anual,43.428290999999994
2016,Santander,Mujeres,Población desocupada,Anual,47.955597999999995
2017,Santander,Mujeres,Población desocupada,Anual,45.773775
2018,Santander,Mujeres,Población desocupada,Anual,51.562495000000006
2019,Santander,Mujeres,Población desocupada,Anual,64.659671
2020,Santander,Mujeres,Población desocupada,Anual,83.541328
2021,Santander,Mujeres,Población desocupada,Anual,62.876
2022,Santander,Mujeres,Población desocupada,Anual,60.299
2023,Santander,Mujeres,Población desocupada,Anual,61.855
2024,Santander,Mujeres,Población desocupada,Anual,59.331
2025,Santander,Mujeres,Población desocupada,Anual,59.628
2007,Santander,Mujeres,Población fuera de la fuerza de trabajo,Anual,382.140049
2008,Santander,Mujeres,Población fuera de la fuerza de trabajo,Anual,373.310418
2009,Santander,Mujeres,Población fuera de la fuerza de trabajo,Anual,324.286575
2010,Santander,Mujeres,Población fuera de la fuerza de trabajo,Anual,315.47123700000003
2011,Santander,Mujeres,Población fuera de la fuerza de trabajo,Anual,323.189303
2012,Santander,Mujeres,Población fuera de la fuerza de trabajo,Anual,321.741241
2013,Santander,Mujeres,Población fuera de la fuerza de trabajo,Anual,336.498881
2014,Santander,Mujeres,Población fuera de la fuerza de trabajo,Anual,349.738489
2015,Santander,Mujeres,Población fuera de la fuerza de trabajo,Anual,368.524021
2016,Santander,Mujeres,Población fuera de la fuerza de trabajo,Anual,382.065475
2017,Santander,Mujeres,Población fuera de la fuerza de trabajo,Anual,407.32480400000003
2018,Santander,Mujeres,Población fuera de la fuerza de trabajo,Anual,424.986487
2019,Santander,Mujeres,Población fuera de la fuerza de trabajo,Anual,454.11992200000003
2020,Santander,Mujeres,Población fuera de la fuerza de trabajo,Anual,512.73239
2021,Santander,Mujeres,Población fuera de la fuerza de trabajo,Anual,530.761
2022,Santander,Mujeres,Población fuera de la fuerza de trabajo,Anual,479.417
2023,Santander,Mujeres,Población fuera de la fuerza de trabajo,Anual,462.9
2024,Santander,Mujeres,Población fuera de la fuerza de trabajo,Anual,471.052
2025,Santander,Mujeres,Población fuera de la fuerza de trabajo,Anual,479.281
2007,Santander,Mujeres,Población subocupada,Anual,21.359473
2008,Santander,Mujeres,Población subocupada,Anual,22.272431
2009,Santander,Mujeres,Población subocupada,Anual,39.45864
2010,Santander,Mujeres,Población subocupada,Anual,51.184953
2011,Santander,Mujeres,Población subocupada,Anual,48.575323
2012,Santander,Mujeres,Población subocupada,Anual,43.584291
2013,Santander,Mujeres,Población subocupada,Anual,47.620247000000006
2014,Santander,Mujeres,Población subocupada,Anual,42.728592
2015,Santander,Mujeres,Población subocupada,Anual,44.300649
2016,Santander,Mujeres,Población subocupada,Anual,43.403002
2017,Santander,Mujeres,Población subocupada,Anual,35.618061999999995
2018,Santander,Mujeres,Población subocupada,Anual,33.35930200000001
2019,Santander,Mujeres,Población subocupada,Anual,42.105932
2020,Santander,Mujeres,Población subocupada,Anual,0.0
2021,Santander,Mujeres,Población subocupada,Anual,20.074
2022,Santander,Mujeres,Población subocupada,Anual,24.652
2023,Santander,Mujeres,Población subocupada,Anual,21.258
2024,Santander,Mujeres,Población subocupada,Anual,24.084
2025,Santander,Mujeres,Población subocupada,Anual,20.142
2007,Santander,Mujeres,Fuerza de trabajo potencial,Anual,0.0
2008,Santander,Mujeres,Fuerza de trabajo potencial,Anual,0.0
2009,Santander,Mujeres,Fuerza de trabajo potencial,Anual,0.0
2010,Santander,Mujeres,Fuerza de trabajo potencial,Anual,0.0
2011,Santander,Mujeres,Fuerza de trabajo potencial,Anual,0.0
2012,Santander,Mujeres,Fuerza de trabajo potencial,Anual,0.0
2013,Santander,Mujeres,Fuerza de trabajo potencial,Anual,0.0
2014,Santander,Mujeres,Fuerza de trabajo potencial,Anual,0.0
2015,Santander,Mujeres,Fuerza de trabajo potencial,Anual,0.0
2016,Santander,Mujeres,Fuerza de trabajo potencial,Anual,0.0
2017,Santander,Mujeres,Fuerza de trabajo potencial,Anual,0.0
2018,Santander,Mujeres,Fuerza de trabajo potencial,Anual,0.0
2019,Santander,Mujeres,Fuerza de trabajo potencial,Anual,0.0
2020,Santander,Mujeres,Fuerza de trabajo potencial,Anual,0.0
2021,Santander,Mujeres,Fuerza de trabajo potencial,Anual,22.023
2022,Santander,Mujeres,Fuerza de trabajo potencial,Anual,35.8
2023,Santander,Mujeres,Fuerza de trabajo potencial,Anual,23.071
2024,Santander,Mujeres,Fuerza de trabajo potencial,Anual,19.999
2025,Santander,Mujeres,Fuerza de trabajo potencial,Anual,21.761
2007,Sucre,Mujeres,% población en edad de trabajar,Anual,69.445832507
2008,Sucre,Mujeres,% población en edad de trabajar,Anual,69.808665382
2009,Sucre,Mujeres,% población en edad de trabajar,Anual,70.151473369
2010,Sucre,Mujeres,% población en edad de trabajar,Anual,70.464952963
2011,Sucre,Mujeres,% población en edad de trabajar,Anual,70.76918246
2012,Sucre,Mujeres,% población en edad de trabajar,Anual,71.075105946
2013,Sucre,Mujeres,% población en edad de trabajar,Anual,71.413400591
2014,Sucre,Mujeres,% población en edad de trabajar,Anual,71.769618065
2015,Sucre,Mujeres,% población en edad de trabajar,Anual,72.147317743
2016,Sucre,Mujeres,% población en edad de trabajar,Anual,72.533619657
2017,Sucre,Mujeres,% población en edad de trabajar,Anual,72.914284158
2018,Sucre,Mujeres,% población en edad de trabajar,Anual,73.242225302
2019,Sucre,Mujeres,% población en edad de trabajar,Anual,73.567962531
2020,Sucre,Mujeres,% población en edad de trabajar,Anual,73.881182715
2021,Sucre,Mujeres,% población en edad de trabajar,Anual,74.208212773
2022,Sucre,Mujeres,% población en edad de trabajar,Anual,74.52372347
2023,Sucre,Mujeres,% población en edad de trabajar,Anual,74.834260509
2024,Sucre,Mujeres,% población en edad de trabajar,Anual,75.105480756
2025,Sucre,Mujeres,% población en edad de trabajar,Anual,75.438620779
2007,Sucre,Mujeres,Tasa Global de Participación (TGP),Anual,39.634529567
2008,Sucre,Mujeres,Tasa Global de Participación (TGP),Anual,37.372332241
2009,Sucre,Mujeres,Tasa Global de Participación (TGP),Anual,38.376058928
2010,Sucre,Mujeres,Tasa Global de Participación (TGP),Anual,40.953786476
2011,Sucre,Mujeres,Tasa Global de Participación (TGP),Anual,42.446262362
2012,Sucre,Mujeres,Tasa Global de Participación (TGP),Anual,49.452363284
2013,Sucre,Mujeres,Tasa Global de Participación (TGP),Anual,48.384621555
2014,Sucre,Mujeres,Tasa Global de Participación (TGP),Anual,48.617818917
2015,Sucre,Mujeres,Tasa Global de Participación (TGP),Anual,47.902405476
2016,Sucre,Mujeres,Tasa Global de Participación (TGP),Anual,51.153039903
2017,Sucre,Mujeres,Tasa Global de Participación (TGP),Anual,50.436684003
2018,Sucre,Mujeres,Tasa Global de Participación (TGP),Anual,51.91339103
2019,Sucre,Mujeres,Tasa Global de Participación (TGP),Anual,51.419729124
2020,Sucre,Mujeres,Tasa Global de Participación (TGP),Anual,45.080990106
2021,Sucre,Mujeres,Tasa Global de Participación (TGP),Anual,42.50566678
2022,Sucre,Mujeres,Tasa Global de Participación (TGP),Anual,41.697147314
2023,Sucre,Mujeres,Tasa Global de Participación (TGP),Anual,41.338715411
2024,Sucre,Mujeres,Tasa Global de Participación (TGP),Anual,42.085225793
2025,Sucre,Mujeres,Tasa Global de Participación (TGP),Anual,49.658716525
2007,Sucre,Mujeres,Tasa de Ocupación (TO),Anual,32.197893482
2008,Sucre,Mujeres,Tasa de Ocupación (TO),Anual,31.167587125
2009,Sucre,Mujeres,Tasa de Ocupación (TO),Anual,32.124248906
2010,Sucre,Mujeres,Tasa de Ocupación (TO),Anual,34.109915825
2011,Sucre,Mujeres,Tasa de Ocupación (TO),Anual,35.098995233
2012,Sucre,Mujeres,Tasa de Ocupación (TO),Anual,42.274052533
2013,Sucre,Mujeres,Tasa de Ocupación (TO),Anual,41.04214483
2014,Sucre,Mujeres,Tasa de Ocupación (TO),Anual,41.889969114
2015,Sucre,Mujeres,Tasa de Ocupación (TO),Anual,41.053709599
2016,Sucre,Mujeres,Tasa de Ocupación (TO),Anual,43.880949047
2017,Sucre,Mujeres,Tasa de Ocupación (TO),Anual,42.986766044
2018,Sucre,Mujeres,Tasa de Ocupación (TO),Anual,44.389461644
2019,Sucre,Mujeres,Tasa de Ocupación (TO),Anual,42.470016595
2020,Sucre,Mujeres,Tasa de Ocupación (TO),Anual,35.381053222
2021,Sucre,Mujeres,Tasa de Ocupación (TO),Anual,35.075529607
2022,Sucre,Mujeres,Tasa de Ocupación (TO),Anual,34.899300729
2023,Sucre,Mujeres,Tasa de Ocupación (TO),Anual,34.616362777
2024,Sucre,Mujeres,Tasa de Ocupación (TO),Anual,34.863647004
2025,Sucre,Mujeres,Tasa de Ocupación (TO),Anual,41.397588161
2007,Sucre,Mujeres,Tasa de Desocupación (TD),Anual,18.763023469
2008,Sucre,Mujeres,Tasa de Desocupación (TD),Anual,16.602509784
2009,Sucre,Mujeres,Tasa de Desocupación (TD),Anual,16.290912085
2010,Sucre,Mujeres,Tasa de Desocupación (TD),Anual,16.711203627
2011,Sucre,Mujeres,Tasa de Desocupación (TD),Anual,17.309573848
2012,Sucre,Mujeres,Tasa de Desocupación (TD),Anual,14.51560709
2013,Sucre,Mujeres,Tasa de Desocupación (TD),Anual,15.175228179
2014,Sucre,Mujeres,Tasa de Desocupación (TD),Anual,13.83823864
2015,Sucre,Mujeres,Tasa de Desocupación (TD),Anual,14.297185722
2016,Sucre,Mujeres,Tasa de Desocupación (TD),Anual,14.216341532
2017,Sucre,Mujeres,Tasa de Desocupación (TD),Anual,14.770832197
2018,Sucre,Mujeres,Tasa de Desocupación (TD),Anual,14.493234284
2019,Sucre,Mujeres,Tasa de Desocupación (TD),Anual,17.40521135
2020,Sucre,Mujeres,Tasa de Desocupación (TD),Anual,21.516689986
2021,Sucre,Mujeres,Tasa de Desocupación (TD),Anual,17.480344941
2022,Sucre,Mujeres,Tasa de Desocupación (TD),Anual,16.302905649
2023,Sucre,Mujeres,Tasa de Desocupación (TD),Anual,16.261638921
2024,Sucre,Mujeres,Tasa de Desocupación (TD),Anual,17.159415572
2025,Sucre,Mujeres,Tasa de Desocupación (TD),Anual,16.635807249
2007,Sucre,Mujeres,Tasa de Subocupación (TS),Anual,9.192707752
2008,Sucre,Mujeres,Tasa de Subocupación (TS),Anual,6.800023083
2009,Sucre,Mujeres,Tasa de Subocupación (TS),Anual,7.25927363
2010,Sucre,Mujeres,Tasa de Subocupación (TS),Anual,8.387804979
2011,Sucre,Mujeres,Tasa de Subocupación (TS),Anual,8.625728872
2012,Sucre,Mujeres,Tasa de Subocupación (TS),Anual,9.66625237
2013,Sucre,Mujeres,Tasa de Subocupación (TS),Anual,8.893624471
2014,Sucre,Mujeres,Tasa de Subocupación (TS),Anual,9.699163384
2015,Sucre,Mujeres,Tasa de Subocupación (TS),Anual,12.126490536
2016,Sucre,Mujeres,Tasa de Subocupación (TS),Anual,12.562858624
2017,Sucre,Mujeres,Tasa de Subocupación (TS),Anual,11.339909385
2018,Sucre,Mujeres,Tasa de Subocupación (TS),Anual,9.160923062
2019,Sucre,Mujeres,Tasa de Subocupación (TS),Anual,10.818691614
2020,Sucre,Mujeres,Tasa de Subocupación (TS),Anual,0.0
2021,Sucre,Mujeres,Tasa de Subocupación (TS),Anual,7.299251806
2022,Sucre,Mujeres,Tasa de Subocupación (TS),Anual,9.263946785
2023,Sucre,Mujeres,Tasa de Subocupación (TS),Anual,11.089446497
2024,Sucre,Mujeres,Tasa de Subocupación (TS),Anual,8.891793071
2025,Sucre,Mujeres,Tasa de Subocupación (TS),Anual,12.447669435
2007,Sucre,Mujeres,Población total,Anual,398.237
2008,Sucre,Mujeres,Población total,Anual,402.175
2009,Sucre,Mujeres,Población total,Anual,406.144
2010,Sucre,Mujeres,Población total,Anual,410.106
2011,Sucre,Mujeres,Población total,Anual,413.998
2012,Sucre,Mujeres,Población total,Anual,417.903
2013,Sucre,Mujeres,Población total,Anual,421.862
2014,Sucre,Mujeres,Población total,Anual,425.832
2015,Sucre,Mujeres,Población total,Anual,429.955
2016,Sucre,Mujeres,Población total,Anual,434.939
2017,Sucre,Mujeres,Población total,Anual,440.712
2018,Sucre,Mujeres,Población total,Anual,449.503
2019,Sucre,Mujeres,Población total,Anual,462.034
2020,Sucre,Mujeres,Población total,Anual,472.709
2021,Sucre,Mujeres,Población total,Anual,479.822
2022,Sucre,Mujeres,Población total,Anual,485.117
2023,Sucre,Mujeres,Población total,Anual,490.064
2024,Sucre,Mujeres,Población total,Anual,494.897
2025,Sucre,Mujeres,Población total,Anual,499.62
2007,Sucre,Mujeres,Población en edad de trabajar (PET),Anual,276.559
2008,Sucre,Mujeres,Población en edad de trabajar (PET),Anual,280.753
2009,Sucre,Mujeres,Población en edad de trabajar (PET),Anual,284.916
2010,Sucre,Mujeres,Población en edad de trabajar (PET),Anual,288.981
2011,Sucre,Mujeres,Población en edad de trabajar (PET),Anual,292.983
2012,Sucre,Mujeres,Población en edad de trabajar (PET),Anual,297.025
2013,Sucre,Mujeres,Población en edad de trabajar (PET),Anual,301.266
2014,Sucre,Mujeres,Población en edad de trabajar (PET),Anual,305.618
2015,Sucre,Mujeres,Población en edad de trabajar (PET),Anual,310.201
2016,Sucre,Mujeres,Población en edad de trabajar (PET),Anual,315.477
2017,Sucre,Mujeres,Población en edad de trabajar (PET),Anual,321.342
2018,Sucre,Mujeres,Población en edad de trabajar (PET),Anual,329.226
2019,Sucre,Mujeres,Población en edad de trabajar (PET),Anual,339.909
2020,Sucre,Mujeres,Población en edad de trabajar (PET),Anual,349.243
2021,Sucre,Mujeres,Población en edad de trabajar (PET),Anual,356.067
2022,Sucre,Mujeres,Población en edad de trabajar (PET),Anual,361.528
2023,Sucre,Mujeres,Población en edad de trabajar (PET),Anual,366.736
2024,Sucre,Mujeres,Población en edad de trabajar (PET),Anual,371.695
2025,Sucre,Mujeres,Población en edad de trabajar (PET),Anual,376.907
2007,Sucre,Mujeres,Fuerza de trabajo,Anual,109.612859
2008,Sucre,Mujeres,Fuerza de trabajo,Anual,104.923944
2009,Sucre,Mujeres,Fuerza de trabajo,Anual,109.339532
2010,Sucre,Mujeres,Fuerza de trabajo,Anual,118.34866199999999
2011,Sucre,Mujeres,Fuerza de trabajo,Anual,124.360333
2012,Sucre,Mujeres,Fuerza de trabajo,Anual,146.885882
2013,Sucre,Mujeres,Fuerza de trabajo,Anual,145.766414
2014,Sucre,Mujeres,Fuerza de trabajo,Anual,148.58480600000001
2015,Sucre,Mujeres,Fuerza de trabajo,Anual,148.59374100000002
2016,Sucre,Mujeres,Fuerza de trabajo,Anual,161.376076
2017,Sucre,Mujeres,Fuerza de trabajo,Anual,162.074249
2018,Sucre,Mujeres,Fuerza de trabajo,Anual,170.91238099999998
2019,Sucre,Mujeres,Fuerza de trabajo,Anual,174.78028700000002
2020,Sucre,Mujeres,Fuerza de trabajo,Anual,157.44220199999998
2021,Sucre,Mujeres,Fuerza de trabajo,Anual,151.349
2022,Sucre,Mujeres,Fuerza de trabajo,Anual,150.747
2023,Sucre,Mujeres,Fuerza de trabajo,Anual,151.604
2024,Sucre,Mujeres,Fuerza de trabajo,Anual,156.429
2025,Sucre,Mujeres,Fuerza de trabajo,Anual,187.167
2007,Sucre,Mujeres,Población ocupada,Anual,89.04617200000001
2008,Sucre,Mujeres,Población ocupada,Anual,87.503936
2009,Sucre,Mujeres,Población ocupada,Anual,91.527125
2010,Sucre,Mujeres,Población ocupada,Anual,98.57117600000001
2011,Sucre,Mujeres,Población ocupada,Anual,102.834089
2012,Sucre,Mujeres,Población ocupada,Anual,125.56450500000001
2013,Sucre,Mujeres,Población ocupada,Anual,123.646028
2014,Sucre,Mujeres,Población ocupada,Anual,128.02328599999998
2015,Sucre,Mujeres,Población ocupada,Anual,127.349018
2016,Sucre,Mujeres,Población ocupada,Anual,138.434302
2017,Sucre,Mujeres,Población ocupada,Anual,138.134534
2018,Sucre,Mujeres,Población ocupada,Anual,146.141649
2019,Sucre,Mujeres,Población ocupada,Anual,144.35940900000003
2020,Sucre,Mujeres,Población ocupada,Anual,123.56585199999999
2021,Sucre,Mujeres,Población ocupada,Anual,124.892
2022,Sucre,Mujeres,Población ocupada,Anual,126.171
2023,Sucre,Mujeres,Población ocupada,Anual,126.951
2024,Sucre,Mujeres,Población ocupada,Anual,129.586
2025,Sucre,Mujeres,Población ocupada,Anual,156.03
2007,Sucre,Mujeres,Población desocupada,Anual,20.566686
2008,Sucre,Mujeres,Población desocupada,Anual,17.420008000000003
2009,Sucre,Mujeres,Población desocupada,Anual,17.812407
2010,Sucre,Mujeres,Población desocupada,Anual,19.777486
2011,Sucre,Mujeres,Población desocupada,Anual,21.526244
2012,Sucre,Mujeres,Población desocupada,Anual,21.321378
2013,Sucre,Mujeres,Población desocupada,Anual,22.120386
2014,Sucre,Mujeres,Población desocupada,Anual,20.56152
2015,Sucre,Mujeres,Población desocupada,Anual,21.244723
2016,Sucre,Mujeres,Población desocupada,Anual,22.941774000000002
2017,Sucre,Mujeres,Población desocupada,Anual,23.939715
2018,Sucre,Mujeres,Población desocupada,Anual,24.770732
2019,Sucre,Mujeres,Población desocupada,Anual,30.420878000000002
2020,Sucre,Mujeres,Población desocupada,Anual,33.876351
2021,Sucre,Mujeres,Población desocupada,Anual,26.456
2022,Sucre,Mujeres,Población desocupada,Anual,24.576
2023,Sucre,Mujeres,Población desocupada,Anual,24.653
2024,Sucre,Mujeres,Población desocupada,Anual,26.842
2025,Sucre,Mujeres,Población desocupada,Anual,31.137
2007,Sucre,Mujeres,Población fuera de la fuerza de trabajo,Anual,166.946141
2008,Sucre,Mujeres,Población fuera de la fuerza de trabajo,Anual,175.829056
2009,Sucre,Mujeres,Población fuera de la fuerza de trabajo,Anual,175.576468
2010,Sucre,Mujeres,Población fuera de la fuerza de trabajo,Anual,170.63233799999998
2011,Sucre,Mujeres,Población fuera de la fuerza de trabajo,Anual,168.62266699999998
2012,Sucre,Mujeres,Población fuera de la fuerza de trabajo,Anual,150.139118
2013,Sucre,Mujeres,Población fuera de la fuerza de trabajo,Anual,155.49958600000002
2014,Sucre,Mujeres,Población fuera de la fuerza de trabajo,Anual,157.03319399999998
2015,Sucre,Mujeres,Población fuera de la fuerza de trabajo,Anual,161.607259
2016,Sucre,Mujeres,Población fuera de la fuerza de trabajo,Anual,154.100924
2017,Sucre,Mujeres,Población fuera de la fuerza de trabajo,Anual,159.26775099999998
2018,Sucre,Mujeres,Población fuera de la fuerza de trabajo,Anual,158.31361900000002
2019,Sucre,Mujeres,Población fuera de la fuerza de trabajo,Anual,165.12871299999998
2020,Sucre,Mujeres,Población fuera de la fuerza de trabajo,Anual,191.80079800000001
2021,Sucre,Mujeres,Población fuera de la fuerza de trabajo,Anual,204.718
2022,Sucre,Mujeres,Población fuera de la fuerza de trabajo,Anual,210.781
2023,Sucre,Mujeres,Población fuera de la fuerza de trabajo,Anual,215.132
2024,Sucre,Mujeres,Población fuera de la fuerza de trabajo,Anual,215.266
2025,Sucre,Mujeres,Población fuera de la fuerza de trabajo,Anual,189.74
2007,Sucre,Mujeres,Población subocupada,Anual,10.07639
2008,Sucre,Mujeres,Población subocupada,Anual,7.1348519999999995
2009,Sucre,Mujeres,Población subocupada,Anual,7.9372560000000005
2010,Sucre,Mujeres,Población subocupada,Anual,9.926855
2011,Sucre,Mujeres,Población subocupada,Anual,10.726985
2012,Sucre,Mujeres,Población subocupada,Anual,14.198360000000001
2013,Sucre,Mujeres,Población subocupada,Anual,12.963916999999999
2014,Sucre,Mujeres,Población subocupada,Anual,14.411483
2015,Sucre,Mujeres,Población subocupada,Anual,18.019205999999997
2016,Sucre,Mujeres,Población subocupada,Anual,20.273448000000002
2017,Sucre,Mujeres,Población subocupada,Anual,18.379073
2018,Sucre,Mujeres,Población subocupada,Anual,15.657152
2019,Sucre,Mujeres,Población subocupada,Anual,18.908939999999998
2020,Sucre,Mujeres,Población subocupada,Anual,0.0
2021,Sucre,Mujeres,Población subocupada,Anual,11.047
2022,Sucre,Mujeres,Población subocupada,Anual,13.965
2023,Sucre,Mujeres,Población subocupada,Anual,16.812
2024,Sucre,Mujeres,Población subocupada,Anual,13.909
2025,Sucre,Mujeres,Población subocupada,Anual,23.298
2007,Sucre,Mujeres,Fuerza de trabajo potencial,Anual,0.0
2008,Sucre,Mujeres,Fuerza de trabajo potencial,Anual,0.0
2009,Sucre,Mujeres,Fuerza de trabajo potencial,Anual,0.0
2010,Sucre,Mujeres,Fuerza de trabajo potencial,Anual,0.0
2011,Sucre,Mujeres,Fuerza de trabajo potencial,Anual,0.0
2012,Sucre,Mujeres,Fuerza de trabajo potencial,Anual,0.0
2013,Sucre,Mujeres,Fuerza de trabajo potencial,Anual,0.0
2014,Sucre,Mujeres,Fuerza de trabajo potencial,Anual,0.0
2015,Sucre,Mujeres,Fuerza de trabajo potencial,Anual,0.0
2016,Sucre,Mujeres,Fuerza de trabajo potencial,Anual,0.0
2017,Sucre,Mujeres,Fuerza de trabajo potencial,Anual,0.0
2018,Sucre,Mujeres,Fuerza de trabajo potencial,Anual,0.0
2019,Sucre,Mujeres,Fuerza de trabajo potencial,Anual,0.0
2020,Sucre,Mujeres,Fuerza de trabajo potencial,Anual,0.0
2021,Sucre,Mujeres,Fuerza de trabajo potencial,Anual,21.469
2022,Sucre,Mujeres,Fuerza de trabajo potencial,Anual,12.977
2023,Sucre,Mujeres,Fuerza de trabajo potencial,Anual,23.326
2024,Sucre,Mujeres,Fuerza de trabajo potencial,Anual,17.177
2025,Sucre,Mujeres,Fuerza de trabajo potencial,Anual,29.981
2007,Tolima,Mujeres,% población en edad de trabajar,Anual,72.50376279
2008,Tolima,Mujeres,% población en edad de trabajar,Anual,73.007595459
2009,Tolima,Mujeres,% población en edad de trabajar,Anual,73.51596305
2010,Tolima,Mujeres,% población en edad de trabajar,Anual,74.021197177
2011,Tolima,Mujeres,% población en edad de trabajar,Anual,74.519982223
2012,Tolima,Mujeres,% población en edad de trabajar,Anual,75.028648991
2013,Tolima,Mujeres,% población en edad de trabajar,Anual,75.543018463
2014,Tolima,Mujeres,% población en edad de trabajar,Anual,76.059515383
2015,Tolima,Mujeres,% población en edad de trabajar,Anual,76.583327069
2016,Tolima,Mujeres,% población en edad de trabajar,Anual,77.102028448
2017,Tolima,Mujeres,% población en edad de trabajar,Anual,77.599342851
2018,Tolima,Mujeres,% población en edad de trabajar,Anual,78.074339333
2019,Tolima,Mujeres,% población en edad de trabajar,Anual,78.450449434
2020,Tolima,Mujeres,% población en edad de trabajar,Anual,78.794394471
2021,Tolima,Mujeres,% población en edad de trabajar,Anual,79.085583527
2022,Tolima,Mujeres,% población en edad de trabajar,Anual,79.378003643
2023,Tolima,Mujeres,% población en edad de trabajar,Anual,79.656991254
2024,Tolima,Mujeres,% población en edad de trabajar,Anual,80.005877623
2025,Tolima,Mujeres,% población en edad de trabajar,Anual,80.284747568
2007,Tolima,Mujeres,Tasa Global de Participación (TGP),Anual,50.355688748
2008,Tolima,Mujeres,Tasa Global de Participación (TGP),Anual,58.697526507
2009,Tolima,Mujeres,Tasa Global de Participación (TGP),Anual,55.456819146
2010,Tolima,Mujeres,Tasa Global de Participación (TGP),Anual,58.991860041
2011,Tolima,Mujeres,Tasa Global de Participación (TGP),Anual,63.028471664
2012,Tolima,Mujeres,Tasa Global de Participación (TGP),Anual,58.098228009
2013,Tolima,Mujeres,Tasa Global de Participación (TGP),Anual,57.322370203
2014,Tolima,Mujeres,Tasa Global de Participación (TGP),Anual,56.863034549
2015,Tolima,Mujeres,Tasa Global de Participación (TGP),Anual,57.025772002
2016,Tolima,Mujeres,Tasa Global de Participación (TGP),Anual,57.005224665
2017,Tolima,Mujeres,Tasa Global de Participación (TGP),Anual,54.656706341
2018,Tolima,Mujeres,Tasa Global de Participación (TGP),Anual,52.57999275
2019,Tolima,Mujeres,Tasa Global de Participación (TGP),Anual,49.03510913
2020,Tolima,Mujeres,Tasa Global de Participación (TGP),Anual,42.893959592
2021,Tolima,Mujeres,Tasa Global de Participación (TGP),Anual,37.549215833
2022,Tolima,Mujeres,Tasa Global de Participación (TGP),Anual,43.837754886
2023,Tolima,Mujeres,Tasa Global de Participación (TGP),Anual,43.204081776
2024,Tolima,Mujeres,Tasa Global de Participación (TGP),Anual,42.468946482
2025,Tolima,Mujeres,Tasa Global de Participación (TGP),Anual,48.575389727
2007,Tolima,Mujeres,Tasa de Ocupación (TO),Anual,40.991497008
2008,Tolima,Mujeres,Tasa de Ocupación (TO),Anual,46.205044127
2009,Tolima,Mujeres,Tasa de Ocupación (TO),Anual,44.584700274
2010,Tolima,Mujeres,Tasa de Ocupación (TO),Anual,47.301690969
2011,Tolima,Mujeres,Tasa de Ocupación (TO),Anual,47.565498457
2012,Tolima,Mujeres,Tasa de Ocupación (TO),Anual,49.0998072
2013,Tolima,Mujeres,Tasa de Ocupación (TO),Anual,49.770496707
2014,Tolima,Mujeres,Tasa de Ocupación (TO),Anual,49.593767803
2015,Tolima,Mujeres,Tasa de Ocupación (TO),Anual,49.017290832
2016,Tolima,Mujeres,Tasa de Ocupación (TO),Anual,47.968037896
2017,Tolima,Mujeres,Tasa de Ocupación (TO),Anual,46.852844183
2018,Tolima,Mujeres,Tasa de Ocupación (TO),Anual,42.531468196
2019,Tolima,Mujeres,Tasa de Ocupación (TO),Anual,38.078723968
2020,Tolima,Mujeres,Tasa de Ocupación (TO),Anual,29.399770775
2021,Tolima,Mujeres,Tasa de Ocupación (TO),Anual,29.963480882
2022,Tolima,Mujeres,Tasa de Ocupación (TO),Anual,34.805134586
2023,Tolima,Mujeres,Tasa de Ocupación (TO),Anual,36.895711836
2024,Tolima,Mujeres,Tasa de Ocupación (TO),Anual,35.994817542
2025,Tolima,Mujeres,Tasa de Ocupación (TO),Anual,41.579998654
2007,Tolima,Mujeres,Tasa de Desocupación (TD),Anual,18.596095044
2008,Tolima,Mujeres,Tasa de Desocupación (TD),Anual,21.282808874
2009,Tolima,Mujeres,Tasa de Desocupación (TD),Anual,19.604656451
2010,Tolima,Mujeres,Tasa de Desocupación (TD),Anual,19.816579887
2011,Tolima,Mujeres,Tasa de Desocupación (TD),Anual,24.533314546
2012,Tolima,Mujeres,Tasa de Desocupación (TD),Anual,15.488287883
2013,Tolima,Mujeres,Tasa de Desocupación (TD),Anual,13.174391549
2014,Tolima,Mujeres,Tasa de Desocupación (TD),Anual,12.783817824
2015,Tolima,Mujeres,Tasa de Desocupación (TD),Anual,14.043617278
2016,Tolima,Mujeres,Tasa de Desocupación (TD),Anual,15.853260508
2017,Tolima,Mujeres,Tasa de Desocupación (TD),Anual,14.277959067
2018,Tolima,Mujeres,Tasa de Desocupación (TD),Anual,19.110927995
2019,Tolima,Mujeres,Tasa de Desocupación (TD),Anual,22.343959984
2020,Tolima,Mujeres,Tasa de Desocupación (TD),Anual,31.459415138
2021,Tolima,Mujeres,Tasa de Desocupación (TD),Anual,20.202112835
2022,Tolima,Mujeres,Tasa de Desocupación (TD),Anual,20.604659896
2023,Tolima,Mujeres,Tasa de Desocupación (TD),Anual,14.601328579
2024,Tolima,Mujeres,Tasa de Desocupación (TD),Anual,15.244383195
2025,Tolima,Mujeres,Tasa de Desocupación (TD),Anual,14.401101282
2007,Tolima,Mujeres,Tasa de Subocupación (TS),Anual,11.884893943
2008,Tolima,Mujeres,Tasa de Subocupación (TS),Anual,12.298853006
2009,Tolima,Mujeres,Tasa de Subocupación (TS),Anual,12.185573531
2010,Tolima,Mujeres,Tasa de Subocupación (TS),Anual,14.46262373
2011,Tolima,Mujeres,Tasa de Subocupación (TS),Anual,15.62970266
2012,Tolima,Mujeres,Tasa de Subocupación (TS),Anual,14.702368121
2013,Tolima,Mujeres,Tasa de Subocupación (TS),Anual,12.692695581
2014,Tolima,Mujeres,Tasa de Subocupación (TS),Anual,10.975452653
2015,Tolima,Mujeres,Tasa de Subocupación (TS),Anual,11.882817928
2016,Tolima,Mujeres,Tasa de Subocupación (TS),Anual,10.936103452
2017,Tolima,Mujeres,Tasa de Subocupación (TS),Anual,9.895874132
2018,Tolima,Mujeres,Tasa de Subocupación (TS),Anual,10.8945991
2019,Tolima,Mujeres,Tasa de Subocupación (TS),Anual,11.03769718
2020,Tolima,Mujeres,Tasa de Subocupación (TS),Anual,0.0
2021,Tolima,Mujeres,Tasa de Subocupación (TS),Anual,5.866564039
2022,Tolima,Mujeres,Tasa de Subocupación (TS),Anual,7.854700197
2023,Tolima,Mujeres,Tasa de Subocupación (TS),Anual,7.538230389
2024,Tolima,Mujeres,Tasa de Subocupación (TS),Anual,7.131791518
2025,Tolima,Mujeres,Tasa de Subocupación (TS),Anual,8.219539326
2007,Tolima,Mujeres,Población total,Anual,658.421
2008,Tolima,Mujeres,Población total,Anual,659.078
2009,Tolima,Mujeres,Población total,Anual,659.805
2010,Tolima,Mujeres,Población total,Anual,660.654
2011,Tolima,Mujeres,Población total,Anual,661.538
2012,Tolima,Mujeres,Población total,Anual,662.327
2013,Tolima,Mujeres,Población total,Anual,663.099
2014,Tolima,Mujeres,Población total,Anual,664.03
2015,Tolima,Mujeres,Población total,Anual,665.15
2016,Tolima,Mujeres,Población total,Anual,666.618
2017,Tolima,Mujeres,Población total,Anual,668.342
2018,Tolima,Mujeres,Población total,Anual,670.762
2019,Tolima,Mujeres,Población total,Anual,673.847
2020,Tolima,Mujeres,Población total,Anual,676.689
2021,Tolima,Mujeres,Población total,Anual,679.185
2022,Tolima,Mujeres,Población total,Anual,681.135
2023,Tolima,Mujeres,Población total,Anual,683.112
2024,Tolima,Mujeres,Población total,Anual,685.084
2025,Tolima,Mujeres,Población total,Anual,687.082
2007,Tolima,Mujeres,Población en edad de trabajar (PET),Anual,477.38
2008,Tolima,Mujeres,Población en edad de trabajar (PET),Anual,481.177
2009,Tolima,Mujeres,Población en edad de trabajar (PET),Anual,485.062
2010,Tolima,Mujeres,Población en edad de trabajar (PET),Anual,489.024
2011,Tolima,Mujeres,Población en edad de trabajar (PET),Anual,492.978
2012,Tolima,Mujeres,Población en edad de trabajar (PET),Anual,496.935
2013,Tolima,Mujeres,Población en edad de trabajar (PET),Anual,500.925
2014,Tolima,Mujeres,Población en edad de trabajar (PET),Anual,505.058
2015,Tolima,Mujeres,Población en edad de trabajar (PET),Anual,509.394
2016,Tolima,Mujeres,Población en edad de trabajar (PET),Anual,513.976
2017,Tolima,Mujeres,Población en edad de trabajar (PET),Anual,518.629
2018,Tolima,Mujeres,Población en edad de trabajar (PET),Anual,523.693
2019,Tolima,Mujeres,Población en edad de trabajar (PET),Anual,528.636
2020,Tolima,Mujeres,Población en edad de trabajar (PET),Anual,533.193
2021,Tolima,Mujeres,Población en edad de trabajar (PET),Anual,537.138
2022,Tolima,Mujeres,Población en edad de trabajar (PET),Anual,540.671
2023,Tolima,Mujeres,Población en edad de trabajar (PET),Anual,544.146
2024,Tolima,Mujeres,Población en edad de trabajar (PET),Anual,548.108
2025,Tolima,Mujeres,Población en edad de trabajar (PET),Anual,551.622
2007,Tolima,Mujeres,Fuerza de trabajo,Anual,240.38798699999998
2008,Tolima,Mujeres,Fuerza de trabajo,Anual,282.438997
2009,Tolima,Mujeres,Fuerza de trabajo,Anual,268.999956
2010,Tolima,Mujeres,Fuerza de trabajo,Anual,288.484354
2011,Tolima,Mujeres,Fuerza de trabajo,Anual,310.716499
2012,Tolima,Mujeres,Fuerza de trabajo,Anual,288.710429
2013,Tolima,Mujeres,Fuerza de trabajo,Anual,287.14208299999996
2014,Tolima,Mujeres,Fuerza de trabajo,Anual,287.191305
2015,Tolima,Mujeres,Fuerza de trabajo,Anual,290.485861
2016,Tolima,Mujeres,Fuerza de trabajo,Anual,292.993174
2017,Tolima,Mujeres,Fuerza de trabajo,Anual,283.46553
2018,Tolima,Mujeres,Fuerza de trabajo,Anual,275.357741
2019,Tolima,Mujeres,Fuerza de trabajo,Anual,259.21724
2020,Tolima,Mujeres,Fuerza de trabajo,Anual,228.70759
2021,Tolima,Mujeres,Fuerza de trabajo,Anual,201.691
2022,Tolima,Mujeres,Fuerza de trabajo,Anual,237.018
2023,Tolima,Mujeres,Fuerza de trabajo,Anual,235.093
2024,Tolima,Mujeres,Fuerza de trabajo,Anual,232.776
2025,Tolima,Mujeres,Fuerza de trabajo,Anual,267.953
2007,Tolima,Mujeres,Población ocupada,Anual,195.68520800000002
2008,Tolima,Mujeres,Población ocupada,Anual,222.328045
2009,Tolima,Mujeres,Población ocupada,Anual,216.263439
2010,Tolima,Mujeres,Población ocupada,Anual,231.31662100000003
2011,Tolima,Mujeres,Población ocupada,Anual,234.487443
2012,Tolima,Mujeres,Población ocupada,Anual,243.99412700000002
2013,Tolima,Mujeres,Población ocupada,Anual,249.312861
2014,Tolima,Mujeres,Población ocupada,Anual,250.47729199999998
2015,Tolima,Mujeres,Población ocupada,Anual,249.691138
2016,Tolima,Mujeres,Población ocupada,Anual,246.54420199999998
2017,Tolima,Mujeres,Población ocupada,Anual,242.992437
2018,Tolima,Mujeres,Población ocupada,Anual,222.734322
2019,Tolima,Mujeres,Población ocupada,Anual,201.297843
2020,Tolima,Mujeres,Población ocupada,Anual,156.75752
2021,Tolima,Mujeres,Población ocupada,Anual,160.945
2022,Tolima,Mujeres,Población ocupada,Anual,188.181
2023,Tolima,Mujeres,Población ocupada,Anual,200.767
2024,Tolima,Mujeres,Población ocupada,Anual,197.29
2025,Tolima,Mujeres,Población ocupada,Anual,229.365
2007,Tolima,Mujeres,Población desocupada,Anual,44.702779
2008,Tolima,Mujeres,Población desocupada,Anual,60.110952
2009,Tolima,Mujeres,Población desocupada,Anual,52.736517
2010,Tolima,Mujeres,Población desocupada,Anual,57.167732
2011,Tolima,Mujeres,Población desocupada,Anual,76.229056
2012,Tolima,Mujeres,Población desocupada,Anual,44.716302000000006
2013,Tolima,Mujeres,Población desocupada,Anual,37.829222
2014,Tolima,Mujeres,Población desocupada,Anual,36.714013
2015,Tolima,Mujeres,Población desocupada,Anual,40.794723
2016,Tolima,Mujeres,Población desocupada,Anual,46.448971
2017,Tolima,Mujeres,Población desocupada,Anual,40.473091999999994
2018,Tolima,Mujeres,Población desocupada,Anual,52.623419999999996
2019,Tolima,Mujeres,Población desocupada,Anual,57.919396
2020,Tolima,Mujeres,Población desocupada,Anual,71.95007000000001
2021,Tolima,Mujeres,Población desocupada,Anual,40.746
2022,Tolima,Mujeres,Población desocupada,Anual,48.837
2023,Tolima,Mujeres,Población desocupada,Anual,34.327
2024,Tolima,Mujeres,Población desocupada,Anual,35.485
2025,Tolima,Mujeres,Población desocupada,Anual,38.588
2007,Tolima,Mujeres,Población fuera de la fuerza de trabajo,Anual,236.99201300000001
2008,Tolima,Mujeres,Población fuera de la fuerza de trabajo,Anual,198.738003
2009,Tolima,Mujeres,Población fuera de la fuerza de trabajo,Anual,216.062044
2010,Tolima,Mujeres,Población fuera de la fuerza de trabajo,Anual,200.539646
2011,Tolima,Mujeres,Población fuera de la fuerza de trabajo,Anual,182.26150099999998
2012,Tolima,Mujeres,Población fuera de la fuerza de trabajo,Anual,208.224571
2013,Tolima,Mujeres,Población fuera de la fuerza de trabajo,Anual,213.782917
2014,Tolima,Mujeres,Población fuera de la fuerza de trabajo,Anual,217.866695
2015,Tolima,Mujeres,Población fuera de la fuerza de trabajo,Anual,218.908139
2016,Tolima,Mujeres,Población fuera de la fuerza de trabajo,Anual,220.982826
2017,Tolima,Mujeres,Población fuera de la fuerza de trabajo,Anual,235.16347
2018,Tolima,Mujeres,Población fuera de la fuerza de trabajo,Anual,248.33525899999998
2019,Tolima,Mujeres,Población fuera de la fuerza de trabajo,Anual,269.41876
2020,Tolima,Mujeres,Población fuera de la fuerza de trabajo,Anual,304.48541
2021,Tolima,Mujeres,Población fuera de la fuerza de trabajo,Anual,335.447
2022,Tolima,Mujeres,Población fuera de la fuerza de trabajo,Anual,303.653
2023,Tolima,Mujeres,Población fuera de la fuerza de trabajo,Anual,309.053
2024,Tolima,Mujeres,Población fuera de la fuerza de trabajo,Anual,315.332
2025,Tolima,Mujeres,Población fuera de la fuerza de trabajo,Anual,283.67
2007,Tolima,Mujeres,Población subocupada,Anual,28.569857
2008,Tolima,Mujeres,Población subocupada,Anual,34.736757
2009,Tolima,Mujeres,Población subocupada,Anual,32.779187
2010,Tolima,Mujeres,Población subocupada,Anual,41.722407
2011,Tolima,Mujeres,Población subocupada,Anual,48.564065
2012,Tolima,Mujeres,Población subocupada,Anual,42.447269999999996
2013,Tolima,Mujeres,Población subocupada,Anual,36.44607
2014,Tolima,Mujeres,Población subocupada,Anual,31.520546
2015,Tolima,Mujeres,Población subocupada,Anual,34.517906
2016,Tolima,Mujeres,Población subocupada,Anual,32.042037
2017,Tolima,Mujeres,Población subocupada,Anual,28.051392
2018,Tolima,Mujeres,Población subocupada,Anual,29.999122
2019,Tolima,Mujeres,Población subocupada,Anual,28.611614000000003
2021,Tolima,Mujeres,Población subocupada,Anual,11.832
2022,Tolima,Mujeres,Población subocupada,Anual,18.617
2023,Tolima,Mujeres,Población subocupada,Anual,17.722
2024,Tolima,Mujeres,Población subocupada,Anual,16.601
2025,Tolima,Mujeres,Población subocupada,Anual,22.024
2007,Tolima,Mujeres,Fuerza de trabajo potencial,Anual,0.0
2008,Tolima,Mujeres,Fuerza de trabajo potencial,Anual,0.0
2009,Tolima,Mujeres,Fuerza de trabajo potencial,Anual,0.0
2010,Tolima,Mujeres,Fuerza de trabajo potencial,Anual,0.0
2011,Tolima,Mujeres,Fuerza de trabajo potencial,Anual,0.0
2012,Tolima,Mujeres,Fuerza de trabajo potencial,Anual,0.0
2013,Tolima,Mujeres,Fuerza de trabajo potencial,Anual,0.0
2014,Tolima,Mujeres,Fuerza de trabajo potencial,Anual,0.0
2015,Tolima,Mujeres,Fuerza de trabajo potencial,Anual,0.0
2016,Tolima,Mujeres,Fuerza de trabajo potencial,Anual,0.0
2017,Tolima,Mujeres,Fuerza de trabajo potencial,Anual,0.0
2018,Tolima,Mujeres,Fuerza de trabajo potencial,Anual,0.0
2019,Tolima,Mujeres,Fuerza de trabajo potencial,Anual,0.0
2020,Tolima,Mujeres,Fuerza de trabajo potencial,Anual,0.0
2021,Tolima,Mujeres,Fuerza de trabajo potencial,Anual,38.528
2022,Tolima,Mujeres,Fuerza de trabajo potencial,Anual,50.901
2023,Tolima,Mujeres,Fuerza de trabajo potencial,Anual,26.737
2024,Tolima,Mujeres,Fuerza de trabajo potencial,Anual,18.185
2025,Tolima,Mujeres,Fuerza de trabajo potencial,Anual,13.832
2007,Valle del Cauca,Mujeres,% población en edad de trabajar,Anual,74.193081363
2008,Valle del Cauca,Mujeres,% población en edad de trabajar,Anual,74.549457431
2009,Valle del Cauca,Mujeres,% población en edad de trabajar,Anual,74.899018653
2010,Valle del Cauca,Mujeres,% población en edad de trabajar,Anual,75.243822718
2011,Valle del Cauca,Mujeres,% población en edad de trabajar,Anual,75.577684996
2012,Valle del Cauca,Mujeres,% población en edad de trabajar,Anual,75.907161788
2013,Valle del Cauca,Mujeres,% población en edad de trabajar,Anual,76.228693829
2014,Valle del Cauca,Mujeres,% población en edad de trabajar,Anual,76.554977146
2015,Valle del Cauca,Mujeres,% población en edad de trabajar,Anual,76.886041757
2016,Valle del Cauca,Mujeres,% población en edad de trabajar,Anual,77.203480275
2017,Valle del Cauca,Mujeres,% población en edad de trabajar,Anual,77.492122344
2018,Valle del Cauca,Mujeres,% población en edad de trabajar,Anual,77.824741403
2019,Valle del Cauca,Mujeres,% población en edad de trabajar,Anual,78.129176643
2020,Valle del Cauca,Mujeres,% población en edad de trabajar,Anual,78.427341604
2021,Valle del Cauca,Mujeres,% población en edad de trabajar,Anual,78.776549789
2022,Valle del Cauca,Mujeres,% población en edad de trabajar,Anual,79.126150355
2023,Valle del Cauca,Mujeres,% población en edad de trabajar,Anual,79.45888727
2024,Valle del Cauca,Mujeres,% población en edad de trabajar,Anual,79.67700816
2025,Valle del Cauca,Mujeres,% población en edad de trabajar,Anual,79.980422971
2007,Valle del Cauca,Mujeres,Tasa Global de Participación (TGP),Anual,55.71124033
2008,Valle del Cauca,Mujeres,Tasa Global de Participación (TGP),Anual,55.586224896
2009,Valle del Cauca,Mujeres,Tasa Global de Participación (TGP),Anual,60.320672672
2010,Valle del Cauca,Mujeres,Tasa Global de Participación (TGP),Anual,60.452768767
2011,Valle del Cauca,Mujeres,Tasa Global de Participación (TGP),Anual,57.37420292
2012,Valle del Cauca,Mujeres,Tasa Global de Participación (TGP),Anual,57.421513517
2013,Valle del Cauca,Mujeres,Tasa Global de Participación (TGP),Anual,56.961383393
2014,Valle del Cauca,Mujeres,Tasa Global de Participación (TGP),Anual,54.717183627
2015,Valle del Cauca,Mujeres,Tasa Global de Participación (TGP),Anual,56.235452796
2016,Valle del Cauca,Mujeres,Tasa Global de Participación (TGP),Anual,54.440101236
2017,Valle del Cauca,Mujeres,Tasa Global de Participación (TGP),Anual,53.305486705
2018,Valle del Cauca,Mujeres,Tasa Global de Participación (TGP),Anual,52.778559748
2019,Valle del Cauca,Mujeres,Tasa Global de Participación (TGP),Anual,52.364646024
2020,Valle del Cauca,Mujeres,Tasa Global de Participación (TGP),Anual,48.393199757
2021,Valle del Cauca,Mujeres,Tasa Global de Participación (TGP),Anual,46.803240437
2022,Valle del Cauca,Mujeres,Tasa Global de Participación (TGP),Anual,54.333329013
2023,Valle del Cauca,Mujeres,Tasa Global de Participación (TGP),Anual,55.192771446
2024,Valle del Cauca,Mujeres,Tasa Global de Participación (TGP),Anual,53.636300721
2025,Valle del Cauca,Mujeres,Tasa Global de Participación (TGP),Anual,53.980450734
2007,Valle del Cauca,Mujeres,Tasa de Ocupación (TO),Anual,48.11311642
2008,Valle del Cauca,Mujeres,Tasa de Ocupación (TO),Anual,47.114334677
2009,Valle del Cauca,Mujeres,Tasa de Ocupación (TO),Anual,50.101705725
2010,Valle del Cauca,Mujeres,Tasa de Ocupación (TO),Anual,50.887184851
2011,Valle del Cauca,Mujeres,Tasa de Ocupación (TO),Anual,47.434130041
2012,Valle del Cauca,Mujeres,Tasa de Ocupación (TO),Anual,47.169131592
2013,Valle del Cauca,Mujeres,Tasa de Ocupación (TO),Anual,47.351341862
2014,Valle del Cauca,Mujeres,Tasa de Ocupación (TO),Anual,46.193353206
2015,Valle del Cauca,Mujeres,Tasa de Ocupación (TO),Anual,47.406758567
2016,Valle del Cauca,Mujeres,Tasa de Ocupación (TO),Anual,45.806511252
2017,Valle del Cauca,Mujeres,Tasa de Ocupación (TO),Anual,44.565250405
2018,Valle del Cauca,Mujeres,Tasa de Ocupación (TO),Anual,43.799176669
2019,Valle del Cauca,Mujeres,Tasa de Ocupación (TO),Anual,43.188699739
2020,Valle del Cauca,Mujeres,Tasa de Ocupación (TO),Anual,35.377445571
2021,Valle del Cauca,Mujeres,Tasa de Ocupación (TO),Anual,37.730371928
2022,Valle del Cauca,Mujeres,Tasa de Ocupación (TO),Anual,45.425806106
2023,Valle del Cauca,Mujeres,Tasa de Ocupación (TO),Anual,47.176024504
2024,Valle del Cauca,Mujeres,Tasa de Ocupación (TO),Anual,45.873986539
2025,Valle del Cauca,Mujeres,Tasa de Ocupación (TO),Anual,47.624229914
2007,Valle del Cauca,Mujeres,Tasa de Desocupación (TD),Anual,13.638403785
2008,Valle del Cauca,Mujeres,Tasa de Desocupación (TD),Anual,15.240988635
2009,Valle del Cauca,Mujeres,Tasa de Desocupación (TD),Anual,16.941069279
2010,Valle del Cauca,Mujeres,Tasa de Desocupación (TD),Anual,15.823235413
2011,Valle del Cauca,Mujeres,Tasa de Desocupación (TD),Anual,17.324986445
2012,Valle del Cauca,Mujeres,Tasa de Desocupación (TD),Anual,17.85460065
2013,Valle del Cauca,Mujeres,Tasa de Desocupación (TD),Anual,16.871151926
2014,Valle del Cauca,Mujeres,Tasa de Desocupación (TD),Anual,15.577977256
2015,Valle del Cauca,Mujeres,Tasa de Desocupación (TD),Anual,15.699516568
2016,Valle del Cauca,Mujeres,Tasa de Desocupación (TD),Anual,15.858879369
2017,Valle del Cauca,Mujeres,Tasa de Desocupación (TD),Anual,16.396504076
2018,Valle del Cauca,Mujeres,Tasa de Desocupación (TD),Anual,17.013315864
2019,Valle del Cauca,Mujeres,Tasa de Desocupación (TD),Anual,17.523170654
2020,Valle del Cauca,Mujeres,Tasa de Desocupación (TD),Anual,26.895832992
2021,Valle del Cauca,Mujeres,Tasa de Desocupación (TD),Anual,19.385128944
2022,Valle del Cauca,Mujeres,Tasa de Desocupación (TD),Anual,16.394215243
2023,Valle del Cauca,Mujeres,Tasa de Desocupación (TD),Anual,14.524994365
2024,Valle del Cauca,Mujeres,Tasa de Desocupación (TD),Anual,14.472128163
2025,Valle del Cauca,Mujeres,Tasa de Desocupación (TD),Anual,11.775042138
2007,Valle del Cauca,Mujeres,Tasa de Subocupación (TS),Anual,11.668861691
2008,Valle del Cauca,Mujeres,Tasa de Subocupación (TS),Anual,11.047987699
2009,Valle del Cauca,Mujeres,Tasa de Subocupación (TS),Anual,16.240789277
2010,Valle del Cauca,Mujeres,Tasa de Subocupación (TS),Anual,15.855324302
2011,Valle del Cauca,Mujeres,Tasa de Subocupación (TS),Anual,13.926437437
2012,Valle del Cauca,Mujeres,Tasa de Subocupación (TS),Anual,13.416401462
2013,Valle del Cauca,Mujeres,Tasa de Subocupación (TS),Anual,14.776078601
2014,Valle del Cauca,Mujeres,Tasa de Subocupación (TS),Anual,13.405328948
2015,Valle del Cauca,Mujeres,Tasa de Subocupación (TS),Anual,13.019409485
2016,Valle del Cauca,Mujeres,Tasa de Subocupación (TS),Anual,13.023710156
2017,Valle del Cauca,Mujeres,Tasa de Subocupación (TS),Anual,11.751018693
2018,Valle del Cauca,Mujeres,Tasa de Subocupación (TS),Anual,12.50298895
2019,Valle del Cauca,Mujeres,Tasa de Subocupación (TS),Anual,12.5042228
2020,Valle del Cauca,Mujeres,Tasa de Subocupación (TS),Anual,0.0
2021,Valle del Cauca,Mujeres,Tasa de Subocupación (TS),Anual,6.563225642
2022,Valle del Cauca,Mujeres,Tasa de Subocupación (TS),Anual,10.048531335
2023,Valle del Cauca,Mujeres,Tasa de Subocupación (TS),Anual,11.377042158
2024,Valle del Cauca,Mujeres,Tasa de Subocupación (TS),Anual,9.018128203
2025,Valle del Cauca,Mujeres,Tasa de Subocupación (TS),Anual,8.769921357
2007,Valle del Cauca,Mujeres,Población total,Anual,2196.473
2008,Valle del Cauca,Mujeres,Población total,Anual,2210.224
2009,Valle del Cauca,Mujeres,Población total,Anual,2223.678
2010,Valle del Cauca,Mujeres,Población total,Anual,2237.999
2011,Valle del Cauca,Mujeres,Población total,Anual,2251.4
2012,Valle del Cauca,Mujeres,Población total,Anual,2262.689
2013,Valle del Cauca,Mujeres,Población total,Anual,2271.701
2014,Valle del Cauca,Mujeres,Población total,Anual,2280.966
2015,Valle del Cauca,Mujeres,Población total,Anual,2291.585
2016,Valle del Cauca,Mujeres,Población total,Anual,2304.071
2017,Valle del Cauca,Mujeres,Población total,Anual,2315.727
2018,Valle del Cauca,Mujeres,Población total,Anual,2348.153
2019,Valle del Cauca,Mujeres,Población total,Anual,2367.332
2020,Valle del Cauca,Mujeres,Población total,Anual,2383.035
2021,Valle del Cauca,Mujeres,Población total,Anual,2408.693
2022,Valle del Cauca,Mujeres,Población total,Anual,2432.808
2023,Valle del Cauca,Mujeres,Población total,Anual,2461.619
2024,Valle del Cauca,Mujeres,Población total,Anual,2490.837
2025,Valle del Cauca,Mujeres,Población total,Anual,2520.726
2007,Valle del Cauca,Mujeres,Población en edad de trabajar (PET),Anual,1629.631
2008,Valle del Cauca,Mujeres,Población en edad de trabajar (PET),Anual,1647.71
2009,Valle del Cauca,Mujeres,Población en edad de trabajar (PET),Anual,1665.513
2010,Valle del Cauca,Mujeres,Población en edad de trabajar (PET),Anual,1683.956
2011,Valle del Cauca,Mujeres,Población en edad de trabajar (PET),Anual,1701.556
2012,Valle del Cauca,Mujeres,Población en edad de trabajar (PET),Anual,1717.543
2013,Valle del Cauca,Mujeres,Población en edad de trabajar (PET),Anual,1731.688
2014,Valle del Cauca,Mujeres,Población en edad de trabajar (PET),Anual,1746.193
2015,Valle del Cauca,Mujeres,Población en edad de trabajar (PET),Anual,1761.909
2016,Valle del Cauca,Mujeres,Población en edad de trabajar (PET),Anual,1778.823
2017,Valle del Cauca,Mujeres,Población en edad de trabajar (PET),Anual,1794.506
2018,Valle del Cauca,Mujeres,Población en edad de trabajar (PET),Anual,1827.444
2019,Valle del Cauca,Mujeres,Población en edad de trabajar (PET),Anual,1849.577
2020,Valle del Cauca,Mujeres,Población en edad de trabajar (PET),Anual,1868.951
2021,Valle del Cauca,Mujeres,Población en edad de trabajar (PET),Anual,1897.485
2022,Valle del Cauca,Mujeres,Población en edad de trabajar (PET),Anual,1924.987
2023,Valle del Cauca,Mujeres,Población en edad de trabajar (PET),Anual,1955.975
2024,Valle del Cauca,Mujeres,Población en edad de trabajar (PET),Anual,1984.624
2025,Valle del Cauca,Mujeres,Población en edad de trabajar (PET),Anual,2016.088
2007,Valle del Cauca,Mujeres,Fuerza de trabajo,Anual,907.887643
2008,Valle del Cauca,Mujeres,Fuerza de trabajo,Anual,915.899786
2009,Valle del Cauca,Mujeres,Fuerza de trabajo,Anual,1004.648645
2010,Valle del Cauca,Mujeres,Fuerza de trabajo,Anual,1017.998027
2011,Valle del Cauca,Mujeres,Fuerza de trabajo,Anual,976.254192
2012,Valle del Cauca,Mujeres,Fuerza de trabajo,Anual,986.239186
2013,Valle del Cauca,Mujeres,Fuerza de trabajo,Anual,986.3934409999999
2014,Valle del Cauca,Mujeres,Fuerza de trabajo,Anual,955.46763
2015,Valle del Cauca,Mujeres,Fuerza de trabajo,Anual,990.817504
2016,Valle del Cauca,Mujeres,Fuerza de trabajo,Anual,968.393042
2017,Valle del Cauca,Mujeres,Fuerza de trabajo,Anual,956.570157
2018,Valle del Cauca,Mujeres,Fuerza de trabajo,Anual,964.4986230000001
2019,Valle del Cauca,Mujeres,Fuerza de trabajo,Anual,968.524449
2020,Valle del Cauca,Mujeres,Fuerza de trabajo,Anual,904.445191
2021,Valle del Cauca,Mujeres,Fuerza de trabajo,Anual,888.085
2022,Valle del Cauca,Mujeres,Fuerza de trabajo,Anual,1045.91
2023,Valle del Cauca,Mujeres,Fuerza de trabajo,Anual,1079.557
2024,Valle del Cauca,Mujeres,Fuerza de trabajo,Anual,1064.479
2025,Valle del Cauca,Mujeres,Fuerza de trabajo,Anual,1088.293
2007,Valle del Cauca,Mujeres,Población ocupada,Anual,784.06626
2008,Valle del Cauca,Mujeres,Población ocupada,Anual,776.3076040000001
2009,Valle del Cauca,Mujeres,Población ocupada,Anual,834.450422
2010,Valle del Cauca,Mujeres,Población ocupada,Anual,856.9178029999999
2011,Valle del Cauca,Mujeres,Población ocupada,Anual,807.118286
2012,Valle del Cauca,Mujeres,Población ocupada,Anual,810.150118
2013,Valle del Cauca,Mujeres,Población ocupada,Anual,819.977505
2014,Valle del Cauca,Mujeres,Población ocupada,Anual,806.6251
2015,Valle del Cauca,Mujeres,Población ocupada,Anual,835.263946
2016,Valle del Cauca,Mujeres,Población ocupada,Anual,814.816758
2017,Valle del Cauca,Mujeres,Población ocupada,Anual,799.726092
2018,Valle del Cauca,Mujeres,Población ocupada,Anual,800.405426
2019,Valle del Cauca,Mujeres,Población ocupada,Anual,798.808257
2020,Valle del Cauca,Mujeres,Población ocupada,Anual,661.187123
2021,Valle del Cauca,Mujeres,Población ocupada,Anual,715.928
2022,Valle del Cauca,Mujeres,Población ocupada,Anual,874.441
2023,Valle del Cauca,Mujeres,Población ocupada,Anual,922.751
2024,Valle del Cauca,Mujeres,Población ocupada,Anual,910.426
2025,Valle del Cauca,Mujeres,Población ocupada,Anual,960.146
2007,Valle del Cauca,Mujeres,Población desocupada,Anual,123.821383
2008,Valle del Cauca,Mujeres,Población desocupada,Anual,139.592182
2009,Valle del Cauca,Mujeres,Población desocupada,Anual,170.19822299999998
2010,Valle del Cauca,Mujeres,Población desocupada,Anual,161.080224
2011,Valle del Cauca,Mujeres,Población desocupada,Anual,169.13590599999998
2012,Valle del Cauca,Mujeres,Población desocupada,Anual,176.089068
2013,Valle del Cauca,Mujeres,Población desocupada,Anual,166.415936
2014,Valle del Cauca,Mujeres,Población desocupada,Anual,148.84253
2015,Valle del Cauca,Mujeres,Población desocupada,Anual,155.55355799999998
2016,Valle del Cauca,Mujeres,Población desocupada,Anual,153.57628400000002
2017,Valle del Cauca,Mujeres,Población desocupada,Anual,156.844065
2018,Valle del Cauca,Mujeres,Población desocupada,Anual,164.09319699999998
2019,Valle del Cauca,Mujeres,Población desocupada,Anual,169.716192
2020,Valle del Cauca,Mujeres,Población desocupada,Anual,243.258068
2021,Valle del Cauca,Mujeres,Población desocupada,Anual,172.156
2022,Valle del Cauca,Mujeres,Población desocupada,Anual,171.469
2023,Valle del Cauca,Mujeres,Población desocupada,Anual,156.806
2024,Valle del Cauca,Mujeres,Población desocupada,Anual,154.053
2025,Valle del Cauca,Mujeres,Población desocupada,Anual,128.147
2007,Valle del Cauca,Mujeres,Población fuera de la fuerza de trabajo,Anual,721.743357
2008,Valle del Cauca,Mujeres,Población fuera de la fuerza de trabajo,Anual,731.8102140000001
2009,Valle del Cauca,Mujeres,Población fuera de la fuerza de trabajo,Anual,660.8643549999999
2010,Valle del Cauca,Mujeres,Población fuera de la fuerza de trabajo,Anual,665.957973
2011,Valle del Cauca,Mujeres,Población fuera de la fuerza de trabajo,Anual,725.3018079999999
2012,Valle del Cauca,Mujeres,Población fuera de la fuerza de trabajo,Anual,731.303814
2013,Valle del Cauca,Mujeres,Población fuera de la fuerza de trabajo,Anual,745.294559
2014,Valle del Cauca,Mujeres,Población fuera de la fuerza de trabajo,Anual,790.72537
2015,Valle del Cauca,Mujeres,Población fuera de la fuerza de trabajo,Anual,771.091496
2016,Valle del Cauca,Mujeres,Población fuera de la fuerza de trabajo,Anual,810.4299579999999
2017,Valle del Cauca,Mujeres,Población fuera de la fuerza de trabajo,Anual,837.935843
2018,Valle del Cauca,Mujeres,Población fuera de la fuerza de trabajo,Anual,862.945377
2019,Valle del Cauca,Mujeres,Población fuera de la fuerza de trabajo,Anual,881.052551
2020,Valle del Cauca,Mujeres,Población fuera de la fuerza de trabajo,Anual,964.505809
2021,Valle del Cauca,Mujeres,Población fuera de la fuerza de trabajo,Anual,1009.401
2022,Valle del Cauca,Mujeres,Población fuera de la fuerza de trabajo,Anual,879.078
2023,Valle del Cauca,Mujeres,Población fuera de la fuerza de trabajo,Anual,876.418
2024,Valle del Cauca,Mujeres,Población fuera de la fuerza de trabajo,Anual,920.145
2025,Valle del Cauca,Mujeres,Población fuera de la fuerza de trabajo,Anual,927.794
2007,Valle del Cauca,Mujeres,Población subocupada,Anual,105.94015300000001
2008,Valle del Cauca,Mujeres,Población subocupada,Anual,101.188496
2009,Valle del Cauca,Mujeres,Población subocupada,Anual,163.162869
2010,Valle del Cauca,Mujeres,Población subocupada,Anual,161.406889
2011,Valle del Cauca,Mujeres,Población subocupada,Anual,135.957429
2012,Valle del Cauca,Mujeres,Población subocupada,Anual,132.317809
2013,Valle del Cauca,Mujeres,Población subocupada,Anual,145.75027
2014,Valle del Cauca,Mujeres,Población subocupada,Anual,128.083579
2015,Valle del Cauca,Mujeres,Población subocupada,Anual,128.998588
2016,Valle del Cauca,Mujeres,Población subocupada,Anual,126.12070299999999
2017,Valle del Cauca,Mujeres,Población subocupada,Anual,112.406738
2018,Valle del Cauca,Mujeres,Población subocupada,Anual,120.591156
2019,Valle del Cauca,Mujeres,Población subocupada,Anual,121.106455
2020,Valle del Cauca,Mujeres,Población subocupada,Anual,0.0
2021,Valle del Cauca,Mujeres,Población subocupada,Anual,58.287
2022,Valle del Cauca,Mujeres,Población subocupada,Anual,105.099
2023,Valle del Cauca,Mujeres,Población subocupada,Anual,122.822
2024,Valle del Cauca,Mujeres,Población subocupada,Anual,95.996
2025,Valle del Cauca,Mujeres,Población subocupada,Anual,95.442
2007,Valle del Cauca,Mujeres,Fuerza de trabajo potencial,Anual,0.0
2008,Valle del Cauca,Mujeres,Fuerza de trabajo potencial,Anual,0.0
2009,Valle del Cauca,Mujeres,Fuerza de trabajo potencial,Anual,0.0
2010,Valle del Cauca,Mujeres,Fuerza de trabajo potencial,Anual,0.0
2011,Valle del Cauca,Mujeres,Fuerza de trabajo potencial,Anual,0.0
2012,Valle del Cauca,Mujeres,Fuerza de trabajo potencial,Anual,0.0
2013,Valle del Cauca,Mujeres,Fuerza de trabajo potencial,Anual,0.0
2014,Valle del Cauca,Mujeres,Fuerza de trabajo potencial,Anual,0.0
2015,Valle del Cauca,Mujeres,Fuerza de trabajo potencial,Anual,0.0
2016,Valle del Cauca,Mujeres,Fuerza de trabajo potencial,Anual,0.0
2017,Valle del Cauca,Mujeres,Fuerza de trabajo potencial,Anual,0.0
2018,Valle del Cauca,Mujeres,Fuerza de trabajo potencial,Anual,0.0
2019,Valle del Cauca,Mujeres,Fuerza de trabajo potencial,Anual,0.0
2020,Valle del Cauca,Mujeres,Fuerza de trabajo potencial,Anual,0.0
2021,Valle del Cauca,Mujeres,Fuerza de trabajo potencial,Anual,88.077
2022,Valle del Cauca,Mujeres,Fuerza de trabajo potencial,Anual,147.139
2023,Valle del Cauca,Mujeres,Fuerza de trabajo potencial,Anual,170.519
2024,Valle del Cauca,Mujeres,Fuerza de trabajo potencial,Anual,147.043
2025,Valle del Cauca,Mujeres,Fuerza de trabajo potencial,Anual,141.295
