Fecha,Departamentos,Concepto,Valor
2015,Antioquia,Total ocupados,2675.987948
2016,Antioquia,Total ocupados,2683.018441
2017,Antioquia,Total ocupados,2732.493821
2018,Antioquia,Total ocupados,2719.139223
2019,Antioquia,Total ocupados,2750.955359
2020,Antioquia,Total ocupados,2546.75862
2021,Antioquia,Total ocupados,2730.17
2022,Antioquia,Total ocupados,3102.387
2023,Antioquia,Total ocupados,3245.308
2024,Antioquia,Total ocupados,3283.966
2025,Antioquia,Total ocupados,3440.567
2015,Antioquia,No informa,0.08454900000000001
2016,Antioquia,No informa,0.316867
2017,Antioquia,No informa,1.8945809999999998
2018,Antioquia,No informa,0.0
2019,Antioquia,No informa,0.0
2020,Antioquia,No informa,2.1865390000000002
2021,Antioquia,No informa,7.589
2022,Antioquia,No informa,0.161
2023,Antioquia,No informa,0.266
2024,Antioquia,No informa,0.0
2025,Antioquia,No informa,0.113
2015,Antioquia,"Agricultura, ganadería, caza, silvicultura y pesca",355.70444
2016,Antioquia,"Agricultura, ganadería, caza, silvicultura y pesca",358.368545
2017,Antioquia,"Agricultura, ganadería, caza, silvicultura y pesca",385.25575699999996
2018,Antioquia,"Agricultura, ganadería, caza, silvicultura y pesca",366.793221
2019,Antioquia,"Agricultura, ganadería, caza, silvicultura y pesca",352.558978
2020,Antioquia,"Agricultura, ganadería, caza, silvicultura y pesca",338.871797
2021,Antioquia,"Agricultura, ganadería, caza, silvicultura y pesca",305.41
2022,Antioquia,"Agricultura, ganadería, caza, silvicultura y pesca",349.647
2023,Antioquia,"Agricultura, ganadería, caza, silvicultura y pesca",326.462
2024,Antioquia,"Agricultura, ganadería, caza, silvicultura y pesca",330.701
2025,Antioquia,"Agricultura, ganadería, caza, silvicultura y pesca",345.369
2015,Antioquia,Explotación de minas y canteras,40.951755
2016,Antioquia,Explotación de minas y canteras,36.851065999999996
2017,Antioquia,Explotación de minas y canteras,37.895505
2018,Antioquia,Explotación de minas y canteras,50.847091
2019,Antioquia,Explotación de minas y canteras,46.73703
2020,Antioquia,Explotación de minas y canteras,38.989236
2021,Antioquia,Explotación de minas y canteras,51.35
2022,Antioquia,Explotación de minas y canteras,65.102
2023,Antioquia,Explotación de minas y canteras,66.248
2024,Antioquia,Explotación de minas y canteras,71.595
2025,Antioquia,Explotación de minas y canteras,85.71
2015,Antioquia,Industrias manufactureras,417.002925
2016,Antioquia,Industrias manufactureras,408.698272
2017,Antioquia,Industrias manufactureras,395.010978
2018,Antioquia,Industrias manufactureras,383.376031
2019,Antioquia,Industrias manufactureras,381.33205200000003
2020,Antioquia,Industrias manufactureras,357.493912
2021,Antioquia,Industrias manufactureras,347.922
2022,Antioquia,Industrias manufactureras,446.395
2023,Antioquia,Industrias manufactureras,453.168
2024,Antioquia,Industrias manufactureras,459.806
2025,Antioquia,Industrias manufactureras,491.088
2015,Antioquia,"Suministro de electricidad, gas, agua y gestión de desechos",30.881711
2016,Antioquia,"Suministro de electricidad, gas, agua y gestión de desechos",26.38702
2017,Antioquia,"Suministro de electricidad, gas, agua y gestión de desechos",26.379956999999997
2018,Antioquia,"Suministro de electricidad, gas, agua y gestión de desechos",31.80801
2019,Antioquia,"Suministro de electricidad, gas, agua y gestión de desechos",29.024649
2020,Antioquia,"Suministro de electricidad, gas, agua y gestión de desechos",34.744934
2021,Antioquia,"Suministro de electricidad, gas, agua y gestión de desechos",41.786
2022,Antioquia,"Suministro de electricidad, gas, agua y gestión de desechos",45.248
2023,Antioquia,"Suministro de electricidad, gas, agua y gestión de desechos",46.946
2024,Antioquia,"Suministro de electricidad, gas, agua y gestión de desechos",53.02
2025,Antioquia,"Suministro de electricidad, gas, agua y gestión de desechos",51.593
2015,Antioquia,Construcción,198.961612
2016,Antioquia,Construcción,214.132155
2017,Antioquia,Construcción,198.388217
2018,Antioquia,Construcción,210.650275
2019,Antioquia,Construcción,215.951951
2020,Antioquia,Construcción,196.087075
2021,Antioquia,Construcción,243.651
2022,Antioquia,Construcción,259.267
2023,Antioquia,Construcción,251.148
2024,Antioquia,Construcción,249.747
2025,Antioquia,Construcción,245.257
2015,Antioquia,Comercio y reparación de vehículos,498.327854
2016,Antioquia,Comercio y reparación de vehículos,492.485629
2017,Antioquia,Comercio y reparación de vehículos,495.893957
2018,Antioquia,Comercio y reparación de vehículos,506.97955099999996
2019,Antioquia,Comercio y reparación de vehículos,523.726924
2020,Antioquia,Comercio y reparación de vehículos,472.69696600000003
2021,Antioquia,Comercio y reparación de vehículos,512.428
2022,Antioquia,Comercio y reparación de vehículos,554.367
2023,Antioquia,Comercio y reparación de vehículos,584.526
2024,Antioquia,Comercio y reparación de vehículos,582.075
2025,Antioquia,Comercio y reparación de vehículos,608.31
2015,Antioquia,Alojamiento y servicios de comida,182.181595
2016,Antioquia,Alojamiento y servicios de comida,182.262732
2017,Antioquia,Alojamiento y servicios de comida,190.824264
2018,Antioquia,Alojamiento y servicios de comida,178.165252
2019,Antioquia,Alojamiento y servicios de comida,179.06242699999999
2020,Antioquia,Alojamiento y servicios de comida,160.783628
2021,Antioquia,Alojamiento y servicios de comida,166.798
2022,Antioquia,Alojamiento y servicios de comida,196.293
2023,Antioquia,Alojamiento y servicios de comida,241.999
2024,Antioquia,Alojamiento y servicios de comida,242.231
2025,Antioquia,Alojamiento y servicios de comida,257.689
2015,Antioquia,Transporte y almacenamiento,158.383045
2016,Antioquia,Transporte y almacenamiento,178.63958799999997
2017,Antioquia,Transporte y almacenamiento,173.757861
2018,Antioquia,Transporte y almacenamiento,174.696124
2019,Antioquia,Transporte y almacenamiento,180.009845
2020,Antioquia,Transporte y almacenamiento,172.751935
2021,Antioquia,Transporte y almacenamiento,179.357
2022,Antioquia,Transporte y almacenamiento,203.033
2023,Antioquia,Transporte y almacenamiento,230.78
2024,Antioquia,Transporte y almacenamiento,235.309
2025,Antioquia,Transporte y almacenamiento,264.107
2015,Antioquia,Información y comunicaciones,38.445623
2016,Antioquia,Información y comunicaciones,35.688143
2017,Antioquia,Información y comunicaciones,39.508994
2018,Antioquia,Información y comunicaciones,39.866845
2019,Antioquia,Información y comunicaciones,44.032761
2020,Antioquia,Información y comunicaciones,45.462511
2021,Antioquia,Información y comunicaciones,50.862
2022,Antioquia,Información y comunicaciones,60.584
2023,Antioquia,Información y comunicaciones,59.103
2024,Antioquia,Información y comunicaciones,60.584
2025,Antioquia,Información y comunicaciones,66.318
2015,Antioquia,Actividades financieras y de seguros,41.598529
2016,Antioquia,Actividades financieras y de seguros,37.05713
2017,Antioquia,Actividades financieras y de seguros,40.142723
2018,Antioquia,Actividades financieras y de seguros,39.828534
2019,Antioquia,Actividades financieras y de seguros,41.520991
2020,Antioquia,Actividades financieras y de seguros,42.62956
2021,Antioquia,Actividades financieras y de seguros,50.346
2022,Antioquia,Actividades financieras y de seguros,62.343
2023,Antioquia,Actividades financieras y de seguros,64.408
2024,Antioquia,Actividades financieras y de seguros,61.118
2025,Antioquia,Actividades financieras y de seguros,62.663
2015,Antioquia,Actividades inmobiliarias,33.941027000000005
2016,Antioquia,Actividades inmobiliarias,37.057473
2017,Antioquia,Actividades inmobiliarias,39.800913
2018,Antioquia,Actividades inmobiliarias,44.464386
2019,Antioquia,Actividades inmobiliarias,38.245744
2020,Antioquia,Actividades inmobiliarias,37.910354
2021,Antioquia,Actividades inmobiliarias,30.514
2022,Antioquia,Actividades inmobiliarias,35.274
2023,Antioquia,Actividades inmobiliarias,42.93
2024,Antioquia,Actividades inmobiliarias,44.871
2025,Antioquia,Actividades inmobiliarias,46.34
2015,Antioquia,"Actividades profesionales, científicas, técnicas y de servicios administrativos",159.937969
2016,Antioquia,"Actividades profesionales, científicas, técnicas y de servicios administrativos",170.053606
2017,Antioquia,"Actividades profesionales, científicas, técnicas y de servicios administrativos",174.000454
2018,Antioquia,"Actividades profesionales, científicas, técnicas y de servicios administrativos",175.12124400000002
2019,Antioquia,"Actividades profesionales, científicas, técnicas y de servicios administrativos",193.519755
2020,Antioquia,"Actividades profesionales, científicas, técnicas y de servicios administrativos",168.136729
2021,Antioquia,"Actividades profesionales, científicas, técnicas y de servicios administrativos",232.614
2022,Antioquia,"Actividades profesionales, científicas, técnicas y de servicios administrativos",254.954
2023,Antioquia,"Actividades profesionales, científicas, técnicas y de servicios administrativos",267.09
2024,Antioquia,"Actividades profesionales, científicas, técnicas y de servicios administrativos",273.368
2025,Antioquia,"Actividades profesionales, científicas, técnicas y de servicios administrativos",277.146
2015,Antioquia,"Administración pública y defensa, educación y atención de la salud humana",281.485856
2016,Antioquia,"Administración pública y defensa, educación y atención de la salud humana",273.545251
2017,Antioquia,"Administración pública y defensa, educación y atención de la salud humana",287.882554
2018,Antioquia,"Administración pública y defensa, educación y atención de la salud humana",279.407748
2019,Antioquia,"Administración pública y defensa, educación y atención de la salud humana",273.361416
2020,Antioquia,"Administración pública y defensa, educación y atención de la salud humana",256.79884899999996
2021,Antioquia,"Administración pública y defensa, educación y atención de la salud humana",292.335
2022,Antioquia,"Administración pública y defensa, educación y atención de la salud humana",298.88
2023,Antioquia,"Administración pública y defensa, educación y atención de la salud humana",337.312
2024,Antioquia,"Administración pública y defensa, educación y atención de la salud humana",340.637
2025,Antioquia,"Administración pública y defensa, educación y atención de la salud humana",368.947
2015,Antioquia,"Actividades artísticas, entretenimiento, recreación y otras actividades de servicios",238.099457
2016,Antioquia,"Actividades artísticas, entretenimiento, recreación y otras actividades de servicios",231.474963
2017,Antioquia,"Actividades artísticas, entretenimiento, recreación y otras actividades de servicios",245.857104
2018,Antioquia,"Actividades artísticas, entretenimiento, recreación y otras actividades de servicios",237.13491
2019,Antioquia,"Actividades artísticas, entretenimiento, recreación y otras actividades de servicios",251.870835
2020,Antioquia,"Actividades artísticas, entretenimiento, recreación y otras actividades de servicios",221.214596
2021,Antioquia,"Actividades artísticas, entretenimiento, recreación y otras actividades de servicios",217.209
2022,Antioquia,"Actividades artísticas, entretenimiento, recreación y otras actividades de servicios",270.839
2023,Antioquia,"Actividades artísticas, entretenimiento, recreación y otras actividades de servicios",272.921
2024,Antioquia,"Actividades artísticas, entretenimiento, recreación y otras actividades de servicios",278.905
2025,Antioquia,"Actividades artísticas, entretenimiento, recreación y otras actividades de servicios",269.915
2015,Atlántico,Total ocupados,1042.707607
2016,Atlántico,Total ocupados,1066.7483929999999
2017,Atlántico,Total ocupados,1069.110859
2018,Atlántico,Total ocupados,1100.49305
2019,Atlántico,Total ocupados,1140.894003
2020,Atlántico,Total ocupados,1041.283807
2021,Atlántico,Total ocupados,1102.301
2022,Atlántico,Total ocupados,1241.863
2023,Atlántico,Total ocupados,1274.498
2024,Atlántico,Total ocupados,1247.659
2025,Atlántico,Total ocupados,1289.468
2015,Atlántico,No informa,0.0
2016,Atlántico,No informa,0.0
2017,Atlántico,No informa,0.14477099999999998
2018,Atlántico,No informa,0.078324
2019,Atlántico,No informa,0.0
2020,Atlántico,No informa,0.158032
2021,Atlántico,No informa,1.525
2022,Atlántico,No informa,0.077
2023,Atlántico,No informa,0.0
2024,Atlántico,No informa,0.0
2025,Atlántico,No informa,0.0
2015,Atlántico,"Agricultura, ganadería, caza, silvicultura y pesca",29.929537
2016,Atlántico,"Agricultura, ganadería, caza, silvicultura y pesca",33.090495000000004
2017,Atlántico,"Agricultura, ganadería, caza, silvicultura y pesca",33.60657
2018,Atlántico,"Agricultura, ganadería, caza, silvicultura y pesca",38.416345
2019,Atlántico,"Agricultura, ganadería, caza, silvicultura y pesca",35.145818
2020,Atlántico,"Agricultura, ganadería, caza, silvicultura y pesca",34.432773999999995
2021,Atlántico,"Agricultura, ganadería, caza, silvicultura y pesca",38.225
2022,Atlántico,"Agricultura, ganadería, caza, silvicultura y pesca",43.452
2023,Atlántico,"Agricultura, ganadería, caza, silvicultura y pesca",44.196
2024,Atlántico,"Agricultura, ganadería, caza, silvicultura y pesca",43.594
2025,Atlántico,"Agricultura, ganadería, caza, silvicultura y pesca",40.543
2015,Atlántico,Explotación de minas y canteras,1.14285
2016,Atlántico,Explotación de minas y canteras,2.113294
2017,Atlántico,Explotación de minas y canteras,2.8685500000000004
2018,Atlántico,Explotación de minas y canteras,2.920064
2019,Atlántico,Explotación de minas y canteras,2.408402
2020,Atlántico,Explotación de minas y canteras,1.415637
2021,Atlántico,Explotación de minas y canteras,1.663
2022,Atlántico,Explotación de minas y canteras,1.716
2023,Atlántico,Explotación de minas y canteras,3.104
2024,Atlántico,Explotación de minas y canteras,2.693
2025,Atlántico,Explotación de minas y canteras,2.115
2015,Atlántico,Industrias manufactureras,152.672481
2016,Atlántico,Industrias manufactureras,142.249457
2017,Atlántico,Industrias manufactureras,135.71332999999998
2018,Atlántico,Industrias manufactureras,156.25505900000002
2019,Atlántico,Industrias manufactureras,152.178844
2020,Atlántico,Industrias manufactureras,133.203575
2021,Atlántico,Industrias manufactureras,125.492
2022,Atlántico,Industrias manufactureras,142.419
2023,Atlántico,Industrias manufactureras,148.991
2024,Atlántico,Industrias manufactureras,144.883
2025,Atlántico,Industrias manufactureras,163.705
2015,Atlántico,"Suministro de electricidad, gas, agua y gestión de desechos",11.600712
2016,Atlántico,"Suministro de electricidad, gas, agua y gestión de desechos",13.434977
2017,Atlántico,"Suministro de electricidad, gas, agua y gestión de desechos",10.479258
2018,Atlántico,"Suministro de electricidad, gas, agua y gestión de desechos",10.317322
2019,Atlántico,"Suministro de electricidad, gas, agua y gestión de desechos",12.187656
2020,Atlántico,"Suministro de electricidad, gas, agua y gestión de desechos",13.805244
2021,Atlántico,"Suministro de electricidad, gas, agua y gestión de desechos",17.294
2022,Atlántico,"Suministro de electricidad, gas, agua y gestión de desechos",21.863
2023,Atlántico,"Suministro de electricidad, gas, agua y gestión de desechos",18.015
2024,Atlántico,"Suministro de electricidad, gas, agua y gestión de desechos",22.748
2025,Atlántico,"Suministro de electricidad, gas, agua y gestión de desechos",23.465
2015,Atlántico,Construcción,91.425955
2016,Atlántico,Construcción,89.215633
2017,Atlántico,Construcción,95.184401
2018,Atlántico,Construcción,95.576863
2019,Atlántico,Construcción,89.18368
2020,Atlántico,Construcción,89.50581
2021,Atlántico,Construcción,95.322
2022,Atlántico,Construcción,100.551
2023,Atlántico,Construcción,100.364
2024,Atlántico,Construcción,103.637
2025,Atlántico,Construcción,101.656
2015,Atlántico,Comercio y reparación de vehículos,233.517717
2016,Atlántico,Comercio y reparación de vehículos,244.058351
2017,Atlántico,Comercio y reparación de vehículos,244.279957
2018,Atlántico,Comercio y reparación de vehículos,246.810186
2019,Atlántico,Comercio y reparación de vehículos,258.02491
2020,Atlántico,Comercio y reparación de vehículos,243.19743599999998
2021,Atlántico,Comercio y reparación de vehículos,252.668
2022,Atlántico,Comercio y reparación de vehículos,273.882
2023,Atlántico,Comercio y reparación de vehículos,273.124
2024,Atlántico,Comercio y reparación de vehículos,262.56
2025,Atlántico,Comercio y reparación de vehículos,254.876
2015,Atlántico,Alojamiento y servicios de comida,83.046992
2016,Atlántico,Alojamiento y servicios de comida,92.325714
2017,Atlántico,Alojamiento y servicios de comida,85.904743
2018,Atlántico,Alojamiento y servicios de comida,82.169606
2019,Atlántico,Alojamiento y servicios de comida,92.455162
2020,Atlántico,Alojamiento y servicios de comida,97.615645
2021,Atlántico,Alojamiento y servicios de comida,90.178
2022,Atlántico,Alojamiento y servicios de comida,108.53
2023,Atlántico,Alojamiento y servicios de comida,112.11
2024,Atlántico,Alojamiento y servicios de comida,109.175
2025,Atlántico,Alojamiento y servicios de comida,112.651
2015,Atlántico,Transporte y almacenamiento,101.94147699999999
2016,Atlántico,Transporte y almacenamiento,99.63871
2017,Atlántico,Transporte y almacenamiento,104.630504
2018,Atlántico,Transporte y almacenamiento,103.677842
2019,Atlántico,Transporte y almacenamiento,109.71683800000001
2020,Atlántico,Transporte y almacenamiento,108.360769
2021,Atlántico,Transporte y almacenamiento,105.517
2022,Atlántico,Transporte y almacenamiento,123.34
2023,Atlántico,Transporte y almacenamiento,130.856
2024,Atlántico,Transporte y almacenamiento,123.373
2025,Atlántico,Transporte y almacenamiento,141.704
2015,Atlántico,Información y comunicaciones,24.677587
2016,Atlántico,Información y comunicaciones,21.035994
2017,Atlántico,Información y comunicaciones,19.806464
2018,Atlántico,Información y comunicaciones,20.372709999999998
2019,Atlántico,Información y comunicaciones,21.662634999999998
2020,Atlántico,Información y comunicaciones,15.706864
2021,Atlántico,Información y comunicaciones,18.319
2022,Atlántico,Información y comunicaciones,19.67
2023,Atlántico,Información y comunicaciones,19.817
2024,Atlántico,Información y comunicaciones,14.065
2025,Atlántico,Información y comunicaciones,18.329
2015,Atlántico,Actividades financieras y de seguros,17.584128
2016,Atlántico,Actividades financieras y de seguros,18.40954
2017,Atlántico,Actividades financieras y de seguros,18.635823000000002
2018,Atlántico,Actividades financieras y de seguros,17.590683000000002
2019,Atlántico,Actividades financieras y de seguros,17.947365
2020,Atlántico,Actividades financieras y de seguros,14.148677
2021,Atlántico,Actividades financieras y de seguros,18.262
2022,Atlántico,Actividades financieras y de seguros,17.83
2023,Atlántico,Actividades financieras y de seguros,22.092
2024,Atlántico,Actividades financieras y de seguros,20.569
2025,Atlántico,Actividades financieras y de seguros,19.745
2015,Atlántico,Actividades inmobiliarias,11.41751
2016,Atlántico,Actividades inmobiliarias,12.396021000000001
2017,Atlántico,Actividades inmobiliarias,11.548318
2018,Atlántico,Actividades inmobiliarias,11.849523999999999
2019,Atlántico,Actividades inmobiliarias,14.16457
2020,Atlántico,Actividades inmobiliarias,10.238152
2021,Atlántico,Actividades inmobiliarias,10.364
2022,Atlántico,Actividades inmobiliarias,13.531
2023,Atlántico,Actividades inmobiliarias,16.814
2024,Atlántico,Actividades inmobiliarias,16.468
2025,Atlántico,Actividades inmobiliarias,16.833
2015,Atlántico,"Actividades profesionales, científicas, técnicas y de servicios administrativos",58.010192
2016,Atlántico,"Actividades profesionales, científicas, técnicas y de servicios administrativos",66.486119
2017,Atlántico,"Actividades profesionales, científicas, técnicas y de servicios administrativos",68.33733199999999
2018,Atlántico,"Actividades profesionales, científicas, técnicas y de servicios administrativos",64.788022
2019,Atlántico,"Actividades profesionales, científicas, técnicas y de servicios administrativos",69.96663099999999
2020,Atlántico,"Actividades profesionales, científicas, técnicas y de servicios administrativos",64.984959
2021,Atlántico,"Actividades profesionales, científicas, técnicas y de servicios administrativos",87.031
2022,Atlántico,"Actividades profesionales, científicas, técnicas y de servicios administrativos",97.253
2023,Atlántico,"Actividades profesionales, científicas, técnicas y de servicios administrativos",97.33
2024,Atlántico,"Actividades profesionales, científicas, técnicas y de servicios administrativos",101.122
2025,Atlántico,"Actividades profesionales, científicas, técnicas y de servicios administrativos",95.516
2015,Atlántico,"Administración pública y defensa, educación y atención de la salud humana",118.522352
2016,Atlántico,"Administración pública y defensa, educación y atención de la salud humana",125.638107
2017,Atlántico,"Administración pública y defensa, educación y atención de la salud humana",122.043571
2018,Atlántico,"Administración pública y defensa, educación y atención de la salud humana",127.39576799999999
2019,Atlántico,"Administración pública y defensa, educación y atención de la salud humana",133.557998
2020,Atlántico,"Administración pública y defensa, educación y atención de la salud humana",112.11566400000001
2021,Atlántico,"Administración pública y defensa, educación y atención de la salud humana",134.086
2022,Atlántico,"Administración pública y defensa, educación y atención de la salud humana",144.675
2023,Atlántico,"Administración pública y defensa, educación y atención de la salud humana",144.807
2024,Atlántico,"Administración pública y defensa, educación y atención de la salud humana",139.416
2025,Atlántico,"Administración pública y defensa, educación y atención de la salud humana",152.106
2015,Atlántico,"Actividades artísticas, entretenimiento, recreación y otras actividades de servicios",107.21811699999999
2016,Atlántico,"Actividades artísticas, entretenimiento, recreación y otras actividades de servicios",106.655981
2017,Atlántico,"Actividades artísticas, entretenimiento, recreación y otras actividades de servicios",115.927267
2018,Atlántico,"Actividades artísticas, entretenimiento, recreación y otras actividades de servicios",122.274733
2019,Atlántico,"Actividades artísticas, entretenimiento, recreación y otras actividades de servicios",132.293494
2020,Atlántico,"Actividades artísticas, entretenimiento, recreación y otras actividades de servicios",102.39456799999999
2021,Atlántico,"Actividades artísticas, entretenimiento, recreación y otras actividades de servicios",106.353
2022,Atlántico,"Actividades artísticas, entretenimiento, recreación y otras actividades de servicios",133.074
2023,Atlántico,"Actividades artísticas, entretenimiento, recreación y otras actividades de servicios",142.88
2024,Atlántico,"Actividades artísticas, entretenimiento, recreación y otras actividades de servicios",143.356
2025,Atlántico,"Actividades artísticas, entretenimiento, recreación y otras actividades de servicios",146.226
2015,Bolívar,Total ocupados,865.6680379999999
2016,Bolívar,Total ocupados,868.7062970000001
2017,Bolívar,Total ocupados,881.935973
2018,Bolívar,Total ocupados,917.4881829999999
2019,Bolívar,Total ocupados,948.1607929999999
2020,Bolívar,Total ocupados,867.090532
2021,Bolívar,Total ocupados,907.673
2022,Bolívar,Total ocupados,934.941
2023,Bolívar,Total ocupados,982.82
2024,Bolívar,Total ocupados,889.113
2025,Bolívar,Total ocupados,906.036
2015,Bolívar,No informa,0.112095
2016,Bolívar,No informa,0.188616
2017,Bolívar,No informa,0.31707799999999997
2018,Bolívar,No informa,0.065932
2019,Bolívar,No informa,0.0
2020,Bolívar,No informa,0.120661
2021,Bolívar,No informa,1.74
2022,Bolívar,No informa,0.353
2023,Bolívar,No informa,0.305
2024,Bolívar,No informa,0.0
2025,Bolívar,No informa,0.0
2015,Bolívar,"Agricultura, ganadería, caza, silvicultura y pesca",149.780786
2016,Bolívar,"Agricultura, ganadería, caza, silvicultura y pesca",156.584903
2017,Bolívar,"Agricultura, ganadería, caza, silvicultura y pesca",163.44288500000002
2018,Bolívar,"Agricultura, ganadería, caza, silvicultura y pesca",182.563983
2019,Bolívar,"Agricultura, ganadería, caza, silvicultura y pesca",177.143875
2020,Bolívar,"Agricultura, ganadería, caza, silvicultura y pesca",172.052493
2021,Bolívar,"Agricultura, ganadería, caza, silvicultura y pesca",134.551
2022,Bolívar,"Agricultura, ganadería, caza, silvicultura y pesca",139.241
2023,Bolívar,"Agricultura, ganadería, caza, silvicultura y pesca",158.358
2024,Bolívar,"Agricultura, ganadería, caza, silvicultura y pesca",142.937
2025,Bolívar,"Agricultura, ganadería, caza, silvicultura y pesca",140.144
2015,Bolívar,Explotación de minas y canteras,9.731842
2016,Bolívar,Explotación de minas y canteras,6.198004
2017,Bolívar,Explotación de minas y canteras,2.557627
2018,Bolívar,Explotación de minas y canteras,3.1666469999999998
2019,Bolívar,Explotación de minas y canteras,3.2092289999999997
2020,Bolívar,Explotación de minas y canteras,3.390278
2021,Bolívar,Explotación de minas y canteras,6.742
2022,Bolívar,Explotación de minas y canteras,8.066
2023,Bolívar,Explotación de minas y canteras,7.396
2024,Bolívar,Explotación de minas y canteras,8.027
2025,Bolívar,Explotación de minas y canteras,11.935
2015,Bolívar,Industrias manufactureras,72.137529
2016,Bolívar,Industrias manufactureras,65.237962
2017,Bolívar,Industrias manufactureras,69.118954
2018,Bolívar,Industrias manufactureras,84.145936
2019,Bolívar,Industrias manufactureras,83.886502
2020,Bolívar,Industrias manufactureras,67.599299
2021,Bolívar,Industrias manufactureras,60.57
2022,Bolívar,Industrias manufactureras,65.061
2023,Bolívar,Industrias manufactureras,73.109
2024,Bolívar,Industrias manufactureras,64.136
2025,Bolívar,Industrias manufactureras,61.2
2015,Bolívar,"Suministro de electricidad, gas, agua y gestión de desechos",6.789498
2016,Bolívar,"Suministro de electricidad, gas, agua y gestión de desechos",8.311983
2017,Bolívar,"Suministro de electricidad, gas, agua y gestión de desechos",5.831586000000001
2018,Bolívar,"Suministro de electricidad, gas, agua y gestión de desechos",5.7916289999999995
2019,Bolívar,"Suministro de electricidad, gas, agua y gestión de desechos",8.084708
2020,Bolívar,"Suministro de electricidad, gas, agua y gestión de desechos",8.636056
2021,Bolívar,"Suministro de electricidad, gas, agua y gestión de desechos",10.06
2022,Bolívar,"Suministro de electricidad, gas, agua y gestión de desechos",9.689
2023,Bolívar,"Suministro de electricidad, gas, agua y gestión de desechos",14.456
2024,Bolívar,"Suministro de electricidad, gas, agua y gestión de desechos",11.392
2025,Bolívar,"Suministro de electricidad, gas, agua y gestión de desechos",10.911
2015,Bolívar,Construcción,65.429115
2016,Bolívar,Construcción,63.875440000000005
2017,Bolívar,Construcción,63.096219
2018,Bolívar,Construcción,59.906718999999995
2019,Bolívar,Construcción,66.44003599999999
2020,Bolívar,Construcción,57.695763
2021,Bolívar,Construcción,73.61
2022,Bolívar,Construcción,75.506
2023,Bolívar,Construcción,75.22
2024,Bolívar,Construcción,72.382
2025,Bolívar,Construcción,74.219
2015,Bolívar,Comercio y reparación de vehículos,158.073188
2016,Bolívar,Comercio y reparación de vehículos,161.61330600000002
2017,Bolívar,Comercio y reparación de vehículos,168.430514
2018,Bolívar,Comercio y reparación de vehículos,159.062204
2019,Bolívar,Comercio y reparación de vehículos,176.074098
2020,Bolívar,Comercio y reparación de vehículos,171.58356799999999
2021,Bolívar,Comercio y reparación de vehículos,172.787
2022,Bolívar,Comercio y reparación de vehículos,179.37
2023,Bolívar,Comercio y reparación de vehículos,175.159
2024,Bolívar,Comercio y reparación de vehículos,151.546
2025,Bolívar,Comercio y reparación de vehículos,149.202
2015,Bolívar,Alojamiento y servicios de comida,69.938119
2016,Bolívar,Alojamiento y servicios de comida,77.489144
2017,Bolívar,Alojamiento y servicios de comida,78.48424899999999
2018,Bolívar,Alojamiento y servicios de comida,75.373306
2019,Bolívar,Alojamiento y servicios de comida,79.874819
2020,Bolívar,Alojamiento y servicios de comida,82.074242
2021,Bolívar,Alojamiento y servicios de comida,84.86
2022,Bolívar,Alojamiento y servicios de comida,76.65
2023,Bolívar,Alojamiento y servicios de comida,95.278
2024,Bolívar,Alojamiento y servicios de comida,77.088
2025,Bolívar,Alojamiento y servicios de comida,87.141
2015,Bolívar,Transporte y almacenamiento,92.834001
2016,Bolívar,Transporte y almacenamiento,92.00201799999999
2017,Bolívar,Transporte y almacenamiento,97.323624
2018,Bolívar,Transporte y almacenamiento,101.911288
2019,Bolívar,Transporte y almacenamiento,101.08675500000001
2020,Bolívar,Transporte y almacenamiento,90.234751
2021,Bolívar,Transporte y almacenamiento,105.787
2022,Bolívar,Transporte y almacenamiento,111.099
2023,Bolívar,Transporte y almacenamiento,110.774
2024,Bolívar,Transporte y almacenamiento,101.078
2025,Bolívar,Transporte y almacenamiento,103.677
2015,Bolívar,Información y comunicaciones,16.436083999999997
2016,Bolívar,Información y comunicaciones,12.744673
2017,Bolívar,Información y comunicaciones,9.620618
2018,Bolívar,Información y comunicaciones,10.648063
2019,Bolívar,Información y comunicaciones,11.378562
2020,Bolívar,Información y comunicaciones,6.393857
2021,Bolívar,Información y comunicaciones,7.746
2022,Bolívar,Información y comunicaciones,6.107
2023,Bolívar,Información y comunicaciones,6.952
2024,Bolívar,Información y comunicaciones,5.975
2025,Bolívar,Información y comunicaciones,6.2
2015,Bolívar,Actividades financieras y de seguros,6.319891999999999
2016,Bolívar,Actividades financieras y de seguros,6.735846
2017,Bolívar,Actividades financieras y de seguros,6.847361
2018,Bolívar,Actividades financieras y de seguros,6.837176
2019,Bolívar,Actividades financieras y de seguros,6.25751
2020,Bolívar,Actividades financieras y de seguros,6.5368
2021,Bolívar,Actividades financieras y de seguros,8.159
2022,Bolívar,Actividades financieras y de seguros,7.637
2023,Bolívar,Actividades financieras y de seguros,10.18
2024,Bolívar,Actividades financieras y de seguros,8.55
2025,Bolívar,Actividades financieras y de seguros,6.54
2015,Bolívar,Actividades inmobiliarias,5.882225999999999
2016,Bolívar,Actividades inmobiliarias,5.076798
2017,Bolívar,Actividades inmobiliarias,4.720306
2018,Bolívar,Actividades inmobiliarias,6.912104
2019,Bolívar,Actividades inmobiliarias,6.793354999999999
2020,Bolívar,Actividades inmobiliarias,6.111171000000001
2021,Bolívar,Actividades inmobiliarias,5.388
2022,Bolívar,Actividades inmobiliarias,7.553
2023,Bolívar,Actividades inmobiliarias,8.341
2024,Bolívar,Actividades inmobiliarias,7.32
2025,Bolívar,Actividades inmobiliarias,9.776
2015,Bolívar,"Actividades profesionales, científicas, técnicas y de servicios administrativos",36.537782
2016,Bolívar,"Actividades profesionales, científicas, técnicas y de servicios administrativos",40.327729
2017,Bolívar,"Actividades profesionales, científicas, técnicas y de servicios administrativos",41.850184
2018,Bolívar,"Actividades profesionales, científicas, técnicas y de servicios administrativos",41.32132
2019,Bolívar,"Actividades profesionales, científicas, técnicas y de servicios administrativos",38.664773000000004
2020,Bolívar,"Actividades profesionales, científicas, técnicas y de servicios administrativos",34.777019
2021,Bolívar,"Actividades profesionales, científicas, técnicas y de servicios administrativos",65.199
2022,Bolívar,"Actividades profesionales, científicas, técnicas y de servicios administrativos",58.141
2023,Bolívar,"Actividades profesionales, científicas, técnicas y de servicios administrativos",58.866
2024,Bolívar,"Actividades profesionales, científicas, técnicas y de servicios administrativos",54.588
2025,Bolívar,"Actividades profesionales, científicas, técnicas y de servicios administrativos",51.948
2015,Bolívar,"Administración pública y defensa, educación y atención de la salud humana",89.856008
2016,Bolívar,"Administración pública y defensa, educación y atención de la salud humana",90.198051
2017,Bolívar,"Administración pública y defensa, educación y atención de la salud humana",91.762888
2018,Bolívar,"Administración pública y defensa, educación y atención de la salud humana",93.485259
2019,Bolívar,"Administración pública y defensa, educación y atención de la salud humana",99.439115
2020,Bolívar,"Administración pública y defensa, educación y atención de la salud humana",86.725964
2021,Bolívar,"Administración pública y defensa, educación y atención de la salud humana",90.41
2022,Bolívar,"Administración pública y defensa, educación y atención de la salud humana",93.773
2023,Bolívar,"Administración pública y defensa, educación y atención de la salud humana",83.918
2024,Bolívar,"Administración pública y defensa, educación y atención de la salud humana",90.989
2025,Bolívar,"Administración pública y defensa, educación y atención de la salud humana",91.964
2015,Bolívar,"Actividades artísticas, entretenimiento, recreación y otras actividades de servicios",85.80987300000001
2016,Bolívar,"Actividades artísticas, entretenimiento, recreación y otras actividades de servicios",82.121823
2017,Bolívar,"Actividades artísticas, entretenimiento, recreación y otras actividades de servicios",78.531879
2018,Bolívar,"Actividades artísticas, entretenimiento, recreación y otras actividades de servicios",86.296618
2019,Bolívar,"Actividades artísticas, entretenimiento, recreación y otras actividades de servicios",89.827455
2020,Bolívar,"Actividades artísticas, entretenimiento, recreación y otras actividades de servicios",73.15861
2021,Bolívar,"Actividades artísticas, entretenimiento, recreación y otras actividades de servicios",80.066
2022,Bolívar,"Actividades artísticas, entretenimiento, recreación y otras actividades de servicios",96.695
2023,Bolívar,"Actividades artísticas, entretenimiento, recreación y otras actividades de servicios",104.506
2024,Bolívar,"Actividades artísticas, entretenimiento, recreación y otras actividades de servicios",93.105
2025,Bolívar,"Actividades artísticas, entretenimiento, recreación y otras actividades de servicios",101.18
2015,Boyacá,Total ocupados,585.0359129999999
2016,Boyacá,Total ocupados,551.889596
2017,Boyacá,Total ocupados,553.4918279999999
2018,Boyacá,Total ocupados,564.1888270000001
2019,Boyacá,Total ocupados,530.10548
2020,Boyacá,Total ocupados,454.608428
2021,Boyacá,Total ocupados,459.731
2022,Boyacá,Total ocupados,527.599
2023,Boyacá,Total ocupados,526.09
2024,Boyacá,Total ocupados,531.139
2025,Boyacá,Total ocupados,513.39
2015,Boyacá,No informa,0.0
2016,Boyacá,No informa,0.0
2017,Boyacá,No informa,0.030351
2018,Boyacá,No informa,0.0
2019,Boyacá,No informa,0.0
2020,Boyacá,No informa,0.009753
2021,Boyacá,No informa,0.364
2022,Boyacá,No informa,0.007
2023,Boyacá,No informa,0.0
2024,Boyacá,No informa,0.0
2025,Boyacá,No informa,0.0
2015,Boyacá,"Agricultura, ganadería, caza, silvicultura y pesca",198.962402
2016,Boyacá,"Agricultura, ganadería, caza, silvicultura y pesca",173.66148199999998
2017,Boyacá,"Agricultura, ganadería, caza, silvicultura y pesca",181.471905
2018,Boyacá,"Agricultura, ganadería, caza, silvicultura y pesca",194.251326
2019,Boyacá,"Agricultura, ganadería, caza, silvicultura y pesca",171.210547
2020,Boyacá,"Agricultura, ganadería, caza, silvicultura y pesca",146.493638
2021,Boyacá,"Agricultura, ganadería, caza, silvicultura y pesca",139.54
2022,Boyacá,"Agricultura, ganadería, caza, silvicultura y pesca",128.816
2023,Boyacá,"Agricultura, ganadería, caza, silvicultura y pesca",132.496
2024,Boyacá,"Agricultura, ganadería, caza, silvicultura y pesca",126.749
2025,Boyacá,"Agricultura, ganadería, caza, silvicultura y pesca",121.502
2015,Boyacá,Explotación de minas y canteras,20.151151000000002
2016,Boyacá,Explotación de minas y canteras,22.522831
2017,Boyacá,Explotación de minas y canteras,19.917215
2018,Boyacá,Explotación de minas y canteras,21.999026
2019,Boyacá,Explotación de minas y canteras,24.853187000000002
2020,Boyacá,Explotación de minas y canteras,25.607001
2021,Boyacá,Explotación de minas y canteras,25.458
2022,Boyacá,Explotación de minas y canteras,37.403
2023,Boyacá,Explotación de minas y canteras,37.822
2024,Boyacá,Explotación de minas y canteras,39.558
2025,Boyacá,Explotación de minas y canteras,32.49
2015,Boyacá,Industrias manufactureras,54.383322
2016,Boyacá,Industrias manufactureras,49.341722999999995
2017,Boyacá,Industrias manufactureras,42.747368
2018,Boyacá,Industrias manufactureras,47.659979
2019,Boyacá,Industrias manufactureras,39.935034
2020,Boyacá,Industrias manufactureras,33.059892
2021,Boyacá,Industrias manufactureras,27.184
2022,Boyacá,Industrias manufactureras,40.721
2023,Boyacá,Industrias manufactureras,30.871
2024,Boyacá,Industrias manufactureras,37.876
2025,Boyacá,Industrias manufactureras,41.41
2015,Boyacá,"Suministro de electricidad, gas, agua y gestión de desechos",6.477385
2016,Boyacá,"Suministro de electricidad, gas, agua y gestión de desechos",4.004949
2017,Boyacá,"Suministro de electricidad, gas, agua y gestión de desechos",5.578706
2018,Boyacá,"Suministro de electricidad, gas, agua y gestión de desechos",4.536206
2019,Boyacá,"Suministro de electricidad, gas, agua y gestión de desechos",4.679537
2020,Boyacá,"Suministro de electricidad, gas, agua y gestión de desechos",6.843627000000001
2021,Boyacá,"Suministro de electricidad, gas, agua y gestión de desechos",5.598
2022,Boyacá,"Suministro de electricidad, gas, agua y gestión de desechos",6.443
2023,Boyacá,"Suministro de electricidad, gas, agua y gestión de desechos",5.991
2024,Boyacá,"Suministro de electricidad, gas, agua y gestión de desechos",7.603
2025,Boyacá,"Suministro de electricidad, gas, agua y gestión de desechos",5.341
2015,Boyacá,Construcción,35.745615
2016,Boyacá,Construcción,35.464864
2017,Boyacá,Construcción,35.443816
2018,Boyacá,Construcción,33.881063000000005
2019,Boyacá,Construcción,32.216885
2020,Boyacá,Construcción,26.443985
2021,Boyacá,Construcción,26.049
2022,Boyacá,Construcción,34.208
2023,Boyacá,Construcción,32.313
2024,Boyacá,Construcción,35.499
2025,Boyacá,Construcción,33.606
2015,Boyacá,Comercio y reparación de vehículos,83.89380499999999
2016,Boyacá,Comercio y reparación de vehículos,88.352465
2017,Boyacá,Comercio y reparación de vehículos,90.96217200000001
2018,Boyacá,Comercio y reparación de vehículos,90.224248
2019,Boyacá,Comercio y reparación de vehículos,90.613714
2020,Boyacá,Comercio y reparación de vehículos,68.50117200000001
2021,Boyacá,Comercio y reparación de vehículos,79.885
2022,Boyacá,Comercio y reparación de vehículos,79.717
2023,Boyacá,Comercio y reparación de vehículos,94.056
2024,Boyacá,Comercio y reparación de vehículos,82.122
2025,Boyacá,Comercio y reparación de vehículos,82.276
2015,Boyacá,Alojamiento y servicios de comida,33.009477
2016,Boyacá,Alojamiento y servicios de comida,33.856725
2017,Boyacá,Alojamiento y servicios de comida,25.334830999999998
2018,Boyacá,Alojamiento y servicios de comida,28.14886
2019,Boyacá,Alojamiento y servicios de comida,28.289996
2020,Boyacá,Alojamiento y servicios de comida,21.336953
2021,Boyacá,Alojamiento y servicios de comida,21.495
2022,Boyacá,Alojamiento y servicios de comida,35.381
2023,Boyacá,Alojamiento y servicios de comida,31.323
2024,Boyacá,Alojamiento y servicios de comida,32.903
2025,Boyacá,Alojamiento y servicios de comida,34.657
2015,Boyacá,Transporte y almacenamiento,25.379407
2016,Boyacá,Transporte y almacenamiento,25.508497
2017,Boyacá,Transporte y almacenamiento,25.372525000000003
2018,Boyacá,Transporte y almacenamiento,22.952424
2019,Boyacá,Transporte y almacenamiento,23.402843
2020,Boyacá,Transporte y almacenamiento,17.262608
2021,Boyacá,Transporte y almacenamiento,23.822
2022,Boyacá,Transporte y almacenamiento,26.246
2023,Boyacá,Transporte y almacenamiento,27.279
2024,Boyacá,Transporte y almacenamiento,29.734
2025,Boyacá,Transporte y almacenamiento,27.716
2015,Boyacá,Información y comunicaciones,4.438872999999999
2016,Boyacá,Información y comunicaciones,3.845549
2017,Boyacá,Información y comunicaciones,5.0031859999999995
2018,Boyacá,Información y comunicaciones,3.648513
2019,Boyacá,Información y comunicaciones,3.452684
2020,Boyacá,Información y comunicaciones,2.866981
2021,Boyacá,Información y comunicaciones,5.6
2022,Boyacá,Información y comunicaciones,6.072
2023,Boyacá,Información y comunicaciones,6.571
2024,Boyacá,Información y comunicaciones,6.114
2025,Boyacá,Información y comunicaciones,4.026
2015,Boyacá,Actividades financieras y de seguros,4.005171
2016,Boyacá,Actividades financieras y de seguros,2.9147130000000003
2017,Boyacá,Actividades financieras y de seguros,3.369424
2018,Boyacá,Actividades financieras y de seguros,2.594618
2019,Boyacá,Actividades financieras y de seguros,2.650919
2020,Boyacá,Actividades financieras y de seguros,2.8151599999999997
2021,Boyacá,Actividades financieras y de seguros,3.452
2022,Boyacá,Actividades financieras y de seguros,6.373
2023,Boyacá,Actividades financieras y de seguros,6.642
2024,Boyacá,Actividades financieras y de seguros,5.989
2025,Boyacá,Actividades financieras y de seguros,7.743
2015,Boyacá,Actividades inmobiliarias,2.040674
2016,Boyacá,Actividades inmobiliarias,1.8459
2017,Boyacá,Actividades inmobiliarias,2.808122
2018,Boyacá,Actividades inmobiliarias,2.73342
2019,Boyacá,Actividades inmobiliarias,1.774649
2020,Boyacá,Actividades inmobiliarias,3.029426
2021,Boyacá,Actividades inmobiliarias,1.32
2022,Boyacá,Actividades inmobiliarias,1.296
2023,Boyacá,Actividades inmobiliarias,1.89
2024,Boyacá,Actividades inmobiliarias,2.753
2025,Boyacá,Actividades inmobiliarias,4.502
2015,Boyacá,"Actividades profesionales, científicas, técnicas y de servicios administrativos",17.857991000000002
2016,Boyacá,"Actividades profesionales, científicas, técnicas y de servicios administrativos",21.135056
2017,Boyacá,"Actividades profesionales, científicas, técnicas y de servicios administrativos",23.133544
2018,Boyacá,"Actividades profesionales, científicas, técnicas y de servicios administrativos",21.456778999999997
2019,Boyacá,"Actividades profesionales, científicas, técnicas y de servicios administrativos",17.788901999999997
2020,Boyacá,"Actividades profesionales, científicas, técnicas y de servicios administrativos",18.358452
2021,Boyacá,"Actividades profesionales, científicas, técnicas y de servicios administrativos",23.529
2022,Boyacá,"Actividades profesionales, científicas, técnicas y de servicios administrativos",30.27
2023,Boyacá,"Actividades profesionales, científicas, técnicas y de servicios administrativos",26.815
2024,Boyacá,"Actividades profesionales, científicas, técnicas y de servicios administrativos",29.249
2025,Boyacá,"Actividades profesionales, científicas, técnicas y de servicios administrativos",28.514
2015,Boyacá,"Administración pública y defensa, educación y atención de la salud humana",62.053837
2016,Boyacá,"Administración pública y defensa, educación y atención de la salud humana",60.044642
2017,Boyacá,"Administración pública y defensa, educación y atención de la salud humana",63.198370000000004
2018,Boyacá,"Administración pública y defensa, educación y atención de la salud humana",60.62483
2019,Boyacá,"Administración pública y defensa, educación y atención de la salud humana",60.15948
2020,Boyacá,"Administración pública y defensa, educación y atención de la salud humana",58.436538
2021,Boyacá,"Administración pública y defensa, educación y atención de la salud humana",54.908
2022,Boyacá,"Administración pública y defensa, educación y atención de la salud humana",65.252
2023,Boyacá,"Administración pública y defensa, educación y atención de la salud humana",59.76
2024,Boyacá,"Administración pública y defensa, educación y atención de la salud humana",64.635
2025,Boyacá,"Administración pública y defensa, educación y atención de la salud humana",60.969
2015,Boyacá,"Actividades artísticas, entretenimiento, recreación y otras actividades de servicios",36.636802
2016,Boyacá,"Actividades artísticas, entretenimiento, recreación y otras actividades de servicios",29.390201
2017,Boyacá,"Actividades artísticas, entretenimiento, recreación y otras actividades de servicios",29.120292000000003
2018,Boyacá,"Actividades artísticas, entretenimiento, recreación y otras actividades de servicios",29.477535
2019,Boyacá,"Actividades artísticas, entretenimiento, recreación y otras actividades de servicios",29.077102999999997
2020,Boyacá,"Actividades artísticas, entretenimiento, recreación y otras actividades de servicios",23.543242999999997
2021,Boyacá,"Actividades artísticas, entretenimiento, recreación y otras actividades de servicios",21.526
2022,Boyacá,"Actividades artísticas, entretenimiento, recreación y otras actividades de servicios",29.396
2023,Boyacá,"Actividades artísticas, entretenimiento, recreación y otras actividades de servicios",32.26
2024,Boyacá,"Actividades artísticas, entretenimiento, recreación y otras actividades de servicios",30.354
2025,Boyacá,"Actividades artísticas, entretenimiento, recreación y otras actividades de servicios",28.638
2015,Caldas,Total ocupados,431.493881
2016,Caldas,Total ocupados,420.745918
2017,Caldas,Total ocupados,427.011668
2018,Caldas,Total ocupados,432.215924
2019,Caldas,Total ocupados,425.881928
2020,Caldas,Total ocupados,396.579536
2021,Caldas,Total ocupados,409.69
2022,Caldas,Total ocupados,433.256
2023,Caldas,Total ocupados,440.903
2024,Caldas,Total ocupados,444.023
2025,Caldas,Total ocupados,467.891
2015,Caldas,No informa,0.016543
2016,Caldas,No informa,0.018264
2017,Caldas,No informa,0.0
2018,Caldas,No informa,0.0
2019,Caldas,No informa,0.0
2020,Caldas,No informa,0.014824
2021,Caldas,No informa,0.184
2022,Caldas,No informa,0.115
2023,Caldas,No informa,0.132
2024,Caldas,No informa,0.0
2025,Caldas,No informa,0.0
2015,Caldas,"Agricultura, ganadería, caza, silvicultura y pesca",94.181356
2016,Caldas,"Agricultura, ganadería, caza, silvicultura y pesca",98.399101
2017,Caldas,"Agricultura, ganadería, caza, silvicultura y pesca",89.694362
2018,Caldas,"Agricultura, ganadería, caza, silvicultura y pesca",91.9717
2019,Caldas,"Agricultura, ganadería, caza, silvicultura y pesca",87.027613
2020,Caldas,"Agricultura, ganadería, caza, silvicultura y pesca",85.14736599999999
2021,Caldas,"Agricultura, ganadería, caza, silvicultura y pesca",75.676
2022,Caldas,"Agricultura, ganadería, caza, silvicultura y pesca",77.977
2023,Caldas,"Agricultura, ganadería, caza, silvicultura y pesca",75.302
2024,Caldas,"Agricultura, ganadería, caza, silvicultura y pesca",76.922
2025,Caldas,"Agricultura, ganadería, caza, silvicultura y pesca",78.553
2015,Caldas,Explotación de minas y canteras,5.597325
2016,Caldas,Explotación de minas y canteras,4.5088029999999995
2017,Caldas,Explotación de minas y canteras,5.3769610000000005
2018,Caldas,Explotación de minas y canteras,5.091850999999999
2019,Caldas,Explotación de minas y canteras,5.6405
2020,Caldas,Explotación de minas y canteras,5.496932
2021,Caldas,Explotación de minas y canteras,7.583
2022,Caldas,Explotación de minas y canteras,7.959
2023,Caldas,Explotación de minas y canteras,10.258
2024,Caldas,Explotación de minas y canteras,11.744
2025,Caldas,Explotación de minas y canteras,7.009
2015,Caldas,Industrias manufactureras,43.461330000000004
2016,Caldas,Industrias manufactureras,37.566858999999994
2017,Caldas,Industrias manufactureras,43.561032
2018,Caldas,Industrias manufactureras,43.474858999999995
2019,Caldas,Industrias manufactureras,42.137359
2020,Caldas,Industrias manufactureras,38.08521
2021,Caldas,Industrias manufactureras,41.608
2022,Caldas,Industrias manufactureras,43.687
2023,Caldas,Industrias manufactureras,42.958
2024,Caldas,Industrias manufactureras,43.208
2025,Caldas,Industrias manufactureras,48.276
2015,Caldas,"Suministro de electricidad, gas, agua y gestión de desechos",4.935668
2016,Caldas,"Suministro de electricidad, gas, agua y gestión de desechos",4.8888869999999995
2017,Caldas,"Suministro de electricidad, gas, agua y gestión de desechos",3.488682
2018,Caldas,"Suministro de electricidad, gas, agua y gestión de desechos",4.037574
2019,Caldas,"Suministro de electricidad, gas, agua y gestión de desechos",4.562456
2020,Caldas,"Suministro de electricidad, gas, agua y gestión de desechos",4.582083
2021,Caldas,"Suministro de electricidad, gas, agua y gestión de desechos",7.308
2022,Caldas,"Suministro de electricidad, gas, agua y gestión de desechos",6.197
2023,Caldas,"Suministro de electricidad, gas, agua y gestión de desechos",6.53
2024,Caldas,"Suministro de electricidad, gas, agua y gestión de desechos",6.809
2025,Caldas,"Suministro de electricidad, gas, agua y gestión de desechos",8.13
2015,Caldas,Construcción,27.28435
2016,Caldas,Construcción,27.734014
2017,Caldas,Construcción,27.677526
2018,Caldas,Construcción,32.062872999999996
2019,Caldas,Construcción,31.131746
2020,Caldas,Construcción,27.033647000000002
2021,Caldas,Construcción,28.874
2022,Caldas,Construcción,32.77
2023,Caldas,Construcción,28.948
2024,Caldas,Construcción,25.501
2025,Caldas,Construcción,32.025
2015,Caldas,Comercio y reparación de vehículos,72.795386
2016,Caldas,Comercio y reparación de vehículos,70.663103
2017,Caldas,Comercio y reparación de vehículos,73.718223
2018,Caldas,Comercio y reparación de vehículos,71.418441
2019,Caldas,Comercio y reparación de vehículos,71.658382
2020,Caldas,Comercio y reparación de vehículos,67.927269
2021,Caldas,Comercio y reparación de vehículos,69.696
2022,Caldas,Comercio y reparación de vehículos,68.787
2023,Caldas,Comercio y reparación de vehículos,69.139
2024,Caldas,Comercio y reparación de vehículos,72.219
2025,Caldas,Comercio y reparación de vehículos,76.003
2015,Caldas,Alojamiento y servicios de comida,27.95373
2016,Caldas,Alojamiento y servicios de comida,31.186554
2017,Caldas,Alojamiento y servicios de comida,31.13297
2018,Caldas,Alojamiento y servicios de comida,28.765292000000002
2019,Caldas,Alojamiento y servicios de comida,31.281934
2020,Caldas,Alojamiento y servicios de comida,27.74701
2021,Caldas,Alojamiento y servicios de comida,27.047
2022,Caldas,Alojamiento y servicios de comida,32.872
2023,Caldas,Alojamiento y servicios de comida,33.419
2024,Caldas,Alojamiento y servicios de comida,35.031
2025,Caldas,Alojamiento y servicios de comida,37.689
2015,Caldas,Transporte y almacenamiento,22.502226999999998
2016,Caldas,Transporte y almacenamiento,22.255798
2017,Caldas,Transporte y almacenamiento,22.465626
2018,Caldas,Transporte y almacenamiento,22.948991999999997
2019,Caldas,Transporte y almacenamiento,23.736099999999997
2020,Caldas,Transporte y almacenamiento,22.960176
2021,Caldas,Transporte y almacenamiento,21.946
2022,Caldas,Transporte y almacenamiento,22.299
2023,Caldas,Transporte y almacenamiento,22.988
2024,Caldas,Transporte y almacenamiento,24.992
2025,Caldas,Transporte y almacenamiento,27.494
2015,Caldas,Información y comunicaciones,5.2869269999999995
2016,Caldas,Información y comunicaciones,5.181961
2017,Caldas,Información y comunicaciones,4.900031
2018,Caldas,Información y comunicaciones,4.753958
2019,Caldas,Información y comunicaciones,4.955571
2020,Caldas,Información y comunicaciones,5.478429
2021,Caldas,Información y comunicaciones,6.754
2022,Caldas,Información y comunicaciones,7.126
2023,Caldas,Información y comunicaciones,8.775
2024,Caldas,Información y comunicaciones,7.558
2025,Caldas,Información y comunicaciones,8.514
2015,Caldas,Actividades financieras y de seguros,4.684715
2016,Caldas,Actividades financieras y de seguros,4.391324
2017,Caldas,Actividades financieras y de seguros,5.444958
2018,Caldas,Actividades financieras y de seguros,4.715584
2019,Caldas,Actividades financieras y de seguros,4.842537
2020,Caldas,Actividades financieras y de seguros,5.157515
2021,Caldas,Actividades financieras y de seguros,6.204
2022,Caldas,Actividades financieras y de seguros,6.073
2023,Caldas,Actividades financieras y de seguros,7.205
2024,Caldas,Actividades financieras y de seguros,6.797
2025,Caldas,Actividades financieras y de seguros,7.142
2015,Caldas,Actividades inmobiliarias,4.404576
2016,Caldas,Actividades inmobiliarias,3.878653
2017,Caldas,Actividades inmobiliarias,4.318448
2018,Caldas,Actividades inmobiliarias,4.026129
2019,Caldas,Actividades inmobiliarias,4.849181
2020,Caldas,Actividades inmobiliarias,4.056233
2021,Caldas,Actividades inmobiliarias,3.267
2022,Caldas,Actividades inmobiliarias,3.791
2023,Caldas,Actividades inmobiliarias,4.923
2024,Caldas,Actividades inmobiliarias,4.378
2025,Caldas,Actividades inmobiliarias,4.034
2015,Caldas,"Actividades profesionales, científicas, técnicas y de servicios administrativos",27.595414
2016,Caldas,"Actividades profesionales, científicas, técnicas y de servicios administrativos",25.671828
2017,Caldas,"Actividades profesionales, científicas, técnicas y de servicios administrativos",28.721866000000002
2018,Caldas,"Actividades profesionales, científicas, técnicas y de servicios administrativos",27.721806
2019,Caldas,"Actividades profesionales, científicas, técnicas y de servicios administrativos",27.167389
2020,Caldas,"Actividades profesionales, científicas, técnicas y de servicios administrativos",28.08053
2021,Caldas,"Actividades profesionales, científicas, técnicas y de servicios administrativos",31.121
2022,Caldas,"Actividades profesionales, científicas, técnicas y de servicios administrativos",33.986
2023,Caldas,"Actividades profesionales, científicas, técnicas y de servicios administrativos",37.587
2024,Caldas,"Actividades profesionales, científicas, técnicas y de servicios administrativos",36.55
2025,Caldas,"Actividades profesionales, científicas, técnicas y de servicios administrativos",40.309
2015,Caldas,"Administración pública y defensa, educación y atención de la salud humana",49.679804
2016,Caldas,"Administración pública y defensa, educación y atención de la salud humana",49.696874
2017,Caldas,"Administración pública y defensa, educación y atención de la salud humana",52.34914
2018,Caldas,"Administración pública y defensa, educación y atención de la salud humana",55.451618
2019,Caldas,"Administración pública y defensa, educación y atención de la salud humana",48.576645
2020,Caldas,"Administración pública y defensa, educación y atención de la salud humana",45.389759
2021,Caldas,"Administración pública y defensa, educación y atención de la salud humana",50.934
2022,Caldas,"Administración pública y defensa, educación y atención de la salud humana",54.426
2023,Caldas,"Administración pública y defensa, educación y atención de la salud humana",58.083
2024,Caldas,"Administración pública y defensa, educación y atención de la salud humana",56.39
2025,Caldas,"Administración pública y defensa, educación y atención de la salud humana",54.618
2015,Caldas,"Actividades artísticas, entretenimiento, recreación y otras actividades de servicios",41.114531
2016,Caldas,"Actividades artísticas, entretenimiento, recreación y otras actividades de servicios",34.703894
2017,Caldas,"Actividades artísticas, entretenimiento, recreación y otras actividades de servicios",34.161843
2018,Caldas,"Actividades artísticas, entretenimiento, recreación y otras actividades de servicios",35.775248
2019,Caldas,"Actividades artísticas, entretenimiento, recreación y otras actividades de servicios",38.314514
2020,Caldas,"Actividades artísticas, entretenimiento, recreación y otras actividades de servicios",29.422553
2021,Caldas,"Actividades artísticas, entretenimiento, recreación y otras actividades de servicios",31.488
2022,Caldas,"Actividades artísticas, entretenimiento, recreación y otras actividades de servicios",35.191
2023,Caldas,"Actividades artísticas, entretenimiento, recreación y otras actividades de servicios",34.655
2024,Caldas,"Actividades artísticas, entretenimiento, recreación y otras actividades de servicios",35.924
2025,Caldas,"Actividades artísticas, entretenimiento, recreación y otras actividades de servicios",38.095
2015,Caquetá,Total ocupados,152.00788500000002
2016,Caquetá,Total ocupados,162.750737
2017,Caquetá,Total ocupados,158.021191
2018,Caquetá,Total ocupados,158.50978899999998
2019,Caquetá,Total ocupados,152.351732
2020,Caquetá,Total ocupados,142.731979
2021,Caquetá,Total ocupados,148.55
2022,Caquetá,Total ocupados,165.091
2023,Caquetá,Total ocupados,165.4
2024,Caquetá,Total ocupados,163.407
2025,Caquetá,Total ocupados,164.08
2015,Caquetá,No informa,0.041834
2016,Caquetá,No informa,0.0
2017,Caquetá,No informa,0.006539
2018,Caquetá,No informa,0.0
2019,Caquetá,No informa,0.0
2020,Caquetá,No informa,0.0
2021,Caquetá,No informa,0.102
2022,Caquetá,No informa,0.022
2023,Caquetá,No informa,0.006
2024,Caquetá,No informa,0.0
2025,Caquetá,No informa,0.024
2015,Caquetá,"Agricultura, ganadería, caza, silvicultura y pesca",47.816246
2016,Caquetá,"Agricultura, ganadería, caza, silvicultura y pesca",54.558663
2017,Caquetá,"Agricultura, ganadería, caza, silvicultura y pesca",53.574005
2018,Caquetá,"Agricultura, ganadería, caza, silvicultura y pesca",52.340745999999996
2019,Caquetá,"Agricultura, ganadería, caza, silvicultura y pesca",47.456358
2020,Caquetá,"Agricultura, ganadería, caza, silvicultura y pesca",45.039593
2021,Caquetá,"Agricultura, ganadería, caza, silvicultura y pesca",45.773
2022,Caquetá,"Agricultura, ganadería, caza, silvicultura y pesca",47.122
2023,Caquetá,"Agricultura, ganadería, caza, silvicultura y pesca",49.743
2024,Caquetá,"Agricultura, ganadería, caza, silvicultura y pesca",46.789
2025,Caquetá,"Agricultura, ganadería, caza, silvicultura y pesca",50.225
2015,Caquetá,Explotación de minas y canteras,0.060718
2016,Caquetá,Explotación de minas y canteras,0.0
2017,Caquetá,Explotación de minas y canteras,0.029296
2018,Caquetá,Explotación de minas y canteras,0.07829900000000001
2019,Caquetá,Explotación de minas y canteras,0.10398
2020,Caquetá,Explotación de minas y canteras,0.253676
2021,Caquetá,Explotación de minas y canteras,0.155
2022,Caquetá,Explotación de minas y canteras,0.092
2023,Caquetá,Explotación de minas y canteras,0.133
2024,Caquetá,Explotación de minas y canteras,0.231
2025,Caquetá,Explotación de minas y canteras,0.052
2015,Caquetá,Industrias manufactureras,8.359888999999999
2016,Caquetá,Industrias manufactureras,8.356251
2017,Caquetá,Industrias manufactureras,6.73895
2018,Caquetá,Industrias manufactureras,8.635218
2019,Caquetá,Industrias manufactureras,8.748811
2020,Caquetá,Industrias manufactureras,6.36644
2021,Caquetá,Industrias manufactureras,7.97
2022,Caquetá,Industrias manufactureras,8.764
2023,Caquetá,Industrias manufactureras,8.394
2024,Caquetá,Industrias manufactureras,7.449
2025,Caquetá,Industrias manufactureras,7.449
2015,Caquetá,"Suministro de electricidad, gas, agua y gestión de desechos",0.916443
2016,Caquetá,"Suministro de electricidad, gas, agua y gestión de desechos",1.3553279999999999
2017,Caquetá,"Suministro de electricidad, gas, agua y gestión de desechos",1.197691
2018,Caquetá,"Suministro de electricidad, gas, agua y gestión de desechos",1.377261
2019,Caquetá,"Suministro de electricidad, gas, agua y gestión de desechos",1.168048
2020,Caquetá,"Suministro de electricidad, gas, agua y gestión de desechos",1.629503
2021,Caquetá,"Suministro de electricidad, gas, agua y gestión de desechos",1.488
2022,Caquetá,"Suministro de electricidad, gas, agua y gestión de desechos",1.746
2023,Caquetá,"Suministro de electricidad, gas, agua y gestión de desechos",1.83
2024,Caquetá,"Suministro de electricidad, gas, agua y gestión de desechos",1.779
2025,Caquetá,"Suministro de electricidad, gas, agua y gestión de desechos",1.659
2015,Caquetá,Construcción,8.835435
2016,Caquetá,Construcción,7.841576
2017,Caquetá,Construcción,8.325766999999999
2018,Caquetá,Construcción,8.422659
2019,Caquetá,Construcción,7.7070050000000005
2020,Caquetá,Construcción,7.7854030000000005
2021,Caquetá,Construcción,10.303
2022,Caquetá,Construcción,10.615
2023,Caquetá,Construcción,11.435
2024,Caquetá,Construcción,10.482
2025,Caquetá,Construcción,11.755
2015,Caquetá,Comercio y reparación de vehículos,28.749152
2016,Caquetá,Comercio y reparación de vehículos,30.587187999999998
2017,Caquetá,Comercio y reparación de vehículos,27.969082999999998
2018,Caquetá,Comercio y reparación de vehículos,28.414986000000003
2019,Caquetá,Comercio y reparación de vehículos,29.458769
2020,Caquetá,Comercio y reparación de vehículos,27.003245
2021,Caquetá,Comercio y reparación de vehículos,25.718
2022,Caquetá,Comercio y reparación de vehículos,30.426
2023,Caquetá,Comercio y reparación de vehículos,27.203
2024,Caquetá,Comercio y reparación de vehículos,28.852
2025,Caquetá,Comercio y reparación de vehículos,27.057
2015,Caquetá,Alojamiento y servicios de comida,9.676382
2016,Caquetá,Alojamiento y servicios de comida,10.266392
2017,Caquetá,Alojamiento y servicios de comida,10.500290000000001
2018,Caquetá,Alojamiento y servicios de comida,10.524844
2019,Caquetá,Alojamiento y servicios de comida,10.047781
2020,Caquetá,Alojamiento y servicios de comida,9.173952
2021,Caquetá,Alojamiento y servicios de comida,9.297
2022,Caquetá,Alojamiento y servicios de comida,10.225
2023,Caquetá,Alojamiento y servicios de comida,11.842
2024,Caquetá,Alojamiento y servicios de comida,12.127
2025,Caquetá,Alojamiento y servicios de comida,11.455
2015,Caquetá,Transporte y almacenamiento,10.609293
2016,Caquetá,Transporte y almacenamiento,9.966214
2017,Caquetá,Transporte y almacenamiento,10.727328
2018,Caquetá,Transporte y almacenamiento,10.762874
2019,Caquetá,Transporte y almacenamiento,9.478919
2020,Caquetá,Transporte y almacenamiento,8.074698
2021,Caquetá,Transporte y almacenamiento,9.99
2022,Caquetá,Transporte y almacenamiento,12.172
2023,Caquetá,Transporte y almacenamiento,11.284
2024,Caquetá,Transporte y almacenamiento,11.581
2025,Caquetá,Transporte y almacenamiento,9.336
2015,Caquetá,Información y comunicaciones,1.601863
2016,Caquetá,Información y comunicaciones,1.5712940000000002
2017,Caquetá,Información y comunicaciones,1.2616420000000002
2018,Caquetá,Información y comunicaciones,1.6056890000000001
2019,Caquetá,Información y comunicaciones,1.0468320000000002
2020,Caquetá,Información y comunicaciones,0.893365
2021,Caquetá,Información y comunicaciones,0.727
2022,Caquetá,Información y comunicaciones,0.874
2023,Caquetá,Información y comunicaciones,0.894
2024,Caquetá,Información y comunicaciones,0.644
2025,Caquetá,Información y comunicaciones,1.043
2015,Caquetá,Actividades financieras y de seguros,1.165163
2016,Caquetá,Actividades financieras y de seguros,1.2376880000000001
2017,Caquetá,Actividades financieras y de seguros,0.992217
2018,Caquetá,Actividades financieras y de seguros,1.325945
2019,Caquetá,Actividades financieras y de seguros,1.1977449999999998
2020,Caquetá,Actividades financieras y de seguros,1.2867380000000002
2021,Caquetá,Actividades financieras y de seguros,0.923
2022,Caquetá,Actividades financieras y de seguros,1.365
2023,Caquetá,Actividades financieras y de seguros,1.518
2024,Caquetá,Actividades financieras y de seguros,1.42
2025,Caquetá,Actividades financieras y de seguros,1.439
2015,Caquetá,Actividades inmobiliarias,0.22353800000000001
2016,Caquetá,Actividades inmobiliarias,0.251964
2017,Caquetá,Actividades inmobiliarias,0.387533
2018,Caquetá,Actividades inmobiliarias,0.26964699999999997
2019,Caquetá,Actividades inmobiliarias,0.233433
2020,Caquetá,Actividades inmobiliarias,0.206166
2021,Caquetá,Actividades inmobiliarias,0.358
2022,Caquetá,Actividades inmobiliarias,0.314
2023,Caquetá,Actividades inmobiliarias,0.262
2024,Caquetá,Actividades inmobiliarias,0.337
2025,Caquetá,Actividades inmobiliarias,0.324
2015,Caquetá,"Actividades profesionales, científicas, técnicas y de servicios administrativos",5.675618999999999
2016,Caquetá,"Actividades profesionales, científicas, técnicas y de servicios administrativos",5.6588959999999995
2017,Caquetá,"Actividades profesionales, científicas, técnicas y de servicios administrativos",6.687705
2018,Caquetá,"Actividades profesionales, científicas, técnicas y de servicios administrativos",5.701303
2019,Caquetá,"Actividades profesionales, científicas, técnicas y de servicios administrativos",4.573469
2020,Caquetá,"Actividades profesionales, científicas, técnicas y de servicios administrativos",5.47088
2021,Caquetá,"Actividades profesionales, científicas, técnicas y de servicios administrativos",7.106
2022,Caquetá,"Actividades profesionales, científicas, técnicas y de servicios administrativos",7.932
2023,Caquetá,"Actividades profesionales, científicas, técnicas y de servicios administrativos",12.419
2024,Caquetá,"Actividades profesionales, científicas, técnicas y de servicios administrativos",9.037
2025,Caquetá,"Actividades profesionales, científicas, técnicas y de servicios administrativos",8.57
2015,Caquetá,"Administración pública y defensa, educación y atención de la salud humana",17.808215
2016,Caquetá,"Administración pública y defensa, educación y atención de la salud humana",19.219984
2017,Caquetá,"Administración pública y defensa, educación y atención de la salud humana",18.049681
2018,Caquetá,"Administración pública y defensa, educación y atención de la salud humana",17.933399
2019,Caquetá,"Administración pública y defensa, educación y atención de la salud humana",18.680391
2020,Caquetá,"Administración pública y defensa, educación y atención de la salud humana",17.550174
2021,Caquetá,"Administración pública y defensa, educación y atención de la salud humana",17.066
2022,Caquetá,"Administración pública y defensa, educación y atención de la salud humana",18.573
2023,Caquetá,"Administración pública y defensa, educación y atención de la salud humana",15.856
2024,Caquetá,"Administración pública y defensa, educación y atención de la salud humana",17.69
2025,Caquetá,"Administración pública y defensa, educación y atención de la salud humana",19.014
2015,Caquetá,"Actividades artísticas, entretenimiento, recreación y otras actividades de servicios",10.468095
2016,Caquetá,"Actividades artísticas, entretenimiento, recreación y otras actividades de servicios",11.879299000000001
2017,Caquetá,"Actividades artísticas, entretenimiento, recreación y otras actividades de servicios",11.573465
2018,Caquetá,"Actividades artísticas, entretenimiento, recreación y otras actividades de servicios",11.116919
2019,Caquetá,"Actividades artísticas, entretenimiento, recreación y otras actividades de servicios",12.450192999999999
2020,Caquetá,"Actividades artísticas, entretenimiento, recreación y otras actividades de servicios",11.998144
2021,Caquetá,"Actividades artísticas, entretenimiento, recreación y otras actividades de servicios",11.575
2022,Caquetá,"Actividades artísticas, entretenimiento, recreación y otras actividades de servicios",14.848
2023,Caquetá,"Actividades artísticas, entretenimiento, recreación y otras actividades de servicios",12.579
2024,Caquetá,"Actividades artísticas, entretenimiento, recreación y otras actividades de servicios",14.988
2025,Caquetá,"Actividades artísticas, entretenimiento, recreación y otras actividades de servicios",14.678
2015,Cauca,Total ocupados,603.6710280000001
2016,Cauca,Total ocupados,627.104546
2017,Cauca,Total ocupados,637.336478
2018,Cauca,Total ocupados,649.548985
2019,Cauca,Total ocupados,616.978742
2020,Cauca,Total ocupados,563.045332
2021,Cauca,Total ocupados,618.914
2022,Cauca,Total ocupados,686.251
2023,Cauca,Total ocupados,707.809
2024,Cauca,Total ocupados,758.939
2025,Cauca,Total ocupados,737.801
2015,Cauca,No informa,0.0
2016,Cauca,No informa,0.0
2017,Cauca,No informa,0.017658
2018,Cauca,No informa,0.0
2019,Cauca,No informa,0.0
2020,Cauca,No informa,0.004639
2021,Cauca,No informa,0.94
2022,Cauca,No informa,0.039
2023,Cauca,No informa,0.0
2024,Cauca,No informa,0.013
2025,Cauca,No informa,0.0
2015,Cauca,"Agricultura, ganadería, caza, silvicultura y pesca",267.777944
2016,Cauca,"Agricultura, ganadería, caza, silvicultura y pesca",283.42555200000004
2017,Cauca,"Agricultura, ganadería, caza, silvicultura y pesca",284.629186
2018,Cauca,"Agricultura, ganadería, caza, silvicultura y pesca",287.445502
2019,Cauca,"Agricultura, ganadería, caza, silvicultura y pesca",269.62694400000004
2020,Cauca,"Agricultura, ganadería, caza, silvicultura y pesca",250.5051
2021,Cauca,"Agricultura, ganadería, caza, silvicultura y pesca",269.427
2022,Cauca,"Agricultura, ganadería, caza, silvicultura y pesca",302.289
2023,Cauca,"Agricultura, ganadería, caza, silvicultura y pesca",306.14
2024,Cauca,"Agricultura, ganadería, caza, silvicultura y pesca",345.662
2025,Cauca,"Agricultura, ganadería, caza, silvicultura y pesca",336.12
2015,Cauca,Explotación de minas y canteras,9.379087
2016,Cauca,Explotación de minas y canteras,8.879072
2017,Cauca,Explotación de minas y canteras,9.475121
2018,Cauca,Explotación de minas y canteras,9.386709999999999
2019,Cauca,Explotación de minas y canteras,7.879466000000001
2020,Cauca,Explotación de minas y canteras,11.244202999999999
2021,Cauca,Explotación de minas y canteras,19.49
2022,Cauca,Explotación de minas y canteras,21.655
2023,Cauca,Explotación de minas y canteras,18.208
2024,Cauca,Explotación de minas y canteras,17.519
2025,Cauca,Explotación de minas y canteras,20.143
2015,Cauca,Industrias manufactureras,47.320466
2016,Cauca,Industrias manufactureras,44.150044
2017,Cauca,Industrias manufactureras,44.031732000000005
2018,Cauca,Industrias manufactureras,56.117457
2019,Cauca,Industrias manufactureras,45.812546000000005
2020,Cauca,Industrias manufactureras,42.398942000000005
2021,Cauca,Industrias manufactureras,36.09
2022,Cauca,Industrias manufactureras,40.564
2023,Cauca,Industrias manufactureras,45.865
2024,Cauca,Industrias manufactureras,48.102
2025,Cauca,Industrias manufactureras,41.01
2015,Cauca,"Suministro de electricidad, gas, agua y gestión de desechos",3.7321419999999996
2016,Cauca,"Suministro de electricidad, gas, agua y gestión de desechos",4.636502999999999
2017,Cauca,"Suministro de electricidad, gas, agua y gestión de desechos",2.667444
2018,Cauca,"Suministro de electricidad, gas, agua y gestión de desechos",3.150467
2019,Cauca,"Suministro de electricidad, gas, agua y gestión de desechos",3.841078
2020,Cauca,"Suministro de electricidad, gas, agua y gestión de desechos",3.2475810000000003
2021,Cauca,"Suministro de electricidad, gas, agua y gestión de desechos",5.612
2022,Cauca,"Suministro de electricidad, gas, agua y gestión de desechos",5.039
2023,Cauca,"Suministro de electricidad, gas, agua y gestión de desechos",6.754
2024,Cauca,"Suministro de electricidad, gas, agua y gestión de desechos",5.334
2025,Cauca,"Suministro de electricidad, gas, agua y gestión de desechos",5.374
2015,Cauca,Construcción,27.373544000000003
2016,Cauca,Construcción,29.260702000000002
2017,Cauca,Construcción,29.169905999999997
2018,Cauca,Construcción,27.025372
2019,Cauca,Construcción,33.126017
2020,Cauca,Construcción,29.052197
2021,Cauca,Construcción,37.94
2022,Cauca,Construcción,34.173
2023,Cauca,Construcción,35.696
2024,Cauca,Construcción,31.7
2025,Cauca,Construcción,32.786
2015,Cauca,Comercio y reparación de vehículos,77.788276
2016,Cauca,Comercio y reparación de vehículos,78.02791
2017,Cauca,Comercio y reparación de vehículos,84.551154
2018,Cauca,Comercio y reparación de vehículos,77.51828900000001
2019,Cauca,Comercio y reparación de vehículos,77.997924
2020,Cauca,Comercio y reparación de vehículos,69.761171
2021,Cauca,Comercio y reparación de vehículos,73.399
2022,Cauca,Comercio y reparación de vehículos,79.645
2023,Cauca,Comercio y reparación de vehículos,80.472
2024,Cauca,Comercio y reparación de vehículos,86.713
2025,Cauca,Comercio y reparación de vehículos,91.817
2015,Cauca,Alojamiento y servicios de comida,24.788996
2016,Cauca,Alojamiento y servicios de comida,29.213588
2017,Cauca,Alojamiento y servicios de comida,32.04549
2018,Cauca,Alojamiento y servicios de comida,33.192241
2019,Cauca,Alojamiento y servicios de comida,26.860613
2020,Cauca,Alojamiento y servicios de comida,23.71119
2021,Cauca,Alojamiento y servicios de comida,26.984
2022,Cauca,Alojamiento y servicios de comida,31.399
2023,Cauca,Alojamiento y servicios de comida,40.214
2024,Cauca,Alojamiento y servicios de comida,35.741
2025,Cauca,Alojamiento y servicios de comida,40.449
2015,Cauca,Transporte y almacenamiento,23.670634
2016,Cauca,Transporte y almacenamiento,24.369806
2017,Cauca,Transporte y almacenamiento,25.398635
2018,Cauca,Transporte y almacenamiento,25.356026
2019,Cauca,Transporte y almacenamiento,24.450072
2020,Cauca,Transporte y almacenamiento,25.934541
2021,Cauca,Transporte y almacenamiento,23.771
2022,Cauca,Transporte y almacenamiento,24.619
2023,Cauca,Transporte y almacenamiento,30.971
2024,Cauca,Transporte y almacenamiento,31.812
2025,Cauca,Transporte y almacenamiento,31.168
2015,Cauca,Información y comunicaciones,6.141076
2016,Cauca,Información y comunicaciones,4.667573999999999
2017,Cauca,Información y comunicaciones,5.051354999999999
2018,Cauca,Información y comunicaciones,5.076752000000001
2019,Cauca,Información y comunicaciones,3.319525
2020,Cauca,Información y comunicaciones,3.948238
2021,Cauca,Información y comunicaciones,4.096
2022,Cauca,Información y comunicaciones,3.546
2023,Cauca,Información y comunicaciones,4.176
2024,Cauca,Información y comunicaciones,3.773
2025,Cauca,Información y comunicaciones,5.103
2015,Cauca,Actividades financieras y de seguros,2.957767
2016,Cauca,Actividades financieras y de seguros,2.9179250000000003
2017,Cauca,Actividades financieras y de seguros,2.8208
2018,Cauca,Actividades financieras y de seguros,2.443678
2019,Cauca,Actividades financieras y de seguros,2.9859
2020,Cauca,Actividades financieras y de seguros,2.603573
2021,Cauca,Actividades financieras y de seguros,3.122
2022,Cauca,Actividades financieras y de seguros,3.723
2023,Cauca,Actividades financieras y de seguros,3.471
2024,Cauca,Actividades financieras y de seguros,5.792
2025,Cauca,Actividades financieras y de seguros,4.219
2015,Cauca,Actividades inmobiliarias,0.860524
2016,Cauca,Actividades inmobiliarias,1.600875
2017,Cauca,Actividades inmobiliarias,1.0267680000000001
2018,Cauca,Actividades inmobiliarias,1.8597929999999998
2019,Cauca,Actividades inmobiliarias,2.0732150000000003
2020,Cauca,Actividades inmobiliarias,0.837503
2021,Cauca,Actividades inmobiliarias,1.516
2022,Cauca,Actividades inmobiliarias,1.594
2023,Cauca,Actividades inmobiliarias,1.942
2024,Cauca,Actividades inmobiliarias,2.754
2025,Cauca,Actividades inmobiliarias,2.491
2015,Cauca,"Actividades profesionales, científicas, técnicas y de servicios administrativos",19.449690999999998
2016,Cauca,"Actividades profesionales, científicas, técnicas y de servicios administrativos",21.139037000000002
2017,Cauca,"Actividades profesionales, científicas, técnicas y de servicios administrativos",20.672532
2018,Cauca,"Actividades profesionales, científicas, técnicas y de servicios administrativos",26.251739
2019,Cauca,"Actividades profesionales, científicas, técnicas y de servicios administrativos",20.488336
2020,Cauca,"Actividades profesionales, científicas, técnicas y de servicios administrativos",17.680308
2021,Cauca,"Actividades profesionales, científicas, técnicas y de servicios administrativos",18.037
2022,Cauca,"Actividades profesionales, científicas, técnicas y de servicios administrativos",20.717
2023,Cauca,"Actividades profesionales, científicas, técnicas y de servicios administrativos",23.288
2024,Cauca,"Actividades profesionales, científicas, técnicas y de servicios administrativos",26.846
2025,Cauca,"Actividades profesionales, científicas, técnicas y de servicios administrativos",20.215
2015,Cauca,"Administración pública y defensa, educación y atención de la salud humana",59.319145
2016,Cauca,"Administración pública y defensa, educación y atención de la salud humana",55.693531
2017,Cauca,"Administración pública y defensa, educación y atención de la salud humana",61.598001
2018,Cauca,"Administración pública y defensa, educación y atención de la salud humana",56.631871
2019,Cauca,"Administración pública y defensa, educación y atención de la salud humana",60.32824900000001
2020,Cauca,"Administración pública y defensa, educación y atención de la salud humana",50.29186
2021,Cauca,"Administración pública y defensa, educación y atención de la salud humana",65.597
2022,Cauca,"Administración pública y defensa, educación y atención de la salud humana",74.204
2023,Cauca,"Administración pública y defensa, educación y atención de la salud humana",68.314
2024,Cauca,"Administración pública y defensa, educación y atención de la salud humana",66.101
2025,Cauca,"Administración pública y defensa, educación y atención de la salud humana",65.229
2015,Cauca,"Actividades artísticas, entretenimiento, recreación y otras actividades de servicios",33.111736
2016,Cauca,"Actividades artísticas, entretenimiento, recreación y otras actividades de servicios",39.122426
2017,Cauca,"Actividades artísticas, entretenimiento, recreación y otras actividades de servicios",34.180698
2018,Cauca,"Actividades artísticas, entretenimiento, recreación y otras actividades de servicios",38.093088
2019,Cauca,"Actividades artísticas, entretenimiento, recreación y otras actividades de servicios",38.188858
2020,Cauca,"Actividades artísticas, entretenimiento, recreación y otras actividades de servicios",31.824286
2021,Cauca,"Actividades artísticas, entretenimiento, recreación y otras actividades de servicios",32.892
2022,Cauca,"Actividades artísticas, entretenimiento, recreación y otras actividades de servicios",43.044
2023,Cauca,"Actividades artísticas, entretenimiento, recreación y otras actividades de servicios",42.297
2024,Cauca,"Actividades artísticas, entretenimiento, recreación y otras actividades de servicios",51.076
2025,Cauca,"Actividades artísticas, entretenimiento, recreación y otras actividades de servicios",41.678
2015,Cesar,Total ocupados,426.60540000000003
2016,Cesar,Total ocupados,419.48155599999996
2017,Cesar,Total ocupados,453.36935
2018,Cesar,Total ocupados,440.319631
2019,Cesar,Total ocupados,456.37436599999995
2020,Cesar,Total ocupados,408.278092
2021,Cesar,Total ocupados,455.479
2022,Cesar,Total ocupados,474.371
2023,Cesar,Total ocupados,510.713
2024,Cesar,Total ocupados,516.378
2025,Cesar,Total ocupados,535.542
2015,Cesar,No informa,0.0
2016,Cesar,No informa,0.15554400000000002
2017,Cesar,No informa,0.049497
2018,Cesar,No informa,0.0
2019,Cesar,No informa,0.0
2020,Cesar,No informa,0.0
2021,Cesar,No informa,0.175
2022,Cesar,No informa,0.111
2023,Cesar,No informa,0.273
2024,Cesar,No informa,0.276
2025,Cesar,No informa,0.0
2015,Cesar,"Agricultura, ganadería, caza, silvicultura y pesca",71.468701
2016,Cesar,"Agricultura, ganadería, caza, silvicultura y pesca",72.672102
2017,Cesar,"Agricultura, ganadería, caza, silvicultura y pesca",77.219267
2018,Cesar,"Agricultura, ganadería, caza, silvicultura y pesca",77.056747
2019,Cesar,"Agricultura, ganadería, caza, silvicultura y pesca",83.103264
2020,Cesar,"Agricultura, ganadería, caza, silvicultura y pesca",80.139671
2021,Cesar,"Agricultura, ganadería, caza, silvicultura y pesca",79.133
2022,Cesar,"Agricultura, ganadería, caza, silvicultura y pesca",69.838
2023,Cesar,"Agricultura, ganadería, caza, silvicultura y pesca",84.992
2024,Cesar,"Agricultura, ganadería, caza, silvicultura y pesca",85.437
2025,Cesar,"Agricultura, ganadería, caza, silvicultura y pesca",82.775
2015,Cesar,Explotación de minas y canteras,6.206601
2016,Cesar,Explotación de minas y canteras,4.216933
2017,Cesar,Explotación de minas y canteras,6.098624
2018,Cesar,Explotación de minas y canteras,6.009777
2019,Cesar,Explotación de minas y canteras,4.591399999999999
2020,Cesar,Explotación de minas y canteras,3.232996
2021,Cesar,Explotación de minas y canteras,3.789
2022,Cesar,Explotación de minas y canteras,6.327
2023,Cesar,Explotación de minas y canteras,7.349
2024,Cesar,Explotación de minas y canteras,7.314
2025,Cesar,Explotación de minas y canteras,8.375
2015,Cesar,Industrias manufactureras,30.586014
2016,Cesar,Industrias manufactureras,28.261126
2017,Cesar,Industrias manufactureras,34.589278
2018,Cesar,Industrias manufactureras,36.963874000000004
2019,Cesar,Industrias manufactureras,35.700549
2020,Cesar,Industrias manufactureras,27.740093
2021,Cesar,Industrias manufactureras,26.676
2022,Cesar,Industrias manufactureras,29.553
2023,Cesar,Industrias manufactureras,35.186
2024,Cesar,Industrias manufactureras,33.772
2025,Cesar,Industrias manufactureras,34.135
2015,Cesar,"Suministro de electricidad, gas, agua y gestión de desechos",2.982093
2016,Cesar,"Suministro de electricidad, gas, agua y gestión de desechos",3.512457
2017,Cesar,"Suministro de electricidad, gas, agua y gestión de desechos",2.889202
2018,Cesar,"Suministro de electricidad, gas, agua y gestión de desechos",4.1207259999999994
2019,Cesar,"Suministro de electricidad, gas, agua y gestión de desechos",3.636249
2020,Cesar,"Suministro de electricidad, gas, agua y gestión de desechos",4.91578
2021,Cesar,"Suministro de electricidad, gas, agua y gestión de desechos",5.066
2022,Cesar,"Suministro de electricidad, gas, agua y gestión de desechos",8.139
2023,Cesar,"Suministro de electricidad, gas, agua y gestión de desechos",6.198
2024,Cesar,"Suministro de electricidad, gas, agua y gestión de desechos",8.364
2025,Cesar,"Suministro de electricidad, gas, agua y gestión de desechos",7.691
2015,Cesar,Construcción,37.802929
2016,Cesar,Construcción,35.450881
2017,Cesar,Construcción,35.131394
2018,Cesar,Construcción,31.000003
2019,Cesar,Construcción,31.404837
2020,Cesar,Construcción,31.42808
2021,Cesar,Construcción,41.992
2022,Cesar,Construcción,41.955
2023,Cesar,Construcción,40.496
2024,Cesar,Construcción,42.272
2025,Cesar,Construcción,43.988
2015,Cesar,Comercio y reparación de vehículos,86.942474
2016,Cesar,Comercio y reparación de vehículos,84.731994
2017,Cesar,Comercio y reparación de vehículos,94.32301600000001
2018,Cesar,Comercio y reparación de vehículos,92.510864
2019,Cesar,Comercio y reparación de vehículos,92.115369
2020,Cesar,Comercio y reparación de vehículos,86.968062
2021,Cesar,Comercio y reparación de vehículos,96.597
2022,Cesar,Comercio y reparación de vehículos,97.016
2023,Cesar,Comercio y reparación de vehículos,103.631
2024,Cesar,Comercio y reparación de vehículos,104.654
2025,Cesar,Comercio y reparación de vehículos,107.636
2015,Cesar,Alojamiento y servicios de comida,37.39949
2016,Cesar,Alojamiento y servicios de comida,34.600195
2017,Cesar,Alojamiento y servicios de comida,35.630078999999995
2018,Cesar,Alojamiento y servicios de comida,33.728616
2019,Cesar,Alojamiento y servicios de comida,40.309439
2020,Cesar,Alojamiento y servicios de comida,32.917096
2021,Cesar,Alojamiento y servicios de comida,33.55
2022,Cesar,Alojamiento y servicios de comida,35.51
2023,Cesar,Alojamiento y servicios de comida,38.393
2024,Cesar,Alojamiento y servicios de comida,43.816
2025,Cesar,Alojamiento y servicios de comida,47.652
2015,Cesar,Transporte y almacenamiento,38.188717
2016,Cesar,Transporte y almacenamiento,36.952428
2017,Cesar,Transporte y almacenamiento,39.762252000000004
2018,Cesar,Transporte y almacenamiento,38.59854
2019,Cesar,Transporte y almacenamiento,37.142461000000004
2020,Cesar,Transporte y almacenamiento,33.940110999999995
2021,Cesar,Transporte y almacenamiento,43.524
2022,Cesar,Transporte y almacenamiento,47.065
2023,Cesar,Transporte y almacenamiento,46.918
2024,Cesar,Transporte y almacenamiento,43.771
2025,Cesar,Transporte y almacenamiento,45.697
2015,Cesar,Información y comunicaciones,8.572915
2016,Cesar,Información y comunicaciones,6.790886
2017,Cesar,Información y comunicaciones,6.699242
2018,Cesar,Información y comunicaciones,5.744862
2019,Cesar,Información y comunicaciones,5.621519
2020,Cesar,Información y comunicaciones,3.997604
2021,Cesar,Información y comunicaciones,4.045
2022,Cesar,Información y comunicaciones,4.54
2023,Cesar,Información y comunicaciones,4.024
2024,Cesar,Información y comunicaciones,3.572
2025,Cesar,Información y comunicaciones,4.111
2015,Cesar,Actividades financieras y de seguros,3.990295
2016,Cesar,Actividades financieras y de seguros,4.624871
2017,Cesar,Actividades financieras y de seguros,4.40782
2018,Cesar,Actividades financieras y de seguros,3.930468
2019,Cesar,Actividades financieras y de seguros,5.738707000000001
2020,Cesar,Actividades financieras y de seguros,3.053897
2021,Cesar,Actividades financieras y de seguros,5.064
2022,Cesar,Actividades financieras y de seguros,5.052
2023,Cesar,Actividades financieras y de seguros,7.533
2024,Cesar,Actividades financieras y de seguros,5.324
2025,Cesar,Actividades financieras y de seguros,6.578
2015,Cesar,Actividades inmobiliarias,1.15249
2016,Cesar,Actividades inmobiliarias,1.089278
2017,Cesar,Actividades inmobiliarias,0.939309
2018,Cesar,Actividades inmobiliarias,1.1898469999999999
2019,Cesar,Actividades inmobiliarias,1.2223979999999999
2020,Cesar,Actividades inmobiliarias,0.813528
2021,Cesar,Actividades inmobiliarias,1.264
2022,Cesar,Actividades inmobiliarias,1.171
2023,Cesar,Actividades inmobiliarias,1.149
2024,Cesar,Actividades inmobiliarias,1.511
2025,Cesar,Actividades inmobiliarias,1.78
2015,Cesar,"Actividades profesionales, científicas, técnicas y de servicios administrativos",14.771548000000001
2016,Cesar,"Actividades profesionales, científicas, técnicas y de servicios administrativos",18.512435
2017,Cesar,"Actividades profesionales, científicas, técnicas y de servicios administrativos",18.295789
2018,Cesar,"Actividades profesionales, científicas, técnicas y de servicios administrativos",18.131524000000002
2019,Cesar,"Actividades profesionales, científicas, técnicas y de servicios administrativos",17.894153
2020,Cesar,"Actividades profesionales, científicas, técnicas y de servicios administrativos",14.791625
2021,Cesar,"Actividades profesionales, científicas, técnicas y de servicios administrativos",20.037
2022,Cesar,"Actividades profesionales, científicas, técnicas y de servicios administrativos",23.297
2023,Cesar,"Actividades profesionales, científicas, técnicas y de servicios administrativos",24.254
2024,Cesar,"Actividades profesionales, científicas, técnicas y de servicios administrativos",25.591
2025,Cesar,"Actividades profesionales, científicas, técnicas y de servicios administrativos",24.841
2015,Cesar,"Administración pública y defensa, educación y atención de la salud humana",46.708005
2016,Cesar,"Administración pública y defensa, educación y atención de la salud humana",50.219885000000005
2017,Cesar,"Administración pública y defensa, educación y atención de la salud humana",56.247262
2018,Cesar,"Administración pública y defensa, educación y atención de la salud humana",51.473792
2019,Cesar,"Administración pública y defensa, educación y atención de la salud humana",55.621018
2020,Cesar,"Administración pública y defensa, educación y atención de la salud humana",47.110731
2021,Cesar,"Administración pública y defensa, educación y atención de la salud humana",48.999
2022,Cesar,"Administración pública y defensa, educación y atención de la salud humana",58.87
2023,Cesar,"Administración pública y defensa, educación y atención de la salud humana",58.642
2024,Cesar,"Administración pública y defensa, educación y atención de la salud humana",57.793
2025,Cesar,"Administración pública y defensa, educación y atención de la salud humana",64.218
2015,Cesar,"Actividades artísticas, entretenimiento, recreación y otras actividades de servicios",39.83313
2016,Cesar,"Actividades artísticas, entretenimiento, recreación y otras actividades de servicios",37.69054
2017,Cesar,"Actividades artísticas, entretenimiento, recreación y otras actividades de servicios",41.08732
2018,Cesar,"Actividades artísticas, entretenimiento, recreación y otras actividades de servicios",39.859991
2019,Cesar,"Actividades artísticas, entretenimiento, recreación y otras actividades de servicios",42.273002999999996
2020,Cesar,"Actividades artísticas, entretenimiento, recreación y otras actividades de servicios",37.228818
2021,Cesar,"Actividades artísticas, entretenimiento, recreación y otras actividades de servicios",45.569
2022,Cesar,"Actividades artísticas, entretenimiento, recreación y otras actividades de servicios",45.929
2023,Cesar,"Actividades artísticas, entretenimiento, recreación y otras actividades de servicios",51.674
2024,Cesar,"Actividades artísticas, entretenimiento, recreación y otras actividades de servicios",52.911
2025,Cesar,"Actividades artísticas, entretenimiento, recreación y otras actividades de servicios",56.064
2015,Chocó,Total ocupados,175.063364
2016,Chocó,Total ocupados,191.476562
2017,Chocó,Total ocupados,199.555138
2018,Chocó,Total ocupados,200.80613
2019,Chocó,Total ocupados,174.88974900000002
2020,Chocó,Total ocupados,154.560248
2021,Chocó,Total ocupados,136.14
2022,Chocó,Total ocupados,143.251
2023,Chocó,Total ocupados,126.754
2024,Chocó,Total ocupados,120.712
2025,Chocó,Total ocupados,133.61
2015,Chocó,No informa,0.0
2016,Chocó,No informa,0.0
2017,Chocó,No informa,0.053853
2018,Chocó,No informa,0.006508
2019,Chocó,No informa,0.0
2020,Chocó,No informa,0.0
2021,Chocó,No informa,0.027
2022,Chocó,No informa,0.003
2023,Chocó,No informa,0.083
2024,Chocó,No informa,0.0
2025,Chocó,No informa,0.0
2015,Chocó,"Agricultura, ganadería, caza, silvicultura y pesca",54.32714
2016,Chocó,"Agricultura, ganadería, caza, silvicultura y pesca",51.684081
2017,Chocó,"Agricultura, ganadería, caza, silvicultura y pesca",63.548644
2018,Chocó,"Agricultura, ganadería, caza, silvicultura y pesca",69.591158
2019,Chocó,"Agricultura, ganadería, caza, silvicultura y pesca",51.004446
2020,Chocó,"Agricultura, ganadería, caza, silvicultura y pesca",40.05001600000001
2021,Chocó,"Agricultura, ganadería, caza, silvicultura y pesca",39.638
2022,Chocó,"Agricultura, ganadería, caza, silvicultura y pesca",32.072
2023,Chocó,"Agricultura, ganadería, caza, silvicultura y pesca",31.322
2024,Chocó,"Agricultura, ganadería, caza, silvicultura y pesca",25.61
2025,Chocó,"Agricultura, ganadería, caza, silvicultura y pesca",30.079
2015,Chocó,Explotación de minas y canteras,16.573755000000002
2016,Chocó,Explotación de minas y canteras,24.695438
2017,Chocó,Explotación de minas y canteras,22.439275000000002
2018,Chocó,Explotación de minas y canteras,24.115607
2019,Chocó,Explotación de minas y canteras,14.71097
2020,Chocó,Explotación de minas y canteras,17.031931
2021,Chocó,Explotación de minas y canteras,15.109
2022,Chocó,Explotación de minas y canteras,17.065
2023,Chocó,Explotación de minas y canteras,14.13
2024,Chocó,Explotación de minas y canteras,16.952
2025,Chocó,Explotación de minas y canteras,19.981
2015,Chocó,Industrias manufactureras,5.720015999999999
2016,Chocó,Industrias manufactureras,5.73295
2017,Chocó,Industrias manufactureras,5.0385230000000005
2018,Chocó,Industrias manufactureras,5.670991
2019,Chocó,Industrias manufactureras,6.564712
2020,Chocó,Industrias manufactureras,5.5706549999999995
2021,Chocó,Industrias manufactureras,4.213
2022,Chocó,Industrias manufactureras,6.384
2023,Chocó,Industrias manufactureras,4.705
2024,Chocó,Industrias manufactureras,2.966
2025,Chocó,Industrias manufactureras,5.108
2015,Chocó,"Suministro de electricidad, gas, agua y gestión de desechos",1.410277
2016,Chocó,"Suministro de electricidad, gas, agua y gestión de desechos",1.342556
2017,Chocó,"Suministro de electricidad, gas, agua y gestión de desechos",1.596055
2018,Chocó,"Suministro de electricidad, gas, agua y gestión de desechos",1.852657
2019,Chocó,"Suministro de electricidad, gas, agua y gestión de desechos",1.230781
2020,Chocó,"Suministro de electricidad, gas, agua y gestión de desechos",1.594999
2021,Chocó,"Suministro de electricidad, gas, agua y gestión de desechos",1.561
2022,Chocó,"Suministro de electricidad, gas, agua y gestión de desechos",1.033
2023,Chocó,"Suministro de electricidad, gas, agua y gestión de desechos",1.239
2024,Chocó,"Suministro de electricidad, gas, agua y gestión de desechos",0.703
2025,Chocó,"Suministro de electricidad, gas, agua y gestión de desechos",0.849
2015,Chocó,Construcción,10.879001
2016,Chocó,Construcción,12.020455
2017,Chocó,Construcción,11.455546
2018,Chocó,Construcción,10.139445
2019,Chocó,Construcción,11.314179
2020,Chocó,Construcción,9.044709999999998
2021,Chocó,Construcción,9.32
2022,Chocó,Construcción,10.879
2023,Chocó,Construcción,9.039
2024,Chocó,Construcción,9.533
2025,Chocó,Construcción,9.659
2015,Chocó,Comercio y reparación de vehículos,25.38427
2016,Chocó,Comercio y reparación de vehículos,27.573879
2017,Chocó,Comercio y reparación de vehículos,29.288274
2018,Chocó,Comercio y reparación de vehículos,24.357651
2019,Chocó,Comercio y reparación de vehículos,27.109779
2020,Chocó,Comercio y reparación de vehículos,24.200042
2021,Chocó,Comercio y reparación de vehículos,17.546
2022,Chocó,Comercio y reparación de vehículos,23.202
2023,Chocó,Comercio y reparación de vehículos,19.305
2024,Chocó,Comercio y reparación de vehículos,18.31
2025,Chocó,Comercio y reparación de vehículos,17.259
2015,Chocó,Alojamiento y servicios de comida,8.277715
2016,Chocó,Alojamiento y servicios de comida,9.902094
2017,Chocó,Alojamiento y servicios de comida,8.776137
2018,Chocó,Alojamiento y servicios de comida,7.467324
2019,Chocó,Alojamiento y servicios de comida,7.550975
2020,Chocó,Alojamiento y servicios de comida,7.154296
2021,Chocó,Alojamiento y servicios de comida,7.493
2022,Chocó,Alojamiento y servicios de comida,7.851
2023,Chocó,Alojamiento y servicios de comida,5.385
2024,Chocó,Alojamiento y servicios de comida,7.131
2025,Chocó,Alojamiento y servicios de comida,7.812
2015,Chocó,Transporte y almacenamiento,8.587749
2016,Chocó,Transporte y almacenamiento,9.598602000000001
2017,Chocó,Transporte y almacenamiento,10.472897000000001
2018,Chocó,Transporte y almacenamiento,11.430171
2019,Chocó,Transporte y almacenamiento,11.911807000000001
2020,Chocó,Transporte y almacenamiento,9.607476
2021,Chocó,Transporte y almacenamiento,9.137
2022,Chocó,Transporte y almacenamiento,9.524
2023,Chocó,Transporte y almacenamiento,8.761
2024,Chocó,Transporte y almacenamiento,9.269
2025,Chocó,Transporte y almacenamiento,10.056
2015,Chocó,Información y comunicaciones,2.0242
2016,Chocó,Información y comunicaciones,2.023299
2017,Chocó,Información y comunicaciones,1.56409
2018,Chocó,Información y comunicaciones,1.25528
2019,Chocó,Información y comunicaciones,1.05899
2020,Chocó,Información y comunicaciones,0.60168
2021,Chocó,Información y comunicaciones,0.69
2022,Chocó,Información y comunicaciones,0.335
2023,Chocó,Información y comunicaciones,0.562
2024,Chocó,Información y comunicaciones,0.506
2025,Chocó,Información y comunicaciones,0.629
2015,Chocó,Actividades financieras y de seguros,0.4511
2016,Chocó,Actividades financieras y de seguros,0.836491
2017,Chocó,Actividades financieras y de seguros,0.808115
2018,Chocó,Actividades financieras y de seguros,0.62734
2019,Chocó,Actividades financieras y de seguros,0.751191
2020,Chocó,Actividades financieras y de seguros,0.905969
2021,Chocó,Actividades financieras y de seguros,0.73
2022,Chocó,Actividades financieras y de seguros,0.494
2023,Chocó,Actividades financieras y de seguros,0.923
2024,Chocó,Actividades financieras y de seguros,0.633
2025,Chocó,Actividades financieras y de seguros,0.76
2015,Chocó,Actividades inmobiliarias,0.050824
2016,Chocó,Actividades inmobiliarias,0.079318
2017,Chocó,Actividades inmobiliarias,0.066765
2018,Chocó,Actividades inmobiliarias,0.064648
2019,Chocó,Actividades inmobiliarias,0.059736
2020,Chocó,Actividades inmobiliarias,0.029873
2021,Chocó,Actividades inmobiliarias,0.045
2022,Chocó,Actividades inmobiliarias,0.047
2023,Chocó,Actividades inmobiliarias,0.073
2024,Chocó,Actividades inmobiliarias,0.133
2025,Chocó,Actividades inmobiliarias,0.028
2015,Chocó,"Actividades profesionales, científicas, técnicas y de servicios administrativos",3.160401
2016,Chocó,"Actividades profesionales, científicas, técnicas y de servicios administrativos",3.114709
2017,Chocó,"Actividades profesionales, científicas, técnicas y de servicios administrativos",3.662254
2018,Chocó,"Actividades profesionales, científicas, técnicas y de servicios administrativos",3.736597
2019,Chocó,"Actividades profesionales, científicas, técnicas y de servicios administrativos",4.448582999999999
2020,Chocó,"Actividades profesionales, científicas, técnicas y de servicios administrativos",3.3584479999999997
2021,Chocó,"Actividades profesionales, científicas, técnicas y de servicios administrativos",2.924
2022,Chocó,"Actividades profesionales, científicas, técnicas y de servicios administrativos",1.91
2023,Chocó,"Actividades profesionales, científicas, técnicas y de servicios administrativos",2.61
2024,Chocó,"Actividades profesionales, científicas, técnicas y de servicios administrativos",2.298
2025,Chocó,"Actividades profesionales, científicas, técnicas y de servicios administrativos",2.668
2015,Chocó,"Administración pública y defensa, educación y atención de la salud humana",26.26055
2016,Chocó,"Administración pública y defensa, educación y atención de la salud humana",30.204758
2017,Chocó,"Administración pública y defensa, educación y atención de la salud humana",25.901155
2018,Chocó,"Administración pública y defensa, educación y atención de la salud humana",27.443841
2019,Chocó,"Administración pública y defensa, educación y atención de la salud humana",26.077565
2020,Chocó,"Administración pública y defensa, educación y atención de la salud humana",22.574904999999998
2021,Chocó,"Administración pública y defensa, educación y atención de la salud humana",19.194
2022,Chocó,"Administración pública y defensa, educación y atención de la salud humana",22.646
2023,Chocó,"Administración pública y defensa, educación y atención de la salud humana",17.751
2024,Chocó,"Administración pública y defensa, educación y atención de la salud humana",16.55
2025,Chocó,"Administración pública y defensa, educación y atención de la salud humana",19.108
2015,Chocó,"Actividades artísticas, entretenimiento, recreación y otras actividades de servicios",11.956366
2016,Chocó,"Actividades artísticas, entretenimiento, recreación y otras actividades de servicios",12.667929
2017,Chocó,"Actividades artísticas, entretenimiento, recreación y otras actividades de servicios",14.883553
2018,Chocó,"Actividades artísticas, entretenimiento, recreación y otras actividades de servicios",13.046914000000001
2019,Chocó,"Actividades artísticas, entretenimiento, recreación y otras actividades de servicios",11.096034
2020,Chocó,"Actividades artísticas, entretenimiento, recreación y otras actividades de servicios",12.835246999999999
2021,Chocó,"Actividades artísticas, entretenimiento, recreación y otras actividades de servicios",8.512
2022,Chocó,"Actividades artísticas, entretenimiento, recreación y otras actividades de servicios",9.806
2023,Chocó,"Actividades artísticas, entretenimiento, recreación y otras actividades de servicios",10.865
2024,Chocó,"Actividades artísticas, entretenimiento, recreación y otras actividades de servicios",10.118
2025,Chocó,"Actividades artísticas, entretenimiento, recreación y otras actividades de servicios",9.613
2015,Córdoba,Total ocupados,818.452487
2016,Córdoba,Total ocupados,789.984235
2017,Córdoba,Total ocupados,829.920105
2018,Córdoba,Total ocupados,850.3053739999999
2019,Córdoba,Total ocupados,826.790706
2020,Córdoba,Total ocupados,740.053092
2021,Córdoba,Total ocupados,736.131
2022,Córdoba,Total ocupados,740.792
2023,Córdoba,Total ocupados,765.442
2024,Córdoba,Total ocupados,809.136
2025,Córdoba,Total ocupados,818.505
2015,Córdoba,No informa,0.17006800000000002
2016,Córdoba,No informa,0.0
2017,Córdoba,No informa,0.304993
2018,Córdoba,No informa,0.011721
2019,Córdoba,No informa,0.0
2020,Córdoba,No informa,0.01623
2021,Córdoba,No informa,0.144
2022,Córdoba,No informa,0.0
2023,Córdoba,No informa,0.0
2024,Córdoba,No informa,0.0
2025,Córdoba,No informa,0.0
2015,Córdoba,"Agricultura, ganadería, caza, silvicultura y pesca",225.34393
2016,Córdoba,"Agricultura, ganadería, caza, silvicultura y pesca",220.21393
2017,Córdoba,"Agricultura, ganadería, caza, silvicultura y pesca",250.075019
2018,Córdoba,"Agricultura, ganadería, caza, silvicultura y pesca",260.97783799999996
2019,Córdoba,"Agricultura, ganadería, caza, silvicultura y pesca",244.10576500000002
2020,Córdoba,"Agricultura, ganadería, caza, silvicultura y pesca",204.872567
2021,Córdoba,"Agricultura, ganadería, caza, silvicultura y pesca",185.897
2022,Córdoba,"Agricultura, ganadería, caza, silvicultura y pesca",172.213
2023,Córdoba,"Agricultura, ganadería, caza, silvicultura y pesca",151.194
2024,Córdoba,"Agricultura, ganadería, caza, silvicultura y pesca",171.078
2025,Córdoba,"Agricultura, ganadería, caza, silvicultura y pesca",184.917
2015,Córdoba,Explotación de minas y canteras,7.958848
2016,Córdoba,Explotación de minas y canteras,3.466143
2017,Córdoba,Explotación de minas y canteras,2.972741
2018,Córdoba,Explotación de minas y canteras,4.375377
2019,Córdoba,Explotación de minas y canteras,4.730974
2020,Córdoba,Explotación de minas y canteras,7.097792
2021,Córdoba,Explotación de minas y canteras,7.404
2022,Córdoba,Explotación de minas y canteras,8.897
2023,Córdoba,Explotación de minas y canteras,5.689
2024,Córdoba,Explotación de minas y canteras,7.396
2025,Córdoba,Explotación de minas y canteras,11.254
2015,Córdoba,Industrias manufactureras,86.321278
2016,Córdoba,Industrias manufactureras,69.365171
2017,Córdoba,Industrias manufactureras,90.611636
2018,Córdoba,Industrias manufactureras,83.31381
2019,Córdoba,Industrias manufactureras,82.955489
2020,Córdoba,Industrias manufactureras,70.602197
2021,Córdoba,Industrias manufactureras,86.413
2022,Córdoba,Industrias manufactureras,75.026
2023,Córdoba,Industrias manufactureras,76.168
2024,Córdoba,Industrias manufactureras,79.842
2025,Córdoba,Industrias manufactureras,77.559
2015,Córdoba,"Suministro de electricidad, gas, agua y gestión de desechos",4.053412
2016,Córdoba,"Suministro de electricidad, gas, agua y gestión de desechos",5.296498
2017,Córdoba,"Suministro de electricidad, gas, agua y gestión de desechos",6.019137
2018,Córdoba,"Suministro de electricidad, gas, agua y gestión de desechos",4.920057
2019,Córdoba,"Suministro de electricidad, gas, agua y gestión de desechos",8.180289
2020,Córdoba,"Suministro de electricidad, gas, agua y gestión de desechos",3.8912970000000002
2021,Córdoba,"Suministro de electricidad, gas, agua y gestión de desechos",6.533
2022,Córdoba,"Suministro de electricidad, gas, agua y gestión de desechos",7.278
2023,Córdoba,"Suministro de electricidad, gas, agua y gestión de desechos",8.564
2024,Córdoba,"Suministro de electricidad, gas, agua y gestión de desechos",7.305
2025,Córdoba,"Suministro de electricidad, gas, agua y gestión de desechos",7.574
2015,Córdoba,Construcción,50.628913999999995
2016,Córdoba,Construcción,49.560219
2017,Córdoba,Construcción,42.579675
2018,Córdoba,Construcción,41.631
2019,Córdoba,Construcción,45.74797
2020,Córdoba,Construcción,42.66398
2021,Córdoba,Construcción,52.313
2022,Córdoba,Construcción,44.496
2023,Córdoba,Construcción,50.767
2024,Córdoba,Construcción,47.748
2025,Córdoba,Construcción,58.036
2015,Córdoba,Comercio y reparación de vehículos,133.48321900000002
2016,Córdoba,Comercio y reparación de vehículos,147.49506599999998
2017,Córdoba,Comercio y reparación de vehículos,142.997027
2018,Córdoba,Comercio y reparación de vehículos,143.65412
2019,Córdoba,Comercio y reparación de vehículos,139.62925399999997
2020,Córdoba,Comercio y reparación de vehículos,133.271363
2021,Córdoba,Comercio y reparación de vehículos,124.668
2022,Córdoba,Comercio y reparación de vehículos,137.081
2023,Córdoba,Comercio y reparación de vehículos,137.467
2024,Córdoba,Comercio y reparación de vehículos,146.602
2025,Córdoba,Comercio y reparación de vehículos,138.169
2015,Córdoba,Alojamiento y servicios de comida,61.430919
2016,Córdoba,Alojamiento y servicios de comida,53.987507
2017,Córdoba,Alojamiento y servicios de comida,46.194064
2018,Córdoba,Alojamiento y servicios de comida,51.074561
2019,Córdoba,Alojamiento y servicios de comida,58.186397
2020,Córdoba,Alojamiento y servicios de comida,66.63459
2021,Córdoba,Alojamiento y servicios de comida,40.908
2022,Córdoba,Alojamiento y servicios de comida,54.521
2023,Córdoba,Alojamiento y servicios de comida,61.495
2024,Córdoba,Alojamiento y servicios de comida,65.427
2025,Córdoba,Alojamiento y servicios de comida,70.363
2015,Córdoba,Transporte y almacenamiento,71.36611900000001
2016,Córdoba,Transporte y almacenamiento,63.049862000000005
2017,Córdoba,Transporte y almacenamiento,62.531365
2018,Córdoba,Transporte y almacenamiento,62.387080000000005
2019,Córdoba,Transporte y almacenamiento,53.245754
2020,Córdoba,Transporte y almacenamiento,55.175294
2021,Córdoba,Transporte y almacenamiento,53.107
2022,Córdoba,Transporte y almacenamiento,61.119
2023,Córdoba,Transporte y almacenamiento,61.614
2024,Córdoba,Transporte y almacenamiento,55.546
2025,Córdoba,Transporte y almacenamiento,68.94
2015,Córdoba,Información y comunicaciones,9.269577
2016,Córdoba,Información y comunicaciones,9.343729
2017,Córdoba,Información y comunicaciones,9.175165000000002
2018,Córdoba,Información y comunicaciones,9.039435
2019,Córdoba,Información y comunicaciones,6.466278
2020,Córdoba,Información y comunicaciones,3.394285
2021,Córdoba,Información y comunicaciones,4.374
2022,Córdoba,Información y comunicaciones,3.515
2023,Córdoba,Información y comunicaciones,3.683
2024,Córdoba,Información y comunicaciones,5.155
2025,Córdoba,Información y comunicaciones,6.122
2015,Córdoba,Actividades financieras y de seguros,5.344842
2016,Córdoba,Actividades financieras y de seguros,5.666522
2017,Córdoba,Actividades financieras y de seguros,6.015409
2018,Córdoba,Actividades financieras y de seguros,6.523474
2019,Córdoba,Actividades financieras y de seguros,5.784958
2020,Córdoba,Actividades financieras y de seguros,4.729072
2021,Córdoba,Actividades financieras y de seguros,4.766
2022,Córdoba,Actividades financieras y de seguros,6.131
2023,Córdoba,Actividades financieras y de seguros,7.221
2024,Córdoba,Actividades financieras y de seguros,7.53
2025,Córdoba,Actividades financieras y de seguros,7.109
2015,Córdoba,Actividades inmobiliarias,1.365496
2016,Córdoba,Actividades inmobiliarias,1.297662
2017,Córdoba,Actividades inmobiliarias,1.841453
2018,Córdoba,Actividades inmobiliarias,2.3620010000000002
2019,Córdoba,Actividades inmobiliarias,2.606183
2020,Córdoba,Actividades inmobiliarias,1.7942690000000001
2021,Córdoba,Actividades inmobiliarias,3.356
2022,Córdoba,Actividades inmobiliarias,1.459
2023,Córdoba,Actividades inmobiliarias,1.708
2024,Córdoba,Actividades inmobiliarias,2.738
2025,Córdoba,Actividades inmobiliarias,2.293
2015,Córdoba,"Actividades profesionales, científicas, técnicas y de servicios administrativos",21.896284
2016,Córdoba,"Actividades profesionales, científicas, técnicas y de servicios administrativos",17.856096
2017,Córdoba,"Actividades profesionales, científicas, técnicas y de servicios administrativos",19.691907
2018,Córdoba,"Actividades profesionales, científicas, técnicas y de servicios administrativos",21.838073
2019,Córdoba,"Actividades profesionales, científicas, técnicas y de servicios administrativos",20.316851999999997
2020,Córdoba,"Actividades profesionales, científicas, técnicas y de servicios administrativos",17.91104
2021,Córdoba,"Actividades profesionales, científicas, técnicas y de servicios administrativos",24.44
2022,Córdoba,"Actividades profesionales, científicas, técnicas y de servicios administrativos",23.162
2023,Córdoba,"Actividades profesionales, científicas, técnicas y de servicios administrativos",36.965
2024,Córdoba,"Actividades profesionales, científicas, técnicas y de servicios administrativos",37.327
2025,Córdoba,"Actividades profesionales, científicas, técnicas y de servicios administrativos",33.189
2015,Córdoba,"Administración pública y defensa, educación y atención de la salud humana",64.518815
2016,Córdoba,"Administración pública y defensa, educación y atención de la salud humana",70.816061
2017,Córdoba,"Administración pública y defensa, educación y atención de la salud humana",75.069321
2018,Córdoba,"Administración pública y defensa, educación y atención de la salud humana",70.394243
2019,Córdoba,"Administración pública y defensa, educación y atención de la salud humana",73.41469599999999
2020,Córdoba,"Administración pública y defensa, educación y atención de la salud humana",63.403467
2021,Córdoba,"Administración pública y defensa, educación y atención de la salud humana",68.676
2022,Córdoba,"Administración pública y defensa, educación y atención de la salud humana",69.473
2023,Córdoba,"Administración pública y defensa, educación y atención de la salud humana",80.46
2024,Córdoba,"Administración pública y defensa, educación y atención de la salud humana",81.698
2025,Córdoba,"Administración pública y defensa, educación y atención de la salud humana",76.36
2015,Córdoba,"Actividades artísticas, entretenimiento, recreación y otras actividades de servicios",75.30076600000001
2016,Córdoba,"Actividades artísticas, entretenimiento, recreación y otras actividades de servicios",72.569769
2017,Córdoba,"Actividades artísticas, entretenimiento, recreación y otras actividades de servicios",73.841193
2018,Córdoba,"Actividades artísticas, entretenimiento, recreación y otras actividades de servicios",87.80258599999999
2019,Córdoba,"Actividades artísticas, entretenimiento, recreación y otras actividades de servicios",81.419849
2020,Córdoba,"Actividades artísticas, entretenimiento, recreación y otras actividades de servicios",64.595647
2021,Córdoba,"Actividades artísticas, entretenimiento, recreación y otras actividades de servicios",73.133
2022,Córdoba,"Actividades artísticas, entretenimiento, recreación y otras actividades de servicios",76.421
2023,Córdoba,"Actividades artísticas, entretenimiento, recreación y otras actividades de servicios",82.446
2024,Córdoba,"Actividades artísticas, entretenimiento, recreación y otras actividades de servicios",93.746
2025,Córdoba,"Actividades artísticas, entretenimiento, recreación y otras actividades de servicios",76.62
2015,Cundinamarca,Total ocupados,1278.592266
2016,Cundinamarca,Total ocupados,1293.732935
2017,Cundinamarca,Total ocupados,1351.51623
2018,Cundinamarca,Total ocupados,1398.490995
2019,Cundinamarca,Total ocupados,1396.818517
2020,Cundinamarca,Total ocupados,1346.9741740000002
2021,Cundinamarca,Total ocupados,1436.234
2022,Cundinamarca,Total ocupados,1608.162
2023,Cundinamarca,Total ocupados,1667.838
2024,Cundinamarca,Total ocupados,1711.836
2025,Cundinamarca,Total ocupados,1874.681
2015,Cundinamarca,No informa,0.0
2016,Cundinamarca,No informa,0.0
2017,Cundinamarca,No informa,0.0
2018,Cundinamarca,No informa,0.0
2019,Cundinamarca,No informa,0.0
2020,Cundinamarca,No informa,0.202203
2021,Cundinamarca,No informa,1.632
2022,Cundinamarca,No informa,0.044
2023,Cundinamarca,No informa,0.142
2024,Cundinamarca,No informa,0.0
2025,Cundinamarca,No informa,0.0
2015,Cundinamarca,"Agricultura, ganadería, caza, silvicultura y pesca",264.626691
2016,Cundinamarca,"Agricultura, ganadería, caza, silvicultura y pesca",264.585906
2017,Cundinamarca,"Agricultura, ganadería, caza, silvicultura y pesca",270.790935
2018,Cundinamarca,"Agricultura, ganadería, caza, silvicultura y pesca",279.89714899999996
2019,Cundinamarca,"Agricultura, ganadería, caza, silvicultura y pesca",256.0799
2020,Cundinamarca,"Agricultura, ganadería, caza, silvicultura y pesca",258.415832
2021,Cundinamarca,"Agricultura, ganadería, caza, silvicultura y pesca",236.167
2022,Cundinamarca,"Agricultura, ganadería, caza, silvicultura y pesca",266.042
2023,Cundinamarca,"Agricultura, ganadería, caza, silvicultura y pesca",271.136
2024,Cundinamarca,"Agricultura, ganadería, caza, silvicultura y pesca",264.748
2025,Cundinamarca,"Agricultura, ganadería, caza, silvicultura y pesca",286.166
2015,Cundinamarca,Explotación de minas y canteras,2.800614
2016,Cundinamarca,Explotación de minas y canteras,3.8689780000000003
2017,Cundinamarca,Explotación de minas y canteras,5.876447
2018,Cundinamarca,Explotación de minas y canteras,1.458008
2019,Cundinamarca,Explotación de minas y canteras,3.781656
2020,Cundinamarca,Explotación de minas y canteras,5.555597
2021,Cundinamarca,Explotación de minas y canteras,16.984
2022,Cundinamarca,Explotación de minas y canteras,12.376
2023,Cundinamarca,Explotación de minas y canteras,16.788
2024,Cundinamarca,Explotación de minas y canteras,19.233
2025,Cundinamarca,Explotación de minas y canteras,16.866
2015,Cundinamarca,Industrias manufactureras,155.48464199999998
2016,Cundinamarca,Industrias manufactureras,155.33678700000002
2017,Cundinamarca,Industrias manufactureras,173.33773000000002
2018,Cundinamarca,Industrias manufactureras,166.38775099999998
2019,Cundinamarca,Industrias manufactureras,158.80004
2020,Cundinamarca,Industrias manufactureras,161.027309
2021,Cundinamarca,Industrias manufactureras,167.469
2022,Cundinamarca,Industrias manufactureras,183.053
2023,Cundinamarca,Industrias manufactureras,232.714
2024,Cundinamarca,Industrias manufactureras,224.092
2025,Cundinamarca,Industrias manufactureras,241.355
2015,Cundinamarca,"Suministro de electricidad, gas, agua y gestión de desechos",8.913156
2016,Cundinamarca,"Suministro de electricidad, gas, agua y gestión de desechos",8.522677999999999
2017,Cundinamarca,"Suministro de electricidad, gas, agua y gestión de desechos",9.879165
2018,Cundinamarca,"Suministro de electricidad, gas, agua y gestión de desechos",8.706331
2019,Cundinamarca,"Suministro de electricidad, gas, agua y gestión de desechos",13.707291999999999
2020,Cundinamarca,"Suministro de electricidad, gas, agua y gestión de desechos",14.868266
2021,Cundinamarca,"Suministro de electricidad, gas, agua y gestión de desechos",17.938
2022,Cundinamarca,"Suministro de electricidad, gas, agua y gestión de desechos",30.271
2023,Cundinamarca,"Suministro de electricidad, gas, agua y gestión de desechos",27.464
2024,Cundinamarca,"Suministro de electricidad, gas, agua y gestión de desechos",33.754
2025,Cundinamarca,"Suministro de electricidad, gas, agua y gestión de desechos",30.872
2015,Cundinamarca,Construcción,108.8943
2016,Cundinamarca,Construcción,110.293103
2017,Cundinamarca,Construcción,108.43793099999999
2018,Cundinamarca,Construcción,119.061737
2019,Cundinamarca,Construcción,114.080725
2020,Cundinamarca,Construcción,109.829295
2021,Cundinamarca,Construcción,103.375
2022,Cundinamarca,Construcción,139.358
2023,Cundinamarca,Construcción,126.687
2024,Cundinamarca,Construcción,123.352
2025,Cundinamarca,Construcción,126.331
2015,Cundinamarca,Comercio y reparación de vehículos,199.860819
2016,Cundinamarca,Comercio y reparación de vehículos,205.35037100000002
2017,Cundinamarca,Comercio y reparación de vehículos,227.644906
2018,Cundinamarca,Comercio y reparación de vehículos,235.52033600000001
2019,Cundinamarca,Comercio y reparación de vehículos,247.111639
2020,Cundinamarca,Comercio y reparación de vehículos,251.646675
2021,Cundinamarca,Comercio y reparación de vehículos,249.387
2022,Cundinamarca,Comercio y reparación de vehículos,260.379
2023,Cundinamarca,Comercio y reparación de vehículos,242.903
2024,Cundinamarca,Comercio y reparación de vehículos,270.623
2025,Cundinamarca,Comercio y reparación de vehículos,287.423
2015,Cundinamarca,Alojamiento y servicios de comida,91.635561
2016,Cundinamarca,Alojamiento y servicios de comida,91.048639
2017,Cundinamarca,Alojamiento y servicios de comida,95.880751
2018,Cundinamarca,Alojamiento y servicios de comida,101.910804
2019,Cundinamarca,Alojamiento y servicios de comida,104.116885
2020,Cundinamarca,Alojamiento y servicios de comida,89.544998
2021,Cundinamarca,Alojamiento y servicios de comida,89.107
2022,Cundinamarca,Alojamiento y servicios de comida,111.855
2023,Cundinamarca,Alojamiento y servicios de comida,101.413
2024,Cundinamarca,Alojamiento y servicios de comida,112.8
2025,Cundinamarca,Alojamiento y servicios de comida,127.558
2015,Cundinamarca,Transporte y almacenamiento,73.538761
2016,Cundinamarca,Transporte y almacenamiento,71.16822
2017,Cundinamarca,Transporte y almacenamiento,80.42771499999999
2018,Cundinamarca,Transporte y almacenamiento,88.46951399999999
2019,Cundinamarca,Transporte y almacenamiento,83.444212
2020,Cundinamarca,Transporte y almacenamiento,68.70715799999999
2021,Cundinamarca,Transporte y almacenamiento,86.677
2022,Cundinamarca,Transporte y almacenamiento,89.063
2023,Cundinamarca,Transporte y almacenamiento,110.841
2024,Cundinamarca,Transporte y almacenamiento,112.182
2025,Cundinamarca,Transporte y almacenamiento,123.713
2015,Cundinamarca,Información y comunicaciones,17.495771
2016,Cundinamarca,Información y comunicaciones,11.593339
2017,Cundinamarca,Información y comunicaciones,11.122414000000001
2018,Cundinamarca,Información y comunicaciones,12.469592
2019,Cundinamarca,Información y comunicaciones,16.213945
2020,Cundinamarca,Información y comunicaciones,13.016971999999999
2021,Cundinamarca,Información y comunicaciones,27.408
2022,Cundinamarca,Información y comunicaciones,33.088
2023,Cundinamarca,Información y comunicaciones,37.91
2024,Cundinamarca,Información y comunicaciones,37.116
2025,Cundinamarca,Información y comunicaciones,31.443
2015,Cundinamarca,Actividades financieras y de seguros,11.378527
2016,Cundinamarca,Actividades financieras y de seguros,12.518305
2017,Cundinamarca,Actividades financieras y de seguros,12.044116
2018,Cundinamarca,Actividades financieras y de seguros,5.278611
2019,Cundinamarca,Actividades financieras y de seguros,8.462596
2020,Cundinamarca,Actividades financieras y de seguros,12.05727
2021,Cundinamarca,Actividades financieras y de seguros,23.999
2022,Cundinamarca,Actividades financieras y de seguros,34.8
2023,Cundinamarca,Actividades financieras y de seguros,26.569
2024,Cundinamarca,Actividades financieras y de seguros,33.967
2025,Cundinamarca,Actividades financieras y de seguros,36.783
2015,Cundinamarca,Actividades inmobiliarias,20.778153999999997
2016,Cundinamarca,Actividades inmobiliarias,22.021408
2017,Cundinamarca,Actividades inmobiliarias,28.264506
2018,Cundinamarca,Actividades inmobiliarias,27.708334
2019,Cundinamarca,Actividades inmobiliarias,25.25739
2020,Cundinamarca,Actividades inmobiliarias,24.094411
2021,Cundinamarca,Actividades inmobiliarias,22.026
2022,Cundinamarca,Actividades inmobiliarias,22.893
2023,Cundinamarca,Actividades inmobiliarias,34.934
2024,Cundinamarca,Actividades inmobiliarias,31.266
2025,Cundinamarca,Actividades inmobiliarias,44.726
2015,Cundinamarca,"Actividades profesionales, científicas, técnicas y de servicios administrativos",64.829428
2016,Cundinamarca,"Actividades profesionales, científicas, técnicas y de servicios administrativos",69.48928
2017,Cundinamarca,"Actividades profesionales, científicas, técnicas y de servicios administrativos",78.165053
2018,Cundinamarca,"Actividades profesionales, científicas, técnicas y de servicios administrativos",75.05021400000001
2019,Cundinamarca,"Actividades profesionales, científicas, técnicas y de servicios administrativos",89.47760099999999
2020,Cundinamarca,"Actividades profesionales, científicas, técnicas y de servicios administrativos",73.38024899999999
2021,Cundinamarca,"Actividades profesionales, científicas, técnicas y de servicios administrativos",114.254
2022,Cundinamarca,"Actividades profesionales, científicas, técnicas y de servicios administrativos",117.635
2023,Cundinamarca,"Actividades profesionales, científicas, técnicas y de servicios administrativos",144.934
2024,Cundinamarca,"Actividades profesionales, científicas, técnicas y de servicios administrativos",119.103
2025,Cundinamarca,"Actividades profesionales, científicas, técnicas y de servicios administrativos",147.629
2015,Cundinamarca,"Administración pública y defensa, educación y atención de la salud humana",120.946712
2016,Cundinamarca,"Administración pública y defensa, educación y atención de la salud humana",140.351438
2017,Cundinamarca,"Administración pública y defensa, educación y atención de la salud humana",115.51498600000001
2018,Cundinamarca,"Administración pública y defensa, educación y atención de la salud humana",143.39513399999998
2019,Cundinamarca,"Administración pública y defensa, educación y atención de la salud humana",144.561791
2020,Cundinamarca,"Administración pública y defensa, educación y atención de la salud humana",132.01901199999998
2021,Cundinamarca,"Administración pública y defensa, educación y atención de la salud humana",174.131
2022,Cundinamarca,"Administración pública y defensa, educación y atención de la salud humana",184.83
2023,Cundinamarca,"Administración pública y defensa, educación y atención de la salud humana",173.942
2024,Cundinamarca,"Administración pública y defensa, educación y atención de la salud humana",197.579
2025,Cundinamarca,"Administración pública y defensa, educación y atención de la salud humana",231.843
2015,Cundinamarca,"Actividades artísticas, entretenimiento, recreación y otras actividades de servicios",137.40913
2016,Cundinamarca,"Actividades artísticas, entretenimiento, recreación y otras actividades de servicios",127.58448299999999
2017,Cundinamarca,"Actividades artísticas, entretenimiento, recreación y otras actividades de servicios",134.12957500000002
2018,Cundinamarca,"Actividades artísticas, entretenimiento, recreación y otras actividades de servicios",133.177481
2019,Cundinamarca,"Actividades artísticas, entretenimiento, recreación y otras actividades de servicios",131.722846
2020,Cundinamarca,"Actividades artísticas, entretenimiento, recreación y otras actividades de servicios",132.608925
2021,Cundinamarca,"Actividades artísticas, entretenimiento, recreación y otras actividades de servicios",105.68
2022,Cundinamarca,"Actividades artísticas, entretenimiento, recreación y otras actividades de servicios",122.474
2023,Cundinamarca,"Actividades artísticas, entretenimiento, recreación y otras actividades de servicios",119.46
2024,Cundinamarca,"Actividades artísticas, entretenimiento, recreación y otras actividades de servicios",132.021
2025,Cundinamarca,"Actividades artísticas, entretenimiento, recreación y otras actividades de servicios",141.974
2015,Huila,Total ocupados,441.752378
2016,Huila,Total ocupados,431.167439
2017,Huila,Total ocupados,424.212868
2018,Huila,Total ocupados,412.186065
2019,Huila,Total ocupados,417.579406
2020,Huila,Total ocupados,367.902776
2021,Huila,Total ocupados,394.864
2022,Huila,Total ocupados,448.721
2023,Huila,Total ocupados,460.494
2024,Huila,Total ocupados,473.41
2025,Huila,Total ocupados,458.02
2015,Huila,No informa,0.023999
2016,Huila,No informa,0.009061
2017,Huila,No informa,0.081724
2018,Huila,No informa,0.011927
2019,Huila,No informa,0.0
2020,Huila,No informa,0.206937
2021,Huila,No informa,0.183
2022,Huila,No informa,0.013
2023,Huila,No informa,0.011
2024,Huila,No informa,0.0
2025,Huila,No informa,0.0
2015,Huila,"Agricultura, ganadería, caza, silvicultura y pesca",148.345486
2016,Huila,"Agricultura, ganadería, caza, silvicultura y pesca",139.06766399999998
2017,Huila,"Agricultura, ganadería, caza, silvicultura y pesca",142.204307
2018,Huila,"Agricultura, ganadería, caza, silvicultura y pesca",136.235324
2019,Huila,"Agricultura, ganadería, caza, silvicultura y pesca",147.294309
2020,Huila,"Agricultura, ganadería, caza, silvicultura y pesca",135.20750099999998
2021,Huila,"Agricultura, ganadería, caza, silvicultura y pesca",145.904
2022,Huila,"Agricultura, ganadería, caza, silvicultura y pesca",159.313
2023,Huila,"Agricultura, ganadería, caza, silvicultura y pesca",168.019
2024,Huila,"Agricultura, ganadería, caza, silvicultura y pesca",163.968
2025,Huila,"Agricultura, ganadería, caza, silvicultura y pesca",171.872
2015,Huila,Explotación de minas y canteras,3.724259
2016,Huila,Explotación de minas y canteras,1.9914960000000002
2017,Huila,Explotación de minas y canteras,1.721498
2018,Huila,Explotación de minas y canteras,3.461094
2019,Huila,Explotación de minas y canteras,2.1460079999999997
2020,Huila,Explotación de minas y canteras,3.9379340000000003
2021,Huila,Explotación de minas y canteras,4.238
2022,Huila,Explotación de minas y canteras,3.829
2023,Huila,Explotación de minas y canteras,2.841
2024,Huila,Explotación de minas y canteras,2.667
2025,Huila,Explotación de minas y canteras,3.246
2015,Huila,Industrias manufactureras,27.569949
2016,Huila,Industrias manufactureras,23.771673
2017,Huila,Industrias manufactureras,23.76052
2018,Huila,Industrias manufactureras,24.729984
2019,Huila,Industrias manufactureras,24.886014
2020,Huila,Industrias manufactureras,20.153182
2021,Huila,Industrias manufactureras,17.665
2022,Huila,Industrias manufactureras,23.095
2023,Huila,Industrias manufactureras,24.433
2024,Huila,Industrias manufactureras,22.862
2025,Huila,Industrias manufactureras,21.14
2015,Huila,"Suministro de electricidad, gas, agua y gestión de desechos",5.180192
2016,Huila,"Suministro de electricidad, gas, agua y gestión de desechos",4.837886999999999
2017,Huila,"Suministro de electricidad, gas, agua y gestión de desechos",3.3094200000000003
2018,Huila,"Suministro de electricidad, gas, agua y gestión de desechos",4.462006000000001
2019,Huila,"Suministro de electricidad, gas, agua y gestión de desechos",4.5000219999999995
2020,Huila,"Suministro de electricidad, gas, agua y gestión de desechos",3.790337
2021,Huila,"Suministro de electricidad, gas, agua y gestión de desechos",3.893
2022,Huila,"Suministro de electricidad, gas, agua y gestión de desechos",5.219
2023,Huila,"Suministro de electricidad, gas, agua y gestión de desechos",5.243
2024,Huila,"Suministro de electricidad, gas, agua y gestión de desechos",4.776
2025,Huila,"Suministro de electricidad, gas, agua y gestión de desechos",4.627
2015,Huila,Construcción,28.495665000000002
2016,Huila,Construcción,27.011696
2017,Huila,Construcción,26.006014999999998
2018,Huila,Construcción,22.210313999999997
2019,Huila,Construcción,21.220846
2020,Huila,Construcción,20.470539000000002
2021,Huila,Construcción,38.994
2022,Huila,Construcción,32.688
2023,Huila,Construcción,37.373
2024,Huila,Construcción,29.443
2025,Huila,Construcción,35.519
2015,Huila,Comercio y reparación de vehículos,78.237825
2016,Huila,Comercio y reparación de vehículos,77.20224
2017,Huila,Comercio y reparación de vehículos,73.99902800000001
2018,Huila,Comercio y reparación de vehículos,74.658075
2019,Huila,Comercio y reparación de vehículos,73.019152
2020,Huila,Comercio y reparación de vehículos,60.522158000000005
2021,Huila,Comercio y reparación de vehículos,57.028
2022,Huila,Comercio y reparación de vehículos,69.387
2023,Huila,Comercio y reparación de vehículos,64.491
2024,Huila,Comercio y reparación de vehículos,75.567
2025,Huila,Comercio y reparación de vehículos,59.366
2015,Huila,Alojamiento y servicios de comida,26.007252
2016,Huila,Alojamiento y servicios de comida,28.712396000000002
2017,Huila,Alojamiento y servicios de comida,26.103804
2018,Huila,Alojamiento y servicios de comida,24.246735
2019,Huila,Alojamiento y servicios de comida,29.966641
2020,Huila,Alojamiento y servicios de comida,20.824735
2021,Huila,Alojamiento y servicios de comida,19.055
2022,Huila,Alojamiento y servicios de comida,27.84
2023,Huila,Alojamiento y servicios de comida,27.867
2024,Huila,Alojamiento y servicios de comida,36.77
2025,Huila,Alojamiento y servicios de comida,30.488
2015,Huila,Transporte y almacenamiento,24.099163
2016,Huila,Transporte y almacenamiento,23.401186000000003
2017,Huila,Transporte y almacenamiento,24.128947
2018,Huila,Transporte y almacenamiento,22.216052
2019,Huila,Transporte y almacenamiento,19.555546
2020,Huila,Transporte y almacenamiento,18.942355
2021,Huila,Transporte y almacenamiento,19.22
2022,Huila,Transporte y almacenamiento,20.976
2023,Huila,Transporte y almacenamiento,20.34
2024,Huila,Transporte y almacenamiento,23.292
2025,Huila,Transporte y almacenamiento,20.278
2015,Huila,Información y comunicaciones,5.193228
2016,Huila,Información y comunicaciones,4.283796000000001
2017,Huila,Información y comunicaciones,4.041125
2018,Huila,Información y comunicaciones,3.3907979999999998
2019,Huila,Información y comunicaciones,3.250366
2020,Huila,Información y comunicaciones,2.898603
2021,Huila,Información y comunicaciones,2.483
2022,Huila,Información y comunicaciones,3.369
2023,Huila,Información y comunicaciones,3.343
2024,Huila,Información y comunicaciones,3.99
2025,Huila,Información y comunicaciones,3.63
2015,Huila,Actividades financieras y de seguros,4.493059000000001
2016,Huila,Actividades financieras y de seguros,4.407129
2017,Huila,Actividades financieras y de seguros,4.733815
2018,Huila,Actividades financieras y de seguros,4.063105
2019,Huila,Actividades financieras y de seguros,4.074921
2020,Huila,Actividades financieras y de seguros,2.9959890000000002
2021,Huila,Actividades financieras y de seguros,3.438
2022,Huila,Actividades financieras y de seguros,6.671
2023,Huila,Actividades financieras y de seguros,5.373
2024,Huila,Actividades financieras y de seguros,5.317
2025,Huila,Actividades financieras y de seguros,3.826
2015,Huila,Actividades inmobiliarias,1.5903260000000001
2016,Huila,Actividades inmobiliarias,2.255384
2017,Huila,Actividades inmobiliarias,2.527628
2018,Huila,Actividades inmobiliarias,1.630344
2019,Huila,Actividades inmobiliarias,2.1746190000000003
2020,Huila,Actividades inmobiliarias,1.563003
2021,Huila,Actividades inmobiliarias,1.729
2022,Huila,Actividades inmobiliarias,1.573
2023,Huila,Actividades inmobiliarias,2.198
2024,Huila,Actividades inmobiliarias,2.843
2025,Huila,Actividades inmobiliarias,1.997
2015,Huila,"Actividades profesionales, científicas, técnicas y de servicios administrativos",19.095192
2016,Huila,"Actividades profesionales, científicas, técnicas y de servicios administrativos",18.792557000000002
2017,Huila,"Actividades profesionales, científicas, técnicas y de servicios administrativos",18.380677
2018,Huila,"Actividades profesionales, científicas, técnicas y de servicios administrativos",20.830231
2019,Huila,"Actividades profesionales, científicas, técnicas y de servicios administrativos",19.655182
2020,Huila,"Actividades profesionales, científicas, técnicas y de servicios administrativos",18.965441
2021,Huila,"Actividades profesionales, científicas, técnicas y de servicios administrativos",25.598
2022,Huila,"Actividades profesionales, científicas, técnicas y de servicios administrativos",25.337
2023,Huila,"Actividades profesionales, científicas, técnicas y de servicios administrativos",32.732
2024,Huila,"Actividades profesionales, científicas, técnicas y de servicios administrativos",33.583
2025,Huila,"Actividades profesionales, científicas, técnicas y de servicios administrativos",35.986
2015,Huila,"Administración pública y defensa, educación y atención de la salud humana",40.724513
2016,Huila,"Administración pública y defensa, educación y atención de la salud humana",47.395366
2017,Huila,"Administración pública y defensa, educación y atención de la salud humana",46.156766000000005
2018,Huila,"Administración pública y defensa, educación y atención de la salud humana",44.012368
2019,Huila,"Administración pública y defensa, educación y atención de la salud humana",39.827458
2020,Huila,"Administración pública y defensa, educación y atención de la salud humana",37.269627
2021,Huila,"Administración pública y defensa, educación y atención de la salud humana",36.569
2022,Huila,"Administración pública y defensa, educación y atención de la salud humana",43.833
2023,Huila,"Administración pública y defensa, educación y atención de la salud humana",43.132
2024,Huila,"Administración pública y defensa, educación y atención de la salud humana",44.807
2025,Huila,"Administración pública y defensa, educación y atención de la salud humana",42.63
2015,Huila,"Actividades artísticas, entretenimiento, recreación y otras actividades de servicios",28.97227
2016,Huila,"Actividades artísticas, entretenimiento, recreación y otras actividades de servicios",28.027909
2017,Huila,"Actividades artísticas, entretenimiento, recreación y otras actividades de servicios",27.057593
2018,Huila,"Actividades artísticas, entretenimiento, recreación y otras actividades de servicios",26.027708999999998
2019,Huila,"Actividades artísticas, entretenimiento, recreación y otras actividades de servicios",26.008322
2020,Huila,"Actividades artísticas, entretenimiento, recreación y otras actividades de servicios",20.154435000000003
2021,Huila,"Actividades artísticas, entretenimiento, recreación y otras actividades de servicios",18.866
2022,Huila,"Actividades artísticas, entretenimiento, recreación y otras actividades de servicios",25.577
2023,Huila,"Actividades artísticas, entretenimiento, recreación y otras actividades de servicios",23.099
2024,Huila,"Actividades artísticas, entretenimiento, recreación y otras actividades de servicios",23.524
2025,Huila,"Actividades artísticas, entretenimiento, recreación y otras actividades de servicios",23.416
2015,La Guajira,Total ocupados,387.654537
2016,La Guajira,Total ocupados,397.493286
2017,La Guajira,Total ocupados,440.288489
2018,La Guajira,Total ocupados,477.316875
2019,La Guajira,Total ocupados,481.20327299999997
2020,La Guajira,Total ocupados,443.16884100000004
2021,La Guajira,Total ocupados,449.291
2022,La Guajira,Total ocupados,413.584
2023,La Guajira,Total ocupados,365.513
2024,La Guajira,Total ocupados,373.753
2025,La Guajira,Total ocupados,387.849
2015,La Guajira,No informa,0.005742
2016,La Guajira,No informa,0.0
2017,La Guajira,No informa,0.003721
2018,La Guajira,No informa,0.0
2019,La Guajira,No informa,0.0
2020,La Guajira,No informa,0.041813
2021,La Guajira,No informa,0.031
2022,La Guajira,No informa,0.005
2023,La Guajira,No informa,0.019
2024,La Guajira,No informa,0.0
2025,La Guajira,No informa,0.0
2015,La Guajira,"Agricultura, ganadería, caza, silvicultura y pesca",70.85941199999999
2016,La Guajira,"Agricultura, ganadería, caza, silvicultura y pesca",67.27428900000001
2017,La Guajira,"Agricultura, ganadería, caza, silvicultura y pesca",83.332808
2018,La Guajira,"Agricultura, ganadería, caza, silvicultura y pesca",99.230011
2019,La Guajira,"Agricultura, ganadería, caza, silvicultura y pesca",100.427822
2020,La Guajira,"Agricultura, ganadería, caza, silvicultura y pesca",97.94694199999999
2021,La Guajira,"Agricultura, ganadería, caza, silvicultura y pesca",77.546
2022,La Guajira,"Agricultura, ganadería, caza, silvicultura y pesca",74.598
2023,La Guajira,"Agricultura, ganadería, caza, silvicultura y pesca",57.725
2024,La Guajira,"Agricultura, ganadería, caza, silvicultura y pesca",52.732
2025,La Guajira,"Agricultura, ganadería, caza, silvicultura y pesca",59.822
2015,La Guajira,Explotación de minas y canteras,8.131091
2016,La Guajira,Explotación de minas y canteras,6.676818
2017,La Guajira,Explotación de minas y canteras,7.785005
2018,La Guajira,Explotación de minas y canteras,8.765709999999999
2019,La Guajira,Explotación de minas y canteras,8.565648999999999
2020,La Guajira,Explotación de minas y canteras,10.034768
2021,La Guajira,Explotación de minas y canteras,5.615
2022,La Guajira,Explotación de minas y canteras,4.985
2023,La Guajira,Explotación de minas y canteras,3.692
2024,La Guajira,Explotación de minas y canteras,6.052
2025,La Guajira,Explotación de minas y canteras,7.342
2015,La Guajira,Industrias manufactureras,83.730775
2016,La Guajira,Industrias manufactureras,102.240798
2017,La Guajira,Industrias manufactureras,113.111767
2018,La Guajira,Industrias manufactureras,120.736117
2019,La Guajira,Industrias manufactureras,96.047563
2020,La Guajira,Industrias manufactureras,87.113582
2021,La Guajira,Industrias manufactureras,119.582
2022,La Guajira,Industrias manufactureras,101.405
2023,La Guajira,Industrias manufactureras,74.179
2024,La Guajira,Industrias manufactureras,69.029
2025,La Guajira,Industrias manufactureras,72.325
2015,La Guajira,"Suministro de electricidad, gas, agua y gestión de desechos",2.850051
2016,La Guajira,"Suministro de electricidad, gas, agua y gestión de desechos",2.8883850000000004
2017,La Guajira,"Suministro de electricidad, gas, agua y gestión de desechos",2.829257
2018,La Guajira,"Suministro de electricidad, gas, agua y gestión de desechos",2.686208
2019,La Guajira,"Suministro de electricidad, gas, agua y gestión de desechos",3.8006930000000003
2020,La Guajira,"Suministro de electricidad, gas, agua y gestión de desechos",4.2112799999999995
2021,La Guajira,"Suministro de electricidad, gas, agua y gestión de desechos",3.84
2022,La Guajira,"Suministro de electricidad, gas, agua y gestión de desechos",5.361
2023,La Guajira,"Suministro de electricidad, gas, agua y gestión de desechos",4.407
2024,La Guajira,"Suministro de electricidad, gas, agua y gestión de desechos",5.108
2025,La Guajira,"Suministro de electricidad, gas, agua y gestión de desechos",5.986
2015,La Guajira,Construcción,17.996927
2016,La Guajira,Construcción,16.806478
2017,La Guajira,Construcción,16.985228
2018,La Guajira,Construcción,17.132883000000003
2019,La Guajira,Construcción,23.779031
2020,La Guajira,Construcción,22.816775
2021,La Guajira,Construcción,32.366
2022,La Guajira,Construcción,27.029
2023,La Guajira,Construcción,22.963
2024,La Guajira,Construcción,23.172
2025,La Guajira,Construcción,27.804
2015,La Guajira,Comercio y reparación de vehículos,63.602656
2016,La Guajira,Comercio y reparación de vehículos,64.793014
2017,La Guajira,Comercio y reparación de vehículos,63.054084
2018,La Guajira,Comercio y reparación de vehículos,72.294773
2019,La Guajira,Comercio y reparación de vehículos,71.365941
2020,La Guajira,Comercio y reparación de vehículos,67.71804399999999
2021,La Guajira,Comercio y reparación de vehículos,53.704
2022,La Guajira,Comercio y reparación de vehículos,53.522
2023,La Guajira,Comercio y reparación de vehículos,46.762
2024,La Guajira,Comercio y reparación de vehículos,55.486
2025,La Guajira,Comercio y reparación de vehículos,45.752
2015,La Guajira,Alojamiento y servicios de comida,22.223119999999998
2016,La Guajira,Alojamiento y servicios de comida,23.782205
2017,La Guajira,Alojamiento y servicios de comida,28.505813
2018,La Guajira,Alojamiento y servicios de comida,26.888954000000002
2019,La Guajira,Alojamiento y servicios de comida,32.279354
2020,La Guajira,Alojamiento y servicios de comida,28.541665000000002
2021,La Guajira,Alojamiento y servicios de comida,26.418
2022,La Guajira,Alojamiento y servicios de comida,22.835
2023,La Guajira,Alojamiento y servicios de comida,20.52
2024,La Guajira,Alojamiento y servicios de comida,23.926
2025,La Guajira,Alojamiento y servicios de comida,23.271
2015,La Guajira,Transporte y almacenamiento,37.654131
2016,La Guajira,Transporte y almacenamiento,38.448743
2017,La Guajira,Transporte y almacenamiento,38.293701
2018,La Guajira,Transporte y almacenamiento,43.948741999999996
2019,La Guajira,Transporte y almacenamiento,49.191013
2020,La Guajira,Transporte y almacenamiento,45.077667999999996
2021,La Guajira,Transporte y almacenamiento,47.469
2022,La Guajira,Transporte y almacenamiento,44.71
2023,La Guajira,Transporte y almacenamiento,47.834
2024,La Guajira,Transporte y almacenamiento,43.414
2025,La Guajira,Transporte y almacenamiento,49.07
2015,La Guajira,Información y comunicaciones,3.9590349999999996
2016,La Guajira,Información y comunicaciones,3.107652
2017,La Guajira,Información y comunicaciones,3.87015
2018,La Guajira,Información y comunicaciones,3.2151419999999997
2019,La Guajira,Información y comunicaciones,3.139375
2020,La Guajira,Información y comunicaciones,1.978203
2021,La Guajira,Información y comunicaciones,2.057
2022,La Guajira,Información y comunicaciones,2.023
2023,La Guajira,Información y comunicaciones,1.226
2024,La Guajira,Información y comunicaciones,1.429
2025,La Guajira,Información y comunicaciones,0.99
2015,La Guajira,Actividades financieras y de seguros,1.8114480000000002
2016,La Guajira,Actividades financieras y de seguros,1.2650039999999998
2017,La Guajira,Actividades financieras y de seguros,2.158807
2018,La Guajira,Actividades financieras y de seguros,1.319998
2019,La Guajira,Actividades financieras y de seguros,1.647682
2020,La Guajira,Actividades financieras y de seguros,1.349653
2021,La Guajira,Actividades financieras y de seguros,1.441
2022,La Guajira,Actividades financieras y de seguros,1.872
2023,La Guajira,Actividades financieras y de seguros,2.536
2024,La Guajira,Actividades financieras y de seguros,2.715
2025,La Guajira,Actividades financieras y de seguros,2.231
2015,La Guajira,Actividades inmobiliarias,0.35034
2016,La Guajira,Actividades inmobiliarias,0.22577799999999998
2017,La Guajira,Actividades inmobiliarias,0.32252600000000003
2018,La Guajira,Actividades inmobiliarias,0.323366
2019,La Guajira,Actividades inmobiliarias,0.353429
2020,La Guajira,Actividades inmobiliarias,0.190464
2021,La Guajira,Actividades inmobiliarias,0.35
2022,La Guajira,Actividades inmobiliarias,0.319
2023,La Guajira,Actividades inmobiliarias,0.3
2024,La Guajira,Actividades inmobiliarias,0.191
2025,La Guajira,Actividades inmobiliarias,0.159
2015,La Guajira,"Actividades profesionales, científicas, técnicas y de servicios administrativos",8.123293
2016,La Guajira,"Actividades profesionales, científicas, técnicas y de servicios administrativos",7.650796000000001
2017,La Guajira,"Actividades profesionales, científicas, técnicas y de servicios administrativos",8.003082000000001
2018,La Guajira,"Actividades profesionales, científicas, técnicas y de servicios administrativos",8.272829
2019,La Guajira,"Actividades profesionales, científicas, técnicas y de servicios administrativos",8.37638
2020,La Guajira,"Actividades profesionales, científicas, técnicas y de servicios administrativos",9.544621999999999
2021,La Guajira,"Actividades profesionales, científicas, técnicas y de servicios administrativos",15.804
2022,La Guajira,"Actividades profesionales, científicas, técnicas y de servicios administrativos",12.621
2023,La Guajira,"Actividades profesionales, científicas, técnicas y de servicios administrativos",13.093
2024,La Guajira,"Actividades profesionales, científicas, técnicas y de servicios administrativos",10.234
2025,La Guajira,"Actividades profesionales, científicas, técnicas y de servicios administrativos",12.573
2015,La Guajira,"Administración pública y defensa, educación y atención de la salud humana",41.7611
2016,La Guajira,"Administración pública y defensa, educación y atención de la salud humana",37.162014000000006
2017,La Guajira,"Administración pública y defensa, educación y atención de la salud humana",44.692974
2018,La Guajira,"Administración pública y defensa, educación y atención de la salud humana",46.209067000000005
2019,La Guajira,"Administración pública y defensa, educación y atención de la salud humana",51.172447
2020,La Guajira,"Administración pública y defensa, educación y atención de la salud humana",38.710544999999996
2021,La Guajira,"Administración pública y defensa, educación y atención de la salud humana",35.764
2022,La Guajira,"Administración pública y defensa, educación y atención de la salud humana",31.566
2023,La Guajira,"Administración pública y defensa, educación y atención de la salud humana",42.776
2024,La Guajira,"Administración pública y defensa, educación y atención de la salud humana",44.93
2025,La Guajira,"Administración pública y defensa, educación y atención de la salud humana",44.639
2015,La Guajira,"Actividades artísticas, entretenimiento, recreación y otras actividades de servicios",24.595415
2016,La Guajira,"Actividades artísticas, entretenimiento, recreación y otras actividades de servicios",25.171311000000003
2017,La Guajira,"Actividades artísticas, entretenimiento, recreación y otras actividades de servicios",27.339568
2018,La Guajira,"Actividades artísticas, entretenimiento, recreación y otras actividades de servicios",26.293076
2019,La Guajira,"Actividades artísticas, entretenimiento, recreación y otras actividades de servicios",31.056896000000002
2020,La Guajira,"Actividades artísticas, entretenimiento, recreación y otras actividades de servicios",27.892815
2021,La Guajira,"Actividades artísticas, entretenimiento, recreación y otras actividades de servicios",27.304
2022,La Guajira,"Actividades artísticas, entretenimiento, recreación y otras actividades de servicios",30.733
2023,La Guajira,"Actividades artísticas, entretenimiento, recreación y otras actividades de servicios",27.482
2024,La Guajira,"Actividades artísticas, entretenimiento, recreación y otras actividades de servicios",35.336
2025,La Guajira,"Actividades artísticas, entretenimiento, recreación y otras actividades de servicios",35.882
2015,Magdalena,Total ocupados,522.792461
2016,Magdalena,Total ocupados,530.237161
2017,Magdalena,Total ocupados,543.7999
2018,Magdalena,Total ocupados,546.924341
2019,Magdalena,Total ocupados,564.542422
2020,Magdalena,Total ocupados,503.028335
2021,Magdalena,Total ocupados,549.593
2022,Magdalena,Total ocupados,590.561
2023,Magdalena,Total ocupados,603.742
2024,Magdalena,Total ocupados,575.79
2025,Magdalena,Total ocupados,602.07
2015,Magdalena,No informa,0.031901
2016,Magdalena,No informa,0.014327999999999999
2017,Magdalena,No informa,0.13079400000000002
2018,Magdalena,No informa,0.0
2019,Magdalena,No informa,0.0
2020,Magdalena,No informa,0.0
2021,Magdalena,No informa,0.765
2022,Magdalena,No informa,0.059
2023,Magdalena,No informa,0.016
2024,Magdalena,No informa,0.0
2025,Magdalena,No informa,0.0
2015,Magdalena,"Agricultura, ganadería, caza, silvicultura y pesca",102.947295
2016,Magdalena,"Agricultura, ganadería, caza, silvicultura y pesca",103.804418
2017,Magdalena,"Agricultura, ganadería, caza, silvicultura y pesca",112.273886
2018,Magdalena,"Agricultura, ganadería, caza, silvicultura y pesca",103.815845
2019,Magdalena,"Agricultura, ganadería, caza, silvicultura y pesca",115.21366400000001
2020,Magdalena,"Agricultura, ganadería, caza, silvicultura y pesca",99.1616
2021,Magdalena,"Agricultura, ganadería, caza, silvicultura y pesca",122.8
2022,Magdalena,"Agricultura, ganadería, caza, silvicultura y pesca",124.452
2023,Magdalena,"Agricultura, ganadería, caza, silvicultura y pesca",128.373
2024,Magdalena,"Agricultura, ganadería, caza, silvicultura y pesca",128.695
2025,Magdalena,"Agricultura, ganadería, caza, silvicultura y pesca",127.717
2015,Magdalena,Explotación de minas y canteras,1.9591489999999998
2016,Magdalena,Explotación de minas y canteras,1.857106
2017,Magdalena,Explotación de minas y canteras,1.471828
2018,Magdalena,Explotación de minas y canteras,2.310772
2019,Magdalena,Explotación de minas y canteras,1.8392760000000001
2020,Magdalena,Explotación de minas y canteras,1.732699
2021,Magdalena,Explotación de minas y canteras,1.892
2022,Magdalena,Explotación de minas y canteras,1.671
2023,Magdalena,Explotación de minas y canteras,1.737
2024,Magdalena,Explotación de minas y canteras,2.051
2025,Magdalena,Explotación de minas y canteras,1.667
2015,Magdalena,Industrias manufactureras,40.272669
2016,Magdalena,Industrias manufactureras,35.966834000000006
2017,Magdalena,Industrias manufactureras,40.666244
2018,Magdalena,Industrias manufactureras,42.315657
2019,Magdalena,Industrias manufactureras,43.486813999999995
2020,Magdalena,Industrias manufactureras,32.104489
2021,Magdalena,Industrias manufactureras,33.7
2022,Magdalena,Industrias manufactureras,34.364
2023,Magdalena,Industrias manufactureras,32.716
2024,Magdalena,Industrias manufactureras,30.4
2025,Magdalena,Industrias manufactureras,34.642
2015,Magdalena,"Suministro de electricidad, gas, agua y gestión de desechos",3.5375419999999997
2016,Magdalena,"Suministro de electricidad, gas, agua y gestión de desechos",4.170476
2017,Magdalena,"Suministro de electricidad, gas, agua y gestión de desechos",4.317386000000001
2018,Magdalena,"Suministro de electricidad, gas, agua y gestión de desechos",2.959753
2019,Magdalena,"Suministro de electricidad, gas, agua y gestión de desechos",5.4916030000000005
2020,Magdalena,"Suministro de electricidad, gas, agua y gestión de desechos",4.3998990000000004
2021,Magdalena,"Suministro de electricidad, gas, agua y gestión de desechos",5.435
2022,Magdalena,"Suministro de electricidad, gas, agua y gestión de desechos",7.968
2023,Magdalena,"Suministro de electricidad, gas, agua y gestión de desechos",7.266
2024,Magdalena,"Suministro de electricidad, gas, agua y gestión de desechos",6.195
2025,Magdalena,"Suministro de electricidad, gas, agua y gestión de desechos",5.512
2015,Magdalena,Construcción,34.084497999999996
2016,Magdalena,Construcción,41.302873
2017,Magdalena,Construcción,37.038545
2018,Magdalena,Construcción,41.390057
2019,Magdalena,Construcción,40.978271
2020,Magdalena,Construcción,42.019071000000004
2021,Magdalena,Construcción,42.794
2022,Magdalena,Construcción,40.122
2023,Magdalena,Construcción,44.664
2024,Magdalena,Construcción,38.523
2025,Magdalena,Construcción,47.327
2015,Magdalena,Comercio y reparación de vehículos,111.74919100000001
2016,Magdalena,Comercio y reparación de vehículos,111.431791
2017,Magdalena,Comercio y reparación de vehículos,113.67653999999999
2018,Magdalena,Comercio y reparación de vehículos,114.802449
2019,Magdalena,Comercio y reparación de vehículos,119.575593
2020,Magdalena,Comercio y reparación de vehículos,112.487177
2021,Magdalena,Comercio y reparación de vehículos,103.751
2022,Magdalena,Comercio y reparación de vehículos,121.987
2023,Magdalena,Comercio y reparación de vehículos,115.664
2024,Magdalena,Comercio y reparación de vehículos,105.715
2025,Magdalena,Comercio y reparación de vehículos,108.421
2015,Magdalena,Alojamiento y servicios de comida,42.385652
2016,Magdalena,Alojamiento y servicios de comida,49.725805
2017,Magdalena,Alojamiento y servicios de comida,42.49192
2018,Magdalena,Alojamiento y servicios de comida,41.966189
2019,Magdalena,Alojamiento y servicios de comida,45.837981
2020,Magdalena,Alojamiento y servicios de comida,43.052446
2021,Magdalena,Alojamiento y servicios de comida,55.982
2022,Magdalena,Alojamiento y servicios de comida,54.912
2023,Magdalena,Alojamiento y servicios de comida,57.949
2024,Magdalena,Alojamiento y servicios de comida,56.848
2025,Magdalena,Alojamiento y servicios de comida,63.94
2015,Magdalena,Transporte y almacenamiento,48.988208
2016,Magdalena,Transporte y almacenamiento,46.48666
2017,Magdalena,Transporte y almacenamiento,51.952305
2018,Magdalena,Transporte y almacenamiento,50.910129999999995
2019,Magdalena,Transporte y almacenamiento,49.419341
2020,Magdalena,Transporte y almacenamiento,49.977475
2021,Magdalena,Transporte y almacenamiento,51.91
2022,Magdalena,Transporte y almacenamiento,56.132
2023,Magdalena,Transporte y almacenamiento,62.381
2024,Magdalena,Transporte y almacenamiento,57.802
2025,Magdalena,Transporte y almacenamiento,57.702
2015,Magdalena,Información y comunicaciones,9.984523
2016,Magdalena,Información y comunicaciones,6.77957
2017,Magdalena,Información y comunicaciones,8.249892
2018,Magdalena,Información y comunicaciones,7.703615
2019,Magdalena,Información y comunicaciones,7.931349
2020,Magdalena,Información y comunicaciones,5.379633
2021,Magdalena,Información y comunicaciones,3.553
2022,Magdalena,Información y comunicaciones,3.912
2023,Magdalena,Información y comunicaciones,4.564
2024,Magdalena,Información y comunicaciones,3.744
2025,Magdalena,Información y comunicaciones,3.507
2015,Magdalena,Actividades financieras y de seguros,3.3693980000000003
2016,Magdalena,Actividades financieras y de seguros,3.1374400000000002
2017,Magdalena,Actividades financieras y de seguros,3.689076
2018,Magdalena,Actividades financieras y de seguros,4.838499
2019,Magdalena,Actividades financieras y de seguros,3.181037
2020,Magdalena,Actividades financieras y de seguros,3.2599989999999996
2021,Magdalena,Actividades financieras y de seguros,5.362
2022,Magdalena,Actividades financieras y de seguros,5.235
2023,Magdalena,Actividades financieras y de seguros,5.514
2024,Magdalena,Actividades financieras y de seguros,5.198
2025,Magdalena,Actividades financieras y de seguros,4.58
2015,Magdalena,Actividades inmobiliarias,3.038337
2016,Magdalena,Actividades inmobiliarias,2.630575
2017,Magdalena,Actividades inmobiliarias,3.778219
2018,Magdalena,Actividades inmobiliarias,3.597479
2019,Magdalena,Actividades inmobiliarias,4.076971
2020,Magdalena,Actividades inmobiliarias,2.903524
2021,Magdalena,Actividades inmobiliarias,2.421
2022,Magdalena,Actividades inmobiliarias,3.31
2023,Magdalena,Actividades inmobiliarias,3.209
2024,Magdalena,Actividades inmobiliarias,3.262
2025,Magdalena,Actividades inmobiliarias,3.902
2015,Magdalena,"Actividades profesionales, científicas, técnicas y de servicios administrativos",19.017238000000003
2016,Magdalena,"Actividades profesionales, científicas, técnicas y de servicios administrativos",20.193866000000003
2017,Magdalena,"Actividades profesionales, científicas, técnicas y de servicios administrativos",22.939895
2018,Magdalena,"Actividades profesionales, científicas, técnicas y de servicios administrativos",21.850376
2019,Magdalena,"Actividades profesionales, científicas, técnicas y de servicios administrativos",22.218898
2020,Magdalena,"Actividades profesionales, científicas, técnicas y de servicios administrativos",19.014712
2021,Magdalena,"Actividades profesionales, científicas, técnicas y de servicios administrativos",23.987
2022,Magdalena,"Actividades profesionales, científicas, técnicas y de servicios administrativos",28.511
2023,Magdalena,"Actividades profesionales, científicas, técnicas y de servicios administrativos",29.322
2024,Magdalena,"Actividades profesionales, científicas, técnicas y de servicios administrativos",31.857
2025,Magdalena,"Actividades profesionales, científicas, técnicas y de servicios administrativos",30.492
2015,Magdalena,"Administración pública y defensa, educación y atención de la salud humana",55.893396
2016,Magdalena,"Administración pública y defensa, educación y atención de la salud humana",56.890828
2017,Magdalena,"Administración pública y defensa, educación y atención de la salud humana",57.352367
2018,Magdalena,"Administración pública y defensa, educación y atención de la salud humana",61.392092
2019,Magdalena,"Administración pública y defensa, educación y atención de la salud humana",55.364608999999994
2020,Magdalena,"Administración pública y defensa, educación y atención de la salud humana",47.587277
2021,Magdalena,"Administración pública y defensa, educación y atención de la salud humana",47.555
2022,Magdalena,"Administración pública y defensa, educación y atención de la salud humana",52.246
2023,Magdalena,"Administración pública y defensa, educación y atención de la salud humana",51.357
2024,Magdalena,"Administración pública y defensa, educación y atención de la salud humana",54.918
2025,Magdalena,"Administración pública y defensa, educación y atención de la salud humana",61.133
2015,Magdalena,"Actividades artísticas, entretenimiento, recreación y otras actividades de servicios",45.533464
2016,Magdalena,"Actividades artísticas, entretenimiento, recreación y otras actividades de servicios",45.844592
2017,Magdalena,"Actividades artísticas, entretenimiento, recreación y otras actividades de servicios",43.771004
2018,Magdalena,"Actividades artísticas, entretenimiento, recreación y otras actividades de servicios",47.071427
2019,Magdalena,"Actividades artísticas, entretenimiento, recreación y otras actividades de servicios",49.927014
2020,Magdalena,"Actividades artísticas, entretenimiento, recreación y otras actividades de servicios",39.948335
2021,Magdalena,"Actividades artísticas, entretenimiento, recreación y otras actividades de servicios",47.684
2022,Magdalena,"Actividades artísticas, entretenimiento, recreación y otras actividades de servicios",55.68
2023,Magdalena,"Actividades artísticas, entretenimiento, recreación y otras actividades de servicios",59.011
2024,Magdalena,"Actividades artísticas, entretenimiento, recreación y otras actividades de servicios",50.583
2025,Magdalena,"Actividades artísticas, entretenimiento, recreación y otras actividades de servicios",51.528
2015,Meta,Total ocupados,453.16778000000005
2016,Meta,Total ocupados,452.654542
2017,Meta,Total ocupados,468.615121
2018,Meta,Total ocupados,470.834591
2019,Meta,Total ocupados,466.176763
2020,Meta,Total ocupados,392.02715
2021,Meta,Total ocupados,423.703
2022,Meta,Total ocupados,460.1
2023,Meta,Total ocupados,472.366
2024,Meta,Total ocupados,490.696
2025,Meta,Total ocupados,496.134
2015,Meta,No informa,0.0
2016,Meta,No informa,0.0
2017,Meta,No informa,0.192015
2018,Meta,No informa,0.0
2019,Meta,No informa,0.0
2020,Meta,No informa,0.027266
2021,Meta,No informa,0.144
2022,Meta,No informa,0.018
2023,Meta,No informa,0.0
2024,Meta,No informa,0.0
2025,Meta,No informa,0.088
2015,Meta,"Agricultura, ganadería, caza, silvicultura y pesca",85.19110400000001
2016,Meta,"Agricultura, ganadería, caza, silvicultura y pesca",89.799343
2017,Meta,"Agricultura, ganadería, caza, silvicultura y pesca",96.824702
2018,Meta,"Agricultura, ganadería, caza, silvicultura y pesca",94.474029
2019,Meta,"Agricultura, ganadería, caza, silvicultura y pesca",88.792549
2020,Meta,"Agricultura, ganadería, caza, silvicultura y pesca",83.92327499999999
2021,Meta,"Agricultura, ganadería, caza, silvicultura y pesca",68.549
2022,Meta,"Agricultura, ganadería, caza, silvicultura y pesca",75.558
2023,Meta,"Agricultura, ganadería, caza, silvicultura y pesca",79.387
2024,Meta,"Agricultura, ganadería, caza, silvicultura y pesca",82.692
2025,Meta,"Agricultura, ganadería, caza, silvicultura y pesca",85.447
2015,Meta,Explotación de minas y canteras,5.355099
2016,Meta,Explotación de minas y canteras,4.809991
2017,Meta,Explotación de minas y canteras,3.1496109999999997
2018,Meta,Explotación de minas y canteras,4.408724
2019,Meta,Explotación de minas y canteras,3.112924
2020,Meta,Explotación de minas y canteras,3.716212
2021,Meta,Explotación de minas y canteras,6.693
2022,Meta,Explotación de minas y canteras,6.35
2023,Meta,Explotación de minas y canteras,7.083
2024,Meta,Explotación de minas y canteras,6.936
2025,Meta,Explotación de minas y canteras,7.31
2015,Meta,Industrias manufactureras,30.519424
2016,Meta,Industrias manufactureras,28.918653
2017,Meta,Industrias manufactureras,29.270204000000003
2018,Meta,Industrias manufactureras,31.971152999999997
2019,Meta,Industrias manufactureras,30.195276000000003
2020,Meta,Industrias manufactureras,28.700117
2021,Meta,Industrias manufactureras,28.141
2022,Meta,Industrias manufactureras,30.082
2023,Meta,Industrias manufactureras,30.403
2024,Meta,Industrias manufactureras,31.716
2025,Meta,Industrias manufactureras,31.4
2015,Meta,"Suministro de electricidad, gas, agua y gestión de desechos",3.9183879999999998
2016,Meta,"Suministro de electricidad, gas, agua y gestión de desechos",3.4273719999999996
2017,Meta,"Suministro de electricidad, gas, agua y gestión de desechos",3.7729470000000003
2018,Meta,"Suministro de electricidad, gas, agua y gestión de desechos",4.782528
2019,Meta,"Suministro de electricidad, gas, agua y gestión de desechos",4.998863999999999
2020,Meta,"Suministro de electricidad, gas, agua y gestión de desechos",4.181845
2021,Meta,"Suministro de electricidad, gas, agua y gestión de desechos",6.213
2022,Meta,"Suministro de electricidad, gas, agua y gestión de desechos",7.278
2023,Meta,"Suministro de electricidad, gas, agua y gestión de desechos",7.804
2024,Meta,"Suministro de electricidad, gas, agua y gestión de desechos",7.433
2025,Meta,"Suministro de electricidad, gas, agua y gestión de desechos",6.988
2015,Meta,Construcción,37.960959
2016,Meta,Construcción,40.547029
2017,Meta,Construcción,34.857816
2018,Meta,Construcción,33.761823
2019,Meta,Construcción,38.669085
2020,Meta,Construcción,28.92796
2021,Meta,Construcción,41.759
2022,Meta,Construcción,42.841
2023,Meta,Construcción,44.487
2024,Meta,Construcción,41.028
2025,Meta,Construcción,45.301
2015,Meta,Comercio y reparación de vehículos,96.033699
2016,Meta,Comercio y reparación de vehículos,93.029974
2017,Meta,Comercio y reparación de vehículos,98.36247900000001
2018,Meta,Comercio y reparación de vehículos,103.793591
2019,Meta,Comercio y reparación de vehículos,97.485162
2020,Meta,Comercio y reparación de vehículos,82.733528
2021,Meta,Comercio y reparación de vehículos,87.088
2022,Meta,Comercio y reparación de vehículos,95.655
2023,Meta,Comercio y reparación de vehículos,92.76
2024,Meta,Comercio y reparación de vehículos,98.757
2025,Meta,Comercio y reparación de vehículos,99.874
2015,Meta,Alojamiento y servicios de comida,40.775531
2016,Meta,Alojamiento y servicios de comida,43.162228999999996
2017,Meta,Alojamiento y servicios de comida,44.863546
2018,Meta,Alojamiento y servicios de comida,41.014478000000004
2019,Meta,Alojamiento y servicios de comida,44.235055
2020,Meta,Alojamiento y servicios de comida,31.418268
2021,Meta,Alojamiento y servicios de comida,33.692
2022,Meta,Alojamiento y servicios de comida,37.138
2023,Meta,Alojamiento y servicios de comida,44.012
2024,Meta,Alojamiento y servicios de comida,46.548
2025,Meta,Alojamiento y servicios de comida,47.214
2015,Meta,Transporte y almacenamiento,28.242643
2016,Meta,Transporte y almacenamiento,25.805717
2017,Meta,Transporte y almacenamiento,26.336835999999998
2018,Meta,Transporte y almacenamiento,26.122806
2019,Meta,Transporte y almacenamiento,26.970890999999998
2020,Meta,Transporte y almacenamiento,21.405971
2021,Meta,Transporte y almacenamiento,24.828
2022,Meta,Transporte y almacenamiento,27.681
2023,Meta,Transporte y almacenamiento,28.731
2024,Meta,Transporte y almacenamiento,30.194
2025,Meta,Transporte y almacenamiento,31.828
2015,Meta,Información y comunicaciones,6.630621
2016,Meta,Información y comunicaciones,5.793506000000001
2017,Meta,Información y comunicaciones,5.576205
2018,Meta,Información y comunicaciones,6.561116
2019,Meta,Información y comunicaciones,4.336617
2020,Meta,Información y comunicaciones,3.251954
2021,Meta,Información y comunicaciones,4.399
2022,Meta,Información y comunicaciones,4.833
2023,Meta,Información y comunicaciones,4.301
2024,Meta,Información y comunicaciones,4.245
2025,Meta,Información y comunicaciones,5.181
2015,Meta,Actividades financieras y de seguros,4.6888000000000005
2016,Meta,Actividades financieras y de seguros,4.270744
2017,Meta,Actividades financieras y de seguros,4.295225
2018,Meta,Actividades financieras y de seguros,4.372828
2019,Meta,Actividades financieras y de seguros,3.910752
2020,Meta,Actividades financieras y de seguros,3.493781
2021,Meta,Actividades financieras y de seguros,5.097
2022,Meta,Actividades financieras y de seguros,4.598
2023,Meta,Actividades financieras y de seguros,5.394
2024,Meta,Actividades financieras y de seguros,4.812
2025,Meta,Actividades financieras y de seguros,4.746
2015,Meta,Actividades inmobiliarias,3.537141
2016,Meta,Actividades inmobiliarias,4.76209
2017,Meta,Actividades inmobiliarias,6.091559
2018,Meta,Actividades inmobiliarias,5.088776
2019,Meta,Actividades inmobiliarias,4.898638
2020,Meta,Actividades inmobiliarias,4.341437
2021,Meta,Actividades inmobiliarias,4.065
2022,Meta,Actividades inmobiliarias,6.099
2023,Meta,Actividades inmobiliarias,5.413
2024,Meta,Actividades inmobiliarias,6.798
2025,Meta,Actividades inmobiliarias,6.023
2015,Meta,"Actividades profesionales, científicas, técnicas y de servicios administrativos",23.486645
2016,Meta,"Actividades profesionales, científicas, técnicas y de servicios administrativos",20.403365
2017,Meta,"Actividades profesionales, científicas, técnicas y de servicios administrativos",24.430491000000004
2018,Meta,"Actividades profesionales, científicas, técnicas y de servicios administrativos",24.780047999999997
2019,Meta,"Actividades profesionales, científicas, técnicas y de servicios administrativos",23.138143
2020,Meta,"Actividades profesionales, científicas, técnicas y de servicios administrativos",19.45372
2021,Meta,"Actividades profesionales, científicas, técnicas y de servicios administrativos",28.572
2022,Meta,"Actividades profesionales, científicas, técnicas y de servicios administrativos",31.996
2023,Meta,"Actividades profesionales, científicas, técnicas y de servicios administrativos",31.881
2024,Meta,"Actividades profesionales, científicas, técnicas y de servicios administrativos",32.443
2025,Meta,"Actividades profesionales, científicas, técnicas y de servicios administrativos",29.527
2015,Meta,"Administración pública y defensa, educación y atención de la salud humana",49.037048999999996
2016,Meta,"Administración pública y defensa, educación y atención de la salud humana",50.447381
2017,Meta,"Administración pública y defensa, educación y atención de la salud humana",51.172076999999994
2018,Meta,"Administración pública y defensa, educación y atención de la salud humana",51.454408
2019,Meta,"Administración pública y defensa, educación y atención de la salud humana",53.521938
2020,Meta,"Administración pública y defensa, educación y atención de la salud humana",44.665545
2021,Meta,"Administración pública y defensa, educación y atención de la salud humana",54.024
2022,Meta,"Administración pública y defensa, educación y atención de la salud humana",54.532
2023,Meta,"Administración pública y defensa, educación y atención de la salud humana",53.994
2024,Meta,"Administración pública y defensa, educación y atención de la salud humana",56.9
2025,Meta,"Administración pública y defensa, educación y atención de la salud humana",54.35
2015,Meta,"Actividades artísticas, entretenimiento, recreación y otras actividades de servicios",37.790678
2016,Meta,"Actividades artísticas, entretenimiento, recreación y otras actividades de servicios",37.477149
2017,Meta,"Actividades artísticas, entretenimiento, recreación y otras actividades de servicios",39.419407
2018,Meta,"Actividades artísticas, entretenimiento, recreación y otras actividades de servicios",38.248285
2019,Meta,"Actividades artísticas, entretenimiento, recreación y otras actividades de servicios",41.910868
2020,Meta,"Actividades artísticas, entretenimiento, recreación y otras actividades de servicios",31.786271
2021,Meta,"Actividades artísticas, entretenimiento, recreación y otras actividades de servicios",30.439
2022,Meta,"Actividades artísticas, entretenimiento, recreación y otras actividades de servicios",35.442
2023,Meta,"Actividades artísticas, entretenimiento, recreación y otras actividades de servicios",36.716
2024,Meta,"Actividades artísticas, entretenimiento, recreación y otras actividades de servicios",40.195
2025,Meta,"Actividades artísticas, entretenimiento, recreación y otras actividades de servicios",40.858
2015,Nariño,Total ocupados,828.9536909999999
2016,Nariño,Total ocupados,869.255728
2017,Nariño,Total ocupados,887.011401
2018,Nariño,Total ocupados,859.241895
2019,Nariño,Total ocupados,865.2219570000001
2020,Nariño,Total ocupados,802.42644
2021,Nariño,Total ocupados,846.179
2022,Nariño,Total ocupados,883.74
2023,Nariño,Total ocupados,902.178
2024,Nariño,Total ocupados,900.5
2025,Nariño,Total ocupados,889.473
2015,Nariño,No informa,0.013769
2016,Nariño,No informa,0.0
2017,Nariño,No informa,0.014655
2018,Nariño,No informa,0.0
2019,Nariño,No informa,0.0
2020,Nariño,No informa,0.172185
2021,Nariño,No informa,0.281
2022,Nariño,No informa,0.0
2023,Nariño,No informa,0.011
2024,Nariño,No informa,0.0
2025,Nariño,No informa,0.0
2015,Nariño,"Agricultura, ganadería, caza, silvicultura y pesca",379.91107
2016,Nariño,"Agricultura, ganadería, caza, silvicultura y pesca",386.961691
2017,Nariño,"Agricultura, ganadería, caza, silvicultura y pesca",426.42880099999996
2018,Nariño,"Agricultura, ganadería, caza, silvicultura y pesca",414.516207
2019,Nariño,"Agricultura, ganadería, caza, silvicultura y pesca",398.548496
2020,Nariño,"Agricultura, ganadería, caza, silvicultura y pesca",379.07322899999997
2021,Nariño,"Agricultura, ganadería, caza, silvicultura y pesca",385.075
2022,Nariño,"Agricultura, ganadería, caza, silvicultura y pesca",396.763
2023,Nariño,"Agricultura, ganadería, caza, silvicultura y pesca",386.421
2024,Nariño,"Agricultura, ganadería, caza, silvicultura y pesca",388.254
2025,Nariño,"Agricultura, ganadería, caza, silvicultura y pesca",378.751
2015,Nariño,Explotación de minas y canteras,2.2692240000000004
2016,Nariño,Explotación de minas y canteras,2.0658510000000003
2017,Nariño,Explotación de minas y canteras,2.350462
2018,Nariño,Explotación de minas y canteras,1.613057
2019,Nariño,Explotación de minas y canteras,1.87547
2020,Nariño,Explotación de minas y canteras,3.634973
2021,Nariño,Explotación de minas y canteras,13.083
2022,Nariño,Explotación de minas y canteras,16.467
2023,Nariño,Explotación de minas y canteras,12.969
2024,Nariño,Explotación de minas y canteras,14.389
2025,Nariño,Explotación de minas y canteras,17.616
2015,Nariño,Industrias manufactureras,52.768879
2016,Nariño,Industrias manufactureras,63.467232
2017,Nariño,Industrias manufactureras,48.354563
2018,Nariño,Industrias manufactureras,43.456707
2019,Nariño,Industrias manufactureras,55.986456
2020,Nariño,Industrias manufactureras,53.67243
2021,Nariño,Industrias manufactureras,38.532
2022,Nariño,Industrias manufactureras,53.679
2023,Nariño,Industrias manufactureras,58.925
2024,Nariño,Industrias manufactureras,53.334
2025,Nariño,Industrias manufactureras,59.549
2015,Nariño,"Suministro de electricidad, gas, agua y gestión de desechos",3.752013
2016,Nariño,"Suministro de electricidad, gas, agua y gestión de desechos",3.659273
2017,Nariño,"Suministro de electricidad, gas, agua y gestión de desechos",4.132897
2018,Nariño,"Suministro de electricidad, gas, agua y gestión de desechos",3.961451
2019,Nariño,"Suministro de electricidad, gas, agua y gestión de desechos",2.81094
2020,Nariño,"Suministro de electricidad, gas, agua y gestión de desechos",3.41401
2021,Nariño,"Suministro de electricidad, gas, agua y gestión de desechos",5.242
2022,Nariño,"Suministro de electricidad, gas, agua y gestión de desechos",7.942
2023,Nariño,"Suministro de electricidad, gas, agua y gestión de desechos",7.73
2024,Nariño,"Suministro de electricidad, gas, agua y gestión de desechos",5.137
2025,Nariño,"Suministro de electricidad, gas, agua y gestión de desechos",6.69
2015,Nariño,Construcción,32.129581
2016,Nariño,Construcción,34.98430200000001
2017,Nariño,Construcción,39.821604
2018,Nariño,Construcción,33.060008
2019,Nariño,Construcción,29.047494
2020,Nariño,Construcción,31.943872
2021,Nariño,Construcción,42.013
2022,Nariño,Construcción,40.615
2023,Nariño,Construcción,34.062
2024,Nariño,Construcción,37.689
2025,Nariño,Construcción,32.482
2015,Nariño,Comercio y reparación de vehículos,116.961012
2016,Nariño,Comercio y reparación de vehículos,124.47726300000001
2017,Nariño,Comercio y reparación de vehículos,119.411348
2018,Nariño,Comercio y reparación de vehículos,119.852026
2019,Nariño,Comercio y reparación de vehículos,132.211728
2020,Nariño,Comercio y reparación de vehículos,121.889111
2021,Nariño,Comercio y reparación de vehículos,120.92
2022,Nariño,Comercio y reparación de vehículos,122.291
2023,Nariño,Comercio y reparación de vehículos,127.506
2024,Nariño,Comercio y reparación de vehículos,129.031
2025,Nariño,Comercio y reparación de vehículos,124.436
2015,Nariño,Alojamiento y servicios de comida,37.860917
2016,Nariño,Alojamiento y servicios de comida,39.351589999999995
2017,Nariño,Alojamiento y servicios de comida,38.988991
2018,Nariño,Alojamiento y servicios de comida,36.305135
2019,Nariño,Alojamiento y servicios de comida,36.051758
2020,Nariño,Alojamiento y servicios de comida,35.22208
2021,Nariño,Alojamiento y servicios de comida,39.829
2022,Nariño,Alojamiento y servicios de comida,40.948
2023,Nariño,Alojamiento y servicios de comida,50.786
2024,Nariño,Alojamiento y servicios de comida,50.451
2025,Nariño,Alojamiento y servicios de comida,48.568
2015,Nariño,Transporte y almacenamiento,40.632256
2016,Nariño,Transporte y almacenamiento,43.143754
2017,Nariño,Transporte y almacenamiento,42.713010000000004
2018,Nariño,Transporte y almacenamiento,37.431341999999994
2019,Nariño,Transporte y almacenamiento,41.616054
2020,Nariño,Transporte y almacenamiento,30.980577
2021,Nariño,Transporte y almacenamiento,41.757
2022,Nariño,Transporte y almacenamiento,40.593
2023,Nariño,Transporte y almacenamiento,45.859
2024,Nariño,Transporte y almacenamiento,44.701
2025,Nariño,Transporte y almacenamiento,47.738
2015,Nariño,Información y comunicaciones,6.474177
2016,Nariño,Información y comunicaciones,7.792692
2017,Nariño,Información y comunicaciones,6.340344
2018,Nariño,Información y comunicaciones,4.394375
2019,Nariño,Información y comunicaciones,4.738899
2020,Nariño,Información y comunicaciones,4.96209
2021,Nariño,Información y comunicaciones,4.822
2022,Nariño,Información y comunicaciones,3.945
2023,Nariño,Información y comunicaciones,4.072
2024,Nariño,Información y comunicaciones,3.14
2025,Nariño,Información y comunicaciones,3.307
2015,Nariño,Actividades financieras y de seguros,4.829833
2016,Nariño,Actividades financieras y de seguros,4.4169
2017,Nariño,Actividades financieras y de seguros,3.6318560000000004
2018,Nariño,Actividades financieras y de seguros,3.6279229999999996
2019,Nariño,Actividades financieras y de seguros,3.8058330000000002
2020,Nariño,Actividades financieras y de seguros,4.6969449999999995
2021,Nariño,Actividades financieras y de seguros,4.527
2022,Nariño,Actividades financieras y de seguros,5.432
2023,Nariño,Actividades financieras y de seguros,7.333
2024,Nariño,Actividades financieras y de seguros,6.77
2025,Nariño,Actividades financieras y de seguros,7.012
2015,Nariño,Actividades inmobiliarias,1.904793
2016,Nariño,Actividades inmobiliarias,1.806946
2017,Nariño,Actividades inmobiliarias,1.763982
2018,Nariño,Actividades inmobiliarias,2.748252
2019,Nariño,Actividades inmobiliarias,2.465843
2020,Nariño,Actividades inmobiliarias,1.8465550000000002
2021,Nariño,Actividades inmobiliarias,2.098
2022,Nariño,Actividades inmobiliarias,2.246
2023,Nariño,Actividades inmobiliarias,2.489
2024,Nariño,Actividades inmobiliarias,2.862
2025,Nariño,Actividades inmobiliarias,2.651
2015,Nariño,"Actividades profesionales, científicas, técnicas y de servicios administrativos",18.448925
2016,Nariño,"Actividades profesionales, científicas, técnicas y de servicios administrativos",21.136692
2017,Nariño,"Actividades profesionales, científicas, técnicas y de servicios administrativos",19.507024
2018,Nariño,"Actividades profesionales, científicas, técnicas y de servicios administrativos",20.053667
2019,Nariño,"Actividades profesionales, científicas, técnicas y de servicios administrativos",21.173492999999997
2020,Nariño,"Actividades profesionales, científicas, técnicas y de servicios administrativos",21.229144
2021,Nariño,"Actividades profesionales, científicas, técnicas y de servicios administrativos",26.055
2022,Nariño,"Actividades profesionales, científicas, técnicas y de servicios administrativos",26.745
2023,Nariño,"Actividades profesionales, científicas, técnicas y de servicios administrativos",29.354
2024,Nariño,"Actividades profesionales, científicas, técnicas y de servicios administrativos",27.128
2025,Nariño,"Actividades profesionales, científicas, técnicas y de servicios administrativos",30.72
2015,Nariño,"Administración pública y defensa, educación y atención de la salud humana",80.90944999999999
2016,Nariño,"Administración pública y defensa, educación y atención de la salud humana",78.008042
2017,Nariño,"Administración pública y defensa, educación y atención de la salud humana",76.013159
2018,Nariño,"Administración pública y defensa, educación y atención de la salud humana",85.145263
2019,Nariño,"Administración pública y defensa, educación y atención de la salud humana",82.67286299999999
2020,Nariño,"Administración pública y defensa, educación y atención de la salud humana",70.247645
2021,Nariño,"Administración pública y defensa, educación y atención de la salud humana",74.907
2022,Nariño,"Administración pública y defensa, educación y atención de la salud humana",74.999
2023,Nariño,"Administración pública y defensa, educación y atención de la salud humana",76.455
2024,Nariño,"Administración pública y defensa, educación y atención de la salud humana",76.851
2025,Nariño,"Administración pública y defensa, educación y atención de la salud humana",73.369
2015,Nariño,"Actividades artísticas, entretenimiento, recreación y otras actividades de servicios",50.087792
2016,Nariño,"Actividades artísticas, entretenimiento, recreación y otras actividades de servicios",57.9835
2017,Nariño,"Actividades artísticas, entretenimiento, recreación y otras actividades de servicios",57.538706
2018,Nariño,"Actividades artísticas, entretenimiento, recreación y otras actividades de servicios",53.076482000000006
2019,Nariño,"Actividades artísticas, entretenimiento, recreación y otras actividades de servicios",52.216629999999995
2020,Nariño,"Actividades artísticas, entretenimiento, recreación y otras actividades de servicios",39.441595
2021,Nariño,"Actividades artísticas, entretenimiento, recreación y otras actividades de servicios",47.038
2022,Nariño,"Actividades artísticas, entretenimiento, recreación y otras actividades de servicios",51.076
2023,Nariño,"Actividades artísticas, entretenimiento, recreación y otras actividades de servicios",58.204
2024,Nariño,"Actividades artísticas, entretenimiento, recreación y otras actividades de servicios",60.763
2025,Nariño,"Actividades artísticas, entretenimiento, recreación y otras actividades de servicios",56.584
2015,Norte de Santander,Total ocupados,599.802635
2016,Norte de Santander,Total ocupados,613.515532
2017,Norte de Santander,Total ocupados,628.2075189999999
2018,Norte de Santander,Total ocupados,624.412113
2019,Norte de Santander,Total ocupados,637.374467
2020,Norte de Santander,Total ocupados,585.995136
2021,Norte de Santander,Total ocupados,636.297
2022,Norte de Santander,Total ocupados,655.608
2023,Norte de Santander,Total ocupados,658.576
2024,Norte de Santander,Total ocupados,642.871
2025,Norte de Santander,Total ocupados,673.49
2015,Norte de Santander,No informa,0.0
2016,Norte de Santander,No informa,0.0
2017,Norte de Santander,No informa,0.14329
2018,Norte de Santander,No informa,0.0
2019,Norte de Santander,No informa,0.0
2020,Norte de Santander,No informa,0.031674
2021,Norte de Santander,No informa,0.27
2022,Norte de Santander,No informa,0.034
2023,Norte de Santander,No informa,0.0
2024,Norte de Santander,No informa,0.0
2025,Norte de Santander,No informa,0.0
2015,Norte de Santander,"Agricultura, ganadería, caza, silvicultura y pesca",109.97165700000001
2016,Norte de Santander,"Agricultura, ganadería, caza, silvicultura y pesca",110.930483
2017,Norte de Santander,"Agricultura, ganadería, caza, silvicultura y pesca",127.960246
2018,Norte de Santander,"Agricultura, ganadería, caza, silvicultura y pesca",120.37473299999999
2019,Norte de Santander,"Agricultura, ganadería, caza, silvicultura y pesca",111.675333
2020,Norte de Santander,"Agricultura, ganadería, caza, silvicultura y pesca",112.774587
2021,Norte de Santander,"Agricultura, ganadería, caza, silvicultura y pesca",102.088
2022,Norte de Santander,"Agricultura, ganadería, caza, silvicultura y pesca",108.261
2023,Norte de Santander,"Agricultura, ganadería, caza, silvicultura y pesca",99.152
2024,Norte de Santander,"Agricultura, ganadería, caza, silvicultura y pesca",101.115
2025,Norte de Santander,"Agricultura, ganadería, caza, silvicultura y pesca",105.07
2015,Norte de Santander,Explotación de minas y canteras,4.348223
2016,Norte de Santander,Explotación de minas y canteras,3.070248
2017,Norte de Santander,Explotación de minas y canteras,3.4172379999999998
2018,Norte de Santander,Explotación de minas y canteras,5.048426999999999
2019,Norte de Santander,Explotación de minas y canteras,4.493297999999999
2020,Norte de Santander,Explotación de minas y canteras,4.272316
2021,Norte de Santander,Explotación de minas y canteras,6.547
2022,Norte de Santander,Explotación de minas y canteras,8.297
2023,Norte de Santander,Explotación de minas y canteras,8.148
2024,Norte de Santander,Explotación de minas y canteras,9.35
2025,Norte de Santander,Explotación de minas y canteras,7.31
2015,Norte de Santander,Industrias manufactureras,59.147337
2016,Norte de Santander,Industrias manufactureras,63.720123
2017,Norte de Santander,Industrias manufactureras,63.584258
2018,Norte de Santander,Industrias manufactureras,65.281034
2019,Norte de Santander,Industrias manufactureras,69.39562600000001
2020,Norte de Santander,Industrias manufactureras,60.815758
2021,Norte de Santander,Industrias manufactureras,64.861
2022,Norte de Santander,Industrias manufactureras,66.475
2023,Norte de Santander,Industrias manufactureras,65.234
2024,Norte de Santander,Industrias manufactureras,64.124
2025,Norte de Santander,Industrias manufactureras,70.428
2015,Norte de Santander,"Suministro de electricidad, gas, agua y gestión de desechos",6.749451
2016,Norte de Santander,"Suministro de electricidad, gas, agua y gestión de desechos",6.020902
2017,Norte de Santander,"Suministro de electricidad, gas, agua y gestión de desechos",6.85778
2018,Norte de Santander,"Suministro de electricidad, gas, agua y gestión de desechos",7.1383980000000005
2019,Norte de Santander,"Suministro de electricidad, gas, agua y gestión de desechos",6.955522
2020,Norte de Santander,"Suministro de electricidad, gas, agua y gestión de desechos",7.787757
2021,Norte de Santander,"Suministro de electricidad, gas, agua y gestión de desechos",8.245
2022,Norte de Santander,"Suministro de electricidad, gas, agua y gestión de desechos",10.561
2023,Norte de Santander,"Suministro de electricidad, gas, agua y gestión de desechos",8.402
2024,Norte de Santander,"Suministro de electricidad, gas, agua y gestión de desechos",9.313
2025,Norte de Santander,"Suministro de electricidad, gas, agua y gestión de desechos",9.574
2015,Norte de Santander,Construcción,38.486872000000005
2016,Norte de Santander,Construcción,37.8153
2017,Norte de Santander,Construcción,38.331914
2018,Norte de Santander,Construcción,37.565356
2019,Norte de Santander,Construcción,38.890305999999995
2020,Norte de Santander,Construcción,35.379945
2021,Norte de Santander,Construcción,52.514
2022,Norte de Santander,Construcción,50.515
2023,Norte de Santander,Construcción,54.39
2024,Norte de Santander,Construcción,51.286
2025,Norte de Santander,Construcción,47.592
2015,Norte de Santander,Comercio y reparación de vehículos,135.773143
2016,Norte de Santander,Comercio y reparación de vehículos,130.32422599999998
2017,Norte de Santander,Comercio y reparación de vehículos,137.197891
2018,Norte de Santander,Comercio y reparación de vehículos,138.54384299999998
2019,Norte de Santander,Comercio y reparación de vehículos,139.41206400000002
2020,Norte de Santander,Comercio y reparación de vehículos,130.164674
2021,Norte de Santander,Comercio y reparación de vehículos,138.626
2022,Norte de Santander,Comercio y reparación de vehículos,139.924
2023,Norte de Santander,Comercio y reparación de vehículos,145.247
2024,Norte de Santander,Comercio y reparación de vehículos,133.812
2025,Norte de Santander,Comercio y reparación de vehículos,142.563
2015,Norte de Santander,Alojamiento y servicios de comida,42.94116
2016,Norte de Santander,Alojamiento y servicios de comida,48.15401
2017,Norte de Santander,Alojamiento y servicios de comida,48.963260999999996
2018,Norte de Santander,Alojamiento y servicios de comida,45.246849000000005
2019,Norte de Santander,Alojamiento y servicios de comida,49.034613
2020,Norte de Santander,Alojamiento y servicios de comida,38.104271
2021,Norte de Santander,Alojamiento y servicios de comida,48.011
2022,Norte de Santander,Alojamiento y servicios de comida,45.258
2023,Norte de Santander,Alojamiento y servicios de comida,47.832
2024,Norte de Santander,Alojamiento y servicios de comida,45.015
2025,Norte de Santander,Alojamiento y servicios de comida,50.748
2015,Norte de Santander,Transporte y almacenamiento,42.716489
2016,Norte de Santander,Transporte y almacenamiento,42.32012400000001
2017,Norte de Santander,Transporte y almacenamiento,43.372702
2018,Norte de Santander,Transporte y almacenamiento,43.810173999999996
2019,Norte de Santander,Transporte y almacenamiento,44.590284
2020,Norte de Santander,Transporte y almacenamiento,41.590606
2021,Norte de Santander,Transporte y almacenamiento,45.642
2022,Norte de Santander,Transporte y almacenamiento,46.172
2023,Norte de Santander,Transporte y almacenamiento,45.307
2024,Norte de Santander,Transporte y almacenamiento,43.753
2025,Norte de Santander,Transporte y almacenamiento,49.041
2015,Norte de Santander,Información y comunicaciones,9.040712
2016,Norte de Santander,Información y comunicaciones,8.449736000000001
2017,Norte de Santander,Información y comunicaciones,7.851178
2018,Norte de Santander,Información y comunicaciones,6.655893
2019,Norte de Santander,Información y comunicaciones,5.693218
2020,Norte de Santander,Información y comunicaciones,5.019571
2021,Norte de Santander,Información y comunicaciones,6.102
2022,Norte de Santander,Información y comunicaciones,6.266
2023,Norte de Santander,Información y comunicaciones,5.282
2024,Norte de Santander,Información y comunicaciones,5.282
2025,Norte de Santander,Información y comunicaciones,5.387
2015,Norte de Santander,Actividades financieras y de seguros,7.008117
2016,Norte de Santander,Actividades financieras y de seguros,5.276914
2017,Norte de Santander,Actividades financieras y de seguros,6.457228
2018,Norte de Santander,Actividades financieras y de seguros,6.747539
2019,Norte de Santander,Actividades financieras y de seguros,5.032934
2020,Norte de Santander,Actividades financieras y de seguros,4.24642
2021,Norte de Santander,Actividades financieras y de seguros,5.516
2022,Norte de Santander,Actividades financieras y de seguros,6.985
2023,Norte de Santander,Actividades financieras y de seguros,7.172
2024,Norte de Santander,Actividades financieras y de seguros,8.611
2025,Norte de Santander,Actividades financieras y de seguros,7.403
2015,Norte de Santander,Actividades inmobiliarias,4.021556
2016,Norte de Santander,Actividades inmobiliarias,4.225103
2017,Norte de Santander,Actividades inmobiliarias,3.339169
2018,Norte de Santander,Actividades inmobiliarias,3.9879830000000003
2019,Norte de Santander,Actividades inmobiliarias,4.257936
2020,Norte de Santander,Actividades inmobiliarias,3.409491
2021,Norte de Santander,Actividades inmobiliarias,4.543
2022,Norte de Santander,Actividades inmobiliarias,4.228
2023,Norte de Santander,Actividades inmobiliarias,5.027
2024,Norte de Santander,Actividades inmobiliarias,4.553
2025,Norte de Santander,Actividades inmobiliarias,5.617
2015,Norte de Santander,"Actividades profesionales, científicas, técnicas y de servicios administrativos",28.407231
2016,Norte de Santander,"Actividades profesionales, científicas, técnicas y de servicios administrativos",32.177096
2017,Norte de Santander,"Actividades profesionales, científicas, técnicas y de servicios administrativos",29.028564
2018,Norte de Santander,"Actividades profesionales, científicas, técnicas y de servicios administrativos",29.865544000000003
2019,Norte de Santander,"Actividades profesionales, científicas, técnicas y de servicios administrativos",35.516344
2020,Norte de Santander,"Actividades profesionales, científicas, técnicas y de servicios administrativos",29.383811
2021,Norte de Santander,"Actividades profesionales, científicas, técnicas y de servicios administrativos",37.231
2022,Norte de Santander,"Actividades profesionales, científicas, técnicas y de servicios administrativos",42.771
2023,Norte de Santander,"Actividades profesionales, científicas, técnicas y de servicios administrativos",44.115
2024,Norte de Santander,"Actividades profesionales, científicas, técnicas y de servicios administrativos",46.024
2025,Norte de Santander,"Actividades profesionales, científicas, técnicas y de servicios administrativos",47.077
2015,Norte de Santander,"Administración pública y defensa, educación y atención de la salud humana",62.983243
2016,Norte de Santander,"Administración pública y defensa, educación y atención de la salud humana",70.193719
2017,Norte de Santander,"Administración pública y defensa, educación y atención de la salud humana",62.226567
2018,Norte de Santander,"Administración pública y defensa, educación y atención de la salud humana",63.484688
2019,Norte de Santander,"Administración pública y defensa, educación y atención de la salud humana",64.927567
2020,Norte de Santander,"Administración pública y defensa, educación y atención de la salud humana",67.590712
2021,Norte de Santander,"Administración pública y defensa, educación y atención de la salud humana",63.573
2022,Norte de Santander,"Administración pública y defensa, educación y atención de la salud humana",67.55
2023,Norte de Santander,"Administración pública y defensa, educación y atención de la salud humana",69.305
2024,Norte de Santander,"Administración pública y defensa, educación y atención de la salud humana",68.802
2025,Norte de Santander,"Administración pública y defensa, educación y atención de la salud humana",72.577
2015,Norte de Santander,"Actividades artísticas, entretenimiento, recreación y otras actividades de servicios",48.207443
2016,Norte de Santander,"Actividades artísticas, entretenimiento, recreación y otras actividades de servicios",50.837548000000005
2017,Norte de Santander,"Actividades artísticas, entretenimiento, recreación y otras actividades de servicios",49.476233
2018,Norte de Santander,"Actividades artísticas, entretenimiento, recreación y otras actividades de servicios",50.661652000000004
2019,Norte de Santander,"Actividades artísticas, entretenimiento, recreación y otras actividades de servicios",57.499421999999996
2020,Norte de Santander,"Actividades artísticas, entretenimiento, recreación y otras actividades de servicios",45.423542000000005
2021,Norte de Santander,"Actividades artísticas, entretenimiento, recreación y otras actividades de servicios",52.528
2022,Norte de Santander,"Actividades artísticas, entretenimiento, recreación y otras actividades de servicios",52.31
2023,Norte de Santander,"Actividades artísticas, entretenimiento, recreación y otras actividades de servicios",53.964
2024,Norte de Santander,"Actividades artísticas, entretenimiento, recreación y otras actividades de servicios",51.829
2025,Norte de Santander,"Actividades artísticas, entretenimiento, recreación y otras actividades de servicios",53.103
2015,Quindío,Total ocupados,235.781181
2016,Quindío,Total ocupados,236.623578
2017,Quindío,Total ocupados,236.291331
2018,Quindío,Total ocupados,236.643914
2019,Quindío,Total ocupados,232.020068
2020,Quindío,Total ocupados,195.471391
2021,Quindío,Total ocupados,215.889
2022,Quindío,Total ocupados,233.49
2023,Quindío,Total ocupados,226.607
2024,Quindío,Total ocupados,244.68
2025,Quindío,Total ocupados,262.303
2015,Quindío,No informa,0.011793
2016,Quindío,No informa,0.0
2017,Quindío,No informa,0.009662
2018,Quindío,No informa,0.01314
2019,Quindío,No informa,0.0
2020,Quindío,No informa,0.039954
2021,Quindío,No informa,0.328
2022,Quindío,No informa,0.205
2023,Quindío,No informa,0.011
2024,Quindío,No informa,0.043
2025,Quindío,No informa,0.0
2015,Quindío,"Agricultura, ganadería, caza, silvicultura y pesca",34.781027
2016,Quindío,"Agricultura, ganadería, caza, silvicultura y pesca",34.435423
2017,Quindío,"Agricultura, ganadería, caza, silvicultura y pesca",34.273663
2018,Quindío,"Agricultura, ganadería, caza, silvicultura y pesca",34.186857
2019,Quindío,"Agricultura, ganadería, caza, silvicultura y pesca",35.020693
2020,Quindío,"Agricultura, ganadería, caza, silvicultura y pesca",32.566253
2021,Quindío,"Agricultura, ganadería, caza, silvicultura y pesca",28.92
2022,Quindío,"Agricultura, ganadería, caza, silvicultura y pesca",29.388
2023,Quindío,"Agricultura, ganadería, caza, silvicultura y pesca",26.905
2024,Quindío,"Agricultura, ganadería, caza, silvicultura y pesca",28.017
2025,Quindío,"Agricultura, ganadería, caza, silvicultura y pesca",29.163
2015,Quindío,Explotación de minas y canteras,0.112571
2016,Quindío,Explotación de minas y canteras,0.135417
2017,Quindío,Explotación de minas y canteras,0.36547500000000005
2018,Quindío,Explotación de minas y canteras,0.47265300000000005
2019,Quindío,Explotación de minas y canteras,0.48431799999999997
2020,Quindío,Explotación de minas y canteras,0.290719
2021,Quindío,Explotación de minas y canteras,0.311
2022,Quindío,Explotación de minas y canteras,0.24
2023,Quindío,Explotación de minas y canteras,0.146
2024,Quindío,Explotación de minas y canteras,0.283
2025,Quindío,Explotación de minas y canteras,0.194
2015,Quindío,Industrias manufactureras,17.519272
2016,Quindío,Industrias manufactureras,18.629868
2017,Quindío,Industrias manufactureras,21.303005000000002
2018,Quindío,Industrias manufactureras,20.798277
2019,Quindío,Industrias manufactureras,19.169702
2020,Quindío,Industrias manufactureras,16.434209
2021,Quindío,Industrias manufactureras,14.645
2022,Quindío,Industrias manufactureras,19.758
2023,Quindío,Industrias manufactureras,17.956
2024,Quindío,Industrias manufactureras,20.68
2025,Quindío,Industrias manufactureras,23.121
2015,Quindío,"Suministro de electricidad, gas, agua y gestión de desechos",3.0845439999999997
2016,Quindío,"Suministro de electricidad, gas, agua y gestión de desechos",2.557718
2017,Quindío,"Suministro de electricidad, gas, agua y gestión de desechos",2.446791
2018,Quindío,"Suministro de electricidad, gas, agua y gestión de desechos",2.579762
2019,Quindío,"Suministro de electricidad, gas, agua y gestión de desechos",2.267491
2020,Quindío,"Suministro de electricidad, gas, agua y gestión de desechos",2.717664
2021,Quindío,"Suministro de electricidad, gas, agua y gestión de desechos",3.114
2022,Quindío,"Suministro de electricidad, gas, agua y gestión de desechos",3.311
2023,Quindío,"Suministro de electricidad, gas, agua y gestión de desechos",3.289
2024,Quindío,"Suministro de electricidad, gas, agua y gestión de desechos",3.011
2025,Quindío,"Suministro de electricidad, gas, agua y gestión de desechos",3.54
2015,Quindío,Construcción,19.354465
2016,Quindío,Construcción,21.357955999999998
2017,Quindío,Construcción,18.481008999999997
2018,Quindío,Construcción,18.191165
2019,Quindío,Construcción,18.752159
2020,Quindío,Construcción,14.663017
2021,Quindío,Construcción,19.284
2022,Quindío,Construcción,20.601
2023,Quindío,Construcción,19.529
2024,Quindío,Construcción,17.456
2025,Quindío,Construcción,19.963
2015,Quindío,Comercio y reparación de vehículos,49.691485
2016,Quindío,Comercio y reparación de vehículos,49.157652999999996
2017,Quindío,Comercio y reparación de vehículos,47.235265
2018,Quindío,Comercio y reparación de vehículos,48.089443
2019,Quindío,Comercio y reparación de vehículos,47.405525999999995
2020,Quindío,Comercio y reparación de vehículos,37.442266000000004
2021,Quindío,Comercio y reparación de vehículos,45.164
2022,Quindío,Comercio y reparación de vehículos,45.368
2023,Quindío,Comercio y reparación de vehículos,42.143
2024,Quindío,Comercio y reparación de vehículos,45.588
2025,Quindío,Comercio y reparación de vehículos,48.812
2015,Quindío,Alojamiento y servicios de comida,22.035008
2016,Quindío,Alojamiento y servicios de comida,24.119275000000002
2017,Quindío,Alojamiento y servicios de comida,24.824933
2018,Quindío,Alojamiento y servicios de comida,23.589925
2019,Quindío,Alojamiento y servicios de comida,24.205396
2020,Quindío,Alojamiento y servicios de comida,16.404707
2021,Quindío,Alojamiento y servicios de comida,19.953
2022,Quindío,Alojamiento y servicios de comida,22.324
2023,Quindío,Alojamiento y servicios de comida,22.348
2024,Quindío,Alojamiento y servicios de comida,26.536
2025,Quindío,Alojamiento y servicios de comida,30.672
2015,Quindío,Transporte y almacenamiento,12.870669
2016,Quindío,Transporte y almacenamiento,13.322522999999999
2017,Quindío,Transporte y almacenamiento,13.813116
2018,Quindío,Transporte y almacenamiento,12.063134
2019,Quindío,Transporte y almacenamiento,13.058815000000001
2020,Quindío,Transporte y almacenamiento,12.074264999999999
2021,Quindío,Transporte y almacenamiento,11.901
2022,Quindío,Transporte y almacenamiento,11.893
2023,Quindío,Transporte y almacenamiento,12.684
2024,Quindío,Transporte y almacenamiento,13.267
2025,Quindío,Transporte y almacenamiento,14.372
2015,Quindío,Información y comunicaciones,3.762496
2016,Quindío,Información y comunicaciones,3.8714079999999997
2017,Quindío,Información y comunicaciones,4.321668
2018,Quindío,Información y comunicaciones,3.564664
2019,Quindío,Información y comunicaciones,3.0802910000000003
2020,Quindío,Información y comunicaciones,2.45646
2021,Quindío,Información y comunicaciones,3.027
2022,Quindío,Información y comunicaciones,3.725
2023,Quindío,Información y comunicaciones,4.323
2024,Quindío,Información y comunicaciones,4.026
2025,Quindío,Información y comunicaciones,4.677
2015,Quindío,Actividades financieras y de seguros,2.69477
2016,Quindío,Actividades financieras y de seguros,2.3995729999999997
2017,Quindío,Actividades financieras y de seguros,2.226609
2018,Quindío,Actividades financieras y de seguros,2.241358
2019,Quindío,Actividades financieras y de seguros,2.277189
2020,Quindío,Actividades financieras y de seguros,2.469986
2021,Quindío,Actividades financieras y de seguros,2.796
2022,Quindío,Actividades financieras y de seguros,3.015
2023,Quindío,Actividades financieras y de seguros,3.293
2024,Quindío,Actividades financieras y de seguros,3.825
2025,Quindío,Actividades financieras y de seguros,2.995
2015,Quindío,Actividades inmobiliarias,3.150913
2016,Quindío,Actividades inmobiliarias,3.609075
2017,Quindío,Actividades inmobiliarias,3.521221
2018,Quindío,Actividades inmobiliarias,4.251898
2019,Quindío,Actividades inmobiliarias,3.609992
2020,Quindío,Actividades inmobiliarias,3.9058699999999997
2021,Quindío,Actividades inmobiliarias,2.431
2022,Quindío,Actividades inmobiliarias,3.097
2023,Quindío,Actividades inmobiliarias,3.948
2024,Quindío,Actividades inmobiliarias,4.281
2025,Quindío,Actividades inmobiliarias,5.601
2015,Quindío,"Actividades profesionales, científicas, técnicas y de servicios administrativos",15.439072
2016,Quindío,"Actividades profesionales, científicas, técnicas y de servicios administrativos",14.724049
2017,Quindío,"Actividades profesionales, científicas, técnicas y de servicios administrativos",15.364788
2018,Quindío,"Actividades profesionales, científicas, técnicas y de servicios administrativos",14.605409
2019,Quindío,"Actividades profesionales, científicas, técnicas y de servicios administrativos",13.875461999999999
2020,Quindío,"Actividades profesionales, científicas, técnicas y de servicios administrativos",12.503625
2021,Quindío,"Actividades profesionales, científicas, técnicas y de servicios administrativos",19.949
2022,Quindío,"Actividades profesionales, científicas, técnicas y de servicios administrativos",18.439
2023,Quindío,"Actividades profesionales, científicas, técnicas y de servicios administrativos",19.462
2024,Quindío,"Actividades profesionales, científicas, técnicas y de servicios administrativos",18.732
2025,Quindío,"Actividades profesionales, científicas, técnicas y de servicios administrativos",18.748
2015,Quindío,"Administración pública y defensa, educación y atención de la salud humana",27.321573
2016,Quindío,"Administración pública y defensa, educación y atención de la salud humana",26.387014999999998
2017,Quindío,"Administración pública y defensa, educación y atención de la salud humana",25.227134999999997
2018,Quindío,"Administración pública y defensa, educación y atención de la salud humana",28.01414
2019,Quindío,"Administración pública y defensa, educación y atención de la salud humana",25.835073
2020,Quindío,"Administración pública y defensa, educación y atención de la salud humana",23.644638
2021,Quindío,"Administración pública y defensa, educación y atención de la salud humana",26.75
2022,Quindío,"Administración pública y defensa, educación y atención de la salud humana",31.241
2023,Quindío,"Administración pública y defensa, educación y atención de la salud humana",29.639
2024,Quindío,"Administración pública y defensa, educación y atención de la salud humana",33.114
2025,Quindío,"Administración pública y defensa, educación y atención de la salud humana",32.188
2015,Quindío,"Actividades artísticas, entretenimiento, recreación y otras actividades de servicios",23.951524000000003
2016,Quindío,"Actividades artísticas, entretenimiento, recreación y otras actividades de servicios",21.916625
2017,Quindío,"Actividades artísticas, entretenimiento, recreación y otras actividades de servicios",22.876990000000003
2018,Quindío,"Actividades artísticas, entretenimiento, recreación y otras actividades de servicios",23.982089
2019,Quindío,"Actividades artísticas, entretenimiento, recreación y otras actividades de servicios",22.977959
2020,Quindío,"Actividades artísticas, entretenimiento, recreación y otras actividades de servicios",17.857758999999998
2021,Quindío,"Actividades artísticas, entretenimiento, recreación y otras actividades de servicios",17.318
2022,Quindío,"Actividades artísticas, entretenimiento, recreación y otras actividades de servicios",20.885
2023,Quindío,"Actividades artísticas, entretenimiento, recreación y otras actividades de servicios",20.934
2024,Quindío,"Actividades artísticas, entretenimiento, recreación y otras actividades de servicios",25.82
2025,Quindío,"Actividades artísticas, entretenimiento, recreación y otras actividades de servicios",28.258
2015,Risaralda,Total ocupados,419.038208
2016,Risaralda,Total ocupados,434.549127
2017,Risaralda,Total ocupados,439.13019099999997
2018,Risaralda,Total ocupados,444.164605
2019,Risaralda,Total ocupados,434.788739
2020,Risaralda,Total ocupados,376.76608799999997
2021,Risaralda,Total ocupados,381.091
2022,Risaralda,Total ocupados,411.814
2023,Risaralda,Total ocupados,426.973
2024,Risaralda,Total ocupados,437.066
2025,Risaralda,Total ocupados,456.169
2015,Risaralda,No informa,0.0
2016,Risaralda,No informa,0.0
2017,Risaralda,No informa,0.023484
2018,Risaralda,No informa,0.02225
2019,Risaralda,No informa,0.0
2020,Risaralda,No informa,0.223553
2021,Risaralda,No informa,0.348
2022,Risaralda,No informa,0.178
2023,Risaralda,No informa,0.068
2024,Risaralda,No informa,0.0
2025,Risaralda,No informa,0.0
2015,Risaralda,"Agricultura, ganadería, caza, silvicultura y pesca",63.196059
2016,Risaralda,"Agricultura, ganadería, caza, silvicultura y pesca",67.37788400000001
2017,Risaralda,"Agricultura, ganadería, caza, silvicultura y pesca",64.707049
2018,Risaralda,"Agricultura, ganadería, caza, silvicultura y pesca",71.305221
2019,Risaralda,"Agricultura, ganadería, caza, silvicultura y pesca",64.606005
2020,Risaralda,"Agricultura, ganadería, caza, silvicultura y pesca",58.607174
2021,Risaralda,"Agricultura, ganadería, caza, silvicultura y pesca",44.003
2022,Risaralda,"Agricultura, ganadería, caza, silvicultura y pesca",49.013
2023,Risaralda,"Agricultura, ganadería, caza, silvicultura y pesca",53.338
2024,Risaralda,"Agricultura, ganadería, caza, silvicultura y pesca",54.057
2025,Risaralda,"Agricultura, ganadería, caza, silvicultura y pesca",54.304
2015,Risaralda,Explotación de minas y canteras,1.093779
2016,Risaralda,Explotación de minas y canteras,1.782836
2017,Risaralda,Explotación de minas y canteras,1.541376
2018,Risaralda,Explotación de minas y canteras,1.434732
2019,Risaralda,Explotación de minas y canteras,1.824481
2020,Risaralda,Explotación de minas y canteras,1.82775
2021,Risaralda,Explotación de minas y canteras,2.291
2022,Risaralda,Explotación de minas y canteras,2.925
2023,Risaralda,Explotación de minas y canteras,1.855
2024,Risaralda,Explotación de minas y canteras,2.253
2025,Risaralda,Explotación de minas y canteras,2.342
2015,Risaralda,Industrias manufactureras,57.483226
2016,Risaralda,Industrias manufactureras,54.215728000000006
2017,Risaralda,Industrias manufactureras,56.03942
2018,Risaralda,Industrias manufactureras,55.923057
2019,Risaralda,Industrias manufactureras,55.596911999999996
2020,Risaralda,Industrias manufactureras,46.929193
2021,Risaralda,Industrias manufactureras,44.443
2022,Risaralda,Industrias manufactureras,48.193
2023,Risaralda,Industrias manufactureras,48.193
2024,Risaralda,Industrias manufactureras,49.013
2025,Risaralda,Industrias manufactureras,55.462
2015,Risaralda,"Suministro de electricidad, gas, agua y gestión de desechos",2.810668
2016,Risaralda,"Suministro de electricidad, gas, agua y gestión de desechos",3.408967
2017,Risaralda,"Suministro de electricidad, gas, agua y gestión de desechos",3.253426
2018,Risaralda,"Suministro de electricidad, gas, agua y gestión de desechos",3.0951329999999997
2019,Risaralda,"Suministro de electricidad, gas, agua y gestión de desechos",3.0852820000000003
2020,Risaralda,"Suministro de electricidad, gas, agua y gestión de desechos",3.1482229999999998
2021,Risaralda,"Suministro de electricidad, gas, agua y gestión de desechos",4.434
2022,Risaralda,"Suministro de electricidad, gas, agua y gestión de desechos",4.601
2023,Risaralda,"Suministro de electricidad, gas, agua y gestión de desechos",4.543
2024,Risaralda,"Suministro de electricidad, gas, agua y gestión de desechos",6.594
2025,Risaralda,"Suministro de electricidad, gas, agua y gestión de desechos",5.29
2015,Risaralda,Construcción,29.267371
2016,Risaralda,Construcción,32.158375
2017,Risaralda,Construcción,34.875643
2018,Risaralda,Construcción,30.410878
2019,Risaralda,Construcción,34.432573
2020,Risaralda,Construcción,29.124183000000002
2021,Risaralda,Construcción,33.25
2022,Risaralda,Construcción,33.266
2023,Risaralda,Construcción,34.218
2024,Risaralda,Construcción,40.211
2025,Risaralda,Construcción,36.883
2015,Risaralda,Comercio y reparación de vehículos,82.41497
2016,Risaralda,Comercio y reparación de vehículos,85.27941
2017,Risaralda,Comercio y reparación de vehículos,86.961484
2018,Risaralda,Comercio y reparación de vehículos,83.952287
2019,Risaralda,Comercio y reparación de vehículos,83.76753500000001
2020,Risaralda,Comercio y reparación de vehículos,75.606737
2021,Risaralda,Comercio y reparación de vehículos,74.904
2022,Risaralda,Comercio y reparación de vehículos,81.774
2023,Risaralda,Comercio y reparación de vehículos,76.77
2024,Risaralda,Comercio y reparación de vehículos,83.864
2025,Risaralda,Comercio y reparación de vehículos,85.197
2015,Risaralda,Alojamiento y servicios de comida,33.831649
2016,Risaralda,Alojamiento y servicios de comida,36.106804
2017,Risaralda,Alojamiento y servicios de comida,33.222322999999996
2018,Risaralda,Alojamiento y servicios de comida,35.221892
2019,Risaralda,Alojamiento y servicios de comida,33.809354
2020,Risaralda,Alojamiento y servicios de comida,27.030476
2021,Risaralda,Alojamiento y servicios de comida,24.425
2022,Risaralda,Alojamiento y servicios de comida,26.797
2023,Risaralda,Alojamiento y servicios de comida,32.69
2024,Risaralda,Alojamiento y servicios de comida,33.571
2025,Risaralda,Alojamiento y servicios de comida,39.005
2015,Risaralda,Transporte y almacenamiento,21.385822
2016,Risaralda,Transporte y almacenamiento,24.082161
2017,Risaralda,Transporte y almacenamiento,23.170682
2018,Risaralda,Transporte y almacenamiento,22.925639
2019,Risaralda,Transporte y almacenamiento,23.967842
2020,Risaralda,Transporte y almacenamiento,18.889084999999998
2021,Risaralda,Transporte y almacenamiento,21.746
2022,Risaralda,Transporte y almacenamiento,24.403
2023,Risaralda,Transporte y almacenamiento,27.461
2024,Risaralda,Transporte y almacenamiento,24.502
2025,Risaralda,Transporte y almacenamiento,27.789
2015,Risaralda,Información y comunicaciones,8.015827
2016,Risaralda,Información y comunicaciones,6.698707000000001
2017,Risaralda,Información y comunicaciones,5.669161
2018,Risaralda,Información y comunicaciones,5.690559
2019,Risaralda,Información y comunicaciones,6.037560999999999
2020,Risaralda,Información y comunicaciones,5.702193
2021,Risaralda,Información y comunicaciones,6.626
2022,Risaralda,Información y comunicaciones,7.392
2023,Risaralda,Información y comunicaciones,7.914
2024,Risaralda,Información y comunicaciones,6.961
2025,Risaralda,Información y comunicaciones,6.228
2015,Risaralda,Actividades financieras y de seguros,4.826897
2016,Risaralda,Actividades financieras y de seguros,4.919978
2017,Risaralda,Actividades financieras y de seguros,4.65979
2018,Risaralda,Actividades financieras y de seguros,4.757343
2019,Risaralda,Actividades financieras y de seguros,3.827391
2020,Risaralda,Actividades financieras y de seguros,4.132876
2021,Risaralda,Actividades financieras y de seguros,5.717
2022,Risaralda,Actividades financieras y de seguros,6.5
2023,Risaralda,Actividades financieras y de seguros,6.1
2024,Risaralda,Actividades financieras y de seguros,5.114
2025,Risaralda,Actividades financieras y de seguros,6.234
2015,Risaralda,Actividades inmobiliarias,6.1336949999999995
2016,Risaralda,Actividades inmobiliarias,6.34091
2017,Risaralda,Actividades inmobiliarias,7.122699
2018,Risaralda,Actividades inmobiliarias,6.666423
2019,Risaralda,Actividades inmobiliarias,7.757896
2020,Risaralda,Actividades inmobiliarias,5.921386
2021,Risaralda,Actividades inmobiliarias,4.11
2022,Risaralda,Actividades inmobiliarias,4.344
2023,Risaralda,Actividades inmobiliarias,5.709
2024,Risaralda,Actividades inmobiliarias,6.578
2025,Risaralda,Actividades inmobiliarias,7.909
2015,Risaralda,"Actividades profesionales, científicas, técnicas y de servicios administrativos",25.709273
2016,Risaralda,"Actividades profesionales, científicas, técnicas y de servicios administrativos",28.061079000000003
2017,Risaralda,"Actividades profesionales, científicas, técnicas y de servicios administrativos",28.877339
2018,Risaralda,"Actividades profesionales, científicas, técnicas y de servicios administrativos",31.547607
2019,Risaralda,"Actividades profesionales, científicas, técnicas y de servicios administrativos",30.025907
2020,Risaralda,"Actividades profesionales, científicas, técnicas y de servicios administrativos",26.58174
2021,Risaralda,"Actividades profesionales, científicas, técnicas y de servicios administrativos",32.428
2022,Risaralda,"Actividades profesionales, científicas, técnicas y de servicios administrativos",35.902
2023,Risaralda,"Actividades profesionales, científicas, técnicas y de servicios administrativos",38.999
2024,Risaralda,"Actividades profesionales, científicas, técnicas y de servicios administrativos",34.357
2025,Risaralda,"Actividades profesionales, científicas, técnicas y de servicios administrativos",36.353
2015,Risaralda,"Administración pública y defensa, educación y atención de la salud humana",42.10781
2016,Risaralda,"Administración pública y defensa, educación y atención de la salud humana",43.619849
2017,Risaralda,"Administración pública y defensa, educación y atención de la salud humana",45.733146
2018,Risaralda,"Administración pública y defensa, educación y atención de la salud humana",47.457888
2019,Risaralda,"Administración pública y defensa, educación y atención de la salud humana",43.199468
2020,Risaralda,"Administración pública y defensa, educación y atención de la salud humana",39.279154999999996
2021,Risaralda,"Administración pública y defensa, educación y atención de la salud humana",49.801
2022,Risaralda,"Administración pública y defensa, educación y atención de la salud humana",48.718
2023,Risaralda,"Administración pública y defensa, educación y atención de la salud humana",50.304
2024,Risaralda,"Administración pública y defensa, educación y atención de la salud humana",51.594
2025,Risaralda,"Administración pública y defensa, educación y atención de la salud humana",53.366
2015,Risaralda,"Actividades artísticas, entretenimiento, recreación y otras actividades de servicios",40.761163999999994
2016,Risaralda,"Actividades artísticas, entretenimiento, recreación y otras actividades de servicios",40.496438000000005
2017,Risaralda,"Actividades artísticas, entretenimiento, recreación y otras actividades de servicios",43.273171000000005
2018,Risaralda,"Actividades artísticas, entretenimiento, recreación y otras actividades de servicios",43.753695
2019,Risaralda,"Actividades artísticas, entretenimiento, recreación y otras actividades de servicios",42.850532
2020,Risaralda,"Actividades artísticas, entretenimiento, recreación y otras actividades de servicios",33.762364
2021,Risaralda,"Actividades artísticas, entretenimiento, recreación y otras actividades de servicios",32.564
2022,Risaralda,"Actividades artísticas, entretenimiento, recreación y otras actividades de servicios",37.808
2023,Risaralda,"Actividades artísticas, entretenimiento, recreación y otras actividades de servicios",38.812
2024,Risaralda,"Actividades artísticas, entretenimiento, recreación y otras actividades de servicios",38.398
2025,Risaralda,"Actividades artísticas, entretenimiento, recreación y otras actividades de servicios",39.805
2015,Santander,Total ocupados,1006.769881
2016,Santander,Total ocupados,1002.863458
2017,Santander,Total ocupados,995.633467
2018,Santander,Total ocupados,998.312268
2019,Santander,Total ocupados,973.438032
2020,Santander,Total ocupados,856.508977
2021,Santander,Total ocupados,908.153
2022,Santander,Total ocupados,1000.115
2023,Santander,Total ocupados,1051.597
2024,Santander,Total ocupados,1040.097
2025,Santander,Total ocupados,1062.185
2015,Santander,No informa,0.0
2016,Santander,No informa,0.151826
2017,Santander,No informa,0.040667999999999996
2018,Santander,No informa,0.0
2019,Santander,No informa,0.0
2020,Santander,No informa,0.223571
2021,Santander,No informa,1.18
2022,Santander,No informa,0.279
2023,Santander,No informa,0.0
2024,Santander,No informa,0.264
2025,Santander,No informa,0.0
2015,Santander,"Agricultura, ganadería, caza, silvicultura y pesca",201.65634899999998
2016,Santander,"Agricultura, ganadería, caza, silvicultura y pesca",202.936433
2017,Santander,"Agricultura, ganadería, caza, silvicultura y pesca",211.472511
2018,Santander,"Agricultura, ganadería, caza, silvicultura y pesca",232.09721299999998
2019,Santander,"Agricultura, ganadería, caza, silvicultura y pesca",204.659622
2020,Santander,"Agricultura, ganadería, caza, silvicultura y pesca",187.578196
2021,Santander,"Agricultura, ganadería, caza, silvicultura y pesca",149.361
2022,Santander,"Agricultura, ganadería, caza, silvicultura y pesca",159.504
2023,Santander,"Agricultura, ganadería, caza, silvicultura y pesca",176.435
2024,Santander,"Agricultura, ganadería, caza, silvicultura y pesca",175.667
2025,Santander,"Agricultura, ganadería, caza, silvicultura y pesca",182.549
2015,Santander,Explotación de minas y canteras,11.203271
2016,Santander,Explotación de minas y canteras,6.956078000000001
2017,Santander,Explotación de minas y canteras,9.542302
2018,Santander,Explotación de minas y canteras,11.108383
2019,Santander,Explotación de minas y canteras,12.507325000000002
2020,Santander,Explotación de minas y canteras,9.852506
2021,Santander,Explotación de minas y canteras,11.012
2022,Santander,Explotación de minas y canteras,9.838
2023,Santander,Explotación de minas y canteras,10.597
2024,Santander,Explotación de minas y canteras,11.933
2025,Santander,Explotación de minas y canteras,9.681
2015,Santander,Industrias manufactureras,131.47753400000002
2016,Santander,Industrias manufactureras,119.073818
2017,Santander,Industrias manufactureras,117.33926
2018,Santander,Industrias manufactureras,107.872779
2019,Santander,Industrias manufactureras,105.74087
2020,Santander,Industrias manufactureras,87.960056
2021,Santander,Industrias manufactureras,81.26
2022,Santander,Industrias manufactureras,101.787
2023,Santander,Industrias manufactureras,99.628
2024,Santander,Industrias manufactureras,100.338
2025,Santander,Industrias manufactureras,105.823
2015,Santander,"Suministro de electricidad, gas, agua y gestión de desechos",8.373496999999999
2016,Santander,"Suministro de electricidad, gas, agua y gestión de desechos",6.891227
2017,Santander,"Suministro de electricidad, gas, agua y gestión de desechos",8.151472
2018,Santander,"Suministro de electricidad, gas, agua y gestión de desechos",6.8826480000000005
2019,Santander,"Suministro de electricidad, gas, agua y gestión de desechos",7.90584
2020,Santander,"Suministro de electricidad, gas, agua y gestión de desechos",8.679724
2021,Santander,"Suministro de electricidad, gas, agua y gestión de desechos",10.992
2022,Santander,"Suministro de electricidad, gas, agua y gestión de desechos",12.47
2023,Santander,"Suministro de electricidad, gas, agua y gestión de desechos",14.071
2024,Santander,"Suministro de electricidad, gas, agua y gestión de desechos",12.839
2025,Santander,"Suministro de electricidad, gas, agua y gestión de desechos",13.02
2015,Santander,Construcción,74.055146
2016,Santander,Construcción,74.801746
2017,Santander,Construcción,68.90253299999999
2018,Santander,Construcción,63.975444
2019,Santander,Construcción,60.16621
2020,Santander,Construcción,52.609273
2021,Santander,Construcción,62.118
2022,Santander,Construcción,67.154
2023,Santander,Construcción,73.004
2024,Santander,Construcción,67.199
2025,Santander,Construcción,67.952
2015,Santander,Comercio y reparación de vehículos,179.62218900000002
2016,Santander,Comercio y reparación de vehículos,178.948197
2017,Santander,Comercio y reparación de vehículos,174.472503
2018,Santander,Comercio y reparación de vehículos,178.436655
2019,Santander,Comercio y reparación de vehículos,176.792715
2020,Santander,Comercio y reparación de vehículos,155.273911
2021,Santander,Comercio y reparación de vehículos,178.876
2022,Santander,Comercio y reparación de vehículos,186.341
2023,Santander,Comercio y reparación de vehículos,198.011
2024,Santander,Comercio y reparación de vehículos,193.318
2025,Santander,Comercio y reparación de vehículos,189.582
2015,Santander,Alojamiento y servicios de comida,71.11996400000001
2016,Santander,Alojamiento y servicios de comida,74.403078
2017,Santander,Alojamiento y servicios de comida,67.376915
2018,Santander,Alojamiento y servicios de comida,65.270818
2019,Santander,Alojamiento y servicios de comida,66.460712
2020,Santander,Alojamiento y servicios de comida,60.538511
2021,Santander,Alojamiento y servicios de comida,52.254
2022,Santander,Alojamiento y servicios de comida,62.96
2023,Santander,Alojamiento y servicios de comida,72.392
2024,Santander,Alojamiento y servicios de comida,76.387
2025,Santander,Alojamiento y servicios de comida,79.297
2015,Santander,Transporte y almacenamiento,64.526582
2016,Santander,Transporte y almacenamiento,67.301202
2017,Santander,Transporte y almacenamiento,63.006901
2018,Santander,Transporte y almacenamiento,64.493409
2019,Santander,Transporte y almacenamiento,68.243429
2020,Santander,Transporte y almacenamiento,58.253068
2021,Santander,Transporte y almacenamiento,75.279
2022,Santander,Transporte y almacenamiento,79.183
2023,Santander,Transporte y almacenamiento,89.368
2024,Santander,Transporte y almacenamiento,80.966
2025,Santander,Transporte y almacenamiento,85.827
2015,Santander,Información y comunicaciones,16.300883
2016,Santander,Información y comunicaciones,14.34895
2017,Santander,Información y comunicaciones,15.07864
2018,Santander,Información y comunicaciones,14.559657
2019,Santander,Información y comunicaciones,9.722091
2020,Santander,Información y comunicaciones,10.801853
2021,Santander,Información y comunicaciones,11.955
2022,Santander,Información y comunicaciones,12.736
2023,Santander,Información y comunicaciones,12.937
2024,Santander,Información y comunicaciones,12.701
2025,Santander,Información y comunicaciones,14.596
2015,Santander,Actividades financieras y de seguros,11.913794
2016,Santander,Actividades financieras y de seguros,12.176206
2017,Santander,Actividades financieras y de seguros,11.193342000000001
2018,Santander,Actividades financieras y de seguros,11.592362
2019,Santander,Actividades financieras y de seguros,12.406341000000001
2020,Santander,Actividades financieras y de seguros,12.459405
2021,Santander,Actividades financieras y de seguros,14.058
2022,Santander,Actividades financieras y de seguros,19.086
2023,Santander,Actividades financieras y de seguros,16.633
2024,Santander,Actividades financieras y de seguros,16.571
2025,Santander,Actividades financieras y de seguros,21.022
2015,Santander,Actividades inmobiliarias,9.871246
2016,Santander,Actividades inmobiliarias,11.897618
2017,Santander,Actividades inmobiliarias,13.28589
2018,Santander,Actividades inmobiliarias,10.945637000000001
2019,Santander,Actividades inmobiliarias,11.968611999999998
2020,Santander,Actividades inmobiliarias,8.285943
2021,Santander,Actividades inmobiliarias,8.919
2022,Santander,Actividades inmobiliarias,9.165
2023,Santander,Actividades inmobiliarias,12.753
2024,Santander,Actividades inmobiliarias,12.779
2025,Santander,Actividades inmobiliarias,16.44
2015,Santander,"Actividades profesionales, científicas, técnicas y de servicios administrativos",47.876332000000005
2016,Santander,"Actividades profesionales, científicas, técnicas y de servicios administrativos",53.702261
2017,Santander,"Actividades profesionales, científicas, técnicas y de servicios administrativos",55.650939
2018,Santander,"Actividades profesionales, científicas, técnicas y de servicios administrativos",57.008743
2019,Santander,"Actividades profesionales, científicas, técnicas y de servicios administrativos",51.441174
2020,Santander,"Actividades profesionales, científicas, técnicas y de servicios administrativos",50.222086000000004
2021,Santander,"Actividades profesionales, científicas, técnicas y de servicios administrativos",76.22
2022,Santander,"Actividades profesionales, científicas, técnicas y de servicios administrativos",82.064
2023,Santander,"Actividades profesionales, científicas, técnicas y de servicios administrativos",77.705
2024,Santander,"Actividades profesionales, científicas, técnicas y de servicios administrativos",75.698
2025,Santander,"Actividades profesionales, científicas, técnicas y de servicios administrativos",69.038
2015,Santander,"Administración pública y defensa, educación y atención de la salud humana",103.39449099999999
2016,Santander,"Administración pública y defensa, educación y atención de la salud humana",107.777195
2017,Santander,"Administración pública y defensa, educación y atención de la salud humana",104.371633
2018,Santander,"Administración pública y defensa, educación y atención de la salud humana",105.069863
2019,Santander,"Administración pública y defensa, educación y atención de la salud humana",104.35143
2020,Santander,"Administración pública y defensa, educación y atención de la salud humana",94.90214999999999
2021,Santander,"Administración pública y defensa, educación y atención de la salud humana",110.341
2022,Santander,"Administración pública y defensa, educación y atención de la salud humana",125.407
2023,Santander,"Administración pública y defensa, educación y atención de la salud humana",121.105
2024,Santander,"Administración pública y defensa, educación y atención de la salud humana",126.166
2025,Santander,"Administración pública y defensa, educación y atención de la salud humana",128.798
2015,Santander,"Actividades artísticas, entretenimiento, recreación y otras actividades de servicios",75.37860400000001
2016,Santander,"Actividades artísticas, entretenimiento, recreación y otras actividades de servicios",71.497624
2017,Santander,"Actividades artísticas, entretenimiento, recreación y otras actividades de servicios",75.747956
2018,Santander,"Actividades artísticas, entretenimiento, recreación y otras actividades de servicios",68.99865700000001
2019,Santander,"Actividades artísticas, entretenimiento, recreación y otras actividades de servicios",81.071662
2020,Santander,"Actividades artísticas, entretenimiento, recreación y otras actividades de servicios",58.868724
2021,Santander,"Actividades artísticas, entretenimiento, recreación y otras actividades de servicios",64.327
2022,Santander,"Actividades artísticas, entretenimiento, recreación y otras actividades de servicios",72.141
2023,Santander,"Actividades artísticas, entretenimiento, recreación y otras actividades de servicios",76.96
2024,Santander,"Actividades artísticas, entretenimiento, recreación y otras actividades de servicios",77.271
2025,Santander,"Actividades artísticas, entretenimiento, recreación y otras actividades de servicios",78.56
2015,Sucre,Total ocupados,364.727793
2016,Sucre,Total ocupados,381.52808799999997
2017,Sucre,Total ocupados,387.876656
2018,Sucre,Total ocupados,409.83094400000004
2019,Sucre,Total ocupados,405.279194
2020,Sucre,Total ocupados,366.87628600000005
2021,Sucre,Total ocupados,377.709
2022,Sucre,Total ocupados,380.396
2023,Sucre,Total ocupados,374.062
2024,Sucre,Total ocupados,379.729
2025,Sucre,Total ocupados,426.514
2015,Sucre,No informa,0.111989
2016,Sucre,No informa,0.021851
2017,Sucre,No informa,0.0
2018,Sucre,No informa,0.004155
2019,Sucre,No informa,0.0
2020,Sucre,No informa,0.006122
2021,Sucre,No informa,0.64
2022,Sucre,No informa,0.115
2023,Sucre,No informa,0.007
2024,Sucre,No informa,0.0
2025,Sucre,No informa,0.0
2015,Sucre,"Agricultura, ganadería, caza, silvicultura y pesca",82.57184600000001
2016,Sucre,"Agricultura, ganadería, caza, silvicultura y pesca",83.27603599999999
2017,Sucre,"Agricultura, ganadería, caza, silvicultura y pesca",93.591311
2018,Sucre,"Agricultura, ganadería, caza, silvicultura y pesca",100.965525
2019,Sucre,"Agricultura, ganadería, caza, silvicultura y pesca",99.286584
2020,Sucre,"Agricultura, ganadería, caza, silvicultura y pesca",91.656835
2021,Sucre,"Agricultura, ganadería, caza, silvicultura y pesca",86.704
2022,Sucre,"Agricultura, ganadería, caza, silvicultura y pesca",87.857
2023,Sucre,"Agricultura, ganadería, caza, silvicultura y pesca",86.658
2024,Sucre,"Agricultura, ganadería, caza, silvicultura y pesca",77.484
2025,Sucre,"Agricultura, ganadería, caza, silvicultura y pesca",92.931
2015,Sucre,Explotación de minas y canteras,0.586189
2016,Sucre,Explotación de minas y canteras,0.877568
2017,Sucre,Explotación de minas y canteras,0.227306
2018,Sucre,Explotación de minas y canteras,0.647961
2019,Sucre,Explotación de minas y canteras,0.621659
2020,Sucre,Explotación de minas y canteras,0.484315
2021,Sucre,Explotación de minas y canteras,1.947
2022,Sucre,Explotación de minas y canteras,1.111
2023,Sucre,Explotación de minas y canteras,1.808
2024,Sucre,Explotación de minas y canteras,2.283
2025,Sucre,Explotación de minas y canteras,1.351
2015,Sucre,Industrias manufactureras,28.475044
2016,Sucre,Industrias manufactureras,27.343862
2017,Sucre,Industrias manufactureras,31.299951
2018,Sucre,Industrias manufactureras,37.219288999999996
2019,Sucre,Industrias manufactureras,35.486216999999996
2020,Sucre,Industrias manufactureras,22.604273000000003
2021,Sucre,Industrias manufactureras,27.104
2022,Sucre,Industrias manufactureras,25.392
2023,Sucre,Industrias manufactureras,27.347
2024,Sucre,Industrias manufactureras,29.772
2025,Sucre,Industrias manufactureras,33.128
2015,Sucre,"Suministro de electricidad, gas, agua y gestión de desechos",3.207582
2016,Sucre,"Suministro de electricidad, gas, agua y gestión de desechos",1.972536
2017,Sucre,"Suministro de electricidad, gas, agua y gestión de desechos",3.128113
2018,Sucre,"Suministro de electricidad, gas, agua y gestión de desechos",2.594346
2019,Sucre,"Suministro de electricidad, gas, agua y gestión de desechos",2.521783
2020,Sucre,"Suministro de electricidad, gas, agua y gestión de desechos",2.595838
2021,Sucre,"Suministro de electricidad, gas, agua y gestión de desechos",3.337
2022,Sucre,"Suministro de electricidad, gas, agua y gestión de desechos",3.251
2023,Sucre,"Suministro de electricidad, gas, agua y gestión de desechos",3.29
2024,Sucre,"Suministro de electricidad, gas, agua y gestión de desechos",3.644
2025,Sucre,"Suministro de electricidad, gas, agua y gestión de desechos",3.429
2015,Sucre,Construcción,24.334557
2016,Sucre,Construcción,23.036204
2017,Sucre,Construcción,21.689246999999998
2018,Sucre,Construcción,24.797579000000002
2019,Sucre,Construcción,23.902348999999997
2020,Sucre,Construcción,22.47026
2021,Sucre,Construcción,23.774
2022,Sucre,Construcción,27.734
2023,Sucre,Construcción,24.512
2024,Sucre,Construcción,24.523
2025,Sucre,Construcción,27.141
2015,Sucre,Comercio y reparación de vehículos,67.482731
2016,Sucre,Comercio y reparación de vehículos,73.355508
2017,Sucre,Comercio y reparación de vehículos,76.637124
2018,Sucre,Comercio y reparación de vehículos,74.732806
2019,Sucre,Comercio y reparación de vehículos,76.517996
2020,Sucre,Comercio y reparación de vehículos,72.33499499999999
2021,Sucre,Comercio y reparación de vehículos,73.334
2022,Sucre,Comercio y reparación de vehículos,71.238
2023,Sucre,Comercio y reparación de vehículos,65.447
2024,Sucre,Comercio y reparación de vehículos,66.134
2025,Sucre,Comercio y reparación de vehículos,72.71
2015,Sucre,Alojamiento y servicios de comida,26.358781999999998
2016,Sucre,Alojamiento y servicios de comida,28.917518
2017,Sucre,Alojamiento y servicios de comida,26.498035
2018,Sucre,Alojamiento y servicios de comida,28.961955000000003
2019,Sucre,Alojamiento y servicios de comida,28.406924
2020,Sucre,Alojamiento y servicios de comida,33.535661
2021,Sucre,Alojamiento y servicios de comida,29.385
2022,Sucre,Alojamiento y servicios de comida,29.915
2023,Sucre,Alojamiento y servicios de comida,30.255
2024,Sucre,Alojamiento y servicios de comida,34.149
2025,Sucre,Alojamiento y servicios de comida,45.31
2015,Sucre,Transporte y almacenamiento,33.521255
2016,Sucre,Transporte y almacenamiento,38.987862
2017,Sucre,Transporte y almacenamiento,34.279044999999996
2018,Sucre,Transporte y almacenamiento,32.958400000000005
2019,Sucre,Transporte y almacenamiento,34.039357
2020,Sucre,Transporte y almacenamiento,29.874798
2021,Sucre,Transporte y almacenamiento,38.861
2022,Sucre,Transporte y almacenamiento,38.494
2023,Sucre,Transporte y almacenamiento,36.109
2024,Sucre,Transporte y almacenamiento,38.374
2025,Sucre,Transporte y almacenamiento,39.808
2015,Sucre,Información y comunicaciones,5.781143
2016,Sucre,Información y comunicaciones,5.000228
2017,Sucre,Información y comunicaciones,4.472456
2018,Sucre,Información y comunicaciones,4.637458
2019,Sucre,Información y comunicaciones,3.489837
2020,Sucre,Información y comunicaciones,3.3787350000000003
2021,Sucre,Información y comunicaciones,2.903
2022,Sucre,Información y comunicaciones,1.657
2023,Sucre,Información y comunicaciones,2.137
2024,Sucre,Información y comunicaciones,1.815
2025,Sucre,Información y comunicaciones,1.91
2015,Sucre,Actividades financieras y de seguros,2.522227
2016,Sucre,Actividades financieras y de seguros,2.756943
2017,Sucre,Actividades financieras y de seguros,3.7429870000000003
2018,Sucre,Actividades financieras y de seguros,3.5059270000000002
2019,Sucre,Actividades financieras y de seguros,3.292766
2020,Sucre,Actividades financieras y de seguros,3.134462
2021,Sucre,Actividades financieras y de seguros,2.645
2022,Sucre,Actividades financieras y de seguros,3.165
2023,Sucre,Actividades financieras y de seguros,3.332
2024,Sucre,Actividades financieras y de seguros,3.345
2025,Sucre,Actividades financieras y de seguros,3.771
2015,Sucre,Actividades inmobiliarias,0.5943440000000001
2016,Sucre,Actividades inmobiliarias,0.802702
2017,Sucre,Actividades inmobiliarias,0.657336
2018,Sucre,Actividades inmobiliarias,1.018549
2019,Sucre,Actividades inmobiliarias,0.942385
2020,Sucre,Actividades inmobiliarias,0.317601
2021,Sucre,Actividades inmobiliarias,0.471
2022,Sucre,Actividades inmobiliarias,0.603
2023,Sucre,Actividades inmobiliarias,0.908
2024,Sucre,Actividades inmobiliarias,0.571
2025,Sucre,Actividades inmobiliarias,0.887
2015,Sucre,"Actividades profesionales, científicas, técnicas y de servicios administrativos",9.140003
2016,Sucre,"Actividades profesionales, científicas, técnicas y de servicios administrativos",10.2276
2017,Sucre,"Actividades profesionales, científicas, técnicas y de servicios administrativos",9.576111999999998
2018,Sucre,"Actividades profesionales, científicas, técnicas y de servicios administrativos",11.177793
2019,Sucre,"Actividades profesionales, científicas, técnicas y de servicios administrativos",10.366119000000001
2020,Sucre,"Actividades profesionales, científicas, técnicas y de servicios administrativos",11.002123
2021,Sucre,"Actividades profesionales, científicas, técnicas y de servicios administrativos",17.421
2022,Sucre,"Actividades profesionales, científicas, técnicas y de servicios administrativos",16.367
2023,Sucre,"Actividades profesionales, científicas, técnicas y de servicios administrativos",17.894
2024,Sucre,"Actividades profesionales, científicas, técnicas y de servicios administrativos",19.519
2025,Sucre,"Actividades profesionales, científicas, técnicas y de servicios administrativos",18.509
2015,Sucre,"Administración pública y defensa, educación y atención de la salud humana",41.784372000000005
2016,Sucre,"Administración pública y defensa, educación y atención de la salud humana",39.912127
2017,Sucre,"Administración pública y defensa, educación y atención de la salud humana",37.965203
2018,Sucre,"Administración pública y defensa, educación y atención de la salud humana",40.214841
2019,Sucre,"Administración pública y defensa, educación y atención de la salud humana",42.107396
2020,Sucre,"Administración pública y defensa, educación y atención de la salud humana",38.390907
2021,Sucre,"Administración pública y defensa, educación y atención de la salud humana",36.521
2022,Sucre,"Administración pública y defensa, educación y atención de la salud humana",36.894
2023,Sucre,"Administración pública y defensa, educación y atención de la salud humana",38.707
2024,Sucre,"Administración pública y defensa, educación y atención de la salud humana",40.798
2025,Sucre,"Administración pública y defensa, educación y atención de la salud humana",40.4
2015,Sucre,"Actividades artísticas, entretenimiento, recreación y otras actividades de servicios",38.255727
2016,Sucre,"Actividades artísticas, entretenimiento, recreación y otras actividades de servicios",45.039544
2017,Sucre,"Actividades artísticas, entretenimiento, recreación y otras actividades de servicios",44.112430999999994
2018,Sucre,"Actividades artísticas, entretenimiento, recreación y otras actividades de servicios",46.394360999999996
2019,Sucre,"Actividades artísticas, entretenimiento, recreación y otras actividades de servicios",44.297822999999994
2020,Sucre,"Actividades artísticas, entretenimiento, recreación y otras actividades de servicios",35.089361
2021,Sucre,"Actividades artísticas, entretenimiento, recreación y otras actividades de servicios",32.662
2022,Sucre,"Actividades artísticas, entretenimiento, recreación y otras actividades de servicios",36.603
2023,Sucre,"Actividades artísticas, entretenimiento, recreación y otras actividades de servicios",35.651
2024,Sucre,"Actividades artísticas, entretenimiento, recreación y otras actividades de servicios",37.318
2025,Sucre,"Actividades artísticas, entretenimiento, recreación y otras actividades de servicios",45.229
2015,Tolima,Total ocupados,613.7031800000001
2016,Tolima,Total ocupados,613.180526
2017,Tolima,Total ocupados,601.018606
2018,Tolima,Total ocupados,576.188261
2019,Tolima,Total ocupados,536.468264
2020,Tolima,Total ocupados,458.766253
2021,Tolima,Total ocupados,472.731
2022,Tolima,Total ocupados,517.859
2023,Tolima,Total ocupados,534.222
2024,Tolima,Total ocupados,538.702
2025,Tolima,Total ocupados,597.09
2015,Tolima,No informa,0.0
2016,Tolima,No informa,0.0
2017,Tolima,No informa,0.0
2018,Tolima,No informa,0.0
2019,Tolima,No informa,0.0
2020,Tolima,No informa,0.013838
2021,Tolima,No informa,0.775
2022,Tolima,No informa,0.119
2023,Tolima,No informa,0.116
2024,Tolima,No informa,0.0
2025,Tolima,No informa,0.151
2015,Tolima,"Agricultura, ganadería, caza, silvicultura y pesca",189.27218299999998
2016,Tolima,"Agricultura, ganadería, caza, silvicultura y pesca",186.09628
2017,Tolima,"Agricultura, ganadería, caza, silvicultura y pesca",180.633214
2018,Tolima,"Agricultura, ganadería, caza, silvicultura y pesca",172.327522
2019,Tolima,"Agricultura, ganadería, caza, silvicultura y pesca",160.26787299999998
2020,Tolima,"Agricultura, ganadería, caza, silvicultura y pesca",147.630687
2021,Tolima,"Agricultura, ganadería, caza, silvicultura y pesca",128.107
2022,Tolima,"Agricultura, ganadería, caza, silvicultura y pesca",140.048
2023,Tolima,"Agricultura, ganadería, caza, silvicultura y pesca",149.883
2024,Tolima,"Agricultura, ganadería, caza, silvicultura y pesca",137.051
2025,Tolima,"Agricultura, ganadería, caza, silvicultura y pesca",156.811
2015,Tolima,Explotación de minas y canteras,2.4895140000000002
2016,Tolima,Explotación de minas y canteras,2.905399
2017,Tolima,Explotación de minas y canteras,3.5757939999999997
2018,Tolima,Explotación de minas y canteras,2.3566190000000002
2019,Tolima,Explotación de minas y canteras,1.5026469999999998
2020,Tolima,Explotación de minas y canteras,1.6171929999999999
2021,Tolima,Explotación de minas y canteras,3.535
2022,Tolima,Explotación de minas y canteras,3.489
2023,Tolima,Explotación de minas y canteras,3.54
2024,Tolima,Explotación de minas y canteras,2.911
2025,Tolima,Explotación de minas y canteras,4.239
2015,Tolima,Industrias manufactureras,47.328514999999996
2016,Tolima,Industrias manufactureras,43.134912
2017,Tolima,Industrias manufactureras,44.943427
2018,Tolima,Industrias manufactureras,45.314519
2019,Tolima,Industrias manufactureras,43.39692899999999
2020,Tolima,Industrias manufactureras,33.826978000000004
2021,Tolima,Industrias manufactureras,33.354
2022,Tolima,Industrias manufactureras,33.961
2023,Tolima,Industrias manufactureras,32.172
2024,Tolima,Industrias manufactureras,33.82
2025,Tolima,Industrias manufactureras,41.245
2015,Tolima,"Suministro de electricidad, gas, agua y gestión de desechos",4.7888280000000005
2016,Tolima,"Suministro de electricidad, gas, agua y gestión de desechos",5.83992
2017,Tolima,"Suministro de electricidad, gas, agua y gestión de desechos",3.81434
2018,Tolima,"Suministro de electricidad, gas, agua y gestión de desechos",4.970022
2019,Tolima,"Suministro de electricidad, gas, agua y gestión de desechos",4.548984000000001
2020,Tolima,"Suministro de electricidad, gas, agua y gestión de desechos",6.463193
2021,Tolima,"Suministro de electricidad, gas, agua y gestión de desechos",4.829
2022,Tolima,"Suministro de electricidad, gas, agua y gestión de desechos",6.304
2023,Tolima,"Suministro de electricidad, gas, agua y gestión de desechos",5.484
2024,Tolima,"Suministro de electricidad, gas, agua y gestión de desechos",6.871
2025,Tolima,"Suministro de electricidad, gas, agua y gestión de desechos",6.766
2015,Tolima,Construcción,34.370718000000004
2016,Tolima,Construcción,40.490359
2017,Tolima,Construcción,38.827688
2018,Tolima,Construcción,35.477669
2019,Tolima,Construcción,31.182926
2020,Tolima,Construcción,26.32347
2021,Tolima,Construcción,33.431
2022,Tolima,Construcción,37.939
2023,Tolima,Construcción,37.282
2024,Tolima,Construcción,38.755
2025,Tolima,Construcción,40.768
2015,Tolima,Comercio y reparación de vehículos,110.457934
2016,Tolima,Comercio y reparación de vehículos,112.84667
2017,Tolima,Comercio y reparación de vehículos,109.033399
2018,Tolima,Comercio y reparación de vehículos,107.499368
2019,Tolima,Comercio y reparación de vehículos,97.361996
2020,Tolima,Comercio y reparación de vehículos,85.018266
2021,Tolima,Comercio y reparación de vehículos,79.841
2022,Tolima,Comercio y reparación de vehículos,86.744
2023,Tolima,Comercio y reparación de vehículos,90.52
2024,Tolima,Comercio y reparación de vehículos,98.697
2025,Tolima,Comercio y reparación de vehículos,105.608
2015,Tolima,Alojamiento y servicios de comida,48.217517
2016,Tolima,Alojamiento y servicios de comida,53.372748
2017,Tolima,Alojamiento y servicios de comida,49.204080999999995
2018,Tolima,Alojamiento y servicios de comida,38.869624
2019,Tolima,Alojamiento y servicios de comida,39.024156000000005
2020,Tolima,Alojamiento y servicios de comida,31.43654
2021,Tolima,Alojamiento y servicios de comida,30.237
2022,Tolima,Alojamiento y servicios de comida,36.614
2023,Tolima,Alojamiento y servicios de comida,37.198
2024,Tolima,Alojamiento y servicios de comida,41.443
2025,Tolima,Alojamiento y servicios de comida,50.354
2015,Tolima,Transporte y almacenamiento,29.146731
2016,Tolima,Transporte y almacenamiento,30.644474
2017,Tolima,Transporte y almacenamiento,28.555445
2018,Tolima,Transporte y almacenamiento,25.866547999999998
2019,Tolima,Transporte y almacenamiento,26.514271
2020,Tolima,Transporte y almacenamiento,22.099348000000003
2021,Tolima,Transporte y almacenamiento,23.577
2022,Tolima,Transporte y almacenamiento,26.749
2023,Tolima,Transporte y almacenamiento,30.255
2024,Tolima,Transporte y almacenamiento,26.537
2025,Tolima,Transporte y almacenamiento,31.436
2015,Tolima,Información y comunicaciones,8.406977999999999
2016,Tolima,Información y comunicaciones,7.583246
2017,Tolima,Información y comunicaciones,5.593845999999999
2018,Tolima,Información y comunicaciones,5.130243999999999
2019,Tolima,Información y comunicaciones,6.131751
2020,Tolima,Información y comunicaciones,3.2541309999999997
2021,Tolima,Información y comunicaciones,4.977
2022,Tolima,Información y comunicaciones,4.18
2023,Tolima,Información y comunicaciones,5.146
2024,Tolima,Información y comunicaciones,4.863
2025,Tolima,Información y comunicaciones,5.421
2015,Tolima,Actividades financieras y de seguros,4.3610500000000005
2016,Tolima,Actividades financieras y de seguros,6.362308
2017,Tolima,Actividades financieras y de seguros,5.67923
2018,Tolima,Actividades financieras y de seguros,4.607470999999999
2019,Tolima,Actividades financieras y de seguros,4.265831
2020,Tolima,Actividades financieras y de seguros,3.875931
2021,Tolima,Actividades financieras y de seguros,4.844
2022,Tolima,Actividades financieras y de seguros,6.108
2023,Tolima,Actividades financieras y de seguros,6.548
2024,Tolima,Actividades financieras y de seguros,5.705
2025,Tolima,Actividades financieras y de seguros,7.179
2015,Tolima,Actividades inmobiliarias,3.233304
2016,Tolima,Actividades inmobiliarias,3.0323420000000003
2017,Tolima,Actividades inmobiliarias,3.952978
2018,Tolima,Actividades inmobiliarias,5.301633
2019,Tolima,Actividades inmobiliarias,4.026903
2020,Tolima,Actividades inmobiliarias,2.7463130000000002
2021,Tolima,Actividades inmobiliarias,3.33
2022,Tolima,Actividades inmobiliarias,4.175
2023,Tolima,Actividades inmobiliarias,3.61
2024,Tolima,Actividades inmobiliarias,4.898
2025,Tolima,Actividades inmobiliarias,6.112
2015,Tolima,"Actividades profesionales, científicas, técnicas y de servicios administrativos",25.157167
2016,Tolima,"Actividades profesionales, científicas, técnicas y de servicios administrativos",26.276971
2017,Tolima,"Actividades profesionales, científicas, técnicas y de servicios administrativos",28.576082999999997
2018,Tolima,"Actividades profesionales, científicas, técnicas y de servicios administrativos",25.251818
2019,Tolima,"Actividades profesionales, científicas, técnicas y de servicios administrativos",20.532047
2020,Tolima,"Actividades profesionales, científicas, técnicas y de servicios administrativos",19.359802
2021,Tolima,"Actividades profesionales, científicas, técnicas y de servicios administrativos",28.53
2022,Tolima,"Actividades profesionales, científicas, técnicas y de servicios administrativos",33.722
2023,Tolima,"Actividades profesionales, científicas, técnicas y de servicios administrativos",35.998
2024,Tolima,"Actividades profesionales, científicas, técnicas y de servicios administrativos",36.41
2025,Tolima,"Actividades profesionales, científicas, técnicas y de servicios administrativos",30.649
2015,Tolima,"Administración pública y defensa, educación y atención de la salud humana",62.446343999999996
2016,Tolima,"Administración pública y defensa, educación y atención de la salud humana",55.425667000000004
2017,Tolima,"Administración pública y defensa, educación y atención de la salud humana",56.930036
2018,Tolima,"Administración pública y defensa, educación y atención de la salud humana",61.386453
2019,Tolima,"Administración pública y defensa, educación y atención de la salud humana",56.914891000000004
2020,Tolima,"Administración pública y defensa, educación y atención de la salud humana",46.208273
2021,Tolima,"Administración pública y defensa, educación y atención de la salud humana",58.13
2022,Tolima,"Administración pública y defensa, educación y atención de la salud humana",58.438
2023,Tolima,"Administración pública y defensa, educación y atención de la salud humana",63.503
2024,Tolima,"Administración pública y defensa, educación y atención de la salud humana",62.762
2025,Tolima,"Administración pública y defensa, educación y atención de la salud humana",65.623
2015,Tolima,"Actividades artísticas, entretenimiento, recreación y otras actividades de servicios",44.026398
2016,Tolima,"Actividades artísticas, entretenimiento, recreación y otras actividades de servicios",39.169230999999996
2017,Tolima,"Actividades artísticas, entretenimiento, recreación y otras actividades de servicios",41.699046
2018,Tolima,"Actividades artísticas, entretenimiento, recreación y otras actividades de servicios",41.828751
2019,Tolima,"Actividades artísticas, entretenimiento, recreación y otras actividades de servicios",40.797059000000004
2020,Tolima,"Actividades artísticas, entretenimiento, recreación y otras actividades de servicios",28.89229
2021,Tolima,"Actividades artísticas, entretenimiento, recreación y otras actividades de servicios",35.235
2022,Tolima,"Actividades artísticas, entretenimiento, recreación y otras actividades de servicios",39.272
2023,Tolima,"Actividades artísticas, entretenimiento, recreación y otras actividades de servicios",32.967
2024,Tolima,"Actividades artísticas, entretenimiento, recreación y otras actividades de servicios",37.98
2025,Tolima,"Actividades artísticas, entretenimiento, recreación y otras actividades de servicios",44.726
2015,Valle del Cauca,Total ocupados,1927.969628
2016,Valle del Cauca,Total ocupados,1912.758192
2017,Valle del Cauca,Total ocupados,1897.087389
2018,Valle del Cauca,Total ocupados,1890.861872
2019,Valle del Cauca,Total ocupados,1887.372359
2020,Valle del Cauca,Total ocupados,1629.290515
2021,Valle del Cauca,Total ocupados,1739.989
2022,Valle del Cauca,Total ocupados,1987.024
2023,Valle del Cauca,Total ocupados,2058.419
2024,Valle del Cauca,Total ocupados,2022.034
2025,Valle del Cauca,Total ocupados,2113.814
2015,Valle del Cauca,No informa,0.22256700000000001
2016,Valle del Cauca,No informa,0.13419399999999998
2017,Valle del Cauca,No informa,1.226074
2018,Valle del Cauca,No informa,0.16672399999999998
2019,Valle del Cauca,No informa,0.0
2020,Valle del Cauca,No informa,0.18656
2021,Valle del Cauca,No informa,2.352
2022,Valle del Cauca,No informa,0.318
2023,Valle del Cauca,No informa,0.059
2024,Valle del Cauca,No informa,0.0
2025,Valle del Cauca,No informa,0.354
2015,Valle del Cauca,"Agricultura, ganadería, caza, silvicultura y pesca",172.484921
2016,Valle del Cauca,"Agricultura, ganadería, caza, silvicultura y pesca",176.015282
2017,Valle del Cauca,"Agricultura, ganadería, caza, silvicultura y pesca",177.129542
2018,Valle del Cauca,"Agricultura, ganadería, caza, silvicultura y pesca",172.686917
2019,Valle del Cauca,"Agricultura, ganadería, caza, silvicultura y pesca",170.536548
2020,Valle del Cauca,"Agricultura, ganadería, caza, silvicultura y pesca",163.916663
2021,Valle del Cauca,"Agricultura, ganadería, caza, silvicultura y pesca",131.545
2022,Valle del Cauca,"Agricultura, ganadería, caza, silvicultura y pesca",148.724
2023,Valle del Cauca,"Agricultura, ganadería, caza, silvicultura y pesca",142.53
2024,Valle del Cauca,"Agricultura, ganadería, caza, silvicultura y pesca",132.778
2025,Valle del Cauca,"Agricultura, ganadería, caza, silvicultura y pesca",147.557
2015,Valle del Cauca,Explotación de minas y canteras,5.964444
2016,Valle del Cauca,Explotación de minas y canteras,5.215427
2017,Valle del Cauca,Explotación de minas y canteras,3.8811999999999998
2018,Valle del Cauca,Explotación de minas y canteras,4.606929
2019,Valle del Cauca,Explotación de minas y canteras,5.603789
2020,Valle del Cauca,Explotación de minas y canteras,8.286597
2021,Valle del Cauca,Explotación de minas y canteras,4.8
2022,Valle del Cauca,Explotación de minas y canteras,12.747
2023,Valle del Cauca,Explotación de minas y canteras,12.326
2024,Valle del Cauca,Explotación de minas y canteras,7.667
2025,Valle del Cauca,Explotación de minas y canteras,9.255
2015,Valle del Cauca,Industrias manufactureras,299.084701
2016,Valle del Cauca,Industrias manufactureras,297.24640500000004
2017,Valle del Cauca,Industrias manufactureras,281.96733
2018,Valle del Cauca,Industrias manufactureras,282.419605
2019,Valle del Cauca,Industrias manufactureras,277.89392200000003
2020,Valle del Cauca,Industrias manufactureras,241.783679
2021,Valle del Cauca,Industrias manufactureras,213.786
2022,Valle del Cauca,Industrias manufactureras,267.641
2023,Valle del Cauca,Industrias manufactureras,287.597
2024,Valle del Cauca,Industrias manufactureras,296.641
2025,Valle del Cauca,Industrias manufactureras,293.535
2015,Valle del Cauca,"Suministro de electricidad, gas, agua y gestión de desechos",15.520205
2016,Valle del Cauca,"Suministro de electricidad, gas, agua y gestión de desechos",12.099962
2017,Valle del Cauca,"Suministro de electricidad, gas, agua y gestión de desechos",22.259446
2018,Valle del Cauca,"Suministro de electricidad, gas, agua y gestión de desechos",15.407183000000002
2019,Valle del Cauca,"Suministro de electricidad, gas, agua y gestión de desechos",16.359498
2020,Valle del Cauca,"Suministro de electricidad, gas, agua y gestión de desechos",20.644808
2021,Valle del Cauca,"Suministro de electricidad, gas, agua y gestión de desechos",28.98
2022,Valle del Cauca,"Suministro de electricidad, gas, agua y gestión de desechos",26.477
2023,Valle del Cauca,"Suministro de electricidad, gas, agua y gestión de desechos",30.827
2024,Valle del Cauca,"Suministro de electricidad, gas, agua y gestión de desechos",27.986
2025,Valle del Cauca,"Suministro de electricidad, gas, agua y gestión de desechos",27.527
2015,Valle del Cauca,Construcción,134.57996
2016,Valle del Cauca,Construcción,129.54393
2017,Valle del Cauca,Construcción,135.811481
2018,Valle del Cauca,Construcción,132.13670499999998
2019,Valle del Cauca,Construcción,128.429144
2020,Valle del Cauca,Construcción,104.899797
2021,Valle del Cauca,Construcción,133.326
2022,Valle del Cauca,Construcción,141.696
2023,Valle del Cauca,Construcción,138.282
2024,Valle del Cauca,Construcción,149.165
2025,Valle del Cauca,Construcción,143.732
2015,Valle del Cauca,Comercio y reparación de vehículos,404.52436700000004
2016,Valle del Cauca,Comercio y reparación de vehículos,393.665304
2017,Valle del Cauca,Comercio y reparación de vehículos,380.550857
2018,Valle del Cauca,Comercio y reparación de vehículos,408.91375400000004
2019,Valle del Cauca,Comercio y reparación de vehículos,384.938608
2020,Valle del Cauca,Comercio y reparación de vehículos,319.47474
2021,Valle del Cauca,Comercio y reparación de vehículos,342.855
2022,Valle del Cauca,Comercio y reparación de vehículos,405.337
2023,Valle del Cauca,Comercio y reparación de vehículos,404.623
2024,Valle del Cauca,Comercio y reparación de vehículos,407.834
2025,Valle del Cauca,Comercio y reparación de vehículos,413.081
2015,Valle del Cauca,Alojamiento y servicios de comida,143.687119
2016,Valle del Cauca,Alojamiento y servicios de comida,145.105392
2017,Valle del Cauca,Alojamiento y servicios de comida,143.42891
2018,Valle del Cauca,Alojamiento y servicios de comida,133.27063800000002
2019,Valle del Cauca,Alojamiento y servicios de comida,146.86293700000002
2020,Valle del Cauca,Alojamiento y servicios de comida,124.50661
2021,Valle del Cauca,Alojamiento y servicios de comida,124.179
2022,Valle del Cauca,Alojamiento y servicios de comida,147.64
2023,Valle del Cauca,Alojamiento y servicios de comida,168.235
2024,Valle del Cauca,Alojamiento y servicios de comida,162.104
2025,Valle del Cauca,Alojamiento y servicios de comida,182.393
2015,Valle del Cauca,Transporte y almacenamiento,138.473553
2016,Valle del Cauca,Transporte y almacenamiento,151.601583
2017,Valle del Cauca,Transporte y almacenamiento,141.31353700000003
2018,Valle del Cauca,Transporte y almacenamiento,141.002011
2019,Valle del Cauca,Transporte y almacenamiento,147.282807
2020,Valle del Cauca,Transporte y almacenamiento,125.262362
2021,Valle del Cauca,Transporte y almacenamiento,133.224
2022,Valle del Cauca,Transporte y almacenamiento,158.416
2023,Valle del Cauca,Transporte y almacenamiento,158.638
2024,Valle del Cauca,Transporte y almacenamiento,154.641
2025,Valle del Cauca,Transporte y almacenamiento,160.273
2015,Valle del Cauca,Información y comunicaciones,36.734977
2016,Valle del Cauca,Información y comunicaciones,28.174564999999998
2017,Valle del Cauca,Información y comunicaciones,29.275695
2018,Valle del Cauca,Información y comunicaciones,24.144089
2019,Valle del Cauca,Información y comunicaciones,27.184561000000002
2020,Valle del Cauca,Información y comunicaciones,20.554526000000003
2021,Valle del Cauca,Información y comunicaciones,30.386
2022,Valle del Cauca,Información y comunicaciones,24.594
2023,Valle del Cauca,Información y comunicaciones,29.244
2024,Valle del Cauca,Información y comunicaciones,29.058
2025,Valle del Cauca,Información y comunicaciones,32.919
2015,Valle del Cauca,Actividades financieras y de seguros,27.154739000000003
2016,Valle del Cauca,Actividades financieras y de seguros,28.428848000000002
2017,Valle del Cauca,Actividades financieras y de seguros,30.218707
2018,Valle del Cauca,Actividades financieras y de seguros,24.954645
2019,Valle del Cauca,Actividades financieras y de seguros,27.826248
2020,Valle del Cauca,Actividades financieras y de seguros,22.180580000000003
2021,Valle del Cauca,Actividades financieras y de seguros,26.791
2022,Valle del Cauca,Actividades financieras y de seguros,31.988
2023,Valle del Cauca,Actividades financieras y de seguros,34.799
2024,Valle del Cauca,Actividades financieras y de seguros,30.466
2025,Valle del Cauca,Actividades financieras y de seguros,36.38
2015,Valle del Cauca,Actividades inmobiliarias,24.407009
2016,Valle del Cauca,Actividades inmobiliarias,22.038355
2017,Valle del Cauca,Actividades inmobiliarias,22.221633
2018,Valle del Cauca,Actividades inmobiliarias,25.548133999999997
2019,Valle del Cauca,Actividades inmobiliarias,25.4678
2020,Valle del Cauca,Actividades inmobiliarias,20.049169000000003
2021,Valle del Cauca,Actividades inmobiliarias,16.024
2022,Valle del Cauca,Actividades inmobiliarias,26.149
2023,Valle del Cauca,Actividades inmobiliarias,28.707
2024,Valle del Cauca,Actividades inmobiliarias,29.075
2025,Valle del Cauca,Actividades inmobiliarias,29.535
2015,Valle del Cauca,"Actividades profesionales, científicas, técnicas y de servicios administrativos",111.297796
2016,Valle del Cauca,"Actividades profesionales, científicas, técnicas y de servicios administrativos",114.52878299999999
2017,Valle del Cauca,"Actividades profesionales, científicas, técnicas y de servicios administrativos",120.08582399999999
2018,Valle del Cauca,"Actividades profesionales, científicas, técnicas y de servicios administrativos",109.821567
2019,Valle del Cauca,"Actividades profesionales, científicas, técnicas y de servicios administrativos",111.99155
2020,Valle del Cauca,"Actividades profesionales, científicas, técnicas y de servicios administrativos",104.40846400000001
2021,Valle del Cauca,"Actividades profesionales, científicas, técnicas y de servicios administrativos",168.508
2022,Valle del Cauca,"Actividades profesionales, científicas, técnicas y de servicios administrativos",150.112
2023,Valle del Cauca,"Actividades profesionales, científicas, técnicas y de servicios administrativos",141.793
2024,Valle del Cauca,"Actividades profesionales, científicas, técnicas y de servicios administrativos",145.333
2025,Valle del Cauca,"Actividades profesionales, científicas, técnicas y de servicios administrativos",151.59
2015,Valle del Cauca,"Administración pública y defensa, educación y atención de la salud humana",197.197197
2016,Valle del Cauca,"Administración pública y defensa, educación y atención de la salud humana",202.94445100000002
2017,Valle del Cauca,"Administración pública y defensa, educación y atención de la salud humana",207.14901600000002
2018,Valle del Cauca,"Administración pública y defensa, educación y atención de la salud humana",205.495478
2019,Valle del Cauca,"Administración pública y defensa, educación y atención de la salud humana",204.64952
2020,Valle del Cauca,"Administración pública y defensa, educación y atención de la salud humana",184.873579
2021,Valle del Cauca,"Administración pública y defensa, educación y atención de la salud humana",223.4
2022,Valle del Cauca,"Administración pública y defensa, educación y atención de la salud humana",241.591
2023,Valle del Cauca,"Administración pública y defensa, educación y atención de la salud humana",262.834
2024,Valle del Cauca,"Administración pública y defensa, educación y atención de la salud humana",228.611
2025,Valle del Cauca,"Administración pública y defensa, educación y atención de la salud humana",264.902
2015,Valle del Cauca,"Actividades artísticas, entretenimiento, recreación y otras actividades de servicios",216.63607199999998
2016,Valle del Cauca,"Actividades artísticas, entretenimiento, recreación y otras actividades de servicios",206.015712
2017,Valle del Cauca,"Actividades artísticas, entretenimiento, recreación y otras actividades de servicios",200.568138
2018,Valle del Cauca,"Actividades artísticas, entretenimiento, recreación y otras actividades de servicios",210.287494
2019,Valle del Cauca,"Actividades artísticas, entretenimiento, recreación y otras actividades de servicios",212.345426
2020,Valle del Cauca,"Actividades artísticas, entretenimiento, recreación y otras actividades de servicios",168.26238
2021,Valle del Cauca,"Actividades artísticas, entretenimiento, recreación y otras actividades de servicios",159.834
2022,Valle del Cauca,"Actividades artísticas, entretenimiento, recreación y otras actividades de servicios",203.594
2023,Valle del Cauca,"Actividades artísticas, entretenimiento, recreación y otras actividades de servicios",217.923
2024,Valle del Cauca,"Actividades artísticas, entretenimiento, recreación y otras actividades de servicios",220.676
2025,Valle del Cauca,"Actividades artísticas, entretenimiento, recreación y otras actividades de servicios",220.779
