Fecha,Departamentos,Concepto,Valor
2007,Antioquia,% población en edad de trabajar,72.239816448
2008,Antioquia,% población en edad de trabajar,72.886044547
2009,Antioquia,% población en edad de trabajar,73.537516774
2010,Antioquia,% población en edad de trabajar,74.188704266
2011,Antioquia,% población en edad de trabajar,74.828237008
2012,Antioquia,% población en edad de trabajar,75.445233739
2013,Antioquia,% población en edad de trabajar,76.029057587
2014,Antioquia,% población en edad de trabajar,76.575060371
2015,Antioquia,% población en edad de trabajar,77.076224613
2016,Antioquia,% población en edad de trabajar,77.524167886
2017,Antioquia,% población en edad de trabajar,77.916138248
2018,Antioquia,% población en edad de trabajar,78.227283953
2019,Antioquia,% población en edad de trabajar,78.543755943
2020,Antioquia,% población en edad de trabajar,78.849443408
2021,Antioquia,% población en edad de trabajar,79.173562126
2022,Antioquia,% población en edad de trabajar,79.476130629
2023,Antioquia,% población en edad de trabajar,79.752457294
2024,Antioquia,% población en edad de trabajar,80.083109535
2025,Antioquia,% población en edad de trabajar,80.365573115
2007,Antioquia,Tasa Global de Participación (TGP),61.603418718
2008,Antioquia,Tasa Global de Participación (TGP),61.841460819
2009,Antioquia,Tasa Global de Participación (TGP),65.216160488
2010,Antioquia,Tasa Global de Participación (TGP),65.20874672
2011,Antioquia,Tasa Global de Participación (TGP),64.79888233
2012,Antioquia,Tasa Global de Participación (TGP),65.859422686
2013,Antioquia,Tasa Global de Participación (TGP),65.816642537
2014,Antioquia,Tasa Global de Participación (TGP),64.930392338
2015,Antioquia,Tasa Global de Participación (TGP),62.940825248
2016,Antioquia,Tasa Global de Participación (TGP),62.234005309
2017,Antioquia,Tasa Global de Participación (TGP),62.741133444
2018,Antioquia,Tasa Global de Participación (TGP),61.387034231
2019,Antioquia,Tasa Global de Participación (TGP),60.94063202
2020,Antioquia,Tasa Global de Participación (TGP),58.754651465
2021,Antioquia,Tasa Global de Participación (TGP),58.915364539
2022,Antioquia,Tasa Global de Participación (TGP),63.026778536
2023,Antioquia,Tasa Global de Participación (TGP),63.923499748
2024,Antioquia,Tasa Global de Participación (TGP),63.773992348
2025,Antioquia,Tasa Global de Participación (TGP),64.306662557
2007,Antioquia,Tasa de Ocupación (TO),54.555216386
2008,Antioquia,Tasa de Ocupación (TO),54.215035504
2009,Antioquia,Tasa de Ocupación (TO),56.740567917
2010,Antioquia,Tasa de Ocupación (TO),57.388462434
2011,Antioquia,Tasa de Ocupación (TO),57.820325388
2012,Antioquia,Tasa de Ocupación (TO),58.538041525
2013,Antioquia,Tasa de Ocupación (TO),59.090106412
2014,Antioquia,Tasa de Ocupación (TO),58.451577104
2015,Antioquia,Tasa de Ocupación (TO),56.617626359
2016,Antioquia,Tasa de Ocupación (TO),55.747499459
2017,Antioquia,Tasa de Ocupación (TO),55.726808129
2018,Antioquia,Tasa de Ocupación (TO),54.295227984
2019,Antioquia,Tasa de Ocupación (TO),53.516377983
2020,Antioquia,Tasa de Ocupación (TO),48.401039188
2021,Antioquia,Tasa de Ocupación (TO),50.849049018
2022,Antioquia,Tasa de Ocupación (TO),56.687961446
2023,Antioquia,Tasa de Ocupación (TO),58.179224619
2024,Antioquia,Tasa de Ocupación (TO),57.774682581
2025,Antioquia,Tasa de Ocupación (TO),59.477928922
2007,Antioquia,Tasa de Desocupación (TD),11.441251928
2008,Antioquia,Tasa de Desocupación (TD),12.332220511
2009,Antioquia,Tasa de Desocupación (TD),12.99615388
2010,Antioquia,Tasa de Desocupación (TD),11.992692206
2011,Antioquia,Tasa de Desocupación (TD),10.769563751
2012,Antioquia,Tasa de Desocupación (TD),11.116679833
2013,Antioquia,Tasa de Desocupación (TD),10.220114344
2014,Antioquia,Tasa de Desocupación (TD),9.978093463
2015,Antioquia,Tasa de Desocupación (TD),10.046259901
2016,Antioquia,Tasa de Desocupación (TD),10.422767774
2017,Antioquia,Tasa de Desocupación (TD),11.179787373
2018,Antioquia,Tasa de Desocupación (TD),11.552612593
2019,Antioquia,Tasa de Desocupación (TD),12.18276508
2020,Antioquia,Tasa de Desocupación (TD),17.62177465
2021,Antioquia,Tasa de Desocupación (TD),13.691361471
2022,Antioquia,Tasa de Desocupación (TD),10.057339494
2023,Antioquia,Tasa de Desocupación (TD),8.986171207
2024,Antioquia,Tasa de Desocupación (TD),9.407141605
2025,Antioquia,Tasa de Desocupación (TD),7.508916562
2007,Antioquia,Tasa de Subocupación (TS),8.339966236
2008,Antioquia,Tasa de Subocupación (TS),9.247147637
2009,Antioquia,Tasa de Subocupación (TS),11.970642513
2010,Antioquia,Tasa de Subocupación (TS),12.252507361
2011,Antioquia,Tasa de Subocupación (TS),10.127096541
2012,Antioquia,Tasa de Subocupación (TS),11.365851894
2013,Antioquia,Tasa de Subocupación (TS),10.235086918
2014,Antioquia,Tasa de Subocupación (TS),8.335955577
2015,Antioquia,Tasa de Subocupación (TS),8.111754675
2016,Antioquia,Tasa de Subocupación (TS),8.65383766
2017,Antioquia,Tasa de Subocupación (TS),8.601625415
2018,Antioquia,Tasa de Subocupación (TS),8.759555409
2019,Antioquia,Tasa de Subocupación (TS),9.574336441
2020,Antioquia,Tasa de Subocupación (TS),0.0
2021,Antioquia,Tasa de Subocupación (TS),5.555865019
2022,Antioquia,Tasa de Subocupación (TS),5.834751721
2023,Antioquia,Tasa de Subocupación (TS),5.727846628
2024,Antioquia,Tasa de Subocupación (TS),5.921435204
2025,Antioquia,Tasa de Subocupación (TS),5.708484167
2007,Antioquia,Población total,5592.744
2008,Antioquia,Población total,5659.58
2009,Antioquia,Población total,5727.758
2010,Antioquia,Población total,5797.516
2011,Antioquia,Población total,5866.514
2012,Antioquia,Población total,5933.288
2013,Antioquia,Población total,5998.571
2014,Antioquia,Población total,6064.212
2015,Antioquia,Población total,6132.14
2016,Antioquia,Población total,6208.135
2017,Antioquia,Población total,6293.143
2018,Antioquia,Población total,6401.939
2019,Antioquia,Población total,6544.631
2020,Antioquia,Población total,6673.205
2021,Antioquia,Población total,6781.515
2022,Antioquia,Población total,6886.023
2023,Antioquia,Población total,6994.295
2024,Antioquia,Población total,7097.742
2025,Antioquia,Población total,7197.872
2007,Antioquia,Población en edad de trabajar (PET),4040.188
2008,Antioquia,Población en edad de trabajar (PET),4125.044
2009,Antioquia,Población en edad de trabajar (PET),4212.051
2010,Antioquia,Población en edad de trabajar (PET),4301.102
2011,Antioquia,Población en edad de trabajar (PET),4389.809
2012,Antioquia,Población en edad de trabajar (PET),4476.383
2013,Antioquia,Población en edad de trabajar (PET),4560.657
2014,Antioquia,Población en edad de trabajar (PET),4643.674
2015,Antioquia,Población en edad de trabajar (PET),4726.422
2016,Antioquia,Población en edad de trabajar (PET),4812.805
2017,Antioquia,Población en edad de trabajar (PET),4903.374
2018,Antioquia,Población en edad de trabajar (PET),5008.063
2019,Antioquia,Población en edad de trabajar (PET),5140.399
2020,Antioquia,Población en edad de trabajar (PET),5261.785
2021,Antioquia,Población en edad de trabajar (PET),5369.167
2022,Antioquia,Población en edad de trabajar (PET),5472.745
2023,Antioquia,Población en edad de trabajar (PET),5578.122
2024,Antioquia,Población en edad de trabajar (PET),5684.092
2025,Antioquia,Población en edad de trabajar (PET),5784.611
2007,Antioquia,Fuerza de trabajo,2488.893931
2008,Antioquia,Fuerza de trabajo,2550.987469
2009,Antioquia,Fuerza de trabajo,2746.93794
2010,Antioquia,Fuerza de trabajo,2804.694709
2011,Antioquia,Fuerza de trabajo,2844.547168
2012,Antioquia,Fuerza de trabajo,2948.1200010000002
2013,Antioquia,Fuerza de trabajo,3001.671315
2014,Antioquia,Fuerza de trabajo,3015.155747
2015,Antioquia,Fuerza de trabajo,2974.849011
2016,Antioquia,Fuerza de trabajo,2995.2013190000002
2017,Antioquia,Fuerza de trabajo,3076.432425
2018,Antioquia,Fuerza de trabajo,3074.3013480000004
2019,Antioquia,Fuerza de trabajo,3132.5916389999998
2020,Antioquia,Fuerza de trabajo,3091.543438
2021,Antioquia,Fuerza de trabajo,3163.264
2022,Antioquia,Fuerza de trabajo,3449.295
2023,Antioquia,Fuerza de trabajo,3565.731
2024,Antioquia,Fuerza de trabajo,3624.973
2025,Antioquia,Fuerza de trabajo,3719.89
2007,Antioquia,Población ocupada,2204.1333059999997
2008,Antioquia,Población ocupada,2236.394069
2009,Antioquia,Población ocupada,2389.9416579999997
2010,Antioquia,Población ocupada,2468.3363059999997
2011,Antioquia,Población ocupada,2538.201848
2012,Antioquia,Población ocupada,2620.386939
2013,Antioquia,Población ocupada,2694.897074
2014,Antioquia,Población ocupada,2714.3006889999997
2015,Antioquia,Población ocupada,2675.987948
2016,Antioquia,Población ocupada,2683.018441
2017,Antioquia,Población ocupada,2732.493821
2018,Antioquia,Población ocupada,2719.139223
2019,Antioquia,Población ocupada,2750.955359
2020,Antioquia,Población ocupada,2546.75862
2021,Antioquia,Población ocupada,2730.17
2022,Antioquia,Población ocupada,3102.387
2023,Antioquia,Población ocupada,3245.308
2024,Antioquia,Población ocupada,3283.966
2025,Antioquia,Población ocupada,3440.567
2007,Antioquia,Población desocupada,284.760625
2008,Antioquia,Población desocupada,314.59340000000003
2009,Antioquia,Población desocupada,356.996282
2010,Antioquia,Población desocupada,336.358404
2011,Antioquia,Población desocupada,306.345321
2012,Antioquia,Población desocupada,327.73306199999996
2013,Antioquia,Población desocupada,306.77424099999996
2014,Antioquia,Población desocupada,300.855059
2015,Antioquia,Población desocupada,298.861063
2016,Antioquia,Población desocupada,312.182878
2017,Antioquia,Población desocupada,343.938604
2018,Antioquia,Población desocupada,355.162125
2019,Antioquia,Población desocupada,381.63628000000006
2020,Antioquia,Población desocupada,544.784818
2021,Antioquia,Población desocupada,433.094
2022,Antioquia,Población desocupada,346.907
2023,Antioquia,Población desocupada,320.423
2024,Antioquia,Población desocupada,341.006
2025,Antioquia,Población desocupada,279.323
2007,Antioquia,Población fuera de la fuerza de trabajo,1551.2940689999998
2008,Antioquia,Población fuera de la fuerza de trabajo,1574.056531
2009,Antioquia,Población fuera de la fuerza de trabajo,1465.1130600000001
2010,Antioquia,Población fuera de la fuerza de trabajo,1496.407291
2011,Antioquia,Población fuera de la fuerza de trabajo,1545.261832
2012,Antioquia,Población fuera de la fuerza de trabajo,1528.262999
2013,Antioquia,Población fuera de la fuerza de trabajo,1558.985685
2014,Antioquia,Población fuera de la fuerza de trabajo,1628.518253
2015,Antioquia,Población fuera de la fuerza de trabajo,1751.572989
2016,Antioquia,Población fuera de la fuerza de trabajo,1817.603681
2017,Antioquia,Población fuera de la fuerza de trabajo,1826.941575
2018,Antioquia,Población fuera de la fuerza de trabajo,1933.761652
2019,Antioquia,Población fuera de la fuerza de trabajo,2007.8073610000001
2020,Antioquia,Población fuera de la fuerza de trabajo,2170.2415619999997
2021,Antioquia,Población fuera de la fuerza de trabajo,2205.903
2022,Antioquia,Población fuera de la fuerza de trabajo,2023.45
2023,Antioquia,Población fuera de la fuerza de trabajo,2012.391
2024,Antioquia,Población fuera de la fuerza de trabajo,2059.12
2025,Antioquia,Población fuera de la fuerza de trabajo,2064.721
2007,Antioquia,Población subocupada,207.572913
2008,Antioquia,Población subocupada,235.893577
2009,Antioquia,Población subocupada,328.826121
2010,Antioquia,Población subocupada,343.645426
2011,Antioquia,Población subocupada,288.070038
2012,Antioquia,Población subocupada,335.07895299999996
2013,Antioquia,Población subocupada,307.22366800000003
2014,Antioquia,Población subocupada,251.342044
2015,Antioquia,Población subocupada,241.312454
2016,Antioquia,Población subocupada,259.19986
2017,Antioquia,Población subocupada,264.623193
2018,Antioquia,Población subocupada,269.29513000000003
2019,Antioquia,Población subocupada,299.924863
2020,Antioquia,Población subocupada,0.0
2021,Antioquia,Población subocupada,175.747
2022,Antioquia,Población subocupada,201.258
2023,Antioquia,Población subocupada,204.24
2024,Antioquia,Población subocupada,214.65
2025,Antioquia,Población subocupada,212.349
2007,Antioquia,Fuerza de trabajo potencial,0.0
2008,Antioquia,Fuerza de trabajo potencial,0.0
2009,Antioquia,Fuerza de trabajo potencial,0.0
2010,Antioquia,Fuerza de trabajo potencial,0.0
2011,Antioquia,Fuerza de trabajo potencial,0.0
2012,Antioquia,Fuerza de trabajo potencial,0.0
2013,Antioquia,Fuerza de trabajo potencial,0.0
2014,Antioquia,Fuerza de trabajo potencial,0.0
2015,Antioquia,Fuerza de trabajo potencial,0.0
2016,Antioquia,Fuerza de trabajo potencial,0.0
2017,Antioquia,Fuerza de trabajo potencial,0.0
2018,Antioquia,Fuerza de trabajo potencial,0.0
2019,Antioquia,Fuerza de trabajo potencial,0.0
2020,Antioquia,Fuerza de trabajo potencial,0.0
2021,Antioquia,Fuerza de trabajo potencial,173.923
2022,Antioquia,Fuerza de trabajo potencial,210.25
2023,Antioquia,Fuerza de trabajo potencial,211.333
2024,Antioquia,Fuerza de trabajo potencial,164.726
2025,Antioquia,Fuerza de trabajo potencial,137.906
2007,Atlántico,% población en edad de trabajar,70.412002937
2008,Atlántico,% población en edad de trabajar,70.777255878
2009,Atlántico,% población en edad de trabajar,71.138843667
2010,Atlántico,% población en edad de trabajar,71.496335237
2011,Atlántico,% población en edad de trabajar,71.856536064
2012,Atlántico,% población en edad de trabajar,72.228734783
2013,Atlántico,% población en edad de trabajar,72.616007794
2014,Atlántico,% población en edad de trabajar,73.016105145
2015,Atlántico,% población en edad de trabajar,73.427265291
2016,Atlántico,% población en edad de trabajar,73.832579796
2017,Atlántico,% población en edad de trabajar,74.213159238
2018,Atlántico,% población en edad de trabajar,74.5491779
2019,Atlántico,% población en edad de trabajar,74.818500566
2020,Atlántico,% población en edad de trabajar,75.077259957
2021,Atlántico,% población en edad de trabajar,75.366915774
2022,Atlántico,% población en edad de trabajar,75.643594478
2023,Atlántico,% población en edad de trabajar,75.931596686
2024,Atlántico,% población en edad de trabajar,76.418333125
2025,Atlántico,% población en edad de trabajar,76.787888206
2007,Atlántico,Tasa Global de Participación (TGP),60.463498259
2008,Atlántico,Tasa Global de Participación (TGP),58.992585996
2009,Atlántico,Tasa Global de Participación (TGP),60.034823844
2010,Atlántico,Tasa Global de Participación (TGP),60.986231154
2011,Atlántico,Tasa Global de Participación (TGP),62.370925534
2012,Atlántico,Tasa Global de Participación (TGP),62.616243519
2013,Atlántico,Tasa Global de Participación (TGP),62.812328588
2014,Atlántico,Tasa Global de Participación (TGP),62.864676048
2015,Atlántico,Tasa Global de Participación (TGP),64.638951199
2016,Atlántico,Tasa Global de Participación (TGP),64.623265155
2017,Atlántico,Tasa Global de Participación (TGP),63.180418113
2018,Atlántico,Tasa Global de Participación (TGP),63.221702004
2019,Atlántico,Tasa Global de Participación (TGP),62.521412525
2020,Atlántico,Tasa Global de Participación (TGP),57.534796226
2021,Atlántico,Tasa Global de Participación (TGP),61.555169532
2022,Atlántico,Tasa Global de Participación (TGP),65.550913125
2023,Atlántico,Tasa Global de Participación (TGP),65.143328512
2024,Atlántico,Tasa Global de Participación (TGP),62.931038122
2025,Atlántico,Tasa Global de Participación (TGP),63.417634325
2007,Atlántico,Tasa de Ocupación (TO),53.319055282
2008,Atlántico,Tasa de Ocupación (TO),52.536382745
2009,Atlántico,Tasa de Ocupación (TO),53.810331139
2010,Atlántico,Tasa de Ocupación (TO),55.025405163
2011,Atlántico,Tasa de Ocupación (TO),57.223541391
2012,Atlántico,Tasa de Ocupación (TO),57.488383171
2013,Atlántico,Tasa de Ocupación (TO),57.969156099
2014,Atlántico,Tasa de Ocupación (TO),57.989174313
2015,Atlántico,Tasa de Ocupación (TO),59.355907809
2016,Atlántico,Tasa de Ocupación (TO),59.563802653
2017,Atlántico,Tasa de Ocupación (TO),58.405464481
2018,Atlántico,Tasa de Ocupación (TO),58.3032482
2019,Atlántico,Tasa de Ocupación (TO),57.888570793
2020,Atlántico,Tasa de Ocupación (TO),51.008293158
2021,Atlántico,Tasa de Ocupación (TO),52.797900682
2022,Atlántico,Tasa de Ocupación (TO),58.55236298
2023,Atlántico,Tasa de Ocupación (TO),59.201970601
2024,Atlántico,Tasa de Ocupación (TO),56.982099913
2025,Atlántico,Tasa de Ocupación (TO),58.023796479
2007,Atlántico,Tasa de Desocupación (TD),11.816125733
2008,Atlántico,Tasa de Desocupación (TD),10.944092621
2009,Atlántico,Tasa de Desocupación (TD),10.368136869
2010,Atlántico,Tasa de Desocupación (TD),9.774052075
2011,Atlántico,Tasa de Desocupación (TD),8.252858361
2012,Atlántico,Tasa de Desocupación (TD),8.189345223
2013,Atlántico,Tasa de Desocupación (TD),7.710544407
2014,Atlántico,Tasa de Desocupación (TD),7.755550559
2015,Atlántico,Tasa de Desocupación (TD),8.173157658
2016,Atlántico,Tasa de Desocupación (TD),7.829165689
2017,Atlántico,Tasa de Desocupación (TD),7.557648041
2018,Atlántico,Tasa de Desocupación (TD),7.779692176
2019,Atlántico,Tasa de Desocupación (TD),7.4100081
2020,Atlántico,Tasa de Desocupación (TD),11.343575533
2021,Atlántico,Tasa de Desocupación (TD),14.226699263
2022,Atlántico,Tasa de Desocupación (TD),10.676510534
2023,Atlántico,Tasa de Desocupación (TD),9.12043957
2024,Atlántico,Tasa de Desocupación (TD),9.453106745
2025,Atlántico,Tasa de Desocupación (TD),8.505264983
2007,Atlántico,Tasa de Subocupación (TS),10.082106276
2008,Atlántico,Tasa de Subocupación (TS),7.134455586
2009,Atlántico,Tasa de Subocupación (TS),6.933275686
2010,Atlántico,Tasa de Subocupación (TS),8.38290795
2011,Atlántico,Tasa de Subocupación (TS),12.26050868
2012,Atlántico,Tasa de Subocupación (TS),12.090274404
2013,Atlántico,Tasa de Subocupación (TS),9.797571546
2014,Atlántico,Tasa de Subocupación (TS),9.865835671
2015,Atlántico,Tasa de Subocupación (TS),13.047296978
2016,Atlántico,Tasa de Subocupación (TS),11.728325481
2017,Atlántico,Tasa de Subocupación (TS),11.401666683
2018,Atlántico,Tasa de Subocupación (TS),12.746141159
2019,Atlántico,Tasa de Subocupación (TS),13.620033414
2020,Atlántico,Tasa de Subocupación (TS),0.0
2021,Atlántico,Tasa de Subocupación (TS),13.105153065
2022,Atlántico,Tasa de Subocupación (TS),14.726594066
2023,Atlántico,Tasa de Subocupación (TS),11.622610382
2024,Atlántico,Tasa de Subocupación (TS),9.564978753
2025,Atlántico,Tasa de Subocupación (TS),8.563517235
2007,Atlántico,Población total,2173.868
2008,Atlántico,Población total,2203.277
2009,Atlántico,Población total,2232.194
2010,Atlántico,Población total,2260.583
2011,Atlántico,Población total,2287.906
2012,Atlántico,Población total,2314.331
2013,Atlántico,Población total,2340.36
2014,Atlántico,Población total,2365.952
2015,Atlántico,Población total,2392.441
2016,Atlántico,Población total,2425.669
2017,Atlántico,Población total,2466.541
2018,Atlántico,Población total,2531.93
2019,Atlántico,Población total,2634.168
2020,Atlántico,Población total,2719.067
2021,Atlántico,Población total,2770.146
2022,Atlántico,Población total,2803.865
2023,Atlántico,Población total,2835.179
2024,Atlántico,Población total,2865.232
2025,Atlántico,Población total,2894.088
2007,Atlántico,Población en edad de trabajar (PET),1530.664
2008,Atlántico,Población en edad de trabajar (PET),1559.419
2009,Atlántico,Población en edad de trabajar (PET),1587.957
2010,Atlántico,Población en edad de trabajar (PET),1616.234
2011,Atlántico,Población en edad de trabajar (PET),1644.01
2012,Atlántico,Población en edad de trabajar (PET),1671.612
2013,Atlántico,Población en edad de trabajar (PET),1699.476
2014,Atlántico,Población en edad de trabajar (PET),1727.526
2015,Atlántico,Población en edad de trabajar (PET),1756.704
2016,Atlántico,Población en edad de trabajar (PET),1790.934
2017,Atlántico,Población en edad de trabajar (PET),1830.498
2018,Atlántico,Población en edad de trabajar (PET),1887.533
2019,Atlántico,Población en edad de trabajar (PET),1970.845
2020,Atlántico,Población en edad de trabajar (PET),2041.401
2021,Atlántico,Población en edad de trabajar (PET),2087.774
2022,Atlántico,Población en edad de trabajar (PET),2120.944
2023,Atlántico,Población en edad de trabajar (PET),2152.797
2024,Atlántico,Población en edad de trabajar (PET),2189.563
2025,Atlántico,Población en edad de trabajar (PET),2222.309
2007,Atlántico,Fuerza de trabajo,925.493001
2008,Atlántico,Fuerza de trabajo,919.941595
2009,Atlántico,Fuerza de trabajo,953.327188
2010,Atlántico,Fuerza de trabajo,985.680203
2011,Atlántico,Fuerza de trabajo,1025.384253
2012,Atlántico,Fuerza de trabajo,1046.700641
2013,Atlántico,Fuerza de trabajo,1067.4804490000001
2014,Atlántico,Fuerza de trabajo,1086.0036240000002
2015,Atlántico,Fuerza de trabajo,1135.5150409999999
2016,Atlántico,Fuerza de trabajo,1157.3600279999998
2017,Atlántico,Fuerza de trabajo,1156.51629
2018,Atlántico,Fuerza de trabajo,1193.3304879999998
2019,Atlántico,Fuerza de trabajo,1232.2001329999998
2020,Atlántico,Fuerza de trabajo,1174.515905
2021,Atlántico,Fuerza de trabajo,1285.133
2022,Atlántico,Fuerza de trabajo,1390.298
2023,Atlántico,Fuerza de trabajo,1402.404
2024,Atlántico,Fuerza de trabajo,1377.915
2025,Atlántico,Fuerza de trabajo,1409.336
2007,Atlántico,Población ocupada,816.135584
2008,Atlántico,Población ocupada,819.262334
2009,Atlántico,Población ocupada,854.48492
2010,Atlántico,Población ocupada,889.3393070000001
2011,Atlántico,Población ocupada,940.760743
2012,Atlántico,Población ocupada,960.9827120000001
2013,Atlántico,Población ocupada,985.1718950000001
2014,Atlántico,Población ocupada,1001.778063
2015,Atlántico,Población ocupada,1042.707607
2016,Atlántico,Población ocupada,1066.7483929999999
2017,Atlántico,Población ocupada,1069.110859
2018,Atlántico,Población ocupada,1100.49305
2019,Atlántico,Población ocupada,1140.894003
2020,Atlántico,Población ocupada,1041.283807
2021,Atlántico,Población ocupada,1102.301
2022,Atlántico,Población ocupada,1241.863
2023,Atlántico,Población ocupada,1274.498
2024,Atlántico,Población ocupada,1247.659
2025,Atlántico,Población ocupada,1289.468
2007,Atlántico,Población desocupada,109.357417
2008,Atlántico,Población desocupada,100.67926
2009,Atlántico,Población desocupada,98.84226799999999
2010,Atlántico,Población desocupada,96.34089599999999
2011,Atlántico,Población desocupada,84.62351
2012,Atlántico,Población desocupada,85.717929
2013,Atlántico,Población desocupada,82.308554
2014,Atlántico,Población desocupada,84.22556
2015,Atlántico,Población desocupada,92.807435
2016,Atlántico,Población desocupada,90.61163400000001
2017,Atlántico,Población desocupada,87.405431
2018,Atlántico,Población desocupada,92.837439
2019,Atlántico,Población desocupada,91.30613000000001
2020,Atlántico,Población desocupada,133.23209899999998
2021,Atlántico,Población desocupada,182.832
2022,Atlántico,Población desocupada,148.435
2023,Atlántico,Población desocupada,127.905
2024,Atlántico,Población desocupada,130.256
2025,Atlántico,Población desocupada,119.868
2007,Atlántico,Población fuera de la fuerza de trabajo,605.1709989999999
2008,Atlántico,Población fuera de la fuerza de trabajo,639.477405
2009,Atlántico,Población fuera de la fuerza de trabajo,634.629812
2010,Atlántico,Población fuera de la fuerza de trabajo,630.553797
2011,Atlántico,Población fuera de la fuerza de trabajo,618.6257469999999
2012,Atlántico,Población fuera de la fuerza de trabajo,624.9113590000001
2013,Atlántico,Población fuera de la fuerza de trabajo,631.995551
2014,Atlántico,Población fuera de la fuerza de trabajo,641.522376
2015,Atlántico,Población fuera de la fuerza de trabajo,621.1889590000001
2016,Atlántico,Población fuera de la fuerza de trabajo,633.5739719999999
2017,Atlántico,Población fuera de la fuerza de trabajo,673.9817099999999
2018,Atlántico,Población fuera de la fuerza de trabajo,694.202512
2019,Atlántico,Población fuera de la fuerza de trabajo,738.644867
2020,Atlántico,Población fuera de la fuerza de trabajo,866.885095
2021,Atlántico,Población fuera de la fuerza de trabajo,802.641
2022,Atlántico,Población fuera de la fuerza de trabajo,730.646
2023,Atlántico,Población fuera de la fuerza de trabajo,750.393
2024,Atlántico,Población fuera de la fuerza de trabajo,811.648
2025,Atlántico,Población fuera de la fuerza de trabajo,812.973
2007,Atlántico,Población subocupada,93.30918799999999
2008,Atlántico,Población subocupada,65.632824
2009,Atlántico,Población subocupada,66.096802
2010,Atlántico,Población subocupada,82.628664
2011,Atlántico,Población subocupada,125.717325
2012,Atlántico,Población subocupada,126.54898
2013,Atlántico,Población subocupada,104.587161
2014,Atlántico,Población subocupada,107.143333
2015,Atlántico,Población subocupada,148.15402
2016,Atlántico,Población subocupada,135.73895100000001
2017,Atlántico,Población subocupada,131.862133
2018,Atlántico,Población subocupada,152.103589
2019,Atlántico,Población subocupada,167.82607000000002
2020,Atlántico,Población subocupada,0.0
2021,Atlántico,Población subocupada,168.419
2022,Atlántico,Población subocupada,204.744
2023,Atlántico,Población subocupada,162.996
2024,Atlántico,Población subocupada,131.797
2025,Atlántico,Población subocupada,120.689
2007,Atlántico,Fuerza de trabajo potencial,0.0
2008,Atlántico,Fuerza de trabajo potencial,0.0
2009,Atlántico,Fuerza de trabajo potencial,0.0
2010,Atlántico,Fuerza de trabajo potencial,0.0
2011,Atlántico,Fuerza de trabajo potencial,0.0
2012,Atlántico,Fuerza de trabajo potencial,0.0
2013,Atlántico,Fuerza de trabajo potencial,0.0
2014,Atlántico,Fuerza de trabajo potencial,0.0
2015,Atlántico,Fuerza de trabajo potencial,0.0
2016,Atlántico,Fuerza de trabajo potencial,0.0
2017,Atlántico,Fuerza de trabajo potencial,0.0
2018,Atlántico,Fuerza de trabajo potencial,0.0
2019,Atlántico,Fuerza de trabajo potencial,0.0
2020,Atlántico,Fuerza de trabajo potencial,0.0
2021,Atlántico,Fuerza de trabajo potencial,94.403
2022,Atlántico,Fuerza de trabajo potencial,130.809
2023,Atlántico,Fuerza de trabajo potencial,160.374
2024,Atlántico,Fuerza de trabajo potencial,144.763
2025,Atlántico,Fuerza de trabajo potencial,110.486
2007,Bolívar,% población en edad de trabajar,68.454514073
2008,Bolívar,% población en edad de trabajar,68.860463768
2009,Bolívar,% población en edad de trabajar,69.208109375
2010,Bolívar,% población en edad de trabajar,69.566756113
2011,Bolívar,% población en edad de trabajar,69.917821989
2012,Bolívar,% población en edad de trabajar,70.277261853
2013,Bolívar,% población en edad de trabajar,70.650623868
2014,Bolívar,% población en edad de trabajar,71.031776743
2015,Bolívar,% población en edad de trabajar,71.419074821
2016,Bolívar,% población en edad de trabajar,71.79966536
2017,Bolívar,% población en edad de trabajar,72.144357124
2018,Bolívar,% población en edad de trabajar,72.470215431
2019,Bolívar,% población en edad de trabajar,72.74925785799999
2020,Bolívar,% población en edad de trabajar,73.010285995
2021,Bolívar,% población en edad de trabajar,73.28980551
2022,Bolívar,% población en edad de trabajar,73.555662341
2023,Bolívar,% población en edad de trabajar,73.824098048
2024,Bolívar,% población en edad de trabajar,74.239276614
2025,Bolívar,% población en edad de trabajar,74.584553984
2007,Bolívar,Tasa Global de Participación (TGP),61.014481688
2008,Bolívar,Tasa Global de Participación (TGP),55.082359308
2009,Bolívar,Tasa Global de Participación (TGP),57.344086621
2010,Bolívar,Tasa Global de Participación (TGP),59.242259773
2011,Bolívar,Tasa Global de Participación (TGP),62.8301804
2012,Bolívar,Tasa Global de Participación (TGP),65.47361061
2013,Bolívar,Tasa Global de Participación (TGP),64.537698284
2014,Bolívar,Tasa Global de Participación (TGP),64.742500718
2015,Bolívar,Tasa Global de Participación (TGP),65.324962333
2016,Bolívar,Tasa Global de Participación (TGP),64.377695442
2017,Bolívar,Tasa Global de Participación (TGP),63.960926764
2018,Bolívar,Tasa Global de Participación (TGP),64.799086765
2019,Bolívar,Tasa Global de Participación (TGP),64.264710227
2020,Bolívar,Tasa Global de Participación (TGP),60.429452269
2021,Bolívar,Tasa Global de Participación (TGP),64.216411976
2022,Bolívar,Tasa Global de Participación (TGP),63.709447152
2023,Bolívar,Tasa Global de Participación (TGP),64.608072464
2024,Bolívar,Tasa Global de Participación (TGP),58.671461752
2025,Bolívar,Tasa Global de Participación (TGP),58.258310973
2007,Bolívar,Tasa de Ocupación (TO),53.834367629
2008,Bolívar,Tasa de Ocupación (TO),49.349206792
2009,Bolívar,Tasa de Ocupación (TO),51.437919821
2010,Bolívar,Tasa de Ocupación (TO),54.362411565
2011,Bolívar,Tasa de Ocupación (TO),57.828158278
2012,Bolívar,Tasa de Ocupación (TO),60.517993752
2013,Bolívar,Tasa de Ocupación (TO),59.944028088
2014,Bolívar,Tasa de Ocupación (TO),60.695556186
2015,Bolívar,Tasa de Ocupación (TO),60.811793193
2016,Bolívar,Tasa de Ocupación (TO),60.124989938
2017,Bolívar,Tasa de Ocupación (TO),60.078037151
2018,Bolívar,Tasa de Ocupación (TO),61.211624387
2019,Bolívar,Tasa de Ocupación (TO),61.23799862
2020,Bolívar,Tasa de Ocupación (TO),54.494067671
2021,Bolívar,Tasa de Ocupación (TO),55.98014166
2022,Bolívar,Tasa de Ocupación (TO),56.839799262
2023,Bolívar,Tasa de Ocupación (TO),58.947310351
2024,Bolívar,Tasa de Ocupación (TO),52.526393783
2025,Bolívar,Tasa de Ocupación (TO),52.7921412
2007,Bolívar,Tasa de Desocupación (TD),11.767885033
2008,Bolívar,Tasa de Desocupación (TD),10.408327799
2009,Bolívar,Tasa de Desocupación (TD),10.29952197
2010,Bolívar,Tasa de Desocupación (TD),8.237106799
2011,Bolívar,Tasa de Desocupación (TD),7.9611774
2012,Bolívar,Tasa de Desocupación (TD),7.5688767
2013,Bolívar,Tasa de Desocupación (TD),7.117809154
2014,Bolívar,Tasa de Desocupación (TD),6.25083135
2015,Bolívar,Tasa de Desocupación (TD),6.908797156
2016,Bolívar,Tasa de Desocupación (TD),6.605867877
2017,Bolívar,Tasa de Desocupación (TD),6.070721313
2018,Bolívar,Tasa de Desocupación (TD),5.536285398
2019,Bolívar,Tasa de Desocupación (TD),4.709756874
2020,Bolívar,Tasa de Desocupación (TD),9.822006281
2021,Bolívar,Tasa de Desocupación (TD),12.825802723
2022,Bolívar,Tasa de Desocupación (TD),10.782777433
2023,Bolívar,Tasa de Desocupación (TD),8.761694781
2024,Bolívar,Tasa de Desocupación (TD),10.473691615
2025,Bolívar,Tasa de Desocupación (TD),9.382643749
2007,Bolívar,Tasa de Subocupación (TS),8.530849989
2008,Bolívar,Tasa de Subocupación (TS),6.790308194
2009,Bolívar,Tasa de Subocupación (TS),10.471493981
2010,Bolívar,Tasa de Subocupación (TS),10.100491955
2011,Bolívar,Tasa de Subocupación (TS),8.139010957
2012,Bolívar,Tasa de Subocupación (TS),8.514723499
2013,Bolívar,Tasa de Subocupación (TS),8.862917095
2014,Bolívar,Tasa de Subocupación (TS),10.583658894
2015,Bolívar,Tasa de Subocupación (TS),9.981972753
2016,Bolívar,Tasa de Subocupación (TS),7.933432215
2017,Bolívar,Tasa de Subocupación (TS),6.699485066
2018,Bolívar,Tasa de Subocupación (TS),10.966935232
2019,Bolívar,Tasa de Subocupación (TS),9.823552045
2020,Bolívar,Tasa de Subocupación (TS),0.0
2021,Bolívar,Tasa de Subocupación (TS),12.168514319
2022,Bolívar,Tasa de Subocupación (TS),13.756552915
2023,Bolívar,Tasa de Subocupación (TS),10.605277073
2024,Bolívar,Tasa de Subocupación (TS),7.960556275
2025,Bolívar,Tasa de Subocupación (TS),6.85740432
2007,Bolívar,Población total,1845.329
2008,Bolívar,Población total,1862.828
2009,Bolívar,Población total,1887.445
2010,Bolívar,Población total,1907.286
2011,Bolívar,Población total,1925.941
2012,Bolívar,Población total,1943.65
2013,Bolívar,Población total,1960.672
2014,Bolívar,Población total,1976.949
2015,Bolívar,Población total,1993.193
2016,Bolívar,Población total,2012.313
2017,Bolívar,Población total,2034.787
2018,Bolívar,Población total,2068.269
2019,Bolívar,Población total,2128.298
2020,Bolívar,Población total,2179.371
2021,Bolívar,Población total,2212.34
2022,Bolívar,Población total,2236.225
2023,Bolívar,Población total,2258.456
2024,Bolívar,Población total,2280.056
2025,Bolívar,Población total,2301.056
2007,Bolívar,Población en edad de trabajar (PET),1263.211
2008,Bolívar,Población en edad de trabajar (PET),1282.752
2009,Bolívar,Población en edad de trabajar (PET),1306.265
2010,Bolívar,Población en edad de trabajar (PET),1326.837
2011,Bolívar,Población en edad de trabajar (PET),1346.576
2012,Bolívar,Población en edad de trabajar (PET),1365.944
2013,Bolívar,Población en edad de trabajar (PET),1385.227
2014,Bolívar,Población en edad de trabajar (PET),1404.262
2015,Bolívar,Población en edad de trabajar (PET),1423.52
2016,Bolívar,Población en edad de trabajar (PET),1444.834
2017,Bolívar,Población en edad de trabajar (PET),1467.984
2018,Bolívar,Población en edad de trabajar (PET),1498.879
2019,Bolívar,Población en edad de trabajar (PET),1548.321
2020,Bolívar,Población en edad de trabajar (PET),1591.165
2021,Bolívar,Población en edad de trabajar (PET),1621.419
2022,Bolívar,Población en edad de trabajar (PET),1644.87
2023,Bolívar,Población en edad de trabajar (PET),1667.285
2024,Bolívar,Población en edad de trabajar (PET),1692.697
2025,Bolívar,Población en edad de trabajar (PET),1716.232
2007,Bolívar,Fuerza de trabajo,770.741644
2008,Bolívar,Fuerza de trabajo,706.570066
2009,Bolívar,Fuerza de trabajo,749.065733
2010,Bolívar,Fuerza de trabajo,786.0482219999999
2011,Bolívar,Fuerza de trabajo,846.05613
2012,Bolívar,Fuerza de trabajo,894.332856
2013,Bolívar,Fuerza de trabajo,893.993622
2014,Bolívar,Fuerza de trabajo,909.154335
2015,Bolívar,Fuerza de trabajo,929.913904
2016,Bolívar,Fuerza de trabajo,930.150832
2017,Bolívar,Fuerza de trabajo,938.936171
2018,Bolívar,Fuerza de trabajo,971.259904
2019,Bolívar,Fuerza de trabajo,995.024004
2020,Bolívar,Fuerza de trabajo,961.532294
2021,Bolívar,Fuerza de trabajo,1041.217
2022,Bolívar,Fuerza de trabajo,1047.938
2023,Bolívar,Fuerza de trabajo,1077.201
2024,Bolívar,Fuerza de trabajo,993.13
2025,Bolívar,Fuerza de trabajo,999.848
2007,Bolívar,Población ocupada,680.041654
2008,Bolívar,Población ocupada,633.0279370000001
2009,Bolívar,Población ocupada,671.915543
2010,Bolívar,Población ocupada,721.300591
2011,Bolívar,Población ocupada,778.700101
2012,Bolívar,Población ocupada,826.6419050000001
2013,Bolívar,Población ocupada,830.360862
2014,Bolívar,Población ocupada,852.3246310000001
2015,Bolívar,Población ocupada,865.6680379999999
2016,Bolívar,Población ocupada,868.7062970000001
2017,Bolívar,Población ocupada,881.935973
2018,Bolívar,Población ocupada,917.4881829999999
2019,Bolívar,Población ocupada,948.1607929999999
2020,Bolívar,Población ocupada,867.090532
2021,Bolívar,Población ocupada,907.673
2022,Bolívar,Población ocupada,934.941
2023,Bolívar,Población ocupada,982.82
2024,Bolívar,Población ocupada,889.113
2025,Bolívar,Población ocupada,906.036
2007,Bolívar,Población desocupada,90.699991
2008,Bolívar,Población desocupada,73.542129
2009,Bolívar,Población desocupada,77.15019000000001
2010,Bolívar,Población desocupada,64.747632
2011,Bolívar,Población desocupada,67.35602899999999
2012,Bolívar,Población desocupada,67.690951
2013,Bolívar,Población desocupada,63.632760000000005
2014,Bolívar,Población desocupada,56.829704
2015,Bolívar,Población desocupada,64.245865
2016,Bolívar,Población desocupada,61.444535
2017,Bolívar,Población desocupada,57.000198
2018,Bolívar,Población desocupada,53.77172
2019,Bolívar,Población desocupada,46.863211
2020,Bolívar,Población desocupada,94.441762
2021,Bolívar,Población desocupada,133.544
2022,Bolívar,Población desocupada,112.997
2023,Bolívar,Población desocupada,94.381
2024,Bolívar,Población desocupada,104.017
2025,Bolívar,Población desocupada,93.812
2007,Bolívar,Población fuera de la fuerza de trabajo,492.469356
2008,Bolívar,Población fuera de la fuerza de trabajo,576.181934
2009,Bolívar,Población fuera de la fuerza de trabajo,557.199267
2010,Bolívar,Población fuera de la fuerza de trabajo,540.7887780000001
2011,Bolívar,Población fuera de la fuerza de trabajo,500.51986999999997
2012,Bolívar,Población fuera de la fuerza de trabajo,471.61114399999997
2013,Bolívar,Población fuera de la fuerza de trabajo,491.233378
2014,Bolívar,Población fuera de la fuerza de trabajo,495.107665
2015,Bolívar,Población fuera de la fuerza de trabajo,493.60609600000004
2016,Bolívar,Población fuera de la fuerza de trabajo,514.683168
2017,Bolívar,Población fuera de la fuerza de trabajo,529.047829
2018,Bolívar,Población fuera de la fuerza de trabajo,527.619096
2019,Bolívar,Población fuera de la fuerza de trabajo,553.296996
2020,Bolívar,Población fuera de la fuerza de trabajo,629.632706
2021,Bolívar,Población fuera de la fuerza de trabajo,580.202
2022,Bolívar,Población fuera de la fuerza de trabajo,596.933
2023,Bolívar,Población fuera de la fuerza de trabajo,590.084
2024,Bolívar,Población fuera de la fuerza de trabajo,699.567
2025,Bolívar,Población fuera de la fuerza de trabajo,716.384
2007,Bolívar,Población subocupada,65.750813
2008,Bolívar,Población subocupada,47.97828500000001
2009,Bolívar,Población subocupada,78.43837300000001
2010,Bolívar,Población subocupada,79.39473699999999
2011,Bolívar,Población subocupada,68.86060099999999
2012,Bolívar,Población subocupada,76.14997
2013,Bolívar,Población subocupada,79.233914
2014,Bolívar,Población subocupada,96.22179399999999
2015,Bolívar,Población subocupada,92.823753
2016,Bolívar,Población subocupada,73.792886
2017,Bolívar,Población subocupada,62.903889
2018,Bolívar,Población subocupada,106.51744500000001
2019,Bolívar,Población subocupada,97.746701
2020,Bolívar,Población subocupada,0.0
2021,Bolívar,Población subocupada,126.701
2022,Bolívar,Población subocupada,144.16
2023,Bolívar,Población subocupada,114.24
2024,Bolívar,Población subocupada,79.059
2025,Bolívar,Población subocupada,68.564
2007,Bolívar,Fuerza de trabajo potencial,0.0
2008,Bolívar,Fuerza de trabajo potencial,0.0
2009,Bolívar,Fuerza de trabajo potencial,0.0
2010,Bolívar,Fuerza de trabajo potencial,0.0
2011,Bolívar,Fuerza de trabajo potencial,0.0
2012,Bolívar,Fuerza de trabajo potencial,0.0
2013,Bolívar,Fuerza de trabajo potencial,0.0
2014,Bolívar,Fuerza de trabajo potencial,0.0
2015,Bolívar,Fuerza de trabajo potencial,0.0
2016,Bolívar,Fuerza de trabajo potencial,0.0
2017,Bolívar,Fuerza de trabajo potencial,0.0
2018,Bolívar,Fuerza de trabajo potencial,0.0
2019,Bolívar,Fuerza de trabajo potencial,0.0
2020,Bolívar,Fuerza de trabajo potencial,0.0
2021,Bolívar,Fuerza de trabajo potencial,62.258
2022,Bolívar,Fuerza de trabajo potencial,92.423
2023,Bolívar,Fuerza de trabajo potencial,84.427
2024,Bolívar,Fuerza de trabajo potencial,58.713
2025,Bolívar,Fuerza de trabajo potencial,84.971
2007,Boyacá,% población en edad de trabajar,72.943341869
2008,Boyacá,% población en edad de trabajar,73.334713475
2009,Boyacá,% población en edad de trabajar,73.731737669
2010,Boyacá,% población en edad de trabajar,74.119639572
2011,Boyacá,% población en edad de trabajar,74.48738706
2012,Boyacá,% población en edad de trabajar,74.839602936
2013,Boyacá,% población en edad de trabajar,75.17211897
2014,Boyacá,% población en edad de trabajar,75.480383633
2015,Boyacá,% población en edad de trabajar,75.767579063
2016,Boyacá,% población en edad de trabajar,76.037809768
2017,Boyacá,% población en edad de trabajar,76.295371119
2018,Boyacá,% población en edad de trabajar,76.542221799
2019,Boyacá,% población en edad de trabajar,76.710108838
2020,Boyacá,% población en edad de trabajar,76.887933373
2021,Boyacá,% población en edad de trabajar,77.080707119
2022,Boyacá,% población en edad de trabajar,77.283499582
2023,Boyacá,% población en edad de trabajar,77.490832438
2024,Boyacá,% población en edad de trabajar,77.746111867
2025,Boyacá,% población en edad de trabajar,78.006513342
2007,Boyacá,Tasa Global de Participación (TGP),64.016911133
2008,Boyacá,Tasa Global de Participación (TGP),66.592893241
2009,Boyacá,Tasa Global de Participación (TGP),61.878725288
2010,Boyacá,Tasa Global de Participación (TGP),62.616769367
2011,Boyacá,Tasa Global de Participación (TGP),64.214852384
2012,Boyacá,Tasa Global de Participación (TGP),64.67328246
2013,Boyacá,Tasa Global de Participación (TGP),64.454268098
2014,Boyacá,Tasa Global de Participación (TGP),66.325044628
2015,Boyacá,Tasa Global de Participación (TGP),69.031835139
2016,Boyacá,Tasa Global de Participación (TGP),65.028009906
2017,Boyacá,Tasa Global de Participación (TGP),64.982036034
2018,Boyacá,Tasa Global de Participación (TGP),65.374265171
2019,Boyacá,Tasa Global de Participación (TGP),61.392202086
2020,Boyacá,Tasa Global de Participación (TGP),54.026336421
2021,Boyacá,Tasa Global de Participación (TGP),54.157886028
2022,Boyacá,Tasa Global de Participación (TGP),60.669316012
2023,Boyacá,Tasa Global de Participación (TGP),59.456814368
2024,Boyacá,Tasa Global de Participación (TGP),58.655401753
2025,Boyacá,Tasa Global de Participación (TGP),56.543023844
2007,Boyacá,Tasa de Ocupación (TO),57.862752212
2008,Boyacá,Tasa de Ocupación (TO),61.805720688
2009,Boyacá,Tasa de Ocupación (TO),55.732846465
2010,Boyacá,Tasa de Ocupación (TO),56.139505703
2011,Boyacá,Tasa de Ocupación (TO),59.000591917
2012,Boyacá,Tasa de Ocupación (TO),59.83945556
2013,Boyacá,Tasa de Ocupación (TO),58.671717794
2014,Boyacá,Tasa de Ocupación (TO),61.374249216
2015,Boyacá,Tasa de Ocupación (TO),64.726314398
2016,Boyacá,Tasa de Ocupación (TO),60.499748532
2017,Boyacá,Tasa de Ocupación (TO),60.085611401
2018,Boyacá,Tasa de Ocupación (TO),60.56764531
2019,Boyacá,Tasa de Ocupación (TO),56.162499833
2020,Boyacá,Tasa de Ocupación (TO),47.591116347
2021,Boyacá,Tasa de Ocupación (TO),47.655584611
2022,Boyacá,Tasa de Ocupación (TO),54.203679415
2023,Boyacá,Tasa de Ocupación (TO),53.570696921
2024,Boyacá,Tasa de Ocupación (TO),53.56847388
2025,Boyacá,Tasa de Ocupación (TO),51.267823339
2007,Boyacá,Tasa de Desocupación (TD),9.613333121
2008,Boyacá,Tasa de Desocupación (TD),7.18871387
2009,Boyacá,Tasa de Desocupación (TD),9.93213547
2010,Boyacá,Tasa de Desocupación (TD),10.344295513
2011,Boyacá,Tasa de Desocupación (TD),8.120022509
2012,Boyacá,Tasa de Desocupación (TD),7.474225393
2013,Boyacá,Tasa de Desocupación (TD),8.971555298
2014,Boyacá,Tasa de Desocupación (TD),7.464443393
2015,Boyacá,Tasa de Desocupación (TD),6.237007508
2016,Boyacá,Tasa de Desocupación (TD),6.963555213
2017,Boyacá,Tasa de Desocupación (TD),7.535043424
2018,Boyacá,Tasa de Desocupación (TD),7.352464841
2019,Boyacá,Tasa de Desocupación (TD),8.518512246
2020,Boyacá,Tasa de Desocupación (TD),11.91126495
2021,Boyacá,Tasa de Desocupación (TD),12.006195023
2022,Boyacá,Tasa de Desocupación (TD),10.657177337
2023,Boyacá,Tasa de Desocupación (TD),9.899819742
2024,Boyacá,Tasa de Desocupación (TD),8.672565052
2025,Boyacá,Tasa de Desocupación (TD),9.32953377
2007,Boyacá,Tasa de Subocupación (TS),8.995806692
2008,Boyacá,Tasa de Subocupación (TS),5.798873808
2009,Boyacá,Tasa de Subocupación (TS),5.704831657
2010,Boyacá,Tasa de Subocupación (TS),10.280214961
2011,Boyacá,Tasa de Subocupación (TS),7.397273936
2012,Boyacá,Tasa de Subocupación (TS),8.617779607
2013,Boyacá,Tasa de Subocupación (TS),9.169545904
2014,Boyacá,Tasa de Subocupación (TS),6.35388548
2015,Boyacá,Tasa de Subocupación (TS),5.801826419
2016,Boyacá,Tasa de Subocupación (TS),7.240815047
2017,Boyacá,Tasa de Subocupación (TS),7.981170503
2018,Boyacá,Tasa de Subocupación (TS),6.754210123
2019,Boyacá,Tasa de Subocupación (TS),7.416371006
2020,Boyacá,Tasa de Subocupación (TS),0.0
2021,Boyacá,Tasa de Subocupación (TS),6.310328594
2022,Boyacá,Tasa de Subocupación (TS),8.538081032
2023,Boyacá,Tasa de Subocupación (TS),9.458837003
2024,Boyacá,Tasa de Subocupación (TS),9.245962923
2025,Boyacá,Tasa de Subocupación (TS),6.223518653
2007,Boyacá,Población total,1149.632
2008,Boyacá,Población total,1154.471
2009,Boyacá,Población total,1159.559
2010,Boyacá,Población total,1164.949
2011,Boyacá,Población total,1170.425
2012,Boyacá,Población total,1175.832
2013,Boyacá,Población total,1181.305
2014,Boyacá,Población total,1186.968
2015,Boyacá,Población total,1192.939
2016,Boyacá,Población total,1199.69
2017,Boyacá,Población total,1207.376
2018,Boyacá,Población total,1216.978
2019,Boyacá,Población total,1230.448
2020,Boyacá,Población total,1242.377
2021,Boyacá,Población total,1251.538
2022,Boyacá,Población total,1259.472
2023,Boyacá,Población total,1267.308
2024,Boyacá,Población total,1275.323
2025,Boyacá,Población total,1283.724
2007,Boyacá,Población en edad de trabajar (PET),838.58
2008,Boyacá,Población en edad de trabajar (PET),846.628
2009,Boyacá,Población en edad de trabajar (PET),854.963
2010,Boyacá,Población en edad de trabajar (PET),863.456
2011,Boyacá,Población en edad de trabajar (PET),871.819
2012,Boyacá,Población en edad de trabajar (PET),879.988
2013,Boyacá,Población en edad de trabajar (PET),888.012
2014,Boyacá,Población en edad de trabajar (PET),895.928
2015,Boyacá,Población en edad de trabajar (PET),903.861
2016,Boyacá,Población en edad de trabajar (PET),912.218
2017,Boyacá,Población en edad de trabajar (PET),921.172
2018,Boyacá,Población en edad de trabajar (PET),931.502
2019,Boyacá,Población en edad de trabajar (PET),943.878
2020,Boyacá,Población en edad de trabajar (PET),955.238
2021,Boyacá,Población en edad de trabajar (PET),964.694
2022,Boyacá,Población en edad de trabajar (PET),973.364
2023,Boyacá,Población en edad de trabajar (PET),982.048
2024,Boyacá,Población en edad de trabajar (PET),991.514
2025,Boyacá,Población en edad de trabajar (PET),1001.388
2007,Boyacá,Fuerza de trabajo,536.833013
2008,Boyacá,Fuerza de trabajo,563.79408
2009,Boyacá,Fuerza de trabajo,529.040206
2010,Boyacá,Fuerza de trabajo,540.6682519999999
2011,Boyacá,Fuerza de trabajo,559.837284
2012,Boyacá,Fuerza de trabajo,569.117125
2013,Boyacá,Fuerza de trabajo,572.361635
2014,Boyacá,Fuerza de trabajo,594.2246459999999
2015,Boyacá,Fuerza de trabajo,623.951835
2016,Boyacá,Fuerza de trabajo,593.197211
2017,Boyacá,Fuerza de trabajo,598.596321
2018,Boyacá,Fuerza de trabajo,608.962588
2019,Boyacá,Fuerza de trabajo,579.4674889999999
2020,Boyacá,Fuerza de trabajo,516.080096
2021,Boyacá,Fuerza de trabajo,522.458
2022,Boyacá,Fuerza de trabajo,590.533
2023,Boyacá,Fuerza de trabajo,583.894
2024,Boyacá,Fuerza de trabajo,581.576
2025,Boyacá,Fuerza de trabajo,566.215
2007,Boyacá,Población ocupada,485.225468
2008,Boyacá,Población ocupada,523.264537
2009,Boyacá,Población ocupada,476.495216
2010,Boyacá,Población ocupada,484.73993
2011,Boyacá,Población ocupada,514.37837
2012,Boyacá,Población ocupada,526.5800280000001
2013,Boyacá,Población ocupada,521.011895
2014,Boyacá,Población ocupada,549.869084
2015,Boyacá,Población ocupada,585.0359129999999
2016,Boyacá,Población ocupada,551.889596
2017,Boyacá,Población ocupada,553.4918279999999
2018,Boyacá,Población ocupada,564.1888270000001
2019,Boyacá,Población ocupada,530.10548
2020,Boyacá,Población ocupada,454.608428
2021,Boyacá,Población ocupada,459.731
2022,Boyacá,Población ocupada,527.599
2023,Boyacá,Población ocupada,526.09
2024,Boyacá,Población ocupada,531.139
2025,Boyacá,Población ocupada,513.39
2007,Boyacá,Población desocupada,51.607546
2008,Boyacá,Población desocupada,40.529543
2009,Boyacá,Población desocupada,52.54499
2010,Boyacá,Población desocupada,55.928322
2011,Boyacá,Población desocupada,45.458913
2012,Boyacá,Población desocupada,42.537097
2013,Boyacá,Población desocupada,51.349741
2014,Boyacá,Población desocupada,44.355562
2015,Boyacá,Población desocupada,38.915923
2016,Boyacá,Población desocupada,41.307615
2017,Boyacá,Población desocupada,45.104493000000005
2018,Boyacá,Población desocupada,44.77376
2019,Boyacá,Población desocupada,49.362009
2020,Boyacá,Población desocupada,61.471668
2021,Boyacá,Población desocupada,62.727
2022,Boyacá,Población desocupada,62.934
2023,Boyacá,Población desocupada,57.804
2024,Boyacá,Población desocupada,50.438
2025,Boyacá,Población desocupada,52.825
2007,Boyacá,Población fuera de la fuerza de trabajo,301.74698700000005
2008,Boyacá,Población fuera de la fuerza de trabajo,282.83392
2009,Boyacá,Población fuera de la fuerza de trabajo,325.922794
2010,Boyacá,Población fuera de la fuerza de trabajo,322.787748
2011,Boyacá,Población fuera de la fuerza de trabajo,311.981716
2012,Boyacá,Población fuera de la fuerza de trabajo,310.870875
2013,Boyacá,Población fuera de la fuerza de trabajo,315.65036499999997
2014,Boyacá,Población fuera de la fuerza de trabajo,301.703354
2015,Boyacá,Población fuera de la fuerza de trabajo,279.909165
2016,Boyacá,Población fuera de la fuerza de trabajo,319.020789
2017,Boyacá,Población fuera de la fuerza de trabajo,322.575679
2018,Boyacá,Población fuera de la fuerza de trabajo,322.539412
2019,Boyacá,Población fuera de la fuerza de trabajo,364.410511
2020,Boyacá,Población fuera de la fuerza de trabajo,439.157904
2021,Boyacá,Población fuera de la fuerza de trabajo,442.236
2022,Boyacá,Población fuera de la fuerza de trabajo,382.831
2023,Boyacá,Población fuera de la fuerza de trabajo,398.153
2024,Boyacá,Población fuera de la fuerza de trabajo,409.937
2025,Boyacá,Población fuera de la fuerza de trabajo,435.173
2007,Boyacá,Población subocupada,48.29246
2008,Boyacá,Población subocupada,32.693706999999996
2009,Boyacá,Población subocupada,30.180853
2010,Boyacá,Población subocupada,55.581858999999994
2011,Boyacá,Población subocupada,41.412697
2012,Boyacá,Población subocupada,49.04526
2013,Boyacá,Población subocupada,52.482963000000005
2014,Boyacá,Población subocupada,37.756353000000004
2015,Boyacá,Población subocupada,36.200601999999996
2016,Boyacá,Población subocupada,42.952313000000004
2017,Boyacá,Población subocupada,47.774993
2018,Boyacá,Población subocupada,41.130613
2019,Boyacá,Población subocupada,42.975459
2020,Boyacá,Población subocupada,0.0
2021,Boyacá,Población subocupada,32.969
2022,Boyacá,Población subocupada,50.42
2023,Boyacá,Población subocupada,55.23
2024,Boyacá,Población subocupada,53.772
2025,Boyacá,Población subocupada,35.239
2007,Boyacá,Fuerza de trabajo potencial,0.0
2008,Boyacá,Fuerza de trabajo potencial,0.0
2009,Boyacá,Fuerza de trabajo potencial,0.0
2010,Boyacá,Fuerza de trabajo potencial,0.0
2011,Boyacá,Fuerza de trabajo potencial,0.0
2012,Boyacá,Fuerza de trabajo potencial,0.0
2013,Boyacá,Fuerza de trabajo potencial,0.0
2014,Boyacá,Fuerza de trabajo potencial,0.0
2015,Boyacá,Fuerza de trabajo potencial,0.0
2016,Boyacá,Fuerza de trabajo potencial,0.0
2017,Boyacá,Fuerza de trabajo potencial,0.0
2018,Boyacá,Fuerza de trabajo potencial,0.0
2019,Boyacá,Fuerza de trabajo potencial,0.0
2020,Boyacá,Fuerza de trabajo potencial,0.0
2021,Boyacá,Fuerza de trabajo potencial,32.269
2022,Boyacá,Fuerza de trabajo potencial,54.99
2023,Boyacá,Fuerza de trabajo potencial,59.554
2024,Boyacá,Fuerza de trabajo potencial,33.603
2025,Boyacá,Fuerza de trabajo potencial,24.783
2007,Caldas,% población en edad de trabajar,75.424393583
2008,Caldas,% población en edad de trabajar,76.016747804
2009,Caldas,% población en edad de trabajar,76.598827035
2010,Caldas,% población en edad de trabajar,77.162469815
2011,Caldas,% población en edad de trabajar,77.69765886
2012,Caldas,% población en edad de trabajar,78.202389164
2013,Caldas,% población en edad de trabajar,78.674744901
2014,Caldas,% población en edad de trabajar,79.111602642
2015,Caldas,% población en edad de trabajar,79.511209824
2016,Caldas,% población en edad de trabajar,79.863124728
2017,Caldas,% población en edad de trabajar,80.162884459
2018,Caldas,% población en edad de trabajar,80.366500279
2019,Caldas,% población en edad de trabajar,80.476794727
2020,Caldas,% población en edad de trabajar,80.578951969
2021,Caldas,% población en edad de trabajar,80.707978803
2022,Caldas,% población en edad de trabajar,80.826127737
2023,Caldas,% población en edad de trabajar,80.944071997
2024,Caldas,% población en edad de trabajar,81.226446208
2025,Caldas,% población en edad de trabajar,81.397419257
2007,Caldas,Tasa Global de Participación (TGP),57.779710054
2008,Caldas,Tasa Global de Participación (TGP),57.741510492
2009,Caldas,Tasa Global de Participación (TGP),58.655935585
2010,Caldas,Tasa Global de Participación (TGP),59.945291835
2011,Caldas,Tasa Global de Participación (TGP),57.142808919
2012,Caldas,Tasa Global de Participación (TGP),57.849996535
2013,Caldas,Tasa Global de Participación (TGP),57.192799607
2014,Caldas,Tasa Global de Participación (TGP),57.84817795
2015,Caldas,Tasa Global de Participación (TGP),60.189858782
2016,Caldas,Tasa Global de Participación (TGP),58.955792089
2017,Caldas,Tasa Global de Participación (TGP),59.186524267
2018,Caldas,Tasa Global de Participación (TGP),59.946565574
2019,Caldas,Tasa Global de Participación (TGP),59.157064978
2020,Caldas,Tasa Global de Participación (TGP),58.140094021
2021,Caldas,Tasa Global de Participación (TGP),56.200025412
2022,Caldas,Tasa Global de Participación (TGP),58.072251615
2023,Caldas,Tasa Global de Participación (TGP),57.692169738
2024,Caldas,Tasa Global de Participación (TGP),57.110641035
2025,Caldas,Tasa Global de Participación (TGP),59.332623986
2007,Caldas,Tasa de Ocupación (TO),50.954320758
2008,Caldas,Tasa de Ocupación (TO),50.897120469
2009,Caldas,Tasa de Ocupación (TO),50.944047175
2010,Caldas,Tasa de Ocupación (TO),51.342713914
2011,Caldas,Tasa de Ocupación (TO),50.338203648
2012,Caldas,Tasa de Ocupación (TO),51.957095981
2013,Caldas,Tasa de Ocupación (TO),51.755001314
2014,Caldas,Tasa de Ocupación (TO),52.81928154
2015,Caldas,Tasa de Ocupación (TO),55.138055504
2016,Caldas,Tasa de Ocupación (TO),53.375660263
2017,Caldas,Tasa de Ocupación (TO),53.744609103
2018,Caldas,Tasa de Ocupación (TO),53.895351156
2019,Caldas,Tasa de Ocupación (TO),52.503020749
2020,Caldas,Tasa de Ocupación (TO),48.342193635
2021,Caldas,Tasa de Ocupación (TO),49.417929708
2022,Caldas,Tasa de Ocupación (TO),51.72538829
2023,Caldas,Tasa de Ocupación (TO),52.055038069
2024,Caldas,Tasa de Ocupación (TO),51.757088862
2025,Caldas,Tasa de Ocupación (TO),53.930262896
2007,Caldas,Tasa de Desocupación (TD),11.812778722
2008,Caldas,Tasa de Desocupación (TD),11.853500134
2009,Caldas,Tasa de Desocupación (TD),13.147669257
2010,Caldas,Tasa de Desocupación (TD),14.35071489
2011,Caldas,Tasa de Desocupación (TD),11.908069275
2012,Caldas,Tasa de Desocupación (TD),10.186518422
2013,Caldas,Tasa de Desocupación (TD),9.507837227
2014,Caldas,Tasa de Desocupación (TD),8.693266734
2015,Caldas,Tasa de Desocupación (TD),8.393113691
2016,Caldas,Tasa de Desocupación (TD),9.464942506
2017,Caldas,Tasa de Desocupación (TD),9.194517218
2018,Caldas,Tasa de Desocupación (TD),10.094347123
2019,Caldas,Tasa de Desocupación (TD),11.2480973
2020,Caldas,Tasa de Desocupación (TD),16.852226594
2021,Caldas,Tasa de Desocupación (TD),12.067780494
2022,Caldas,Tasa de Desocupación (TD),10.92925304
2023,Caldas,Tasa de Desocupación (TD),9.771051592
2024,Caldas,Tasa de Desocupación (TD),9.374001195
2025,Caldas,Tasa de Desocupación (TD),9.105211816
2007,Caldas,Tasa de Subocupación (TS),7.151829063
2008,Caldas,Tasa de Subocupación (TS),7.027690136
2009,Caldas,Tasa de Subocupación (TS),7.829033053
2010,Caldas,Tasa de Subocupación (TS),9.292825371
2011,Caldas,Tasa de Subocupación (TS),7.884953515
2012,Caldas,Tasa de Subocupación (TS),5.420663928
2013,Caldas,Tasa de Subocupación (TS),5.697841598
2014,Caldas,Tasa de Subocupación (TS),5.944230734
2015,Caldas,Tasa de Subocupación (TS),4.859498299
2016,Caldas,Tasa de Subocupación (TS),4.532882383
2017,Caldas,Tasa de Subocupación (TS),5.171253282
2018,Caldas,Tasa de Subocupación (TS),5.162975611
2019,Caldas,Tasa de Subocupación (TS),5.691920659
2020,Caldas,Tasa de Subocupación (TS),0.0
2021,Caldas,Tasa de Subocupación (TS),4.61509549
2022,Caldas,Tasa de Subocupación (TS),4.808674626
2023,Caldas,Tasa de Subocupación (TS),4.499246605
2024,Caldas,Tasa de Subocupación (TS),3.107416352
2025,Caldas,Tasa de Subocupación (TS),4.52133779
2007,Caldas,Población total,990.531
2008,Caldas,Población total,987.831
2009,Caldas,Población total,985.707
2010,Caldas,Población total,984.349
2011,Caldas,Población total,983.538
2012,Caldas,Población total,982.938
2013,Caldas,Población total,982.558
2014,Caldas,Población total,982.871
2015,Caldas,Población total,984.226
2016,Caldas,Población total,987.03
2017,Caldas,Población total,991.132
2018,Caldas,Población total,997.871
2019,Caldas,Población total,1007.939
2020,Caldas,Población total,1018.081
2021,Caldas,Población total,1027.199
2022,Caldas,Población total,1036.309
2023,Caldas,Población total,1046.394
2024,Caldas,Población total,1056.182
2025,Caldas,Población total,1065.862
2007,Caldas,Población en edad de trabajar (PET),747.102
2008,Caldas,Población en edad de trabajar (PET),750.917
2009,Caldas,Población en edad de trabajar (PET),755.04
2010,Caldas,Población en edad de trabajar (PET),759.548
2011,Caldas,Población en edad de trabajar (PET),764.186
2012,Caldas,Población en edad de trabajar (PET),768.681
2013,Caldas,Población en edad de trabajar (PET),773.025
2014,Caldas,Población en edad de trabajar (PET),777.565
2015,Caldas,Población en edad de trabajar (PET),782.57
2016,Caldas,Población en edad de trabajar (PET),788.273
2017,Caldas,Población en edad de trabajar (PET),794.52
2018,Caldas,Población en edad de trabajar (PET),801.954
2019,Caldas,Población en edad de trabajar (PET),811.157
2020,Caldas,Población en edad de trabajar (PET),820.359
2021,Caldas,Población en edad de trabajar (PET),829.031
2022,Caldas,Población en edad de trabajar (PET),837.608
2023,Caldas,Población en edad de trabajar (PET),846.994
2024,Caldas,Población en edad de trabajar (PET),857.899
2025,Caldas,Población en edad de trabajar (PET),867.584
2007,Caldas,Fuerza de trabajo,431.673369
2008,Caldas,Fuerza de trabajo,433.590818
2009,Caldas,Fuerza de trabajo,442.87577600000003
2010,Caldas,Fuerza de trabajo,455.313265
2011,Caldas,Fuerza de trabajo,436.677346
2012,Caldas,Fuerza de trabajo,444.68193199999996
2013,Caldas,Fuerza de trabajo,442.114639
2014,Caldas,Fuerza de trabajo,449.807185
2015,Caldas,Fuerza de trabajo,471.027778
2016,Caldas,Fuerza de trabajo,464.732591
2017,Caldas,Fuerza de trabajo,470.24877299999997
2018,Caldas,Fuerza de trabajo,480.74388
2019,Caldas,Fuerza de trabajo,479.856674
2020,Caldas,Fuerza de trabajo,476.957494
2021,Caldas,Fuerza de trabajo,465.916
2022,Caldas,Fuerza de trabajo,486.418
2023,Caldas,Fuerza de trabajo,488.649
2024,Caldas,Fuerza de trabajo,489.952
2025,Caldas,Fuerza de trabajo,514.761
2007,Caldas,Población ocupada,380.680749
2008,Caldas,Población ocupada,382.19513
2009,Caldas,Población ocupada,384.647934
2010,Caldas,Población ocupada,389.972557
2011,Caldas,Población ocupada,384.677505
2012,Caldas,Población ocupada,399.384325
2013,Caldas,Población ocupada,400.079099
2014,Caldas,Población ocupada,410.70424699999995
2015,Caldas,Población ocupada,431.493881
2016,Caldas,Población ocupada,420.745918
2017,Caldas,Población ocupada,427.011668
2018,Caldas,Población ocupada,432.215924
2019,Caldas,Población ocupada,425.881928
2020,Caldas,Población ocupada,396.579536
2021,Caldas,Población ocupada,409.69
2022,Caldas,Población ocupada,433.256
2023,Caldas,Población ocupada,440.903
2024,Caldas,Población ocupada,444.023
2025,Caldas,Población ocupada,467.891
2007,Caldas,Población desocupada,50.99262
2008,Caldas,Población desocupada,51.395688
2009,Caldas,Población desocupada,58.227841999999995
2010,Caldas,Población desocupada,65.340709
2011,Caldas,Población desocupada,51.999841
2012,Caldas,Población desocupada,45.297607000000006
2013,Caldas,Población desocupada,42.03554
2014,Caldas,Población desocupada,39.102938
2015,Caldas,Población desocupada,39.533896999999996
2016,Caldas,Población desocupada,43.986673
2017,Caldas,Población desocupada,43.237104
2018,Caldas,Población desocupada,48.527955999999996
2019,Caldas,Población desocupada,53.974745999999996
2020,Caldas,Población desocupada,80.37795799999999
2021,Caldas,Población desocupada,56.226
2022,Caldas,Población desocupada,53.162
2023,Caldas,Población desocupada,47.746
2024,Caldas,Población desocupada,45.928
2025,Caldas,Población desocupada,46.87
2007,Caldas,Población fuera de la fuerza de trabajo,315.428631
2008,Caldas,Población fuera de la fuerza de trabajo,317.32618199999996
2009,Caldas,Población fuera de la fuerza de trabajo,312.164224
2010,Caldas,Población fuera de la fuerza de trabajo,304.234735
2011,Caldas,Población fuera de la fuerza de trabajo,327.508654
2012,Caldas,Población fuera de la fuerza de trabajo,323.999068
2013,Caldas,Población fuera de la fuerza de trabajo,330.91036099999997
2014,Caldas,Población fuera de la fuerza de trabajo,327.757815
2015,Caldas,Población fuera de la fuerza de trabajo,311.542222
2016,Caldas,Población fuera de la fuerza de trabajo,323.540409
2017,Caldas,Población fuera de la fuerza de trabajo,324.271227
2018,Caldas,Población fuera de la fuerza de trabajo,321.21012
2019,Caldas,Población fuera de la fuerza de trabajo,331.300326
2020,Caldas,Población fuera de la fuerza de trabajo,343.401506
2021,Caldas,Población fuera de la fuerza de trabajo,363.116
2022,Caldas,Población fuera de la fuerza de trabajo,351.19
2023,Caldas,Población fuera de la fuerza de trabajo,358.345
2024,Caldas,Población fuera de la fuerza de trabajo,367.947
2025,Caldas,Población fuera de la fuerza de trabajo,352.824
2007,Caldas,Población subocupada,30.872541000000002
2008,Caldas,Población subocupada,30.471419
2009,Caldas,Población subocupada,34.672891
2010,Caldas,Población subocupada,42.311467
2011,Caldas,Población subocupada,34.431805999999995
2012,Caldas,Población subocupada,24.104713
2013,Caldas,Población subocupada,25.190991999999998
2014,Caldas,Población subocupada,26.737577
2015,Caldas,Población subocupada,22.889587
2016,Caldas,Población subocupada,21.065782
2017,Caldas,Población subocupada,24.317755000000002
2018,Caldas,Población subocupada,24.820688999999998
2019,Caldas,Población subocupada,27.313061
2020,Caldas,Población subocupada,0.0
2021,Caldas,Población subocupada,21.502
2022,Caldas,Población subocupada,23.39
2023,Caldas,Población subocupada,21.986
2024,Caldas,Población subocupada,15.225
2025,Caldas,Población subocupada,23.274
2007,Caldas,Fuerza de trabajo potencial,0.0
2008,Caldas,Fuerza de trabajo potencial,0.0
2009,Caldas,Fuerza de trabajo potencial,0.0
2010,Caldas,Fuerza de trabajo potencial,0.0
2011,Caldas,Fuerza de trabajo potencial,0.0
2012,Caldas,Fuerza de trabajo potencial,0.0
2013,Caldas,Fuerza de trabajo potencial,0.0
2014,Caldas,Fuerza de trabajo potencial,0.0
2015,Caldas,Fuerza de trabajo potencial,0.0
2016,Caldas,Fuerza de trabajo potencial,0.0
2017,Caldas,Fuerza de trabajo potencial,0.0
2018,Caldas,Fuerza de trabajo potencial,0.0
2019,Caldas,Fuerza de trabajo potencial,0.0
2020,Caldas,Fuerza de trabajo potencial,0.0
2021,Caldas,Fuerza de trabajo potencial,27.441
2022,Caldas,Fuerza de trabajo potencial,32.071
2023,Caldas,Fuerza de trabajo potencial,33.951
2024,Caldas,Fuerza de trabajo potencial,29.766
2025,Caldas,Fuerza de trabajo potencial,38.892
2007,Caquetá,% población en edad de trabajar,64.437026777
2008,Caquetá,% población en edad de trabajar,64.862472238
2009,Caquetá,% población en edad de trabajar,65.282561354
2010,Caquetá,% población en edad de trabajar,65.70067975
2011,Caquetá,% población en edad de trabajar,66.11550248
2012,Caquetá,% población en edad de trabajar,66.52812294
2013,Caquetá,% población en edad de trabajar,66.953437972
2014,Caquetá,% población en edad de trabajar,67.382670935
2015,Caquetá,% población en edad de trabajar,67.819626571
2016,Caquetá,% población en edad de trabajar,68.264953782
2017,Caquetá,% población en edad de trabajar,68.698205969
2018,Caquetá,% población en edad de trabajar,69.21478244
2019,Caquetá,% población en edad de trabajar,69.655683755
2020,Caquetá,% población en edad de trabajar,70.094056873
2021,Caquetá,% población en edad de trabajar,70.536245775
2022,Caquetá,% población en edad de trabajar,70.964539656
2023,Caquetá,% población en edad de trabajar,71.382426057
2024,Caquetá,% población en edad de trabajar,72.049812212
2025,Caquetá,% población en edad de trabajar,72.520709048
2007,Caquetá,Tasa Global de Participación (TGP),59.890229332
2008,Caquetá,Tasa Global de Participación (TGP),58.220198737
2009,Caquetá,Tasa Global de Participación (TGP),59.074525675
2010,Caquetá,Tasa Global de Participación (TGP),59.860548354
2011,Caquetá,Tasa Global de Participación (TGP),60.058531779
2012,Caquetá,Tasa Global de Participación (TGP),59.78515158
2013,Caquetá,Tasa Global de Participación (TGP),57.858905596
2014,Caquetá,Tasa Global de Participación (TGP),60.160065251
2015,Caquetá,Tasa Global de Participación (TGP),61.194520731
2016,Caquetá,Tasa Global de Participación (TGP),64.851979265
2017,Caquetá,Tasa Global de Participación (TGP),62.733633669
2018,Caquetá,Tasa Global de Participación (TGP),62.933799047
2019,Caquetá,Tasa Global de Participación (TGP),61.136139626
2020,Caquetá,Tasa Global de Participación (TGP),60.892505983
2021,Caquetá,Tasa Global de Participación (TGP),58.092317755
2022,Caquetá,Tasa Global de Participación (TGP),62.482508778
2023,Caquetá,Tasa Global de Participación (TGP),61.413860786
2024,Caquetá,Tasa Global de Participación (TGP),61.488361151
2025,Caquetá,Tasa Global de Participación (TGP),58.359126905
2007,Caquetá,Tasa de Ocupación (TO),53.412771249
2008,Caquetá,Tasa de Ocupación (TO),51.910074781
2009,Caquetá,Tasa de Ocupación (TO),51.184712306
2010,Caquetá,Tasa de Ocupación (TO),52.403597167
2011,Caquetá,Tasa de Ocupación (TO),53.378910572
2012,Caquetá,Tasa de Ocupación (TO),53.63775645
2013,Caquetá,Tasa de Ocupación (TO),52.605550969
2014,Caquetá,Tasa de Ocupación (TO),55.062369056
2015,Caquetá,Tasa de Ocupación (TO),56.218844681
2016,Caquetá,Tasa de Ocupación (TO),59.610195708
2017,Caquetá,Tasa de Ocupación (TO),57.346723812
2018,Caquetá,Tasa de Ocupación (TO),57.000071622
2019,Caquetá,Tasa de Ocupación (TO),53.87698858
2020,Caquetá,Tasa de Ocupación (TO),49.61846458
2021,Caquetá,Tasa de Ocupación (TO),50.771773382
2022,Caquetá,Tasa de Ocupación (TO),55.492808729
2023,Caquetá,Tasa de Ocupación (TO),54.672146354
2024,Caquetá,Tasa de Ocupación (TO),52.947568067
2025,Caquetá,Tasa de Ocupación (TO),52.269099655
2007,Caquetá,Tasa de Desocupación (TD),10.815550641
2008,Caquetá,Tasa de Desocupación (TD),10.838375844
2009,Caquetá,Tasa de Desocupación (TD),13.355694825
2010,Caquetá,Tasa de Desocupación (TD),12.45720494
2011,Caquetá,Tasa de Desocupación (TD),11.121852315
2012,Caquetá,Tasa de Desocupación (TD),10.28247812
2013,Caquetá,Tasa de Desocupación (TD),9.079595566
2014,Caquetá,Tasa de Desocupación (TD),8.473554964
2015,Caquetá,Tasa de Desocupación (TD),8.13091759
2016,Caquetá,Tasa de Desocupación (TD),8.082688634
2017,Caquetá,Tasa de Desocupación (TD),8.586956536
2018,Caquetá,Tasa de Desocupación (TD),9.428522535
2019,Caquetá,Tasa de Desocupación (TD),11.873747821
2020,Caquetá,Tasa de Desocupación (TD),18.514661567
2021,Caquetá,Tasa de Desocupación (TD),12.601570493
2022,Caquetá,Tasa de Desocupación (TD),11.18665077
2023,Caquetá,Tasa de Desocupación (TD),10.977512805
2024,Caquetá,Tasa de Desocupación (TD),13.890097124
2025,Caquetá,Tasa de Desocupación (TD),10.435432421
2007,Caquetá,Tasa de Subocupación (TS),7.336683276
2008,Caquetá,Tasa de Subocupación (TS),5.2496289
2009,Caquetá,Tasa de Subocupación (TS),4.612903279
2010,Caquetá,Tasa de Subocupación (TS),6.069452659
2011,Caquetá,Tasa de Subocupación (TS),6.11833405
2012,Caquetá,Tasa de Subocupación (TS),5.572458232
2013,Caquetá,Tasa de Subocupación (TS),5.710241301
2014,Caquetá,Tasa de Subocupación (TS),7.26031644
2015,Caquetá,Tasa de Subocupación (TS),9.171728755
2016,Caquetá,Tasa de Subocupación (TS),9.022579135
2017,Caquetá,Tasa de Subocupación (TS),8.493773966
2018,Caquetá,Tasa de Subocupación (TS),7.951773092
2019,Caquetá,Tasa de Subocupación (TS),9.236166144
2020,Caquetá,Tasa de Subocupación (TS),0.0
2021,Caquetá,Tasa de Subocupación (TS),7.742182171
2022,Caquetá,Tasa de Subocupación (TS),8.751562595
2023,Caquetá,Tasa de Subocupación (TS),8.750182387
2024,Caquetá,Tasa de Subocupación (TS),10.638168125
2025,Caquetá,Tasa de Subocupación (TS),9.857234366
2007,Caquetá,Población total,384.068
2008,Caquetá,Población total,386.322
2009,Caquetá,Población total,388.482
2010,Caquetá,Población total,390.585
2011,Caquetá,Población total,392.563
2012,Caquetá,Población total,394.34
2013,Caquetá,Población total,395.902
2014,Caquetá,Población total,397.344
2015,Caquetá,Población total,398.684
2016,Caquetá,Población total,399.949
2017,Caquetá,Población total,401.108
2018,Caquetá,Población total,401.774
2019,Caquetá,Población total,405.964
2020,Caquetá,Población total,410.39
2021,Caquetá,Población total,414.799
2022,Caquetá,Población total,419.224
2023,Caquetá,Población total,423.816
2024,Caquetá,Población total,428.342
2025,Caquetá,Población total,432.862
2007,Caquetá,Población en edad de trabajar (PET),247.482
2008,Caquetá,Población en edad de trabajar (PET),250.578
2009,Caquetá,Población en edad de trabajar (PET),253.611
2010,Caquetá,Población en edad de trabajar (PET),256.617
2011,Caquetá,Población en edad de trabajar (PET),259.545
2012,Caquetá,Población en edad de trabajar (PET),262.347
2013,Caquetá,Población en edad de trabajar (PET),265.07
2014,Caquetá,Población en edad de trabajar (PET),267.741
2015,Caquetá,Población en edad de trabajar (PET),270.386
2016,Caquetá,Población en edad de trabajar (PET),273.025
2017,Caquetá,Población en edad de trabajar (PET),275.554
2018,Caquetá,Población en edad de trabajar (PET),278.087
2019,Caquetá,Población en edad de trabajar (PET),282.777
2020,Caquetá,Población en edad de trabajar (PET),287.659
2021,Caquetá,Población en edad de trabajar (PET),292.584
2022,Caquetá,Población en edad de trabajar (PET),297.501
2023,Caquetá,Población en edad de trabajar (PET),302.53
2024,Caquetá,Población en edad de trabajar (PET),308.62
2025,Caquetá,Población en edad de trabajar (PET),313.915
2007,Caquetá,Fuerza de trabajo,148.21753700000002
2008,Caquetá,Fuerza de trabajo,145.88701
2009,Caquetá,Fuerza de trabajo,149.819495
2010,Caquetá,Fuerza de trabajo,153.61234299999998
2011,Caquetá,Fuerza de trabajo,155.878916
2012,Caquetá,Fuerza de trabajo,156.844552
2013,Caquetá,Fuerza de trabajo,153.366601
2014,Caquetá,Fuerza de trabajo,161.07316
2015,Caquetá,Fuerza de trabajo,165.46141699999998
2016,Caquetá,Fuerza de trabajo,177.062116
2017,Caquetá,Fuerza de trabajo,172.865037
2018,Caquetá,Fuerza de trabajo,175.010714
2019,Caquetá,Fuerza de trabajo,172.87894200000002
2020,Caquetá,Fuerza de trabajo,175.162774
2021,Caquetá,Fuerza de trabajo,169.969
2022,Caquetá,Fuerza de trabajo,185.886
2023,Caquetá,Fuerza de trabajo,185.795
2024,Caquetá,Fuerza de trabajo,189.765
2025,Caquetá,Fuerza de trabajo,183.198
2007,Caquetá,Población ocupada,132.186995
2008,Caquetá,Población ocupada,130.075227
2009,Caquetá,Población ocupada,129.810061
2010,Caquetá,Población ocupada,134.476539
2011,Caquetá,Población ocupada,138.542293
2012,Caquetá,Población ocupada,140.717045
2013,Caquetá,Población ocupada,139.44153400000002
2014,Caquetá,Población ocupada,147.424538
2015,Caquetá,Población ocupada,152.00788500000002
2016,Caquetá,Población ocupada,162.750737
2017,Caquetá,Población ocupada,158.021191
2018,Caquetá,Población ocupada,158.50978899999998
2019,Caquetá,Población ocupada,152.351732
2020,Caquetá,Población ocupada,142.731979
2021,Caquetá,Población ocupada,148.55
2022,Caquetá,Población ocupada,165.091
2023,Caquetá,Población ocupada,165.4
2024,Caquetá,Población ocupada,163.407
2025,Caquetá,Población ocupada,164.08
2007,Caquetá,Población desocupada,16.030542999999998
2008,Caquetá,Población desocupada,15.811782
2009,Caquetá,Población desocupada,20.009435
2010,Caquetá,Población desocupada,19.135804
2011,Caquetá,Población desocupada,17.336623
2012,Caquetá,Población desocupada,16.127507
2013,Caquetá,Población desocupada,13.925066999999999
2014,Caquetá,Población desocupada,13.648622999999999
2015,Caquetá,Población desocupada,13.453531000000002
2016,Caquetá,Población desocupada,14.31138
2017,Caquetá,Población desocupada,14.843846
2018,Caquetá,Población desocupada,16.500925
2019,Caquetá,Población desocupada,20.52721
2020,Caquetá,Población desocupada,32.430794999999996
2021,Caquetá,Población desocupada,21.419
2022,Caquetá,Población desocupada,20.794
2023,Caquetá,Población desocupada,20.396
2024,Caquetá,Población desocupada,26.359
2025,Caquetá,Población desocupada,19.117
2007,Caquetá,Población fuera de la fuerza de trabajo,99.264463
2008,Caquetá,Población fuera de la fuerza de trabajo,104.69099
2009,Caquetá,Población fuera de la fuerza de trabajo,103.791505
2010,Caquetá,Población fuera de la fuerza de trabajo,103.00465700000001
2011,Caquetá,Población fuera de la fuerza de trabajo,103.666084
2012,Caquetá,Población fuera de la fuerza de trabajo,105.502448
2013,Caquetá,Población fuera de la fuerza de trabajo,111.703399
2014,Caquetá,Población fuera de la fuerza de trabajo,106.66784
2015,Caquetá,Población fuera de la fuerza de trabajo,104.924583
2016,Caquetá,Población fuera de la fuerza de trabajo,95.962884
2017,Caquetá,Población fuera de la fuerza de trabajo,102.688963
2018,Caquetá,Población fuera de la fuerza de trabajo,103.076286
2019,Caquetá,Población fuera de la fuerza de trabajo,109.898058
2020,Caquetá,Población fuera de la fuerza de trabajo,112.496226
2021,Caquetá,Población fuera de la fuerza de trabajo,122.615
2022,Caquetá,Población fuera de la fuerza de trabajo,111.615
2023,Caquetá,Población fuera de la fuerza de trabajo,116.735
2024,Caquetá,Población fuera de la fuerza de trabajo,118.854
2025,Caquetá,Población fuera de la fuerza de trabajo,130.717
2007,Caquetá,Población subocupada,10.874251000000001
2008,Caquetá,Población subocupada,7.658527
2009,Caquetá,Población subocupada,6.911028
2010,Caquetá,Población subocupada,9.323428
2011,Caquetá,Población subocupada,9.537192999999998
2012,Caquetá,Población subocupada,8.740097
2013,Caquetá,Población subocupada,8.757603
2014,Caquetá,Población subocupada,11.694421
2015,Caquetá,Población subocupada,15.175672
2016,Caquetá,Población subocupada,15.97557
2017,Caquetá,Población subocupada,14.682765999999999
2018,Caquetá,Población subocupada,13.916455
2019,Caquetá,Población subocupada,15.967386000000001
2020,Caquetá,Población subocupada,0.0
2021,Caquetá,Población subocupada,13.159
2022,Caquetá,Población subocupada,16.268
2023,Caquetá,Población subocupada,16.257
2024,Caquetá,Población subocupada,20.188
2025,Caquetá,Población subocupada,18.058
2007,Caquetá,Fuerza de trabajo potencial,0.0
2008,Caquetá,Fuerza de trabajo potencial,0.0
2009,Caquetá,Fuerza de trabajo potencial,0.0
2010,Caquetá,Fuerza de trabajo potencial,0.0
2011,Caquetá,Fuerza de trabajo potencial,0.0
2012,Caquetá,Fuerza de trabajo potencial,0.0
2013,Caquetá,Fuerza de trabajo potencial,0.0
2014,Caquetá,Fuerza de trabajo potencial,0.0
2015,Caquetá,Fuerza de trabajo potencial,0.0
2016,Caquetá,Fuerza de trabajo potencial,0.0
2017,Caquetá,Fuerza de trabajo potencial,0.0
2018,Caquetá,Fuerza de trabajo potencial,0.0
2019,Caquetá,Fuerza de trabajo potencial,0.0
2020,Caquetá,Fuerza de trabajo potencial,0.0
2021,Caquetá,Fuerza de trabajo potencial,6.001
2022,Caquetá,Fuerza de trabajo potencial,8.244
2023,Caquetá,Fuerza de trabajo potencial,9.759
2024,Caquetá,Fuerza de trabajo potencial,12.821
2025,Caquetá,Fuerza de trabajo potencial,7.165
2007,Cauca,% población en edad de trabajar,69.212343025
2008,Cauca,% población en edad de trabajar,69.628706387
2009,Cauca,% población en edad de trabajar,70.203661134
2010,Cauca,% población en edad de trabajar,70.786119739
2011,Cauca,% población en edad de trabajar,71.370038075
2012,Cauca,% población en edad de trabajar,71.951791371
2013,Cauca,% población en edad de trabajar,72.523064178
2014,Cauca,% población en edad de trabajar,73.075793487
2015,Cauca,% población en edad de trabajar,73.60495721
2016,Cauca,% población en edad de trabajar,74.100035079
2017,Cauca,% población en edad de trabajar,74.549007288
2018,Cauca,% población en edad de trabajar,74.945097131
2019,Cauca,% población en edad de trabajar,75.300862429
2020,Cauca,% población en edad de trabajar,75.626462483
2021,Cauca,% población en edad de trabajar,75.944749498
2022,Cauca,% población en edad de trabajar,76.232764381
2023,Cauca,% población en edad de trabajar,76.509425404
2024,Cauca,% población en edad de trabajar,76.642316922
2025,Cauca,% población en edad de trabajar,76.876847702
2007,Cauca,Tasa Global de Participación (TGP),63.967962044
2008,Cauca,Tasa Global de Participación (TGP),60.909902095
2009,Cauca,Tasa Global de Participación (TGP),62.863457085
2010,Cauca,Tasa Global de Participación (TGP),62.103817026
2011,Cauca,Tasa Global de Participación (TGP),62.435190084
2012,Cauca,Tasa Global de Participación (TGP),62.677007522
2013,Cauca,Tasa Global de Participación (TGP),61.948612725
2014,Cauca,Tasa Global de Participación (TGP),63.400198148
2015,Cauca,Tasa Global de Participación (TGP),64.356991776
2016,Cauca,Tasa Global de Participación (TGP),64.195474771
2017,Cauca,Tasa Global de Participación (TGP),64.216622001
2018,Cauca,Tasa Global de Participación (TGP),65.06527879
2019,Cauca,Tasa Global de Participación (TGP),61.896839614
2020,Cauca,Tasa Global de Participación (TGP),58.326221073
2021,Cauca,Tasa Global de Participación (TGP),62.113315063
2022,Cauca,Tasa Global de Participación (TGP),65.056756164
2023,Cauca,Tasa Global de Participación (TGP),65.498177212
2024,Cauca,Tasa Global de Participación (TGP),70.066415042
2025,Cauca,Tasa Global de Participación (TGP),66.250948594
2007,Cauca,Tasa de Ocupación (TO),57.959427088
2008,Cauca,Tasa de Ocupación (TO),54.375468287
2009,Cauca,Tasa de Ocupación (TO),56.254553708
2010,Cauca,Tasa de Ocupación (TO),55.446585987
2011,Cauca,Tasa de Ocupación (TO),55.296224772
2012,Cauca,Tasa de Ocupación (TO),55.380853874
2013,Cauca,Tasa de Ocupación (TO),54.936681667
2014,Cauca,Tasa de Ocupación (TO),56.509174517
2015,Cauca,Tasa de Ocupación (TO),57.763914282
2016,Cauca,Tasa de Ocupación (TO),59.01977126
2017,Cauca,Tasa de Ocupación (TO),59.029197855
2018,Cauca,Tasa de Ocupación (TO),59.202866376
2019,Cauca,Tasa de Ocupación (TO),55.439577495
2020,Cauca,Tasa de Ocupación (TO),49.917755966
2021,Cauca,Tasa de Ocupación (TO),54.199853003
2022,Cauca,Tasa de Ocupación (TO),59.395487172
2023,Cauca,Tasa de Ocupación (TO),60.561956655
2024,Cauca,Tasa de Ocupación (TO),64.31524515
2025,Cauca,Tasa de Ocupación (TO),61.849413153
2007,Cauca,Tasa de Desocupación (TD),9.393037958
2008,Cauca,Tasa de Desocupación (TD),10.728032032
2009,Cauca,Tasa de Desocupación (TD),10.513108384
2010,Cauca,Tasa de Desocupación (TD),10.719519923
2011,Cauca,Tasa de Desocupación (TD),11.434201293
2012,Cauca,Tasa de Desocupación (TD),11.640877471
2013,Cauca,Tasa de Desocupación (TD),11.318947672
2014,Cauca,Tasa de Desocupación (TD),10.869088476
2015,Cauca,Tasa de Desocupación (TD),10.244539579
2016,Cauca,Tasa de Desocupación (TD),8.062411765
2017,Cauca,Tasa de Desocupación (TD),8.078008442
2018,Cauca,Tasa de Desocupación (TD),9.01004733
2019,Cauca,Tasa de Desocupación (TD),10.432296962
2020,Cauca,Tasa de Desocupación (TD),14.416269309
2021,Cauca,Tasa de Desocupación (TD),12.740363402
2022,Cauca,Tasa de Desocupación (TD),8.702046222
2023,Cauca,Tasa de Desocupación (TD),7.536424321
2024,Cauca,Tasa de Desocupación (TD),8.20816919
2025,Cauca,Tasa de Desocupación (TD),6.643731953
2007,Cauca,Tasa de Subocupación (TS),8.012825876
2008,Cauca,Tasa de Subocupación (TS),11.255207293
2009,Cauca,Tasa de Subocupación (TS),11.801469409
2010,Cauca,Tasa de Subocupación (TS),11.543247886
2011,Cauca,Tasa de Subocupación (TS),11.569567727
2012,Cauca,Tasa de Subocupación (TS),12.463093848
2013,Cauca,Tasa de Subocupación (TS),15.050020015
2014,Cauca,Tasa de Subocupación (TS),16.99275029
2015,Cauca,Tasa de Subocupación (TS),16.835119286
2016,Cauca,Tasa de Subocupación (TS),14.091291317
2017,Cauca,Tasa de Subocupación (TS),12.049859286
2018,Cauca,Tasa de Subocupación (TS),15.42120156
2019,Cauca,Tasa de Subocupación (TS),15.858360354
2020,Cauca,Tasa de Subocupación (TS),0.0
2021,Cauca,Tasa de Subocupación (TS),10.488341662
2022,Cauca,Tasa de Subocupación (TS),12.609890861
2023,Cauca,Tasa de Subocupación (TS),13.107641184
2024,Cauca,Tasa de Subocupación (TS),13.357152041
2025,Cauca,Tasa de Subocupación (TS),8.727831859
2007,Cauca,Población total,1287.464
2008,Cauca,Población total,1324.639
2009,Cauca,Población total,1338.547
2010,Cauca,Población total,1352.453
2011,Cauca,Población total,1366.254
2012,Cauca,Población total,1379.753
2013,Cauca,Población total,1392.961
2014,Cauca,Población total,1406.229
2015,Cauca,Población total,1419.831
2016,Cauca,Población total,1433.917
2017,Cauca,Población total,1448.305
2018,Cauca,Población total,1463.949
2019,Cauca,Población total,1477.918
2020,Cauca,Población total,1491.47
2021,Cauca,Población total,1503.606
2022,Cauca,Población total,1515.611
2023,Cauca,Población total,1527.569
2024,Cauca,Población total,1539.658
2025,Cauca,Población total,1551.702
2007,Cauca,Población en edad de trabajar (PET),891.084
2008,Cauca,Población en edad de trabajar (PET),922.329
2009,Cauca,Población en edad de trabajar (PET),939.709
2010,Cauca,Población en edad de trabajar (PET),957.349
2011,Cauca,Población en edad de trabajar (PET),975.096
2012,Cauca,Población en edad de trabajar (PET),992.757
2013,Cauca,Población en edad de trabajar (PET),1010.218
2014,Cauca,Población en edad de trabajar (PET),1027.613
2015,Cauca,Población en edad de trabajar (PET),1045.066
2016,Cauca,Población en edad de trabajar (PET),1062.533
2017,Cauca,Población en edad de trabajar (PET),1079.697
2018,Cauca,Población en edad de trabajar (PET),1097.158
2019,Cauca,Población en edad de trabajar (PET),1112.885
2020,Cauca,Población en edad de trabajar (PET),1127.946
2021,Cauca,Población en edad de trabajar (PET),1141.91
2022,Cauca,Población en edad de trabajar (PET),1155.392
2023,Cauca,Población en edad de trabajar (PET),1168.735
2024,Cauca,Población en edad de trabajar (PET),1180.029
2025,Cauca,Población en edad de trabajar (PET),1192.9
2007,Cauca,Fuerza de trabajo,570.008275
2008,Cauca,Fuerza de trabajo,561.789691
2009,Cauca,Fuerza de trabajo,590.733564
2010,Cauca,Fuerza de trabajo,594.550271
2011,Cauca,Fuerza de trabajo,608.803041
2012,Cauca,Fuerza de trabajo,622.23038
2013,Cauca,Fuerza de trabajo,625.8160359999999
2014,Cauca,Fuerza de trabajo,651.5086779999999
2015,Cauca,Fuerza de trabajo,672.57304
2016,Cauca,Fuerza de trabajo,682.098104
2017,Cauca,Fuerza de trabajo,693.344941
2018,Cauca,Fuerza de trabajo,713.8689109999999
2019,Cauca,Fuerza de trabajo,688.840644
2020,Cauca,Fuerza de trabajo,657.888278
2021,Cauca,Fuerza de trabajo,709.278
2022,Cauca,Fuerza de trabajo,751.661
2023,Cauca,Fuerza de trabajo,765.5
2024,Cauca,Fuerza de trabajo,826.804
2025,Cauca,Fuerza de trabajo,790.307
2007,Cauca,Población ocupada,516.467181
2008,Cauca,Población ocupada,501.520713
2009,Cauca,Población ocupada,528.6291040000001
2010,Cauca,Población ocupada,530.817336
2011,Cauca,Población ocupada,539.1912759999999
2012,Cauca,Población ocupada,549.7973029999999
2013,Cauca,Población ocupada,554.980247
2014,Cauca,Población ocupada,580.695624
2015,Cauca,Población ocupada,603.6710280000001
2016,Cauca,Población ocupada,627.104546
2017,Cauca,Población ocupada,637.336478
2018,Cauca,Población ocupada,649.548985
2019,Cauca,Población ocupada,616.978742
2020,Cauca,Población ocupada,563.045332
2021,Cauca,Población ocupada,618.914
2022,Cauca,Población ocupada,686.251
2023,Cauca,Población ocupada,707.809
2024,Cauca,Población ocupada,758.939
2025,Cauca,Población ocupada,737.801
2007,Cauca,Población desocupada,53.541093999999994
2008,Cauca,Población desocupada,60.268978000000004
2009,Cauca,Población desocupada,62.104459999999996
2010,Cauca,Población desocupada,63.732935
2011,Cauca,Población desocupada,69.611765
2012,Cauca,Población desocupada,72.433076
2013,Cauca,Población desocupada,70.83578999999999
2014,Cauca,Población desocupada,70.81305499999999
2015,Cauca,Población desocupada,68.902011
2016,Cauca,Población desocupada,54.993558
2017,Cauca,Población desocupada,56.008463000000006
2018,Cauca,Población desocupada,64.319927
2019,Cauca,Población desocupada,71.861902
2020,Cauca,Población desocupada,94.842946
2021,Cauca,Población desocupada,90.365
2022,Cauca,Población desocupada,65.41
2023,Cauca,Población desocupada,57.691
2024,Cauca,Población desocupada,67.866
2025,Cauca,Población desocupada,52.506
2007,Cauca,Población fuera de la fuerza de trabajo,321.075725
2008,Cauca,Población fuera de la fuerza de trabajo,360.539309
2009,Cauca,Población fuera de la fuerza de trabajo,348.975436
2010,Cauca,Población fuera de la fuerza de trabajo,362.798729
2011,Cauca,Población fuera de la fuerza de trabajo,366.292959
2012,Cauca,Población fuera de la fuerza de trabajo,370.52662
2013,Cauca,Población fuera de la fuerza de trabajo,384.40196399999996
2014,Cauca,Población fuera de la fuerza de trabajo,376.10432199999997
2015,Cauca,Población fuera de la fuerza de trabajo,372.49296000000004
2016,Cauca,Población fuera de la fuerza de trabajo,380.434896
2017,Cauca,Población fuera de la fuerza de trabajo,386.352059
2018,Cauca,Población fuera de la fuerza de trabajo,383.289089
2019,Cauca,Población fuera de la fuerza de trabajo,424.04435600000005
2020,Cauca,Población fuera de la fuerza de trabajo,470.057722
2021,Cauca,Población fuera de la fuerza de trabajo,432.632
2022,Cauca,Población fuera de la fuerza de trabajo,403.732
2023,Cauca,Población fuera de la fuerza de trabajo,403.235
2024,Cauca,Población fuera de la fuerza de trabajo,353.225
2025,Cauca,Población fuera de la fuerza de trabajo,402.592
2007,Cauca,Población subocupada,45.673771
2008,Cauca,Población subocupada,63.230593999999996
2009,Cauca,Población subocupada,69.71524099999999
2010,Cauca,Población subocupada,68.63041199999999
2011,Cauca,Población subocupada,70.43588000000001
2012,Cauca,Población subocupada,77.549156
2013,Cauca,Población subocupada,94.185439
2014,Cauca,Población subocupada,110.709243
2015,Cauca,Población subocupada,113.228474
2016,Cauca,Población subocupada,96.11643099999999
2017,Cauca,Población subocupada,83.54709
2018,Cauca,Población subocupada,110.087164
2019,Cauca,Población subocupada,109.23883199999999
2020,Cauca,Población subocupada,0.0
2021,Cauca,Población subocupada,74.392
2022,Cauca,Población subocupada,94.784
2023,Cauca,Población subocupada,100.339
2024,Cauca,Población subocupada,110.438
2025,Cauca,Población subocupada,68.977
2007,Cauca,Fuerza de trabajo potencial,0.0
2008,Cauca,Fuerza de trabajo potencial,0.0
2009,Cauca,Fuerza de trabajo potencial,0.0
2010,Cauca,Fuerza de trabajo potencial,0.0
2011,Cauca,Fuerza de trabajo potencial,0.0
2012,Cauca,Fuerza de trabajo potencial,0.0
2013,Cauca,Fuerza de trabajo potencial,0.0
2014,Cauca,Fuerza de trabajo potencial,0.0
2015,Cauca,Fuerza de trabajo potencial,0.0
2016,Cauca,Fuerza de trabajo potencial,0.0
2017,Cauca,Fuerza de trabajo potencial,0.0
2018,Cauca,Fuerza de trabajo potencial,0.0
2019,Cauca,Fuerza de trabajo potencial,0.0
2020,Cauca,Fuerza de trabajo potencial,0.0
2021,Cauca,Fuerza de trabajo potencial,76.414
2022,Cauca,Fuerza de trabajo potencial,76.474
2023,Cauca,Fuerza de trabajo potencial,55.826
2024,Cauca,Fuerza de trabajo potencial,72.373
2025,Cauca,Fuerza de trabajo potencial,82.1
2007,Cesar,% población en edad de trabajar,65.480896859
2008,Cesar,% población en edad de trabajar,65.879887931
2009,Cesar,% población en edad de trabajar,66.25928757
2010,Cesar,% población en edad de trabajar,66.624778014
2011,Cesar,% población en edad de trabajar,66.977936017
2012,Cesar,% población en edad de trabajar,67.336272884
2013,Cesar,% población en edad de trabajar,67.706594024
2014,Cesar,% población en edad de trabajar,68.082495238
2015,Cesar,% población en edad de trabajar,68.463087116
2016,Cesar,% población en edad de trabajar,68.854595717
2017,Cesar,% población en edad de trabajar,69.253382288
2018,Cesar,% población en edad de trabajar,69.624186469
2019,Cesar,% población en edad de trabajar,70.026173719
2020,Cesar,% población en edad de trabajar,70.399168431
2021,Cesar,% población en edad de trabajar,70.748772129
2022,Cesar,% población en edad de trabajar,71.084275376
2023,Cesar,% población en edad de trabajar,71.423939574
2024,Cesar,% población en edad de trabajar,71.960797832
2025,Cesar,% población en edad de trabajar,72.403843923
2007,Cesar,Tasa Global de Participación (TGP),58.021504551
2008,Cesar,Tasa Global de Participación (TGP),57.357978308
2009,Cesar,Tasa Global de Participación (TGP),61.834519381
2010,Cesar,Tasa Global de Participación (TGP),63.232275242
2011,Cesar,Tasa Global de Participación (TGP),61.514606101
2012,Cesar,Tasa Global de Participación (TGP),63.00048732
2013,Cesar,Tasa Global de Participación (TGP),61.16391811
2014,Cesar,Tasa Global de Participación (TGP),60.761840519
2015,Cesar,Tasa Global de Participación (TGP),61.71017988
2016,Cesar,Tasa Global de Participación (TGP),60.924940846
2017,Cesar,Tasa Global de Participación (TGP),63.620478919
2018,Cesar,Tasa Global de Participación (TGP),59.567589473
2019,Cesar,Tasa Global de Participación (TGP),60.265270118
2020,Cesar,Tasa Global de Participación (TGP),53.208405121
2021,Cesar,Tasa Global de Participación (TGP),58.064655332
2022,Cesar,Tasa Global de Participación (TGP),59.120256657
2023,Cesar,Tasa Global de Participación (TGP),59.77219241
2024,Cesar,Tasa Global de Participación (TGP),58.779333385
2025,Cesar,Tasa Global de Participación (TGP),58.911053936
2007,Cesar,Tasa de Ocupación (TO),49.430108415
2008,Cesar,Tasa de Ocupación (TO),48.959633218
2009,Cesar,Tasa de Ocupación (TO),55.026911225
2010,Cesar,Tasa de Ocupación (TO),56.214074949
2011,Cesar,Tasa de Ocupación (TO),54.855605119
2012,Cesar,Tasa de Ocupación (TO),56.849680445
2013,Cesar,Tasa de Ocupación (TO),55.755974691
2014,Cesar,Tasa de Ocupación (TO),54.681380477
2015,Cesar,Tasa de Ocupación (TO),55.954119824
2016,Cesar,Tasa de Ocupación (TO),53.652708637
2017,Cesar,Tasa de Ocupación (TO),56.370292369
2018,Cesar,Tasa de Ocupación (TO),52.755318836
2019,Cesar,Tasa de Ocupación (TO),52.11710408
2020,Cesar,Tasa de Ocupación (TO),44.820263813
2021,Cesar,Tasa de Ocupación (TO),48.703028155
2022,Cesar,Tasa de Ocupación (TO),49.748783927
2023,Cesar,Tasa de Ocupación (TO),52.600938604
2024,Cesar,Tasa de Ocupación (TO),52.123303971
2025,Cesar,Tasa de Ocupación (TO),53.07962163
2007,Cesar,Tasa de Desocupación (TD),14.807261898
2008,Cesar,Tasa de Desocupación (TD),14.641982401
2009,Cesar,Tasa de Desocupación (TD),11.009397703
2010,Cesar,Tasa de Desocupación (TD),11.099079175
2011,Cesar,Tasa de Desocupación (TD),10.825072946
2012,Cesar,Tasa de Desocupación (TD),9.763109996
2013,Cesar,Tasa de Desocupación (TD),8.841721699
2014,Cesar,Tasa de Desocupación (TD),10.007037294
2015,Cesar,Tasa de Desocupación (TD),9.327569725
2016,Cesar,Tasa de Desocupación (TD),11.936379598
2017,Cesar,Tasa de Desocupación (TD),11.395994925
2018,Cesar,Tasa de Desocupación (TD),11.436203306
2019,Cesar,Tasa de Desocupación (TD),13.520500318
2020,Cesar,Tasa de Desocupación (TD),15.764692231
2021,Cesar,Tasa de Desocupación (TD),16.122763709
2022,Cesar,Tasa de Desocupación (TD),15.851542703
2023,Cesar,Tasa de Desocupación (TD),11.997642242
2024,Cesar,Tasa de Desocupación (TD),11.323757911
2025,Cesar,Tasa de Desocupación (TD),9.898706467
2007,Cesar,Tasa de Subocupación (TS),9.905051291
2008,Cesar,Tasa de Subocupación (TS),7.439441924
2009,Cesar,Tasa de Subocupación (TS),7.424979391
2010,Cesar,Tasa de Subocupación (TS),11.176394468
2011,Cesar,Tasa de Subocupación (TS),9.161926562
2012,Cesar,Tasa de Subocupación (TS),8.353323424
2013,Cesar,Tasa de Subocupación (TS),5.794850353
2014,Cesar,Tasa de Subocupación (TS),5.376511077
2015,Cesar,Tasa de Subocupación (TS),4.834942169
2016,Cesar,Tasa de Subocupación (TS),8.451880029
2017,Cesar,Tasa de Subocupación (TS),10.629929071
2018,Cesar,Tasa de Subocupación (TS),8.247717299
2019,Cesar,Tasa de Subocupación (TS),7.8993737
2020,Cesar,Tasa de Subocupación (TS),0.0
2021,Cesar,Tasa de Subocupación (TS),6.762285393
2022,Cesar,Tasa de Subocupación (TS),9.324401594
2023,Cesar,Tasa de Subocupación (TS),8.259660046
2024,Cesar,Tasa de Subocupación (TS),8.984242137
2025,Cesar,Tasa de Subocupación (TS),6.137431337
2007,Cesar,Población total,977.902
2008,Cesar,Población total,993.672
2009,Cesar,Población total,1009.952
2010,Cesar,Población total,1026.531
2011,Cesar,Población total,1043.148
2012,Cesar,Población total,1060.026
2013,Cesar,Población total,1077.415
2014,Cesar,Población total,1095.142
2015,Cesar,Población total,1113.622
2016,Cesar,Población total,1135.503
2017,Cesar,Población total,1161.344
2018,Cesar,Población total,1198.786
2019,Cesar,Población total,1250.491
2020,Cesar,Población total,1293.94
2021,Cesar,Población total,1321.885
2022,Cesar,Población total,1341.412
2023,Cesar,Población total,1359.375
2024,Cesar,Población total,1376.701
2025,Cesar,Población total,1393.49
2007,Cesar,Población en edad de trabajar (PET),640.339
2008,Cesar,Población en edad de trabajar (PET),654.63
2009,Cesar,Población en edad de trabajar (PET),669.187
2010,Cesar,Población en edad de trabajar (PET),683.924
2011,Cesar,Población en edad de trabajar (PET),698.679
2012,Cesar,Población en edad de trabajar (PET),713.782
2013,Cesar,Población en edad de trabajar (PET),729.481
2014,Cesar,Población en edad de trabajar (PET),745.6
2015,Cesar,Población en edad de trabajar (PET),762.42
2016,Cesar,Población en edad de trabajar (PET),781.846
2017,Cesar,Población en edad de trabajar (PET),804.27
2018,Cesar,Población en edad de trabajar (PET),834.645
2019,Cesar,Población en edad de trabajar (PET),875.671
2020,Cesar,Población en edad de trabajar (PET),910.923
2021,Cesar,Población en edad de trabajar (PET),935.218
2022,Cesar,Población en edad de trabajar (PET),953.533
2023,Cesar,Población en edad de trabajar (PET),970.919
2024,Cesar,Población en edad de trabajar (PET),990.685
2025,Cesar,Población en edad de trabajar (PET),1008.94
2007,Cesar,Fuerza de trabajo,371.534322
2008,Cesar,Fuerza de trabajo,375.482533
2009,Cesar,Fuerza de trabajo,413.788565
2010,Cesar,Fuerza de trabajo,432.460706
2011,Cesar,Fuerza de trabajo,429.78963500000003
2012,Cesar,Fuerza de trabajo,449.68613799999997
2013,Cesar,Fuerza de trabajo,446.179161
2014,Cesar,Fuerza de trabajo,453.040283
2015,Cesar,Fuerza de trabajo,470.49075300000004
2016,Cesar,Fuerza de trabajo,476.339213
2017,Cesar,Fuerza de trabajo,511.68042599999995
2018,Cesar,Fuerza de trabajo,497.177907
2019,Cesar,Fuerza de trabajo,527.725493
2020,Cesar,Fuerza de trabajo,484.6876
2021,Cesar,Fuerza de trabajo,543.031
2022,Cesar,Fuerza de trabajo,563.731
2023,Cesar,Fuerza de trabajo,580.34
2024,Cesar,Fuerza de trabajo,582.318
2025,Cesar,Fuerza de trabajo,594.377
2007,Cesar,Población ocupada,316.520262
2008,Cesar,Población ocupada,320.50444699999997
2009,Cesar,Población ocupada,368.232936
2010,Cesar,Población ocupada,384.46155
2011,Cesar,Población ocupada,383.264593
2012,Cesar,Población ocupada,405.78278600000004
2013,Cesar,Población ocupada,406.729242
2014,Cesar,Población ocupada,407.70437300000003
2015,Cesar,Población ocupada,426.60540000000003
2016,Cesar,Población ocupada,419.48155599999996
2017,Cesar,Población ocupada,453.36935
2018,Cesar,Población ocupada,440.319631
2019,Cesar,Población ocupada,456.37436599999995
2020,Cesar,Población ocupada,408.278092
2021,Cesar,Población ocupada,455.479
2022,Cesar,Población ocupada,474.371
2023,Cesar,Población ocupada,510.713
2024,Cesar,Población ocupada,516.378
2025,Cesar,Población ocupada,535.542
2007,Cesar,Población desocupada,55.01406
2008,Cesar,Población desocupada,54.978086000000005
2009,Cesar,Población desocupada,45.555629
2010,Cesar,Población desocupada,47.999156
2011,Cesar,Población desocupada,46.525040999999995
2012,Cesar,Población desocupada,43.903352
2013,Cesar,Población desocupada,39.44992
2014,Cesar,Población desocupada,45.335910000000005
2015,Cesar,Población desocupada,43.885353
2016,Cesar,Población desocupada,56.857656999999996
2017,Cesar,Población desocupada,58.311074999999995
2018,Cesar,Población desocupada,56.858276
2019,Cesar,Población desocupada,71.35112699999999
2020,Cesar,Población desocupada,76.409508
2021,Cesar,Población desocupada,87.552
2022,Cesar,Población desocupada,89.36
2023,Cesar,Población desocupada,69.627
2024,Cesar,Población desocupada,65.94
2025,Cesar,Población desocupada,58.836
2007,Cesar,Población fuera de la fuerza de trabajo,268.804678
2008,Cesar,Población fuera de la fuerza de trabajo,279.147467
2009,Cesar,Población fuera de la fuerza de trabajo,255.398435
2010,Cesar,Población fuera de la fuerza de trabajo,251.463294
2011,Cesar,Población fuera de la fuerza de trabajo,268.889365
2012,Cesar,Población fuera de la fuerza de trabajo,264.095862
2013,Cesar,Población fuera de la fuerza de trabajo,283.301839
2014,Cesar,Población fuera de la fuerza de trabajo,292.559717
2015,Cesar,Población fuera de la fuerza de trabajo,291.929247
2016,Cesar,Población fuera de la fuerza de trabajo,305.50678700000003
2017,Cesar,Población fuera de la fuerza de trabajo,292.589574
2018,Cesar,Población fuera de la fuerza de trabajo,337.467093
2019,Cesar,Población fuera de la fuerza de trabajo,347.94550699999996
2020,Cesar,Población fuera de la fuerza de trabajo,426.2354
2021,Cesar,Población fuera de la fuerza de trabajo,392.187
2022,Cesar,Población fuera de la fuerza de trabajo,389.802
2023,Cesar,Población fuera de la fuerza de trabajo,390.58
2024,Cesar,Población fuera de la fuerza de trabajo,408.367
2025,Cesar,Población fuera de la fuerza de trabajo,414.563
2007,Cesar,Población subocupada,36.800665
2008,Cesar,Población subocupada,27.933805
2009,Cesar,Población subocupada,30.723716
2010,Cesar,Población subocupada,48.333514
2011,Cesar,Población subocupada,39.377010999999996
2012,Cesar,Población subocupada,37.563738
2013,Cesar,Población subocupada,25.855415
2014,Cesar,Población subocupada,24.357761
2015,Cesar,Población subocupada,22.747956
2016,Cesar,Población subocupada,40.259619
2017,Cesar,Población subocupada,54.391266
2018,Cesar,Población subocupada,41.005828
2019,Cesar,Población subocupada,41.687008999999996
2020,Cesar,Población subocupada,0.0
2021,Cesar,Población subocupada,36.721
2022,Cesar,Población subocupada,52.565
2023,Cesar,Población subocupada,47.934
2024,Cesar,Población subocupada,52.317
2025,Cesar,Población subocupada,36.479
2007,Cesar,Fuerza de trabajo potencial,0.0
2008,Cesar,Fuerza de trabajo potencial,0.0
2009,Cesar,Fuerza de trabajo potencial,0.0
2010,Cesar,Fuerza de trabajo potencial,0.0
2011,Cesar,Fuerza de trabajo potencial,0.0
2012,Cesar,Fuerza de trabajo potencial,0.0
2013,Cesar,Fuerza de trabajo potencial,0.0
2014,Cesar,Fuerza de trabajo potencial,0.0
2015,Cesar,Fuerza de trabajo potencial,0.0
2016,Cesar,Fuerza de trabajo potencial,0.0
2017,Cesar,Fuerza de trabajo potencial,0.0
2018,Cesar,Fuerza de trabajo potencial,0.0
2019,Cesar,Fuerza de trabajo potencial,0.0
2020,Cesar,Fuerza de trabajo potencial,0.0
2021,Cesar,Fuerza de trabajo potencial,44.542
2022,Cesar,Fuerza de trabajo potencial,60.163
2023,Cesar,Fuerza de trabajo potencial,44.561
2024,Cesar,Fuerza de trabajo potencial,43.913
2025,Cesar,Fuerza de trabajo potencial,34.526
2007,Chocó,% población en edad de trabajar,62.484115482
2008,Chocó,% población en edad de trabajar,62.831558767
2009,Chocó,% población en edad de trabajar,63.130159297
2010,Chocó,% población en edad de trabajar,63.378462557
2011,Chocó,% población en edad de trabajar,63.602223448
2012,Chocó,% población en edad de trabajar,63.832074363
2013,Chocó,% población en edad de trabajar,64.093637185
2014,Chocó,% población en edad de trabajar,64.378733752
2015,Chocó,% población en edad de trabajar,64.680490718
2016,Chocó,% población en edad de trabajar,65.007336474
2017,Chocó,% población en edad de trabajar,65.364530916
2018,Chocó,% población en edad de trabajar,65.812897808
2019,Chocó,% población en edad de trabajar,66.371683055
2020,Chocó,% población en edad de trabajar,66.936397505
2021,Chocó,% población en edad de trabajar,67.500637399
2022,Chocó,% población en edad de trabajar,68.047389313
2023,Chocó,% población en edad de trabajar,68.579092399
2024,Chocó,% población en edad de trabajar,69.190358463
2025,Chocó,% población en edad de trabajar,69.755136924
2007,Chocó,Tasa Global de Participación (TGP),55.375613211
2008,Chocó,Tasa Global de Participación (TGP),53.297810224
2009,Chocó,Tasa Global de Participación (TGP),59.839962646
2010,Chocó,Tasa Global de Participación (TGP),60.48903556
2011,Chocó,Tasa Global de Participación (TGP),65.691095534
2012,Chocó,Tasa Global de Participación (TGP),61.233789776
2013,Chocó,Tasa Global de Participación (TGP),62.354948514
2014,Chocó,Tasa Global de Participación (TGP),55.092715304
2015,Chocó,Tasa Global de Participación (TGP),59.568211478
2016,Chocó,Tasa Global de Participación (TGP),63.205477802
2017,Chocó,Tasa Global de Participación (TGP),63.643873482
2018,Chocó,Tasa Global de Participación (TGP),62.523137453
2019,Chocó,Tasa Global de Participación (TGP),54.950076061
2020,Chocó,Tasa Global de Participación (TGP),47.512080602
2021,Chocó,Tasa Global de Participación (TGP),41.941612138
2022,Chocó,Tasa Global de Participación (TGP),43.489514831
2023,Chocó,Tasa Global de Participación (TGP),40.511012903
2024,Chocó,Tasa Global de Participación (TGP),36.935666824
2025,Chocó,Tasa Global de Participación (TGP),38.805123887
2007,Chocó,Tasa de Ocupación (TO),47.286304672
2008,Chocó,Tasa de Ocupación (TO),45.729714031
2009,Chocó,Tasa de Ocupación (TO),52.091731159
2010,Chocó,Tasa de Ocupación (TO),54.612333504
2011,Chocó,Tasa de Ocupación (TO),57.994221491
2012,Chocó,Tasa de Ocupación (TO),54.963221648
2013,Chocó,Tasa de Ocupación (TO),55.504133111
2014,Chocó,Tasa de Ocupación (TO),48.45710313
2015,Chocó,Tasa de Ocupación (TO),53.177937118
2016,Chocó,Tasa de Ocupación (TO),56.866569201
2017,Chocó,Tasa de Ocupación (TO),57.972465058
2018,Chocó,Tasa de Ocupación (TO),57.068596888
2019,Chocó,Tasa de Ocupación (TO),48.814115575
2020,Chocó,Tasa de Ocupación (TO),42.397893308
2021,Chocó,Tasa de Ocupación (TO),36.730098217
2022,Chocó,Tasa de Ocupación (TO),38.039572219
2023,Chocó,Tasa de Ocupación (TO),33.152777237
2024,Chocó,Tasa de Ocupación (TO),31.05472315
2025,Chocó,Tasa de Ocupación (TO),33.827336277
2007,Chocó,Tasa de Desocupación (TD),14.608070358
2008,Chocó,Tasa de Desocupación (TD),14.19963815
2009,Chocó,Tasa de Desocupación (TD),12.948255888
2010,Chocó,Tasa de Desocupación (TD),9.715317829
2011,Chocó,Tasa de Desocupación (TD),11.716769192
2012,Chocó,Tasa de Desocupación (TD),10.240372433
2013,Chocó,Tasa de Desocupación (TD),10.986803078
2014,Chocó,Tasa de Desocupación (TD),12.04444569
2015,Chocó,Tasa de Desocupación (TD),10.727658598
2016,Chocó,Tasa de Desocupación (TD),10.029049414
2017,Chocó,Tasa de Desocupación (TD),8.911161615
2018,Chocó,Tasa de Desocupación (TD),8.724035273
2019,Chocó,Tasa de Desocupación (TD),11.166427648
2020,Chocó,Tasa de Desocupación (TD),10.763972509
2021,Chocó,Tasa de Desocupación (TD),12.425640443
2022,Chocó,Tasa de Desocupación (TD),12.531624309
2023,Chocó,Tasa de Desocupación (TD),18.16354403
2024,Chocó,Tasa de Desocupación (TD),15.922126713
2025,Chocó,Tasa de Desocupación (TD),12.827655505
2007,Chocó,Tasa de Subocupación (TS),4.658045916
2008,Chocó,Tasa de Subocupación (TS),2.835046366
2009,Chocó,Tasa de Subocupación (TS),2.271850595
2010,Chocó,Tasa de Subocupación (TS),3.421555638
2011,Chocó,Tasa de Subocupación (TS),3.858030498
2012,Chocó,Tasa de Subocupación (TS),5.079299638
2013,Chocó,Tasa de Subocupación (TS),5.390090557
2014,Chocó,Tasa de Subocupación (TS),2.702187371
2015,Chocó,Tasa de Subocupación (TS),3.330421109
2016,Chocó,Tasa de Subocupación (TS),3.183342939
2017,Chocó,Tasa de Subocupación (TS),3.927922101
2018,Chocó,Tasa de Subocupación (TS),3.305013292
2019,Chocó,Tasa de Subocupación (TS),2.857212277
2020,Chocó,Tasa de Subocupación (TS),0.0
2021,Chocó,Tasa de Subocupación (TS),1.839305707
2022,Chocó,Tasa de Subocupación (TS),2.039919138
2023,Chocó,Tasa de Subocupación (TS),1.603366797
2024,Chocó,Tasa de Subocupación (TS),1.687345869
2025,Chocó,Tasa de Subocupación (TS),1.048266277
2007,Chocó,Población total,425.729
2008,Chocó,Población total,437.102
2009,Chocó,Población total,448.22
2010,Chocó,Población total,459.126
2011,Chocó,Población total,469.721
2012,Chocó,Población total,480.022
2013,Chocó,Población total,490.019
2014,Chocó,Población total,499.665
2015,Chocó,Población total,508.968
2016,Chocó,Población total,517.96
2017,Chocó,Población total,526.622
2018,Chocó,Población total,534.649
2019,Chocó,Población total,539.804
2020,Chocó,Población total,544.617
2021,Chocó,Población total,549.107
2022,Chocó,Población total,553.416
2023,Chocó,Población total,557.505
2024,Chocó,Población total,561.795
2025,Chocó,Población total,566.231
2007,Chocó,Población en edad de trabajar (PET),266.013
2008,Chocó,Población en edad de trabajar (PET),274.638
2009,Chocó,Población en edad de trabajar (PET),282.962
2010,Chocó,Población en edad de trabajar (PET),290.987
2011,Chocó,Población en edad de trabajar (PET),298.753
2012,Chocó,Población en edad de trabajar (PET),306.408
2013,Chocó,Población en edad de trabajar (PET),314.071
2014,Chocó,Población en edad de trabajar (PET),321.678
2015,Chocó,Población en edad de trabajar (PET),329.203
2016,Chocó,Población en edad de trabajar (PET),336.712
2017,Chocó,Población en edad de trabajar (PET),344.224
2018,Chocó,Población en edad de trabajar (PET),351.868
2019,Chocó,Población en edad de trabajar (PET),358.277
2020,Chocó,Población en edad de trabajar (PET),364.547
2021,Chocó,Población en edad de trabajar (PET),370.651
2022,Chocó,Población en edad de trabajar (PET),376.585
2023,Chocó,Población en edad de trabajar (PET),382.332
2024,Chocó,Población en edad de trabajar (PET),388.708
2025,Chocó,Población en edad de trabajar (PET),394.976
2007,Chocó,Fuerza de trabajo,147.30632999999997
2008,Chocó,Fuerza de trabajo,146.37604000000002
2009,Chocó,Fuerza de trabajo,169.324355
2010,Chocó,Fuerza de trabajo,176.01523
2011,Chocó,Fuerza de trabajo,196.254119
2012,Chocó,Fuerza de trabajo,187.625231
2013,Chocó,Fuerza de trabajo,195.83881
2014,Chocó,Fuerza de trabajo,177.22114499999998
2015,Chocó,Fuerza de trabajo,196.10033900000002
2016,Chocó,Fuerza de trabajo,212.82042800000002
2017,Chocó,Fuerza de trabajo,219.077487
2018,Chocó,Fuerza de trabajo,219.998913
2019,Chocó,Fuerza de trabajo,196.873484
2020,Chocó,Fuerza de trabajo,173.203864
2021,Chocó,Fuerza de trabajo,155.457
2022,Chocó,Fuerza de trabajo,163.775
2023,Chocó,Fuerza de trabajo,154.886
2024,Chocó,Fuerza de trabajo,143.572
2025,Chocó,Fuerza de trabajo,153.271
2007,Chocó,Población ocupada,125.787718
2008,Chocó,Población ocupada,125.591172
2009,Chocó,Población ocupada,147.39980400000002
2010,Chocó,Población ocupada,158.914791
2011,Chocó,Población ocupada,173.259477
2012,Chocó,Población ocupada,168.411708
2013,Chocó,Población ocupada,174.322386
2014,Chocó,Población ocupada,155.87583999999998
2015,Chocó,Población ocupada,175.063364
2016,Chocó,Población ocupada,191.476562
2017,Chocó,Población ocupada,199.555138
2018,Chocó,Población ocupada,200.80613
2019,Chocó,Población ocupada,174.88974900000002
2020,Chocó,Población ocupada,154.560248
2021,Chocó,Población ocupada,136.14
2022,Chocó,Población ocupada,143.251
2023,Chocó,Población ocupada,126.754
2024,Chocó,Población ocupada,120.712
2025,Chocó,Población ocupada,133.61
2007,Chocó,Población desocupada,21.518612
2008,Chocó,Población desocupada,20.784868
2009,Chocó,Población desocupada,21.924551
2010,Chocó,Población desocupada,17.100438999999998
2011,Chocó,Población desocupada,22.994642
2012,Chocó,Población desocupada,19.213522
2013,Chocó,Población desocupada,21.516424
2014,Chocó,Población desocupada,21.345305
2015,Chocó,Población desocupada,21.036974999999998
2016,Chocó,Población desocupada,21.343866000000002
2017,Chocó,Población desocupada,19.522349
2018,Chocó,Población desocupada,19.192783
2019,Chocó,Población desocupada,21.983735
2020,Chocó,Población desocupada,18.643616
2021,Chocó,Población desocupada,19.317
2022,Chocó,Población desocupada,20.524
2023,Chocó,Población desocupada,28.133
2024,Chocó,Población desocupada,22.86
2025,Chocó,Población desocupada,19.661
2007,Chocó,Población fuera de la fuerza de trabajo,118.70667
2008,Chocó,Población fuera de la fuerza de trabajo,128.26196000000002
2009,Chocó,Población fuera de la fuerza de trabajo,113.637645
2010,Chocó,Población fuera de la fuerza de trabajo,114.97177
2011,Chocó,Población fuera de la fuerza de trabajo,102.498881
2012,Chocó,Población fuera de la fuerza de trabajo,118.782769
2013,Chocó,Población fuera de la fuerza de trabajo,118.23219
2014,Chocó,Población fuera de la fuerza de trabajo,144.45685500000002
2015,Chocó,Población fuera de la fuerza de trabajo,133.10266099999998
2016,Chocó,Población fuera de la fuerza de trabajo,123.891572
2017,Chocó,Población fuera de la fuerza de trabajo,125.14651300000001
2018,Chocó,Población fuera de la fuerza de trabajo,131.869087
2019,Chocó,Población fuera de la fuerza de trabajo,161.403516
2020,Chocó,Población fuera de la fuerza de trabajo,191.343136
2021,Chocó,Población fuera de la fuerza de trabajo,215.194
2022,Chocó,Población fuera de la fuerza de trabajo,212.81
2023,Chocó,Población fuera de la fuerza de trabajo,227.445
2024,Chocó,Población fuera de la fuerza de trabajo,245.136
2025,Chocó,Población fuera de la fuerza de trabajo,241.705
2007,Chocó,Población subocupada,6.861596
2008,Chocó,Población subocupada,4.1498289999999995
2009,Chocó,Población subocupada,3.846796
2010,Chocó,Población subocupada,6.022459
2011,Chocó,Población subocupada,7.571544
2012,Chocó,Población subocupada,9.530048
2013,Chocó,Población subocupada,10.555888999999999
2014,Chocó,Población subocupada,4.788847
2015,Chocó,Población subocupada,6.5309669999999995
2016,Chocó,Población subocupada,6.7748040000000005
2017,Chocó,Población subocupada,8.605193
2018,Chocó,Población subocupada,7.270993000000001
2019,Chocó,Población subocupada,5.625093
2020,Chocó,Población subocupada,0.0
2021,Chocó,Población subocupada,2.859
2022,Chocó,Población subocupada,3.341
2023,Chocó,Población subocupada,2.483
2024,Chocó,Población subocupada,2.423
2025,Chocó,Población subocupada,1.607
2007,Chocó,Fuerza de trabajo potencial,0.0
2008,Chocó,Fuerza de trabajo potencial,0.0
2009,Chocó,Fuerza de trabajo potencial,0.0
2010,Chocó,Fuerza de trabajo potencial,0.0
2011,Chocó,Fuerza de trabajo potencial,0.0
2012,Chocó,Fuerza de trabajo potencial,0.0
2013,Chocó,Fuerza de trabajo potencial,0.0
2014,Chocó,Fuerza de trabajo potencial,0.0
2015,Chocó,Fuerza de trabajo potencial,0.0
2016,Chocó,Fuerza de trabajo potencial,0.0
2017,Chocó,Fuerza de trabajo potencial,0.0
2018,Chocó,Fuerza de trabajo potencial,0.0
2019,Chocó,Fuerza de trabajo potencial,0.0
2020,Chocó,Fuerza de trabajo potencial,0.0
2021,Chocó,Fuerza de trabajo potencial,22.674
2022,Chocó,Fuerza de trabajo potencial,13.099
2023,Chocó,Fuerza de trabajo potencial,19.834
2024,Chocó,Fuerza de trabajo potencial,32.56
2025,Chocó,Fuerza de trabajo potencial,33.11
2007,Córdoba,% población en edad de trabajar,69.100824199
2008,Córdoba,% población en edad de trabajar,69.871479499
2009,Córdoba,% población en edad de trabajar,69.91980436
2010,Córdoba,% población en edad de trabajar,70.307395167
2011,Córdoba,% población en edad de trabajar,70.677018352
2012,Córdoba,% población en edad de trabajar,71.032500209
2013,Córdoba,% población en edad de trabajar,71.374493628
2014,Córdoba,% población en edad de trabajar,71.700805866
2015,Córdoba,% población en edad de trabajar,72.007876388
2016,Córdoba,% población en edad de trabajar,72.294808273
2017,Córdoba,% población en edad de trabajar,72.557665791
2018,Córdoba,% población en edad de trabajar,72.802388456
2019,Córdoba,% población en edad de trabajar,73.021737952
2020,Córdoba,% población en edad de trabajar,73.246923162
2021,Córdoba,% población en edad de trabajar,73.484738258
2022,Córdoba,% población en edad de trabajar,73.728763033
2023,Córdoba,% población en edad de trabajar,73.974874875
2024,Córdoba,% población en edad de trabajar,74.330094093
2025,Córdoba,% población en edad de trabajar,74.634622835
2007,Córdoba,Tasa Global de Participación (TGP),62.412587376
2008,Córdoba,Tasa Global de Participación (TGP),64.674934586
2009,Córdoba,Tasa Global de Participación (TGP),72.543105822
2010,Córdoba,Tasa Global de Participación (TGP),70.989919689
2011,Córdoba,Tasa Global de Participación (TGP),71.645459106
2012,Córdoba,Tasa Global de Participación (TGP),70.502718536
2013,Córdoba,Tasa Global de Participación (TGP),67.319030776
2014,Córdoba,Tasa Global de Participación (TGP),66.820375261
2015,Córdoba,Tasa Global de Participación (TGP),70.030440668
2016,Córdoba,Tasa Global de Participación (TGP),69.086717908
2017,Córdoba,Tasa Global de Participación (TGP),71.068019041
2018,Córdoba,Tasa Global de Participación (TGP),70.742554034
2019,Córdoba,Tasa Global de Participación (TGP),69.896208373
2020,Córdoba,Tasa Global de Participación (TGP),64.713537583
2021,Córdoba,Tasa Global de Participación (TGP),60.707010462
2022,Córdoba,Tasa Global de Participación (TGP),61.846488846
2023,Córdoba,Tasa Global de Participación (TGP),63.05506615
2024,Córdoba,Tasa Global de Participación (TGP),65.036255807
2025,Córdoba,Tasa Global de Participación (TGP),64.76557333
2007,Córdoba,Tasa de Ocupación (TO),54.354294052
2008,Córdoba,Tasa de Ocupación (TO),56.329059719
2009,Córdoba,Tasa de Ocupación (TO),61.588457887
2010,Córdoba,Tasa de Ocupación (TO),61.017480818
2011,Córdoba,Tasa de Ocupación (TO),62.332235521
2012,Córdoba,Tasa de Ocupación (TO),62.21711716
2013,Córdoba,Tasa de Ocupación (TO),61.502665559
2014,Córdoba,Tasa de Ocupación (TO),62.257754192
2015,Córdoba,Tasa de Ocupación (TO),65.865384337
2016,Córdoba,Tasa de Ocupación (TO),62.670650789
2017,Córdoba,Tasa de Ocupación (TO),64.903882542
2018,Córdoba,Tasa de Ocupación (TO),65.471966042
2019,Córdoba,Tasa de Ocupación (TO),62.637700036
2020,Córdoba,Tasa de Ocupación (TO),55.263227612
2021,Córdoba,Tasa de Ocupación (TO),54.334864861
2022,Córdoba,Tasa de Ocupación (TO),54.130253803
2023,Córdoba,Tasa de Ocupación (TO),55.397719086
2024,Córdoba,Tasa de Ocupación (TO),57.918232579
2025,Córdoba,Tasa de Ocupación (TO),57.986526027
2007,Córdoba,Tasa de Desocupación (TD),12.911327127
2008,Córdoba,Tasa de Desocupación (TD),12.904342186
2009,Córdoba,Tasa de Desocupación (TD),15.100880796
2010,Córdoba,Tasa de Desocupación (TD),14.047682987
2011,Córdoba,Tasa de Desocupación (TD),12.99904237
2012,Córdoba,Tasa de Desocupación (TD),11.752172893
2013,Córdoba,Tasa de Desocupación (TD),8.640001423
2014,Córdoba,Tasa de Desocupación (TD),6.828188334
2015,Córdoba,Tasa de Desocupación (TD),5.947494105
2016,Córdoba,Tasa de Desocupación (TD),9.286976301
2017,Córdoba,Tasa de Desocupación (TD),8.673572983
2018,Córdoba,Tasa de Desocupación (TD),7.450378438
2019,Córdoba,Tasa de Desocupación (TD),10.384695401
2020,Córdoba,Tasa de Desocupación (TD),14.603296813
2021,Córdoba,Tasa de Desocupación (TD),10.496556416
2022,Córdoba,Tasa de Desocupación (TD),12.476431867
2023,Córdoba,Tasa de Desocupación (TD),12.143904577
2024,Córdoba,Tasa de Desocupación (TD),10.944700213
2025,Córdoba,Tasa de Desocupación (TD),10.467053643
2007,Córdoba,Tasa de Subocupación (TS),12.306178078
2008,Córdoba,Tasa de Subocupación (TS),13.30105076
2009,Córdoba,Tasa de Subocupación (TS),12.401864495
2010,Córdoba,Tasa de Subocupación (TS),16.037412231
2011,Córdoba,Tasa de Subocupación (TS),15.278813466
2012,Córdoba,Tasa de Subocupación (TS),13.438591952
2013,Córdoba,Tasa de Subocupación (TS),4.603663946
2014,Córdoba,Tasa de Subocupación (TS),2.998722642
2015,Córdoba,Tasa de Subocupación (TS),5.312666326
2016,Córdoba,Tasa de Subocupación (TS),7.627776724
2017,Córdoba,Tasa de Subocupación (TS),7.940830064
2018,Córdoba,Tasa de Subocupación (TS),7.453308648
2019,Córdoba,Tasa de Subocupación (TS),13.279982319
2020,Córdoba,Tasa de Subocupación (TS),0.0
2021,Córdoba,Tasa de Subocupación (TS),12.750250015
2022,Córdoba,Tasa de Subocupación (TS),9.500275675
2023,Córdoba,Tasa de Subocupación (TS),12.725392309
2024,Córdoba,Tasa de Subocupación (TS),11.719872684
2025,Córdoba,Tasa de Subocupación (TS),11.698752069
2007,Córdoba,Población total,1579.958
2008,Córdoba,Población total,1552.904
2009,Córdoba,Población total,1617.669
2010,Córdoba,Población total,1636.623
2011,Córdoba,Población total,1655.125
2012,Córdoba,Población total,1673.22
2013,Córdoba,Población total,1690.95
2014,Córdoba,Población total,1708.349
2015,Córdoba,Población total,1725.664
2016,Córdoba,Población total,1743.601
2017,Córdoba,Población total,1762.31
2018,Córdoba,Población total,1783.914
2019,Córdoba,Población total,1807.622
2020,Córdoba,Población total,1828.257
2021,Córdoba,Población total,1843.654
2022,Córdoba,Población total,1856.178
2023,Córdoba,Población total,1867.825
2024,Córdoba,Población total,1879.496
2025,Córdoba,Población total,1891.271
2007,Córdoba,Población en edad de trabajar (PET),1091.764
2008,Córdoba,Población en edad de trabajar (PET),1085.037
2009,Córdoba,Población en edad de trabajar (PET),1131.071
2010,Córdoba,Población en edad de trabajar (PET),1150.667
2011,Córdoba,Población en edad de trabajar (PET),1169.793
2012,Córdoba,Población en edad de trabajar (PET),1188.53
2013,Córdoba,Población en edad de trabajar (PET),1206.907
2014,Córdoba,Población en edad de trabajar (PET),1224.9
2015,Córdoba,Población en edad de trabajar (PET),1242.614
2016,Córdoba,Población en edad de trabajar (PET),1260.533
2017,Córdoba,Población en edad de trabajar (PET),1278.691
2018,Córdoba,Población en edad de trabajar (PET),1298.732
2019,Córdoba,Población en edad de trabajar (PET),1319.957
2020,Córdoba,Población en edad de trabajar (PET),1339.142
2021,Córdoba,Población en edad de trabajar (PET),1354.805
2022,Córdoba,Población en edad de trabajar (PET),1368.537
2023,Córdoba,Población en edad de trabajar (PET),1381.721
2024,Córdoba,Población en edad de trabajar (PET),1397.031
2025,Córdoba,Población en edad de trabajar (PET),1411.543
2007,Córdoba,Fuerza de trabajo,681.3981600000001
2008,Córdoba,Fuerza de trabajo,701.7469699999999
2009,Córdoba,Fuerza de trabajo,820.514032
2010,Córdoba,Fuerza de trabajo,816.857579
2011,Córdoba,Fuerza de trabajo,838.1035649999999
2012,Córdoba,Fuerza de trabajo,837.945961
2013,Córdoba,Fuerza de trabajo,812.4780949999999
2014,Córdoba,Fuerza de trabajo,818.482777
2015,Córdoba,Fuerza de trabajo,870.20806
2016,Córdoba,Fuerza de trabajo,870.8608780000001
2017,Córdoba,Fuerza de trabajo,908.740363
2018,Córdoba,Fuerza de trabajo,918.7561870000001
2019,Córdoba,Fuerza de trabajo,922.5998950000001
2020,Córdoba,Fuerza de trabajo,866.6061609999999
2021,Córdoba,Fuerza de trabajo,822.461
2022,Córdoba,Fuerza de trabajo,846.392
2023,Córdoba,Fuerza de trabajo,871.245
2024,Córdoba,Fuerza de trabajo,908.577
2025,Córdoba,Fuerza de trabajo,914.194
2007,Córdoba,Población ocupada,593.420615
2008,Córdoba,Población ocupada,611.19114
2009,Córdoba,Población ocupada,696.609187
2010,Córdoba,Población ocupada,702.1080159999999
2011,Córdoba,Población ocupada,729.158128
2012,Córdoba,Población ocupada,739.469103
2013,Córdoba,Población ocupada,742.279976
2014,Córdoba,Población ocupada,762.595231
2015,Córdoba,Población ocupada,818.452487
2016,Córdoba,Población ocupada,789.984235
2017,Córdoba,Población ocupada,829.920105
2018,Córdoba,Población ocupada,850.3053739999999
2019,Córdoba,Población ocupada,826.790706
2020,Córdoba,Población ocupada,740.053092
2021,Córdoba,Población ocupada,736.131
2022,Córdoba,Población ocupada,740.792
2023,Córdoba,Población ocupada,765.442
2024,Córdoba,Población ocupada,809.136
2025,Córdoba,Población ocupada,818.505
2007,Córdoba,Población desocupada,87.977546
2008,Córdoba,Población desocupada,90.55583
2009,Córdoba,Población desocupada,123.904846
2010,Córdoba,Población desocupada,114.749563
2011,Córdoba,Población desocupada,108.945438
2012,Córdoba,Población desocupada,98.476858
2013,Córdoba,Población desocupada,70.198119
2014,Córdoba,Población desocupada,55.887544999999996
2015,Córdoba,Población desocupada,51.755573
2016,Córdoba,Población desocupada,80.876643
2017,Córdoba,Población desocupada,78.82025900000001
2018,Córdoba,Población desocupada,68.450813
2019,Córdoba,Población desocupada,95.809189
2020,Córdoba,Población desocupada,126.55307
2021,Córdoba,Población desocupada,86.33
2022,Córdoba,Población desocupada,105.6
2023,Córdoba,Población desocupada,105.803
2024,Córdoba,Población desocupada,99.441
2025,Córdoba,Población desocupada,95.689
2007,Córdoba,Población fuera de la fuerza de trabajo,410.36584000000005
2008,Córdoba,Población fuera de la fuerza de trabajo,383.29003
2009,Córdoba,Población fuera de la fuerza de trabajo,310.556968
2010,Córdoba,Población fuera de la fuerza de trabajo,333.809421
2011,Córdoba,Población fuera de la fuerza de trabajo,331.689435
2012,Córdoba,Población fuera de la fuerza de trabajo,350.58403899999996
2013,Córdoba,Población fuera de la fuerza de trabajo,394.42890500000004
2014,Córdoba,Población fuera de la fuerza de trabajo,406.417223
2015,Córdoba,Población fuera de la fuerza de trabajo,372.40594
2016,Córdoba,Población fuera de la fuerza de trabajo,389.672122
2017,Córdoba,Población fuera de la fuerza de trabajo,369.950637
2018,Córdoba,Población fuera de la fuerza de trabajo,379.975813
2019,Córdoba,Población fuera de la fuerza de trabajo,397.357105
2020,Córdoba,Población fuera de la fuerza de trabajo,472.53583899999995
2021,Córdoba,Población fuera de la fuerza de trabajo,532.343
2022,Córdoba,Población fuera de la fuerza de trabajo,522.145
2023,Córdoba,Población fuera de la fuerza de trabajo,510.476
2024,Córdoba,Población fuera de la fuerza de trabajo,488.454
2025,Córdoba,Población fuera de la fuerza de trabajo,497.349
2007,Córdoba,Población subocupada,83.85407099999999
2008,Córdoba,Población subocupada,93.33972100000001
2009,Córdoba,Población subocupada,101.759038
2010,Córdoba,Población subocupada,131.002817
2011,Córdoba,Población subocupada,128.05228
2012,Córdoba,Población subocupada,112.60813800000001
2013,Córdoba,Población subocupada,37.403760999999996
2014,Córdoba,Población subocupada,24.544027999999997
2015,Córdoba,Población subocupada,46.23125099999999
2016,Córdoba,Población subocupada,66.427323
2017,Córdoba,Población subocupada,72.161528
2018,Córdoba,Población subocupada,68.477734
2019,Córdoba,Población subocupada,122.521103
2020,Córdoba,Población subocupada,0.0
2021,Córdoba,Población subocupada,104.866
2022,Córdoba,Población subocupada,80.41
2023,Córdoba,Población subocupada,110.869
2024,Córdoba,Población subocupada,106.484
2025,Córdoba,Población subocupada,106.949
2007,Córdoba,Fuerza de trabajo potencial,0.0
2008,Córdoba,Fuerza de trabajo potencial,0.0
2009,Córdoba,Fuerza de trabajo potencial,0.0
2010,Córdoba,Fuerza de trabajo potencial,0.0
2011,Córdoba,Fuerza de trabajo potencial,0.0
2012,Córdoba,Fuerza de trabajo potencial,0.0
2013,Córdoba,Fuerza de trabajo potencial,0.0
2014,Córdoba,Fuerza de trabajo potencial,0.0
2015,Córdoba,Fuerza de trabajo potencial,0.0
2016,Córdoba,Fuerza de trabajo potencial,0.0
2017,Córdoba,Fuerza de trabajo potencial,0.0
2018,Córdoba,Fuerza de trabajo potencial,0.0
2019,Córdoba,Fuerza de trabajo potencial,0.0
2020,Córdoba,Fuerza de trabajo potencial,0.0
2021,Córdoba,Fuerza de trabajo potencial,56.206
2022,Córdoba,Fuerza de trabajo potencial,78.882
2023,Córdoba,Fuerza de trabajo potencial,88.652
2024,Córdoba,Fuerza de trabajo potencial,85.013
2025,Córdoba,Fuerza de trabajo potencial,84.074
2007,Cundinamarca,% población en edad de trabajar,70.81444475
2008,Cundinamarca,% población en edad de trabajar,71.470220353
2009,Cundinamarca,% población en edad de trabajar,72.172255532
2010,Cundinamarca,% población en edad de trabajar,72.885184474
2011,Cundinamarca,% población en edad de trabajar,73.589222154
2012,Cundinamarca,% población en edad de trabajar,74.273609807
2013,Cundinamarca,% población en edad de trabajar,74.923010665
2014,Cundinamarca,% población en edad de trabajar,75.522175255
2015,Cundinamarca,% población en edad de trabajar,76.066204767
2016,Cundinamarca,% población en edad de trabajar,76.53975148
2017,Cundinamarca,% población en edad de trabajar,76.94070868
2018,Cundinamarca,% población en edad de trabajar,77.081799614
2019,Cundinamarca,% población en edad de trabajar,77.193302733
2020,Cundinamarca,% población en edad de trabajar,77.373788045
2021,Cundinamarca,% población en edad de trabajar,77.401123816
2022,Cundinamarca,% población en edad de trabajar,77.593740076
2023,Cundinamarca,% población en edad de trabajar,77.732780042
2024,Cundinamarca,% población en edad de trabajar,78.027568484
2025,Cundinamarca,% población en edad de trabajar,78.24744303
2007,Cundinamarca,Tasa Global de Participación (TGP),66.596359896
2008,Cundinamarca,Tasa Global de Participación (TGP),69.308809021
2009,Cundinamarca,Tasa Global de Participación (TGP),74.448776996
2010,Cundinamarca,Tasa Global de Participación (TGP),76.057839351
2011,Cundinamarca,Tasa Global de Participación (TGP),73.962398553
2012,Cundinamarca,Tasa Global de Participación (TGP),72.741728195
2013,Cundinamarca,Tasa Global de Participación (TGP),71.841899088
2014,Cundinamarca,Tasa Global de Participación (TGP),72.925667742
2015,Cundinamarca,Tasa Global de Participación (TGP),71.498534794
2016,Cundinamarca,Tasa Global de Participación (TGP),69.444690158
2017,Cundinamarca,Tasa Global de Participación (TGP),68.917078696
2018,Cundinamarca,Tasa Global de Participación (TGP),69.220815466
2019,Cundinamarca,Tasa Global de Participación (TGP),66.355558774
2020,Cundinamarca,Tasa Global de Participación (TGP),65.124172429
2021,Cundinamarca,Tasa Global de Participación (TGP),66.093061183
2022,Cundinamarca,Tasa Global de Participación (TGP),67.719788307
2023,Cundinamarca,Tasa Global de Participación (TGP),66.70273974
2024,Cundinamarca,Tasa Global de Participación (TGP),66.270450745
2025,Cundinamarca,Tasa Global de Participación (TGP),69.923676369
2007,Cundinamarca,Tasa de Ocupación (TO),59.289105631
2008,Cundinamarca,Tasa de Ocupación (TO),62.917129784
2009,Cundinamarca,Tasa de Ocupación (TO),66.767287712
2010,Cundinamarca,Tasa de Ocupación (TO),68.391714337
2011,Cundinamarca,Tasa de Ocupación (TO),66.621078912
2012,Cundinamarca,Tasa de Ocupación (TO),65.688866285
2013,Cundinamarca,Tasa de Ocupación (TO),65.627234497
2014,Cundinamarca,Tasa de Ocupación (TO),66.422141707
2015,Cundinamarca,Tasa de Ocupación (TO),65.604260447
2016,Cundinamarca,Tasa de Ocupación (TO),63.276374539
2017,Cundinamarca,Tasa de Ocupación (TO),62.900803642
2018,Cundinamarca,Tasa de Ocupación (TO),61.75021117
2019,Cundinamarca,Tasa de Ocupación (TO),58.26099883
2020,Cundinamarca,Tasa de Ocupación (TO),53.568892357
2021,Cundinamarca,Tasa de Ocupación (TO),54.579476463
2022,Cundinamarca,Tasa de Ocupación (TO),59.111500305
2023,Cundinamarca,Tasa de Ocupación (TO),59.492726909
2024,Cundinamarca,Tasa de Ocupación (TO),59.269552243
2025,Cundinamarca,Tasa de Ocupación (TO),63.181833309
2007,Cundinamarca,Tasa de Desocupación (TD),10.972452963
2008,Cundinamarca,Tasa de Desocupación (TD),9.22203011
2009,Cundinamarca,Tasa de Desocupación (TD),10.31781796
2010,Cundinamarca,Tasa de Desocupación (TD),10.079335779
2011,Cundinamarca,Tasa de Desocupación (TD),9.925745763
2012,Cundinamarca,Tasa de Desocupación (TD),9.695757972
2013,Cundinamarca,Tasa de Desocupación (TD),8.650473707
2014,Cundinamarca,Tasa de Desocupación (TD),8.91802055
2015,Cundinamarca,Tasa de Desocupación (TD),8.243909282
2016,Cundinamarca,Tasa de Desocupación (TD),8.882343063
2017,Cundinamarca,Tasa de Desocupación (TD),8.729730232
2018,Cundinamarca,Tasa de Desocupación (TD),10.79242457
2019,Cundinamarca,Tasa de Desocupación (TD),12.198766906
2020,Cundinamarca,Tasa de Desocupación (TD),17.743457829
2021,Cundinamarca,Tasa de Desocupación (TD),17.420262451
2022,Cundinamarca,Tasa de Desocupación (TD),12.711628636
2023,Cundinamarca,Tasa de Desocupación (TD),10.809170447
2024,Cundinamarca,Tasa de Desocupación (TD),10.564132917
2025,Cundinamarca,Tasa de Desocupación (TD),9.641717099
2007,Cundinamarca,Tasa de Subocupación (TS),9.809837286
2008,Cundinamarca,Tasa de Subocupación (TS),9.613734827
2009,Cundinamarca,Tasa de Subocupación (TS),14.256160684
2010,Cundinamarca,Tasa de Subocupación (TS),14.97351402
2011,Cundinamarca,Tasa de Subocupación (TS),15.23827885
2012,Cundinamarca,Tasa de Subocupación (TS),14.31686599
2013,Cundinamarca,Tasa de Subocupación (TS),11.482242945
2014,Cundinamarca,Tasa de Subocupación (TS),14.236013963
2015,Cundinamarca,Tasa de Subocupación (TS),12.977834604
2016,Cundinamarca,Tasa de Subocupación (TS),11.669880942
2017,Cundinamarca,Tasa de Subocupación (TS),11.983142996
2018,Cundinamarca,Tasa de Subocupación (TS),11.069892585
2019,Cundinamarca,Tasa de Subocupación (TS),12.330750143
2020,Cundinamarca,Tasa de Subocupación (TS),0.0
2021,Cundinamarca,Tasa de Subocupación (TS),8.395598277
2022,Cundinamarca,Tasa de Subocupación (TS),10.097611358
2023,Cundinamarca,Tasa de Subocupación (TS),6.910487594
2024,Cundinamarca,Tasa de Subocupación (TS),6.866660808
2025,Cundinamarca,Tasa de Subocupación (TS),8.602277075
2007,Cundinamarca,Población total,1990.841
2008,Cundinamarca,Población total,2037.096
2009,Cundinamarca,Población total,2090.615
2010,Cundinamarca,Población total,2151.547
2011,Cundinamarca,Población total,2219.219
2012,Cundinamarca,Población total,2293.602
2013,Cundinamarca,Población total,2375.329
2014,Cundinamarca,Población total,2464.594
2015,Cundinamarca,Población total,2562.172
2016,Cundinamarca,Población total,2671.259
2017,Cundinamarca,Población total,2792.601
2018,Cundinamarca,Población total,2938.119
2019,Cundinamarca,Población total,3105.864
2020,Cundinamarca,Población total,3249.7708820000003
2021,Cundinamarca,Población total,3399.764
2022,Cundinamarca,Población total,3506.156
2023,Cundinamarca,Población total,3606.498
2024,Cundinamarca,Población total,3701.54
2025,Cundinamarca,Población total,3791.972
2007,Cundinamarca,Población en edad de trabajar (PET),1409.803
2008,Cundinamarca,Población en edad de trabajar (PET),1455.917
2009,Cundinamarca,Población en edad de trabajar (PET),1508.844
2010,Cundinamarca,Población en edad de trabajar (PET),1568.159
2011,Cundinamarca,Población en edad de trabajar (PET),1633.106
2012,Cundinamarca,Población en edad de trabajar (PET),1703.541
2013,Cundinamarca,Población en edad de trabajar (PET),1779.668
2014,Cundinamarca,Población en edad de trabajar (PET),1861.315
2015,Cundinamarca,Población en edad de trabajar (PET),1948.947
2016,Cundinamarca,Población en edad de trabajar (PET),2044.575
2017,Cundinamarca,Población en edad de trabajar (PET),2148.647
2018,Cundinamarca,Población en edad de trabajar (PET),2264.755
2019,Cundinamarca,Población en edad de trabajar (PET),2397.519
2020,Cundinamarca,Población en edad de trabajar (PET),2514.4708339999997
2021,Cundinamarca,Población en edad de trabajar (PET),2631.455
2022,Cundinamarca,Población en edad de trabajar (PET),2720.557
2023,Cundinamarca,Población en edad de trabajar (PET),2803.431
2024,Cundinamarca,Población en edad de trabajar (PET),2888.221
2025,Cundinamarca,Población en edad de trabajar (PET),2967.121
2007,Cundinamarca,Fuerza de trabajo,938.87748
2008,Cundinamarca,Fuerza de trabajo,1009.078733
2009,Cundinamarca,Fuerza de trabajo,1123.315905
2010,Cundinamarca,Fuerza de trabajo,1192.707853
2011,Cundinamarca,Fuerza de trabajo,1207.8843689999999
2012,Cundinamarca,Fuerza de trabajo,1239.1851640000002
2013,Cundinamarca,Fuerza de trabajo,1278.547289
2014,Cundinamarca,Fuerza de trabajo,1357.376393
2015,Cundinamarca,Fuerza de trabajo,1393.4685490000002
2016,Cundinamarca,Fuerza de trabajo,1419.848774
2017,Cundinamarca,Fuerza de trabajo,1480.784744
2018,Cundinamarca,Fuerza de trabajo,1567.681879
2019,Cundinamarca,Fuerza de trabajo,1590.887129
2020,Cundinamarca,Fuerza de trabajo,1637.528322
2021,Cundinamarca,Fuerza de trabajo,1739.209
2022,Cundinamarca,Fuerza de trabajo,1842.356
2023,Cundinamarca,Fuerza de trabajo,1869.966
2024,Cundinamarca,Fuerza de trabajo,1914.037
2025,Cundinamarca,Fuerza de trabajo,2074.72
2007,Cundinamarca,Población ocupada,835.8595899999999
2008,Cundinamarca,Población ocupada,916.0211879999999
2009,Cundinamarca,Población ocupada,1007.414215
2010,Cundinamarca,Población ocupada,1072.490824
2011,Cundinamarca,Población ocupada,1087.992837
2012,Cundinamarca,Población ocupada,1119.03677
2013,Cundinamarca,Población ocupada,1167.946892
2014,Cundinamarca,Población ocupada,1236.3252870000001
2015,Cundinamarca,Población ocupada,1278.592266
2016,Cundinamarca,Población ocupada,1293.732935
2017,Cundinamarca,Población ocupada,1351.51623
2018,Cundinamarca,Población ocupada,1398.490995
2019,Cundinamarca,Población ocupada,1396.818517
2020,Cundinamarca,Población ocupada,1346.9741740000002
2021,Cundinamarca,Población ocupada,1436.234
2022,Cundinamarca,Población ocupada,1608.162
2023,Cundinamarca,Población ocupada,1667.838
2024,Cundinamarca,Población ocupada,1711.836
2025,Cundinamarca,Población ocupada,1874.681
2007,Cundinamarca,Población desocupada,103.01789
2008,Cundinamarca,Población desocupada,93.057545
2009,Cundinamarca,Población desocupada,115.90169
2010,Cundinamarca,Población desocupada,120.217029
2011,Cundinamarca,Población desocupada,119.89153200000001
2012,Cundinamarca,Población desocupada,120.148394
2013,Cundinamarca,Población desocupada,110.600397
2014,Cundinamarca,Población desocupada,121.051106
2015,Cundinamarca,Población desocupada,114.876283
2016,Cundinamarca,Población desocupada,126.11583900000001
2017,Cundinamarca,Población desocupada,129.268513
2018,Cundinamarca,Población desocupada,169.19088399999998
2019,Cundinamarca,Población desocupada,194.068613
2020,Cundinamarca,Población desocupada,290.554147
2021,Cundinamarca,Población desocupada,302.975
2022,Cundinamarca,Población desocupada,234.193
2023,Cundinamarca,Población desocupada,202.128
2024,Cundinamarca,Población desocupada,202.201
2025,Cundinamarca,Población desocupada,200.039
2007,Cundinamarca,Población fuera de la fuerza de trabajo,470.92552
2008,Cundinamarca,Población fuera de la fuerza de trabajo,446.838267
2009,Cundinamarca,Población fuera de la fuerza de trabajo,385.52809499999995
2010,Cundinamarca,Población fuera de la fuerza de trabajo,375.451147
2011,Cundinamarca,Población fuera de la fuerza de trabajo,425.221631
2012,Cundinamarca,Población fuera de la fuerza de trabajo,464.355836
2013,Cundinamarca,Población fuera de la fuerza de trabajo,501.12071100000003
2014,Cundinamarca,Población fuera de la fuerza de trabajo,503.938607
2015,Cundinamarca,Población fuera de la fuerza de trabajo,555.478451
2016,Cundinamarca,Población fuera de la fuerza de trabajo,624.726226
2017,Cundinamarca,Población fuera de la fuerza de trabajo,667.862256
2018,Cundinamarca,Población fuera de la fuerza de trabajo,697.073121
2019,Cundinamarca,Población fuera de la fuerza de trabajo,806.631871
2020,Cundinamarca,Población fuera de la fuerza de trabajo,876.942512
2021,Cundinamarca,Población fuera de la fuerza de trabajo,892.246
2022,Cundinamarca,Población fuera de la fuerza de trabajo,878.202
2023,Cundinamarca,Población fuera de la fuerza de trabajo,933.466
2024,Cundinamarca,Población fuera de la fuerza de trabajo,974.184
2025,Cundinamarca,Población fuera de la fuerza de trabajo,892.401
2007,Cundinamarca,Población subocupada,92.10235300000001
2008,Cundinamarca,Población subocupada,97.010154
2009,Cundinamarca,Población subocupada,160.14172
2010,Cundinamarca,Población subocupada,178.59027799999998
2011,Cundinamarca,Población subocupada,184.060788
2012,Cundinamarca,Población subocupada,177.412479
2013,Cundinamarca,Población subocupada,146.805906
2014,Cundinamarca,Población subocupada,193.23629300000002
2015,Cundinamarca,Población subocupada,180.842044
2016,Cundinamarca,Población subocupada,165.694661
2017,Cundinamarca,Población subocupada,177.444553
2018,Cundinamarca,Población subocupada,173.54070000000002
2019,Cundinamarca,Población subocupada,196.168317
2020,Cundinamarca,Población subocupada,0.0
2021,Cundinamarca,Población subocupada,146.017
2022,Cundinamarca,Población subocupada,186.034
2023,Cundinamarca,Población subocupada,129.224
2024,Cundinamarca,Población subocupada,131.43
2025,Cundinamarca,Población subocupada,178.473
2007,Cundinamarca,Fuerza de trabajo potencial,0.0
2008,Cundinamarca,Fuerza de trabajo potencial,0.0
2009,Cundinamarca,Fuerza de trabajo potencial,0.0
2010,Cundinamarca,Fuerza de trabajo potencial,0.0
2011,Cundinamarca,Fuerza de trabajo potencial,0.0
2012,Cundinamarca,Fuerza de trabajo potencial,0.0
2013,Cundinamarca,Fuerza de trabajo potencial,0.0
2014,Cundinamarca,Fuerza de trabajo potencial,0.0
2015,Cundinamarca,Fuerza de trabajo potencial,0.0
2016,Cundinamarca,Fuerza de trabajo potencial,0.0
2017,Cundinamarca,Fuerza de trabajo potencial,0.0
2018,Cundinamarca,Fuerza de trabajo potencial,0.0
2019,Cundinamarca,Fuerza de trabajo potencial,0.0
2020,Cundinamarca,Fuerza de trabajo potencial,0.0
2021,Cundinamarca,Fuerza de trabajo potencial,96.305
2022,Cundinamarca,Fuerza de trabajo potencial,95.931
2023,Cundinamarca,Fuerza de trabajo potencial,109.806
2024,Cundinamarca,Fuerza de trabajo potencial,66.873
2025,Cundinamarca,Fuerza de trabajo potencial,115.906
2007,Huila,% población en edad de trabajar,68.584734939
2008,Huila,% población en edad de trabajar,69.002382346
2009,Huila,% población en edad de trabajar,69.409586671
2010,Huila,% población en edad de trabajar,69.796465976
2011,Huila,% población en edad de trabajar,70.159798465
2012,Huila,% población en edad de trabajar,70.507573355
2013,Huila,% población en edad de trabajar,70.831255781
2014,Huila,% población en edad de trabajar,71.134522884
2015,Huila,% población en edad de trabajar,71.41683097
2016,Huila,% población en edad de trabajar,71.678676687
2017,Huila,% población en edad de trabajar,71.919791876
2018,Huila,% población en edad de trabajar,72.138111723
2019,Huila,% población en edad de trabajar,72.424418542
2020,Huila,% población en edad de trabajar,72.715017357
2021,Huila,% población en edad de trabajar,73.027792878
2022,Huila,% población en edad de trabajar,73.325926732
2023,Huila,% población en edad de trabajar,73.621117687
2024,Huila,% población en edad de trabajar,73.83795762
2025,Huila,% población en edad de trabajar,74.162263532
2007,Huila,Tasa Global de Participación (TGP),61.268051473
2008,Huila,Tasa Global de Participación (TGP),64.935694891
2009,Huila,Tasa Global de Participación (TGP),67.927530064
2010,Huila,Tasa Global de Participación (TGP),66.518102242
2011,Huila,Tasa Global de Participación (TGP),66.15715911
2012,Huila,Tasa Global de Participación (TGP),68.084773316
2013,Huila,Tasa Global de Participación (TGP),66.081393241
2014,Huila,Tasa Global de Participación (TGP),62.179512539
2015,Huila,Tasa Global de Participación (TGP),63.657751057
2016,Huila,Tasa Global de Participación (TGP),61.601502632
2017,Huila,Tasa Global de Participación (TGP),60.269466375
2018,Huila,Tasa Global de Participación (TGP),58.090507571
2019,Huila,Tasa Global de Participación (TGP),57.317957384
2020,Huila,Tasa Global de Participación (TGP),54.04376265
2021,Huila,Tasa Global de Participación (TGP),54.445723295
2022,Huila,Tasa Global de Participación (TGP),58.545843647
2023,Huila,Tasa Global de Participación (TGP),59.195222722
2024,Huila,Tasa Global de Participación (TGP),60.429783472
2025,Huila,Tasa Global de Participación (TGP),56.834237362
2007,Huila,Tasa de Ocupación (TO),55.174045866
2008,Huila,Tasa de Ocupación (TO),58.351887728
2009,Huila,Tasa de Ocupación (TO),60.305035861
2010,Huila,Tasa de Ocupación (TO),59.972003111
2011,Huila,Tasa de Ocupación (TO),60.559568845
2012,Huila,Tasa de Ocupación (TO),61.092460834
2013,Huila,Tasa de Ocupación (TO),59.925818529
2014,Huila,Tasa de Ocupación (TO),56.713220844
2015,Huila,Tasa de Ocupación (TO),58.296828277
2016,Huila,Tasa de Ocupación (TO),56.031791793
2017,Huila,Tasa de Ocupación (TO),54.299525114
2018,Huila,Tasa de Ocupación (TO),51.943677248
2019,Huila,Tasa de Ocupación (TO),51.872638154
2020,Huila,Tasa de Ocupación (TO),45.080544668
2021,Huila,Tasa de Ocupación (TO),47.773887397
2022,Huila,Tasa de Ocupación (TO),53.642575814
2023,Huila,Tasa de Ocupación (TO),54.417028803
2024,Huila,Tasa de Ocupación (TO),55.368713473
2025,Huila,Tasa de Ocupación (TO),52.954106503
2007,Huila,Tasa de Desocupación (TD),9.946465508
2008,Huila,Tasa de Desocupación (TD),10.13896467
2009,Huila,Tasa de Desocupación (TD),11.221509447
2010,Huila,Tasa de Desocupación (TD),9.84107921
2011,Huila,Tasa de Desocupación (TD),8.46104993
2012,Huila,Tasa de Desocupación (TD),10.270009198
2013,Huila,Tasa de Desocupación (TD),9.315140632
2014,Huila,Tasa de Desocupación (TD),8.791145945
2015,Huila,Tasa de Desocupación (TD),8.421476868
2016,Huila,Tasa de Desocupación (TD),9.041517822
2017,Huila,Tasa de Desocupación (TD),9.905415827
2018,Huila,Tasa de Desocupación (TD),10.581471191
2019,Huila,Tasa de Desocupación (TD),9.500197631
2020,Huila,Tasa de Desocupación (TD),16.585110922
2021,Huila,Tasa de Desocupación (TD),12.254104628
2022,Huila,Tasa de Desocupación (TD),8.375091258
2023,Huila,Tasa de Desocupación (TD),8.071924893
2024,Huila,Tasa de Desocupación (TD),8.37512516
2025,Huila,Tasa de Desocupación (TD),6.827101125
2007,Huila,Tasa de Subocupación (TS),8.258241063
2008,Huila,Tasa de Subocupación (TS),9.933818039
2009,Huila,Tasa de Subocupación (TS),14.377041427
2010,Huila,Tasa de Subocupación (TS),13.651361224
2011,Huila,Tasa de Subocupación (TS),12.159029846
2012,Huila,Tasa de Subocupación (TS),13.635080043
2013,Huila,Tasa de Subocupación (TS),14.010402999
2014,Huila,Tasa de Subocupación (TS),12.289732698
2015,Huila,Tasa de Subocupación (TS),12.828735593
2016,Huila,Tasa de Subocupación (TS),12.849828507
2017,Huila,Tasa de Subocupación (TS),10.618878728
2018,Huila,Tasa de Subocupación (TS),11.508677624
2019,Huila,Tasa de Subocupación (TS),11.328292766
2020,Huila,Tasa de Subocupación (TS),0.0
2021,Huila,Tasa de Subocupación (TS),3.337189833
2022,Huila,Tasa de Subocupación (TS),4.892417245
2023,Huila,Tasa de Subocupación (TS),6.283777003
2024,Huila,Tasa de Subocupación (TS),4.487467782
2025,Huila,Tasa de Subocupación (TS),4.10405859
2007,Huila,Población total,965.381
2008,Huila,Población total,977.188
2009,Huila,Población total,989.019
2010,Huila,Población total,1001.012
2011,Huila,Población total,1013.026
2012,Huila,Población total,1024.975
2013,Huila,Población total,1036.877
2014,Huila,Población total,1048.855
2015,Huila,Población total,1061.044
2016,Huila,Población total,1073.548
2017,Huila,Población total,1086.274
2018,Huila,Población total,1100.008
2019,Huila,Población total,1111.516
2020,Huila,Población total,1122.328
2021,Huila,Población total,1131.798
2022,Huila,Población total,1140.799
2023,Huila,Población total,1149.441
2024,Huila,Población total,1157.959
2025,Huila,Población total,1166.278
2007,Huila,Población en edad de trabajar (PET),662.104
2008,Huila,Población en edad de trabajar (PET),674.283
2009,Huila,Población en edad de trabajar (PET),686.474
2010,Huila,Población en edad de trabajar (PET),698.671
2011,Huila,Población en edad de trabajar (PET),710.737
2012,Huila,Población en edad de trabajar (PET),722.685
2013,Huila,Población en edad de trabajar (PET),734.433
2014,Huila,Población en edad de trabajar (PET),746.098
2015,Huila,Población en edad de trabajar (PET),757.764
2016,Huila,Población en edad de trabajar (PET),769.505
2017,Huila,Población en edad de trabajar (PET),781.246
2018,Huila,Población en edad de trabajar (PET),793.525
2019,Huila,Población en edad de trabajar (PET),805.009
2020,Huila,Población en edad de trabajar (PET),816.101
2021,Huila,Población en edad de trabajar (PET),826.527
2022,Huila,Población en edad de trabajar (PET),836.502
2023,Huila,Población en edad de trabajar (PET),846.231
2024,Huila,Población en edad de trabajar (PET),855.014
2025,Huila,Población en edad de trabajar (PET),864.938
2007,Huila,Fuerza de trabajo,405.65822
2008,Huila,Fuerza de trabajo,437.850352
2009,Huila,Fuerza de trabajo,466.304833
2010,Huila,Fuerza de trabajo,464.74269
2011,Huila,Fuerza de trabajo,470.20340799999997
2012,Huila,Fuerza de trabajo,492.038444
2013,Huila,Fuerza de trabajo,485.323559
2014,Huila,Fuerza de trabajo,463.920099
2015,Huila,Fuerza de trabajo,482.375521
2016,Huila,Fuerza de trabajo,474.026643
2017,Huila,Fuerza de trabajo,470.85279499999996
2018,Huila,Fuerza de trabajo,460.9627
2019,Huila,Fuerza de trabajo,461.414716
2020,Huila,Fuerza de trabajo,441.05168699999996
2021,Huila,Fuerza de trabajo,450.009
2022,Huila,Fuerza de trabajo,489.737
2023,Huila,Fuerza de trabajo,500.928
2024,Huila,Fuerza de trabajo,516.683
2025,Huila,Fuerza de trabajo,491.581
2007,Huila,Población ocupada,365.309565
2008,Huila,Población ocupada,393.456859
2009,Huila,Población ocupada,413.978392
2010,Huila,Población ocupada,419.006994
2011,Huila,Población ocupada,430.419263
2012,Huila,Población ocupada,441.50605099999996
2013,Huila,Población ocupada,440.11498700000004
2014,Huila,Población ocupada,423.136206
2015,Huila,Población ocupada,441.752378
2016,Huila,Población ocupada,431.167439
2017,Huila,Población ocupada,424.212868
2018,Huila,Población ocupada,412.186065
2019,Huila,Población ocupada,417.579406
2020,Huila,Población ocupada,367.902776
2021,Huila,Población ocupada,394.864
2022,Huila,Población ocupada,448.721
2023,Huila,Población ocupada,460.494
2024,Huila,Población ocupada,473.41
2025,Huila,Población ocupada,458.02
2007,Huila,Población desocupada,40.348655
2008,Huila,Población desocupada,44.393491999999995
2009,Huila,Población desocupada,52.326440999999996
2010,Huila,Población desocupada,45.735696000000004
2011,Huila,Población desocupada,39.784144999999995
2012,Huila,Población desocupada,50.532393
2013,Huila,Población desocupada,45.208572
2014,Huila,Población desocupada,40.783893
2015,Huila,Población desocupada,40.623143
2016,Huila,Población desocupada,42.859203
2017,Huila,Población desocupada,46.639927
2018,Huila,Población desocupada,48.776635
2019,Huila,Población desocupada,43.83531
2020,Huila,Población desocupada,73.148912
2021,Huila,Población desocupada,55.145
2022,Huila,Población desocupada,41.016
2023,Huila,Población desocupada,40.435
2024,Huila,Población desocupada,43.273
2025,Huila,Población desocupada,33.561
2007,Huila,Población fuera de la fuerza de trabajo,256.44578
2008,Huila,Población fuera de la fuerza de trabajo,236.432648
2009,Huila,Población fuera de la fuerza de trabajo,220.169167
2010,Huila,Población fuera de la fuerza de trabajo,233.92831
2011,Huila,Población fuera de la fuerza de trabajo,240.533592
2012,Huila,Población fuera de la fuerza de trabajo,230.646556
2013,Huila,Población fuera de la fuerza de trabajo,249.109441
2014,Huila,Población fuera de la fuerza de trabajo,282.177901
2015,Huila,Población fuera de la fuerza de trabajo,275.388479
2016,Huila,Población fuera de la fuerza de trabajo,295.478357
2017,Huila,Población fuera de la fuerza de trabajo,310.393205
2018,Huila,Población fuera de la fuerza de trabajo,332.5623
2019,Huila,Población fuera de la fuerza de trabajo,343.59428399999996
2020,Huila,Población fuera de la fuerza de trabajo,375.04931300000004
2021,Huila,Población fuera de la fuerza de trabajo,376.518
2022,Huila,Población fuera de la fuerza de trabajo,346.765
2023,Huila,Población fuera de la fuerza de trabajo,345.303
2024,Huila,Población fuera de la fuerza de trabajo,338.331
2025,Huila,Población fuera de la fuerza de trabajo,373.357
2007,Huila,Población subocupada,33.500234
2008,Huila,Población subocupada,43.495256999999995
2009,Huila,Población subocupada,67.040839
2010,Huila,Población subocupada,63.443703
2011,Huila,Población subocupada,57.172173
2012,Huila,Población subocupada,67.08983599999999
2013,Huila,Población subocupada,67.995786
2014,Huila,Población subocupada,57.014540000000004
2015,Huila,Población subocupada,61.88268
2016,Huila,Población subocupada,60.911611
2017,Huila,Población subocupada,49.999286999999995
2018,Huila,Población subocupada,53.050711
2019,Huila,Población subocupada,52.270410000000005
2020,Huila,Población subocupada,0.0
2021,Huila,Población subocupada,15.018
2022,Huila,Población subocupada,23.96
2023,Huila,Población subocupada,31.477
2024,Huila,Población subocupada,23.186
2025,Huila,Población subocupada,20.175
2007,Huila,Fuerza de trabajo potencial,0.0
2008,Huila,Fuerza de trabajo potencial,0.0
2009,Huila,Fuerza de trabajo potencial,0.0
2010,Huila,Fuerza de trabajo potencial,0.0
2011,Huila,Fuerza de trabajo potencial,0.0
2012,Huila,Fuerza de trabajo potencial,0.0
2013,Huila,Fuerza de trabajo potencial,0.0
2014,Huila,Fuerza de trabajo potencial,0.0
2015,Huila,Fuerza de trabajo potencial,0.0
2016,Huila,Fuerza de trabajo potencial,0.0
2017,Huila,Fuerza de trabajo potencial,0.0
2018,Huila,Fuerza de trabajo potencial,0.0
2019,Huila,Fuerza de trabajo potencial,0.0
2020,Huila,Fuerza de trabajo potencial,0.0
2021,Huila,Fuerza de trabajo potencial,15.278
2022,Huila,Fuerza de trabajo potencial,15.835
2023,Huila,Fuerza de trabajo potencial,12.391
2024,Huila,Fuerza de trabajo potencial,9.464
2025,Huila,Fuerza de trabajo potencial,6.394
2007,La Guajira,% población en edad de trabajar,60.801784706
2008,La Guajira,% población en edad de trabajar,61.063682193
2009,La Guajira,% población en edad de trabajar,61.336489496
2010,La Guajira,% población en edad de trabajar,61.623199883
2011,La Guajira,% población en edad de trabajar,61.926741604
2012,La Guajira,% población en edad de trabajar,62.269458957
2013,La Guajira,% población en edad de trabajar,62.653749002
2014,La Guajira,% población en edad de trabajar,63.073599627
2015,La Guajira,% población en edad de trabajar,63.533515532
2016,La Guajira,% población en edad de trabajar,64.032428013
2017,La Guajira,% población en edad de trabajar,64.536550265
2018,La Guajira,% población en edad de trabajar,65.051639303
2019,La Guajira,% población en edad de trabajar,65.725489772
2020,La Guajira,% población en edad de trabajar,66.268553633
2021,La Guajira,% población en edad de trabajar,66.710275001
2022,La Guajira,% población en edad de trabajar,67.100043022
2023,La Guajira,% población en edad de trabajar,67.525441576
2024,La Guajira,% población en edad de trabajar,67.902158383
2025,La Guajira,% población en edad de trabajar,68.424386589
2007,La Guajira,Tasa Global de Participación (TGP),53.518390263
2008,La Guajira,Tasa Global de Participación (TGP),54.087584736
2009,La Guajira,Tasa Global de Participación (TGP),65.903998135
2010,La Guajira,Tasa Global de Participación (TGP),73.268000742
2011,La Guajira,Tasa Global de Participación (TGP),71.473356955
2012,La Guajira,Tasa Global de Participación (TGP),82.210651883
2013,La Guajira,Tasa Global de Participación (TGP),79.116295712
2014,La Guajira,Tasa Global de Participación (TGP),78.788109441
2015,La Guajira,Tasa Global de Participación (TGP),81.638963041
2016,La Guajira,Tasa Global de Participación (TGP),82.307661022
2017,La Guajira,Tasa Global de Participación (TGP),85.315469665
2018,La Guajira,Tasa Global de Participación (TGP),86.264705965
2019,La Guajira,Tasa Global de Participación (TGP),83.2964863
2020,La Guajira,Tasa Global de Participación (TGP),76.268141316
2021,La Guajira,Tasa Global de Participación (TGP),71.958878441
2022,La Guajira,Tasa Global de Participación (TGP),67.556001599
2023,La Guajira,Tasa Global de Participación (TGP),62.360484474
2024,La Guajira,Tasa Global de Participación (TGP),60.55724198
2025,La Guajira,Tasa Global de Participación (TGP),62.074576619
2007,La Guajira,Tasa de Ocupación (TO),44.808235192
2008,La Guajira,Tasa de Ocupación (TO),45.272748268
2009,La Guajira,Tasa de Ocupación (TO),59.204684477
2010,La Guajira,Tasa de Ocupación (TO),66.740527189
2011,La Guajira,Tasa de Ocupación (TO),65.230158966
2012,La Guajira,Tasa de Ocupación (TO),75.551768969
2013,La Guajira,Tasa de Ocupación (TO),73.736296565
2014,La Guajira,Tasa de Ocupación (TO),74.145157622
2015,La Guajira,Tasa de Ocupación (TO),76.039767461
2016,La Guajira,Tasa de Ocupación (TO),75.530152037
2017,La Guajira,Tasa de Ocupación (TO),80.742581368
2018,La Guajira,Tasa de Ocupación (TO),83.495760657
2019,La Guajira,Tasa de Ocupación (TO),79.091810131
2020,La Guajira,Tasa de Ocupación (TO),69.3505659
2021,La Guajira,Tasa de Ocupación (TO),68.227557486
2022,La Guajira,Tasa de Ocupación (TO),61.513640204
2023,La Guajira,Tasa de Ocupación (TO),53.301862642
2024,La Guajira,Tasa de Ocupación (TO),53.514178594
2025,La Guajira,Tasa de Ocupación (TO),54.430272496
2007,La Guajira,Tasa de Desocupación (TD),16.275069239
2008,La Guajira,Tasa de Desocupación (TD),16.29733794
2009,La Guajira,Tasa de Desocupación (TD),10.165261361
2010,La Guajira,Tasa de Desocupación (TD),8.909037352
2011,La Guajira,Tasa de Desocupación (TD),8.735000362
2012,La Guajira,Tasa de Desocupación (TD),8.099781186
2013,La Guajira,Tasa de Desocupación (TD),6.80011507
2014,La Guajira,Tasa de Desocupación (TD),5.892960057
2015,La Guajira,Tasa de Desocupación (TD),6.858484444
2016,La Guajira,Tasa de Desocupación (TD),8.23435984
2017,La Guajira,Tasa de Desocupación (TD),5.359975529
2018,La Guajira,Tasa de Desocupación (TD),3.209824085
2019,La Guajira,Tasa de Desocupación (TD),5.047843379
2020,La Guajira,Tasa de Desocupación (TD),9.070072113
2021,La Guajira,Tasa de Desocupación (TD),5.18535174
2022,La Guajira,Tasa de Desocupación (TD),8.944225904
2023,La Guajira,Tasa de Desocupación (TD),14.526221065
2024,La Guajira,Tasa de Desocupación (TD),11.630422978
2025,La Guajira,Tasa de Desocupación (TD),12.314710045
2007,La Guajira,Tasa de Subocupación (TS),10.141627061
2008,La Guajira,Tasa de Subocupación (TS),7.396234573
2009,La Guajira,Tasa de Subocupación (TS),8.811708842
2010,La Guajira,Tasa de Subocupación (TS),11.412938859
2011,La Guajira,Tasa de Subocupación (TS),6.095108906
2012,La Guajira,Tasa de Subocupación (TS),10.313817666
2013,La Guajira,Tasa de Subocupación (TS),10.116099774
2014,La Guajira,Tasa de Subocupación (TS),10.827873581
2015,La Guajira,Tasa de Subocupación (TS),12.43969047
2016,La Guajira,Tasa de Subocupación (TS),12.673615067
2017,La Guajira,Tasa de Subocupación (TS),13.77230717
2018,La Guajira,Tasa de Subocupación (TS),14.912979319
2019,La Guajira,Tasa de Subocupación (TS),15.29741974
2020,La Guajira,Tasa de Subocupación (TS),0.0
2021,La Guajira,Tasa de Subocupación (TS),10.824373395
2022,La Guajira,Tasa de Subocupación (TS),7.84286379
2023,La Guajira,Tasa de Subocupación (TS),8.617568659
2024,La Guajira,Tasa de Subocupación (TS),9.239978743
2025,La Guajira,Tasa de Subocupación (TS),9.53379965
2007,La Guajira,Población total,675.069
2008,La Guajira,Población total,690.507
2009,La Guajira,Población total,706.343
2010,La Guajira,Población total,722.314
2011,La Guajira,Población total,738.127
2012,La Guajira,Población total,753.933
2013,La Guajira,Población total,770.005
2014,La Guajira,Población total,786.023
2015,La Guajira,Población total,802.419
2016,La Guajira,Población total,821.882
2017,La Guajira,Población total,844.946
2018,La Guajira,Población total,878.788
2019,La Guajira,Población total,925.685
2020,La Guajira,Población total,964.299
2021,La Guajira,Población total,987.133
2022,La Guajira,Población total,1002.003
2023,La Guajira,Población total,1015.529
2024,La Guajira,Población total,1028.567
2025,La Guajira,Población total,1041.384
2007,La Guajira,Población en edad de trabajar (PET),410.454
2008,La Guajira,Población en edad de trabajar (PET),421.649
2009,La Guajira,Población en edad de trabajar (PET),433.246
2010,La Guajira,Población en edad de trabajar (PET),445.113
2011,La Guajira,Población en edad de trabajar (PET),457.098
2012,La Guajira,Población en edad de trabajar (PET),469.47
2013,La Guajira,Población en edad de trabajar (PET),482.437
2014,La Guajira,Población en edad de trabajar (PET),495.773
2015,La Guajira,Población en edad de trabajar (PET),509.805
2016,La Guajira,Población en edad de trabajar (PET),526.271
2017,La Guajira,Población en edad de trabajar (PET),545.299
2018,La Guajira,Población en edad de trabajar (PET),571.666
2019,La Guajira,Población en edad de trabajar (PET),608.411
2020,La Guajira,Población en edad de trabajar (PET),639.027
2021,La Guajira,Población en edad de trabajar (PET),658.519
2022,La Guajira,Población en edad de trabajar (PET),672.344
2023,La Guajira,Población en edad de trabajar (PET),685.741
2024,La Guajira,Población en edad de trabajar (PET),698.419
2025,La Guajira,Población en edad de trabajar (PET),712.56
2007,La Guajira,Fuerza de trabajo,219.668374
2008,La Guajira,Fuerza de trabajo,228.05976
2009,La Guajira,Fuerza de trabajo,285.526436
2010,La Guajira,Fuerza de trabajo,326.125396
2011,La Guajira,Fuerza de trabajo,326.703285
2012,La Guajira,Fuerza de trabajo,385.954347
2013,La Guajira,Fuerza de trabajo,381.686284
2014,La Guajira,Fuerza de trabajo,390.610174
2015,La Guajira,Fuerza de trabajo,416.199516
2016,La Guajira,Fuerza de trabajo,433.161351
2017,La Guajira,Fuerza de trabajo,465.224403
2018,La Guajira,Fuerza de trabajo,493.14599400000003
2019,La Guajira,Fuerza de trabajo,506.784985
2020,La Guajira,Fuerza de trabajo,487.374015
2021,La Guajira,Fuerza de trabajo,473.863
2022,La Guajira,Fuerza de trabajo,454.209
2023,La Guajira,Fuerza de trabajo,427.631
2024,La Guajira,Fuerza de trabajo,422.943
2025,La Guajira,Fuerza de trabajo,442.319
2007,La Guajira,Población ocupada,183.917194
2008,La Guajira,Población ocupada,190.89209
2009,La Guajira,Población ocupada,256.501927
2010,La Guajira,Población ocupada,297.070763
2011,La Guajira,Población ocupada,298.165752
2012,La Guajira,Población ocupada,354.69289000000003
2013,La Guajira,Población ocupada,355.731177
2014,La Guajira,Población ocupada,367.591672
2015,La Guajira,Población ocupada,387.654537
2016,La Guajira,Población ocupada,397.493286
2017,La Guajira,Población ocupada,440.288489
2018,La Guajira,Población ocupada,477.316875
2019,La Guajira,Población ocupada,481.20327299999997
2020,La Guajira,Población ocupada,443.16884100000004
2021,La Guajira,Población ocupada,449.291
2022,La Guajira,Población ocupada,413.584
2023,La Guajira,Población ocupada,365.513
2024,La Guajira,Población ocupada,373.753
2025,La Guajira,Población ocupada,387.849
2007,La Guajira,Población desocupada,35.75118
2008,La Guajira,Población desocupada,37.16767
2009,La Guajira,Población desocupada,29.024508
2010,La Guajira,Población desocupada,29.054633000000003
2011,La Guajira,Población desocupada,28.537533
2012,La Guajira,Población desocupada,31.261457999999998
2013,La Guajira,Población desocupada,25.955106
2014,La Guajira,Población desocupada,23.018502
2015,La Guajira,Población desocupada,28.544978999999998
2016,La Guajira,Población desocupada,35.668064
2017,La Guajira,Población desocupada,24.935914
2018,La Guajira,Población desocupada,15.829119
2019,La Guajira,Población desocupada,25.581712
2020,La Guajira,Población desocupada,44.205175000000004
2021,La Guajira,Población desocupada,24.571
2022,La Guajira,Población desocupada,40.625
2023,La Guajira,Población desocupada,62.119
2024,La Guajira,Población desocupada,49.19
2025,La Guajira,Población desocupada,54.47
2007,La Guajira,Población fuera de la fuerza de trabajo,190.78562599999998
2008,La Guajira,Población fuera de la fuerza de trabajo,193.58924
2009,La Guajira,Población fuera de la fuerza de trabajo,147.71956400000002
2010,La Guajira,Población fuera de la fuerza de trabajo,118.987604
2011,La Guajira,Población fuera de la fuerza de trabajo,130.394715
2012,La Guajira,Población fuera de la fuerza de trabajo,83.515653
2013,La Guajira,Población fuera de la fuerza de trabajo,100.750716
2014,La Guajira,Población fuera de la fuerza de trabajo,105.162826
2015,La Guajira,Población fuera de la fuerza de trabajo,93.60548399999999
2016,La Guajira,Población fuera de la fuerza de trabajo,93.109649
2017,La Guajira,Población fuera de la fuerza de trabajo,80.074597
2018,La Guajira,Población fuera de la fuerza de trabajo,78.520006
2019,La Guajira,Población fuera de la fuerza de trabajo,101.626015
2020,La Guajira,Población fuera de la fuerza de trabajo,151.65298499999997
2021,La Guajira,Población fuera de la fuerza de trabajo,184.656
2022,La Guajira,Población fuera de la fuerza de trabajo,218.135
2023,La Guajira,Población fuera de la fuerza de trabajo,258.109
2024,La Guajira,Población fuera de la fuerza de trabajo,275.476
2025,La Guajira,Población fuera de la fuerza de trabajo,270.242
2007,La Guajira,Población subocupada,22.277947
2008,La Guajira,Población subocupada,16.867835
2009,La Guajira,Población subocupada,25.159758
2010,La Guajira,Población subocupada,37.220492
2011,La Guajira,Población subocupada,19.912920999999997
2012,La Guajira,Población subocupada,39.806627999999996
2013,La Guajira,Población subocupada,38.611765
2014,La Guajira,Población subocupada,42.294776
2015,La Guajira,Población subocupada,51.773931
2016,La Guajira,Población subocupada,54.897202
2017,La Guajira,Población subocupada,64.07213399999999
2018,La Guajira,Población subocupada,73.54276
2019,La Guajira,Población subocupada,77.525026
2020,La Guajira,Población subocupada,0.0
2021,La Guajira,Población subocupada,51.293
2022,La Guajira,Población subocupada,35.623
2023,La Guajira,Población subocupada,36.851
2024,La Guajira,Población subocupada,39.08
2025,La Guajira,Población subocupada,42.17
2007,La Guajira,Fuerza de trabajo potencial,0.0
2008,La Guajira,Fuerza de trabajo potencial,0.0
2009,La Guajira,Fuerza de trabajo potencial,0.0
2010,La Guajira,Fuerza de trabajo potencial,0.0
2011,La Guajira,Fuerza de trabajo potencial,0.0
2012,La Guajira,Fuerza de trabajo potencial,0.0
2013,La Guajira,Fuerza de trabajo potencial,0.0
2014,La Guajira,Fuerza de trabajo potencial,0.0
2015,La Guajira,Fuerza de trabajo potencial,0.0
2016,La Guajira,Fuerza de trabajo potencial,0.0
2017,La Guajira,Fuerza de trabajo potencial,0.0
2018,La Guajira,Fuerza de trabajo potencial,0.0
2019,La Guajira,Fuerza de trabajo potencial,0.0
2020,La Guajira,Fuerza de trabajo potencial,0.0
2021,La Guajira,Fuerza de trabajo potencial,26.591
2022,La Guajira,Fuerza de trabajo potencial,32.428
2023,La Guajira,Fuerza de trabajo potencial,37.508
2024,La Guajira,Fuerza de trabajo potencial,36.412
2025,La Guajira,Fuerza de trabajo potencial,38.26
2007,Magdalena,% población en edad de trabajar,66.801940463
2008,Magdalena,% población en edad de trabajar,67.048362845
2009,Magdalena,% población en edad de trabajar,67.30721065
2010,Magdalena,% población en edad de trabajar,67.575718275
2011,Magdalena,% población en edad de trabajar,67.858053235
2012,Magdalena,% población en edad de trabajar,68.166865441
2013,Magdalena,% población en edad de trabajar,68.505352031
2014,Magdalena,% población en edad de trabajar,68.87255665
2015,Magdalena,% población en edad de trabajar,69.266469473
2016,Magdalena,% población en edad de trabajar,69.68764668
2017,Magdalena,% población en edad de trabajar,70.118123627
2018,Magdalena,% población en edad de trabajar,70.569133596
2019,Magdalena,% población en edad de trabajar,71.018526729
2020,Magdalena,% población en edad de trabajar,71.441757184
2021,Magdalena,% población en edad de trabajar,71.861813847
2022,Magdalena,% población en edad de trabajar,72.261082377
2023,Magdalena,% población en edad de trabajar,72.661059335
2024,Magdalena,% población en edad de trabajar,73.106110518
2025,Magdalena,% población en edad de trabajar,73.541378261
2007,Magdalena,Tasa Global de Participación (TGP),60.371504759
2008,Magdalena,Tasa Global de Participación (TGP),57.128753141
2009,Magdalena,Tasa Global de Participación (TGP),59.67222695
2010,Magdalena,Tasa Global de Participación (TGP),62.021350432
2011,Magdalena,Tasa Global de Participación (TGP),61.954218442
2012,Magdalena,Tasa Global de Participación (TGP),64.032871057
2013,Magdalena,Tasa Global de Participación (TGP),62.649378895
2014,Magdalena,Tasa Global de Participación (TGP),63.824971652
2015,Magdalena,Tasa Global de Participación (TGP),64.087245586
2016,Magdalena,Tasa Global de Participación (TGP),64.473807383
2017,Magdalena,Tasa Global de Participación (TGP),63.782752144
2018,Magdalena,Tasa Global de Participación (TGP),62.091432642
2019,Magdalena,Tasa Global de Participación (TGP),62.814433789
2020,Magdalena,Tasa Global de Participación (TGP),55.902622139
2021,Magdalena,Tasa Global de Participación (TGP),59.508635317
2022,Magdalena,Tasa Global de Participación (TGP),61.902632376
2023,Magdalena,Tasa Global de Participación (TGP),61.704353296
2024,Magdalena,Tasa Global de Participación (TGP),58.559863214
2025,Magdalena,Tasa Global de Participación (TGP),60.221602553
2007,Magdalena,Tasa de Ocupación (TO),53.424467478
2008,Magdalena,Tasa de Ocupación (TO),50.202359029
2009,Magdalena,Tasa de Ocupación (TO),53.541427739
2010,Magdalena,Tasa de Ocupación (TO),56.670176726
2011,Magdalena,Tasa de Ocupación (TO),55.668594804
2012,Magdalena,Tasa de Ocupación (TO),58.924522579
2013,Magdalena,Tasa de Ocupación (TO),57.712679259
2014,Magdalena,Tasa de Ocupación (TO),59.424100693
2015,Magdalena,Tasa de Ocupación (TO),59.501340332
2016,Magdalena,Tasa de Ocupación (TO),59.128826535
2017,Magdalena,Tasa de Ocupación (TO),59.27568762
2018,Magdalena,Tasa de Ocupación (TO),57.828838973
2019,Magdalena,Tasa de Ocupación (TO),57.306969887
2020,Magdalena,Tasa de Ocupación (TO),49.384140297
2021,Magdalena,Tasa de Ocupación (TO),52.797067693
2022,Magdalena,Tasa de Ocupación (TO),55.854724322
2023,Magdalena,Tasa de Ocupación (TO),56.279259514
2024,Magdalena,Tasa de Ocupación (TO),52.882106642
2025,Magdalena,Tasa de Ocupación (TO),54.496175101
2007,Magdalena,Tasa de Desocupación (TD),11.507146143
2008,Magdalena,Tasa de Desocupación (TD),12.124182187
2009,Magdalena,Tasa de Desocupación (TD),10.27412504
2010,Magdalena,Tasa de Desocupación (TD),8.627954194
2011,Magdalena,Tasa de Desocupación (TD),10.145594272
2012,Magdalena,Tasa de Desocupación (TD),7.977697069
2013,Magdalena,Tasa de Desocupación (TD),7.879885999
2014,Magdalena,Tasa de Desocupación (TD),6.89521804
2015,Magdalena,Tasa de Desocupación (TD),7.155722192
2016,Magdalena,Tasa de Desocupación (TD),8.290158539
2017,Magdalena,Tasa de Desocupación (TD),7.066274772
2018,Magdalena,Tasa de Desocupación (TD),6.865027087
2019,Magdalena,Tasa de Desocupación (TD),8.767831801
2020,Magdalena,Tasa de Desocupación (TD),11.660422343
2021,Magdalena,Tasa de Desocupación (TD),11.278308751
2022,Magdalena,Tasa de Desocupación (TD),9.770033714
2023,Magdalena,Tasa de Desocupación (TD),8.792076235
2024,Magdalena,Tasa de Desocupación (TD),9.695645208
2025,Magdalena,Tasa de Desocupación (TD),9.507265182
2007,Magdalena,Tasa de Subocupación (TS),10.51066739
2008,Magdalena,Tasa de Subocupación (TS),8.86162026
2009,Magdalena,Tasa de Subocupación (TS),9.072397584
2010,Magdalena,Tasa de Subocupación (TS),9.014694863
2011,Magdalena,Tasa de Subocupación (TS),10.424815835
2012,Magdalena,Tasa de Subocupación (TS),10.018293908
2013,Magdalena,Tasa de Subocupación (TS),11.068471843
2014,Magdalena,Tasa de Subocupación (TS),10.789770054
2015,Magdalena,Tasa de Subocupación (TS),10.911622212
2016,Magdalena,Tasa de Subocupación (TS),9.588629995
2017,Magdalena,Tasa de Subocupación (TS),11.219398599
2018,Magdalena,Tasa de Subocupación (TS),9.863264432
2019,Magdalena,Tasa de Subocupación (TS),10.118557004
2020,Magdalena,Tasa de Subocupación (TS),0.0
2021,Magdalena,Tasa de Subocupación (TS),10.114488946
2022,Magdalena,Tasa de Subocupación (TS),11.930860948
2023,Magdalena,Tasa de Subocupación (TS),10.371840061
2024,Magdalena,Tasa de Subocupación (TS),9.153305705
2025,Magdalena,Tasa de Subocupación (TS),8.838109023
2007,Magdalena,Población total,1133.75
2008,Magdalena,Población total,1151.876
2009,Magdalena,Población total,1169.839
2010,Magdalena,Población total,1187.428
2011,Magdalena,Población total,1204.367
2012,Magdalena,Población total,1220.816
2013,Magdalena,Población total,1237.007
2014,Magdalena,Población total,1252.737
2015,Magdalena,Población total,1268.468
2016,Magdalena,Población total,1286.812
2017,Magdalena,Población total,1308.375
2018,Magdalena,Población total,1340.195
2019,Magdalena,Población total,1387.131
2020,Magdalena,Población total,1425.781
2021,Magdalena,Población total,1448.548
2022,Magdalena,Población total,1463.188
2023,Magdalena,Población total,1476.39
2024,Magdalena,Población total,1489.368
2025,Magdalena,Población total,1502.274
2007,Magdalena,Población en edad de trabajar (PET),757.367
2008,Magdalena,Población en edad de trabajar (PET),772.314
2009,Magdalena,Población en edad de trabajar (PET),787.386
2010,Magdalena,Población en edad de trabajar (PET),802.413
2011,Magdalena,Población en edad de trabajar (PET),817.26
2012,Magdalena,Población en edad de trabajar (PET),832.192
2013,Magdalena,Población en edad de trabajar (PET),847.416
2014,Magdalena,Población en edad de trabajar (PET),862.792
2015,Magdalena,Población en edad de trabajar (PET),878.623
2016,Magdalena,Población en edad de trabajar (PET),896.749
2017,Magdalena,Población en edad de trabajar (PET),917.408
2018,Magdalena,Población en edad de trabajar (PET),945.764
2019,Magdalena,Población en edad de trabajar (PET),985.12
2020,Magdalena,Población en edad de trabajar (PET),1018.603
2021,Magdalena,Población en edad de trabajar (PET),1040.953
2022,Magdalena,Población en edad de trabajar (PET),1057.316
2023,Magdalena,Población en edad de trabajar (PET),1072.761
2024,Magdalena,Población en edad de trabajar (PET),1088.819
2025,Magdalena,Población en edad de trabajar (PET),1104.793
2007,Magdalena,Fuerza de trabajo,457.233854
2008,Magdalena,Fuerza de trabajo,441.21335899999997
2009,Magdalena,Fuerza de trabajo,469.850761
2010,Magdalena,Fuerza de trabajo,497.66737900000004
2011,Magdalena,Fuerza de trabajo,506.327046
2012,Magdalena,Fuerza de trabajo,532.87643
2013,Magdalena,Fuerza de trabajo,530.9008610000001
2014,Magdalena,Fuerza de trabajo,550.676749
2015,Magdalena,Fuerza de trabajo,563.08528
2016,Magdalena,Fuerza de trabajo,578.168223
2017,Magdalena,Fuerza de trabajo,585.148071
2018,Magdalena,Fuerza de trabajo,587.238417
2019,Magdalena,Fuerza de trabajo,618.79755
2020,Magdalena,Fuerza de trabajo,569.425786
2021,Magdalena,Fuerza de trabajo,619.457
2022,Magdalena,Fuerza de trabajo,654.506
2023,Magdalena,Fuerza de trabajo,661.94
2024,Magdalena,Fuerza de trabajo,637.611
2025,Magdalena,Fuerza de trabajo,665.324
2007,Magdalena,Población ocupada,404.619287
2008,Magdalena,Población ocupada,387.719847
2009,Magdalena,Población ocupada,421.577706
2010,Magdalena,Población ocupada,454.728865
2011,Magdalena,Población ocupada,454.957158
2012,Magdalena,Población ocupada,490.365163
2013,Magdalena,Población ocupada,489.066478
2014,Magdalena,Población ocupada,512.706387
2015,Magdalena,Población ocupada,522.792461
2016,Magdalena,Población ocupada,530.237161
2017,Magdalena,Población ocupada,543.7999
2018,Magdalena,Población ocupada,546.924341
2019,Magdalena,Población ocupada,564.542422
2020,Magdalena,Población ocupada,503.028335
2021,Magdalena,Población ocupada,549.593
2022,Magdalena,Población ocupada,590.561
2023,Magdalena,Población ocupada,603.742
2024,Magdalena,Población ocupada,575.79
2025,Magdalena,Población ocupada,602.07
2007,Magdalena,Población desocupada,52.614568
2008,Magdalena,Población desocupada,53.493511
2009,Magdalena,Población desocupada,48.273055
2010,Magdalena,Población desocupada,42.938513
2011,Magdalena,Población desocupada,51.369887999999996
2012,Magdalena,Población desocupada,42.511267
2013,Magdalena,Población desocupada,41.834383
2014,Magdalena,Población desocupada,37.970363
2015,Magdalena,Población desocupada,40.292818
2016,Magdalena,Población desocupada,47.931062
2017,Magdalena,Población desocupada,41.348171
2018,Magdalena,Población desocupada,40.314076
2019,Magdalena,Población desocupada,54.255128
2020,Magdalena,Población desocupada,66.397452
2021,Magdalena,Población desocupada,69.864
2022,Magdalena,Población desocupada,63.945
2023,Magdalena,Población desocupada,58.198
2024,Magdalena,Población desocupada,61.82
2025,Magdalena,Población desocupada,63.254
2007,Magdalena,Población fuera de la fuerza de trabajo,300.133146
2008,Magdalena,Población fuera de la fuerza de trabajo,331.100641
2009,Magdalena,Población fuera de la fuerza de trabajo,317.535239
2010,Magdalena,Población fuera de la fuerza de trabajo,304.74562099999997
2011,Magdalena,Población fuera de la fuerza de trabajo,310.93295400000005
2012,Magdalena,Población fuera de la fuerza de trabajo,299.31557
2013,Magdalena,Población fuera de la fuerza de trabajo,316.51513900000003
2014,Magdalena,Población fuera de la fuerza de trabajo,312.115251
2015,Magdalena,Población fuera de la fuerza de trabajo,315.53772
2016,Magdalena,Población fuera de la fuerza de trabajo,318.580777
2017,Magdalena,Población fuera de la fuerza de trabajo,332.259929
2018,Magdalena,Población fuera de la fuerza de trabajo,358.525583
2019,Magdalena,Población fuera de la fuerza de trabajo,366.32245
2020,Magdalena,Población fuera de la fuerza de trabajo,449.177214
2021,Magdalena,Población fuera de la fuerza de trabajo,421.496
2022,Magdalena,Población fuera de la fuerza de trabajo,402.809
2023,Magdalena,Población fuera de la fuerza de trabajo,410.821
2024,Magdalena,Población fuera de la fuerza de trabajo,451.208
2025,Magdalena,Población fuera de la fuerza de trabajo,439.469
2007,Magdalena,Población subocupada,48.058330000000005
2008,Magdalena,Población subocupada,39.098652
2009,Magdalena,Población subocupada,42.626729
2010,Magdalena,Población subocupada,44.863196
2011,Magdalena,Población subocupada,52.783662
2012,Magdalena,Población subocupada,53.385127
2013,Magdalena,Población subocupada,58.762612000000004
2014,Magdalena,Población subocupada,59.416754999999995
2015,Magdalena,Población subocupada,61.441738
2016,Magdalena,Población subocupada,55.438412
2017,Magdalena,Población subocupada,65.650094
2018,Magdalena,Población subocupada,57.920877999999995
2019,Magdalena,Población subocupada,62.613383
2020,Magdalena,Población subocupada,0.0
2021,Magdalena,Población subocupada,62.655
2022,Magdalena,Población subocupada,78.088
2023,Magdalena,Población subocupada,68.655
2024,Magdalena,Población subocupada,58.362
2025,Magdalena,Población subocupada,58.802
2007,Magdalena,Fuerza de trabajo potencial,0.0
2008,Magdalena,Fuerza de trabajo potencial,0.0
2009,Magdalena,Fuerza de trabajo potencial,0.0
2010,Magdalena,Fuerza de trabajo potencial,0.0
2011,Magdalena,Fuerza de trabajo potencial,0.0
2012,Magdalena,Fuerza de trabajo potencial,0.0
2013,Magdalena,Fuerza de trabajo potencial,0.0
2014,Magdalena,Fuerza de trabajo potencial,0.0
2015,Magdalena,Fuerza de trabajo potencial,0.0
2016,Magdalena,Fuerza de trabajo potencial,0.0
2017,Magdalena,Fuerza de trabajo potencial,0.0
2018,Magdalena,Fuerza de trabajo potencial,0.0
2019,Magdalena,Fuerza de trabajo potencial,0.0
2020,Magdalena,Fuerza de trabajo potencial,0.0
2021,Magdalena,Fuerza de trabajo potencial,50.844
2022,Magdalena,Fuerza de trabajo potencial,51.621
2023,Magdalena,Fuerza de trabajo potencial,31.115
2024,Magdalena,Fuerza de trabajo potencial,32.928
2025,Magdalena,Fuerza de trabajo potencial,43.844
2007,Meta,% población en edad de trabajar,69.105992769
2008,Meta,% población en edad de trabajar,69.626682093
2009,Meta,% población en edad de trabajar,70.144103013
2010,Meta,% población en edad de trabajar,70.643198828
2011,Meta,% población en edad de trabajar,71.129042839
2012,Meta,% población en edad de trabajar,71.601555803
2013,Meta,% población en edad de trabajar,72.062497438
2014,Meta,% población en edad de trabajar,72.505161415
2015,Meta,% población en edad de trabajar,72.931001805
2016,Meta,% población en edad de trabajar,73.337237572
2017,Meta,% población en edad de trabajar,73.715156304
2018,Meta,% población en edad de trabajar,74.09029494
2019,Meta,% población en edad de trabajar,74.419464829
2020,Meta,% población en edad de trabajar,74.738697755
2021,Meta,% población en edad de trabajar,75.082856849
2022,Meta,% población en edad de trabajar,75.400310484
2023,Meta,% población en edad de trabajar,75.714958889
2024,Meta,% población en edad de trabajar,76.063276776
2025,Meta,% población en edad de trabajar,76.407636153
2007,Meta,Tasa Global de Participación (TGP),67.662317764
2008,Meta,Tasa Global de Participación (TGP),67.966629446
2009,Meta,Tasa Global de Participación (TGP),70.344537231
2010,Meta,Tasa Global de Participación (TGP),69.602991818
2011,Meta,Tasa Global de Participación (TGP),70.515694634
2012,Meta,Tasa Global de Participación (TGP),69.122631135
2013,Meta,Tasa Global de Participación (TGP),66.999558738
2014,Meta,Tasa Global de Participación (TGP),67.367505137
2015,Meta,Tasa Global de Participación (TGP),70.209065065
2016,Meta,Tasa Global de Participación (TGP),68.877533473
2017,Meta,Tasa Global de Participación (TGP),70.962993861
2018,Meta,Tasa Global de Participación (TGP),69.240814308
2019,Meta,Tasa Global de Participación (TGP),68.682707675
2020,Meta,Tasa Global de Participación (TGP),61.59753449
2021,Meta,Tasa Global de Participación (TGP),62.207508754
2022,Meta,Tasa Global de Participación (TGP),63.616307004
2023,Meta,Tasa Global de Participación (TGP),63.90307654
2024,Meta,Tasa Global de Participación (TGP),65.008290037
2025,Meta,Tasa Global de Participación (TGP),64.445954417
2007,Meta,Tasa de Ocupación (TO),60.645223424
2008,Meta,Tasa de Ocupación (TO),60.641073209
2009,Meta,Tasa de Ocupación (TO),62.467976202
2010,Meta,Tasa de Ocupación (TO),62.508409719
2011,Meta,Tasa de Ocupación (TO),63.620401376
2012,Meta,Tasa de Ocupación (TO),61.742692659
2013,Meta,Tasa de Ocupación (TO),59.97927027
2014,Meta,Tasa de Ocupación (TO),60.500275633
2015,Meta,Tasa de Ocupación (TO),62.977318442
2016,Meta,Tasa de Ocupación (TO),61.474162054
2017,Meta,Tasa de Ocupación (TO),62.244573864
2018,Meta,Tasa de Ocupación (TO),61.155847817
2019,Meta,Tasa de Ocupación (TO),59.562288963
2020,Meta,Tasa de Ocupación (TO),49.342438017
2021,Meta,Tasa de Ocupación (TO),52.626140734
2022,Meta,Tasa de Ocupación (TO),56.468239391
2023,Meta,Tasa de Ocupación (TO),57.306656809
2024,Meta,Tasa de Ocupación (TO),58.837753361
2025,Meta,Tasa de Ocupación (TO),58.813671949
2007,Meta,Tasa de Desocupación (TD),10.37075668
2008,Meta,Tasa de Desocupación (TD),10.778166134
2009,Meta,Tasa de Desocupación (TD),11.197118268
2010,Meta,Tasa de Desocupación (TD),10.192926934
2011,Meta,Tasa de Desocupación (TD),9.77838096
2012,Meta,Tasa de Desocupación (TD),10.676587906
2013,Meta,Tasa de Desocupación (TD),10.478111499
2014,Meta,Tasa de Desocupación (TD),10.193682385
2015,Meta,Tasa de Desocupación (TD),10.300303268
2016,Meta,Tasa de Desocupación (TD),10.748601243
2017,Meta,Tasa de Desocupación (TD),12.285868341
2018,Meta,Tasa de Desocupación (TD),11.67659071
2019,Meta,Tasa de Desocupación (TD),13.279061091
2020,Meta,Tasa de Desocupación (TD),19.895433436
2021,Meta,Tasa de Desocupación (TD),15.402269295
2022,Meta,Tasa de Desocupación (TD),11.236219059
2023,Meta,Tasa de Desocupación (TD),10.322538582
2024,Meta,Tasa de Desocupación (TD),9.491922758
2025,Meta,Tasa de Desocupación (TD),8.739543885
2007,Meta,Tasa de Subocupación (TS),10.567003654
2008,Meta,Tasa de Subocupación (TS),10.039473012
2009,Meta,Tasa de Subocupación (TS),10.898905935
2010,Meta,Tasa de Subocupación (TS),10.947478361
2011,Meta,Tasa de Subocupación (TS),10.979704168
2012,Meta,Tasa de Subocupación (TS),11.884370593
2013,Meta,Tasa de Subocupación (TS),10.860373168
2014,Meta,Tasa de Subocupación (TS),9.049409363
2015,Meta,Tasa de Subocupación (TS),9.499637665
2016,Meta,Tasa de Subocupación (TS),8.888871286
2017,Meta,Tasa de Subocupación (TS),10.006739258
2018,Meta,Tasa de Subocupación (TS),9.623662092
2019,Meta,Tasa de Subocupación (TS),8.452407438
2020,Meta,Tasa de Subocupación (TS),0.0
2021,Meta,Tasa de Subocupación (TS),6.187656546
2022,Meta,Tasa de Subocupación (TS),6.151669633
2023,Meta,Tasa de Subocupación (TS),6.205459775
2024,Meta,Tasa de Subocupación (TS),6.833199036
2025,Meta,Tasa de Subocupación (TS),5.785775847
2007,Meta,Población total,835.34
2008,Meta,Población total,855.705
2009,Meta,Población total,875.693
2010,Meta,Población total,895.353
2011,Meta,Población total,914.58
2012,Meta,Población total,933.28
2013,Meta,Población total,951.463
2014,Meta,Población total,969.211
2015,Meta,Población total,986.649
2016,Meta,Población total,1004.037
2017,Meta,Población total,1021.311
2018,Meta,Población total,1039.128
2019,Meta,Población total,1051.702
2020,Meta,Población total,1063.041
2021,Meta,Población total,1072.306
2022,Meta,Población total,1080.625
2023,Meta,Población total,1088.658
2024,Meta,Población total,1096.432
2025,Meta,Población total,1104.038
2007,Meta,Población en edad de trabajar (PET),577.27
2008,Meta,Población en edad de trabajar (PET),595.799
2009,Meta,Población en edad de trabajar (PET),614.247
2010,Meta,Población en edad de trabajar (PET),632.506
2011,Meta,Población en edad de trabajar (PET),650.532
2012,Meta,Población en edad de trabajar (PET),668.243
2013,Meta,Población en edad de trabajar (PET),685.648
2014,Meta,Población en edad de trabajar (PET),702.728
2015,Meta,Población en edad de trabajar (PET),719.573
2016,Meta,Población en edad de trabajar (PET),736.333
2017,Meta,Población en edad de trabajar (PET),752.861
2018,Meta,Población en edad de trabajar (PET),769.893
2019,Meta,Población en edad de trabajar (PET),782.671
2020,Meta,Población en edad de trabajar (PET),794.503
2021,Meta,Población en edad de trabajar (PET),805.118
2022,Meta,Población en edad de trabajar (PET),814.794
2023,Meta,Población en edad de trabajar (PET),824.277
2024,Meta,Población en edad de trabajar (PET),833.982
2025,Meta,Población en edad de trabajar (PET),843.569
2007,Meta,Fuerza de trabajo,390.594262
2008,Meta,Fuerza de trabajo,404.944499
2009,Meta,Fuerza de trabajo,432.08921000000004
2010,Meta,Fuerza de trabajo,440.243099
2011,Meta,Fuerza de trabajo,458.727159
2012,Meta,Fuerza de trabajo,461.90714399999996
2013,Meta,Fuerza de trabajo,459.38113400000003
2014,Meta,Fuerza de trabajo,473.410321
2015,Meta,Fuerza de trabajo,505.20547600000003
2016,Meta,Fuerza de trabajo,507.16800900000004
2017,Meta,Fuerza de trabajo,534.252705
2018,Meta,Fuerza de trabajo,533.080182
2019,Meta,Fuerza de trabajo,537.559635
2020,Meta,Fuerza de trabajo,489.39425900000003
2021,Meta,Fuerza de trabajo,500.844
2022,Meta,Fuerza de trabajo,518.342
2023,Meta,Fuerza de trabajo,526.738
2024,Meta,Fuerza de trabajo,542.157
2025,Meta,Fuerza de trabajo,543.646
2007,Meta,Población ocupada,350.086681
2008,Meta,Población ocupada,361.298908
2009,Meta,Población ocupada,383.70767
2010,Meta,Población ocupada,395.369442
2011,Meta,Población ocupada,413.87106900000003
2012,Meta,Población ocupada,412.591222
2013,Meta,Población ocupada,411.246667
2014,Meta,Población ocupada,425.152377
2015,Meta,Población ocupada,453.16778000000005
2016,Meta,Población ocupada,452.654542
2017,Meta,Población ocupada,468.615121
2018,Meta,Población ocupada,470.834591
2019,Meta,Población ocupada,466.176763
2020,Meta,Población ocupada,392.02715
2021,Meta,Población ocupada,423.703
2022,Meta,Población ocupada,460.1
2023,Meta,Población ocupada,472.366
2024,Meta,Población ocupada,490.696
2025,Meta,Población ocupada,496.134
2007,Meta,Población desocupada,40.507580000000004
2008,Meta,Población desocupada,43.645591
2009,Meta,Población desocupada,48.38154
2010,Meta,Población desocupada,44.873657
2011,Meta,Población desocupada,44.856089
2012,Meta,Población desocupada,49.315922
2013,Meta,Población desocupada,48.134466999999994
2014,Meta,Población desocupada,48.257945
2015,Meta,Población desocupada,52.037696000000004
2016,Meta,Población desocupada,54.513467
2017,Meta,Población desocupada,65.637584
2018,Meta,Población desocupada,62.245591
2019,Meta,Población desocupada,71.382872
2020,Meta,Población desocupada,97.367109
2021,Meta,Población desocupada,77.141
2022,Meta,Población desocupada,58.242
2023,Meta,Población desocupada,54.373
2024,Meta,Población desocupada,51.461
2025,Meta,Población desocupada,47.512
2007,Meta,Población fuera de la fuerza de trabajo,186.67573800000002
2008,Meta,Población fuera de la fuerza de trabajo,190.854501
2009,Meta,Población fuera de la fuerza de trabajo,182.15779
2010,Meta,Población fuera de la fuerza de trabajo,192.262901
2011,Meta,Población fuera de la fuerza de trabajo,191.80484099999998
2012,Meta,Población fuera de la fuerza de trabajo,206.335856
2013,Meta,Población fuera de la fuerza de trabajo,226.26686600000002
2014,Meta,Población fuera de la fuerza de trabajo,229.317679
2015,Meta,Población fuera de la fuerza de trabajo,214.367524
2016,Meta,Población fuera de la fuerza de trabajo,229.16499100000001
2017,Meta,Población fuera de la fuerza de trabajo,218.60829500000003
2018,Meta,Población fuera de la fuerza de trabajo,236.812818
2019,Meta,Población fuera de la fuerza de trabajo,245.11136499999998
2020,Meta,Población fuera de la fuerza de trabajo,305.10874099999995
2021,Meta,Población fuera de la fuerza de trabajo,304.274
2022,Meta,Población fuera de la fuerza de trabajo,296.452
2023,Meta,Población fuera de la fuerza de trabajo,297.539
2024,Meta,Población fuera de la fuerza de trabajo,291.825
2025,Meta,Población fuera de la fuerza de trabajo,299.923
2007,Meta,Población subocupada,41.27411
2008,Meta,Población subocupada,40.654294
2009,Meta,Población subocupada,47.092997000000004
2010,Meta,Población subocupada,48.195518
2011,Meta,Población subocupada,50.366885
2012,Meta,Población subocupada,54.894757
2013,Meta,Población subocupada,49.890505
2014,Meta,Población subocupada,42.840838000000005
2015,Meta,Población subocupada,47.99269
2016,Meta,Población subocupada,45.081511
2017,Meta,Población subocupada,53.461275
2018,Meta,Población subocupada,51.301835
2019,Meta,Población subocupada,45.436731
2020,Meta,Población subocupada,0.0
2021,Meta,Población subocupada,30.991
2022,Meta,Población subocupada,31.887
2023,Meta,Población subocupada,32.687
2024,Meta,Población subocupada,37.047
2025,Meta,Población subocupada,31.454
2007,Meta,Fuerza de trabajo potencial,0.0
2008,Meta,Fuerza de trabajo potencial,0.0
2009,Meta,Fuerza de trabajo potencial,0.0
2010,Meta,Fuerza de trabajo potencial,0.0
2011,Meta,Fuerza de trabajo potencial,0.0
2012,Meta,Fuerza de trabajo potencial,0.0
2013,Meta,Fuerza de trabajo potencial,0.0
2014,Meta,Fuerza de trabajo potencial,0.0
2015,Meta,Fuerza de trabajo potencial,0.0
2016,Meta,Fuerza de trabajo potencial,0.0
2017,Meta,Fuerza de trabajo potencial,0.0
2018,Meta,Fuerza de trabajo potencial,0.0
2019,Meta,Fuerza de trabajo potencial,0.0
2020,Meta,Fuerza de trabajo potencial,0.0
2021,Meta,Fuerza de trabajo potencial,23.617
2022,Meta,Fuerza de trabajo potencial,14.363
2023,Meta,Fuerza de trabajo potencial,20.754
2024,Meta,Fuerza de trabajo potencial,17.915
2025,Meta,Fuerza de trabajo potencial,18.448
2007,Nariño,% población en edad de trabajar,71.39403429
2008,Nariño,% población en edad de trabajar,71.943733718
2009,Nariño,% población en edad de trabajar,72.502148179
2010,Nariño,% población en edad de trabajar,73.054659634
2011,Nariño,% población en edad de trabajar,73.590343888
2012,Nariño,% población en edad de trabajar,74.10561225
2013,Nariño,% población en edad de trabajar,74.586795005
2014,Nariño,% población en edad de trabajar,75.027900339
2015,Nariño,% población en edad de trabajar,75.426757809
2016,Nariño,% población en edad de trabajar,75.778118773
2017,Nariño,% población en edad de trabajar,76.063155753
2018,Nariño,% población en edad de trabajar,76.332272251
2019,Nariño,% población en edad de trabajar,76.574489453
2020,Nariño,% población en edad de trabajar,76.795803811
2021,Nariño,% población en edad de trabajar,77.00161022
2022,Nariño,% población en edad de trabajar,77.269307195
2023,Nariño,% población en edad de trabajar,77.495582858
2024,Nariño,% población en edad de trabajar,77.623735366
2025,Nariño,% población en edad de trabajar,77.836043266
2007,Nariño,Tasa Global de Participación (TGP),62.095779175
2008,Nariño,Tasa Global de Participación (TGP),62.930050462
2009,Nariño,Tasa Global de Participación (TGP),70.126730725
2010,Nariño,Tasa Global de Participación (TGP),73.927349095
2011,Nariño,Tasa Global de Participación (TGP),74.890328899
2012,Nariño,Tasa Global de Participación (TGP),73.638091644
2013,Nariño,Tasa Global de Participación (TGP),74.140488125
2014,Nariño,Tasa Global de Participación (TGP),73.684378646
2015,Nariño,Tasa Global de Participación (TGP),74.864418235
2016,Nariño,Tasa Global de Participación (TGP),76.243885045
2017,Nariño,Tasa Global de Participación (TGP),76.835671743
2018,Nariño,Tasa Global de Participación (TGP),73.151842223
2019,Nariño,Tasa Global de Participación (TGP),73.401413828
2020,Nariño,Tasa Global de Participación (TGP),69.793180053
2021,Nariño,Tasa Global de Participación (TGP),72.653869473
2022,Nariño,Tasa Global de Participación (TGP),74.844819127
2023,Nariño,Tasa Global de Participación (TGP),76.651887857
2024,Nariño,Tasa Global de Participación (TGP),75.927446002
2025,Nariño,Tasa Global de Participación (TGP),74.244429293
2007,Nariño,Tasa de Ocupación (TO),54.544021884
2008,Nariño,Tasa de Ocupación (TO),55.495545189
2009,Nariño,Tasa de Ocupación (TO),59.296205653
2010,Nariño,Tasa de Ocupación (TO),57.427391118
2011,Nariño,Tasa de Ocupación (TO),63.970772366
2012,Nariño,Tasa de Ocupación (TO),64.331812312
2013,Nariño,Tasa de Ocupación (TO),66.208255526
2014,Nariño,Tasa de Ocupación (TO),65.983892321
2015,Nariño,Tasa de Ocupación (TO),68.327135589
2016,Nariño,Tasa de Ocupación (TO),71.004920535
2017,Nariño,Tasa de Ocupación (TO),71.908959812
2018,Nariño,Tasa de Ocupación (TO),69.041532576
2019,Nariño,Tasa de Ocupación (TO),69.360583868
2020,Nariño,Tasa de Ocupación (TO),64.198891595
2021,Nariño,Tasa de Ocupación (TO),67.377280696
2022,Nariño,Tasa de Ocupación (TO),70.201241679
2023,Nariño,Tasa de Ocupación (TO),71.371112484
2024,Nariño,Tasa de Ocupación (TO),71.010275813
2025,Nariño,Tasa de Ocupación (TO),69.81650941
2007,Nariño,Tasa de Desocupación (TD),12.161466352
2008,Nariño,Tasa de Desocupación (TD),11.813919136
2009,Nariño,Tasa de Desocupación (TD),15.444217861
2010,Nariño,Tasa de Desocupación (TD),22.319152761
2011,Nariño,Tasa de Desocupación (TD),14.58072984
2012,Nariño,Tasa de Desocupación (TD),12.637860548
2013,Nariño,Tasa de Desocupación (TD),10.698921467
2014,Nariño,Tasa de Desocupación (TD),10.450636168
2015,Nariño,Tasa de Desocupación (TD),8.732162488
2016,Nariño,Tasa de Desocupación (TD),6.871324181
2017,Nariño,Tasa de Desocupación (TD),6.412011269
2018,Nariño,Tasa de Desocupación (TD),5.618873731
2019,Nariño,Tasa de Desocupación (TD),5.505111891
2020,Nariño,Tasa de Desocupación (TD),8.015523083
2021,Nariño,Tasa de Desocupación (TD),7.262639713
2022,Nariño,Tasa de Desocupación (TD),6.204273726
2023,Nariño,Tasa de Desocupación (TD),6.889295907
2024,Nariño,Tasa de Desocupación (TD),6.476143276
2025,Nariño,Tasa de Desocupación (TD),5.963975918
2007,Nariño,Tasa de Subocupación (TS),10.024274256
2008,Nariño,Tasa de Subocupación (TS),7.780342408
2009,Nariño,Tasa de Subocupación (TS),10.907893148
2010,Nariño,Tasa de Subocupación (TS),12.549395155
2011,Nariño,Tasa de Subocupación (TS),14.157108633
2012,Nariño,Tasa de Subocupación (TS),16.144762353
2013,Nariño,Tasa de Subocupación (TS),14.976927201
2014,Nariño,Tasa de Subocupación (TS),14.126832868
2015,Nariño,Tasa de Subocupación (TS),16.951357416
2016,Nariño,Tasa de Subocupación (TS),14.848612768
2017,Nariño,Tasa de Subocupación (TS),12.01736667
2018,Nariño,Tasa de Subocupación (TS),10.806536266
2019,Nariño,Tasa de Subocupación (TS),8.563228056
2020,Nariño,Tasa de Subocupación (TS),0.0
2021,Nariño,Tasa de Subocupación (TS),7.759963772
2022,Nariño,Tasa de Subocupación (TS),8.820329286
2023,Nariño,Tasa de Subocupación (TS),10.568506024
2024,Nariño,Tasa de Subocupación (TS),11.001743791
2025,Nariño,Tasa de Subocupación (TS),8.269379969
2007,Nariño,Población total,1537.889
2008,Nariño,Población total,1549.276
2009,Nariño,Población total,1559.46
2010,Nariño,Población total,1569.147
2011,Nariño,Población total,1578.275
2012,Nariño,Población total,1586.672
2013,Nariño,Población total,1594.124
2014,Nariño,Población total,1601.235
2015,Nariño,Población total,1608.465
2016,Nariño,Población total,1615.531
2017,Nariño,Población total,1621.705
2018,Nariño,Población total,1630.41
2019,Nariño,Población total,1629.036
2020,Nariño,Población total,1627.572
2021,Nariño,Población total,1630.982
2022,Nariño,Población total,1629.194
2023,Nariño,Población total,1631.145
2024,Nariño,Población total,1633.683
2025,Nariño,Población total,1636.793
2007,Nariño,Población en edad de trabajar (PET),1097.961
2008,Nariño,Población en edad de trabajar (PET),1114.607
2009,Nariño,Población en edad de trabajar (PET),1130.642
2010,Nariño,Población en edad de trabajar (PET),1146.335
2011,Nariño,Población en edad de trabajar (PET),1161.458
2012,Nariño,Población en edad de trabajar (PET),1175.813
2013,Nariño,Población en edad de trabajar (PET),1189.006
2014,Nariño,Población en edad de trabajar (PET),1201.373
2015,Nariño,Población en edad de trabajar (PET),1213.213
2016,Nariño,Población en edad de trabajar (PET),1224.219
2017,Nariño,Población en edad de trabajar (PET),1233.52
2018,Nariño,Población en edad de trabajar (PET),1244.529
2019,Nariño,Población en edad de trabajar (PET),1247.426
2020,Nariño,Población en edad de trabajar (PET),1249.907
2021,Nariño,Población en edad de trabajar (PET),1255.882
2022,Nariño,Población en edad de trabajar (PET),1258.867
2023,Nariño,Población en edad de trabajar (PET),1264.066
2024,Nariño,Población en edad de trabajar (PET),1268.126
2025,Nariño,Población en edad de trabajar (PET),1274.015
2007,Nariño,Fuerza de trabajo,681.787438
2008,Nariño,Fuerza de trabajo,701.4227480000001
2009,Nariño,Fuerza de trabajo,792.882271
2010,Nariño,Fuerza de trabajo,847.4550770000001
2011,Nariño,Fuerza de trabajo,869.819716
2012,Nariño,Fuerza de trabajo,865.846255
2013,Nariño,Fuerza de trabajo,881.534852
2014,Nariño,Fuerza de trabajo,885.22423
2015,Nariño,Fuerza de trabajo,908.264854
2016,Nariño,Fuerza de trabajo,933.392127
2017,Nariño,Fuerza de trabajo,947.783378
2018,Nariño,Fuerza de trabajo,910.39589
2019,Nariño,Fuerza de trabajo,915.6283199999999
2020,Nariño,Fuerza de trabajo,872.349843
2021,Nariño,Fuerza de trabajo,912.447
2022,Nariño,Fuerza de trabajo,942.197
2023,Nariño,Fuerza de trabajo,968.93
2024,Nariño,Fuerza de trabajo,962.856
2025,Nariño,Fuerza de trabajo,945.885
2007,Nariño,Población ocupada,598.872088
2008,Nariño,Población ocupada,618.557231
2009,Nariño,Población ocupada,670.427806
2010,Nariño,Población ocupada,658.310284
2011,Nariño,Población ocupada,742.993653
2012,Nariño,Población ocupada,756.421812
2013,Nariño,Población ocupada,787.220131
2014,Nariño,Población ocupada,792.712667
2015,Nariño,Población ocupada,828.9536909999999
2016,Nariño,Población ocupada,869.255728
2017,Nariño,Población ocupada,887.011401
2018,Nariño,Población ocupada,859.241895
2019,Nariño,Población ocupada,865.2219570000001
2020,Nariño,Población ocupada,802.42644
2021,Nariño,Población ocupada,846.179
2022,Nariño,Población ocupada,883.74
2023,Nariño,Población ocupada,902.178
2024,Nariño,Población ocupada,900.5
2025,Nariño,Población ocupada,889.473
2007,Nariño,Población desocupada,82.91535
2008,Nariño,Población desocupada,82.865516
2009,Nariño,Población desocupada,122.454465
2010,Nariño,Población desocupada,189.144793
2011,Nariño,Población desocupada,126.82606299999999
2012,Nariño,Población desocupada,109.424442
2013,Nariño,Población desocupada,94.31472199999999
2014,Nariño,Población desocupada,92.51156399999999
2015,Nariño,Población desocupada,79.311163
2016,Nariño,Población desocupada,64.136399
2017,Nariño,Población desocupada,60.771977
2018,Nariño,Población desocupada,51.153996
2019,Nariño,Población desocupada,50.406364
2020,Nariño,Población desocupada,69.92340300000001
2021,Nariño,Población desocupada,66.268
2022,Nariño,Población desocupada,58.456
2023,Nariño,Población desocupada,66.752
2024,Nariño,Población desocupada,62.356
2025,Nariño,Población desocupada,56.412
2007,Nariño,Población fuera de la fuerza de trabajo,416.173562
2008,Nariño,Población fuera de la fuerza de trabajo,413.18425199999996
2009,Nariño,Población fuera de la fuerza de trabajo,337.759729
2010,Nariño,Población fuera de la fuerza de trabajo,298.879923
2011,Nariño,Población fuera de la fuerza de trabajo,291.638284
2012,Nariño,Población fuera de la fuerza de trabajo,309.966745
2013,Nariño,Población fuera de la fuerza de trabajo,307.47114799999997
2014,Nariño,Población fuera de la fuerza de trabajo,316.14877
2015,Nariño,Población fuera de la fuerza de trabajo,304.948146
2016,Nariño,Población fuera de la fuerza de trabajo,290.82687300000003
2017,Nariño,Población fuera de la fuerza de trabajo,285.73662199999995
2018,Nariño,Población fuera de la fuerza de trabajo,334.13311
2019,Nariño,Población fuera de la fuerza de trabajo,331.79768
2020,Nariño,Población fuera de la fuerza de trabajo,377.557157
2021,Nariño,Población fuera de la fuerza de trabajo,343.435
2022,Nariño,Población fuera de la fuerza de trabajo,316.67
2023,Nariño,Población fuera de la fuerza de trabajo,295.135
2024,Nariño,Población fuera de la fuerza de trabajo,305.27
2025,Nariño,Población fuera de la fuerza de trabajo,328.13
2007,Nariño,Población subocupada,68.344243
2008,Nariño,Población subocupada,54.573091
2009,Nariño,Población subocupada,86.486751
2010,Nariño,Población subocupada,106.350486
2011,Nariño,Población subocupada,123.141322
2012,Nariño,Población subocupada,139.78882000000002
2013,Nariño,Población subocupada,132.026833
2014,Nariño,Población subocupada,125.054148
2015,Nariño,Población subocupada,153.963222
2016,Nariño,Población subocupada,138.59578299999998
2017,Nariño,Población subocupada,113.898604
2018,Nariño,Población subocupada,98.382262
2019,Nariño,Población subocupada,78.407341
2020,Nariño,Población subocupada,0.0
2021,Nariño,Población subocupada,70.806
2022,Nariño,Población subocupada,83.105
2023,Nariño,Población subocupada,102.401
2024,Nariño,Población subocupada,105.931
2025,Nariño,Población subocupada,78.219
2007,Nariño,Fuerza de trabajo potencial,0.0
2008,Nariño,Fuerza de trabajo potencial,0.0
2009,Nariño,Fuerza de trabajo potencial,0.0
2010,Nariño,Fuerza de trabajo potencial,0.0
2011,Nariño,Fuerza de trabajo potencial,0.0
2012,Nariño,Fuerza de trabajo potencial,0.0
2013,Nariño,Fuerza de trabajo potencial,0.0
2014,Nariño,Fuerza de trabajo potencial,0.0
2015,Nariño,Fuerza de trabajo potencial,0.0
2016,Nariño,Fuerza de trabajo potencial,0.0
2017,Nariño,Fuerza de trabajo potencial,0.0
2018,Nariño,Fuerza de trabajo potencial,0.0
2019,Nariño,Fuerza de trabajo potencial,0.0
2020,Nariño,Fuerza de trabajo potencial,0.0
2021,Nariño,Fuerza de trabajo potencial,78.036
2022,Nariño,Fuerza de trabajo potencial,70.046
2023,Nariño,Fuerza de trabajo potencial,67.176
2024,Nariño,Fuerza de trabajo potencial,69.331
2025,Nariño,Fuerza de trabajo potencial,63.883
2007,Norte de Santander,% población en edad de trabajar,70.291219669
2008,Norte de Santander,% población en edad de trabajar,70.679414033
2009,Norte de Santander,% población en edad de trabajar,71.08242561
2010,Norte de Santander,% población en edad de trabajar,71.49916649
2011,Norte de Santander,% población en edad de trabajar,71.926189088
2012,Norte de Santander,% población en edad de trabajar,72.351480962
2013,Norte de Santander,% población en edad de trabajar,72.764899414
2014,Norte de Santander,% población en edad de trabajar,73.158508317
2015,Norte de Santander,% población en edad de trabajar,73.530761825
2016,Norte de Santander,% población en edad de trabajar,73.86301239
2017,Norte de Santander,% población en edad de trabajar,74.143042316
2018,Norte de Santander,% población en edad de trabajar,74.341239909
2019,Norte de Santander,% población en edad de trabajar,74.482510162
2020,Norte de Santander,% población en edad de trabajar,74.651340239
2021,Norte de Santander,% población en edad de trabajar,74.885689755
2022,Norte de Santander,% población en edad de trabajar,75.132258658
2023,Norte de Santander,% población en edad de trabajar,75.397034279
2024,Norte de Santander,% población en edad de trabajar,75.728908964
2025,Norte de Santander,% población en edad de trabajar,76.053911022
2007,Norte de Santander,Tasa Global de Participación (TGP),63.652073991
2008,Norte de Santander,Tasa Global de Participación (TGP),63.521093283
2009,Norte de Santander,Tasa Global de Participación (TGP),64.08814052
2010,Norte de Santander,Tasa Global de Participación (TGP),64.739400391
2011,Norte de Santander,Tasa Global de Participación (TGP),66.840458119
2012,Norte de Santander,Tasa Global de Participación (TGP),68.666101105
2013,Norte de Santander,Tasa Global de Participación (TGP),67.564804609
2014,Norte de Santander,Tasa Global de Participación (TGP),66.235806586
2015,Norte de Santander,Tasa Global de Participación (TGP),65.865824977
2016,Norte de Santander,Tasa Global de Participación (TGP),66.37482878
2017,Norte de Santander,Tasa Global de Participación (TGP),66.576813389
2018,Norte de Santander,Tasa Global de Participación (TGP),64.613427934
2019,Norte de Santander,Tasa Global de Participación (TGP),63.571683885
2020,Norte de Santander,Tasa Global de Participación (TGP),60.639511668
2021,Norte de Santander,Tasa Global de Participación (TGP),60.550318951
2022,Norte de Santander,Tasa Global de Participación (TGP),60.146200238
2023,Norte de Santander,Tasa Global de Participación (TGP),59.43779182
2024,Norte de Santander,Tasa Global de Participación (TGP),58.445661687
2025,Norte de Santander,Tasa Global de Participación (TGP),59.679432342
2007,Norte de Santander,Tasa de Ocupación (TO),57.157599063
2008,Norte de Santander,Tasa de Ocupación (TO),57.168723879
2009,Norte de Santander,Tasa de Ocupación (TO),57.466853293
2010,Norte de Santander,Tasa de Ocupación (TO),57.032739044
2011,Norte de Santander,Tasa de Ocupación (TO),58.761599959
2012,Norte de Santander,Tasa de Ocupación (TO),60.16946155
2013,Norte de Santander,Tasa de Ocupación (TO),58.909482416
2014,Norte de Santander,Tasa de Ocupación (TO),58.311904381
2015,Norte de Santander,Tasa de Ocupación (TO),57.871819483
2016,Norte de Santander,Tasa de Ocupación (TO),58.323069498
2017,Norte de Santander,Tasa de Ocupación (TO),58.605493183
2018,Norte de Santander,Tasa de Ocupación (TO),56.395500777
2019,Norte de Santander,Tasa de Ocupación (TO),54.758903184
2020,Norte de Santander,Tasa de Ocupación (TO),48.498570752
2021,Norte de Santander,Tasa de Ocupación (TO),51.741455155
2022,Norte de Santander,Tasa de Ocupación (TO),52.842721286
2023,Norte de Santander,Tasa de Ocupación (TO),52.65701999
2024,Norte de Santander,Tasa de Ocupación (TO),50.953158141
2025,Norte de Santander,Tasa de Ocupación (TO),52.915271939
2007,Norte de Santander,Tasa de Desocupación (TD),10.203084552
2008,Norte de Santander,Tasa de Desocupación (TD),10.000409431
2009,Norte de Santander,Tasa de Desocupación (TD),10.331532751
2010,Norte de Santander,Tasa de Desocupación (TD),11.904128398
2011,Norte de Santander,Tasa de Desocupación (TD),12.086778558
2012,Norte de Santander,Tasa de Desocupación (TD),12.373848839
2013,Norte de Santander,Tasa de Desocupación (TD),12.810400686
2014,Norte de Santander,Tasa de Desocupación (TD),11.963170094
2015,Norte de Santander,Tasa de Desocupación (TD),12.136803109
2016,Norte de Santander,Tasa de Desocupación (TD),12.130742075
2017,Norte de Santander,Tasa de Desocupación (TD),11.973117667
2018,Norte de Santander,Tasa de Desocupación (TD),12.718605745
2019,Norte de Santander,Tasa de Desocupación (TD),13.862745427
2020,Norte de Santander,Tasa de Desocupación (TD),20.021501793
2021,Norte de Santander,Tasa de Desocupación (TD),14.548005607
2022,Norte de Santander,Tasa de Desocupación (TD),12.142876728
2023,Norte de Santander,Tasa de Desocupación (TD),11.40818261
2024,Norte de Santander,Tasa de Desocupación (TD),12.819605989
2025,Norte de Santander,Tasa de Desocupación (TD),11.33415674
2007,Norte de Santander,Tasa de Subocupación (TS),9.26423939
2008,Norte de Santander,Tasa de Subocupación (TS),8.359983626
2009,Norte de Santander,Tasa de Subocupación (TS),8.285489632
2010,Norte de Santander,Tasa de Subocupación (TS),9.834293729
2011,Norte de Santander,Tasa de Subocupación (TS),8.871807507
2012,Norte de Santander,Tasa de Subocupación (TS),11.604735423
2013,Norte de Santander,Tasa de Subocupación (TS),11.931474606
2014,Norte de Santander,Tasa de Subocupación (TS),9.514297848
2015,Norte de Santander,Tasa de Subocupación (TS),9.305792422
2016,Norte de Santander,Tasa de Subocupación (TS),10.120602467
2017,Norte de Santander,Tasa de Subocupación (TS),10.987942232
2018,Norte de Santander,Tasa de Subocupación (TS),9.858794965
2019,Norte de Santander,Tasa de Subocupación (TS),10.435465516
2020,Norte de Santander,Tasa de Subocupación (TS),0.0
2021,Norte de Santander,Tasa de Subocupación (TS),9.11369325
2022,Norte de Santander,Tasa de Subocupación (TS),8.603923808
2023,Norte de Santander,Tasa de Subocupación (TS),7.778447675
2024,Norte de Santander,Tasa de Subocupación (TS),7.766140187
2025,Norte de Santander,Tasa de Subocupación (TS),7.706679982
2007,Norte de Santander,Población total,1325.975
2008,Norte de Santander,Población total,1339.257
2009,Norte de Santander,Población total,1351.825
2010,Norte de Santander,Población total,1363.511
2011,Norte de Santander,Población total,1373.889
2012,Norte de Santander,Población total,1383.358
2013,Norte de Santander,Población total,1392.387
2014,Norte de Santander,Población total,1400.753
2015,Norte de Santander,Población total,1409.523
2016,Norte de Santander,Población total,1424.158
2017,Norte de Santander,Población total,1445.754
2018,Norte de Santander,Población total,1489.351
2019,Norte de Santander,Población total,1562.736
2020,Norte de Santander,Población total,1618.555
2021,Norte de Santander,Población total,1642.187
2022,Norte de Santander,Población total,1651.325
2023,Norte de Santander,Población total,1658.804
2024,Norte de Santander,Población total,1666.06
2025,Norte de Santander,Población total,1673.511
2007,Norte de Santander,Población en edad de trabajar (PET),932.044
2008,Norte de Santander,Población en edad de trabajar (PET),946.579
2009,Norte de Santander,Población en edad de trabajar (PET),960.91
2010,Norte de Santander,Población en edad de trabajar (PET),974.899
2011,Norte de Santander,Población en edad de trabajar (PET),988.186
2012,Norte de Santander,Población en edad de trabajar (PET),1000.88
2013,Norte de Santander,Población en edad de trabajar (PET),1013.169
2014,Norte de Santander,Población en edad de trabajar (PET),1024.77
2015,Norte de Santander,Población en edad de trabajar (PET),1036.433
2016,Norte de Santander,Población en edad de trabajar (PET),1051.926
2017,Norte de Santander,Población en edad de trabajar (PET),1071.926
2018,Norte de Santander,Población en edad de trabajar (PET),1107.202
2019,Norte de Santander,Población en edad de trabajar (PET),1163.965
2020,Norte de Santander,Población en edad de trabajar (PET),1208.273
2021,Norte de Santander,Población en edad de trabajar (PET),1229.763
2022,Norte de Santander,Población en edad de trabajar (PET),1240.678
2023,Norte de Santander,Población en edad de trabajar (PET),1250.689
2024,Norte de Santander,Población en edad de trabajar (PET),1261.689
2025,Norte de Santander,Población en edad de trabajar (PET),1272.77
2007,Norte de Santander,Fuerza de trabajo,593.265337
2008,Norte de Santander,Fuerza de trabajo,601.27733
2009,Norte de Santander,Fuerza de trabajo,615.829351
2010,Norte de Santander,Fuerza de trabajo,631.143767
2011,Norte de Santander,Fuerza de trabajo,660.508049
2012,Norte de Santander,Fuerza de trabajo,687.2652730000001
2013,Norte de Santander,Fuerza de trabajo,684.545655
2014,Norte de Santander,Fuerza de trabajo,678.764675
2015,Norte de Santander,Fuerza de trabajo,682.655146
2016,Norte de Santander,Fuerza de trabajo,698.214081
2017,Norte de Santander,Fuerza de trabajo,713.6541729999999
2018,Norte de Santander,Fuerza de trabajo,715.401166
2019,Norte de Santander,Fuerza de trabajo,739.9521500000001
2020,Norte de Santander,Fuerza de trabajo,732.690847
2021,Norte de Santander,Fuerza de trabajo,744.625
2022,Norte de Santander,Fuerza de trabajo,746.221
2023,Norte de Santander,Fuerza de trabajo,743.382
2024,Norte de Santander,Fuerza de trabajo,737.403
2025,Norte de Santander,Fuerza de trabajo,759.582
2007,Norte de Santander,Población ocupada,532.733973
2008,Norte de Santander,Población ocupada,541.147135
2009,Norte de Santander,Población ocupada,552.20474
2010,Norte de Santander,Población ocupada,556.011603
2011,Norte de Santander,Población ocupada,580.673904
2012,Norte de Santander,Población ocupada,602.224107
2013,Norte de Santander,Población ocupada,596.8526139999999
2014,Norte de Santander,Población ocupada,597.562903
2015,Norte de Santander,Población ocupada,599.802635
2016,Norte de Santander,Población ocupada,613.515532
2017,Norte de Santander,Población ocupada,628.2075189999999
2018,Norte de Santander,Población ocupada,624.412113
2019,Norte de Santander,Población ocupada,637.374467
2020,Norte de Santander,Población ocupada,585.995136
2021,Norte de Santander,Población ocupada,636.297
2022,Norte de Santander,Población ocupada,655.608
2023,Norte de Santander,Población ocupada,658.576
2024,Norte de Santander,Población ocupada,642.871
2025,Norte de Santander,Población ocupada,673.49
2007,Norte de Santander,Población desocupada,60.531364
2008,Norte de Santander,Población desocupada,60.130195
2009,Norte de Santander,Población desocupada,63.624610999999994
2010,Norte de Santander,Población desocupada,75.132164
2011,Norte de Santander,Población desocupada,79.834145
2012,Norte de Santander,Población desocupada,85.041166
2013,Norte de Santander,Población desocupada,87.693041
2014,Norte de Santander,Población desocupada,81.201773
2015,Norte de Santander,Población desocupada,82.85251099999999
2016,Norte de Santander,Población desocupada,84.698549
2017,Norte de Santander,Población desocupada,85.446654
2018,Norte de Santander,Población desocupada,90.98905400000001
2019,Norte de Santander,Población desocupada,102.57768300000001
2020,Norte de Santander,Población desocupada,146.69571100000002
2021,Norte de Santander,Población desocupada,108.328
2022,Norte de Santander,Población desocupada,90.613
2023,Norte de Santander,Población desocupada,84.806
2024,Norte de Santander,Población desocupada,94.532
2025,Norte de Santander,Población desocupada,86.092
2007,Norte de Santander,Población fuera de la fuerza de trabajo,338.778663
2008,Norte de Santander,Población fuera de la fuerza de trabajo,345.30167
2009,Norte de Santander,Población fuera de la fuerza de trabajo,345.080649
2010,Norte de Santander,Población fuera de la fuerza de trabajo,343.75523300000003
2011,Norte de Santander,Población fuera de la fuerza de trabajo,327.677951
2012,Norte de Santander,Población fuera de la fuerza de trabajo,313.614727
2013,Norte de Santander,Población fuera de la fuerza de trabajo,328.623345
2014,Norte de Santander,Población fuera de la fuerza de trabajo,346.005325
2015,Norte de Santander,Población fuera de la fuerza de trabajo,353.777854
2016,Norte de Santander,Población fuera de la fuerza de trabajo,353.71191899999997
2017,Norte de Santander,Población fuera de la fuerza de trabajo,358.271827
2018,Norte de Santander,Población fuera de la fuerza de trabajo,391.80083399999995
2019,Norte de Santander,Población fuera de la fuerza de trabajo,424.01284999999996
2020,Norte de Santander,Población fuera de la fuerza de trabajo,475.582153
2021,Norte de Santander,Población fuera de la fuerza de trabajo,485.137
2022,Norte de Santander,Población fuera de la fuerza de trabajo,494.457
2023,Norte de Santander,Población fuera de la fuerza de trabajo,507.307
2024,Norte de Santander,Población fuera de la fuerza de trabajo,524.287
2025,Norte de Santander,Población fuera de la fuerza de trabajo,513.188
2007,Norte de Santander,Población subocupada,54.961521
2008,Norte de Santander,Población subocupada,50.266686
2009,Norte de Santander,Población subocupada,51.024477
2010,Norte de Santander,Población subocupada,62.068532
2011,Norte de Santander,Población subocupada,58.599002999999996
2012,Norte de Santander,Población subocupada,79.75531699999999
2013,Norte de Santander,Población subocupada,81.67639100000001
2014,Norte de Santander,Población subocupada,64.579693
2015,Norte de Santander,Población subocupada,63.526471
2016,Norte de Santander,Población subocupada,70.663472
2017,Norte de Santander,Población subocupada,78.415908
2018,Norte de Santander,Población subocupada,70.529934
2019,Norte de Santander,Población subocupada,77.217451
2020,Norte de Santander,Población subocupada,0.0
2021,Norte de Santander,Población subocupada,67.863
2022,Norte de Santander,Población subocupada,64.204
2023,Norte de Santander,Población subocupada,57.824
2024,Norte de Santander,Población subocupada,57.268
2025,Norte de Santander,Población subocupada,58.539
2007,Norte de Santander,Fuerza de trabajo potencial,0.0
2008,Norte de Santander,Fuerza de trabajo potencial,0.0
2009,Norte de Santander,Fuerza de trabajo potencial,0.0
2010,Norte de Santander,Fuerza de trabajo potencial,0.0
2011,Norte de Santander,Fuerza de trabajo potencial,0.0
2012,Norte de Santander,Fuerza de trabajo potencial,0.0
2013,Norte de Santander,Fuerza de trabajo potencial,0.0
2014,Norte de Santander,Fuerza de trabajo potencial,0.0
2015,Norte de Santander,Fuerza de trabajo potencial,0.0
2016,Norte de Santander,Fuerza de trabajo potencial,0.0
2017,Norte de Santander,Fuerza de trabajo potencial,0.0
2018,Norte de Santander,Fuerza de trabajo potencial,0.0
2019,Norte de Santander,Fuerza de trabajo potencial,0.0
2020,Norte de Santander,Fuerza de trabajo potencial,0.0
2021,Norte de Santander,Fuerza de trabajo potencial,56.092
2022,Norte de Santander,Fuerza de trabajo potencial,37.603
2023,Norte de Santander,Fuerza de trabajo potencial,53.77
2024,Norte de Santander,Fuerza de trabajo potencial,53.793
2025,Norte de Santander,Fuerza de trabajo potencial,57.749
2007,Quindío,% población en edad de trabajar,75.910145514
2008,Quindío,% población en edad de trabajar,76.582557622
2009,Quindío,% población en edad de trabajar,77.264055096
2010,Quindío,% población en edad de trabajar,77.935718097
2011,Quindío,% población en edad de trabajar,78.582273018
2012,Quindío,% población en edad de trabajar,79.197022109
2013,Quindío,% población en edad de trabajar,79.765445885
2014,Quindío,% población en edad de trabajar,80.288381699
2015,Quindío,% población en edad de trabajar,80.751489452
2016,Quindío,% población en edad de trabajar,81.145681138
2017,Quindío,% población en edad de trabajar,81.447468747
2018,Quindío,% población en edad de trabajar,81.613338423
2019,Quindío,% población en edad de trabajar,81.682212607
2020,Quindío,% población en edad de trabajar,81.743944313
2021,Quindío,% población en edad de trabajar,81.845055491
2022,Quindío,% población en edad de trabajar,81.917407553
2023,Quindío,% población en edad de trabajar,81.984388011
2024,Quindío,% población en edad de trabajar,82.036373941
2025,Quindío,% población en edad de trabajar,82.120402503
2007,Quindío,Tasa Global de Participación (TGP),59.290899585
2008,Quindío,Tasa Global de Participación (TGP),61.956163422
2009,Quindío,Tasa Global de Participación (TGP),61.307669592
2010,Quindío,Tasa Global de Participación (TGP),63.31364406
2011,Quindío,Tasa Global de Participación (TGP),64.218419901
2012,Quindío,Tasa Global de Participación (TGP),64.275629362
2013,Quindío,Tasa Global de Participación (TGP),64.425808942
2014,Quindío,Tasa Global de Participación (TGP),64.727263357
2015,Quindío,Tasa Global de Participación (TGP),63.777494784
2016,Quindío,Tasa Global de Participación (TGP),64.262722829
2017,Quindío,Tasa Global de Participación (TGP),63.207360162
2018,Quindío,Tasa Global de Participación (TGP),63.041937707
2019,Quindío,Tasa Global de Participación (TGP),61.709173016
2020,Quindío,Tasa Global de Participación (TGP),55.829397016
2021,Quindío,Tasa Global de Participación (TGP),55.256507556
2022,Quindío,Tasa Global de Participación (TGP),57.742631001
2023,Quindío,Tasa Global de Participación (TGP),55.443034644
2024,Quindío,Tasa Global de Participación (TGP),58.20956343
2025,Quindío,Tasa Global de Participación (TGP),60.086020939
2007,Quindío,Tasa de Ocupación (TO),51.152101647
2008,Quindío,Tasa de Ocupación (TO),51.735838785
2009,Quindío,Tasa de Ocupación (TO),49.940604802
2010,Quindío,Tasa de Ocupación (TO),51.847747927
2011,Quindío,Tasa de Ocupación (TO),52.871929476
2012,Quindío,Tasa de Ocupación (TO),54.365625153
2013,Quindío,Tasa de Ocupación (TO),54.215363131
2014,Quindío,Tasa de Ocupación (TO),55.778310608
2015,Quindío,Tasa de Ocupación (TO),55.471398911
2016,Quindío,Tasa de Ocupación (TO),55.045892906
2017,Quindío,Tasa de Ocupación (TO),54.350332376
2018,Quindío,Tasa de Ocupación (TO),53.734224707
2019,Quindío,Tasa de Ocupación (TO),51.880057372
2020,Quindío,Tasa de Ocupación (TO),43.078240026
2021,Quindío,Tasa de Ocupación (TO),46.933068548
2022,Quindío,Tasa de Ocupación (TO),50.050631727
2023,Quindío,Tasa de Ocupación (TO),47.866909692
2024,Quindío,Tasa de Ocupación (TO),50.96724075
2025,Quindío,Tasa de Ocupación (TO),53.889598693
2007,Quindío,Tasa de Desocupación (TD),13.726892314
2008,Quindío,Tasa de Desocupación (TD),16.496057975
2009,Quindío,Tasa de Desocupación (TD),18.541015938
2010,Quindío,Tasa de Desocupación (TD),18.109676521
2011,Quindío,Tasa de Desocupación (TD),17.668591726
2012,Quindío,Tasa de Desocupación (TD),15.417980824
2013,Quindío,Tasa de Desocupación (TD),15.848378125
2014,Quindío,Tasa de Desocupación (TD),13.825631248
2015,Quindío,Tasa de Desocupación (TD),13.023553059
2016,Quindío,Tasa de Desocupación (TD),14.342420484
2017,Quindío,Tasa de Desocupación (TD),14.012652582
2018,Quindío,Tasa de Desocupación (TD),14.764319338
2019,Quindío,Tasa de Desocupación (TD),15.928127317
2020,Quindío,Tasa de Desocupación (TD),22.83950333
2021,Quindío,Tasa de Desocupación (TD),15.063273768
2022,Quindío,Tasa de Desocupación (TD),13.321179069
2023,Quindío,Tasa de Desocupación (TD),13.664701077
2024,Quindío,Tasa de Desocupación (TD),12.441808962
2025,Quindío,Tasa de Desocupación (TD),10.312585439
2007,Quindío,Tasa de Subocupación (TS),9.248789054
2008,Quindío,Tasa de Subocupación (TS),9.593298995
2009,Quindío,Tasa de Subocupación (TS),9.313373346
2010,Quindío,Tasa de Subocupación (TS),13.707045825
2011,Quindío,Tasa de Subocupación (TS),16.309583166
2012,Quindío,Tasa de Subocupación (TS),13.562338819
2013,Quindío,Tasa de Subocupación (TS),14.362241251
2014,Quindío,Tasa de Subocupación (TS),14.39922277
2015,Quindío,Tasa de Subocupación (TS),12.987115604
2016,Quindío,Tasa de Subocupación (TS),13.18529478
2017,Quindío,Tasa de Subocupación (TS),12.242489679
2018,Quindío,Tasa de Subocupación (TS),11.37943543
2019,Quindío,Tasa de Subocupación (TS),10.823590208
2020,Quindío,Tasa de Subocupación (TS),0.0
2021,Quindío,Tasa de Subocupación (TS),8.018552389
2022,Quindío,Tasa de Subocupación (TS),6.301830447
2023,Quindío,Tasa de Subocupación (TS),5.601506354
2024,Quindío,Tasa de Subocupación (TS),5.615433115
2025,Quindío,Tasa de Subocupación (TS),7.764663071
2007,Quindío,Población total,513.764
2008,Quindío,Población total,514.689
2009,Quindío,Población total,515.756
2010,Quindío,Población total,517.284
2011,Quindío,Población total,519.028
2012,Quindío,Población total,520.637
2013,Quindío,Población total,522.097
2014,Quindío,Población total,523.889
2015,Quindío,Población total,526.368
2016,Quindío,Población total,529.746
2017,Quindío,Población total,533.787
2018,Quindío,Población total,539.614
2019,Quindío,Población total,547.517
2020,Quindío,Población total,555.098
2021,Quindío,Población total,562.029
2022,Quindío,Población total,569.485
2023,Quindío,Población total,577.441
2024,Quindío,Población total,585.195
2025,Quindío,Población total,592.716
2007,Quindío,Población en edad de trabajar (PET),389.999
2008,Quindío,Población en edad de trabajar (PET),394.162
2009,Quindío,Población en edad de trabajar (PET),398.494
2010,Quindío,Población en edad de trabajar (PET),403.149
2011,Quindío,Población en edad de trabajar (PET),407.864
2012,Quindío,Población en edad de trabajar (PET),412.329
2013,Quindío,Población en edad de trabajar (PET),416.453
2014,Quindío,Población en edad de trabajar (PET),420.622
2015,Quindío,Población en edad de trabajar (PET),425.05
2016,Quindío,Población en edad de trabajar (PET),429.866
2017,Quindío,Población en edad de trabajar (PET),434.756
2018,Quindío,Población en edad de trabajar (PET),440.397
2019,Quindío,Población en edad de trabajar (PET),447.224
2020,Quindío,Población en edad de trabajar (PET),453.759
2021,Quindío,Población en edad de trabajar (PET),459.993
2022,Quindío,Población en edad de trabajar (PET),466.507
2023,Quindío,Población en edad de trabajar (PET),473.411
2024,Quindío,Población en edad de trabajar (PET),480.072
2025,Quindío,Población en edad de trabajar (PET),486.741
2007,Quindío,Fuerza de trabajo,231.233915
2008,Quindío,Fuerza de trabajo,244.207653
2009,Quindío,Fuerza de trabajo,244.307385
2010,Quindío,Fuerza de trabajo,255.248323
2011,Quindío,Fuerza de trabajo,261.923816
2012,Quindío,Fuerza de trabajo,265.02706
2013,Quindío,Fuerza de trabajo,268.30321399999997
2014,Quindío,Fuerza de trabajo,272.25711
2015,Quindío,Fuerza de trabajo,271.086242
2016,Quindío,Fuerza de trabajo,276.243596
2017,Quindío,Fuerza de trabajo,274.797791
2018,Quindío,Fuerza de trabajo,277.63480200000004
2019,Quindío,Fuerza de trabajo,275.978232
2020,Quindío,Fuerza de trabajo,253.33091399999998
2021,Quindío,Fuerza de trabajo,254.176
2022,Quindío,Fuerza de trabajo,269.374
2023,Quindío,Fuerza de trabajo,262.474
2024,Quindío,Fuerza de trabajo,279.448
2025,Quindío,Fuerza de trabajo,292.463
2007,Quindío,Población ocupada,199.492685
2008,Quindío,Población ocupada,203.923017
2009,Quindío,Población ocupada,199.01031400000002
2010,Quindío,Población ocupada,209.023677
2011,Quindío,Población ocupada,215.645566
2012,Quindío,Población ocupada,224.165239
2013,Quindío,Población ocupada,225.781506
2014,Quindío,Población ocupada,234.61584599999998
2015,Quindío,Población ocupada,235.781181
2016,Quindío,Población ocupada,236.623578
2017,Quindío,Población ocupada,236.291331
2018,Quindío,Población ocupada,236.643914
2019,Quindío,Población ocupada,232.020068
2020,Quindío,Población ocupada,195.471391
2021,Quindío,Población ocupada,215.889
2022,Quindío,Población ocupada,233.49
2023,Quindío,Población ocupada,226.607
2024,Quindío,Población ocupada,244.68
2025,Quindío,Población ocupada,262.303
2007,Quindío,Población desocupada,31.741231
2008,Quindío,Población desocupada,40.284636
2009,Quindío,Población desocupada,45.297071
2010,Quindío,Población desocupada,46.224646
2011,Quindío,Población desocupada,46.27825
2012,Quindío,Población desocupada,40.861821000000006
2013,Quindío,Población desocupada,42.521708
2014,Quindío,Población desocupada,37.641264
2015,Quindío,Población desocupada,35.305061
2016,Quindío,Población desocupada,39.620017999999995
2017,Quindío,Población desocupada,38.50646
2018,Quindío,Población desocupada,40.990889
2019,Quindío,Población desocupada,43.958164
2020,Quindío,Población desocupada,57.859522
2021,Quindío,Población desocupada,38.287
2022,Quindío,Población desocupada,35.884
2023,Quindío,Población desocupada,35.866
2024,Quindío,Población desocupada,34.768
2025,Quindío,Población desocupada,30.161
2007,Quindío,Población fuera de la fuerza de trabajo,158.765085
2008,Quindío,Población fuera de la fuerza de trabajo,149.954347
2009,Quindío,Población fuera de la fuerza de trabajo,154.186615
2010,Quindío,Población fuera de la fuerza de trabajo,147.900677
2011,Quindío,Población fuera de la fuerza de trabajo,145.94018400000002
2012,Quindío,Población fuera de la fuerza de trabajo,147.30194
2013,Quindío,Población fuera de la fuerza de trabajo,148.149786
2014,Quindío,Población fuera de la fuerza de trabajo,148.36489
2015,Quindío,Población fuera de la fuerza de trabajo,153.963758
2016,Quindío,Población fuera de la fuerza de trabajo,153.62240400000002
2017,Quindío,Población fuera de la fuerza de trabajo,159.958209
2018,Quindío,Población fuera de la fuerza de trabajo,162.762198
2019,Quindío,Población fuera de la fuerza de trabajo,171.245768
2020,Quindío,Población fuera de la fuerza de trabajo,200.428086
2021,Quindío,Población fuera de la fuerza de trabajo,205.817
2022,Quindío,Población fuera de la fuerza de trabajo,197.134
2023,Quindío,Población fuera de la fuerza de trabajo,210.938
2024,Quindío,Población fuera de la fuerza de trabajo,200.624
2025,Quindío,Población fuera de la fuerza de trabajo,194.278
2007,Quindío,Población subocupada,21.386337
2008,Quindío,Población subocupada,23.42757
2009,Quindío,Población subocupada,22.753259
2010,Quindío,Población subocupada,34.987004999999996
2011,Quindío,Población subocupada,42.718683
2012,Quindío,Población subocupada,35.943868
2013,Quindío,Población subocupada,38.534355000000005
2014,Quindío,Población subocupada,39.202908
2015,Quindío,Población subocupada,35.206284
2016,Quindío,Población subocupada,36.423532
2017,Quindío,Población subocupada,33.642091
2018,Quindío,Población subocupada,31.593273
2019,Quindío,Población subocupada,29.870753
2020,Quindío,Población subocupada,0.0
2021,Quindío,Población subocupada,20.381
2022,Quindío,Población subocupada,16.975
2023,Quindío,Población subocupada,14.702
2024,Quindío,Población subocupada,15.692
2025,Quindío,Población subocupada,22.709
2007,Quindío,Fuerza de trabajo potencial,0.0
2008,Quindío,Fuerza de trabajo potencial,0.0
2009,Quindío,Fuerza de trabajo potencial,0.0
2010,Quindío,Fuerza de trabajo potencial,0.0
2011,Quindío,Fuerza de trabajo potencial,0.0
2012,Quindío,Fuerza de trabajo potencial,0.0
2013,Quindío,Fuerza de trabajo potencial,0.0
2014,Quindío,Fuerza de trabajo potencial,0.0
2015,Quindío,Fuerza de trabajo potencial,0.0
2016,Quindío,Fuerza de trabajo potencial,0.0
2017,Quindío,Fuerza de trabajo potencial,0.0
2018,Quindío,Fuerza de trabajo potencial,0.0
2019,Quindío,Fuerza de trabajo potencial,0.0
2020,Quindío,Fuerza de trabajo potencial,0.0
2021,Quindío,Fuerza de trabajo potencial,14.097
2022,Quindío,Fuerza de trabajo potencial,14.42
2023,Quindío,Fuerza de trabajo potencial,18.562
2024,Quindío,Fuerza de trabajo potencial,21.011
2025,Quindío,Fuerza de trabajo potencial,26.884
2007,Risaralda,% población en edad de trabajar,74.756187529
2008,Risaralda,% población en edad de trabajar,75.367069032
2009,Risaralda,% población en edad de trabajar,75.961587719
2010,Risaralda,% población en edad de trabajar,76.534408794
2011,Risaralda,% población en edad de trabajar,77.07949812
2012,Risaralda,% población en edad de trabajar,77.591046858
2013,Risaralda,% población en edad de trabajar,78.069826592
2014,Risaralda,% población en edad de trabajar,78.512182619
2015,Risaralda,% población en edad de trabajar,78.922820126
2016,Risaralda,% población en edad de trabajar,79.278576058
2017,Risaralda,% población en edad de trabajar,79.560648555
2018,Risaralda,% población en edad de trabajar,79.763342598
2019,Risaralda,% población en edad de trabajar,79.975319015
2020,Risaralda,% población en edad de trabajar,80.176221083
2021,Risaralda,% población en edad de trabajar,80.400552369
2022,Risaralda,% población en edad de trabajar,80.596924103
2023,Risaralda,% población en edad de trabajar,80.779850459
2024,Risaralda,% población en edad de trabajar,80.971115155
2025,Risaralda,% población en edad de trabajar,81.166657104
2007,Risaralda,Tasa Global de Participación (TGP),60.216618423
2008,Risaralda,Tasa Global de Participación (TGP),61.442162602
2009,Risaralda,Tasa Global de Participación (TGP),67.319787808
2010,Risaralda,Tasa Global de Participación (TGP),67.013204264
2011,Risaralda,Tasa Global de Participación (TGP),67.400736738
2012,Risaralda,Tasa Global de Participación (TGP),67.404889129
2013,Risaralda,Tasa Global de Participación (TGP),63.495076291
2014,Risaralda,Tasa Global de Participación (TGP),64.504190827
2015,Risaralda,Tasa Global de Participación (TGP),64.569042587
2016,Risaralda,Tasa Global de Participación (TGP),65.248023354
2017,Risaralda,Tasa Global de Participación (TGP),64.330289057
2018,Risaralda,Tasa Global de Participación (TGP),64.159235215
2019,Risaralda,Tasa Global de Participación (TGP),61.969236768
2020,Risaralda,Tasa Global de Participación (TGP),57.243335767
2021,Risaralda,Tasa Global de Participación (TGP),56.625479418
2022,Risaralda,Tasa Global de Participación (TGP),58.474208869
2023,Risaralda,Tasa Global de Participación (TGP),58.627604457
2024,Risaralda,Tasa Global de Participación (TGP),59.862467027
2025,Risaralda,Tasa Global de Participación (TGP),60.528826832
2007,Risaralda,Tasa de Ocupación (TO),53.165876276
2008,Risaralda,Tasa de Ocupación (TO),53.779376702
2009,Risaralda,Tasa de Ocupación (TO),55.358215449
2010,Risaralda,Tasa de Ocupación (TO),54.908513727
2011,Risaralda,Tasa de Ocupación (TO),57.390103824
2012,Risaralda,Tasa de Ocupación (TO),57.365545306
2013,Risaralda,Tasa de Ocupación (TO),55.279676858
2014,Risaralda,Tasa de Ocupación (TO),56.475906577
2015,Risaralda,Tasa de Ocupación (TO),57.511135158
2016,Risaralda,Tasa de Ocupación (TO),59.014658528
2017,Risaralda,Tasa de Ocupación (TO),59.039142704
2018,Risaralda,Tasa de Ocupación (TO),59.048031199
2019,Risaralda,Tasa de Ocupación (TO),57.097479138
2020,Risaralda,Tasa de Ocupación (TO),48.913318816
2021,Risaralda,Tasa de Ocupación (TO),48.934750835
2022,Risaralda,Tasa de Ocupación (TO),52.255450797
2023,Risaralda,Tasa de Ocupación (TO),53.494834437
2024,Risaralda,Tasa de Ocupación (TO),54.077898198
2025,Risaralda,Tasa de Ocupación (TO),55.755644552
2007,Risaralda,Tasa de Desocupación (TD),11.708963957
2008,Risaralda,Tasa de Desocupación (TD),12.471543277
2009,Risaralda,Tasa de Desocupación (TD),17.76828589
2010,Risaralda,Tasa de Desocupación (TD),18.063142437
2011,Risaralda,Tasa de Desocupación (TD),14.852408739
2012,Risaralda,Tasa de Desocupación (TD),14.894088474
2013,Risaralda,Tasa de Desocupación (TD),12.938640148
2014,Risaralda,Tasa de Desocupación (TD),12.446143649
2015,Risaralda,Tasa de Desocupación (TD),10.930791516
2016,Risaralda,Tasa de Desocupación (TD),9.553338946
2017,Risaralda,Tasa de Desocupación (TD),8.224969032
2018,Risaralda,Tasa de Desocupación (TD),7.966435383
2019,Risaralda,Tasa de Desocupación (TD),7.861574363
2020,Risaralda,Tasa de Desocupación (TD),14.55194188
2021,Risaralda,Tasa de Desocupación (TD),13.581745643
2022,Risaralda,Tasa de Desocupación (TD),10.635044393
2023,Risaralda,Tasa de Desocupación (TD),8.754869088
2024,Risaralda,Tasa de Desocupación (TD),9.663097958
2025,Risaralda,Tasa de Desocupación (TD),7.885800089
2007,Risaralda,Tasa de Subocupación (TS),6.841578274
2008,Risaralda,Tasa de Subocupación (TS),9.008546354
2009,Risaralda,Tasa de Subocupación (TS),10.615430098
2010,Risaralda,Tasa de Subocupación (TS),11.596341724
2011,Risaralda,Tasa de Subocupación (TS),11.396007167
2012,Risaralda,Tasa de Subocupación (TS),12.228928459
2013,Risaralda,Tasa de Subocupación (TS),8.66119129
2014,Risaralda,Tasa de Subocupación (TS),8.083817066
2015,Risaralda,Tasa de Subocupación (TS),8.230865279
2016,Risaralda,Tasa de Subocupación (TS),7.287472807
2017,Risaralda,Tasa de Subocupación (TS),7.317536559
2018,Risaralda,Tasa de Subocupación (TS),5.755244618
2019,Risaralda,Tasa de Subocupación (TS),5.493752346
2020,Risaralda,Tasa de Subocupación (TS),0.0
2021,Risaralda,Tasa de Subocupación (TS),6.451916917
2022,Risaralda,Tasa de Subocupación (TS),5.536689134
2023,Risaralda,Tasa de Subocupación (TS),5.981251113
2024,Risaralda,Tasa de Subocupación (TS),4.892514561
2025,Risaralda,Tasa de Subocupación (TS),5.042975384
2007,Risaralda,Población total,889.208
2008,Risaralda,Población total,893.633
2009,Risaralda,Población total,897.942
2010,Risaralda,Población total,902.807
2011,Risaralda,Población total,907.707
2012,Risaralda,Población total,911.948
2013,Risaralda,Población total,915.296
2014,Risaralda,Población total,918.809
2015,Risaralda,Población total,923.207
2016,Risaralda,Población total,928.802
2017,Risaralda,Población total,934.878
2018,Risaralda,Población total,943.051
2019,Risaralda,Población total,952.15
2020,Risaralda,Población total,960.725
2021,Risaralda,Población total,968.617
2022,Risaralda,Población total,977.802
2023,Risaralda,Población total,988.066
2024,Risaralda,Población total,998.153
2025,Risaralda,Población total,1007.997
2007,Risaralda,Población en edad de trabajar (PET),664.738
2008,Risaralda,Población en edad de trabajar (PET),673.505
2009,Risaralda,Población en edad de trabajar (PET),682.091
2010,Risaralda,Población en edad de trabajar (PET),690.958
2011,Risaralda,Población en edad de trabajar (PET),699.656
2012,Risaralda,Población en edad de trabajar (PET),707.59
2013,Risaralda,Población en edad de trabajar (PET),714.57
2014,Risaralda,Población en edad de trabajar (PET),721.377
2015,Risaralda,Población en edad de trabajar (PET),728.621
2016,Risaralda,Población en edad de trabajar (PET),736.341
2017,Risaralda,Población en edad de trabajar (PET),743.795
2018,Risaralda,Población en edad de trabajar (PET),752.209
2019,Risaralda,Población en edad de trabajar (PET),761.485
2020,Risaralda,Población en edad de trabajar (PET),770.273
2021,Risaralda,Población en edad de trabajar (PET),778.773
2022,Risaralda,Población en edad de trabajar (PET),788.078
2023,Risaralda,Población en edad de trabajar (PET),798.158
2024,Risaralda,Población en edad de trabajar (PET),808.216
2025,Risaralda,Población en edad de trabajar (PET),818.157
2007,Risaralda,Fuerza de trabajo,400.282745
2008,Risaralda,Fuerza de trabajo,413.816037
2009,Risaralda,Fuerza de trabajo,459.182214
2010,Risaralda,Fuerza de trabajo,463.033096
2011,Risaralda,Fuerza de trabajo,471.573299
2012,Risaralda,Fuerza de trabajo,476.950255
2013,Risaralda,Fuerza de trabajo,453.716767
2014,Risaralda,Fuerza de trabajo,465.318397
2015,Risaralda,Fuerza de trabajo,470.463604
2016,Risaralda,Fuerza de trabajo,480.447948
2017,Risaralda,Fuerza de trabajo,478.485473
2018,Risaralda,Fuerza de trabajo,482.61154200000004
2019,Risaralda,Fuerza de trabajo,471.88644300000004
2020,Risaralda,Fuerza de trabajo,440.92996
2021,Risaralda,Fuerza de trabajo,440.984
2022,Risaralda,Fuerza de trabajo,460.822
2023,Risaralda,Fuerza de trabajo,467.941
2024,Risaralda,Fuerza de trabajo,483.818
2025,Risaralda,Fuerza de trabajo,495.221
2007,Risaralda,Población ocupada,353.413783
2008,Risaralda,Población ocupada,362.206791
2009,Risaralda,Población ocupada,377.593405
2010,Risaralda,Población ocupada,379.394768
2011,Risaralda,Población ocupada,401.533305
2012,Risaralda,Población ocupada,405.912862
2013,Risaralda,Población ocupada,395.01198700000003
2014,Risaralda,Población ocupada,407.404201
2015,Risaralda,Población ocupada,419.038208
2016,Risaralda,Población ocupada,434.549127
2017,Risaralda,Población ocupada,439.13019099999997
2018,Risaralda,Población ocupada,444.164605
2019,Risaralda,Población ocupada,434.788739
2020,Risaralda,Población ocupada,376.76608799999997
2021,Risaralda,Población ocupada,381.091
2022,Risaralda,Población ocupada,411.814
2023,Risaralda,Población ocupada,426.973
2024,Risaralda,Población ocupada,437.066
2025,Risaralda,Población ocupada,456.169
2007,Risaralda,Población desocupada,46.868961999999996
2008,Risaralda,Población desocupada,51.609246
2009,Risaralda,Población desocupada,81.588809
2010,Risaralda,Población desocupada,83.63832799999999
2011,Risaralda,Población desocupada,70.03999400000001
2012,Risaralda,Población desocupada,71.037393
2013,Risaralda,Población desocupada,58.70478
2014,Risaralda,Población desocupada,57.914196000000004
2015,Risaralda,Población desocupada,51.425396
2016,Risaralda,Población desocupada,45.898821000000005
2017,Risaralda,Población desocupada,39.355282
2018,Risaralda,Población desocupada,38.446937
2019,Risaralda,Población desocupada,37.097704
2020,Risaralda,Población desocupada,64.163871
2021,Risaralda,Población desocupada,59.893
2022,Risaralda,Población desocupada,49.009
2023,Risaralda,Población desocupada,40.968
2024,Risaralda,Población desocupada,46.752
2025,Risaralda,Población desocupada,39.052
2007,Risaralda,Población fuera de la fuerza de trabajo,264.455255
2008,Risaralda,Población fuera de la fuerza de trabajo,259.688963
2009,Risaralda,Población fuera de la fuerza de trabajo,222.908786
2010,Risaralda,Población fuera de la fuerza de trabajo,227.924904
2011,Risaralda,Población fuera de la fuerza de trabajo,228.08270100000001
2012,Risaralda,Población fuera de la fuerza de trabajo,230.639745
2013,Risaralda,Población fuera de la fuerza de trabajo,260.853233
2014,Risaralda,Población fuera de la fuerza de trabajo,256.058603
2015,Risaralda,Población fuera de la fuerza de trabajo,258.157396
2016,Risaralda,Población fuera de la fuerza de trabajo,255.89305199999998
2017,Risaralda,Población fuera de la fuerza de trabajo,265.309527
2018,Risaralda,Población fuera de la fuerza de trabajo,269.59745799999996
2019,Risaralda,Población fuera de la fuerza de trabajo,289.59855699999997
2020,Risaralda,Población fuera de la fuerza de trabajo,329.34304
2021,Risaralda,Población fuera de la fuerza de trabajo,337.789
2022,Risaralda,Población fuera de la fuerza de trabajo,327.256
2023,Risaralda,Población fuera de la fuerza de trabajo,330.217
2024,Risaralda,Población fuera de la fuerza de trabajo,324.398
2025,Risaralda,Población fuera de la fuerza de trabajo,322.936
2007,Risaralda,Población subocupada,27.385657
2008,Risaralda,Población subocupada,37.27881
2009,Risaralda,Población subocupada,48.744167000000004
2010,Risaralda,Población subocupada,53.694900000000004
2011,Risaralda,Población subocupada,53.740527
2012,Risaralda,Población subocupada,58.325905
2013,Risaralda,Población subocupada,39.297277
2014,Risaralda,Población subocupada,37.615488
2015,Risaralda,Población subocupada,38.723225
2016,Risaralda,Población subocupada,35.012514
2017,Risaralda,Población subocupada,35.013349000000005
2018,Risaralda,Población subocupada,27.775475
2019,Risaralda,Población subocupada,25.924273
2020,Risaralda,Población subocupada,0.0
2021,Risaralda,Población subocupada,28.452
2022,Risaralda,Población subocupada,25.514
2023,Risaralda,Población subocupada,27.989
2024,Risaralda,Población subocupada,23.671
2025,Risaralda,Población subocupada,24.974
2007,Risaralda,Fuerza de trabajo potencial,0.0
2008,Risaralda,Fuerza de trabajo potencial,0.0
2009,Risaralda,Fuerza de trabajo potencial,0.0
2010,Risaralda,Fuerza de trabajo potencial,0.0
2011,Risaralda,Fuerza de trabajo potencial,0.0
2012,Risaralda,Fuerza de trabajo potencial,0.0
2013,Risaralda,Fuerza de trabajo potencial,0.0
2014,Risaralda,Fuerza de trabajo potencial,0.0
2015,Risaralda,Fuerza de trabajo potencial,0.0
2016,Risaralda,Fuerza de trabajo potencial,0.0
2017,Risaralda,Fuerza de trabajo potencial,0.0
2018,Risaralda,Fuerza de trabajo potencial,0.0
2019,Risaralda,Fuerza de trabajo potencial,0.0
2020,Risaralda,Fuerza de trabajo potencial,0.0
2021,Risaralda,Fuerza de trabajo potencial,15.677
2022,Risaralda,Fuerza de trabajo potencial,16.848
2023,Risaralda,Fuerza de trabajo potencial,16.142
2024,Risaralda,Fuerza de trabajo potencial,18.852
2025,Risaralda,Fuerza de trabajo potencial,18.272
2007,Santander,% población en edad de trabajar,72.856172305
2008,Santander,% población en edad de trabajar,73.351379668
2009,Santander,% población en edad de trabajar,73.856824543
2010,Santander,% población en edad de trabajar,74.372444538
2011,Santander,% población en edad de trabajar,74.886778888
2012,Santander,% población en edad de trabajar,75.381985229
2013,Santander,% población en edad de trabajar,75.843727563
2014,Santander,% población en edad de trabajar,76.274110952
2015,Santander,% población en edad de trabajar,76.668703693
2016,Santander,% población en edad de trabajar,77.022265031
2017,Santander,% población en edad de trabajar,77.335104008
2018,Santander,% población en edad de trabajar,77.591190388
2019,Santander,% población en edad de trabajar,77.744712885
2020,Santander,% población en edad de trabajar,77.912776822
2021,Santander,% población en edad de trabajar,78.116446258
2022,Santander,% población en edad de trabajar,78.365623312
2023,Santander,% población en edad de trabajar,78.601966639
2024,Santander,% población en edad de trabajar,78.995389595
2025,Santander,% población en edad de trabajar,79.278337969
2007,Santander,Tasa Global de Participación (TGP),62.00980377
2008,Santander,Tasa Global de Participación (TGP),63.944775046
2009,Santander,Tasa Global de Participación (TGP),69.390743034
2010,Santander,Tasa Global de Participación (TGP),70.551226502
2011,Santander,Tasa Global de Participación (TGP),70.426200708
2012,Santander,Tasa Global de Participación (TGP),70.766363099
2013,Santander,Tasa Global de Participación (TGP),69.755646748
2014,Santander,Tasa Global de Participación (TGP),68.666413443
2015,Santander,Tasa Global de Participación (TGP),67.550164598
2016,Santander,Tasa Global de Participación (TGP),66.794524507
2017,Santander,Tasa Global de Participación (TGP),64.968010773
2018,Santander,Tasa Global de Participación (TGP),64.608768885
2019,Santander,Tasa Global de Participación (TGP),62.778092088
2020,Santander,Tasa Global de Participación (TGP),57.80024088
2021,Santander,Tasa Global de Participación (TGP),57.730448927
2022,Santander,Tasa Global de Participación (TGP),61.483922824
2023,Santander,Tasa Global de Participación (TGP),63.866287877
2024,Santander,Tasa Global de Participación (TGP),62.79658483
2025,Santander,Tasa Global de Participación (TGP),62.834599502
2007,Santander,Tasa de Ocupación (TO),55.751199885
2008,Santander,Tasa de Ocupación (TO),58.476843257
2009,Santander,Tasa de Ocupación (TO),63.912514506
2010,Santander,Tasa de Ocupación (TO),64.161104565
2011,Santander,Tasa de Ocupación (TO),64.861621024
2012,Santander,Tasa de Ocupación (TO),65.006936159
2013,Santander,Tasa de Ocupación (TO),64.32920214
2014,Santander,Tasa de Ocupación (TO),63.793450004
2015,Santander,Tasa de Ocupación (TO),62.644194313
2016,Santander,Tasa de Ocupación (TO),61.446917022
2017,Santander,Tasa de Ocupación (TO),60.010925693
2018,Santander,Tasa de Ocupación (TO),58.936770139
2019,Santander,Tasa de Ocupación (TO),56.005354773
2020,Santander,Tasa de Ocupación (TO),48.227535703
2021,Santander,Tasa de Ocupación (TO),50.285917532
2022,Santander,Tasa de Ocupación (TO),54.915046996
2023,Santander,Tasa de Ocupación (TO),57.157630789
2024,Santander,Tasa de Ocupación (TO),55.872481422
2025,Santander,Tasa de Ocupación (TO),56.486131331
2007,Santander,Tasa de Desocupación (TD),10.092926449
2008,Santander,Tasa de Desocupación (TD),8.55102201
2009,Santander,Tasa de Desocupación (TD),7.894754097
2010,Santander,Tasa de Desocupación (TD),9.05742147
2011,Santander,Tasa de Desocupación (TD),7.901291889
2012,Santander,Tasa de Desocupación (TD),8.138650466
2013,Santander,Tasa de Desocupación (TD),7.779219119
2014,Santander,Tasa de Desocupación (TD),7.096574868
2015,Santander,Tasa de Desocupación (TD),7.262706633
2016,Santander,Tasa de Desocupación (TD),8.006056671
2017,Santander,Tasa de Desocupación (TD),7.630039801
2018,Santander,Tasa de Desocupación (TD),8.778992145
2019,Santander,Tasa de Desocupación (TD),10.788377107
2020,Santander,Tasa de Desocupación (TD),16.561704642
2021,Santander,Tasa de Desocupación (TD),12.895329126
2022,Santander,Tasa de Desocupación (TD),10.683891864
2023,Santander,Tasa de Desocupación (TD),10.504222668
2024,Santander,Tasa de Desocupación (TD),11.026241995
2025,Santander,Tasa de Desocupación (TD),10.103459274
2007,Santander,Tasa de Subocupación (TS),6.085337882
2008,Santander,Tasa de Subocupación (TS),5.86993116
2009,Santander,Tasa de Subocupación (TS),8.7326082
2010,Santander,Tasa de Subocupación (TS),10.617521517
2011,Santander,Tasa de Subocupación (TS),9.896230488
2012,Santander,Tasa de Subocupación (TS),9.847371996
2013,Santander,Tasa de Subocupación (TS),9.956560243
2014,Santander,Tasa de Subocupación (TS),8.757335184
2015,Santander,Tasa de Subocupación (TS),9.02604554
2016,Santander,Tasa de Subocupación (TS),9.29280033
2017,Santander,Tasa de Subocupación (TS),8.171965208
2018,Santander,Tasa de Subocupación (TS),7.496600372
2019,Santander,Tasa de Subocupación (TS),9.330049824
2020,Santander,Tasa de Subocupación (TS),0.0
2021,Santander,Tasa de Subocupación (TS),5.629642481
2022,Santander,Tasa de Subocupación (TS),6.316028098
2023,Santander,Tasa de Subocupación (TS),4.379358503
2024,Santander,Tasa de Subocupación (TS),4.266377745
2025,Santander,Tasa de Subocupación (TS),3.852640738
2007,Santander,Población total,1928.21
2008,Santander,Población total,1950.904
2009,Santander,Población total,1973.341
2010,Santander,Población total,1995.481
2011,Santander,Población total,2016.85
2012,Santander,Población total,2037.317
2013,Santander,Población total,2057.151
2014,Santander,Población total,2076.546
2015,Santander,Población total,2096.193
2016,Santander,Población total,2118.973
2017,Santander,Población total,2145.322
2018,Santander,Población total,2183.07
2019,Santander,Población total,2235.671
2020,Santander,Población total,2279.44
2021,Santander,Población total,2311.905
2022,Santander,Población total,2323.984
2023,Santander,Población total,2340.677
2024,Santander,Población total,2356.535
2025,Santander,Población total,2371.941
2007,Santander,Población en edad de trabajar (PET),1404.82
2008,Santander,Población en edad de trabajar (PET),1431.015
2009,Santander,Población en edad de trabajar (PET),1457.447
2010,Santander,Población en edad de trabajar (PET),1484.088
2011,Santander,Población en edad de trabajar (PET),1510.354
2012,Santander,Población en edad de trabajar (PET),1535.77
2013,Santander,Población en edad de trabajar (PET),1560.22
2014,Santander,Población en edad de trabajar (PET),1583.867
2015,Santander,Población en edad de trabajar (PET),1607.124
2016,Santander,Población en edad de trabajar (PET),1632.081
2017,Santander,Población en edad de trabajar (PET),1659.087
2018,Santander,Población en edad de trabajar (PET),1693.87
2019,Santander,Población en edad de trabajar (PET),1738.116
2020,Santander,Población en edad de trabajar (PET),1775.975
2021,Santander,Población en edad de trabajar (PET),1805.978
2022,Santander,Población en edad de trabajar (PET),1821.204
2023,Santander,Población en edad de trabajar (PET),1839.818
2024,Santander,Población en edad de trabajar (PET),1861.554
2025,Santander,Población en edad de trabajar (PET),1880.436
2007,Santander,Fuerza de trabajo,871.126125
2008,Santander,Fuerza de trabajo,915.059323
2009,Santander,Fuerza de trabajo,1011.333303
2010,Santander,Fuerza de trabajo,1047.0422859999999
2011,Santander,Fuerza de trabajo,1063.684939
2012,Santander,Fuerza de trabajo,1086.808575
2013,Santander,Fuerza de trabajo,1088.3415519999999
2014,Santander,Fuerza de trabajo,1087.5846629999999
2015,Santander,Fuerza de trabajo,1085.614907
2016,Santander,Fuerza de trabajo,1090.140744
2017,Santander,Fuerza de trabajo,1077.875821
2018,Santander,Fuerza de trabajo,1094.388554
2019,Santander,Fuerza de trabajo,1091.1560630000001
2020,Santander,Fuerza de trabajo,1026.517828
2021,Santander,Fuerza de trabajo,1042.599
2022,Santander,Fuerza de trabajo,1119.748
2023,Santander,Fuerza de trabajo,1175.024
2024,Santander,Fuerza de trabajo,1168.993
2025,Santander,Fuerza de trabajo,1181.564
2007,Santander,Población ocupada,783.204006
2008,Santander,Población ocupada,836.812399
2009,Santander,Población ocupada,931.491025
2010,Santander,Población ocupada,952.2072539999999
2011,Santander,Población ocupada,979.640088
2012,Santander,Población ocupada,998.357023
2013,Santander,Población ocupada,1003.6770779999999
2014,Santander,Población ocupada,1010.403403
2015,Santander,Población ocupada,1006.769881
2016,Santander,Población ocupada,1002.863458
2017,Santander,Población ocupada,995.633467
2018,Santander,Población ocupada,998.312268
2019,Santander,Población ocupada,973.438032
2020,Santander,Población ocupada,856.508977
2021,Santander,Población ocupada,908.153
2022,Santander,Población ocupada,1000.115
2023,Santander,Población ocupada,1051.597
2024,Santander,Población ocupada,1040.097
2025,Santander,Población ocupada,1062.185
2007,Santander,Población desocupada,87.92211900000001
2008,Santander,Población desocupada,78.24692399999999
2009,Santander,Población desocupada,79.842277
2010,Santander,Población desocupada,94.835033
2011,Santander,Población desocupada,84.044852
2012,Santander,Población desocupada,88.45155100000001
2013,Santander,Población desocupada,84.664474
2014,Santander,Población desocupada,77.18126
2015,Santander,Población desocupada,78.845026
2016,Santander,Población desocupada,87.27728599999999
2017,Santander,Población desocupada,82.242354
2018,Santander,Población desocupada,96.076285
2019,Santander,Población desocupada,117.718031
2020,Santander,Población desocupada,170.008851
2021,Santander,Población desocupada,134.447
2022,Santander,Población desocupada,119.633
2023,Santander,Población desocupada,123.427
2024,Santander,Población desocupada,128.896
2025,Santander,Población desocupada,119.379
2007,Santander,Población fuera de la fuerza de trabajo,533.693875
2008,Santander,Población fuera de la fuerza de trabajo,515.955677
2009,Santander,Población fuera de la fuerza de trabajo,446.113697
2010,Santander,Población fuera de la fuerza de trabajo,437.045714
2011,Santander,Población fuera de la fuerza de trabajo,446.669061
2012,Santander,Población fuera de la fuerza de trabajo,448.96142499999996
2013,Santander,Población fuera de la fuerza de trabajo,471.878448
2014,Santander,Población fuera de la fuerza de trabajo,496.282337
2015,Santander,Población fuera de la fuerza de trabajo,521.509093
2016,Santander,Población fuera de la fuerza de trabajo,541.9402560000001
2017,Santander,Población fuera de la fuerza de trabajo,581.211179
2018,Santander,Población fuera de la fuerza de trabajo,599.481446
2019,Santander,Población fuera de la fuerza de trabajo,646.9599370000001
2020,Santander,Población fuera de la fuerza de trabajo,749.457172
2021,Santander,Población fuera de la fuerza de trabajo,763.379
2022,Santander,Población fuera de la fuerza de trabajo,701.456
2023,Santander,Población fuera de la fuerza de trabajo,664.795
2024,Santander,Población fuera de la fuerza de trabajo,692.562
2025,Santander,Población fuera de la fuerza de trabajo,698.871
2007,Santander,Población subocupada,53.010968
2008,Santander,Población subocupada,53.713352
2009,Santander,Población subocupada,88.31577499999999
2010,Santander,Población subocupada,111.16994
2011,Santander,Población subocupada,105.264713
2012,Santander,Población subocupada,107.022083
2013,Santander,Población subocupada,108.36138199999999
2014,Santander,Población subocupada,95.243434
2015,Santander,Población subocupada,97.988096
2016,Santander,Población subocupada,101.304603
2017,Santander,Población subocupada,88.083637
2018,Santander,Población subocupada,82.041936
2019,Santander,Población subocupada,101.805404
2020,Santander,Población subocupada,0.0
2021,Santander,Población subocupada,58.695
2022,Santander,Población subocupada,70.724
2023,Santander,Población subocupada,51.459
2024,Santander,Población subocupada,49.874
2025,Santander,Población subocupada,45.521
2007,Santander,Fuerza de trabajo potencial,0.0
2008,Santander,Fuerza de trabajo potencial,0.0
2009,Santander,Fuerza de trabajo potencial,0.0
2010,Santander,Fuerza de trabajo potencial,0.0
2011,Santander,Fuerza de trabajo potencial,0.0
2012,Santander,Fuerza de trabajo potencial,0.0
2013,Santander,Fuerza de trabajo potencial,0.0
2014,Santander,Fuerza de trabajo potencial,0.0
2015,Santander,Fuerza de trabajo potencial,0.0
2016,Santander,Fuerza de trabajo potencial,0.0
2017,Santander,Fuerza de trabajo potencial,0.0
2018,Santander,Fuerza de trabajo potencial,0.0
2019,Santander,Fuerza de trabajo potencial,0.0
2020,Santander,Fuerza de trabajo potencial,0.0
2021,Santander,Fuerza de trabajo potencial,27.772
2022,Santander,Fuerza de trabajo potencial,46.675
2023,Santander,Fuerza de trabajo potencial,29.799
2024,Santander,Fuerza de trabajo potencial,31.453
2025,Santander,Fuerza de trabajo potencial,31.2
2007,Sucre,% población en edad de trabajar,68.747985881
2008,Sucre,% población en edad de trabajar,69.086300564
2009,Sucre,% población en edad de trabajar,69.410643923
2010,Sucre,% población en edad de trabajar,69.71876078
2011,Sucre,% población en edad de trabajar,70.023129007
2012,Sucre,% población en edad de trabajar,70.343212007
2013,Sucre,% población en edad de trabajar,70.697470528
2014,Sucre,% población en edad de trabajar,71.078221394
2015,Sucre,% población en edad de trabajar,71.487595208
2016,Sucre,% población en edad de trabajar,71.91060813
2017,Sucre,% población en edad de trabajar,72.325421164
2018,Sucre,% población en edad de trabajar,72.695963388
2019,Sucre,% población en edad de trabajar,73.031929564
2020,Sucre,% población en edad de trabajar,73.350586102
2021,Sucre,% población en edad de trabajar,73.67663711
2022,Sucre,% población en edad de trabajar,73.987626915
2023,Sucre,% población en edad de trabajar,74.292512102
2024,Sucre,% población en edad de trabajar,74.59927013
2025,Sucre,% población en edad de trabajar,74.930061523
2007,Sucre,Tasa Global de Participación (TGP),58.789931555
2008,Sucre,Tasa Global de Participación (TGP),55.945745489
2009,Sucre,Tasa Global de Participación (TGP),58.190937764
2010,Sucre,Tasa Global de Participación (TGP),59.972754528
2011,Sucre,Tasa Global de Participación (TGP),61.517131052
2012,Sucre,Tasa Global de Participación (TGP),65.751889291
2013,Sucre,Tasa Global de Participación (TGP),65.408849008
2014,Sucre,Tasa Global de Participación (TGP),65.922240059
2015,Sucre,Tasa Global de Participación (TGP),64.216253858
2016,Sucre,Tasa Global de Participación (TGP),66.701110482
2017,Sucre,Tasa Global de Participación (TGP),66.269921406
2018,Sucre,Tasa Global de Participación (TGP),68.380083013
2019,Sucre,Tasa Global de Participación (TGP),66.986561982
2020,Sucre,Tasa Global de Participación (TGP),61.512548644
2021,Sucre,Tasa Global de Participación (TGP),59.976814537
2022,Sucre,Tasa Global de Participación (TGP),59.172740547
2023,Sucre,Tasa Global de Participación (TGP),57.533560765
2024,Sucre,Tasa Global de Participación (TGP),58.11967911
2025,Sucre,Tasa Global de Participación (TGP),63.699263743
2007,Sucre,Tasa de Ocupación (TO),51.867485784
2008,Sucre,Tasa de Ocupación (TO),50.166151143
2009,Sucre,Tasa de Ocupación (TO),52.543779692
2010,Sucre,Tasa de Ocupación (TO),53.173208379
2011,Sucre,Tasa de Ocupación (TO),55.184312531
2012,Sucre,Tasa de Ocupación (TO),59.774445405
2013,Sucre,Tasa de Ocupación (TO),59.276861733
2014,Sucre,Tasa de Ocupación (TO),60.444922051
2015,Sucre,Tasa de Ocupación (TO),58.815964287
2016,Sucre,Tasa de Ocupación (TO),60.49136106
2017,Sucre,Tasa de Ocupación (TO),60.376297601
2018,Sucre,Tasa de Ocupación (TO),62.350858237
2019,Sucre,Tasa de Ocupación (TO),59.788126175
2020,Sucre,Tasa de Ocupación (TO),52.724760975
2021,Sucre,Tasa de Ocupación (TO),53.281940548
2022,Sucre,Tasa de Ocupación (TO),52.884816463
2023,Sucre,Tasa de Ocupación (TO),51.298194921
2024,Sucre,Tasa de Ocupación (TO),51.382675385
2025,Sucre,Tasa de Ocupación (TO),56.946104274
2007,Sucre,Tasa de Desocupación (TD),11.774883195
2008,Sucre,Tasa de Desocupación (TD),10.3307129
2009,Sucre,Tasa de Desocupación (TD),9.70453182
2010,Sucre,Tasa de Desocupación (TD),11.337725276
2011,Sucre,Tasa de Desocupación (TD),10.294398346
2012,Sucre,Tasa de Desocupación (TD),9.090908186
2013,Sucre,Tasa de Desocupación (TD),9.374858858
2014,Sucre,Tasa de Desocupación (TD),8.308755896
2015,Sucre,Tasa de Desocupación (TD),8.40953691
2016,Sucre,Tasa de Desocupación (TD),9.30981415
2017,Sucre,Tasa de Desocupación (TD),8.893361693
2018,Sucre,Tasa de Desocupación (TD),8.817223539
2019,Sucre,Tasa de Desocupación (TD),10.746089355
2020,Sucre,Tasa de Desocupación (TD),14.286170649
2021,Sucre,Tasa de Desocupación (TD),11.162436753
2022,Sucre,Tasa de Desocupación (TD),10.626386451
2023,Sucre,Tasa de Desocupación (TD),10.837788868
2024,Sucre,Tasa de Desocupación (TD),11.591605164
2025,Sucre,Tasa de Desocupación (TD),10.601628766
2007,Sucre,Tasa de Subocupación (TS),10.095630465
2008,Sucre,Tasa de Subocupación (TS),6.878302631
2009,Sucre,Tasa de Subocupación (TS),8.326385243
2010,Sucre,Tasa de Subocupación (TS),8.887522948
2011,Sucre,Tasa de Subocupación (TS),10.266385697
2012,Sucre,Tasa de Subocupación (TS),11.992224338
2013,Sucre,Tasa de Subocupación (TS),12.03734556
2014,Sucre,Tasa de Subocupación (TS),10.785047643
2015,Sucre,Tasa de Subocupación (TS),13.0317639
2016,Sucre,Tasa de Subocupación (TS),14.522048955
2017,Sucre,Tasa de Subocupación (TS),13.441028675
2018,Sucre,Tasa de Subocupación (TS),10.409813434
2019,Sucre,Tasa de Subocupación (TS),11.392739367
2020,Sucre,Tasa de Subocupación (TS),0.0
2021,Sucre,Tasa de Subocupación (TS),7.913135911
2022,Sucre,Tasa de Subocupación (TS),9.981575328
2023,Sucre,Tasa de Subocupación (TS),11.572917993
2024,Sucre,Tasa de Subocupación (TS),9.812844547
2025,Sucre,Tasa de Subocupación (TS),13.967472802
2007,Sucre,Población total,800.598
2008,Sucre,Población total,809.172
2009,Sucre,Población total,817.706
2010,Sucre,Población total,826.165
2011,Sucre,Población total,834.45
2012,Sucre,Población total,842.657
2013,Sucre,Población total,850.889
2014,Sucre,Población total,859.1
2015,Sucre,Población total,867.447
2016,Sucre,Población total,877.082
2017,Sucre,Población total,888.252
2018,Sucre,Población total,904.174
2019,Sucre,Población total,928.168
2020,Sucre,Población total,948.64
2021,Sucre,Población total,962.16
2022,Sucre,Población total,972.177
2023,Sucre,Población total,981.513
2024,Sucre,Población total,990.656
2025,Sucre,Población total,999.569
2007,Sucre,Población en edad de trabajar (PET),550.395
2008,Sucre,Población en edad de trabajar (PET),559.027
2009,Sucre,Población en edad de trabajar (PET),567.575
2010,Sucre,Población en edad de trabajar (PET),575.992
2011,Sucre,Población en edad de trabajar (PET),584.308
2012,Sucre,Población en edad de trabajar (PET),592.752
2013,Sucre,Población en edad de trabajar (PET),601.557
2014,Sucre,Población en edad de trabajar (PET),610.633
2015,Sucre,Población en edad de trabajar (PET),620.117
2016,Sucre,Población en edad de trabajar (PET),630.715
2017,Sucre,Población en edad de trabajar (PET),642.432
2018,Sucre,Población en edad de trabajar (PET),657.298
2019,Sucre,Población en edad de trabajar (PET),677.859
2020,Sucre,Población en edad de trabajar (PET),695.833
2021,Sucre,Población en edad de trabajar (PET),708.887
2022,Sucre,Población en edad de trabajar (PET),719.291
2023,Sucre,Población en edad de trabajar (PET),729.19
2024,Sucre,Población en edad de trabajar (PET),739.022
2025,Sucre,Población en edad de trabajar (PET),748.978
2007,Sucre,Fuerza de trabajo,323.576844
2008,Sucre,Fuerza de trabajo,312.751823
2009,Sucre,Fuerza de trabajo,330.277215
2010,Sucre,Fuerza de trabajo,345.438268
2011,Sucre,Fuerza de trabajo,359.44951799999996
2012,Sucre,Fuerza de trabajo,389.74563900000004
2013,Sucre,Fuerza de trabajo,393.47151
2014,Sucre,Fuerza de trabajo,402.542952
2015,Sucre,Fuerza de trabajo,398.215907
2016,Sucre,Fuerza de trabajo,420.69390899999996
2017,Sucre,Fuerza de trabajo,425.739181
2018,Sucre,Fuerza de trabajo,449.460918
2019,Sucre,Fuerza de trabajo,454.07443900000004
2020,Sucre,Fuerza de trabajo,428.024613
2021,Sucre,Fuerza de trabajo,425.168
2022,Sucre,Fuerza de trabajo,425.624
2023,Sucre,Fuerza de trabajo,419.529
2024,Sucre,Fuerza de trabajo,429.517
2025,Sucre,Fuerza de trabajo,477.093
2007,Sucre,Población ocupada,285.476048
2008,Sucre,Población ocupada,280.44233
2009,Sucre,Población ocupada,298.225358
2010,Sucre,Población ocupada,306.273426
2011,Sucre,Población ocupada,322.446353
2012,Sucre,Población ocupada,354.31422100000003
2013,Sucre,Población ocupada,356.58411099999995
2014,Sucre,Población ocupada,369.096641
2015,Sucre,Población ocupada,364.727793
2016,Sucre,Población ocupada,381.52808799999997
2017,Sucre,Población ocupada,387.876656
2018,Sucre,Población ocupada,409.83094400000004
2019,Sucre,Población ocupada,405.279194
2020,Sucre,Población ocupada,366.87628600000005
2021,Sucre,Población ocupada,377.709
2022,Sucre,Población ocupada,380.396
2023,Sucre,Población ocupada,374.062
2024,Sucre,Población ocupada,379.729
2025,Sucre,Población ocupada,426.514
2007,Sucre,Población desocupada,38.100795
2008,Sucre,Población desocupada,32.309492999999996
2009,Sucre,Población desocupada,32.051857
2010,Sucre,Población desocupada,39.164842
2011,Sucre,Población desocupada,37.003165
2012,Sucre,Población desocupada,35.431418
2013,Sucre,Población desocupada,36.887398999999995
2014,Sucre,Población desocupada,33.446311
2015,Sucre,Población desocupada,33.488114
2016,Sucre,Población desocupada,39.165821
2017,Sucre,Población desocupada,37.862525
2018,Sucre,Población desocupada,39.629974000000004
2019,Sucre,Población desocupada,48.795245
2020,Sucre,Población desocupada,61.148326999999995
2021,Sucre,Población desocupada,47.459
2022,Sucre,Población desocupada,45.228
2023,Sucre,Población desocupada,45.468
2024,Sucre,Población desocupada,49.788
2025,Sucre,Población desocupada,50.58
2007,Sucre,Población fuera de la fuerza de trabajo,226.818156
2008,Sucre,Población fuera de la fuerza de trabajo,246.27517699999999
2009,Sucre,Población fuera de la fuerza de trabajo,237.297785
2010,Sucre,Población fuera de la fuerza de trabajo,230.553732
2011,Sucre,Población fuera de la fuerza de trabajo,224.85848199999998
2012,Sucre,Población fuera de la fuerza de trabajo,203.006361
2013,Sucre,Población fuera de la fuerza de trabajo,208.08549
2014,Sucre,Población fuera de la fuerza de trabajo,208.090048
2015,Sucre,Población fuera de la fuerza de trabajo,221.901093
2016,Sucre,Población fuera de la fuerza de trabajo,210.02109099999998
2017,Sucre,Población fuera de la fuerza de trabajo,216.692819
2018,Sucre,Población fuera de la fuerza de trabajo,207.83708199999998
2019,Sucre,Población fuera de la fuerza de trabajo,223.784561
2020,Sucre,Población fuera de la fuerza de trabajo,267.808387
2021,Sucre,Población fuera de la fuerza de trabajo,283.719
2022,Sucre,Población fuera de la fuerza de trabajo,293.667
2023,Sucre,Población fuera de la fuerza de trabajo,309.661
2024,Sucre,Población fuera de la fuerza de trabajo,309.505
2025,Sucre,Población fuera de la fuerza de trabajo,271.884
2007,Sucre,Población subocupada,32.667122
2008,Sucre,Población subocupada,21.512017
2009,Sucre,Población subocupada,27.500152999999997
2010,Sucre,Población subocupada,30.700905
2011,Sucre,Población subocupada,36.902474000000005
2012,Sucre,Población subocupada,46.739171
2013,Sucre,Población subocupada,47.363525
2014,Sucre,Población subocupada,43.414449
2015,Sucre,Población subocupada,51.894557
2016,Sucre,Población subocupada,61.093375
2017,Sucre,Población subocupada,57.223725
2018,Sucre,Población subocupada,46.788042999999995
2019,Sucre,Población subocupada,51.731517
2020,Sucre,Población subocupada,0.0
2021,Sucre,Población subocupada,33.644
2022,Sucre,Población subocupada,42.484
2023,Sucre,Población subocupada,48.552
2024,Sucre,Población subocupada,42.148
2025,Sucre,Población subocupada,66.638
2007,Sucre,Fuerza de trabajo potencial,0.0
2008,Sucre,Fuerza de trabajo potencial,0.0
2009,Sucre,Fuerza de trabajo potencial,0.0
2010,Sucre,Fuerza de trabajo potencial,0.0
2011,Sucre,Fuerza de trabajo potencial,0.0
2012,Sucre,Fuerza de trabajo potencial,0.0
2013,Sucre,Fuerza de trabajo potencial,0.0
2014,Sucre,Fuerza de trabajo potencial,0.0
2015,Sucre,Fuerza de trabajo potencial,0.0
2016,Sucre,Fuerza de trabajo potencial,0.0
2017,Sucre,Fuerza de trabajo potencial,0.0
2018,Sucre,Fuerza de trabajo potencial,0.0
2019,Sucre,Fuerza de trabajo potencial,0.0
2020,Sucre,Fuerza de trabajo potencial,0.0
2021,Sucre,Fuerza de trabajo potencial,27.628
2022,Sucre,Fuerza de trabajo potencial,16.281
2023,Sucre,Fuerza de trabajo potencial,29.785
2024,Sucre,Fuerza de trabajo potencial,22.261
2025,Sucre,Fuerza de trabajo potencial,37.566
2007,Tolima,% población en edad de trabajar,71.943644138
2008,Tolima,% población en edad de trabajar,72.393389089
2009,Tolima,% población en edad de trabajar,72.8513794
2010,Tolima,% población en edad de trabajar,73.307381436
2011,Tolima,% población en edad de trabajar,73.765258573
2012,Tolima,% población en edad de trabajar,74.236573063
2013,Tolima,% población en edad de trabajar,74.728269327
2014,Tolima,% población en edad de trabajar,75.23156625
2015,Tolima,% población en edad de trabajar,75.752856406
2016,Tolima,% población en edad de trabajar,76.280867755
2017,Tolima,% población en edad de trabajar,76.793019845
2018,Tolima,% población en edad de trabajar,77.2951444
2019,Tolima,% población en edad de trabajar,77.676002693
2020,Tolima,% población en edad de trabajar,78.022982775
2021,Tolima,% población en edad de trabajar,78.314627345
2022,Tolima,% población en edad de trabajar,78.606984628
2023,Tolima,% población en edad de trabajar,78.88622923
2024,Tolima,% población en edad de trabajar,79.247700948
2025,Tolima,% población en edad de trabajar,79.527940574
2007,Tolima,Tasa Global de Participación (TGP),65.638332849
2008,Tolima,Tasa Global de Participación (TGP),71.255829628
2009,Tolima,Tasa Global de Participación (TGP),69.046036255
2010,Tolima,Tasa Global de Participación (TGP),71.374705249
2011,Tolima,Tasa Global de Participación (TGP),74.609929419
2012,Tolima,Tasa Global de Participación (TGP),70.660707549
2013,Tolima,Tasa Global de Participación (TGP),68.939604144
2014,Tolima,Tasa Global de Participación (TGP),68.749263695
2015,Tolima,Tasa Global de Participación (TGP),69.001429728
2016,Tolima,Tasa Global de Participación (TGP),68.395103614
2017,Tolima,Tasa Global de Participación (TGP),66.141770795
2018,Tolima,Tasa Global de Participación (TGP),65.18711429
2019,Tolima,Tasa Global de Participación (TGP),62.022168033
2020,Tolima,Tasa Global de Participación (TGP),57.175869454
2021,Tolima,Tasa Global de Participación (TGP),53.63796297
2022,Tolima,Tasa Global de Participación (TGP),58.035719937
2023,Tolima,Tasa Global de Participación (TGP),56.695860064
2024,Tolima,Tasa Global de Participación (TGP),57.084693476
2025,Tolima,Tasa Global de Participación (TGP),62.065599353
2007,Tolima,Tasa de Ocupación (TO),57.147104903
2008,Tolima,Tasa de Ocupación (TO),60.557321367
2009,Tolima,Tasa de Ocupación (TO),59.071971536
2010,Tolima,Tasa de Ocupación (TO),60.632430839
2011,Tolima,Tasa de Ocupación (TO),61.630184324
2012,Tolima,Tasa de Ocupación (TO),62.296845729
2013,Tolima,Tasa de Ocupación (TO),62.060509049
2014,Tolima,Tasa de Ocupación (TO),61.733220373
2015,Tolima,Tasa de Ocupación (TO),61.336828093
2016,Tolima,Tasa de Ocupación (TO),60.750822176
2017,Tolima,Tasa de Ocupación (TO),59.021182719
2018,Tolima,Tasa de Ocupación (TO),56.050205101
2019,Tolima,Tasa de Ocupación (TO),51.730920072
2020,Tolima,Tasa de Ocupación (TO),43.886755926
2021,Tolima,Tasa de Ocupación (TO),44.918237146
2022,Tolima,Tasa de Ocupación (TO),48.911953884
2023,Tolima,Tasa de Ocupación (TO),50.160582933
2024,Tolima,Tasa de Ocupación (TO),50.233158142
2025,Tolima,Tasa de Ocupación (TO),55.348979372
2007,Tolima,Tasa de Desocupación (TD),12.936385763
2008,Tolima,Tasa de Desocupación (TD),15.014221737
2009,Tolima,Tasa de Desocupación (TD),14.445528317
2010,Tolima,Tasa de Desocupación (TD),15.050534182
2011,Tolima,Tasa de Desocupación (TD),17.396806559
2012,Tolima,Tasa de Desocupación (TD),11.83665167
2013,Tolima,Tasa de Desocupación (TD),9.978437184
2014,Tolima,Tasa de Desocupación (TD),10.20526322
2015,Tolima,Tasa de Desocupación (TD),11.107888148
2016,Tolima,Tasa de Desocupación (TD),11.176650133
2017,Tolima,Tasa de Desocupación (TD),10.765644752
2018,Tolima,Tasa de Desocupación (TD),14.016434519
2019,Tolima,Tasa de Desocupación (TD),16.592854277
2020,Tolima,Tasa de Desocupación (TD),23.242521111
2021,Tolima,Tasa de Desocupación (TD),16.256631201
2022,Tolima,Tasa de Desocupación (TD),15.720949206
2023,Tolima,Tasa de Desocupación (TD),11.526903594
2024,Tolima,Tasa de Desocupación (TD),12.002403651
2025,Tolima,Tasa de Desocupación (TD),10.821807976
2007,Tolima,Tasa de Subocupación (TS),12.111839597
2008,Tolima,Tasa de Subocupación (TS),13.421939256
2009,Tolima,Tasa de Subocupación (TS),12.382606663
2010,Tolima,Tasa de Subocupación (TS),15.98258583
2011,Tolima,Tasa de Subocupación (TS),17.224531702
2012,Tolima,Tasa de Subocupación (TS),14.344034835
2013,Tolima,Tasa de Subocupación (TS),13.6466989
2014,Tolima,Tasa de Subocupación (TS),10.702733995
2015,Tolima,Tasa de Subocupación (TS),10.769485909
2016,Tolima,Tasa de Subocupación (TS),11.252031827
2017,Tolima,Tasa de Subocupación (TS),10.764806682
2018,Tolima,Tasa de Subocupación (TS),11.799070162
2019,Tolima,Tasa de Subocupación (TS),11.921885002
2020,Tolima,Tasa de Subocupación (TS),0.0
2021,Tolima,Tasa de Subocupación (TS),5.738437206
2022,Tolima,Tasa de Subocupación (TS),7.541059245
2023,Tolima,Tasa de Subocupación (TS),6.703653488
2024,Tolima,Tasa de Subocupación (TS),5.828328531
2025,Tolima,Tasa de Subocupación (TS),8.209237384
2007,Tolima,Población total,1307.832
2008,Tolima,Población total,1309.411
2009,Tolima,Población total,1310.969
2010,Tolima,Población total,1312.685
2011,Tolima,Población total,1314.425
2012,Tolima,Población total,1315.974
2013,Tolima,Población total,1317.389
2014,Tolima,Población total,1318.953
2015,Tolima,Población total,1320.803
2016,Tolima,Población total,1323.185
2017,Tolima,Población total,1326.045
2018,Tolima,Población total,1329.949
2019,Tolima,Población total,1335.079
2020,Tolima,Población total,1339.786
2021,Tolima,Población total,1343.843
2022,Tolima,Población total,1346.901
2023,Tolima,Población total,1350.076
2024,Tolima,Población total,1353.23
2025,Tolima,Población total,1356.471
2007,Tolima,Población en edad de trabajar (PET),940.902
2008,Tolima,Población en edad de trabajar (PET),947.927
2009,Tolima,Población en edad de trabajar (PET),955.059
2010,Tolima,Población en edad de trabajar (PET),962.295
2011,Tolima,Población en edad de trabajar (PET),969.589
2012,Tolima,Población en edad de trabajar (PET),976.934
2013,Tolima,Población en edad de trabajar (PET),984.462
2014,Tolima,Población en edad de trabajar (PET),992.269
2015,Tolima,Población en edad de trabajar (PET),1000.546
2016,Tolima,Población en edad de trabajar (PET),1009.337
2017,Tolima,Población en edad de trabajar (PET),1018.31
2018,Tolima,Población en edad de trabajar (PET),1027.986
2019,Tolima,Población en edad de trabajar (PET),1037.036
2020,Tolima,Población en edad de trabajar (PET),1045.341
2021,Tolima,Población en edad de trabajar (PET),1052.426
2022,Tolima,Población en edad de trabajar (PET),1058.758
2023,Tolima,Población en edad de trabajar (PET),1065.024
2024,Tolima,Población en edad de trabajar (PET),1072.403
2025,Tolima,Población en edad de trabajar (PET),1078.774
2007,Tolima,Fuerza de trabajo,617.592387
2008,Tolima,Fuerza de trabajo,675.453248
2009,Tolima,Fuerza de trabajo,659.430383
2010,Tolima,Fuerza de trabajo,686.8352199999999
2011,Tolima,Fuerza de trabajo,723.409669
2012,Tolima,Fuerza de trabajo,690.3084769999999
2013,Tolima,Fuerza de trabajo,678.684206
2014,Tolima,Fuerza de trabajo,682.177631
2015,Tolima,Fuerza de trabajo,690.3910450000001
2016,Tolima,Fuerza de trabajo,690.3370870000001
2017,Tolima,Fuerza de trabajo,673.5282659999999
2018,Tolima,Fuerza de trabajo,670.114409
2019,Tolima,Fuerza de trabajo,643.1922099999999
2020,Tolima,Fuerza de trabajo,597.682806
2021,Tolima,Fuerza de trabajo,564.5
2022,Tolima,Fuerza de trabajo,614.458
2023,Tolima,Fuerza de trabajo,603.824
2024,Tolima,Fuerza de trabajo,612.178
2025,Tolima,Fuerza de trabajo,669.547
2007,Tolima,Población ocupada,537.698253
2008,Tolima,Población ocupada,574.0391999999999
2009,Tolima,Población ocupada,564.172181
2010,Tolima,Población ocupada,583.46285
2011,Tolima,Población ocupada,597.559488
2012,Tolima,Población ocupada,608.599067
2013,Tolima,Población ocupada,610.962129
2014,Tolima,Población ocupada,612.559608
2015,Tolima,Población ocupada,613.7031800000001
2016,Tolima,Población ocupada,613.180526
2017,Tolima,Población ocupada,601.018606
2018,Tolima,Población ocupada,576.188261
2019,Tolima,Población ocupada,536.468264
2020,Tolima,Población ocupada,458.766253
2021,Tolima,Población ocupada,472.731
2022,Tolima,Población ocupada,517.859
2023,Tolima,Población ocupada,534.222
2024,Tolima,Población ocupada,538.702
2025,Tolima,Población ocupada,597.09
2007,Tolima,Población desocupada,79.89413400000001
2008,Tolima,Población desocupada,101.414048
2009,Tolima,Población desocupada,95.258203
2010,Tolima,Población desocupada,103.37236999999999
2011,Tolima,Población desocupada,125.85018099999999
2012,Tolima,Población desocupada,81.70941
2013,Tolima,Población desocupada,67.722077
2014,Tolima,Población desocupada,69.61802300000001
2015,Tolima,Población desocupada,76.687865
2016,Tolima,Población desocupada,77.156561
2017,Tolima,Población desocupada,72.50966
2018,Tolima,Población desocupada,93.926147
2019,Tolima,Población desocupada,106.723946
2020,Tolima,Población desocupada,138.916552
2021,Tolima,Población desocupada,91.769
2022,Tolima,Población desocupada,96.599
2023,Tolima,Población desocupada,69.602
2024,Tolima,Población desocupada,73.476
2025,Tolima,Población desocupada,72.457
2007,Tolima,Población fuera de la fuerza de trabajo,323.309613
2008,Tolima,Población fuera de la fuerza de trabajo,272.473752
2009,Tolima,Población fuera de la fuerza de trabajo,295.628617
2010,Tolima,Población fuera de la fuerza de trabajo,275.45978
2011,Tolima,Población fuera de la fuerza de trabajo,246.17933100000002
2012,Tolima,Población fuera de la fuerza de trabajo,286.625523
2013,Tolima,Población fuera de la fuerza de trabajo,305.777794
2014,Tolima,Población fuera de la fuerza de trabajo,310.091369
2015,Tolima,Población fuera de la fuerza de trabajo,310.15495500000003
2016,Tolima,Población fuera de la fuerza de trabajo,318.999913
2017,Tolima,Población fuera de la fuerza de trabajo,344.781734
2018,Tolima,Población fuera de la fuerza de trabajo,357.871591
2019,Tolima,Población fuera de la fuerza de trabajo,393.84378999999996
2020,Tolima,Población fuera de la fuerza de trabajo,447.65819400000004
2021,Tolima,Población fuera de la fuerza de trabajo,487.926
2022,Tolima,Población fuera de la fuerza de trabajo,444.3
2023,Tolima,Población fuera de la fuerza de trabajo,461.199
2024,Tolima,Población fuera de la fuerza de trabajo,460.225
2025,Tolima,Población fuera de la fuerza de trabajo,409.226
2007,Tolima,Población subocupada,74.801799
2008,Tolima,Población subocupada,90.658925
2009,Tolima,Población subocupada,81.65467100000001
2010,Tolima,Población subocupada,109.774029
2011,Tolima,Población subocupada,124.603928
2012,Tolima,Población subocupada,99.018088
2013,Tolima,Población subocupada,92.61799
2014,Tolima,Población subocupada,73.011657
2015,Tolima,Población subocupada,74.351566
2016,Tolima,Población subocupada,77.676949
2017,Tolima,Población subocupada,72.50401600000001
2018,Tolima,Población subocupada,79.067269
2019,Tolima,Población subocupada,76.68063599999999
2020,Tolima,Población subocupada,0.0
2021,Tolima,Población subocupada,32.393
2022,Tolima,Población subocupada,46.337
2023,Tolima,Población subocupada,40.478
2024,Tolima,Población subocupada,35.68
2025,Tolima,Población subocupada,54.965
2007,Tolima,Fuerza de trabajo potencial,0.0
2008,Tolima,Fuerza de trabajo potencial,0.0
2009,Tolima,Fuerza de trabajo potencial,0.0
2010,Tolima,Fuerza de trabajo potencial,0.0
2011,Tolima,Fuerza de trabajo potencial,0.0
2012,Tolima,Fuerza de trabajo potencial,0.0
2013,Tolima,Fuerza de trabajo potencial,0.0
2014,Tolima,Fuerza de trabajo potencial,0.0
2015,Tolima,Fuerza de trabajo potencial,0.0
2016,Tolima,Fuerza de trabajo potencial,0.0
2017,Tolima,Fuerza de trabajo potencial,0.0
2018,Tolima,Fuerza de trabajo potencial,0.0
2019,Tolima,Fuerza de trabajo potencial,0.0
2020,Tolima,Fuerza de trabajo potencial,0.0
2021,Tolima,Fuerza de trabajo potencial,56.648
2022,Tolima,Fuerza de trabajo potencial,75.632
2023,Tolima,Fuerza de trabajo potencial,36.889
2024,Tolima,Fuerza de trabajo potencial,25.563
2025,Tolima,Fuerza de trabajo potencial,17.593
2007,Valle del Cauca,% población en edad de trabajar,72.917798176
2008,Valle del Cauca,% población en edad de trabajar,73.278024108
2009,Valle del Cauca,% población en edad de trabajar,73.625687136
2010,Valle del Cauca,% población en edad de trabajar,73.964158817
2011,Valle del Cauca,% población en edad de trabajar,74.293268988
2012,Valle del Cauca,% población en edad de trabajar,74.617256544
2013,Valle del Cauca,% población en edad de trabajar,74.93298728
2014,Valle del Cauca,% población en edad de trabajar,75.246900523
2015,Valle del Cauca,% población en edad de trabajar,75.561740377
2016,Valle del Cauca,% población en edad de trabajar,75.863439248
2017,Valle del Cauca,% población en edad de trabajar,76.131865364
2018,Valle del Cauca,% población en edad de trabajar,76.406539822
2019,Valle del Cauca,% población en edad de trabajar,76.696241922
2020,Valle del Cauca,% población en edad de trabajar,76.981984636
2021,Valle del Cauca,% población en edad de trabajar,77.299642644
2022,Valle del Cauca,% población en edad de trabajar,77.627891159
2023,Valle del Cauca,% población en edad de trabajar,77.935700994
2024,Valle del Cauca,% población en edad de trabajar,78.221184462
2025,Valle del Cauca,% población en edad de trabajar,78.534136727
2007,Valle del Cauca,Tasa Global de Participación (TGP),67.127605902
2008,Valle del Cauca,Tasa Global de Participación (TGP),66.399390674
2009,Valle del Cauca,Tasa Global de Participación (TGP),70.08428424
2010,Valle del Cauca,Tasa Global de Participación (TGP),69.875045781
2011,Valle del Cauca,Tasa Global de Participación (TGP),67.691955977
2012,Valle del Cauca,Tasa Global de Participación (TGP),67.279968669
2013,Valle del Cauca,Tasa Global de Participación (TGP),67.036104435
2014,Valle del Cauca,Tasa Global de Participación (TGP),65.504277644
2015,Valle del Cauca,Tasa Global de Participación (TGP),65.829461732
2016,Valle del Cauca,Tasa Global de Participación (TGP),64.973155435
2017,Valle del Cauca,Tasa Global de Participación (TGP),64.244818301
2018,Valle del Cauca,Tasa Global de Participación (TGP),63.186274827
2019,Valle del Cauca,Tasa Global de Participación (TGP),63.011510808
2020,Valle del Cauca,Tasa Global de Participación (TGP),59.09382128
2021,Valle del Cauca,Tasa Global de Participación (TGP),59.072192481
2022,Valle del Cauca,Tasa Global de Participación (TGP),64.290283151
2023,Valle del Cauca,Tasa Global de Participación (TGP),64.733578352
2024,Valle del Cauca,Tasa Global de Participación (TGP),63.142597675
2025,Valle del Cauca,Tasa Global de Participación (TGP),63.423907014
2007,Valle del Cauca,Tasa de Ocupación (TO),59.771826091
2008,Valle del Cauca,Tasa de Ocupación (TO),57.868522292
2009,Valle del Cauca,Tasa de Ocupación (TO),60.217156181
2010,Valle del Cauca,Tasa de Ocupación (TO),60.655139918
2011,Valle del Cauca,Tasa de Ocupación (TO),58.010418734
2012,Valle del Cauca,Tasa de Ocupación (TO),57.890254707
2013,Valle del Cauca,Tasa de Ocupación (TO),57.945207255
2014,Valle del Cauca,Tasa de Ocupación (TO),57.381089715
2015,Valle del Cauca,Tasa de Ocupación (TO),58.036133116
2016,Valle del Cauca,Tasa de Ocupación (TO),57.122359195
2017,Valle del Cauca,Tasa de Ocupación (TO),56.233473153
2018,Valle del Cauca,Tasa de Ocupación (TO),55.311437608
2019,Valle del Cauca,Tasa de Ocupación (TO),54.616399381
2020,Valle del Cauca,Tasa de Ocupación (TO),46.709797392
2021,Valle del Cauca,Tasa de Ocupación (TO),49.306721434
2022,Valle del Cauca,Tasa de Ocupación (TO),55.781857427
2023,Valle del Cauca,Tasa de Ocupación (TO),57.145084833
2024,Valle del Cauca,Tasa de Ocupación (TO),55.519754281
2025,Valle del Cauca,Tasa de Ocupación (TO),57.372880245
2007,Valle del Cauca,Tasa de Desocupación (TD),10.957905785
2008,Valle del Cauca,Tasa de Desocupación (TD),12.847811245
2009,Valle del Cauca,Tasa de Desocupación (TD),14.078945324
2010,Valle del Cauca,Tasa de Desocupación (TD),13.194847689
2011,Valle del Cauca,Tasa de Desocupación (TD),14.302345238
2012,Valle del Cauca,Tasa de Desocupación (TD),13.95618064
2013,Valle del Cauca,Tasa de Desocupación (TD),13.561195503
2014,Valle del Cauca,Tasa de Desocupación (TD),12.401003753
2015,Valle del Cauca,Tasa de Desocupación (TD),11.83866374
2016,Valle del Cauca,Tasa de Desocupación (TD),12.083138316
2017,Valle del Cauca,Tasa de Desocupación (TD),12.47002538
2018,Valle del Cauca,Tasa de Desocupación (TD),12.462892045
2019,Valle del Cauca,Tasa de Desocupación (TD),13.323139407
2020,Valle del Cauca,Tasa de Desocupación (TD),20.956546082
2021,Valle del Cauca,Tasa de Desocupación (TD),16.531417978
2022,Valle del Cauca,Tasa de Desocupación (TD),13.23438832
2023,Valle del Cauca,Tasa de Desocupación (TD),11.722654166
2024,Valle del Cauca,Tasa de Desocupación (TD),12.072426023
2025,Valle del Cauca,Tasa de Desocupación (TD),9.540608667
2007,Valle del Cauca,Tasa de Subocupación (TS),11.41092513
2008,Valle del Cauca,Tasa de Subocupación (TS),11.154144889
2009,Valle del Cauca,Tasa de Subocupación (TS),16.10183691
2010,Valle del Cauca,Tasa de Subocupación (TS),16.282642877
2011,Valle del Cauca,Tasa de Subocupación (TS),13.997176088
2012,Valle del Cauca,Tasa de Subocupación (TS),13.992036185
2013,Valle del Cauca,Tasa de Subocupación (TS),14.278053302
2014,Valle del Cauca,Tasa de Subocupación (TS),12.719697664
2015,Valle del Cauca,Tasa de Subocupación (TS),13.177389731
2016,Valle del Cauca,Tasa de Subocupación (TS),12.302093338
2017,Valle del Cauca,Tasa de Subocupación (TS),11.45919688
2018,Valle del Cauca,Tasa de Subocupación (TS),12.212889871
2019,Valle del Cauca,Tasa de Subocupación (TS),11.856058699
2020,Valle del Cauca,Tasa de Subocupación (TS),0.0
2021,Valle del Cauca,Tasa de Subocupación (TS),5.673611666
2022,Valle del Cauca,Tasa de Subocupación (TS),9.245831038
2023,Valle del Cauca,Tasa de Subocupación (TS),10.060173736
2024,Valle del Cauca,Tasa de Subocupación (TS),8.570568216
2025,Valle del Cauca,Tasa de Subocupación (TS),7.838644146
2007,Valle del Cauca,Población total,4262.375
2008,Valle del Cauca,Población total,4283.553
2009,Valle del Cauca,Población total,4302.823
2010,Valle del Cauca,Población total,4322.96
2011,Valle del Cauca,Población total,4342.423
2012,Valle del Cauca,Población total,4358.729
2013,Valle del Cauca,Población total,4370.812
2014,Valle del Cauca,Población total,4382.433
2015,Valle del Cauca,Población total,4396.426
2016,Valle del Cauca,Población total,4413.889
2017,Valle del Cauca,Población total,4431.247
2018,Valle del Cauca,Población total,4474.189
2019,Valle del Cauca,Población total,4505.681
2020,Valle del Cauca,Población total,4531.077
2021,Valle del Cauca,Población total,4565.233
2022,Valle del Cauca,Población total,4588.728
2023,Valle del Cauca,Población total,4621.878
2024,Valle del Cauca,Población total,4656.038
2025,Valle del Cauca,Población total,4691.39
2007,Valle del Cauca,Población en edad de trabajar (PET),3108.03
2008,Valle del Cauca,Población en edad de trabajar (PET),3138.903
2009,Valle del Cauca,Población en edad de trabajar (PET),3167.983
2010,Valle del Cauca,Población en edad de trabajar (PET),3197.441
2011,Valle del Cauca,Población en edad de trabajar (PET),3226.128
2012,Valle del Cauca,Población en edad de trabajar (PET),3252.364
2013,Valle del Cauca,Población en edad de trabajar (PET),3275.18
2014,Valle del Cauca,Población en edad de trabajar (PET),3297.645
2015,Valle del Cauca,Población en edad de trabajar (PET),3322.016
2016,Valle del Cauca,Población en edad de trabajar (PET),3348.528
2017,Valle del Cauca,Población en edad de trabajar (PET),3373.591
2018,Valle del Cauca,Población en edad de trabajar (PET),3418.573
2019,Valle del Cauca,Población en edad de trabajar (PET),3455.688
2020,Valle del Cauca,Población en edad de trabajar (PET),3488.113
2021,Valle del Cauca,Población en edad de trabajar (PET),3528.909
2022,Valle del Cauca,Población en edad de trabajar (PET),3562.133
2023,Valle del Cauca,Población en edad de trabajar (PET),3602.093
2024,Valle del Cauca,Población en edad de trabajar (PET),3642.008
2025,Valle del Cauca,Población en edad de trabajar (PET),3684.343
2007,Valle del Cauca,Fuerza de trabajo,2086.34613
2008,Valle del Cauca,Fuerza de trabajo,2084.212466
2009,Valle del Cauca,Fuerza de trabajo,2220.25821
2010,Valle del Cauca,Fuerza de trabajo,2234.213363
2011,Valle del Cauca,Fuerza de trabajo,2183.829146
2012,Valle del Cauca,Fuerza de trabajo,2188.18948
2013,Valle del Cauca,Fuerza de trabajo,2195.553085
2014,Valle del Cauca,Fuerza de trabajo,2160.098537
2015,Valle del Cauca,Fuerza de trabajo,2186.865251
2016,Valle del Cauca,Fuerza de trabajo,2175.644302
2017,Valle del Cauca,Fuerza de trabajo,2167.357408
2018,Valle del Cauca,Fuerza de trabajo,2160.068931
2019,Valle del Cauca,Fuerza de trabajo,2177.481218
2020,Valle del Cauca,Fuerza de trabajo,2061.259262
2021,Valle del Cauca,Fuerza de trabajo,2084.604
2022,Valle del Cauca,Fuerza de trabajo,2290.105
2023,Valle del Cauca,Fuerza de trabajo,2331.764
2024,Valle del Cauca,Fuerza de trabajo,2299.659
2025,Valle del Cauca,Fuerza de trabajo,2336.754
2007,Valle del Cauca,Población ocupada,1857.726286
2008,Valle del Cauca,Población ocupada,1816.436782
2009,Valle del Cauca,Población ocupada,1907.669271
2010,Valle del Cauca,Población ocupada,1939.412312
2011,Valle del Cauca,Población ocupada,1871.490362
2012,Valle del Cauca,Población ocupada,1882.801804
2013,Valle del Cauca,Población ocupada,1897.809839
2014,Valle del Cauca,Población ocupada,1892.224636
2015,Valle del Cauca,Población ocupada,1927.969628
2016,Valle del Cauca,Población ocupada,1912.758192
2017,Valle del Cauca,Población ocupada,1897.087389
2018,Valle del Cauca,Población ocupada,1890.861872
2019,Valle del Cauca,Población ocupada,1887.372359
2020,Valle del Cauca,Población ocupada,1629.290515
2021,Valle del Cauca,Población ocupada,1739.989
2022,Valle del Cauca,Población ocupada,1987.024
2023,Valle del Cauca,Población ocupada,2058.419
2024,Valle del Cauca,Población ocupada,2022.034
2025,Valle del Cauca,Población ocupada,2113.814
2007,Valle del Cauca,Población desocupada,228.619843
2008,Valle del Cauca,Población desocupada,267.775684
2009,Valle del Cauca,Población desocupada,312.58894
2010,Valle del Cauca,Población desocupada,294.80105
2011,Valle del Cauca,Población desocupada,312.338784
2012,Valle del Cauca,Población desocupada,305.38767700000005
2013,Valle del Cauca,Población desocupada,297.743246
2014,Valle del Cauca,Población desocupada,267.873901
2015,Valle del Cauca,Población desocupada,258.895624
2016,Valle del Cauca,Población desocupada,262.88611
2017,Valle del Cauca,Población desocupada,270.270019
2018,Valle del Cauca,Población desocupada,269.207059
2019,Valle del Cauca,Población desocupada,290.108858
2020,Valle del Cauca,Población desocupada,431.96874699999995
2021,Valle del Cauca,Población desocupada,344.615
2022,Valle del Cauca,Población desocupada,303.081
2023,Valle del Cauca,Población desocupada,273.345
2024,Valle del Cauca,Población desocupada,277.625
2025,Valle del Cauca,Población desocupada,222.941
2007,Valle del Cauca,Población fuera de la fuerza de trabajo,1021.68387
2008,Valle del Cauca,Población fuera de la fuerza de trabajo,1054.690534
2009,Valle del Cauca,Población fuera de la fuerza de trabajo,947.72479
2010,Valle del Cauca,Población fuera de la fuerza de trabajo,963.227637
2011,Valle del Cauca,Población fuera de la fuerza de trabajo,1042.2988540000001
2012,Valle del Cauca,Población fuera de la fuerza de trabajo,1064.17452
2013,Valle del Cauca,Población fuera de la fuerza de trabajo,1079.626915
2014,Valle del Cauca,Población fuera de la fuerza de trabajo,1137.546463
2015,Valle del Cauca,Población fuera de la fuerza de trabajo,1135.1507490000001
2016,Valle del Cauca,Población fuera de la fuerza de trabajo,1172.883698
2017,Valle del Cauca,Población fuera de la fuerza de trabajo,1206.233592
2018,Valle del Cauca,Población fuera de la fuerza de trabajo,1258.5040689999998
2019,Valle del Cauca,Población fuera de la fuerza de trabajo,1278.206782
2020,Valle del Cauca,Población fuera de la fuerza de trabajo,1426.8537379999998
2021,Valle del Cauca,Población fuera de la fuerza de trabajo,1444.305
2022,Valle del Cauca,Población fuera de la fuerza de trabajo,1272.027
2023,Valle del Cauca,Población fuera de la fuerza de trabajo,1270.329
2024,Valle del Cauca,Población fuera de la fuerza de trabajo,1342.35
2025,Valle del Cauca,Población fuera de la fuerza de trabajo,1347.589
2007,Valle del Cauca,Población subocupada,238.071395
2008,Valle del Cauca,Población subocupada,232.476078
2009,Valle del Cauca,Población subocupada,357.502356
2010,Valle del Cauca,Población subocupada,363.78898300000003
2011,Valle del Cauca,Población subocupada,305.674411
2012,Valle del Cauca,Población subocupada,306.17226400000004
2013,Valle del Cauca,Población subocupada,313.48224
2014,Valle del Cauca,Población subocupada,274.75800300000003
2015,Valle del Cauca,Población subocupada,288.17175699999996
2016,Valle del Cauca,Población subocupada,267.649793
2017,Valle del Cauca,Población subocupada,248.361752
2018,Valle del Cauca,Población subocupada,263.80684
2019,Valle del Cauca,Población subocupada,258.163451
2020,Valle del Cauca,Población subocupada,0.0
2021,Valle del Cauca,Población subocupada,118.272
2022,Valle del Cauca,Población subocupada,211.739
2023,Valle del Cauca,Población subocupada,234.579
2024,Valle del Cauca,Población subocupada,197.094
2025,Valle del Cauca,Población subocupada,183.17
2007,Valle del Cauca,Fuerza de trabajo potencial,0.0
2008,Valle del Cauca,Fuerza de trabajo potencial,0.0
2009,Valle del Cauca,Fuerza de trabajo potencial,0.0
2010,Valle del Cauca,Fuerza de trabajo potencial,0.0
2011,Valle del Cauca,Fuerza de trabajo potencial,0.0
2012,Valle del Cauca,Fuerza de trabajo potencial,0.0
2013,Valle del Cauca,Fuerza de trabajo potencial,0.0
2014,Valle del Cauca,Fuerza de trabajo potencial,0.0
2015,Valle del Cauca,Fuerza de trabajo potencial,0.0
2016,Valle del Cauca,Fuerza de trabajo potencial,0.0
2017,Valle del Cauca,Fuerza de trabajo potencial,0.0
2018,Valle del Cauca,Fuerza de trabajo potencial,0.0
2019,Valle del Cauca,Fuerza de trabajo potencial,0.0
2020,Valle del Cauca,Fuerza de trabajo potencial,0.0
2021,Valle del Cauca,Fuerza de trabajo potencial,115.567
2022,Valle del Cauca,Fuerza de trabajo potencial,204.414
2023,Valle del Cauca,Fuerza de trabajo potencial,228.854
2024,Valle del Cauca,Fuerza de trabajo potencial,200.933
2025,Valle del Cauca,Fuerza de trabajo potencial,195.046
