Fecha,Perspectiva,Grupo,Concepto,Periodo,Valor
2021,Total nacional,Población ocupada,Población ocupada,Ene - Mar,19787.210458666665
2021,Total nacional,Población ocupada,Población ocupada,Feb - Abr,20004.15751266667
2021,Total nacional,Población ocupada,Población ocupada,Mar - May,19946.438146333337
2021,Total nacional,Población ocupada,Población ocupada,Abr - Jun,19939.257222666667
2021,Total nacional,Población ocupada,Población ocupada,May - Jul,20159.417250333336
2021,Total nacional,Población ocupada,Población ocupada,Jun - Ago,20355.450913666664
2021,Total nacional,Población ocupada,Población ocupada,Jul - Sep,20558.206703666667
2021,Total nacional,Población ocupada,Población ocupada,Ago - Oct,20780.735785333334
2021,Total nacional,Población ocupada,Población ocupada,Sep - Nov,21010.881780666667
2021,Total nacional,Población ocupada,Población ocupada,Oct - Dic,21282.291796
2021,Total nacional,Población ocupada,Población ocupada,Nov - Ene,21152.724937666666
2021,Total nacional,Población ocupada,Población ocupada,Dic - Feb,21290.670992
2022,Total nacional,Población ocupada,Población ocupada,Ene - Mar,21352.177793
2022,Total nacional,Población ocupada,Población ocupada,Feb - Abr,21772.714409333334
2022,Total nacional,Población ocupada,Población ocupada,Mar - May,21940.662028000002
2022,Total nacional,Población ocupada,Población ocupada,Abr - Jun,22054.917514999997
2022,Total nacional,Población ocupada,Población ocupada,May - Jul,22087.473180999998
2022,Total nacional,Población ocupada,Población ocupada,Jun - Ago,22079.220003666665
2022,Total nacional,Población ocupada,Población ocupada,Jul - Sep,22201.465962333332
2022,Total nacional,Población ocupada,Población ocupada,Ago - Oct,22385.128792666666
2022,Total nacional,Población ocupada,Población ocupada,Sep - Nov,22493.886424333334
2022,Total nacional,Población ocupada,Población ocupada,Oct - Dic,22520.158621666666
2022,Total nacional,Población ocupada,Población ocupada,Nov - Ene,22148.664008666663
2022,Total nacional,Población ocupada,Población ocupada,Dic - Feb,22064.135597
2023,Total nacional,Población ocupada,Población ocupada,Ene - Mar,22172.651851333332
2023,Total nacional,Población ocupada,Población ocupada,Feb - Abr,22589.448848333337
2023,Total nacional,Población ocupada,Población ocupada,Mar - May,22701.036206666668
2023,Total nacional,Población ocupada,Población ocupada,Abr - Jun,22787.22184833333
2023,Total nacional,Población ocupada,Población ocupada,May - Jul,22933.833811333334
2023,Total nacional,Población ocupada,Población ocupada,Jun - Ago,23131.70821
2023,Total nacional,Población ocupada,Población ocupada,Jul - Sep,23149.819886666664
2023,Total nacional,Población ocupada,Población ocupada,Ago - Oct,23116.482338666665
2023,Total nacional,Población ocupada,Población ocupada,Sep - Nov,23124.637365333332
2023,Total nacional,Población ocupada,Población ocupada,Oct - Dic,23043.881428666664
2023,Total nacional,Población ocupada,Población ocupada,Nov - Ene,22691.48863133333
2023,Total nacional,Población ocupada,Población ocupada,Dic - Feb,22460.620363666665
2024,Total nacional,Población ocupada,Población ocupada,Ene - Mar,22387.53679433333
2024,Total nacional,Población ocupada,Población ocupada,Feb - Abr,22667.548709333332
2024,Total nacional,Población ocupada,Población ocupada,Mar - May,22846.60044966667
2024,Total nacional,Población ocupada,Población ocupada,Abr - Jun,22938.895007
2024,Total nacional,Población ocupada,Población ocupada,May - Jul,23051.676656666667
2024,Total nacional,Población ocupada,Población ocupada,Jun - Ago,23180.937313666665
2024,Total nacional,Población ocupada,Población ocupada,Jul - Sep,23278.056746000002
2024,Total nacional,Población ocupada,Población ocupada,Ago - Oct,23341.430961333335
2024,Total nacional,Población ocupada,Población ocupada,Sep - Nov,23403.893784333337
2024,Total nacional,Población ocupada,Población ocupada,Oct - Dic,23539.682919
2024,Total nacional,Población ocupada,Población ocupada,Nov - Ene,23376.259302
2024,Total nacional,Población ocupada,Población ocupada,Dic - Feb,23330.997814
2025,Total nacional,Población ocupada,Población ocupada,Ene - Mar,23358.235019
2025,Total nacional,Población ocupada,Población ocupada,Feb - Abr,23582.649624
2025,Total nacional,Población ocupada,Población ocupada,Mar - May,23635.101319
2025,Total nacional,Población ocupada,Población ocupada,Abr - Jun,23651.954433
2025,Total nacional,Población ocupada,Población ocupada,May - Jul,23782.943116
2025,Total nacional,Población ocupada,Población ocupada,Jun - Ago,23844.278902
2025,Total nacional,Población ocupada,Población ocupada,Jul - Sep,23902.24325
2025,Total nacional,Población ocupada,Población ocupada,Ago - Oct,24035.76622
2025,Total nacional,Población ocupada,Población ocupada,Sep - Nov,24298.367977
2025,Total nacional,Población ocupada,Población ocupada,Oct - Dic,24397.302737
2025,Total nacional,Población ocupada,Población ocupada,Nov - Ene,24016.432111
2025,Total nacional,Población ocupada,Población ocupada,Dic - Feb,23848.204876
2026,Total nacional,Población ocupada,Población ocupada,Ene - Mar,23890.987975
2026,Total nacional,Población ocupada,Población ocupada,Feb - Abr,24241.02269
2021,Total nacional,Población ocupada,Microempresa,Ene - Mar,13428.778877666666
2021,Total nacional,Población ocupada,Microempresa,Feb - Abr,13487.410765666666
2021,Total nacional,Población ocupada,Microempresa,Mar - May,13190.099503
2021,Total nacional,Población ocupada,Microempresa,Abr - Jun,13056.248112
2021,Total nacional,Población ocupada,Microempresa,May - Jul,13174.844932333333
2021,Total nacional,Población ocupada,Microempresa,Jun - Ago,13389.275671666664
2021,Total nacional,Población ocupada,Microempresa,Jul - Sep,13413.312581999999
2021,Total nacional,Población ocupada,Microempresa,Ago - Oct,13402.334215666668
2021,Total nacional,Población ocupada,Microempresa,Sep - Nov,13457.756863666667
2021,Total nacional,Población ocupada,Microempresa,Oct - Dic,13651.526639000002
2021,Total nacional,Población ocupada,Microempresa,Nov - Ene,13485.576178333335
2021,Total nacional,Población ocupada,Microempresa,Dic - Feb,13557.160121666668
2022,Total nacional,Población ocupada,Microempresa,Ene - Mar,13596.631480333335
2022,Total nacional,Población ocupada,Microempresa,Feb - Abr,13896.474703
2022,Total nacional,Población ocupada,Microempresa,Mar - May,13864.827880000003
2022,Total nacional,Población ocupada,Microempresa,Abr - Jun,13907.862854333333
2022,Total nacional,Población ocupada,Microempresa,May - Jul,14003.29297
2022,Total nacional,Población ocupada,Microempresa,Jun - Ago,14046.157145
2022,Total nacional,Población ocupada,Microempresa,Jul - Sep,14177.954348333333
2022,Total nacional,Población ocupada,Microempresa,Ago - Oct,14327.924349333334
2022,Total nacional,Población ocupada,Microempresa,Sep - Nov,14396.847471000001
2022,Total nacional,Población ocupada,Microempresa,Oct - Dic,14321.732295666667
2022,Total nacional,Población ocupada,Microempresa,Nov - Ene,13969.419361333334
2022,Total nacional,Población ocupada,Microempresa,Dic - Feb,14029.133783
2023,Total nacional,Población ocupada,Microempresa,Ene - Mar,14203.932292
2023,Total nacional,Población ocupada,Microempresa,Feb - Abr,14451.590596
2023,Total nacional,Población ocupada,Microempresa,Mar - May,14295.442485333333
2023,Total nacional,Población ocupada,Microempresa,Abr - Jun,14163.306989333332
2023,Total nacional,Población ocupada,Microempresa,May - Jul,14258.036710999999
2023,Total nacional,Población ocupada,Microempresa,Jun - Ago,14471.544447666665
2023,Total nacional,Población ocupada,Microempresa,Jul - Sep,14478.382424333331
2023,Total nacional,Población ocupada,Microempresa,Ago - Oct,14367.661324333332
2023,Total nacional,Población ocupada,Microempresa,Sep - Nov,14298.128935333332
2023,Total nacional,Población ocupada,Microempresa,Oct - Dic,14334.689215999999
2023,Total nacional,Población ocupada,Microempresa,Nov - Ene,14177.383804
2023,Total nacional,Población ocupada,Microempresa,Dic - Feb,14127.763187333332
2024,Total nacional,Población ocupada,Microempresa,Ene - Mar,14041.366925666667
2024,Total nacional,Población ocupada,Microempresa,Feb - Abr,14162.295077666668
2024,Total nacional,Población ocupada,Microempresa,Mar - May,14160.172721
2024,Total nacional,Población ocupada,Microempresa,Abr - Jun,14159.704808333334
2024,Total nacional,Población ocupada,Microempresa,May - Jul,14297.832582000001
2024,Total nacional,Población ocupada,Microempresa,Jun - Ago,14444.073294
2024,Total nacional,Población ocupada,Microempresa,Jul - Sep,14511.337726666667
2024,Total nacional,Población ocupada,Microempresa,Ago - Oct,14489.423988333334
2024,Total nacional,Población ocupada,Microempresa,Sep - Nov,14496.696355666667
2024,Total nacional,Población ocupada,Microempresa,Oct - Dic,14702.470877666667
2024,Total nacional,Población ocupada,Microempresa,Nov - Ene,14658.378616
2024,Total nacional,Población ocupada,Microempresa,Dic - Feb,14754.871176
2025,Total nacional,Población ocupada,Microempresa,Ene - Mar,14801.384478
2025,Total nacional,Población ocupada,Microempresa,Feb - Abr,14904.122714
2025,Total nacional,Población ocupada,Microempresa,Mar - May,14786.251332
2025,Total nacional,Población ocupada,Microempresa,Abr - Jun,14636.766407
2025,Total nacional,Población ocupada,Microempresa,May - Jul,14656.775707
2025,Total nacional,Población ocupada,Microempresa,Jun - Ago,14705.822196
2025,Total nacional,Población ocupada,Microempresa,Jul - Sep,14690.606274
2025,Total nacional,Población ocupada,Microempresa,Ago - Oct,14862.954573
2025,Total nacional,Población ocupada,Microempresa,Sep - Nov,15043.869906
2025,Total nacional,Población ocupada,Microempresa,Oct - Dic,15187.2068
2025,Total nacional,Población ocupada,Microempresa,Nov - Ene,14945.184952
2025,Total nacional,Población ocupada,Microempresa,Dic - Feb,14838.221966
2026,Total nacional,Población ocupada,Microempresa,Ene - Mar,14890.118115
2026,Total nacional,Población ocupada,Microempresa,Feb - Abr,14939.114548
2021,Total nacional,Población ocupada,Empresa pequeña,Ene - Mar,2376.930778333333
2021,Total nacional,Población ocupada,Empresa pequeña,Feb - Abr,2365.616847
2021,Total nacional,Población ocupada,Empresa pequeña,Mar - May,2339.0177129999997
2021,Total nacional,Población ocupada,Empresa pequeña,Abr - Jun,2320.74834
2021,Total nacional,Población ocupada,Empresa pequeña,May - Jul,2260.982453
2021,Total nacional,Población ocupada,Empresa pequeña,Jun - Ago,2176.212099
2021,Total nacional,Población ocupada,Empresa pequeña,Jul - Sep,2128.697023333333
2021,Total nacional,Población ocupada,Empresa pequeña,Ago - Oct,2184.000781
2021,Total nacional,Población ocupada,Empresa pequeña,Sep - Nov,2221.8416273333332
2021,Total nacional,Población ocupada,Empresa pequeña,Oct - Dic,2256.025308
2021,Total nacional,Población ocupada,Empresa pequeña,Nov - Ene,2252.2993106666668
2021,Total nacional,Población ocupada,Empresa pequeña,Dic - Feb,2258.6933809999996
2022,Total nacional,Población ocupada,Empresa pequeña,Ene - Mar,2245.349809
2022,Total nacional,Población ocupada,Empresa pequeña,Feb - Abr,2195.7303356666666
2022,Total nacional,Población ocupada,Empresa pequeña,Mar - May,2210.491147
2022,Total nacional,Población ocupada,Empresa pequeña,Abr - Jun,2173.84639
2022,Total nacional,Población ocupada,Empresa pequeña,May - Jul,2205.5926933333335
2022,Total nacional,Población ocupada,Empresa pequeña,Jun - Ago,2228.8124286666666
2022,Total nacional,Población ocupada,Empresa pequeña,Jul - Sep,2294.560328
2022,Total nacional,Población ocupada,Empresa pequeña,Ago - Oct,2237.077655333333
2022,Total nacional,Población ocupada,Empresa pequeña,Sep - Nov,2224.3739923333337
2022,Total nacional,Población ocupada,Empresa pequeña,Oct - Dic,2212.223178333333
2022,Total nacional,Población ocupada,Empresa pequeña,Nov - Ene,2227.60964
2022,Total nacional,Población ocupada,Empresa pequeña,Dic - Feb,2172.9833593333333
2023,Total nacional,Población ocupada,Empresa pequeña,Ene - Mar,2129.1660753333335
2023,Total nacional,Población ocupada,Empresa pequeña,Feb - Abr,2161.3761686666667
2023,Total nacional,Población ocupada,Empresa pequeña,Mar - May,2148.129998666667
2023,Total nacional,Población ocupada,Empresa pequeña,Abr - Jun,2188.4680059999996
2023,Total nacional,Población ocupada,Empresa pequeña,May - Jul,2203.372849
2023,Total nacional,Población ocupada,Empresa pequeña,Jun - Ago,2264.0894999999996
2023,Total nacional,Población ocupada,Empresa pequeña,Jul - Sep,2275.961013
2023,Total nacional,Población ocupada,Empresa pequeña,Ago - Oct,2302.166401666667
2023,Total nacional,Población ocupada,Empresa pequeña,Sep - Nov,2378.6875426666666
2023,Total nacional,Población ocupada,Empresa pequeña,Oct - Dic,2365.5722220000002
2023,Total nacional,Población ocupada,Empresa pequeña,Nov - Ene,2307.210646
2023,Total nacional,Población ocupada,Empresa pequeña,Dic - Feb,2268.9874130000003
2024,Total nacional,Población ocupada,Empresa pequeña,Ene - Mar,2239.040644333333
2024,Total nacional,Población ocupada,Empresa pequeña,Feb - Abr,2291.612348
2024,Total nacional,Población ocupada,Empresa pequeña,Mar - May,2288.8983656666665
2024,Total nacional,Población ocupada,Empresa pequeña,Abr - Jun,2360.6926566666666
2024,Total nacional,Población ocupada,Empresa pequeña,May - Jul,2356.2749136666666
2024,Total nacional,Población ocupada,Empresa pequeña,Jun - Ago,2372.269326
2024,Total nacional,Población ocupada,Empresa pequeña,Jul - Sep,2383.297588
2024,Total nacional,Población ocupada,Empresa pequeña,Ago - Oct,2404.3821726666665
2024,Total nacional,Población ocupada,Empresa pequeña,Sep - Nov,2348.5132863333333
2024,Total nacional,Población ocupada,Empresa pequeña,Oct - Dic,2302.1054946666663
2024,Total nacional,Población ocupada,Empresa pequeña,Nov - Ene,2279.72506
2024,Total nacional,Población ocupada,Empresa pequeña,Dic - Feb,2264.386815
2025,Total nacional,Población ocupada,Empresa pequeña,Ene - Mar,2170.687885
2025,Total nacional,Población ocupada,Empresa pequeña,Feb - Abr,2174.335542
2025,Total nacional,Población ocupada,Empresa pequeña,Mar - May,2237.845154
2025,Total nacional,Población ocupada,Empresa pequeña,Abr - Jun,2350.454473
2025,Total nacional,Población ocupada,Empresa pequeña,May - Jul,2379.538213
2025,Total nacional,Población ocupada,Empresa pequeña,Jun - Ago,2385.003734
2025,Total nacional,Población ocupada,Empresa pequeña,Jul - Sep,2398.600033
2025,Total nacional,Población ocupada,Empresa pequeña,Ago - Oct,2422.270624
2025,Total nacional,Población ocupada,Empresa pequeña,Sep - Nov,2463.75468
2025,Total nacional,Población ocupada,Empresa pequeña,Oct - Dic,2493.558542
2025,Total nacional,Población ocupada,Empresa pequeña,Nov - Ene,2471.611406
2025,Total nacional,Población ocupada,Empresa pequeña,Dic - Feb,2406.99771
2026,Total nacional,Población ocupada,Empresa pequeña,Ene - Mar,2347.826394
2026,Total nacional,Población ocupada,Empresa pequeña,Feb - Abr,2398.528095
2021,Total nacional,Población ocupada,Empresa mediana,Ene - Mar,1492.4112723333335
2021,Total nacional,Población ocupada,Empresa mediana,Feb - Abr,1509.7818963333332
2021,Total nacional,Población ocupada,Empresa mediana,Mar - May,1580.287975
2021,Total nacional,Población ocupada,Empresa mediana,Abr - Jun,1694.567191
2021,Total nacional,Población ocupada,Empresa mediana,May - Jul,1726.5578240000002
2021,Total nacional,Población ocupada,Empresa mediana,Jun - Ago,1667.225126
2021,Total nacional,Población ocupada,Empresa mediana,Jul - Sep,1627.8838159999998
2021,Total nacional,Población ocupada,Empresa mediana,Ago - Oct,1647.911296
2021,Total nacional,Población ocupada,Empresa mediana,Sep - Nov,1721.3311763333334
2021,Total nacional,Población ocupada,Empresa mediana,Oct - Dic,1750.249075
2021,Total nacional,Población ocupada,Empresa mediana,Nov - Ene,1740.6755036666666
2021,Total nacional,Población ocupada,Empresa mediana,Dic - Feb,1667.8255466666667
2022,Total nacional,Población ocupada,Empresa mediana,Ene - Mar,1574.6386223333332
2022,Total nacional,Población ocupada,Empresa mediana,Feb - Abr,1541.6024853333336
2022,Total nacional,Población ocupada,Empresa mediana,Mar - May,1571.6271246666665
2022,Total nacional,Población ocupada,Empresa mediana,Abr - Jun,1584.452552
2022,Total nacional,Población ocupada,Empresa mediana,May - Jul,1544.4416703333334
2022,Total nacional,Población ocupada,Empresa mediana,Jun - Ago,1543.1225926666666
2022,Total nacional,Población ocupada,Empresa mediana,Jul - Sep,1514.5498186666666
2022,Total nacional,Población ocupada,Empresa mediana,Ago - Oct,1562.9990316666665
2022,Total nacional,Población ocupada,Empresa mediana,Sep - Nov,1590.2369850000002
2022,Total nacional,Población ocupada,Empresa mediana,Oct - Dic,1677.0168753333335
2022,Total nacional,Población ocupada,Empresa mediana,Nov - Ene,1676.5795783333333
2022,Total nacional,Población ocupada,Empresa mediana,Dic - Feb,1607.1677433333334
2023,Total nacional,Población ocupada,Empresa mediana,Ene - Mar,1585.9543556666667
2023,Total nacional,Población ocupada,Empresa mediana,Feb - Abr,1551.308678333333
2023,Total nacional,Población ocupada,Empresa mediana,Mar - May,1596.950234
2023,Total nacional,Población ocupada,Empresa mediana,Abr - Jun,1596.8757356666665
2023,Total nacional,Población ocupada,Empresa mediana,May - Jul,1610.9592433333335
2023,Total nacional,Población ocupada,Empresa mediana,Jun - Ago,1607.9988653333332
2023,Total nacional,Población ocupada,Empresa mediana,Jul - Sep,1608.4389993333334
2023,Total nacional,Población ocupada,Empresa mediana,Ago - Oct,1637.1958016666667
2023,Total nacional,Población ocupada,Empresa mediana,Sep - Nov,1596.9729783333332
2023,Total nacional,Población ocupada,Empresa mediana,Oct - Dic,1562.4569136666667
2023,Total nacional,Población ocupada,Empresa mediana,Nov - Ene,1594.42012
2023,Total nacional,Población ocupada,Empresa mediana,Dic - Feb,1601.3888473333334
2024,Total nacional,Población ocupada,Empresa mediana,Ene - Mar,1615.269631
2024,Total nacional,Población ocupada,Empresa mediana,Feb - Abr,1547.1822843333332
2024,Total nacional,Población ocupada,Empresa mediana,Mar - May,1593.6746123333332
2024,Total nacional,Población ocupada,Empresa mediana,Abr - Jun,1607.3763073333332
2024,Total nacional,Población ocupada,Empresa mediana,May - Jul,1651.9971613333335
2024,Total nacional,Población ocupada,Empresa mediana,Jun - Ago,1622.6554800000001
2024,Total nacional,Población ocupada,Empresa mediana,Jul - Sep,1617.1718883333333
2024,Total nacional,Población ocupada,Empresa mediana,Ago - Oct,1603.387495
2024,Total nacional,Población ocupada,Empresa mediana,Sep - Nov,1564.0327506666665
2024,Total nacional,Población ocupada,Empresa mediana,Oct - Dic,1532.8220220000003
2024,Total nacional,Población ocupada,Empresa mediana,Nov - Ene,1502.586525
2024,Total nacional,Población ocupada,Empresa mediana,Dic - Feb,1513.395714
2025,Total nacional,Población ocupada,Empresa mediana,Ene - Mar,1525.865601
2025,Total nacional,Población ocupada,Empresa mediana,Feb - Abr,1554.793978
2025,Total nacional,Población ocupada,Empresa mediana,Mar - May,1571.664191
2025,Total nacional,Población ocupada,Empresa mediana,Abr - Jun,1544.230149
2025,Total nacional,Población ocupada,Empresa mediana,May - Jul,1505.803526
2025,Total nacional,Población ocupada,Empresa mediana,Jun - Ago,1476.920124
2025,Total nacional,Población ocupada,Empresa mediana,Jul - Sep,1501.602387
2025,Total nacional,Población ocupada,Empresa mediana,Ago - Oct,1550.473885
2025,Total nacional,Población ocupada,Empresa mediana,Sep - Nov,1615.715796
2025,Total nacional,Población ocupada,Empresa mediana,Oct - Dic,1627.910774
2025,Total nacional,Población ocupada,Empresa mediana,Nov - Ene,1580.56278
2025,Total nacional,Población ocupada,Empresa mediana,Dic - Feb,1537.911454
2026,Total nacional,Población ocupada,Empresa mediana,Ene - Mar,1526.243951
2026,Total nacional,Población ocupada,Empresa mediana,Feb - Abr,1568.584915
2021,Total nacional,Población ocupada,Empresa grande,Ene - Mar,2489.0895306666666
2021,Total nacional,Población ocupada,Empresa grande,Feb - Abr,2641.3480036666665
2021,Total nacional,Población ocupada,Empresa grande,Mar - May,2837.032955
2021,Total nacional,Población ocupada,Empresa grande,Abr - Jun,2867.693579666667
2021,Total nacional,Población ocupada,Empresa grande,May - Jul,2997.0320410000004
2021,Total nacional,Población ocupada,Empresa grande,Jun - Ago,3122.7380173333336
2021,Total nacional,Población ocupada,Empresa grande,Jul - Sep,3388.313282333333
2021,Total nacional,Población ocupada,Empresa grande,Ago - Oct,3546.4894929999996
2021,Total nacional,Población ocupada,Empresa grande,Sep - Nov,3609.9521136666667
2021,Total nacional,Población ocupada,Empresa grande,Oct - Dic,3624.490774
2021,Total nacional,Población ocupada,Empresa grande,Nov - Ene,3674.173945
2021,Total nacional,Población ocupada,Empresa grande,Dic - Feb,3806.991942666666
2022,Total nacional,Población ocupada,Empresa grande,Ene - Mar,3935.5578813333327
2022,Total nacional,Población ocupada,Empresa grande,Feb - Abr,4138.906884999999
2022,Total nacional,Población ocupada,Empresa grande,Mar - May,4293.715875999999
2022,Total nacional,Población ocupada,Empresa grande,Abr - Jun,4388.755718666666
2022,Total nacional,Población ocupada,Empresa grande,May - Jul,4334.145847
2022,Total nacional,Población ocupada,Empresa grande,Jun - Ago,4261.127837
2022,Total nacional,Población ocupada,Empresa grande,Jul - Sep,4214.401467
2022,Total nacional,Población ocupada,Empresa grande,Ago - Oct,4257.127756333332
2022,Total nacional,Población ocupada,Empresa grande,Sep - Nov,4282.427976
2022,Total nacional,Población ocupada,Empresa grande,Oct - Dic,4309.186272333333
2022,Total nacional,Población ocupada,Empresa grande,Nov - Ene,4275.055428999999
2022,Total nacional,Población ocupada,Empresa grande,Dic - Feb,4254.8507113333335
2023,Total nacional,Población ocupada,Empresa grande,Ene - Mar,4253.599128333333
2023,Total nacional,Población ocupada,Empresa grande,Feb - Abr,4425.1734050000005
2023,Total nacional,Población ocupada,Empresa grande,Mar - May,4660.513488333333
2023,Total nacional,Población ocupada,Empresa grande,Abr - Jun,4838.571117
2023,Total nacional,Población ocupada,Empresa grande,May - Jul,4861.465008
2023,Total nacional,Población ocupada,Empresa grande,Jun - Ago,4788.0753970000005
2023,Total nacional,Población ocupada,Empresa grande,Jul - Sep,4787.037450333333
2023,Total nacional,Población ocupada,Empresa grande,Ago - Oct,4809.458811333333
2023,Total nacional,Población ocupada,Empresa grande,Sep - Nov,4850.847909
2023,Total nacional,Población ocupada,Empresa grande,Oct - Dic,4781.163076333333
2023,Total nacional,Población ocupada,Empresa grande,Nov - Ene,4612.474060333334
2023,Total nacional,Población ocupada,Empresa grande,Dic - Feb,4462.480915
2024,Total nacional,Población ocupada,Empresa grande,Ene - Mar,4491.859593
2024,Total nacional,Población ocupada,Empresa grande,Feb - Abr,4666.4589989999995
2024,Total nacional,Población ocupada,Empresa grande,Mar - May,4803.854751
2024,Total nacional,Población ocupada,Empresa grande,Abr - Jun,4811.121234333333
2024,Total nacional,Población ocupada,Empresa grande,May - Jul,4745.571999666667
2024,Total nacional,Población ocupada,Empresa grande,Jun - Ago,4741.939213000001
2024,Total nacional,Población ocupada,Empresa grande,Jul - Sep,4766.249542666667
2024,Total nacional,Población ocupada,Empresa grande,Ago - Oct,4844.237305
2024,Total nacional,Población ocupada,Empresa grande,Sep - Nov,4994.651391666667
2024,Total nacional,Población ocupada,Empresa grande,Oct - Dic,5002.284524666667
2024,Total nacional,Población ocupada,Empresa grande,Nov - Ene,4935.569101
2024,Total nacional,Población ocupada,Empresa grande,Dic - Feb,4798.344109
2025,Total nacional,Población ocupada,Empresa grande,Ene - Mar,4860.297056
2025,Total nacional,Población ocupada,Empresa grande,Feb - Abr,4949.397391
2025,Total nacional,Población ocupada,Empresa grande,Mar - May,5039.340641
2025,Total nacional,Población ocupada,Empresa grande,Abr - Jun,5120.503405
2025,Total nacional,Población ocupada,Empresa grande,May - Jul,5240.825671
2025,Total nacional,Población ocupada,Empresa grande,Jun - Ago,5276.532848
2025,Total nacional,Población ocupada,Empresa grande,Jul - Sep,5311.434556
2025,Total nacional,Población ocupada,Empresa grande,Ago - Oct,5200.067138
2025,Total nacional,Población ocupada,Empresa grande,Sep - Nov,5175.027595
2025,Total nacional,Población ocupada,Empresa grande,Oct - Dic,5088.626621
2025,Total nacional,Población ocupada,Empresa grande,Nov - Ene,5019.072974
2025,Total nacional,Población ocupada,Empresa grande,Dic - Feb,5065.073746
2026,Total nacional,Población ocupada,Empresa grande,Ene - Mar,5126.799515
2026,Total nacional,Población ocupada,Empresa grande,Feb - Abr,5334.795131
2021,Total nacional,Formal,Formal,Ene - Mar,7785.653908666667
2021,Total nacional,Formal,Formal,Feb - Abr,7909.355157000001
2021,Total nacional,Formal,Formal,Mar - May,8072.084484
2021,Total nacional,Formal,Formal,Abr - Jun,8129.446118333333
2021,Total nacional,Formal,Formal,May - Jul,8238.332096666667
2021,Total nacional,Formal,Formal,Jun - Ago,8213.251104
2021,Total nacional,Formal,Formal,Jul - Sep,8379.499542
2021,Total nacional,Formal,Formal,Ago - Oct,8468.644289000002
2021,Total nacional,Formal,Formal,Sep - Nov,8699.100822
2021,Total nacional,Formal,Formal,Oct - Dic,8786.183250666667
2021,Total nacional,Formal,Formal,Nov - Ene,8877.007702666668
2021,Total nacional,Formal,Formal,Dic - Feb,8866.115357
2022,Total nacional,Formal,Formal,Ene - Mar,8871.164574
2022,Total nacional,Formal,Formal,Feb - Abr,8972.862147
2022,Total nacional,Formal,Formal,Mar - May,9209.821490666667
2022,Total nacional,Formal,Formal,Abr - Jun,9319.959230333334
2022,Total nacional,Formal,Formal,May - Jul,9320.579292666667
2022,Total nacional,Formal,Formal,Jun - Ago,9295.435332333333
2022,Total nacional,Formal,Formal,Jul - Sep,9317.692012
2022,Total nacional,Formal,Formal,Ago - Oct,9435.209284333332
2022,Total nacional,Formal,Formal,Sep - Nov,9449.594036333334
2022,Total nacional,Formal,Formal,Oct - Dic,9555.084776000002
2022,Total nacional,Formal,Formal,Nov - Ene,9378.897764333333
2022,Total nacional,Formal,Formal,Dic - Feb,9306.445961
2023,Total nacional,Formal,Formal,Ene - Mar,9275.529452333334
2023,Total nacional,Formal,Formal,Feb - Abr,9606.630535666665
2023,Total nacional,Formal,Formal,Mar - May,9844.298999666666
2023,Total nacional,Formal,Formal,Abr - Jun,10086.912075666667
2023,Total nacional,Formal,Formal,May - Jul,10109.484209666667
2023,Total nacional,Formal,Formal,Jun - Ago,10185.146267999999
2023,Total nacional,Formal,Formal,Jul - Sep,10163.486025
2023,Total nacional,Formal,Formal,Ago - Oct,10240.098126333332
2023,Total nacional,Formal,Formal,Sep - Nov,10298.674289
2023,Total nacional,Formal,Formal,Oct - Dic,10251.100362666666
2023,Total nacional,Formal,Formal,Nov - Ene,10054.055346000001
2023,Total nacional,Formal,Formal,Dic - Feb,9815.573713
2024,Total nacional,Formal,Formal,Ene - Mar,9792.551913333335
2024,Total nacional,Formal,Formal,Feb - Abr,9911.884756
2024,Total nacional,Formal,Formal,Mar - May,10090.831013666668
2024,Total nacional,Formal,Formal,Abr - Jun,10143.182266666667
2024,Total nacional,Formal,Formal,May - Jul,10172.497691666666
2024,Total nacional,Formal,Formal,Jun - Ago,10204.013674
2024,Total nacional,Formal,Formal,Jul - Sep,10280.891537666668
2024,Total nacional,Formal,Formal,Ago - Oct,10365.881872
2024,Total nacional,Formal,Formal,Sep - Nov,10452.200478666668
2024,Total nacional,Formal,Formal,Oct - Dic,10416.460848333334
2024,Total nacional,Formal,Formal,Nov - Ene,10278.111016
2024,Total nacional,Formal,Formal,Dic - Feb,10070.076338
2025,Total nacional,Formal,Formal,Ene - Mar,10004.248083
2025,Total nacional,Formal,Formal,Feb - Abr,10193.976907
2025,Total nacional,Formal,Formal,Mar - May,10415.646119
2025,Total nacional,Formal,Formal,Abr - Jun,10633.526133
2025,Total nacional,Formal,Formal,May - Jul,10707.799927
2025,Total nacional,Formal,Formal,Jun - Ago,10686.791196
2025,Total nacional,Formal,Formal,Jul - Sep,10754.485423
2025,Total nacional,Formal,Formal,Ago - Oct,10710.24066
2025,Total nacional,Formal,Formal,Sep - Nov,10848.084908
2025,Total nacional,Formal,Formal,Oct - Dic,10811.989069
2025,Total nacional,Formal,Formal,Nov - Ene,10726.999686
2025,Total nacional,Formal,Formal,Dic - Feb,10659.72814
2026,Total nacional,Formal,Formal,Ene - Mar,10672.697775
2026,Total nacional,Formal,Formal,Feb - Abr,10896.187587
2021,Total nacional,Formal,Microempresa,Ene - Mar,2355.1082743333336
2021,Total nacional,Formal,Microempresa,Feb - Abr,2274.9905403333337
2021,Total nacional,Formal,Microempresa,Mar - May,2144.5505516666667
2021,Total nacional,Formal,Microempresa,Abr - Jun,2066.287291
2021,Total nacional,Formal,Microempresa,May - Jul,2025.841273
2021,Total nacional,Formal,Microempresa,Jun - Ago,1989.6157513333335
2021,Total nacional,Formal,Microempresa,Jul - Sep,2013.994300333333
2021,Total nacional,Formal,Microempresa,Ago - Oct,1950.0252503333334
2021,Total nacional,Formal,Microempresa,Sep - Nov,2034.5200133333335
2021,Total nacional,Formal,Microempresa,Oct - Dic,2051.996418
2021,Total nacional,Formal,Microempresa,Nov - Ene,2040.209366
2021,Total nacional,Formal,Microempresa,Dic - Feb,1973.3348863333333
2022,Total nacional,Formal,Microempresa,Ene - Mar,1967.5985353333333
2022,Total nacional,Formal,Microempresa,Feb - Abr,2001.2377479999998
2022,Total nacional,Formal,Microempresa,Mar - May,2050.837043
2022,Total nacional,Formal,Microempresa,Abr - Jun,2045.507410333333
2022,Total nacional,Formal,Microempresa,May - Jul,2079.200143
2022,Total nacional,Formal,Microempresa,Jun - Ago,2095.2924043333337
2022,Total nacional,Formal,Microempresa,Jul - Sep,2153.068843333333
2022,Total nacional,Formal,Microempresa,Ago - Oct,2210.5159516666668
2022,Total nacional,Formal,Microempresa,Sep - Nov,2227.527618
2022,Total nacional,Formal,Microempresa,Oct - Dic,2215.2766923333334
2022,Total nacional,Formal,Microempresa,Nov - Ene,2095.60189
2022,Total nacional,Formal,Microempresa,Dic - Feb,2072.008534666667
2023,Total nacional,Formal,Microempresa,Ene - Mar,2085.581565
2023,Total nacional,Formal,Microempresa,Feb - Abr,2189.749187
2023,Total nacional,Formal,Microempresa,Mar - May,2161.2624573333333
2023,Total nacional,Formal,Microempresa,Abr - Jun,2191.5649049999997
2023,Total nacional,Formal,Microempresa,May - Jul,2162.612502333333
2023,Total nacional,Formal,Microempresa,Jun - Ago,2269.7952833333334
2023,Total nacional,Formal,Microempresa,Jul - Sep,2244.836856333333
2023,Total nacional,Formal,Microempresa,Ago - Oct,2278.5376266666663
2023,Total nacional,Formal,Microempresa,Sep - Nov,2242.6330463333334
2023,Total nacional,Formal,Microempresa,Oct - Dic,2270.0135750000004
2023,Total nacional,Formal,Microempresa,Nov - Ene,2222.1066499999997
2023,Total nacional,Formal,Microempresa,Dic - Feb,2203.832260333333
2024,Total nacional,Formal,Microempresa,Ene - Mar,2170.615502
2024,Total nacional,Formal,Microempresa,Feb - Abr,2171.1778286666668
2024,Total nacional,Formal,Microempresa,Mar - May,2148.8864633333337
2024,Total nacional,Formal,Microempresa,Abr - Jun,2168.5234036666666
2024,Total nacional,Formal,Microempresa,May - Jul,2179.6458366666666
2024,Total nacional,Formal,Microempresa,Jun - Ago,2214.446816
2024,Total nacional,Formal,Microempresa,Jul - Sep,2196.0184353333334
2024,Total nacional,Formal,Microempresa,Ago - Oct,2222.484072333333
2024,Total nacional,Formal,Microempresa,Sep - Nov,2237.7314913333335
2024,Total nacional,Formal,Microempresa,Oct - Dic,2267.4268610000004
2024,Total nacional,Formal,Microempresa,Nov - Ene,2240.473465
2024,Total nacional,Formal,Microempresa,Dic - Feb,2178.44864
2025,Total nacional,Formal,Microempresa,Ene - Mar,2117.276131
2025,Total nacional,Formal,Microempresa,Feb - Abr,2171.92245
2025,Total nacional,Formal,Microempresa,Mar - May,2223.318864
2025,Total nacional,Formal,Microempresa,Abr - Jun,2278.138396
2025,Total nacional,Formal,Microempresa,May - Jul,2253.891782
2025,Total nacional,Formal,Microempresa,Jun - Ago,2233.40124
2025,Total nacional,Formal,Microempresa,Jul - Sep,2249.880364
2025,Total nacional,Formal,Microempresa,Ago - Oct,2250.239385
2025,Total nacional,Formal,Microempresa,Sep - Nov,2332.343754
2025,Total nacional,Formal,Microempresa,Oct - Dic,2359.841291
2025,Total nacional,Formal,Microempresa,Nov - Ene,2383.896238
2025,Total nacional,Formal,Microempresa,Dic - Feb,2334.376666
2026,Total nacional,Formal,Microempresa,Ene - Mar,2335.415781
2026,Total nacional,Formal,Microempresa,Feb - Abr,2293.21304
2021,Total nacional,Formal,Empresa pequeña,Ene - Mar,1822.7867143333333
2021,Total nacional,Formal,Empresa pequeña,Feb - Abr,1823.3912400000002
2021,Total nacional,Formal,Empresa pequeña,Mar - May,1842.1178956666665
2021,Total nacional,Formal,Empresa pequeña,Abr - Jun,1828.4892676666666
2021,Total nacional,Formal,Empresa pequeña,May - Jul,1806.8251573333334
2021,Total nacional,Formal,Empresa pequeña,Jun - Ago,1728.5243266666666
2021,Total nacional,Formal,Empresa pequeña,Jul - Sep,1662.2587839999999
2021,Total nacional,Formal,Empresa pequeña,Ago - Oct,1682.0459863333333
2021,Total nacional,Formal,Empresa pequeña,Sep - Nov,1703.871477
2021,Total nacional,Formal,Empresa pequeña,Oct - Dic,1724.8894346666666
2021,Total nacional,Formal,Empresa pequeña,Nov - Ene,1735.152051
2021,Total nacional,Formal,Empresa pequeña,Dic - Feb,1736.5286483333332
2022,Total nacional,Formal,Empresa pequeña,Ene - Mar,1729.0046023333332
2022,Total nacional,Formal,Empresa pequeña,Feb - Abr,1653.639237
2022,Total nacional,Formal,Empresa pequeña,Mar - May,1658.2428360000001
2022,Total nacional,Formal,Empresa pequeña,Abr - Jun,1639.30904
2022,Total nacional,Formal,Empresa pequeña,May - Jul,1685.7101783333335
2022,Total nacional,Formal,Empresa pequeña,Jun - Ago,1705.3797380000003
2022,Total nacional,Formal,Empresa pequeña,Jul - Sep,1739.7767683333332
2022,Total nacional,Formal,Empresa pequeña,Ago - Oct,1696.7336616666669
2022,Total nacional,Formal,Empresa pequeña,Sep - Nov,1665.3106013333334
2022,Total nacional,Formal,Empresa pequeña,Oct - Dic,1677.2984456666666
2022,Total nacional,Formal,Empresa pequeña,Nov - Ene,1676.6377066666666
2022,Total nacional,Formal,Empresa pequeña,Dic - Feb,1667.058488
2023,Total nacional,Formal,Empresa pequeña,Ene - Mar,1634.6293386666669
2023,Total nacional,Formal,Empresa pequeña,Feb - Abr,1708.4257166666666
2023,Total nacional,Formal,Empresa pequeña,Mar - May,1700.2763266666668
2023,Total nacional,Formal,Empresa pequeña,Abr - Jun,1717.4156113333331
2023,Total nacional,Formal,Empresa pequeña,May - Jul,1698.06737
2023,Total nacional,Formal,Empresa pequeña,Jun - Ago,1745.7702663333332
2023,Total nacional,Formal,Empresa pequeña,Jul - Sep,1773.3392116666666
2023,Total nacional,Formal,Empresa pequeña,Ago - Oct,1774.383325
2023,Total nacional,Formal,Empresa pequeña,Sep - Nov,1851.6968796666667
2023,Total nacional,Formal,Empresa pequeña,Oct - Dic,1863.0919836666665
2023,Total nacional,Formal,Empresa pequeña,Nov - Ene,1843.5683219999999
2023,Total nacional,Formal,Empresa pequeña,Dic - Feb,1776.882963666667
2024,Total nacional,Formal,Empresa pequeña,Ene - Mar,1735.7505716666667
2024,Total nacional,Formal,Empresa pequeña,Feb - Abr,1762.3637003333333
2024,Total nacional,Formal,Empresa pequeña,Mar - May,1769.1398096666665
2024,Total nacional,Formal,Empresa pequeña,Abr - Jun,1802.4674743333335
2024,Total nacional,Formal,Empresa pequeña,May - Jul,1826.509902
2024,Total nacional,Formal,Empresa pequeña,Jun - Ago,1856.5125053333334
2024,Total nacional,Formal,Empresa pequeña,Jul - Sep,1904.7387813333335
2024,Total nacional,Formal,Empresa pequeña,Ago - Oct,1905.7761886666667
2024,Total nacional,Formal,Empresa pequeña,Sep - Nov,1856.7716626666668
2024,Total nacional,Formal,Empresa pequeña,Oct - Dic,1818.995659
2024,Total nacional,Formal,Empresa pequeña,Nov - Ene,1805.224289
2024,Total nacional,Formal,Empresa pequeña,Dic - Feb,1803.73737
2025,Total nacional,Formal,Empresa pequeña,Ene - Mar,1729.896518
2025,Total nacional,Formal,Empresa pequeña,Feb - Abr,1736.877881
2025,Total nacional,Formal,Empresa pequeña,Mar - May,1797.688727
2025,Total nacional,Formal,Empresa pequeña,Abr - Jun,1886.866239
2025,Total nacional,Formal,Empresa pequeña,May - Jul,1905.926966
2025,Total nacional,Formal,Empresa pequeña,Jun - Ago,1899.710901
2025,Total nacional,Formal,Empresa pequeña,Jul - Sep,1906.110686
2025,Total nacional,Formal,Empresa pequeña,Ago - Oct,1914.695357
2025,Total nacional,Formal,Empresa pequeña,Sep - Nov,1923.194129
2025,Total nacional,Formal,Empresa pequeña,Oct - Dic,1938.615697
2025,Total nacional,Formal,Empresa pequeña,Nov - Ene,1943.422228
2025,Total nacional,Formal,Empresa pequeña,Dic - Feb,1906.541188
2026,Total nacional,Formal,Empresa pequeña,Ene - Mar,1860.467601
2026,Total nacional,Formal,Empresa pequeña,Feb - Abr,1887.845116
2021,Total nacional,Formal,Empresa mediana,Ene - Mar,1318.9767543333335
2021,Total nacional,Formal,Empresa mediana,Feb - Abr,1356.5766433333333
2021,Total nacional,Formal,Empresa mediana,Mar - May,1426.3235793333333
2021,Total nacional,Formal,Empresa mediana,Abr - Jun,1524.7008509999998
2021,Total nacional,Formal,Empresa mediana,May - Jul,1561.040406
2021,Total nacional,Formal,Empresa mediana,Jun - Ago,1522.5466253333334
2021,Total nacional,Formal,Empresa mediana,Jul - Sep,1481.5678099999998
2021,Total nacional,Formal,Empresa mediana,Ago - Oct,1481.5557363333335
2021,Total nacional,Formal,Empresa mediana,Sep - Nov,1546.844564
2021,Total nacional,Formal,Empresa mediana,Oct - Dic,1590.7207476666665
2021,Total nacional,Formal,Empresa mediana,Nov - Ene,1603.6137843333333
2021,Total nacional,Formal,Empresa mediana,Dic - Feb,1535.6675053333336
2022,Total nacional,Formal,Empresa mediana,Ene - Mar,1435.0796696666666
2022,Total nacional,Formal,Empresa mediana,Feb - Abr,1401.2989679999998
2022,Total nacional,Formal,Empresa mediana,Mar - May,1438.221757
2022,Total nacional,Formal,Empresa mediana,Abr - Jun,1456.9120533333335
2022,Total nacional,Formal,Empresa mediana,May - Jul,1419.9073836666666
2022,Total nacional,Formal,Empresa mediana,Jun - Ago,1417.4887793333335
2022,Total nacional,Formal,Empresa mediana,Jul - Sep,1395.5369953333336
2022,Total nacional,Formal,Empresa mediana,Ago - Oct,1440.8324476666667
2022,Total nacional,Formal,Empresa mediana,Sep - Nov,1451.98914
2022,Total nacional,Formal,Empresa mediana,Oct - Dic,1531.6834853333332
2022,Total nacional,Formal,Empresa mediana,Nov - Ene,1521.9238016666666
2022,Total nacional,Formal,Empresa mediana,Dic - Feb,1478.9685
2023,Total nacional,Formal,Empresa mediana,Ene - Mar,1461.072011
2023,Total nacional,Formal,Empresa mediana,Feb - Abr,1440.5002133333335
2023,Total nacional,Formal,Empresa mediana,Mar - May,1488.4212003333334
2023,Total nacional,Formal,Empresa mediana,Abr - Jun,1497.4039723333335
2023,Total nacional,Formal,Empresa mediana,May - Jul,1517.2918136666667
2023,Total nacional,Formal,Empresa mediana,Jun - Ago,1501.7251526666666
2023,Total nacional,Formal,Empresa mediana,Jul - Sep,1496.3569643333333
2023,Total nacional,Formal,Empresa mediana,Ago - Oct,1523.0929426666669
2023,Total nacional,Formal,Empresa mediana,Sep - Nov,1498.36301
2023,Total nacional,Formal,Empresa mediana,Oct - Dic,1469.834974
2023,Total nacional,Formal,Empresa mediana,Nov - Ene,1508.4239339999997
2023,Total nacional,Formal,Empresa mediana,Dic - Feb,1514.5208386666666
2024,Total nacional,Formal,Empresa mediana,Ene - Mar,1526.3141876666666
2024,Total nacional,Formal,Empresa mediana,Feb - Abr,1457.5750933333331
2024,Total nacional,Formal,Empresa mediana,Mar - May,1503.2786903333333
2024,Total nacional,Formal,Empresa mediana,Abr - Jun,1507.9961553333333
2024,Total nacional,Formal,Empresa mediana,May - Jul,1551.0243596666667
2024,Total nacional,Formal,Empresa mediana,Jun - Ago,1518.9651966666668
2024,Total nacional,Formal,Empresa mediana,Jul - Sep,1527.2522246666667
2024,Total nacional,Formal,Empresa mediana,Ago - Oct,1517.4973746666667
2024,Total nacional,Formal,Empresa mediana,Sep - Nov,1484.3521083333333
2024,Total nacional,Formal,Empresa mediana,Oct - Dic,1463.8917256666666
2024,Total nacional,Formal,Empresa mediana,Nov - Ene,1428.502413
2024,Total nacional,Formal,Empresa mediana,Dic - Feb,1435.48676
2025,Total nacional,Formal,Empresa mediana,Ene - Mar,1436.693593
2025,Total nacional,Formal,Empresa mediana,Feb - Abr,1465.505055
2025,Total nacional,Formal,Empresa mediana,Mar - May,1483.198409
2025,Total nacional,Formal,Empresa mediana,Abr - Jun,1460.824742
2025,Total nacional,Formal,Empresa mediana,May - Jul,1428.882903
2025,Total nacional,Formal,Empresa mediana,Jun - Ago,1401.940534
2025,Total nacional,Formal,Empresa mediana,Jul - Sep,1426.243195
2025,Total nacional,Formal,Empresa mediana,Ago - Oct,1473.28279
2025,Total nacional,Formal,Empresa mediana,Sep - Nov,1530.310199
2025,Total nacional,Formal,Empresa mediana,Oct - Dic,1532.871083
2025,Total nacional,Formal,Empresa mediana,Nov - Ene,1494.714871
2025,Total nacional,Formal,Empresa mediana,Dic - Feb,1463.646441
2026,Total nacional,Formal,Empresa mediana,Ene - Mar,1460.355652
2026,Total nacional,Formal,Empresa mediana,Feb - Abr,1495.729402
2021,Total nacional,Formal,Empresa grande,Ene - Mar,2288.7821653333335
2021,Total nacional,Formal,Empresa grande,Feb - Abr,2454.3967329999996
2021,Total nacional,Formal,Empresa grande,Mar - May,2659.0924573333336
2021,Total nacional,Formal,Empresa grande,Abr - Jun,2709.968709
2021,Total nacional,Formal,Empresa grande,May - Jul,2844.6252603333337
2021,Total nacional,Formal,Empresa grande,Jun - Ago,2972.5644006666666
2021,Total nacional,Formal,Empresa grande,Jul - Sep,3221.6786473333336
2021,Total nacional,Formal,Empresa grande,Ago - Oct,3355.0173156666665
2021,Total nacional,Formal,Empresa grande,Sep - Nov,3413.8647676666665
2021,Total nacional,Formal,Empresa grande,Oct - Dic,3418.5766506666664
2021,Total nacional,Formal,Empresa grande,Nov - Ene,3498.0325016666666
2021,Total nacional,Formal,Empresa grande,Dic - Feb,3620.5843169999994
2022,Total nacional,Formal,Empresa grande,Ene - Mar,3739.4817666666663
2022,Total nacional,Formal,Empresa grande,Feb - Abr,3916.686194
2022,Total nacional,Formal,Empresa grande,Mar - May,4062.5198546666666
2022,Total nacional,Formal,Empresa grande,Abr - Jun,4178.230726666666
2022,Total nacional,Formal,Empresa grande,May - Jul,4135.761587333333
2022,Total nacional,Formal,Empresa grande,Jun - Ago,4077.2744103333334
2022,Total nacional,Formal,Empresa grande,Jul - Sep,4029.3094046666665
2022,Total nacional,Formal,Empresa grande,Ago - Oct,4087.127223
2022,Total nacional,Formal,Empresa grande,Sep - Nov,4104.766676666667
2022,Total nacional,Formal,Empresa grande,Oct - Dic,4130.826152333333
2022,Total nacional,Formal,Empresa grande,Nov - Ene,4084.734366
2022,Total nacional,Formal,Empresa grande,Dic - Feb,4088.4104386666672
2023,Total nacional,Formal,Empresa grande,Ene - Mar,4094.246538333333
2023,Total nacional,Formal,Empresa grande,Feb - Abr,4267.955419333333
2023,Total nacional,Formal,Empresa grande,Mar - May,4494.339015666667
2023,Total nacional,Formal,Empresa grande,Abr - Jun,4680.5275870000005
2023,Total nacional,Formal,Empresa grande,May - Jul,4731.512523666667
2023,Total nacional,Formal,Empresa grande,Jun - Ago,4667.855565666667
2023,Total nacional,Formal,Empresa grande,Jul - Sep,4648.952993
2023,Total nacional,Formal,Empresa grande,Ago - Oct,4664.084232666667
2023,Total nacional,Formal,Empresa grande,Sep - Nov,4705.981353666666
2023,Total nacional,Formal,Empresa grande,Oct - Dic,4648.159830333333
2023,Total nacional,Formal,Empresa grande,Nov - Ene,4479.956439999999
2023,Total nacional,Formal,Empresa grande,Dic - Feb,4320.33765
2024,Total nacional,Formal,Empresa grande,Ene - Mar,4359.871651333334
2024,Total nacional,Formal,Empresa grande,Feb - Abr,4520.7681330000005
2024,Total nacional,Formal,Empresa grande,Mar - May,4669.5260499999995
2024,Total nacional,Formal,Empresa grande,Abr - Jun,4664.195233666666
2024,Total nacional,Formal,Empresa grande,May - Jul,4615.317593666667
2024,Total nacional,Formal,Empresa grande,Jun - Ago,4614.089156333334
2024,Total nacional,Formal,Empresa grande,Jul - Sep,4652.882096333334
2024,Total nacional,Formal,Empresa grande,Ago - Oct,4720.124236333334
2024,Total nacional,Formal,Empresa grande,Sep - Nov,4873.345216000001
2024,Total nacional,Formal,Empresa grande,Oct - Dic,4866.146602333333
2024,Total nacional,Formal,Empresa grande,Nov - Ene,4803.910849
2024,Total nacional,Formal,Empresa grande,Dic - Feb,4652.403568
2025,Total nacional,Formal,Empresa grande,Ene - Mar,4720.381841
2025,Total nacional,Formal,Empresa grande,Feb - Abr,4819.671522
2025,Total nacional,Formal,Empresa grande,Mar - May,4911.44012
2025,Total nacional,Formal,Empresa grande,Abr - Jun,5007.696756
2025,Total nacional,Formal,Empresa grande,May - Jul,5119.098276
2025,Total nacional,Formal,Empresa grande,Jun - Ago,5151.738521
2025,Total nacional,Formal,Empresa grande,Jul - Sep,5172.251178
2025,Total nacional,Formal,Empresa grande,Ago - Oct,5072.023128
2025,Total nacional,Formal,Empresa grande,Sep - Nov,5062.236825
2025,Total nacional,Formal,Empresa grande,Oct - Dic,4980.660998
2025,Total nacional,Formal,Empresa grande,Nov - Ene,4904.966348
2025,Total nacional,Formal,Empresa grande,Dic - Feb,4955.163845
2026,Total nacional,Formal,Empresa grande,Ene - Mar,5016.458742
2026,Total nacional,Formal,Empresa grande,Feb - Abr,5219.400028
2021,Total nacional,Informal,Informal,Ene - Mar,12001.55655
2021,Total nacional,Informal,Informal,Feb - Abr,12094.802355666665
2021,Total nacional,Informal,Informal,Mar - May,11874.353662333333
2021,Total nacional,Informal,Informal,Abr - Jun,11809.811104
2021,Total nacional,Informal,Informal,May - Jul,11921.085153666665
2021,Total nacional,Informal,Informal,Jun - Ago,12142.199809666665
2021,Total nacional,Informal,Informal,Jul - Sep,12178.707161999999
2021,Total nacional,Informal,Informal,Ago - Oct,12312.091496333334
2021,Total nacional,Informal,Informal,Sep - Nov,12311.780958666668
2021,Total nacional,Informal,Informal,Oct - Dic,12496.108545333334
2021,Total nacional,Informal,Informal,Nov - Ene,12275.717234999998
2021,Total nacional,Informal,Informal,Dic - Feb,12424.555634999999
2022,Total nacional,Informal,Informal,Ene - Mar,12481.013219
2022,Total nacional,Informal,Informal,Feb - Abr,12799.852262333334
2022,Total nacional,Informal,Informal,Mar - May,12730.840537333332
2022,Total nacional,Informal,Informal,Abr - Jun,12734.958284666667
2022,Total nacional,Informal,Informal,May - Jul,12766.893888333332
2022,Total nacional,Informal,Informal,Jun - Ago,12783.784671333333
2022,Total nacional,Informal,Informal,Jul - Sep,12883.773950333334
2022,Total nacional,Informal,Informal,Ago - Oct,12949.919508666666
2022,Total nacional,Informal,Informal,Sep - Nov,13044.292388666669
2022,Total nacional,Informal,Informal,Oct - Dic,12965.073846666666
2022,Total nacional,Informal,Informal,Nov - Ene,12769.766245
2022,Total nacional,Informal,Informal,Dic - Feb,12757.689636333334
2023,Total nacional,Informal,Informal,Ene - Mar,12897.122399
2023,Total nacional,Informal,Informal,Feb - Abr,12982.818312666664
2023,Total nacional,Informal,Informal,Mar - May,12856.737207
2023,Total nacional,Informal,Informal,Abr - Jun,12700.309772666666
2023,Total nacional,Informal,Informal,May - Jul,12824.349602
2023,Total nacional,Informal,Informal,Jun - Ago,12946.561942333332
2023,Total nacional,Informal,Informal,Jul - Sep,12986.333862
2023,Total nacional,Informal,Informal,Ago - Oct,12876.384211999999
2023,Total nacional,Informal,Informal,Sep - Nov,12825.963076
2023,Total nacional,Informal,Informal,Oct - Dic,12792.781065666668
2023,Total nacional,Informal,Informal,Nov - Ene,12637.433285333333
2023,Total nacional,Informal,Informal,Dic - Feb,12645.046650666665
2024,Total nacional,Informal,Informal,Ene - Mar,12594.984881333336
2024,Total nacional,Informal,Informal,Feb - Abr,12755.663953333331
2024,Total nacional,Informal,Informal,Mar - May,12755.769436
2024,Total nacional,Informal,Informal,Abr - Jun,12795.712739666667
2024,Total nacional,Informal,Informal,May - Jul,12879.178965
2024,Total nacional,Informal,Informal,Jun - Ago,12976.923639666667
2024,Total nacional,Informal,Informal,Jul - Sep,12997.165208666667
2024,Total nacional,Informal,Informal,Ago - Oct,12975.549089333334
2024,Total nacional,Informal,Informal,Sep - Nov,12951.693305666668
2024,Total nacional,Informal,Informal,Oct - Dic,13123.222070666665
2024,Total nacional,Informal,Informal,Nov - Ene,13098.148286
2024,Total nacional,Informal,Informal,Dic - Feb,13260.921476
2025,Total nacional,Informal,Informal,Ene - Mar,13353.986936
2025,Total nacional,Informal,Informal,Feb - Abr,13388.672717
2025,Total nacional,Informal,Informal,Mar - May,13219.455199
2025,Total nacional,Informal,Informal,Abr - Jun,13018.4283
2025,Total nacional,Informal,Informal,May - Jul,13075.14319
2025,Total nacional,Informal,Informal,Jun - Ago,13157.487706
2025,Total nacional,Informal,Informal,Jul - Sep,13147.757827
2025,Total nacional,Informal,Informal,Ago - Oct,13325.525561
2025,Total nacional,Informal,Informal,Sep - Nov,13450.283069
2025,Total nacional,Informal,Informal,Oct - Dic,13585.313668
2025,Total nacional,Informal,Informal,Nov - Ene,13289.432426
2025,Total nacional,Informal,Informal,Dic - Feb,13188.476735
2026,Total nacional,Informal,Informal,Ene - Mar,13218.2902
2026,Total nacional,Informal,Informal,Feb - Abr,13344.835103
2021,Total nacional,Informal,Microempresa,Ene - Mar,11073.670603333332
2021,Total nacional,Informal,Microempresa,Feb - Abr,11212.420225333333
2021,Total nacional,Informal,Microempresa,Mar - May,11045.548951333332
2021,Total nacional,Informal,Microempresa,Abr - Jun,10989.960820666667
2021,Total nacional,Informal,Microempresa,May - Jul,11149.003659
2021,Total nacional,Informal,Microempresa,Jun - Ago,11399.65992
2021,Total nacional,Informal,Microempresa,Jul - Sep,11399.318281666667
2021,Total nacional,Informal,Microempresa,Ago - Oct,11452.308965333335
2021,Total nacional,Informal,Microempresa,Sep - Nov,11423.236850333333
2021,Total nacional,Informal,Microempresa,Oct - Dic,11599.530220999999
2021,Total nacional,Informal,Microempresa,Nov - Ene,11445.366812333334
2021,Total nacional,Informal,Microempresa,Dic - Feb,11583.825235333332
2022,Total nacional,Informal,Microempresa,Ene - Mar,11629.032944999999
2022,Total nacional,Informal,Microempresa,Feb - Abr,11895.236954666667
2022,Total nacional,Informal,Microempresa,Mar - May,11813.990836666666
2022,Total nacional,Informal,Microempresa,Abr - Jun,11862.355443666665
2022,Total nacional,Informal,Microempresa,May - Jul,11924.092827
2022,Total nacional,Informal,Microempresa,Jun - Ago,11950.864740666666
2022,Total nacional,Informal,Microempresa,Jul - Sep,12024.885505
2022,Total nacional,Informal,Microempresa,Ago - Oct,12117.408397666666
2022,Total nacional,Informal,Microempresa,Sep - Nov,12169.319853
2022,Total nacional,Informal,Microempresa,Oct - Dic,12106.455603333334
2022,Total nacional,Informal,Microempresa,Nov - Ene,11873.817471333334
2022,Total nacional,Informal,Microempresa,Dic - Feb,11957.125248333332
2023,Total nacional,Informal,Microempresa,Ene - Mar,12118.350727333333
2023,Total nacional,Informal,Microempresa,Feb - Abr,12261.841409333334
2023,Total nacional,Informal,Microempresa,Mar - May,12134.180028666668
2023,Total nacional,Informal,Microempresa,Abr - Jun,11971.742084666666
2023,Total nacional,Informal,Microempresa,May - Jul,12095.424209333332
2023,Total nacional,Informal,Microempresa,Jun - Ago,12201.749164666666
2023,Total nacional,Informal,Microempresa,Jul - Sep,12233.545568333335
2023,Total nacional,Informal,Microempresa,Ago - Oct,12089.123697666664
2023,Total nacional,Informal,Microempresa,Sep - Nov,12055.495888999998
2023,Total nacional,Informal,Microempresa,Oct - Dic,12064.675641
2023,Total nacional,Informal,Microempresa,Nov - Ene,11955.277154000001
2023,Total nacional,Informal,Microempresa,Dic - Feb,11923.930927
2024,Total nacional,Informal,Microempresa,Ene - Mar,11870.751423666667
2024,Total nacional,Informal,Microempresa,Feb - Abr,11991.117248999997
2024,Total nacional,Informal,Microempresa,Mar - May,12011.286257666667
2024,Total nacional,Informal,Microempresa,Abr - Jun,11991.181404666668
2024,Total nacional,Informal,Microempresa,May - Jul,12118.186745333333
2024,Total nacional,Informal,Microempresa,Jun - Ago,12229.626478
2024,Total nacional,Informal,Microempresa,Jul - Sep,12315.319291333333
2024,Total nacional,Informal,Microempresa,Ago - Oct,12266.939916000001
2024,Total nacional,Informal,Microempresa,Sep - Nov,12258.964864333335
2024,Total nacional,Informal,Microempresa,Oct - Dic,12435.044016666667
2024,Total nacional,Informal,Microempresa,Nov - Ene,12417.905151
2024,Total nacional,Informal,Microempresa,Dic - Feb,12576.422536
2025,Total nacional,Informal,Microempresa,Ene - Mar,12684.108347
2025,Total nacional,Informal,Microempresa,Feb - Abr,12732.200264
2025,Total nacional,Informal,Microempresa,Mar - May,12562.932468
2025,Total nacional,Informal,Microempresa,Abr - Jun,12358.628011
2025,Total nacional,Informal,Microempresa,May - Jul,12402.883925
2025,Total nacional,Informal,Microempresa,Jun - Ago,12472.420956
2025,Total nacional,Informal,Microempresa,Jul - Sep,12440.72591
2025,Total nacional,Informal,Microempresa,Ago - Oct,12612.715189
2025,Total nacional,Informal,Microempresa,Sep - Nov,12711.526151
2025,Total nacional,Informal,Microempresa,Oct - Dic,12827.365509
2025,Total nacional,Informal,Microempresa,Nov - Ene,12561.288714
2025,Total nacional,Informal,Microempresa,Dic - Feb,12503.8453
2026,Total nacional,Informal,Microempresa,Ene - Mar,12554.702335
2026,Total nacional,Informal,Microempresa,Feb - Abr,12645.901508
2021,Total nacional,Informal,Empresa pequeña,Ene - Mar,554.1440636666666
2021,Total nacional,Informal,Empresa pequeña,Feb - Abr,542.225607
2021,Total nacional,Informal,Empresa pequeña,Mar - May,496.89981733333326
2021,Total nacional,Informal,Empresa pequeña,Abr - Jun,492.2590723333333
2021,Total nacional,Informal,Empresa pequeña,May - Jul,454.15729566666664
2021,Total nacional,Informal,Empresa pequeña,Jun - Ago,447.6877723333334
2021,Total nacional,Informal,Empresa pequeña,Jul - Sep,466.43823933333334
2021,Total nacional,Informal,Empresa pequeña,Ago - Oct,501.95479466666666
2021,Total nacional,Informal,Empresa pequeña,Sep - Nov,517.9701506666667
2021,Total nacional,Informal,Empresa pequeña,Oct - Dic,531.1358736666666
2021,Total nacional,Informal,Empresa pequeña,Nov - Ene,517.1472600000001
2021,Total nacional,Informal,Empresa pequeña,Dic - Feb,522.1647326666666
2022,Total nacional,Informal,Empresa pequeña,Ene - Mar,516.3452066666667
2022,Total nacional,Informal,Empresa pequeña,Feb - Abr,542.0910986666667
2022,Total nacional,Informal,Empresa pequeña,Mar - May,552.248311
2022,Total nacional,Informal,Empresa pequeña,Abr - Jun,534.53735
2022,Total nacional,Informal,Empresa pequeña,May - Jul,519.8825149999999
2022,Total nacional,Informal,Empresa pequeña,Jun - Ago,523.4326906666666
2022,Total nacional,Informal,Empresa pequeña,Jul - Sep,554.7835596666666
2022,Total nacional,Informal,Empresa pequeña,Ago - Oct,540.3439936666667
2022,Total nacional,Informal,Empresa pequeña,Sep - Nov,559.0633913333332
2022,Total nacional,Informal,Empresa pequeña,Oct - Dic,534.9247333333333
2022,Total nacional,Informal,Empresa pequeña,Nov - Ene,550.9719343333333
2022,Total nacional,Informal,Empresa pequeña,Dic - Feb,505.9248723333333
2023,Total nacional,Informal,Empresa pequeña,Ene - Mar,494.53673733333335
2023,Total nacional,Informal,Empresa pequeña,Feb - Abr,452.9504523333333
2023,Total nacional,Informal,Empresa pequeña,Mar - May,447.853672
2023,Total nacional,Informal,Empresa pequeña,Abr - Jun,471.05239466666666
2023,Total nacional,Informal,Empresa pequeña,May - Jul,505.30547900000005
2023,Total nacional,Informal,Empresa pequeña,Jun - Ago,518.3192336666667
2023,Total nacional,Informal,Empresa pequeña,Jul - Sep,502.6218013333334
2023,Total nacional,Informal,Empresa pequeña,Ago - Oct,527.7830766666666
2023,Total nacional,Informal,Empresa pequeña,Sep - Nov,526.990663
2023,Total nacional,Informal,Empresa pequeña,Oct - Dic,502.4802386666666
2023,Total nacional,Informal,Empresa pequeña,Nov - Ene,463.64232433333336
2023,Total nacional,Informal,Empresa pequeña,Dic - Feb,492.10444966666665
2024,Total nacional,Informal,Empresa pequeña,Ene - Mar,503.2900723333334
2024,Total nacional,Informal,Empresa pequeña,Feb - Abr,529.2486473333333
2024,Total nacional,Informal,Empresa pequeña,Mar - May,519.7585556666667
2024,Total nacional,Informal,Empresa pequeña,Abr - Jun,558.2251823333332
2024,Total nacional,Informal,Empresa pequeña,May - Jul,529.7650116666667
2024,Total nacional,Informal,Empresa pequeña,Jun - Ago,515.7568206666666
2024,Total nacional,Informal,Empresa pequeña,Jul - Sep,478.5588066666667
2024,Total nacional,Informal,Empresa pequeña,Ago - Oct,498.60598366666665
2024,Total nacional,Informal,Empresa pequeña,Sep - Nov,491.74162333333334
2024,Total nacional,Informal,Empresa pequeña,Oct - Dic,483.10983533333336
2024,Total nacional,Informal,Empresa pequeña,Nov - Ene,474.500771
2024,Total nacional,Informal,Empresa pequeña,Dic - Feb,460.649445
2025,Total nacional,Informal,Empresa pequeña,Ene - Mar,440.791367
2025,Total nacional,Informal,Empresa pequeña,Feb - Abr,437.457661
2025,Total nacional,Informal,Empresa pequeña,Mar - May,440.156427
2025,Total nacional,Informal,Empresa pequeña,Abr - Jun,463.588234
2025,Total nacional,Informal,Empresa pequeña,May - Jul,473.611247
2025,Total nacional,Informal,Empresa pequeña,Jun - Ago,485.292833
2025,Total nacional,Informal,Empresa pequeña,Jul - Sep,492.489347
2025,Total nacional,Informal,Empresa pequeña,Ago - Oct,507.575267
2025,Total nacional,Informal,Empresa pequeña,Sep - Nov,540.560551
2025,Total nacional,Informal,Empresa pequeña,Oct - Dic,554.942845
2025,Total nacional,Informal,Empresa pequeña,Nov - Ene,528.189178
2025,Total nacional,Informal,Empresa pequeña,Dic - Feb,500.456522
2026,Total nacional,Informal,Empresa pequeña,Ene - Mar,487.358793
2026,Total nacional,Informal,Empresa pequeña,Feb - Abr,510.682979
2021,Total nacional,Informal,Empresa mediana,Ene - Mar,173.43451800000003
2021,Total nacional,Informal,Empresa mediana,Feb - Abr,153.205253
2021,Total nacional,Informal,Empresa mediana,Mar - May,153.96439566666666
2021,Total nacional,Informal,Empresa mediana,Abr - Jun,169.86633966666668
2021,Total nacional,Informal,Empresa mediana,May - Jul,165.517418
2021,Total nacional,Informal,Empresa mediana,Jun - Ago,144.67850066666668
2021,Total nacional,Informal,Empresa mediana,Jul - Sep,146.31600633333332
2021,Total nacional,Informal,Empresa mediana,Ago - Oct,166.35555933333333
2021,Total nacional,Informal,Empresa mediana,Sep - Nov,174.486612
2021,Total nacional,Informal,Empresa mediana,Oct - Dic,159.52832700000002
2021,Total nacional,Informal,Empresa mediana,Nov - Ene,137.06171933333334
2021,Total nacional,Informal,Empresa mediana,Dic - Feb,132.15804133333333
2022,Total nacional,Informal,Empresa mediana,Ene - Mar,139.55895266666667
2022,Total nacional,Informal,Empresa mediana,Feb - Abr,140.30351733333336
2022,Total nacional,Informal,Empresa mediana,Mar - May,133.40536766666665
2022,Total nacional,Informal,Empresa mediana,Abr - Jun,127.54049866666666
2022,Total nacional,Informal,Empresa mediana,May - Jul,124.53428666666666
2022,Total nacional,Informal,Empresa mediana,Jun - Ago,125.63381333333332
2022,Total nacional,Informal,Empresa mediana,Jul - Sep,119.01282333333334
2022,Total nacional,Informal,Empresa mediana,Ago - Oct,122.166584
2022,Total nacional,Informal,Empresa mediana,Sep - Nov,138.247845
2022,Total nacional,Informal,Empresa mediana,Oct - Dic,145.33338966666668
2022,Total nacional,Informal,Empresa mediana,Nov - Ene,154.65577633333334
2022,Total nacional,Informal,Empresa mediana,Dic - Feb,128.199243
2023,Total nacional,Informal,Empresa mediana,Ene - Mar,124.88234466666665
2023,Total nacional,Informal,Empresa mediana,Feb - Abr,110.808465
2023,Total nacional,Informal,Empresa mediana,Mar - May,108.52903366666668
2023,Total nacional,Informal,Empresa mediana,Abr - Jun,99.47176333333333
2023,Total nacional,Informal,Empresa mediana,May - Jul,93.66742966666668
2023,Total nacional,Informal,Empresa mediana,Jun - Ago,106.27371233333332
2023,Total nacional,Informal,Empresa mediana,Jul - Sep,112.08203466666667
2023,Total nacional,Informal,Empresa mediana,Ago - Oct,114.10285866666668
2023,Total nacional,Informal,Empresa mediana,Sep - Nov,98.60996833333333
2023,Total nacional,Informal,Empresa mediana,Oct - Dic,92.62193966666666
2023,Total nacional,Informal,Empresa mediana,Nov - Ene,85.99618600000001
2023,Total nacional,Informal,Empresa mediana,Dic - Feb,86.86800899999999
2024,Total nacional,Informal,Empresa mediana,Ene - Mar,88.95544366666667
2024,Total nacional,Informal,Empresa mediana,Feb - Abr,89.60719166666667
2024,Total nacional,Informal,Empresa mediana,Mar - May,90.39592233333333
2024,Total nacional,Informal,Empresa mediana,Abr - Jun,99.38015233333333
2024,Total nacional,Informal,Empresa mediana,May - Jul,100.97280166666667
2024,Total nacional,Informal,Empresa mediana,Jun - Ago,103.69028366666667
2024,Total nacional,Informal,Empresa mediana,Jul - Sep,89.91966400000001
2024,Total nacional,Informal,Empresa mediana,Ago - Oct,85.89012100000001
2024,Total nacional,Informal,Empresa mediana,Sep - Nov,79.68064266666667
2024,Total nacional,Informal,Empresa mediana,Oct - Dic,68.93029633333333
2024,Total nacional,Informal,Empresa mediana,Nov - Ene,74.084112
2024,Total nacional,Informal,Empresa mediana,Dic - Feb,77.908954
2025,Total nacional,Informal,Empresa mediana,Ene - Mar,89.172008
2025,Total nacional,Informal,Empresa mediana,Feb - Abr,89.288924
2025,Total nacional,Informal,Empresa mediana,Mar - May,88.465782
2025,Total nacional,Informal,Empresa mediana,Abr - Jun,83.405407
2025,Total nacional,Informal,Empresa mediana,May - Jul,76.920622
2025,Total nacional,Informal,Empresa mediana,Jun - Ago,74.97959
2025,Total nacional,Informal,Empresa mediana,Jul - Sep,75.359192
2025,Total nacional,Informal,Empresa mediana,Ago - Oct,77.191095
2025,Total nacional,Informal,Empresa mediana,Sep - Nov,85.405597
2025,Total nacional,Informal,Empresa mediana,Oct - Dic,95.039691
2025,Total nacional,Informal,Empresa mediana,Nov - Ene,85.847908
2025,Total nacional,Informal,Empresa mediana,Dic - Feb,74.265013
2026,Total nacional,Informal,Empresa mediana,Ene - Mar,65.888299
2026,Total nacional,Informal,Empresa mediana,Feb - Abr,72.855513
2021,Total nacional,Informal,Empresa grande,Ene - Mar,200.30736533333334
2021,Total nacional,Informal,Empresa grande,Feb - Abr,186.951271
2021,Total nacional,Informal,Empresa grande,Mar - May,177.94049833333335
2021,Total nacional,Informal,Empresa grande,Abr - Jun,157.724871
2021,Total nacional,Informal,Empresa grande,May - Jul,152.4067806666667
2021,Total nacional,Informal,Empresa grande,Jun - Ago,150.17361633333334
2021,Total nacional,Informal,Empresa grande,Jul - Sep,166.634635
2021,Total nacional,Informal,Empresa grande,Ago - Oct,191.47217733333332
2021,Total nacional,Informal,Empresa grande,Sep - Nov,196.08734633333333
2021,Total nacional,Informal,Empresa grande,Oct - Dic,205.914124
2021,Total nacional,Informal,Empresa grande,Nov - Ene,176.141444
2021,Total nacional,Informal,Empresa grande,Dic - Feb,186.40762600000002
2022,Total nacional,Informal,Empresa grande,Ene - Mar,196.07611466666665
2022,Total nacional,Informal,Empresa grande,Feb - Abr,222.220691
2022,Total nacional,Informal,Empresa grande,Mar - May,231.19602133333333
2022,Total nacional,Informal,Empresa grande,Abr - Jun,210.52499233333333
2022,Total nacional,Informal,Empresa grande,May - Jul,198.38426
2022,Total nacional,Informal,Empresa grande,Jun - Ago,183.85342733333334
2022,Total nacional,Informal,Empresa grande,Jul - Sep,185.0920626666667
2022,Total nacional,Informal,Empresa grande,Ago - Oct,170.00053366666668
2022,Total nacional,Informal,Empresa grande,Sep - Nov,177.66129933333335
2022,Total nacional,Informal,Empresa grande,Oct - Dic,178.36012000000002
2022,Total nacional,Informal,Empresa grande,Nov - Ene,190.321063
2022,Total nacional,Informal,Empresa grande,Dic - Feb,166.44027300000002
2023,Total nacional,Informal,Empresa grande,Ene - Mar,159.35259033333332
2023,Total nacional,Informal,Empresa grande,Feb - Abr,157.21798633333333
2023,Total nacional,Informal,Empresa grande,Mar - May,166.174473
2023,Total nacional,Informal,Empresa grande,Abr - Jun,158.04353
2023,Total nacional,Informal,Empresa grande,May - Jul,129.952484
2023,Total nacional,Informal,Empresa grande,Jun - Ago,120.219831
2023,Total nacional,Informal,Empresa grande,Jul - Sep,138.08445733333335
2023,Total nacional,Informal,Empresa grande,Ago - Oct,145.37457866666668
2023,Total nacional,Informal,Empresa grande,Sep - Nov,144.86655533333337
2023,Total nacional,Informal,Empresa grande,Oct - Dic,133.003246
2023,Total nacional,Informal,Empresa grande,Nov - Ene,132.51762033333333
2023,Total nacional,Informal,Empresa grande,Dic - Feb,142.14326466666668
2024,Total nacional,Informal,Empresa grande,Ene - Mar,131.987941
2024,Total nacional,Informal,Empresa grande,Feb - Abr,145.69086533333333
2024,Total nacional,Informal,Empresa grande,Mar - May,134.32870066666666
2024,Total nacional,Informal,Empresa grande,Abr - Jun,146.926001
2024,Total nacional,Informal,Empresa grande,May - Jul,130.25440633333332
2024,Total nacional,Informal,Empresa grande,Jun - Ago,127.850057
2024,Total nacional,Informal,Empresa grande,Jul - Sep,113.36744633333335
2024,Total nacional,Informal,Empresa grande,Ago - Oct,124.113069
2024,Total nacional,Informal,Empresa grande,Sep - Nov,121.30617600000001
2024,Total nacional,Informal,Empresa grande,Oct - Dic,136.13792266666667
2024,Total nacional,Informal,Empresa grande,Nov - Ene,131.658252
2024,Total nacional,Informal,Empresa grande,Dic - Feb,145.940541
2025,Total nacional,Informal,Empresa grande,Ene - Mar,139.915215
2025,Total nacional,Informal,Empresa grande,Feb - Abr,129.725869
2025,Total nacional,Informal,Empresa grande,Mar - May,127.900521
2025,Total nacional,Informal,Empresa grande,Abr - Jun,112.806649
2025,Total nacional,Informal,Empresa grande,May - Jul,121.727396
2025,Total nacional,Informal,Empresa grande,Jun - Ago,124.794328
2025,Total nacional,Informal,Empresa grande,Jul - Sep,139.183378
2025,Total nacional,Informal,Empresa grande,Ago - Oct,128.04401
2025,Total nacional,Informal,Empresa grande,Sep - Nov,112.79077
2025,Total nacional,Informal,Empresa grande,Oct - Dic,107.965623
2025,Total nacional,Informal,Empresa grande,Nov - Ene,114.106626
2025,Total nacional,Informal,Empresa grande,Dic - Feb,109.9099
2026,Total nacional,Informal,Empresa grande,Ene - Mar,110.340773
2026,Total nacional,Informal,Empresa grande,Feb - Abr,115.395103
2021,13 Ciudades y áreas metropolitanas,Población ocupada,Población ocupada,Ene - Mar,9226.413326333335
2021,13 Ciudades y áreas metropolitanas,Población ocupada,Población ocupada,Feb - Abr,9320.446573000001
2021,13 Ciudades y áreas metropolitanas,Población ocupada,Población ocupada,Mar - May,9341.646440999999
2021,13 Ciudades y áreas metropolitanas,Población ocupada,Población ocupada,Abr - Jun,9363.296156666665
2021,13 Ciudades y áreas metropolitanas,Población ocupada,Población ocupada,May - Jul,9458.353572
2021,13 Ciudades y áreas metropolitanas,Población ocupada,Población ocupada,Jun - Ago,9571.040949333334
2021,13 Ciudades y áreas metropolitanas,Población ocupada,Población ocupada,Jul - Sep,9635.599743
2021,13 Ciudades y áreas metropolitanas,Población ocupada,Población ocupada,Ago - Oct,9682.477314666667
2021,13 Ciudades y áreas metropolitanas,Población ocupada,Población ocupada,Sep - Nov,9739.247104333333
2021,13 Ciudades y áreas metropolitanas,Población ocupada,Población ocupada,Oct - Dic,9791.785053
2021,13 Ciudades y áreas metropolitanas,Población ocupada,Población ocupada,Nov - Ene,9830.614035999999
2021,13 Ciudades y áreas metropolitanas,Población ocupada,Población ocupada,Dic - Feb,9932.701805333332
2022,13 Ciudades y áreas metropolitanas,Población ocupada,Población ocupada,Ene - Mar,10076.746925333333
2022,13 Ciudades y áreas metropolitanas,Población ocupada,Población ocupada,Feb - Abr,10284.429300333333
2022,13 Ciudades y áreas metropolitanas,Población ocupada,Población ocupada,Mar - May,10340.785037666667
2022,13 Ciudades y áreas metropolitanas,Población ocupada,Población ocupada,Abr - Jun,10353.216290666665
2022,13 Ciudades y áreas metropolitanas,Población ocupada,Población ocupada,May - Jul,10334.141717333334
2022,13 Ciudades y áreas metropolitanas,Población ocupada,Población ocupada,Jun - Ago,10351.432730333334
2022,13 Ciudades y áreas metropolitanas,Población ocupada,Población ocupada,Jul - Sep,10482.682782000002
2022,13 Ciudades y áreas metropolitanas,Población ocupada,Población ocupada,Ago - Oct,10583.102656000001
2022,13 Ciudades y áreas metropolitanas,Población ocupada,Población ocupada,Sep - Nov,10682.913694333334
2022,13 Ciudades y áreas metropolitanas,Población ocupada,Población ocupada,Oct - Dic,10641.614803999999
2022,13 Ciudades y áreas metropolitanas,Población ocupada,Población ocupada,Nov - Ene,10458.330681333333
2022,13 Ciudades y áreas metropolitanas,Población ocupada,Población ocupada,Dic - Feb,10358.300228333334
2023,13 Ciudades y áreas metropolitanas,Población ocupada,Población ocupada,Ene - Mar,10427.190396333333
2023,13 Ciudades y áreas metropolitanas,Población ocupada,Población ocupada,Feb - Abr,10598.516089000002
2023,13 Ciudades y áreas metropolitanas,Población ocupada,Población ocupada,Mar - May,10647.422422000001
2023,13 Ciudades y áreas metropolitanas,Población ocupada,Población ocupada,Abr - Jun,10714.183590666667
2023,13 Ciudades y áreas metropolitanas,Población ocupada,Población ocupada,May - Jul,10838.801381666666
2023,13 Ciudades y áreas metropolitanas,Población ocupada,Población ocupada,Jun - Ago,10955.436066333334
2023,13 Ciudades y áreas metropolitanas,Población ocupada,Población ocupada,Jul - Sep,10940.145749333335
2023,13 Ciudades y áreas metropolitanas,Población ocupada,Población ocupada,Ago - Oct,10967.878106000002
2023,13 Ciudades y áreas metropolitanas,Población ocupada,Población ocupada,Sep - Nov,11065.704729333333
2023,13 Ciudades y áreas metropolitanas,Población ocupada,Población ocupada,Oct - Dic,11032.853552
2023,13 Ciudades y áreas metropolitanas,Población ocupada,Población ocupada,Nov - Ene,10862.561842000001
2023,13 Ciudades y áreas metropolitanas,Población ocupada,Población ocupada,Dic - Feb,10712.449294666667
2024,13 Ciudades y áreas metropolitanas,Población ocupada,Población ocupada,Ene - Mar,10749.074610666668
2024,13 Ciudades y áreas metropolitanas,Población ocupada,Población ocupada,Feb - Abr,10880.318776666667
2024,13 Ciudades y áreas metropolitanas,Población ocupada,Población ocupada,Mar - May,10978.210743333335
2024,13 Ciudades y áreas metropolitanas,Población ocupada,Población ocupada,Abr - Jun,11006.381083333334
2024,13 Ciudades y áreas metropolitanas,Población ocupada,Población ocupada,May - Jul,11045.467115000001
2024,13 Ciudades y áreas metropolitanas,Población ocupada,Población ocupada,Jun - Ago,11079.693612000001
2024,13 Ciudades y áreas metropolitanas,Población ocupada,Población ocupada,Jul - Sep,11092.936601
2024,13 Ciudades y áreas metropolitanas,Población ocupada,Población ocupada,Ago - Oct,11121.628596333334
2024,13 Ciudades y áreas metropolitanas,Población ocupada,Población ocupada,Sep - Nov,11187.507835333332
2024,13 Ciudades y áreas metropolitanas,Población ocupada,Población ocupada,Oct - Dic,11195.437479333332
2024,13 Ciudades y áreas metropolitanas,Población ocupada,Población ocupada,Nov - Ene,11082.729261
2024,13 Ciudades y áreas metropolitanas,Población ocupada,Población ocupada,Dic - Feb,11027.648431
2025,13 Ciudades y áreas metropolitanas,Población ocupada,Población ocupada,Ene - Mar,11102.831287
2025,13 Ciudades y áreas metropolitanas,Población ocupada,Población ocupada,Feb - Abr,11222.503855
2025,13 Ciudades y áreas metropolitanas,Población ocupada,Población ocupada,Mar - May,11253.949323
2025,13 Ciudades y áreas metropolitanas,Población ocupada,Población ocupada,Abr - Jun,11254.18152
2025,13 Ciudades y áreas metropolitanas,Población ocupada,Población ocupada,May - Jul,11343.053505
2025,13 Ciudades y áreas metropolitanas,Población ocupada,Población ocupada,Jun - Ago,11413.15094
2025,13 Ciudades y áreas metropolitanas,Población ocupada,Población ocupada,Jul - Sep,11430.239366
2025,13 Ciudades y áreas metropolitanas,Población ocupada,Población ocupada,Ago - Oct,11497.298445
2025,13 Ciudades y áreas metropolitanas,Población ocupada,Población ocupada,Sep - Nov,11566.757859
2025,13 Ciudades y áreas metropolitanas,Población ocupada,Población ocupada,Oct - Dic,11613.486667
2025,13 Ciudades y áreas metropolitanas,Población ocupada,Población ocupada,Nov - Ene,11384.962974
2025,13 Ciudades y áreas metropolitanas,Población ocupada,Población ocupada,Dic - Feb,11260.998726
2026,13 Ciudades y áreas metropolitanas,Población ocupada,Población ocupada,Ene - Mar,11227.725964
2026,13 Ciudades y áreas metropolitanas,Población ocupada,Población ocupada,Feb - Abr,11386.328947
2021,13 Ciudades y áreas metropolitanas,Población ocupada,Microempresa,Ene - Mar,5216.088568666667
2021,13 Ciudades y áreas metropolitanas,Población ocupada,Microempresa,Feb - Abr,5222.334708333333
2021,13 Ciudades y áreas metropolitanas,Población ocupada,Microempresa,Mar - May,5096.941271
2021,13 Ciudades y áreas metropolitanas,Población ocupada,Microempresa,Abr - Jun,5040.2772786666665
2021,13 Ciudades y áreas metropolitanas,Población ocupada,Microempresa,May - Jul,5049.0975136666675
2021,13 Ciudades y áreas metropolitanas,Población ocupada,Microempresa,Jun - Ago,5139.840832333333
2021,13 Ciudades y áreas metropolitanas,Población ocupada,Microempresa,Jul - Sep,5130.885355333333
2021,13 Ciudades y áreas metropolitanas,Población ocupada,Microempresa,Ago - Oct,5084.537310666667
2021,13 Ciudades y áreas metropolitanas,Población ocupada,Microempresa,Sep - Nov,5044.147901666666
2021,13 Ciudades y áreas metropolitanas,Población ocupada,Microempresa,Oct - Dic,5021.032715
2021,13 Ciudades y áreas metropolitanas,Población ocupada,Microempresa,Nov - Ene,4958.596854333334
2021,13 Ciudades y áreas metropolitanas,Población ocupada,Microempresa,Dic - Feb,4989.8920450000005
2022,13 Ciudades y áreas metropolitanas,Población ocupada,Microempresa,Ene - Mar,5094.420301333333
2022,13 Ciudades y áreas metropolitanas,Población ocupada,Microempresa,Feb - Abr,5230.739959333333
2022,13 Ciudades y áreas metropolitanas,Población ocupada,Microempresa,Mar - May,5216.015403666667
2022,13 Ciudades y áreas metropolitanas,Población ocupada,Microempresa,Abr - Jun,5215.564237333333
2022,13 Ciudades y áreas metropolitanas,Población ocupada,Microempresa,May - Jul,5270.3683476666665
2022,13 Ciudades y áreas metropolitanas,Población ocupada,Microempresa,Jun - Ago,5300.556902
2022,13 Ciudades y áreas metropolitanas,Población ocupada,Microempresa,Jul - Sep,5425.989533
2022,13 Ciudades y áreas metropolitanas,Población ocupada,Microempresa,Ago - Oct,5513.812747
2022,13 Ciudades y áreas metropolitanas,Población ocupada,Microempresa,Sep - Nov,5530.018070333334
2022,13 Ciudades y áreas metropolitanas,Población ocupada,Microempresa,Oct - Dic,5410.046638000001
2022,13 Ciudades y áreas metropolitanas,Población ocupada,Microempresa,Nov - Ene,5189.551974999999
2022,13 Ciudades y áreas metropolitanas,Población ocupada,Microempresa,Dic - Feb,5237.933834666666
2023,13 Ciudades y áreas metropolitanas,Población ocupada,Microempresa,Ene - Mar,5358.240648
2023,13 Ciudades y áreas metropolitanas,Población ocupada,Microempresa,Feb - Abr,5485.292119333334
2023,13 Ciudades y áreas metropolitanas,Población ocupada,Microempresa,Mar - May,5426.332285333334
2023,13 Ciudades y áreas metropolitanas,Población ocupada,Microempresa,Abr - Jun,5369.923606333334
2023,13 Ciudades y áreas metropolitanas,Población ocupada,Microempresa,May - Jul,5419.688584333333
2023,13 Ciudades y áreas metropolitanas,Población ocupada,Microempresa,Jun - Ago,5493.839789000001
2023,13 Ciudades y áreas metropolitanas,Población ocupada,Microempresa,Jul - Sep,5485.368947
2023,13 Ciudades y áreas metropolitanas,Población ocupada,Microempresa,Ago - Oct,5514.209871
2023,13 Ciudades y áreas metropolitanas,Población ocupada,Microempresa,Sep - Nov,5554.872259999999
2023,13 Ciudades y áreas metropolitanas,Población ocupada,Microempresa,Oct - Dic,5565.343315000001
2023,13 Ciudades y áreas metropolitanas,Población ocupada,Microempresa,Nov - Ene,5443.540096333333
2023,13 Ciudades y áreas metropolitanas,Población ocupada,Microempresa,Dic - Feb,5398.174092333334
2024,13 Ciudades y áreas metropolitanas,Población ocupada,Microempresa,Ene - Mar,5402.041246666667
2024,13 Ciudades y áreas metropolitanas,Población ocupada,Microempresa,Feb - Abr,5452.734100000001
2024,13 Ciudades y áreas metropolitanas,Población ocupada,Microempresa,Mar - May,5488.945939333334
2024,13 Ciudades y áreas metropolitanas,Población ocupada,Microempresa,Abr - Jun,5509.550937666667
2024,13 Ciudades y áreas metropolitanas,Población ocupada,Microempresa,May - Jul,5558.283312
2024,13 Ciudades y áreas metropolitanas,Población ocupada,Microempresa,Jun - Ago,5569.153442333333
2024,13 Ciudades y áreas metropolitanas,Población ocupada,Microempresa,Jul - Sep,5584.5368886666665
2024,13 Ciudades y áreas metropolitanas,Población ocupada,Microempresa,Ago - Oct,5683.463280333333
2024,13 Ciudades y áreas metropolitanas,Población ocupada,Microempresa,Sep - Nov,5721.008073666667
2024,13 Ciudades y áreas metropolitanas,Población ocupada,Microempresa,Oct - Dic,5723.488192
2024,13 Ciudades y áreas metropolitanas,Población ocupada,Microempresa,Nov - Ene,5609.874677
2024,13 Ciudades y áreas metropolitanas,Población ocupada,Microempresa,Dic - Feb,5616.480298
2025,13 Ciudades y áreas metropolitanas,Población ocupada,Microempresa,Ene - Mar,5736.415975
2025,13 Ciudades y áreas metropolitanas,Población ocupada,Microempresa,Feb - Abr,5738.539488
2025,13 Ciudades y áreas metropolitanas,Población ocupada,Microempresa,Mar - May,5762.908183
2025,13 Ciudades y áreas metropolitanas,Población ocupada,Microempresa,Abr - Jun,5694.668495
2025,13 Ciudades y áreas metropolitanas,Población ocupada,Microempresa,May - Jul,5782.50231
2025,13 Ciudades y áreas metropolitanas,Población ocupada,Microempresa,Jun - Ago,5768.152297
2025,13 Ciudades y áreas metropolitanas,Población ocupada,Microempresa,Jul - Sep,5733.762135
2025,13 Ciudades y áreas metropolitanas,Población ocupada,Microempresa,Ago - Oct,5835.877085
2025,13 Ciudades y áreas metropolitanas,Población ocupada,Microempresa,Sep - Nov,5874.884405
2025,13 Ciudades y áreas metropolitanas,Población ocupada,Microempresa,Oct - Dic,5915.329357
2025,13 Ciudades y áreas metropolitanas,Población ocupada,Microempresa,Nov - Ene,5718.294605
2025,13 Ciudades y áreas metropolitanas,Población ocupada,Microempresa,Dic - Feb,5647.991865
2026,13 Ciudades y áreas metropolitanas,Población ocupada,Microempresa,Ene - Mar,5652.04427
2026,13 Ciudades y áreas metropolitanas,Población ocupada,Microempresa,Feb - Abr,5685.113756
2021,13 Ciudades y áreas metropolitanas,Población ocupada,Empresa pequeña,Ene - Mar,1441.5185566666667
2021,13 Ciudades y áreas metropolitanas,Población ocupada,Empresa pequeña,Feb - Abr,1425.4297383333333
2021,13 Ciudades y áreas metropolitanas,Población ocupada,Empresa pequeña,Mar - May,1416.8677126666669
2021,13 Ciudades y áreas metropolitanas,Población ocupada,Empresa pequeña,Abr - Jun,1381.1505443333333
2021,13 Ciudades y áreas metropolitanas,Población ocupada,Empresa pequeña,May - Jul,1348.4589159999998
2021,13 Ciudades y áreas metropolitanas,Población ocupada,Empresa pequeña,Jun - Ago,1306.1572856666664
2021,13 Ciudades y áreas metropolitanas,Población ocupada,Empresa pequeña,Jul - Sep,1288.056412
2021,13 Ciudades y áreas metropolitanas,Población ocupada,Empresa pequeña,Ago - Oct,1302.5973653333333
2021,13 Ciudades y áreas metropolitanas,Población ocupada,Empresa pequeña,Sep - Nov,1307.6442463333335
2021,13 Ciudades y áreas metropolitanas,Población ocupada,Empresa pequeña,Oct - Dic,1305.966701
2021,13 Ciudades y áreas metropolitanas,Población ocupada,Empresa pequeña,Nov - Ene,1341.736725
2021,13 Ciudades y áreas metropolitanas,Población ocupada,Empresa pequeña,Dic - Feb,1335.9171390000001
2022,13 Ciudades y áreas metropolitanas,Población ocupada,Empresa pequeña,Ene - Mar,1360.1441456666669
2022,13 Ciudades y áreas metropolitanas,Población ocupada,Empresa pequeña,Feb - Abr,1319.3975233333333
2022,13 Ciudades y áreas metropolitanas,Población ocupada,Empresa pequeña,Mar - May,1349.3277726666668
2022,13 Ciudades y áreas metropolitanas,Población ocupada,Empresa pequeña,Abr - Jun,1316.8453233333332
2022,13 Ciudades y áreas metropolitanas,Población ocupada,Empresa pequeña,May - Jul,1365.6522773333334
2022,13 Ciudades y áreas metropolitanas,Población ocupada,Empresa pequeña,Jun - Ago,1366.5506983333332
2022,13 Ciudades y áreas metropolitanas,Población ocupada,Empresa pequeña,Jul - Sep,1411.6766166666666
2022,13 Ciudades y áreas metropolitanas,Población ocupada,Empresa pequeña,Ago - Oct,1346.9874026666666
2022,13 Ciudades y áreas metropolitanas,Población ocupada,Empresa pequeña,Sep - Nov,1364.0621023333333
2022,13 Ciudades y áreas metropolitanas,Población ocupada,Empresa pequeña,Oct - Dic,1319.6501823333335
2022,13 Ciudades y áreas metropolitanas,Población ocupada,Empresa pequeña,Nov - Ene,1346.6967203333334
2022,13 Ciudades y áreas metropolitanas,Población ocupada,Empresa pequeña,Dic - Feb,1278.951272666667
2023,13 Ciudades y áreas metropolitanas,Población ocupada,Empresa pequeña,Ene - Mar,1276.9899573333335
2023,13 Ciudades y áreas metropolitanas,Población ocupada,Empresa pequeña,Feb - Abr,1270.9165289999999
2023,13 Ciudades y áreas metropolitanas,Población ocupada,Empresa pequeña,Mar - May,1267.5468456666667
2023,13 Ciudades y áreas metropolitanas,Población ocupada,Empresa pequeña,Abr - Jun,1275.4094186666666
2023,13 Ciudades y áreas metropolitanas,Población ocupada,Empresa pequeña,May - Jul,1292.8967316666665
2023,13 Ciudades y áreas metropolitanas,Población ocupada,Empresa pequeña,Jun - Ago,1319.3230513333333
2023,13 Ciudades y áreas metropolitanas,Población ocupada,Empresa pequeña,Jul - Sep,1328.9433676666665
2023,13 Ciudades y áreas metropolitanas,Población ocupada,Empresa pequeña,Ago - Oct,1352.7363926666667
2023,13 Ciudades y áreas metropolitanas,Población ocupada,Empresa pequeña,Sep - Nov,1435.6838796666664
2023,13 Ciudades y áreas metropolitanas,Población ocupada,Empresa pequeña,Oct - Dic,1431.4029643333333
2023,13 Ciudades y áreas metropolitanas,Población ocupada,Empresa pequeña,Nov - Ene,1367.0346963333332
2023,13 Ciudades y áreas metropolitanas,Población ocupada,Empresa pequeña,Dic - Feb,1328.3351656666666
2024,13 Ciudades y áreas metropolitanas,Población ocupada,Empresa pequeña,Ene - Mar,1316.51542
2024,13 Ciudades y áreas metropolitanas,Población ocupada,Empresa pequeña,Feb - Abr,1367.0557506666667
2024,13 Ciudades y áreas metropolitanas,Población ocupada,Empresa pequeña,Mar - May,1361.8345276666666
2024,13 Ciudades y áreas metropolitanas,Población ocupada,Empresa pequeña,Abr - Jun,1413.038612
2024,13 Ciudades y áreas metropolitanas,Población ocupada,Empresa pequeña,May - Jul,1426.8079663333335
2024,13 Ciudades y áreas metropolitanas,Población ocupada,Empresa pequeña,Jun - Ago,1432.7376269999997
2024,13 Ciudades y áreas metropolitanas,Población ocupada,Empresa pequeña,Jul - Sep,1449.0728903333336
2024,13 Ciudades y áreas metropolitanas,Población ocupada,Empresa pequeña,Ago - Oct,1431.8714853333333
2024,13 Ciudades y áreas metropolitanas,Población ocupada,Empresa pequeña,Sep - Nov,1418.081613
2024,13 Ciudades y áreas metropolitanas,Población ocupada,Empresa pequeña,Oct - Dic,1385.9117636666667
2024,13 Ciudades y áreas metropolitanas,Población ocupada,Empresa pequeña,Nov - Ene,1400.008305
2024,13 Ciudades y áreas metropolitanas,Población ocupada,Empresa pequeña,Dic - Feb,1391.741811
2025,13 Ciudades y áreas metropolitanas,Población ocupada,Empresa pequeña,Ene - Mar,1337.607252
2025,13 Ciudades y áreas metropolitanas,Población ocupada,Empresa pequeña,Feb - Abr,1357.847097
2025,13 Ciudades y áreas metropolitanas,Población ocupada,Empresa pequeña,Mar - May,1394.480483
2025,13 Ciudades y áreas metropolitanas,Población ocupada,Empresa pequeña,Abr - Jun,1482.828527
2025,13 Ciudades y áreas metropolitanas,Población ocupada,Empresa pequeña,May - Jul,1456.892033
2025,13 Ciudades y áreas metropolitanas,Población ocupada,Empresa pequeña,Jun - Ago,1440.480377
2025,13 Ciudades y áreas metropolitanas,Población ocupada,Empresa pequeña,Jul - Sep,1428.91247
2025,13 Ciudades y áreas metropolitanas,Población ocupada,Empresa pequeña,Ago - Oct,1441.905684
2025,13 Ciudades y áreas metropolitanas,Población ocupada,Empresa pequeña,Sep - Nov,1459.686561
2025,13 Ciudades y áreas metropolitanas,Población ocupada,Empresa pequeña,Oct - Dic,1473.979622
2025,13 Ciudades y áreas metropolitanas,Población ocupada,Empresa pequeña,Nov - Ene,1464.992164
2025,13 Ciudades y áreas metropolitanas,Población ocupada,Empresa pequeña,Dic - Feb,1413.840552
2026,13 Ciudades y áreas metropolitanas,Población ocupada,Empresa pequeña,Ene - Mar,1356.815533
2026,13 Ciudades y áreas metropolitanas,Población ocupada,Empresa pequeña,Feb - Abr,1372.752015
2021,13 Ciudades y áreas metropolitanas,Población ocupada,Empresa mediana,Ene - Mar,965.192458
2021,13 Ciudades y áreas metropolitanas,Población ocupada,Empresa mediana,Feb - Abr,989.3509523333333
2021,13 Ciudades y áreas metropolitanas,Población ocupada,Empresa mediana,Mar - May,1048.332043
2021,13 Ciudades y áreas metropolitanas,Población ocupada,Empresa mediana,Abr - Jun,1142.3701213333334
2021,13 Ciudades y áreas metropolitanas,Población ocupada,Empresa mediana,May - Jul,1184.5727356666666
2021,13 Ciudades y áreas metropolitanas,Población ocupada,Empresa mediana,Jun - Ago,1153.704002
2021,13 Ciudades y áreas metropolitanas,Población ocupada,Empresa mediana,Jul - Sep,1093.9143393333334
2021,13 Ciudades y áreas metropolitanas,Población ocupada,Empresa mediana,Ago - Oct,1075.7376213333334
2021,13 Ciudades y áreas metropolitanas,Población ocupada,Empresa mediana,Sep - Nov,1105.1452596666668
2021,13 Ciudades y áreas metropolitanas,Población ocupada,Empresa mediana,Oct - Dic,1138.609953
2021,13 Ciudades y áreas metropolitanas,Población ocupada,Empresa mediana,Nov - Ene,1146.7299573333332
2021,13 Ciudades y áreas metropolitanas,Población ocupada,Empresa mediana,Dic - Feb,1108.2694430000001
2022,13 Ciudades y áreas metropolitanas,Población ocupada,Empresa mediana,Ene - Mar,1033.872588
2022,13 Ciudades y áreas metropolitanas,Población ocupada,Empresa mediana,Feb - Abr,994.1082676666666
2022,13 Ciudades y áreas metropolitanas,Población ocupada,Empresa mediana,Mar - May,988.3601326666667
2022,13 Ciudades y áreas metropolitanas,Población ocupada,Empresa mediana,Abr - Jun,992.3743519999999
2022,13 Ciudades y áreas metropolitanas,Población ocupada,Empresa mediana,May - Jul,968.4310586666667
2022,13 Ciudades y áreas metropolitanas,Población ocupada,Empresa mediana,Jun - Ago,978.8739069999998
2022,13 Ciudades y áreas metropolitanas,Población ocupada,Empresa mediana,Jul - Sep,958.4562583333333
2022,13 Ciudades y áreas metropolitanas,Población ocupada,Empresa mediana,Ago - Oct,975.590462
2022,13 Ciudades y áreas metropolitanas,Población ocupada,Empresa mediana,Sep - Nov,997.271145
2022,13 Ciudades y áreas metropolitanas,Población ocupada,Empresa mediana,Oct - Dic,1040.3126760000002
2022,13 Ciudades y áreas metropolitanas,Población ocupada,Empresa mediana,Nov - Ene,1046.3220250000002
2022,13 Ciudades y áreas metropolitanas,Población ocupada,Empresa mediana,Dic - Feb,988.6343823333333
2023,13 Ciudades y áreas metropolitanas,Población ocupada,Empresa mediana,Ene - Mar,996.7335200000001
2023,13 Ciudades y áreas metropolitanas,Población ocupada,Empresa mediana,Feb - Abr,982.644815
2023,13 Ciudades y áreas metropolitanas,Población ocupada,Empresa mediana,Mar - May,991.3144526666666
2023,13 Ciudades y áreas metropolitanas,Población ocupada,Empresa mediana,Abr - Jun,969.6590903333332
2023,13 Ciudades y áreas metropolitanas,Población ocupada,Empresa mediana,May - Jul,977.8620166666666
2023,13 Ciudades y áreas metropolitanas,Población ocupada,Empresa mediana,Jun - Ago,999.5927933333332
2023,13 Ciudades y áreas metropolitanas,Población ocupada,Empresa mediana,Jul - Sep,989.3570823333333
2023,13 Ciudades y áreas metropolitanas,Población ocupada,Empresa mediana,Ago - Oct,985.2813963333333
2023,13 Ciudades y áreas metropolitanas,Población ocupada,Empresa mediana,Sep - Nov,974.5229563333332
2023,13 Ciudades y áreas metropolitanas,Población ocupada,Empresa mediana,Oct - Dic,1002.8112253333334
2023,13 Ciudades y áreas metropolitanas,Población ocupada,Empresa mediana,Nov - Ene,1065.040309
2023,13 Ciudades y áreas metropolitanas,Población ocupada,Empresa mediana,Dic - Feb,1094.6514913333333
2024,13 Ciudades y áreas metropolitanas,Población ocupada,Empresa mediana,Ene - Mar,1099.7226046666667
2024,13 Ciudades y áreas metropolitanas,Población ocupada,Empresa mediana,Feb - Abr,1041.1503443333334
2024,13 Ciudades y áreas metropolitanas,Población ocupada,Empresa mediana,Mar - May,1036.321829
2024,13 Ciudades y áreas metropolitanas,Población ocupada,Empresa mediana,Abr - Jun,1031.5041979999999
2024,13 Ciudades y áreas metropolitanas,Población ocupada,Empresa mediana,May - Jul,1040.8346233333334
2024,13 Ciudades y áreas metropolitanas,Población ocupada,Empresa mediana,Jun - Ago,1027.216082
2024,13 Ciudades y áreas metropolitanas,Población ocupada,Empresa mediana,Jul - Sep,1002.5852313333334
2024,13 Ciudades y áreas metropolitanas,Población ocupada,Empresa mediana,Ago - Oct,1008.2260323333334
2024,13 Ciudades y áreas metropolitanas,Población ocupada,Empresa mediana,Sep - Nov,956.7589703333333
2024,13 Ciudades y áreas metropolitanas,Población ocupada,Empresa mediana,Oct - Dic,937.0113866666667
2024,13 Ciudades y áreas metropolitanas,Población ocupada,Empresa mediana,Nov - Ene,909.914791
2024,13 Ciudades y áreas metropolitanas,Población ocupada,Empresa mediana,Dic - Feb,939.429684
2025,13 Ciudades y áreas metropolitanas,Población ocupada,Empresa mediana,Ene - Mar,960.204827
2025,13 Ciudades y áreas metropolitanas,Población ocupada,Empresa mediana,Feb - Abr,1001.194382
2025,13 Ciudades y áreas metropolitanas,Población ocupada,Empresa mediana,Mar - May,1003.516199
2025,13 Ciudades y áreas metropolitanas,Población ocupada,Empresa mediana,Abr - Jun,954.568983
2025,13 Ciudades y áreas metropolitanas,Población ocupada,Empresa mediana,May - Jul,890.5652
2025,13 Ciudades y áreas metropolitanas,Población ocupada,Empresa mediana,Jun - Ago,879.130228
2025,13 Ciudades y áreas metropolitanas,Población ocupada,Empresa mediana,Jul - Sep,885.190599
2025,13 Ciudades y áreas metropolitanas,Población ocupada,Empresa mediana,Ago - Oct,937.506035
2025,13 Ciudades y áreas metropolitanas,Población ocupada,Empresa mediana,Sep - Nov,981.702203
2025,13 Ciudades y áreas metropolitanas,Población ocupada,Empresa mediana,Oct - Dic,1025.110505
2025,13 Ciudades y áreas metropolitanas,Población ocupada,Empresa mediana,Nov - Ene,980.903774
2025,13 Ciudades y áreas metropolitanas,Población ocupada,Empresa mediana,Dic - Feb,937.296037
2026,13 Ciudades y áreas metropolitanas,Población ocupada,Empresa mediana,Ene - Mar,937.350777
2026,13 Ciudades y áreas metropolitanas,Población ocupada,Empresa mediana,Feb - Abr,966.798993
2021,13 Ciudades y áreas metropolitanas,Población ocupada,Empresa grande,Ene - Mar,1603.6137426666667
2021,13 Ciudades y áreas metropolitanas,Población ocupada,Empresa grande,Feb - Abr,1683.3311736666665
2021,13 Ciudades y áreas metropolitanas,Población ocupada,Empresa grande,Mar - May,1779.5054136666668
2021,13 Ciudades y áreas metropolitanas,Población ocupada,Empresa grande,Abr - Jun,1799.4982119999997
2021,13 Ciudades y áreas metropolitanas,Población ocupada,Empresa grande,May - Jul,1876.2244066666665
2021,13 Ciudades y áreas metropolitanas,Población ocupada,Empresa grande,Jun - Ago,1971.338829333333
2021,13 Ciudades y áreas metropolitanas,Población ocupada,Empresa grande,Jul - Sep,2122.7436366666666
2021,13 Ciudades y áreas metropolitanas,Población ocupada,Empresa grande,Ago - Oct,2219.6050176666668
2021,13 Ciudades y áreas metropolitanas,Población ocupada,Empresa grande,Sep - Nov,2282.309697
2021,13 Ciudades y áreas metropolitanas,Población ocupada,Empresa grande,Oct - Dic,2326.1756843333333
2021,13 Ciudades y áreas metropolitanas,Población ocupada,Empresa grande,Nov - Ene,2383.5505
2021,13 Ciudades y áreas metropolitanas,Población ocupada,Empresa grande,Dic - Feb,2498.623179333333
2022,13 Ciudades y áreas metropolitanas,Población ocupada,Empresa grande,Ene - Mar,2588.3098910000003
2022,13 Ciudades y áreas metropolitanas,Población ocupada,Empresa grande,Feb - Abr,2740.1835506666666
2022,13 Ciudades y áreas metropolitanas,Población ocupada,Empresa grande,Mar - May,2787.0817286666665
2022,13 Ciudades y áreas metropolitanas,Población ocupada,Empresa grande,Abr - Jun,2828.4323783333334
2022,13 Ciudades y áreas metropolitanas,Población ocupada,Empresa grande,May - Jul,2729.690033333333
2022,13 Ciudades y áreas metropolitanas,Población ocupada,Empresa grande,Jun - Ago,2705.451223333333
2022,13 Ciudades y áreas metropolitanas,Población ocupada,Empresa grande,Jul - Sep,2686.5603736666667
2022,13 Ciudades y áreas metropolitanas,Población ocupada,Empresa grande,Ago - Oct,2746.7120443333333
2022,13 Ciudades y áreas metropolitanas,Población ocupada,Empresa grande,Sep - Nov,2791.5623763333333
2022,13 Ciudades y áreas metropolitanas,Población ocupada,Empresa grande,Oct - Dic,2871.6053076666667
2022,13 Ciudades y áreas metropolitanas,Población ocupada,Empresa grande,Nov - Ene,2875.7599609999997
2022,13 Ciudades y áreas metropolitanas,Población ocupada,Empresa grande,Dic - Feb,2852.780738666667
2023,13 Ciudades y áreas metropolitanas,Población ocupada,Empresa grande,Ene - Mar,2795.2262709999995
2023,13 Ciudades y áreas metropolitanas,Población ocupada,Empresa grande,Feb - Abr,2859.662626
2023,13 Ciudades y áreas metropolitanas,Población ocupada,Empresa grande,Mar - May,2962.2288386666664
2023,13 Ciudades y áreas metropolitanas,Población ocupada,Empresa grande,Abr - Jun,3099.1914756666665
2023,13 Ciudades y áreas metropolitanas,Población ocupada,Empresa grande,May - Jul,3148.3540486666666
2023,13 Ciudades y áreas metropolitanas,Población ocupada,Empresa grande,Jun - Ago,3142.680432333333
2023,13 Ciudades y áreas metropolitanas,Población ocupada,Empresa grande,Jul - Sep,3136.476352
2023,13 Ciudades y áreas metropolitanas,Población ocupada,Empresa grande,Ago - Oct,3115.6504459999996
2023,13 Ciudades y áreas metropolitanas,Población ocupada,Empresa grande,Sep - Nov,3100.6256336666665
2023,13 Ciudades y áreas metropolitanas,Población ocupada,Empresa grande,Oct - Dic,3033.2960476666667
2023,13 Ciudades y áreas metropolitanas,Población ocupada,Empresa grande,Nov - Ene,2986.9467403333333
2023,13 Ciudades y áreas metropolitanas,Población ocupada,Empresa grande,Dic - Feb,2891.288545
2024,13 Ciudades y áreas metropolitanas,Población ocupada,Empresa grande,Ene - Mar,2930.7953390000002
2024,13 Ciudades y áreas metropolitanas,Población ocupada,Empresa grande,Feb - Abr,3019.3785816666664
2024,13 Ciudades y áreas metropolitanas,Población ocupada,Empresa grande,Mar - May,3091.108447666667
2024,13 Ciudades y áreas metropolitanas,Población ocupada,Empresa grande,Abr - Jun,3052.2873356666664
2024,13 Ciudades y áreas metropolitanas,Población ocupada,Empresa grande,May - Jul,3019.5412133333334
2024,13 Ciudades y áreas metropolitanas,Población ocupada,Empresa grande,Jun - Ago,3050.5864603333334
2024,13 Ciudades y áreas metropolitanas,Población ocupada,Empresa grande,Jul - Sep,3056.741591
2024,13 Ciudades y áreas metropolitanas,Población ocupada,Empresa grande,Ago - Oct,2998.067798666667
2024,13 Ciudades y áreas metropolitanas,Población ocupada,Empresa grande,Sep - Nov,3091.6591789999998
2024,13 Ciudades y áreas metropolitanas,Población ocupada,Empresa grande,Oct - Dic,3149.0261376666663
2024,13 Ciudades y áreas metropolitanas,Población ocupada,Empresa grande,Nov - Ene,3162.931489
2024,13 Ciudades y áreas metropolitanas,Población ocupada,Empresa grande,Dic - Feb,3079.996639
2025,13 Ciudades y áreas metropolitanas,Población ocupada,Empresa grande,Ene - Mar,3068.603233
2025,13 Ciudades y áreas metropolitanas,Población ocupada,Empresa grande,Feb - Abr,3124.922888
2025,13 Ciudades y áreas metropolitanas,Población ocupada,Empresa grande,Mar - May,3093.044458
2025,13 Ciudades y áreas metropolitanas,Población ocupada,Empresa grande,Abr - Jun,3122.115516
2025,13 Ciudades y áreas metropolitanas,Población ocupada,Empresa grande,May - Jul,3213.093962
2025,13 Ciudades y áreas metropolitanas,Población ocupada,Empresa grande,Jun - Ago,3325.388037
2025,13 Ciudades y áreas metropolitanas,Población ocupada,Empresa grande,Jul - Sep,3382.374161
2025,13 Ciudades y áreas metropolitanas,Población ocupada,Empresa grande,Ago - Oct,3282.009641
2025,13 Ciudades y áreas metropolitanas,Población ocupada,Empresa grande,Sep - Nov,3250.48469
2025,13 Ciudades y áreas metropolitanas,Población ocupada,Empresa grande,Oct - Dic,3199.067183
2025,13 Ciudades y áreas metropolitanas,Población ocupada,Empresa grande,Nov - Ene,3220.772432
2025,13 Ciudades y áreas metropolitanas,Población ocupada,Empresa grande,Dic - Feb,3261.870272
2026,13 Ciudades y áreas metropolitanas,Población ocupada,Empresa grande,Ene - Mar,3281.515384
2026,13 Ciudades y áreas metropolitanas,Población ocupada,Empresa grande,Feb - Abr,3361.664183
2021,13 Ciudades y áreas metropolitanas,Formal,Formal,Ene - Mar,4990.366199666666
2021,13 Ciudades y áreas metropolitanas,Formal,Formal,Feb - Abr,4999.7586716666665
2021,13 Ciudades y áreas metropolitanas,Formal,Formal,Mar - May,5089.547187333334
2021,13 Ciudades y áreas metropolitanas,Formal,Formal,Abr - Jun,5125.978807333334
2021,13 Ciudades y áreas metropolitanas,Formal,Formal,May - Jul,5245.425084333334
2021,13 Ciudades y áreas metropolitanas,Formal,Formal,Jun - Ago,5265.836126666666
2021,13 Ciudades y áreas metropolitanas,Formal,Formal,Jul - Sep,5347.999793333333
2021,13 Ciudades y áreas metropolitanas,Formal,Formal,Ago - Oct,5330.884890666666
2021,13 Ciudades y áreas metropolitanas,Formal,Formal,Sep - Nov,5423.541088
2021,13 Ciudades y áreas metropolitanas,Formal,Formal,Oct - Dic,5462.111764
2021,13 Ciudades y áreas metropolitanas,Formal,Formal,Nov - Ene,5580.1614156666665
2021,13 Ciudades y áreas metropolitanas,Formal,Formal,Dic - Feb,5648.548136333334
2022,13 Ciudades y áreas metropolitanas,Formal,Formal,Ene - Mar,5696.609560333333
2022,13 Ciudades y áreas metropolitanas,Formal,Formal,Feb - Abr,5740.594314999999
2022,13 Ciudades y áreas metropolitanas,Formal,Formal,Mar - May,5779.928718666667
2022,13 Ciudades y áreas metropolitanas,Formal,Formal,Abr - Jun,5800.781322
2022,13 Ciudades y áreas metropolitanas,Formal,Formal,May - Jul,5801.583500666667
2022,13 Ciudades y áreas metropolitanas,Formal,Formal,Jun - Ago,5855.774466666667
2022,13 Ciudades y áreas metropolitanas,Formal,Formal,Jul - Sep,5905.064518333334
2022,13 Ciudades y áreas metropolitanas,Formal,Formal,Ago - Oct,5952.018709
2022,13 Ciudades y áreas metropolitanas,Formal,Formal,Sep - Nov,6032.460235
2022,13 Ciudades y áreas metropolitanas,Formal,Formal,Oct - Dic,6096.159396
2022,13 Ciudades y áreas metropolitanas,Formal,Formal,Nov - Ene,6064.332979
2022,13 Ciudades y áreas metropolitanas,Formal,Formal,Dic - Feb,5951.079268666667
2023,13 Ciudades y áreas metropolitanas,Formal,Formal,Ene - Mar,5966.552101333334
2023,13 Ciudades y áreas metropolitanas,Formal,Formal,Feb - Abr,6107.266349666667
2023,13 Ciudades y áreas metropolitanas,Formal,Formal,Mar - May,6193.680729
2023,13 Ciudades y áreas metropolitanas,Formal,Formal,Abr - Jun,6295.985500333333
2023,13 Ciudades y áreas metropolitanas,Formal,Formal,May - Jul,6338.882661333334
2023,13 Ciudades y áreas metropolitanas,Formal,Formal,Jun - Ago,6424.596729666667
2023,13 Ciudades y áreas metropolitanas,Formal,Formal,Jul - Sep,6412.3373016666665
2023,13 Ciudades y áreas metropolitanas,Formal,Formal,Ago - Oct,6431.267966666667
2023,13 Ciudades y áreas metropolitanas,Formal,Formal,Sep - Nov,6481.037841
2023,13 Ciudades y áreas metropolitanas,Formal,Formal,Oct - Dic,6456.013361
2023,13 Ciudades y áreas metropolitanas,Formal,Formal,Nov - Ene,6389.975009666666
2023,13 Ciudades y áreas metropolitanas,Formal,Formal,Dic - Feb,6263.269738999999
2024,13 Ciudades y áreas metropolitanas,Formal,Formal,Ene - Mar,6301.315023666666
2024,13 Ciudades y áreas metropolitanas,Formal,Formal,Feb - Abr,6354.550313666667
2024,13 Ciudades y áreas metropolitanas,Formal,Formal,Mar - May,6424.420041
2024,13 Ciudades y áreas metropolitanas,Formal,Formal,Abr - Jun,6424.724372333333
2024,13 Ciudades y áreas metropolitanas,Formal,Formal,May - Jul,6420.547809000001
2024,13 Ciudades y áreas metropolitanas,Formal,Formal,Jun - Ago,6445.787558333333
2024,13 Ciudades y áreas metropolitanas,Formal,Formal,Jul - Sep,6434.520501999999
2024,13 Ciudades y áreas metropolitanas,Formal,Formal,Ago - Oct,6399.182674333333
2024,13 Ciudades y áreas metropolitanas,Formal,Formal,Sep - Nov,6440.5805900000005
2024,13 Ciudades y áreas metropolitanas,Formal,Formal,Oct - Dic,6440.307237666667
2024,13 Ciudades y áreas metropolitanas,Formal,Formal,Nov - Ene,6416.90062
2024,13 Ciudades y áreas metropolitanas,Formal,Formal,Dic - Feb,6330.035846
2025,13 Ciudades y áreas metropolitanas,Formal,Formal,Ene - Mar,6313.062359
2025,13 Ciudades y áreas metropolitanas,Formal,Formal,Feb - Abr,6449.160654
2025,13 Ciudades y áreas metropolitanas,Formal,Formal,Mar - May,6494.988623
2025,13 Ciudades y áreas metropolitanas,Formal,Formal,Abr - Jun,6561.385748
2025,13 Ciudades y áreas metropolitanas,Formal,Formal,May - Jul,6580.870101
2025,13 Ciudades y áreas metropolitanas,Formal,Formal,Jun - Ago,6629.239017
2025,13 Ciudades y áreas metropolitanas,Formal,Formal,Jul - Sep,6673.952803
2025,13 Ciudades y áreas metropolitanas,Formal,Formal,Ago - Oct,6616.207533
2025,13 Ciudades y áreas metropolitanas,Formal,Formal,Sep - Nov,6677.690246
2025,13 Ciudades y áreas metropolitanas,Formal,Formal,Oct - Dic,6701.28994
2025,13 Ciudades y áreas metropolitanas,Formal,Formal,Nov - Ene,6713.179559
2025,13 Ciudades y áreas metropolitanas,Formal,Formal,Dic - Feb,6634.691589
2026,13 Ciudades y áreas metropolitanas,Formal,Formal,Ene - Mar,6625.45175
2026,13 Ciudades y áreas metropolitanas,Formal,Formal,Feb - Abr,6698.7158
2021,13 Ciudades y áreas metropolitanas,Formal,Microempresa,Ene - Mar,1518.8882979999998
2021,13 Ciudades y áreas metropolitanas,Formal,Microempresa,Feb - Abr,1411.7116286666667
2021,13 Ciudades y áreas metropolitanas,Formal,Microempresa,Mar - May,1314.0927813333333
2021,13 Ciudades y áreas metropolitanas,Formal,Microempresa,Abr - Jun,1254.396065
2021,13 Ciudades y áreas metropolitanas,Formal,Microempresa,May - Jul,1242.8629363333332
2021,13 Ciudades y áreas metropolitanas,Formal,Microempresa,Jun - Ago,1216.5759690000002
2021,13 Ciudades y áreas metropolitanas,Formal,Microempresa,Jul - Sep,1236.9836626666668
2021,13 Ciudades y áreas metropolitanas,Formal,Microempresa,Ago - Oct,1177.574331
2021,13 Ciudades y áreas metropolitanas,Formal,Microempresa,Sep - Nov,1193.0784803333333
2021,13 Ciudades y áreas metropolitanas,Formal,Microempresa,Oct - Dic,1151.5972886666668
2021,13 Ciudades y áreas metropolitanas,Formal,Microempresa,Nov - Ene,1146.1195220000002
2021,13 Ciudades y áreas metropolitanas,Formal,Microempresa,Dic - Feb,1145.9715976666669
2022,13 Ciudades y áreas metropolitanas,Formal,Microempresa,Ene - Mar,1184.141605
2022,13 Ciudades y áreas metropolitanas,Formal,Microempresa,Feb - Abr,1182.3739193333333
2022,13 Ciudades y áreas metropolitanas,Formal,Microempresa,Mar - May,1172.4692696666668
2022,13 Ciudades y áreas metropolitanas,Formal,Microempresa,Abr - Jun,1144.8513460000001
2022,13 Ciudades y áreas metropolitanas,Formal,Microempresa,May - Jul,1183.282786
2022,13 Ciudades y áreas metropolitanas,Formal,Microempresa,Jun - Ago,1233.6028943333333
2022,13 Ciudades y áreas metropolitanas,Formal,Microempresa,Jul - Sep,1278.23443
2022,13 Ciudades y áreas metropolitanas,Formal,Microempresa,Ago - Oct,1297.4110173333333
2022,13 Ciudades y áreas metropolitanas,Formal,Microempresa,Sep - Nov,1309.2169569999999
2022,13 Ciudades y áreas metropolitanas,Formal,Microempresa,Oct - Dic,1296.3768696666666
2022,13 Ciudades y áreas metropolitanas,Formal,Microempresa,Nov - Ene,1255.2429696666666
2022,13 Ciudades y áreas metropolitanas,Formal,Microempresa,Dic - Feb,1238.8976423333334
2023,13 Ciudades y áreas metropolitanas,Formal,Microempresa,Ene - Mar,1279.0781106666666
2023,13 Ciudades y áreas metropolitanas,Formal,Microempresa,Feb - Abr,1335.359504
2023,13 Ciudades y áreas metropolitanas,Formal,Microempresa,Mar - May,1314.855195
2023,13 Ciudades y áreas metropolitanas,Formal,Microempresa,Abr - Jun,1294.7734693333334
2023,13 Ciudades y áreas metropolitanas,Formal,Microempresa,May - Jul,1262.5382180000001
2023,13 Ciudades y áreas metropolitanas,Formal,Microempresa,Jun - Ago,1314.7549816666667
2023,13 Ciudades y áreas metropolitanas,Formal,Microempresa,Jul - Sep,1308.6290953333335
2023,13 Ciudades y áreas metropolitanas,Formal,Microempresa,Ago - Oct,1345.6664733333334
2023,13 Ciudades y áreas metropolitanas,Formal,Microempresa,Sep - Nov,1324.585571
2023,13 Ciudades y áreas metropolitanas,Formal,Microempresa,Oct - Dic,1332.8057293333334
2023,13 Ciudades y áreas metropolitanas,Formal,Microempresa,Nov - Ene,1298.1464669999998
2023,13 Ciudades y áreas metropolitanas,Formal,Microempresa,Dic - Feb,1288.5037423333333
2024,13 Ciudades y áreas metropolitanas,Formal,Microempresa,Ene - Mar,1305.2029586666667
2024,13 Ciudades y áreas metropolitanas,Formal,Microempresa,Feb - Abr,1302.3684656666667
2024,13 Ciudades y áreas metropolitanas,Formal,Microempresa,Mar - May,1287.436879
2024,13 Ciudades y áreas metropolitanas,Formal,Microempresa,Abr - Jun,1299.1481026666668
2024,13 Ciudades y áreas metropolitanas,Formal,Microempresa,May - Jul,1291.7179373333336
2024,13 Ciudades y áreas metropolitanas,Formal,Microempresa,Jun - Ago,1299.9281170000002
2024,13 Ciudades y áreas metropolitanas,Formal,Microempresa,Jul - Sep,1251.011591
2024,13 Ciudades y áreas metropolitanas,Formal,Microempresa,Ago - Oct,1275.9806273333334
2024,13 Ciudades y áreas metropolitanas,Formal,Microempresa,Sep - Nov,1294.8005409999998
2024,13 Ciudades y áreas metropolitanas,Formal,Microempresa,Oct - Dic,1302.5140009999998
2024,13 Ciudades y áreas metropolitanas,Formal,Microempresa,Nov - Ene,1300.828367
2024,13 Ciudades y áreas metropolitanas,Formal,Microempresa,Dic - Feb,1272.426637
2025,13 Ciudades y áreas metropolitanas,Formal,Microempresa,Ene - Mar,1285.685834
2025,13 Ciudades y áreas metropolitanas,Formal,Microempresa,Feb - Abr,1274.473706
2025,13 Ciudades y áreas metropolitanas,Formal,Microempresa,Mar - May,1295.112851
2025,13 Ciudades y áreas metropolitanas,Formal,Microempresa,Abr - Jun,1312.374529
2025,13 Ciudades y áreas metropolitanas,Formal,Microempresa,May - Jul,1335.225998
2025,13 Ciudades y áreas metropolitanas,Formal,Microempresa,Jun - Ago,1326.569441
2025,13 Ciudades y áreas metropolitanas,Formal,Microempresa,Jul - Sep,1307.886051
2025,13 Ciudades y áreas metropolitanas,Formal,Microempresa,Ago - Oct,1284.739426
2025,13 Ciudades y áreas metropolitanas,Formal,Microempresa,Sep - Nov,1323.571028
2025,13 Ciudades y áreas metropolitanas,Formal,Microempresa,Oct - Dic,1341.470105
2025,13 Ciudades y áreas metropolitanas,Formal,Microempresa,Nov - Ene,1384.745665
2025,13 Ciudades y áreas metropolitanas,Formal,Microempresa,Dic - Feb,1334.992133
2026,13 Ciudades y áreas metropolitanas,Formal,Microempresa,Ene - Mar,1351.953687
2026,13 Ciudades y áreas metropolitanas,Formal,Microempresa,Feb - Abr,1300.444082
2021,13 Ciudades y áreas metropolitanas,Formal,Empresa pequeña,Ene - Mar,1138.5225706666668
2021,13 Ciudades y áreas metropolitanas,Formal,Empresa pequeña,Feb - Abr,1126.1910613333332
2021,13 Ciudades y áreas metropolitanas,Formal,Empresa pequeña,Mar - May,1150.1946719999999
2021,13 Ciudades y áreas metropolitanas,Formal,Empresa pequeña,Abr - Jun,1134.179284
2021,13 Ciudades y áreas metropolitanas,Formal,Empresa pequeña,May - Jul,1138.9992896666665
2021,13 Ciudades y áreas metropolitanas,Formal,Empresa pequeña,Jun - Ago,1105.8477736666666
2021,13 Ciudades y áreas metropolitanas,Formal,Empresa pequeña,Jul - Sep,1078.6894433333334
2021,13 Ciudades y áreas metropolitanas,Formal,Empresa pequeña,Ago - Oct,1070.222756
2021,13 Ciudades y áreas metropolitanas,Formal,Empresa pequeña,Sep - Nov,1067.8301093333334
2021,13 Ciudades y áreas metropolitanas,Formal,Empresa pequeña,Oct - Dic,1063.8322306666666
2021,13 Ciudades y áreas metropolitanas,Formal,Empresa pequeña,Nov - Ene,1093.3738596666667
2021,13 Ciudades y áreas metropolitanas,Formal,Empresa pequeña,Dic - Feb,1085.1224730000001
2022,13 Ciudades y áreas metropolitanas,Formal,Empresa pequeña,Ene - Mar,1089.633237
2022,13 Ciudades y áreas metropolitanas,Formal,Empresa pequeña,Feb - Abr,1037.171818
2022,13 Ciudades y áreas metropolitanas,Formal,Empresa pequeña,Mar - May,1049.9649160000001
2022,13 Ciudades y áreas metropolitanas,Formal,Empresa pequeña,Abr - Jun,1034.7675486666665
2022,13 Ciudades y áreas metropolitanas,Formal,Empresa pequeña,May - Jul,1093.8575006666667
2022,13 Ciudades y áreas metropolitanas,Formal,Empresa pequeña,Jun - Ago,1101.8026593333334
2022,13 Ciudades y áreas metropolitanas,Formal,Empresa pequeña,Jul - Sep,1140.4615543333332
2022,13 Ciudades y áreas metropolitanas,Formal,Empresa pequeña,Ago - Oct,1086.840773
2022,13 Ciudades y áreas metropolitanas,Formal,Empresa pequeña,Sep - Nov,1093.7303873333333
2022,13 Ciudades y áreas metropolitanas,Formal,Empresa pequeña,Oct - Dic,1056.696927
2022,13 Ciudades y áreas metropolitanas,Formal,Empresa pequeña,Nov - Ene,1069.0378016666666
2022,13 Ciudades y áreas metropolitanas,Formal,Empresa pequeña,Dic - Feb,1033.0327543333333
2023,13 Ciudades y áreas metropolitanas,Formal,Empresa pequeña,Ene - Mar,1044.7421383333333
2023,13 Ciudades y áreas metropolitanas,Formal,Empresa pequeña,Feb - Abr,1071.8751916666668
2023,13 Ciudades y áreas metropolitanas,Formal,Empresa pequeña,Mar - May,1067.4201566666668
2023,13 Ciudades y áreas metropolitanas,Formal,Empresa pequeña,Abr - Jun,1062.923914
2023,13 Ciudades y áreas metropolitanas,Formal,Empresa pequeña,May - Jul,1057.5000743333333
2023,13 Ciudades y áreas metropolitanas,Formal,Empresa pequeña,Jun - Ago,1074.6421496666667
2023,13 Ciudades y áreas metropolitanas,Formal,Empresa pequeña,Jul - Sep,1098.8897856666665
2023,13 Ciudades y áreas metropolitanas,Formal,Empresa pequeña,Ago - Oct,1109.7000850000002
2023,13 Ciudades y áreas metropolitanas,Formal,Empresa pequeña,Sep - Nov,1192.6291646666666
2023,13 Ciudades y áreas metropolitanas,Formal,Empresa pequeña,Oct - Dic,1192.6084366666666
2023,13 Ciudades y áreas metropolitanas,Formal,Empresa pequeña,Nov - Ene,1153.4471973333336
2023,13 Ciudades y áreas metropolitanas,Formal,Empresa pequeña,Dic - Feb,1111.9880993333334
2024,13 Ciudades y áreas metropolitanas,Formal,Empresa pequeña,Ene - Mar,1093.8509303333333
2024,13 Ciudades y áreas metropolitanas,Formal,Empresa pequeña,Feb - Abr,1116.761983333333
2024,13 Ciudades y áreas metropolitanas,Formal,Empresa pequeña,Mar - May,1122.5725893333333
2024,13 Ciudades y áreas metropolitanas,Formal,Empresa pequeña,Abr - Jun,1159.040815
2024,13 Ciudades y áreas metropolitanas,Formal,Empresa pequeña,May - Jul,1181.3199923333334
2024,13 Ciudades y áreas metropolitanas,Formal,Empresa pequeña,Jun - Ago,1185.7387820000001
2024,13 Ciudades y áreas metropolitanas,Formal,Empresa pequeña,Jul - Sep,1225.0867573333333
2024,13 Ciudades y áreas metropolitanas,Formal,Empresa pequeña,Ago - Oct,1220.6340543333333
2024,13 Ciudades y áreas metropolitanas,Formal,Empresa pequeña,Sep - Nov,1198.18357
2024,13 Ciudades y áreas metropolitanas,Formal,Empresa pequeña,Oct - Dic,1158.333572
2024,13 Ciudades y áreas metropolitanas,Formal,Empresa pequeña,Nov - Ene,1157.552122
2024,13 Ciudades y áreas metropolitanas,Formal,Empresa pequeña,Dic - Feb,1167.073403
2025,13 Ciudades y áreas metropolitanas,Formal,Empresa pequeña,Ene - Mar,1126.254507
2025,13 Ciudades y áreas metropolitanas,Formal,Empresa pequeña,Feb - Abr,1157.811656
2025,13 Ciudades y áreas metropolitanas,Formal,Empresa pequeña,Mar - May,1193.112659
2025,13 Ciudades y áreas metropolitanas,Formal,Empresa pequeña,Abr - Jun,1251.574499
2025,13 Ciudades y áreas metropolitanas,Formal,Empresa pequeña,May - Jul,1229.192227
2025,13 Ciudades y áreas metropolitanas,Formal,Empresa pequeña,Jun - Ago,1195.582518
2025,13 Ciudades y áreas metropolitanas,Formal,Empresa pequeña,Jul - Sep,1206.035153
2025,13 Ciudades y áreas metropolitanas,Formal,Empresa pequeña,Ago - Oct,1212.673286
2025,13 Ciudades y áreas metropolitanas,Formal,Empresa pequeña,Sep - Nov,1228.631596
2025,13 Ciudades y áreas metropolitanas,Formal,Empresa pequeña,Oct - Dic,1237.753169
2025,13 Ciudades y áreas metropolitanas,Formal,Empresa pequeña,Nov - Ene,1239.074557
2025,13 Ciudades y áreas metropolitanas,Formal,Empresa pequeña,Dic - Feb,1205.884575
2026,13 Ciudades y áreas metropolitanas,Formal,Empresa pequeña,Ene - Mar,1157.239038
2026,13 Ciudades y áreas metropolitanas,Formal,Empresa pequeña,Feb - Abr,1166.990639
2021,13 Ciudades y áreas metropolitanas,Formal,Empresa mediana,Ene - Mar,861.6928953333332
2021,13 Ciudades y áreas metropolitanas,Formal,Empresa mediana,Feb - Abr,893.3268606666667
2021,13 Ciudades y áreas metropolitanas,Formal,Empresa mediana,Mar - May,952.6553620000001
2021,13 Ciudades y áreas metropolitanas,Formal,Empresa mediana,Abr - Jun,1029.6913889999998
2021,13 Ciudades y áreas metropolitanas,Formal,Empresa mediana,May - Jul,1078.3424056666665
2021,13 Ciudades y áreas metropolitanas,Formal,Empresa mediana,Jun - Ago,1060.936441
2021,13 Ciudades y áreas metropolitanas,Formal,Empresa mediana,Jul - Sep,1005.3399680000001
2021,13 Ciudades y áreas metropolitanas,Formal,Empresa mediana,Ago - Oct,970.8675873333333
2021,13 Ciudades y áreas metropolitanas,Formal,Empresa mediana,Sep - Nov,994.9689363333333
2021,13 Ciudades y áreas metropolitanas,Formal,Empresa mediana,Oct - Dic,1039.928145
2021,13 Ciudades y áreas metropolitanas,Formal,Empresa mediana,Nov - Ene,1062.0789459999999
2021,13 Ciudades y áreas metropolitanas,Formal,Empresa mediana,Dic - Feb,1026.323872
2022,13 Ciudades y áreas metropolitanas,Formal,Empresa mediana,Ene - Mar,950.2720436666667
2022,13 Ciudades y áreas metropolitanas,Formal,Empresa mediana,Feb - Abr,913.3329673333333
2022,13 Ciudades y áreas metropolitanas,Formal,Empresa mediana,Mar - May,914.715685
2022,13 Ciudades y áreas metropolitanas,Formal,Empresa mediana,Abr - Jun,923.171297
2022,13 Ciudades y áreas metropolitanas,Formal,Empresa mediana,May - Jul,908.854745
2022,13 Ciudades y áreas metropolitanas,Formal,Empresa mediana,Jun - Ago,918.87271
2022,13 Ciudades y áreas metropolitanas,Formal,Empresa mediana,Jul - Sep,899.9609446666667
2022,13 Ciudades y áreas metropolitanas,Formal,Empresa mediana,Ago - Oct,913.4902276666667
2022,13 Ciudades y áreas metropolitanas,Formal,Empresa mediana,Sep - Nov,929.8556873333333
2022,13 Ciudades y áreas metropolitanas,Formal,Empresa mediana,Oct - Dic,975.8436176666665
2022,13 Ciudades y áreas metropolitanas,Formal,Empresa mediana,Nov - Ene,978.30174
2022,13 Ciudades y áreas metropolitanas,Formal,Empresa mediana,Dic - Feb,930.911211
2023,13 Ciudades y áreas metropolitanas,Formal,Empresa mediana,Ene - Mar,931.8301823333333
2023,13 Ciudades y áreas metropolitanas,Formal,Empresa mediana,Feb - Abr,924.1639426666667
2023,13 Ciudades y áreas metropolitanas,Formal,Empresa mediana,Mar - May,931.957102
2023,13 Ciudades y áreas metropolitanas,Formal,Empresa mediana,Abr - Jun,923.752191
2023,13 Ciudades y áreas metropolitanas,Formal,Empresa mediana,May - Jul,934.6937243333333
2023,13 Ciudades y áreas metropolitanas,Formal,Empresa mediana,Jun - Ago,954.4105839999999
2023,13 Ciudades y áreas metropolitanas,Formal,Empresa mediana,Jul - Sep,938.423396
2023,13 Ciudades y áreas metropolitanas,Formal,Empresa mediana,Ago - Oct,936.9515176666667
2023,13 Ciudades y áreas metropolitanas,Formal,Empresa mediana,Sep - Nov,933.8037533333332
2023,13 Ciudades y áreas metropolitanas,Formal,Empresa mediana,Oct - Dic,957.4680183333334
2023,13 Ciudades y áreas metropolitanas,Formal,Empresa mediana,Nov - Ene,1011.1500849999999
2023,13 Ciudades y áreas metropolitanas,Formal,Empresa mediana,Dic - Feb,1037.793506
2024,13 Ciudades y áreas metropolitanas,Formal,Empresa mediana,Ene - Mar,1044.2322296666666
2024,13 Ciudades y áreas metropolitanas,Formal,Empresa mediana,Feb - Abr,991.968891
2024,13 Ciudades y áreas metropolitanas,Formal,Empresa mediana,Mar - May,990.3511433333333
2024,13 Ciudades y áreas metropolitanas,Formal,Empresa mediana,Abr - Jun,982.6822193333334
2024,13 Ciudades y áreas metropolitanas,Formal,Empresa mediana,May - Jul,993.7293116666666
2024,13 Ciudades y áreas metropolitanas,Formal,Empresa mediana,Jun - Ago,974.6360540000001
2024,13 Ciudades y áreas metropolitanas,Formal,Empresa mediana,Jul - Sep,957.4110373333333
2024,13 Ciudades y áreas metropolitanas,Formal,Empresa mediana,Ago - Oct,960.2392813333332
2024,13 Ciudades y áreas metropolitanas,Formal,Empresa mediana,Sep - Nov,915.3382993333333
2024,13 Ciudades y áreas metropolitanas,Formal,Empresa mediana,Oct - Dic,901.7867503333333
2024,13 Ciudades y áreas metropolitanas,Formal,Empresa mediana,Nov - Ene,867.41021
2024,13 Ciudades y áreas metropolitanas,Formal,Empresa mediana,Dic - Feb,888.377135
2025,13 Ciudades y áreas metropolitanas,Formal,Empresa mediana,Ene - Mar,903.205208
2025,13 Ciudades y áreas metropolitanas,Formal,Empresa mediana,Feb - Abr,951.755677
2025,13 Ciudades y áreas metropolitanas,Formal,Empresa mediana,Mar - May,963.296436
2025,13 Ciudades y áreas metropolitanas,Formal,Empresa mediana,Abr - Jun,920.521515
2025,13 Ciudades y áreas metropolitanas,Formal,Empresa mediana,May - Jul,859.178717
2025,13 Ciudades y áreas metropolitanas,Formal,Empresa mediana,Jun - Ago,849.261235
2025,13 Ciudades y áreas metropolitanas,Formal,Empresa mediana,Jul - Sep,851.187921
2025,13 Ciudades y áreas metropolitanas,Formal,Empresa mediana,Ago - Oct,896.997967
2025,13 Ciudades y áreas metropolitanas,Formal,Empresa mediana,Sep - Nov,929.094017
2025,13 Ciudades y áreas metropolitanas,Formal,Empresa mediana,Oct - Dic,971.053397
2025,13 Ciudades y áreas metropolitanas,Formal,Empresa mediana,Nov - Ene,931.949108
2025,13 Ciudades y áreas metropolitanas,Formal,Empresa mediana,Dic - Feb,894.315967
2026,13 Ciudades y áreas metropolitanas,Formal,Empresa mediana,Ene - Mar,892.632999
2026,13 Ciudades y áreas metropolitanas,Formal,Empresa mediana,Feb - Abr,921.753858
2021,13 Ciudades y áreas metropolitanas,Formal,Empresa grande,Ene - Mar,1471.262436
2021,13 Ciudades y áreas metropolitanas,Formal,Empresa grande,Feb - Abr,1568.5291210000003
2021,13 Ciudades y áreas metropolitanas,Formal,Empresa grande,Mar - May,1672.604372
2021,13 Ciudades y áreas metropolitanas,Formal,Empresa grande,Abr - Jun,1707.7120693333334
2021,13 Ciudades y áreas metropolitanas,Formal,Empresa grande,May - Jul,1785.220453
2021,13 Ciudades y áreas metropolitanas,Formal,Empresa grande,Jun - Ago,1882.4759436666666
2021,13 Ciudades y áreas metropolitanas,Formal,Empresa grande,Jul - Sep,2026.9867196666667
2021,13 Ciudades y áreas metropolitanas,Formal,Empresa grande,Ago - Oct,2112.2202166666666
2021,13 Ciudades y áreas metropolitanas,Formal,Empresa grande,Sep - Nov,2167.6635616666663
2021,13 Ciudades y áreas metropolitanas,Formal,Empresa grande,Oct - Dic,2206.7540996666667
2021,13 Ciudades y áreas metropolitanas,Formal,Empresa grande,Nov - Ene,2278.589088
2021,13 Ciudades y áreas metropolitanas,Formal,Empresa grande,Dic - Feb,2391.130194
2022,13 Ciudades y áreas metropolitanas,Formal,Empresa grande,Ene - Mar,2472.562674666666
2022,13 Ciudades y áreas metropolitanas,Formal,Empresa grande,Feb - Abr,2607.715610333333
2022,13 Ciudades y áreas metropolitanas,Formal,Empresa grande,Mar - May,2642.778848
2022,13 Ciudades y áreas metropolitanas,Formal,Empresa grande,Abr - Jun,2697.9911303333333
2022,13 Ciudades y áreas metropolitanas,Formal,Empresa grande,May - Jul,2615.588469
2022,13 Ciudades y áreas metropolitanas,Formal,Empresa grande,Jun - Ago,2601.496203
2022,13 Ciudades y áreas metropolitanas,Formal,Empresa grande,Jul - Sep,2586.4075893333334
2022,13 Ciudades y áreas metropolitanas,Formal,Empresa grande,Ago - Oct,2654.2766910000005
2022,13 Ciudades y áreas metropolitanas,Formal,Empresa grande,Sep - Nov,2699.6572033333337
2022,13 Ciudades y áreas metropolitanas,Formal,Empresa grande,Oct - Dic,2767.241982
2022,13 Ciudades y áreas metropolitanas,Formal,Empresa grande,Nov - Ene,2761.7504683333336
2022,13 Ciudades y áreas metropolitanas,Formal,Empresa grande,Dic - Feb,2748.2376616666666
2023,13 Ciudades y áreas metropolitanas,Formal,Empresa grande,Ene - Mar,2710.901670333333
2023,13 Ciudades y áreas metropolitanas,Formal,Empresa grande,Feb - Abr,2775.867711666667
2023,13 Ciudades y áreas metropolitanas,Formal,Empresa grande,Mar - May,2879.4482753333336
2023,13 Ciudades y áreas metropolitanas,Formal,Empresa grande,Abr - Jun,3014.535926
2023,13 Ciudades y áreas metropolitanas,Formal,Empresa grande,May - Jul,3084.1506443333333
2023,13 Ciudades y áreas metropolitanas,Formal,Empresa grande,Jun - Ago,3080.7890143333334
2023,13 Ciudades y áreas metropolitanas,Formal,Empresa grande,Jul - Sep,3066.3950246666664
2023,13 Ciudades y áreas metropolitanas,Formal,Empresa grande,Ago - Oct,3038.9498906666668
2023,13 Ciudades y áreas metropolitanas,Formal,Empresa grande,Sep - Nov,3030.019352
2023,13 Ciudades y áreas metropolitanas,Formal,Empresa grande,Oct - Dic,2973.1311766666663
2023,13 Ciudades y áreas metropolitanas,Formal,Empresa grande,Nov - Ene,2927.231260666666
2023,13 Ciudades y áreas metropolitanas,Formal,Empresa grande,Dic - Feb,2824.984391666667
2024,13 Ciudades y áreas metropolitanas,Formal,Empresa grande,Ene - Mar,2858.028905333334
2024,13 Ciudades y áreas metropolitanas,Formal,Empresa grande,Feb - Abr,2943.450973333334
2024,13 Ciudades y áreas metropolitanas,Formal,Empresa grande,Mar - May,3024.0594289999995
2024,13 Ciudades y áreas metropolitanas,Formal,Empresa grande,Abr - Jun,2983.8532353333335
2024,13 Ciudades y áreas metropolitanas,Formal,Empresa grande,May - Jul,2953.7805679999997
2024,13 Ciudades y áreas metropolitanas,Formal,Empresa grande,Jun - Ago,2985.4846056666665
2024,13 Ciudades y áreas metropolitanas,Formal,Empresa grande,Jul - Sep,3001.011116
2024,13 Ciudades y áreas metropolitanas,Formal,Empresa grande,Ago - Oct,2942.3287106666667
2024,13 Ciudades y áreas metropolitanas,Formal,Empresa grande,Sep - Nov,3032.258178666667
2024,13 Ciudades y áreas metropolitanas,Formal,Empresa grande,Oct - Dic,3077.6729133333333
2024,13 Ciudades y áreas metropolitanas,Formal,Empresa grande,Nov - Ene,3091.109922
2024,13 Ciudades y áreas metropolitanas,Formal,Empresa grande,Dic - Feb,3002.158671
2025,13 Ciudades y áreas metropolitanas,Formal,Empresa grande,Ene - Mar,2997.91681
2025,13 Ciudades y áreas metropolitanas,Formal,Empresa grande,Feb - Abr,3065.119615
2025,13 Ciudades y áreas metropolitanas,Formal,Empresa grande,Mar - May,3043.466677
2025,13 Ciudades y áreas metropolitanas,Formal,Empresa grande,Abr - Jun,3076.915205
2025,13 Ciudades y áreas metropolitanas,Formal,Empresa grande,May - Jul,3157.273159
2025,13 Ciudades y áreas metropolitanas,Formal,Empresa grande,Jun - Ago,3257.825823
2025,13 Ciudades y áreas metropolitanas,Formal,Empresa grande,Jul - Sep,3308.84368
2025,13 Ciudades y áreas metropolitanas,Formal,Empresa grande,Ago - Oct,3221.796853
2025,13 Ciudades y áreas metropolitanas,Formal,Empresa grande,Sep - Nov,3196.393605
2025,13 Ciudades y áreas metropolitanas,Formal,Empresa grande,Oct - Dic,3151.013269
2025,13 Ciudades y áreas metropolitanas,Formal,Empresa grande,Nov - Ene,3157.410229
2025,13 Ciudades y áreas metropolitanas,Formal,Empresa grande,Dic - Feb,3199.498914
2026,13 Ciudades y áreas metropolitanas,Formal,Empresa grande,Ene - Mar,3223.626025
2026,13 Ciudades y áreas metropolitanas,Formal,Empresa grande,Feb - Abr,3309.52722
2021,13 Ciudades y áreas metropolitanas,Informal,Informal,Ene - Mar,4236.047126666667
2021,13 Ciudades y áreas metropolitanas,Informal,Informal,Feb - Abr,4320.687901333334
2021,13 Ciudades y áreas metropolitanas,Informal,Informal,Mar - May,4252.099253666666
2021,13 Ciudades y áreas metropolitanas,Informal,Informal,Abr - Jun,4237.317349333333
2021,13 Ciudades y áreas metropolitanas,Informal,Informal,May - Jul,4212.928487666667
2021,13 Ciudades y áreas metropolitanas,Informal,Informal,Jun - Ago,4305.204822666667
2021,13 Ciudades y áreas metropolitanas,Informal,Informal,Jul - Sep,4287.599949666666
2021,13 Ciudades y áreas metropolitanas,Informal,Informal,Ago - Oct,4351.592424
2021,13 Ciudades y áreas metropolitanas,Informal,Informal,Sep - Nov,4315.7060163333335
2021,13 Ciudades y áreas metropolitanas,Informal,Informal,Oct - Dic,4329.673288999999
2021,13 Ciudades y áreas metropolitanas,Informal,Informal,Nov - Ene,4250.4526203333335
2021,13 Ciudades y áreas metropolitanas,Informal,Informal,Dic - Feb,4284.153669333333
2022,13 Ciudades y áreas metropolitanas,Informal,Informal,Ene - Mar,4380.1373656666665
2022,13 Ciudades y áreas metropolitanas,Informal,Informal,Feb - Abr,4543.834986333334
2022,13 Ciudades y áreas metropolitanas,Informal,Informal,Mar - May,4560.856319333333
2022,13 Ciudades y áreas metropolitanas,Informal,Informal,Abr - Jun,4552.434968666667
2022,13 Ciudades y áreas metropolitanas,Informal,Informal,May - Jul,4532.558216333334
2022,13 Ciudades y áreas metropolitanas,Informal,Informal,Jun - Ago,4495.658263666667
2022,13 Ciudades y áreas metropolitanas,Informal,Informal,Jul - Sep,4577.618263333334
2022,13 Ciudades y áreas metropolitanas,Informal,Informal,Ago - Oct,4631.083946666667
2022,13 Ciudades y áreas metropolitanas,Informal,Informal,Sep - Nov,4650.453458666667
2022,13 Ciudades y áreas metropolitanas,Informal,Informal,Oct - Dic,4545.455407333334
2022,13 Ciudades y áreas metropolitanas,Informal,Informal,Nov - Ene,4393.997701666667
2022,13 Ciudades y áreas metropolitanas,Informal,Informal,Dic - Feb,4407.220959333334
2023,13 Ciudades y áreas metropolitanas,Informal,Informal,Ene - Mar,4460.638295
2023,13 Ciudades y áreas metropolitanas,Informal,Informal,Feb - Abr,4491.249739333333
2023,13 Ciudades y áreas metropolitanas,Informal,Informal,Mar - May,4453.741693
2023,13 Ciudades y áreas metropolitanas,Informal,Informal,Abr - Jun,4418.198090333334
2023,13 Ciudades y áreas metropolitanas,Informal,Informal,May - Jul,4499.918720333334
2023,13 Ciudades y áreas metropolitanas,Informal,Informal,Jun - Ago,4530.839336666667
2023,13 Ciudades y áreas metropolitanas,Informal,Informal,Jul - Sep,4527.808447333333
2023,13 Ciudades y áreas metropolitanas,Informal,Informal,Ago - Oct,4536.610139
2023,13 Ciudades y áreas metropolitanas,Informal,Informal,Sep - Nov,4584.666888000001
2023,13 Ciudades y áreas metropolitanas,Informal,Informal,Oct - Dic,4576.840190999999
2023,13 Ciudades y áreas metropolitanas,Informal,Informal,Nov - Ene,4472.586832333333
2023,13 Ciudades y áreas metropolitanas,Informal,Informal,Dic - Feb,4449.179555666667
2024,13 Ciudades y áreas metropolitanas,Informal,Informal,Ene - Mar,4447.7595870000005
2024,13 Ciudades y áreas metropolitanas,Informal,Informal,Feb - Abr,4525.768463333334
2024,13 Ciudades y áreas metropolitanas,Informal,Informal,Mar - May,4553.790702666666
2024,13 Ciudades y áreas metropolitanas,Informal,Informal,Abr - Jun,4581.656711333333
2024,13 Ciudades y áreas metropolitanas,Informal,Informal,May - Jul,4624.919306333333
2024,13 Ciudades y áreas metropolitanas,Informal,Informal,Jun - Ago,4633.906054
2024,13 Ciudades y áreas metropolitanas,Informal,Informal,Jul - Sep,4658.416099666666
2024,13 Ciudades y áreas metropolitanas,Informal,Informal,Ago - Oct,4722.445922333333
2024,13 Ciudades y áreas metropolitanas,Informal,Informal,Sep - Nov,4746.927245666667
2024,13 Ciudades y áreas metropolitanas,Informal,Informal,Oct - Dic,4755.130241666667
2024,13 Ciudades y áreas metropolitanas,Informal,Informal,Nov - Ene,4665.828641
2024,13 Ciudades y áreas metropolitanas,Informal,Informal,Dic - Feb,4697.612586
2025,13 Ciudades y áreas metropolitanas,Informal,Informal,Ene - Mar,4789.768929
2025,13 Ciudades y áreas metropolitanas,Informal,Informal,Feb - Abr,4773.343201
2025,13 Ciudades y áreas metropolitanas,Informal,Informal,Mar - May,4758.9607
2025,13 Ciudades y áreas metropolitanas,Informal,Informal,Abr - Jun,4692.795772
2025,13 Ciudades y áreas metropolitanas,Informal,Informal,May - Jul,4762.183404
2025,13 Ciudades y áreas metropolitanas,Informal,Informal,Jun - Ago,4783.911923
2025,13 Ciudades y áreas metropolitanas,Informal,Informal,Jul - Sep,4756.286562
2025,13 Ciudades y áreas metropolitanas,Informal,Informal,Ago - Oct,4881.090912
2025,13 Ciudades y áreas metropolitanas,Informal,Informal,Sep - Nov,4889.067612
2025,13 Ciudades y áreas metropolitanas,Informal,Informal,Oct - Dic,4912.196727
2025,13 Ciudades y áreas metropolitanas,Informal,Informal,Nov - Ene,4671.783415
2025,13 Ciudades y áreas metropolitanas,Informal,Informal,Dic - Feb,4626.307137
2026,13 Ciudades y áreas metropolitanas,Informal,Informal,Ene - Mar,4602.274214
2026,13 Ciudades y áreas metropolitanas,Informal,Informal,Feb - Abr,4687.613147
2021,13 Ciudades y áreas metropolitanas,Informal,Microempresa,Ene - Mar,3697.2002706666667
2021,13 Ciudades y áreas metropolitanas,Informal,Microempresa,Feb - Abr,3810.6230796666664
2021,13 Ciudades y áreas metropolitanas,Informal,Microempresa,Mar - May,3782.8484893333334
2021,13 Ciudades y áreas metropolitanas,Informal,Microempresa,Abr - Jun,3785.881213666666
2021,13 Ciudades y áreas metropolitanas,Informal,Microempresa,May - Jul,3806.234577333333
2021,13 Ciudades y áreas metropolitanas,Informal,Microempresa,Jun - Ago,3923.2648636666668
2021,13 Ciudades y áreas metropolitanas,Informal,Microempresa,Jul - Sep,3893.9016923333334
2021,13 Ciudades y áreas metropolitanas,Informal,Microempresa,Ago - Oct,3906.962979666667
2021,13 Ciudades y áreas metropolitanas,Informal,Microempresa,Sep - Nov,3851.069421333333
2021,13 Ciudades y áreas metropolitanas,Informal,Microempresa,Oct - Dic,3869.4354266666664
2021,13 Ciudades y áreas metropolitanas,Informal,Microempresa,Nov - Ene,3812.477332
2021,13 Ciudades y áreas metropolitanas,Informal,Microempresa,Dic - Feb,3843.920447
2022,13 Ciudades y áreas metropolitanas,Informal,Microempresa,Ene - Mar,3910.278696
2022,13 Ciudades y áreas metropolitanas,Informal,Microempresa,Feb - Abr,4048.3660399999994
2022,13 Ciudades y áreas metropolitanas,Informal,Microempresa,Mar - May,4043.546134
2022,13 Ciudades y áreas metropolitanas,Informal,Microempresa,Abr - Jun,4070.712891333334
2022,13 Ciudades y áreas metropolitanas,Informal,Microempresa,May - Jul,4087.0855616666668
2022,13 Ciudades y áreas metropolitanas,Informal,Microempresa,Jun - Ago,4066.9540076666667
2022,13 Ciudades y áreas metropolitanas,Informal,Microempresa,Jul - Sep,4147.755103333334
2022,13 Ciudades y áreas metropolitanas,Informal,Microempresa,Ago - Oct,4216.4017300000005
2022,13 Ciudades y áreas metropolitanas,Informal,Microempresa,Sep - Nov,4220.801113333334
2022,13 Ciudades y áreas metropolitanas,Informal,Microempresa,Oct - Dic,4113.669768333333
2022,13 Ciudades y áreas metropolitanas,Informal,Microempresa,Nov - Ene,3934.309005333333
2022,13 Ciudades y áreas metropolitanas,Informal,Microempresa,Dic - Feb,3999.036193
2023,13 Ciudades y áreas metropolitanas,Informal,Microempresa,Ene - Mar,4079.162537666667
2023,13 Ciudades y áreas metropolitanas,Informal,Microempresa,Feb - Abr,4149.932615333333
2023,13 Ciudades y áreas metropolitanas,Informal,Microempresa,Mar - May,4111.477089666667
2023,13 Ciudades y áreas metropolitanas,Informal,Microempresa,Abr - Jun,4075.150136666667
2023,13 Ciudades y áreas metropolitanas,Informal,Microempresa,May - Jul,4157.150366333333
2023,13 Ciudades y áreas metropolitanas,Informal,Microempresa,Jun - Ago,4179.084807666667
2023,13 Ciudades y áreas metropolitanas,Informal,Microempresa,Jul - Sep,4176.739851666666
2023,13 Ciudades y áreas metropolitanas,Informal,Microempresa,Ago - Oct,4168.543397666666
2023,13 Ciudades y áreas metropolitanas,Informal,Microempresa,Sep - Nov,4230.2866890000005
2023,13 Ciudades y áreas metropolitanas,Informal,Microempresa,Oct - Dic,4232.537585666667
2023,13 Ciudades y áreas metropolitanas,Informal,Microempresa,Nov - Ene,4145.393629333333
2023,13 Ciudades y áreas metropolitanas,Informal,Microempresa,Dic - Feb,4109.670349999999
2024,13 Ciudades y áreas metropolitanas,Informal,Microempresa,Ene - Mar,4096.838288
2024,13 Ciudades y áreas metropolitanas,Informal,Microempresa,Feb - Abr,4150.365634333333
2024,13 Ciudades y áreas metropolitanas,Informal,Microempresa,Mar - May,4201.509060333334
2024,13 Ciudades y áreas metropolitanas,Informal,Microempresa,Abr - Jun,4210.402835333333
2024,13 Ciudades y áreas metropolitanas,Informal,Microempresa,May - Jul,4266.565375333334
2024,13 Ciudades y áreas metropolitanas,Informal,Microempresa,Jun - Ago,4269.225325666666
2024,13 Ciudades y áreas metropolitanas,Informal,Microempresa,Jul - Sep,4333.525297666666
2024,13 Ciudades y áreas metropolitanas,Informal,Microempresa,Ago - Oct,4407.482652666667
2024,13 Ciudades y áreas metropolitanas,Informal,Microempresa,Sep - Nov,4426.207532666666
2024,13 Ciudades y áreas metropolitanas,Informal,Microempresa,Oct - Dic,4420.974191
2024,13 Ciudades y áreas metropolitanas,Informal,Microempresa,Nov - Ene,4309.04631
2024,13 Ciudades y áreas metropolitanas,Informal,Microempresa,Dic - Feb,4344.053661
2025,13 Ciudades y áreas metropolitanas,Informal,Microempresa,Ene - Mar,4450.730141
2025,13 Ciudades y áreas metropolitanas,Informal,Microempresa,Feb - Abr,4464.065782
2025,13 Ciudades y áreas metropolitanas,Informal,Microempresa,Mar - May,4467.795331
2025,13 Ciudades y áreas metropolitanas,Informal,Microempresa,Abr - Jun,4382.293966
2025,13 Ciudades y áreas metropolitanas,Informal,Microempresa,May - Jul,4447.276311
2025,13 Ciudades y áreas metropolitanas,Informal,Microempresa,Jun - Ago,4441.582856
2025,13 Ciudades y áreas metropolitanas,Informal,Microempresa,Jul - Sep,4425.876085
2025,13 Ciudades y áreas metropolitanas,Informal,Microempresa,Ago - Oct,4551.137659
2025,13 Ciudades y áreas metropolitanas,Informal,Microempresa,Sep - Nov,4551.313376
2025,13 Ciudades y áreas metropolitanas,Informal,Microempresa,Oct - Dic,4573.859252
2025,13 Ciudades y áreas metropolitanas,Informal,Microempresa,Nov - Ene,4333.54894
2025,13 Ciudades y áreas metropolitanas,Informal,Microempresa,Dic - Feb,4312.999731
2026,13 Ciudades y áreas metropolitanas,Informal,Microempresa,Ene - Mar,4300.090582
2026,13 Ciudades y áreas metropolitanas,Informal,Microempresa,Feb - Abr,4384.669674
2021,13 Ciudades y áreas metropolitanas,Informal,Empresa pequeña,Ene - Mar,302.9959866666666
2021,13 Ciudades y áreas metropolitanas,Informal,Empresa pequeña,Feb - Abr,299.2386773333333
2021,13 Ciudades y áreas metropolitanas,Informal,Empresa pequeña,Mar - May,266.6730413333333
2021,13 Ciudades y áreas metropolitanas,Informal,Empresa pequeña,Abr - Jun,246.97126066666667
2021,13 Ciudades y áreas metropolitanas,Informal,Empresa pequeña,May - Jul,209.45962666666665
2021,13 Ciudades y áreas metropolitanas,Informal,Empresa pequeña,Jun - Ago,200.309512
2021,13 Ciudades y áreas metropolitanas,Informal,Empresa pequeña,Jul - Sep,209.36696866666668
2021,13 Ciudades y áreas metropolitanas,Informal,Empresa pequeña,Ago - Oct,232.37460933333332
2021,13 Ciudades y áreas metropolitanas,Informal,Empresa pequeña,Sep - Nov,239.814137
2021,13 Ciudades y áreas metropolitanas,Informal,Empresa pequeña,Oct - Dic,242.13447
2021,13 Ciudades y áreas metropolitanas,Informal,Empresa pequeña,Nov - Ene,248.36286499999997
2021,13 Ciudades y áreas metropolitanas,Informal,Empresa pequeña,Dic - Feb,250.79466566666665
2022,13 Ciudades y áreas metropolitanas,Informal,Empresa pequeña,Ene - Mar,270.510909
2022,13 Ciudades y áreas metropolitanas,Informal,Empresa pequeña,Feb - Abr,282.22570566666667
2022,13 Ciudades y áreas metropolitanas,Informal,Empresa pequeña,Mar - May,299.3628573333333
2022,13 Ciudades y áreas metropolitanas,Informal,Empresa pequeña,Abr - Jun,282.07777466666664
2022,13 Ciudades y áreas metropolitanas,Informal,Empresa pequeña,May - Jul,271.794777
2022,13 Ciudades y áreas metropolitanas,Informal,Empresa pequeña,Jun - Ago,264.7480386666667
2022,13 Ciudades y áreas metropolitanas,Informal,Empresa pequeña,Jul - Sep,271.2150623333334
2022,13 Ciudades y áreas metropolitanas,Informal,Empresa pequeña,Ago - Oct,260.14662933333335
2022,13 Ciudades y áreas metropolitanas,Informal,Empresa pequeña,Sep - Nov,270.33171500000003
2022,13 Ciudades y áreas metropolitanas,Informal,Empresa pequeña,Oct - Dic,262.95325533333335
2022,13 Ciudades y áreas metropolitanas,Informal,Empresa pequeña,Nov - Ene,277.6589186666667
2022,13 Ciudades y áreas metropolitanas,Informal,Empresa pequeña,Dic - Feb,245.9185183333333
2023,13 Ciudades y áreas metropolitanas,Informal,Empresa pequeña,Ene - Mar,232.24781900000002
2023,13 Ciudades y áreas metropolitanas,Informal,Empresa pequeña,Feb - Abr,199.04133733333333
2023,13 Ciudades y áreas metropolitanas,Informal,Empresa pequeña,Mar - May,200.12668900000003
2023,13 Ciudades y áreas metropolitanas,Informal,Empresa pequeña,Abr - Jun,212.48550466666666
2023,13 Ciudades y áreas metropolitanas,Informal,Empresa pequeña,May - Jul,235.39665733333334
2023,13 Ciudades y áreas metropolitanas,Informal,Empresa pequeña,Jun - Ago,244.6809016666667
2023,13 Ciudades y áreas metropolitanas,Informal,Empresa pequeña,Jul - Sep,230.053582
2023,13 Ciudades y áreas metropolitanas,Informal,Empresa pequeña,Ago - Oct,243.03630766666666
2023,13 Ciudades y áreas metropolitanas,Informal,Empresa pequeña,Sep - Nov,243.054715
2023,13 Ciudades y áreas metropolitanas,Informal,Empresa pequeña,Oct - Dic,238.79452766666665
2023,13 Ciudades y áreas metropolitanas,Informal,Empresa pequeña,Nov - Ene,213.58749933333334
2023,13 Ciudades y áreas metropolitanas,Informal,Empresa pequeña,Dic - Feb,216.34706666666668
2024,13 Ciudades y áreas metropolitanas,Informal,Empresa pequeña,Ene - Mar,222.66449
2024,13 Ciudades y áreas metropolitanas,Informal,Empresa pequeña,Feb - Abr,250.29376733333334
2024,13 Ciudades y áreas metropolitanas,Informal,Empresa pequeña,Mar - May,239.26193833333332
2024,13 Ciudades y áreas metropolitanas,Informal,Empresa pequeña,Abr - Jun,253.997797
2024,13 Ciudades y áreas metropolitanas,Informal,Empresa pequeña,May - Jul,245.48797366666668
2024,13 Ciudades y áreas metropolitanas,Informal,Empresa pequeña,Jun - Ago,246.99884466666666
2024,13 Ciudades y áreas metropolitanas,Informal,Empresa pequeña,Jul - Sep,223.98613233333333
2024,13 Ciudades y áreas metropolitanas,Informal,Empresa pequeña,Ago - Oct,211.23743066666668
2024,13 Ciudades y áreas metropolitanas,Informal,Empresa pequeña,Sep - Nov,219.8980426666667
2024,13 Ciudades y áreas metropolitanas,Informal,Empresa pequeña,Oct - Dic,227.5781913333333
2024,13 Ciudades y áreas metropolitanas,Informal,Empresa pequeña,Nov - Ene,242.456183
2024,13 Ciudades y áreas metropolitanas,Informal,Empresa pequeña,Dic - Feb,224.668408
2025,13 Ciudades y áreas metropolitanas,Informal,Empresa pequeña,Ene - Mar,211.352745
2025,13 Ciudades y áreas metropolitanas,Informal,Empresa pequeña,Feb - Abr,200.035442
2025,13 Ciudades y áreas metropolitanas,Informal,Empresa pequeña,Mar - May,201.367825
2025,13 Ciudades y áreas metropolitanas,Informal,Empresa pequeña,Abr - Jun,231.254028
2025,13 Ciudades y áreas metropolitanas,Informal,Empresa pequeña,May - Jul,227.699807
2025,13 Ciudades y áreas metropolitanas,Informal,Empresa pequeña,Jun - Ago,244.897859
2025,13 Ciudades y áreas metropolitanas,Informal,Empresa pequeña,Jul - Sep,222.877317
2025,13 Ciudades y áreas metropolitanas,Informal,Empresa pequeña,Ago - Oct,229.232398
2025,13 Ciudades y áreas metropolitanas,Informal,Empresa pequeña,Sep - Nov,231.054965
2025,13 Ciudades y áreas metropolitanas,Informal,Empresa pequeña,Oct - Dic,236.226453
2025,13 Ciudades y áreas metropolitanas,Informal,Empresa pequeña,Nov - Ene,225.917606
2025,13 Ciudades y áreas metropolitanas,Informal,Empresa pequeña,Dic - Feb,207.955977
2026,13 Ciudades y áreas metropolitanas,Informal,Empresa pequeña,Ene - Mar,199.576495
2026,13 Ciudades y áreas metropolitanas,Informal,Empresa pequeña,Feb - Abr,205.761376
2021,13 Ciudades y áreas metropolitanas,Informal,Empresa mediana,Ene - Mar,103.49956300000001
2021,13 Ciudades y áreas metropolitanas,Informal,Empresa mediana,Feb - Abr,96.024092
2021,13 Ciudades y áreas metropolitanas,Informal,Empresa mediana,Mar - May,95.67668133333332
2021,13 Ciudades y áreas metropolitanas,Informal,Empresa mediana,Abr - Jun,112.67873233333334
2021,13 Ciudades y áreas metropolitanas,Informal,Empresa mediana,May - Jul,106.23033
2021,13 Ciudades y áreas metropolitanas,Informal,Empresa mediana,Jun - Ago,92.76756133333333
2021,13 Ciudades y áreas metropolitanas,Informal,Empresa mediana,Jul - Sep,88.57437166666666
2021,13 Ciudades y áreas metropolitanas,Informal,Empresa mediana,Ago - Oct,104.87003399999999
2021,13 Ciudades y áreas metropolitanas,Informal,Empresa mediana,Sep - Nov,110.17632299999998
2021,13 Ciudades y áreas metropolitanas,Informal,Empresa mediana,Oct - Dic,98.68180766666667
2021,13 Ciudades y áreas metropolitanas,Informal,Empresa mediana,Nov - Ene,84.65101133333333
2021,13 Ciudades y áreas metropolitanas,Informal,Empresa mediana,Dic - Feb,81.94557099999999
2022,13 Ciudades y áreas metropolitanas,Informal,Empresa mediana,Ene - Mar,83.60054433333333
2022,13 Ciudades y áreas metropolitanas,Informal,Empresa mediana,Feb - Abr,80.77530033333333
2022,13 Ciudades y áreas metropolitanas,Informal,Empresa mediana,Mar - May,73.64444766666666
2022,13 Ciudades y áreas metropolitanas,Informal,Empresa mediana,Abr - Jun,69.203055
2022,13 Ciudades y áreas metropolitanas,Informal,Empresa mediana,May - Jul,59.57631366666667
2022,13 Ciudades y áreas metropolitanas,Informal,Empresa mediana,Jun - Ago,60.001197
2022,13 Ciudades y áreas metropolitanas,Informal,Empresa mediana,Jul - Sep,58.49531366666667
2022,13 Ciudades y áreas metropolitanas,Informal,Empresa mediana,Ago - Oct,62.10023433333333
2022,13 Ciudades y áreas metropolitanas,Informal,Empresa mediana,Sep - Nov,67.415458
2022,13 Ciudades y áreas metropolitanas,Informal,Empresa mediana,Oct - Dic,64.46905866666667
2022,13 Ciudades y áreas metropolitanas,Informal,Empresa mediana,Nov - Ene,68.02028533333333
2022,13 Ciudades y áreas metropolitanas,Informal,Empresa mediana,Dic - Feb,57.723171
2023,13 Ciudades y áreas metropolitanas,Informal,Empresa mediana,Ene - Mar,64.90333733333334
2023,13 Ciudades y áreas metropolitanas,Informal,Empresa mediana,Feb - Abr,58.480872
2023,13 Ciudades y áreas metropolitanas,Informal,Empresa mediana,Mar - May,59.35735033333333
2023,13 Ciudades y áreas metropolitanas,Informal,Empresa mediana,Abr - Jun,45.90689866666667
2023,13 Ciudades y áreas metropolitanas,Informal,Empresa mediana,May - Jul,43.168292
2023,13 Ciudades y áreas metropolitanas,Informal,Empresa mediana,Jun - Ago,45.18220933333333
2023,13 Ciudades y áreas metropolitanas,Informal,Empresa mediana,Jul - Sep,50.93368666666667
2023,13 Ciudades y áreas metropolitanas,Informal,Empresa mediana,Ago - Oct,48.32987866666667
2023,13 Ciudades y áreas metropolitanas,Informal,Empresa mediana,Sep - Nov,40.71920299999999
2023,13 Ciudades y áreas metropolitanas,Informal,Empresa mediana,Oct - Dic,45.34320700000001
2023,13 Ciudades y áreas metropolitanas,Informal,Empresa mediana,Nov - Ene,53.89022433333334
2023,13 Ciudades y áreas metropolitanas,Informal,Empresa mediana,Dic - Feb,56.85798566666667
2024,13 Ciudades y áreas metropolitanas,Informal,Empresa mediana,Ene - Mar,55.49037499999999
2024,13 Ciudades y áreas metropolitanas,Informal,Empresa mediana,Feb - Abr,49.181453
2024,13 Ciudades y áreas metropolitanas,Informal,Empresa mediana,Mar - May,45.970685
2024,13 Ciudades y áreas metropolitanas,Informal,Empresa mediana,Abr - Jun,48.821978666666666
2024,13 Ciudades y áreas metropolitanas,Informal,Empresa mediana,May - Jul,47.105311666666665
2024,13 Ciudades y áreas metropolitanas,Informal,Empresa mediana,Jun - Ago,52.58002833333333
2024,13 Ciudades y áreas metropolitanas,Informal,Empresa mediana,Jul - Sep,45.174194
2024,13 Ciudades y áreas metropolitanas,Informal,Empresa mediana,Ago - Oct,47.986750666666666
2024,13 Ciudades y áreas metropolitanas,Informal,Empresa mediana,Sep - Nov,41.420670333333334
2024,13 Ciudades y áreas metropolitanas,Informal,Empresa mediana,Oct - Dic,35.224635666666664
2024,13 Ciudades y áreas metropolitanas,Informal,Empresa mediana,Nov - Ene,42.50458
2024,13 Ciudades y áreas metropolitanas,Informal,Empresa mediana,Dic - Feb,51.05255
2025,13 Ciudades y áreas metropolitanas,Informal,Empresa mediana,Ene - Mar,56.99962
2025,13 Ciudades y áreas metropolitanas,Informal,Empresa mediana,Feb - Abr,49.438705
2025,13 Ciudades y áreas metropolitanas,Informal,Empresa mediana,Mar - May,40.219763
2025,13 Ciudades y áreas metropolitanas,Informal,Empresa mediana,Abr - Jun,34.047467
2025,13 Ciudades y áreas metropolitanas,Informal,Empresa mediana,May - Jul,31.386482
2025,13 Ciudades y áreas metropolitanas,Informal,Empresa mediana,Jun - Ago,29.868993
2025,13 Ciudades y áreas metropolitanas,Informal,Empresa mediana,Jul - Sep,34.002679
2025,13 Ciudades y áreas metropolitanas,Informal,Empresa mediana,Ago - Oct,40.508067
2025,13 Ciudades y áreas metropolitanas,Informal,Empresa mediana,Sep - Nov,52.608187
2025,13 Ciudades y áreas metropolitanas,Informal,Empresa mediana,Oct - Dic,54.057108
2025,13 Ciudades y áreas metropolitanas,Informal,Empresa mediana,Nov - Ene,48.954667
2025,13 Ciudades y áreas metropolitanas,Informal,Empresa mediana,Dic - Feb,42.98007
2026,13 Ciudades y áreas metropolitanas,Informal,Empresa mediana,Ene - Mar,44.717777
2026,13 Ciudades y áreas metropolitanas,Informal,Empresa mediana,Feb - Abr,45.045135
2021,13 Ciudades y áreas metropolitanas,Informal,Empresa grande,Ene - Mar,132.3513066666667
2021,13 Ciudades y áreas metropolitanas,Informal,Empresa grande,Feb - Abr,114.80205266666667
2021,13 Ciudades y áreas metropolitanas,Informal,Empresa grande,Mar - May,106.90104166666667
2021,13 Ciudades y áreas metropolitanas,Informal,Empresa grande,Abr - Jun,91.78614266666666
2021,13 Ciudades y áreas metropolitanas,Informal,Empresa grande,May - Jul,91.00395333333334
2021,13 Ciudades y áreas metropolitanas,Informal,Empresa grande,Jun - Ago,88.86288533333334
2021,13 Ciudades y áreas metropolitanas,Informal,Empresa grande,Jul - Sep,95.75691666666665
2021,13 Ciudades y áreas metropolitanas,Informal,Empresa grande,Ago - Oct,107.384801
2021,13 Ciudades y áreas metropolitanas,Informal,Empresa grande,Sep - Nov,114.64613533333333
2021,13 Ciudades y áreas metropolitanas,Informal,Empresa grande,Oct - Dic,119.42158466666667
2021,13 Ciudades y áreas metropolitanas,Informal,Empresa grande,Nov - Ene,104.961412
2021,13 Ciudades y áreas metropolitanas,Informal,Empresa grande,Dic - Feb,107.49298499999999
2022,13 Ciudades y áreas metropolitanas,Informal,Empresa grande,Ene - Mar,115.747216
2022,13 Ciudades y áreas metropolitanas,Informal,Empresa grande,Feb - Abr,132.46794
2022,13 Ciudades y áreas metropolitanas,Informal,Empresa grande,Mar - May,144.30288033333332
2022,13 Ciudades y áreas metropolitanas,Informal,Empresa grande,Abr - Jun,130.44124766666667
2022,13 Ciudades y áreas metropolitanas,Informal,Empresa grande,May - Jul,114.101564
2022,13 Ciudades y áreas metropolitanas,Informal,Empresa grande,Jun - Ago,103.95502033333334
2022,13 Ciudades y áreas metropolitanas,Informal,Empresa grande,Jul - Sep,100.15278433333333
2022,13 Ciudades y áreas metropolitanas,Informal,Empresa grande,Ago - Oct,92.43535333333334
2022,13 Ciudades y áreas metropolitanas,Informal,Empresa grande,Sep - Nov,91.90517266666666
2022,13 Ciudades y áreas metropolitanas,Informal,Empresa grande,Oct - Dic,104.36332533333332
2022,13 Ciudades y áreas metropolitanas,Informal,Empresa grande,Nov - Ene,114.00949233333331
2022,13 Ciudades y áreas metropolitanas,Informal,Empresa grande,Dic - Feb,104.54307666666666
2023,13 Ciudades y áreas metropolitanas,Informal,Empresa grande,Ene - Mar,84.32460033333334
2023,13 Ciudades y áreas metropolitanas,Informal,Empresa grande,Feb - Abr,83.79491399999999
2023,13 Ciudades y áreas metropolitanas,Informal,Empresa grande,Mar - May,82.78056333333335
2023,13 Ciudades y áreas metropolitanas,Informal,Empresa grande,Abr - Jun,84.65554966666666
2023,13 Ciudades y áreas metropolitanas,Informal,Empresa grande,May - Jul,64.20340466666667
2023,13 Ciudades y áreas metropolitanas,Informal,Empresa grande,Jun - Ago,61.89141833333333
2023,13 Ciudades y áreas metropolitanas,Informal,Empresa grande,Jul - Sep,70.08132766666667
2023,13 Ciudades y áreas metropolitanas,Informal,Empresa grande,Ago - Oct,76.70055533333333
2023,13 Ciudades y áreas metropolitanas,Informal,Empresa grande,Sep - Nov,70.60628166666667
2023,13 Ciudades y áreas metropolitanas,Informal,Empresa grande,Oct - Dic,60.164871
2023,13 Ciudades y áreas metropolitanas,Informal,Empresa grande,Nov - Ene,59.715479666666674
2023,13 Ciudades y áreas metropolitanas,Informal,Empresa grande,Dic - Feb,66.30415333333333
2024,13 Ciudades y áreas metropolitanas,Informal,Empresa grande,Ene - Mar,72.76643366666667
2024,13 Ciudades y áreas metropolitanas,Informal,Empresa grande,Feb - Abr,75.92760833333334
2024,13 Ciudades y áreas metropolitanas,Informal,Empresa grande,Mar - May,67.04901866666667
2024,13 Ciudades y áreas metropolitanas,Informal,Empresa grande,Abr - Jun,68.43410033333333
2024,13 Ciudades y áreas metropolitanas,Informal,Empresa grande,May - Jul,65.76064566666666
2024,13 Ciudades y áreas metropolitanas,Informal,Empresa grande,Jun - Ago,65.10185499999999
2024,13 Ciudades y áreas metropolitanas,Informal,Empresa grande,Jul - Sep,55.730475333333324
2024,13 Ciudades y áreas metropolitanas,Informal,Empresa grande,Ago - Oct,55.739088
2024,13 Ciudades y áreas metropolitanas,Informal,Empresa grande,Sep - Nov,59.401
2024,13 Ciudades y áreas metropolitanas,Informal,Empresa grande,Oct - Dic,71.35322366666666
2024,13 Ciudades y áreas metropolitanas,Informal,Empresa grande,Nov - Ene,71.821567
2024,13 Ciudades y áreas metropolitanas,Informal,Empresa grande,Dic - Feb,77.837968
2025,13 Ciudades y áreas metropolitanas,Informal,Empresa grande,Ene - Mar,70.686423
2025,13 Ciudades y áreas metropolitanas,Informal,Empresa grande,Feb - Abr,59.803273
2025,13 Ciudades y áreas metropolitanas,Informal,Empresa grande,Mar - May,49.577781
2025,13 Ciudades y áreas metropolitanas,Informal,Empresa grande,Abr - Jun,45.200311
2025,13 Ciudades y áreas metropolitanas,Informal,Empresa grande,May - Jul,55.820803
2025,13 Ciudades y áreas metropolitanas,Informal,Empresa grande,Jun - Ago,67.562214
2025,13 Ciudades y áreas metropolitanas,Informal,Empresa grande,Jul - Sep,73.530482
2025,13 Ciudades y áreas metropolitanas,Informal,Empresa grande,Ago - Oct,60.212788
2025,13 Ciudades y áreas metropolitanas,Informal,Empresa grande,Sep - Nov,54.091084
2025,13 Ciudades y áreas metropolitanas,Informal,Empresa grande,Oct - Dic,48.053914
2025,13 Ciudades y áreas metropolitanas,Informal,Empresa grande,Nov - Ene,63.362202
2025,13 Ciudades y áreas metropolitanas,Informal,Empresa grande,Dic - Feb,62.371358
2026,13 Ciudades y áreas metropolitanas,Informal,Empresa grande,Ene - Mar,57.889359
2026,13 Ciudades y áreas metropolitanas,Informal,Empresa grande,Feb - Abr,52.136962
2021,23 Ciudades y áreas metropolitanas,Población ocupada,Población ocupada,Ene - Mar,10207.340572
2021,23 Ciudades y áreas metropolitanas,Población ocupada,Población ocupada,Feb - Abr,10314.171929333332
2021,23 Ciudades y áreas metropolitanas,Población ocupada,Población ocupada,Mar - May,10331.821430333332
2021,23 Ciudades y áreas metropolitanas,Población ocupada,Población ocupada,Abr - Jun,10347.146649
2021,23 Ciudades y áreas metropolitanas,Población ocupada,Población ocupada,May - Jul,10449.413783666669
2021,23 Ciudades y áreas metropolitanas,Población ocupada,Población ocupada,Jun - Ago,10574.868798000001
2021,23 Ciudades y áreas metropolitanas,Población ocupada,Población ocupada,Jul - Sep,10655.821353
2021,23 Ciudades y áreas metropolitanas,Población ocupada,Población ocupada,Ago - Oct,10702.589261666666
2021,23 Ciudades y áreas metropolitanas,Población ocupada,Población ocupada,Sep - Nov,10779.31586
2021,23 Ciudades y áreas metropolitanas,Población ocupada,Población ocupada,Oct - Dic,10848.345590333332
2021,23 Ciudades y áreas metropolitanas,Población ocupada,Población ocupada,Nov - Ene,10902.707086
2021,23 Ciudades y áreas metropolitanas,Población ocupada,Población ocupada,Dic - Feb,11011.355844999998
2022,23 Ciudades y áreas metropolitanas,Población ocupada,Población ocupada,Ene - Mar,11162.760618333332
2022,23 Ciudades y áreas metropolitanas,Población ocupada,Población ocupada,Feb - Abr,11378.000644
2022,23 Ciudades y áreas metropolitanas,Población ocupada,Población ocupada,Mar - May,11439.402495666667
2022,23 Ciudades y áreas metropolitanas,Población ocupada,Población ocupada,Abr - Jun,11459.504878
2022,23 Ciudades y áreas metropolitanas,Población ocupada,Población ocupada,May - Jul,11439.922237666668
2022,23 Ciudades y áreas metropolitanas,Población ocupada,Población ocupada,Jun - Ago,11449.306667333332
2022,23 Ciudades y áreas metropolitanas,Población ocupada,Población ocupada,Jul - Sep,11579.020379333335
2022,23 Ciudades y áreas metropolitanas,Población ocupada,Población ocupada,Ago - Oct,11682.576954999999
2022,23 Ciudades y áreas metropolitanas,Población ocupada,Población ocupada,Sep - Nov,11795.358530666666
2022,23 Ciudades y áreas metropolitanas,Población ocupada,Población ocupada,Oct - Dic,11756.368381666667
2022,23 Ciudades y áreas metropolitanas,Población ocupada,Población ocupada,Nov - Ene,11569.591984666666
2022,23 Ciudades y áreas metropolitanas,Población ocupada,Población ocupada,Dic - Feb,11461.349134000002
2023,23 Ciudades y áreas metropolitanas,Población ocupada,Población ocupada,Ene - Mar,11530.651008666668
2023,23 Ciudades y áreas metropolitanas,Población ocupada,Población ocupada,Feb - Abr,11714.832621666668
2023,23 Ciudades y áreas metropolitanas,Población ocupada,Población ocupada,Mar - May,11775.823848333335
2023,23 Ciudades y áreas metropolitanas,Población ocupada,Población ocupada,Abr - Jun,11846.743603333334
2023,23 Ciudades y áreas metropolitanas,Población ocupada,Población ocupada,May - Jul,11983.672198999999
2023,23 Ciudades y áreas metropolitanas,Población ocupada,Población ocupada,Jun - Ago,12111.015122666666
2023,23 Ciudades y áreas metropolitanas,Población ocupada,Población ocupada,Jul - Sep,12107.891424333333
2023,23 Ciudades y áreas metropolitanas,Población ocupada,Población ocupada,Ago - Oct,12135.745354
2023,23 Ciudades y áreas metropolitanas,Población ocupada,Población ocupada,Sep - Nov,12231.298793
2023,23 Ciudades y áreas metropolitanas,Población ocupada,Población ocupada,Oct - Dic,12190.331298333333
2023,23 Ciudades y áreas metropolitanas,Población ocupada,Población ocupada,Nov - Ene,11995.477210666666
2023,23 Ciudades y áreas metropolitanas,Población ocupada,Población ocupada,Dic - Feb,11830.173333666666
2024,23 Ciudades y áreas metropolitanas,Población ocupada,Población ocupada,Ene - Mar,11857.361929
2024,23 Ciudades y áreas metropolitanas,Población ocupada,Población ocupada,Feb - Abr,12002.824188666666
2024,23 Ciudades y áreas metropolitanas,Población ocupada,Población ocupada,Mar - May,12109.160166666667
2024,23 Ciudades y áreas metropolitanas,Población ocupada,Población ocupada,Abr - Jun,12143.724945
2024,23 Ciudades y áreas metropolitanas,Población ocupada,Población ocupada,May - Jul,12187.925706
2024,23 Ciudades y áreas metropolitanas,Población ocupada,Población ocupada,Jun - Ago,12235.695790666667
2024,23 Ciudades y áreas metropolitanas,Población ocupada,Población ocupada,Jul - Sep,12252.889955666667
2024,23 Ciudades y áreas metropolitanas,Población ocupada,Población ocupada,Ago - Oct,12276.383967000002
2024,23 Ciudades y áreas metropolitanas,Población ocupada,Población ocupada,Sep - Nov,12338.194133666666
2024,23 Ciudades y áreas metropolitanas,Población ocupada,Población ocupada,Oct - Dic,12357.403506333334
2024,23 Ciudades y áreas metropolitanas,Población ocupada,Población ocupada,Nov - Ene,12245.800395
2024,23 Ciudades y áreas metropolitanas,Población ocupada,Población ocupada,Dic - Feb,12182.654422
2025,23 Ciudades y áreas metropolitanas,Población ocupada,Población ocupada,Ene - Mar,12248.376113
2025,23 Ciudades y áreas metropolitanas,Población ocupada,Población ocupada,Feb - Abr,12376.421972
2025,23 Ciudades y áreas metropolitanas,Población ocupada,Población ocupada,Mar - May,12413.643334
2025,23 Ciudades y áreas metropolitanas,Población ocupada,Población ocupada,Abr - Jun,12421.268307
2025,23 Ciudades y áreas metropolitanas,Población ocupada,Población ocupada,May - Jul,12519.907935
2025,23 Ciudades y áreas metropolitanas,Población ocupada,Población ocupada,Jun - Ago,12604.566365
2025,23 Ciudades y áreas metropolitanas,Población ocupada,Población ocupada,Jul - Sep,12630.061425
2025,23 Ciudades y áreas metropolitanas,Población ocupada,Población ocupada,Ago - Oct,12699.154455
2025,23 Ciudades y áreas metropolitanas,Población ocupada,Población ocupada,Sep - Nov,12774.461218
2025,23 Ciudades y áreas metropolitanas,Población ocupada,Población ocupada,Oct - Dic,12813.274178
2025,23 Ciudades y áreas metropolitanas,Población ocupada,Población ocupada,Nov - Ene,12564.239348
2025,23 Ciudades y áreas metropolitanas,Población ocupada,Población ocupada,Dic - Feb,12429.285203
2026,23 Ciudades y áreas metropolitanas,Población ocupada,Población ocupada,Ene - Mar,12402.357556
2026,23 Ciudades y áreas metropolitanas,Población ocupada,Población ocupada,Feb - Abr,12582.268196
2021,23 Ciudades y áreas metropolitanas,Población ocupada,Microempresa,Ene - Mar,5867.750447000001
2021,23 Ciudades y áreas metropolitanas,Población ocupada,Microempresa,Feb - Abr,5880.449617333333
2021,23 Ciudades y áreas metropolitanas,Población ocupada,Microempresa,Mar - May,5749.695646333334
2021,23 Ciudades y áreas metropolitanas,Población ocupada,Microempresa,Abr - Jun,5686.079842666666
2021,23 Ciudades y áreas metropolitanas,Población ocupada,Microempresa,May - Jul,5696.989202
2021,23 Ciudades y áreas metropolitanas,Población ocupada,Microempresa,Jun - Ago,5790.094493
2021,23 Ciudades y áreas metropolitanas,Población ocupada,Microempresa,Jul - Sep,5795.978205666666
2021,23 Ciudades y áreas metropolitanas,Población ocupada,Microempresa,Ago - Oct,5747.0442140000005
2021,23 Ciudades y áreas metropolitanas,Población ocupada,Microempresa,Sep - Nov,5721.876305666668
2021,23 Ciudades y áreas metropolitanas,Población ocupada,Microempresa,Oct - Dic,5701.9352106666665
2021,23 Ciudades y áreas metropolitanas,Población ocupada,Microempresa,Nov - Ene,5646.534571666666
2021,23 Ciudades y áreas metropolitanas,Población ocupada,Microempresa,Dic - Feb,5678.2329826666655
2022,23 Ciudades y áreas metropolitanas,Población ocupada,Microempresa,Ene - Mar,5784.756157333333
2022,23 Ciudades y áreas metropolitanas,Población ocupada,Microempresa,Feb - Abr,5928.265747333334
2022,23 Ciudades y áreas metropolitanas,Población ocupada,Microempresa,Mar - May,5910.735048333333
2022,23 Ciudades y áreas metropolitanas,Población ocupada,Microempresa,Abr - Jun,5914.785212666667
2022,23 Ciudades y áreas metropolitanas,Población ocupada,Microempresa,May - Jul,5964.319807
2022,23 Ciudades y áreas metropolitanas,Población ocupada,Microempresa,Jun - Ago,5992.841057000001
2022,23 Ciudades y áreas metropolitanas,Población ocupada,Microempresa,Jul - Sep,6119.608042333333
2022,23 Ciudades y áreas metropolitanas,Población ocupada,Microempresa,Ago - Oct,6212.595044000001
2022,23 Ciudades y áreas metropolitanas,Población ocupada,Microempresa,Sep - Nov,6246.543815
2022,23 Ciudades y áreas metropolitanas,Población ocupada,Microempresa,Oct - Dic,6126.473216666666
2022,23 Ciudades y áreas metropolitanas,Población ocupada,Microempresa,Nov - Ene,5905.459947666666
2022,23 Ciudades y áreas metropolitanas,Población ocupada,Microempresa,Dic - Feb,5945.226607333334
2023,23 Ciudades y áreas metropolitanas,Población ocupada,Microempresa,Ene - Mar,6068.382453333333
2023,23 Ciudades y áreas metropolitanas,Población ocupada,Microempresa,Feb - Abr,6203.6156593333335
2023,23 Ciudades y áreas metropolitanas,Población ocupada,Microempresa,Mar - May,6147.607874
2023,23 Ciudades y áreas metropolitanas,Población ocupada,Microempresa,Abr - Jun,6090.1730406666675
2023,23 Ciudades y áreas metropolitanas,Población ocupada,Microempresa,May - Jul,6146.622684999999
2023,23 Ciudades y áreas metropolitanas,Población ocupada,Microempresa,Jun - Ago,6230.385460666667
2023,23 Ciudades y áreas metropolitanas,Población ocupada,Microempresa,Jul - Sep,6228.566789666666
2023,23 Ciudades y áreas metropolitanas,Población ocupada,Microempresa,Ago - Oct,6254.665157
2023,23 Ciudades y áreas metropolitanas,Población ocupada,Microempresa,Sep - Nov,6297.585527333334
2023,23 Ciudades y áreas metropolitanas,Población ocupada,Microempresa,Oct - Dic,6305.997143666667
2023,23 Ciudades y áreas metropolitanas,Población ocupada,Microempresa,Nov - Ene,6169.084782000001
2023,23 Ciudades y áreas metropolitanas,Población ocupada,Microempresa,Dic - Feb,6109.543114
2024,23 Ciudades y áreas metropolitanas,Población ocupada,Microempresa,Ene - Mar,6101.356875333334
2024,23 Ciudades y áreas metropolitanas,Población ocupada,Microempresa,Feb - Abr,6149.810593666666
2024,23 Ciudades y áreas metropolitanas,Población ocupada,Microempresa,Mar - May,6183.929939333332
2024,23 Ciudades y áreas metropolitanas,Población ocupada,Microempresa,Abr - Jun,6203.669211666667
2024,23 Ciudades y áreas metropolitanas,Población ocupada,Microempresa,May - Jul,6266.734506000001
2024,23 Ciudades y áreas metropolitanas,Población ocupada,Microempresa,Jun - Ago,6289.182859666667
2024,23 Ciudades y áreas metropolitanas,Población ocupada,Microempresa,Jul - Sep,6313.713526
2024,23 Ciudades y áreas metropolitanas,Población ocupada,Microempresa,Ago - Oct,6398.5610369999995
2024,23 Ciudades y áreas metropolitanas,Población ocupada,Microempresa,Sep - Nov,6438.033240333333
2024,23 Ciudades y áreas metropolitanas,Población ocupada,Microempresa,Oct - Dic,6451.080010999999
2024,23 Ciudades y áreas metropolitanas,Población ocupada,Microempresa,Nov - Ene,6356.066958
2024,23 Ciudades y áreas metropolitanas,Población ocupada,Microempresa,Dic - Feb,6359.213244
2025,23 Ciudades y áreas metropolitanas,Población ocupada,Microempresa,Ene - Mar,6477.306727
2025,23 Ciudades y áreas metropolitanas,Población ocupada,Microempresa,Feb - Abr,6476.027978
2025,23 Ciudades y áreas metropolitanas,Población ocupada,Microempresa,Mar - May,6499.989509
2025,23 Ciudades y áreas metropolitanas,Población ocupada,Microempresa,Abr - Jun,6423.179758
2025,23 Ciudades y áreas metropolitanas,Población ocupada,Microempresa,May - Jul,6518.626597
2025,23 Ciudades y áreas metropolitanas,Población ocupada,Microempresa,Jun - Ago,6510.779707
2025,23 Ciudades y áreas metropolitanas,Población ocupada,Microempresa,Jul - Sep,6485.74735
2025,23 Ciudades y áreas metropolitanas,Población ocupada,Microempresa,Ago - Oct,6586.347263
2025,23 Ciudades y áreas metropolitanas,Población ocupada,Microempresa,Sep - Nov,6629.304536
2025,23 Ciudades y áreas metropolitanas,Población ocupada,Microempresa,Oct - Dic,6663.47163
2025,23 Ciudades y áreas metropolitanas,Población ocupada,Microempresa,Nov - Ene,6449.643852
2025,23 Ciudades y áreas metropolitanas,Población ocupada,Microempresa,Dic - Feb,6363.57683
2026,23 Ciudades y áreas metropolitanas,Población ocupada,Microempresa,Ene - Mar,6366.788147
2026,23 Ciudades y áreas metropolitanas,Población ocupada,Microempresa,Feb - Abr,6405.917411
2021,23 Ciudades y áreas metropolitanas,Población ocupada,Empresa pequeña,Ene - Mar,1571.9327990000002
2021,23 Ciudades y áreas metropolitanas,Población ocupada,Empresa pequeña,Feb - Abr,1557.0965039999999
2021,23 Ciudades y áreas metropolitanas,Población ocupada,Empresa pequeña,Mar - May,1543.135176
2021,23 Ciudades y áreas metropolitanas,Población ocupada,Empresa pequeña,Abr - Jun,1503.5798746666667
2021,23 Ciudades y áreas metropolitanas,Población ocupada,Empresa pequeña,May - Jul,1465.334446
2021,23 Ciudades y áreas metropolitanas,Población ocupada,Empresa pequeña,Jun - Ago,1424.0777603333336
2021,23 Ciudades y áreas metropolitanas,Población ocupada,Empresa pequeña,Jul - Sep,1404.0154463333336
2021,23 Ciudades y áreas metropolitanas,Población ocupada,Empresa pequeña,Ago - Oct,1423.6438736666669
2021,23 Ciudades y áreas metropolitanas,Población ocupada,Empresa pequeña,Sep - Nov,1432.8178543333333
2021,23 Ciudades y áreas metropolitanas,Población ocupada,Empresa pequeña,Oct - Dic,1440.9791089999999
2021,23 Ciudades y áreas metropolitanas,Población ocupada,Empresa pequeña,Nov - Ene,1478.7874126666666
2021,23 Ciudades y áreas metropolitanas,Población ocupada,Empresa pequeña,Dic - Feb,1474.763546
2022,23 Ciudades y áreas metropolitanas,Población ocupada,Empresa pequeña,Ene - Mar,1490.7206740000001
2022,23 Ciudades y áreas metropolitanas,Población ocupada,Empresa pequeña,Feb - Abr,1438.7605453333333
2022,23 Ciudades y áreas metropolitanas,Población ocupada,Empresa pequeña,Mar - May,1463.403501
2022,23 Ciudades y áreas metropolitanas,Población ocupada,Empresa pequeña,Abr - Jun,1431.223019
2022,23 Ciudades y áreas metropolitanas,Población ocupada,Empresa pequeña,May - Jul,1484.1623049999998
2022,23 Ciudades y áreas metropolitanas,Población ocupada,Empresa pequeña,Jun - Ago,1481.5739916666669
2022,23 Ciudades y áreas metropolitanas,Población ocupada,Empresa pequeña,Jul - Sep,1525.1113956666668
2022,23 Ciudades y áreas metropolitanas,Población ocupada,Empresa pequeña,Ago - Oct,1455.846115
2022,23 Ciudades y áreas metropolitanas,Población ocupada,Empresa pequeña,Sep - Nov,1468.1515133333332
2022,23 Ciudades y áreas metropolitanas,Población ocupada,Empresa pequeña,Oct - Dic,1421.6402260000002
2022,23 Ciudades y áreas metropolitanas,Población ocupada,Empresa pequeña,Nov - Ene,1446.6724346666667
2022,23 Ciudades y áreas metropolitanas,Población ocupada,Empresa pequeña,Dic - Feb,1378.0185203333333
2023,23 Ciudades y áreas metropolitanas,Población ocupada,Empresa pequeña,Ene - Mar,1373.0559606666666
2023,23 Ciudades y áreas metropolitanas,Población ocupada,Empresa pequeña,Feb - Abr,1369.1329643333331
2023,23 Ciudades y áreas metropolitanas,Población ocupada,Empresa pequeña,Mar - May,1370.3928523333334
2023,23 Ciudades y áreas metropolitanas,Población ocupada,Empresa pequeña,Abr - Jun,1379.8538526666669
2023,23 Ciudades y áreas metropolitanas,Población ocupada,Empresa pequeña,May - Jul,1399.6708446666669
2023,23 Ciudades y áreas metropolitanas,Población ocupada,Empresa pequeña,Jun - Ago,1426.582318
2023,23 Ciudades y áreas metropolitanas,Población ocupada,Empresa pequeña,Jul - Sep,1436.1191243333335
2023,23 Ciudades y áreas metropolitanas,Población ocupada,Empresa pequeña,Ago - Oct,1458.843536
2023,23 Ciudades y áreas metropolitanas,Población ocupada,Empresa pequeña,Sep - Nov,1546.5694453333335
2023,23 Ciudades y áreas metropolitanas,Población ocupada,Empresa pequeña,Oct - Dic,1546.907993
2023,23 Ciudades y áreas metropolitanas,Población ocupada,Empresa pequeña,Nov - Ene,1482.997327
2023,23 Ciudades y áreas metropolitanas,Población ocupada,Empresa pequeña,Dic - Feb,1439.8957206666666
2024,23 Ciudades y áreas metropolitanas,Población ocupada,Empresa pequeña,Ene - Mar,1427.6098993333335
2024,23 Ciudades y áreas metropolitanas,Población ocupada,Empresa pequeña,Feb - Abr,1484.9491699999999
2024,23 Ciudades y áreas metropolitanas,Población ocupada,Empresa pequeña,Mar - May,1483.2899530000002
2024,23 Ciudades y áreas metropolitanas,Población ocupada,Empresa pequeña,Abr - Jun,1535.4226176666668
2024,23 Ciudades y áreas metropolitanas,Población ocupada,Empresa pequeña,May - Jul,1545.5327036666667
2024,23 Ciudades y áreas metropolitanas,Población ocupada,Empresa pequeña,Jun - Ago,1552.430556666667
2024,23 Ciudades y áreas metropolitanas,Población ocupada,Empresa pequeña,Jul - Sep,1568.757791
2024,23 Ciudades y áreas metropolitanas,Población ocupada,Empresa pequeña,Ago - Oct,1552.5913083333335
2024,23 Ciudades y áreas metropolitanas,Población ocupada,Empresa pequeña,Sep - Nov,1535.8348036666666
2024,23 Ciudades y áreas metropolitanas,Población ocupada,Empresa pequeña,Oct - Dic,1501.8341196666668
2024,23 Ciudades y áreas metropolitanas,Población ocupada,Empresa pequeña,Nov - Ene,1511.083537
2024,23 Ciudades y áreas metropolitanas,Población ocupada,Empresa pequeña,Dic - Feb,1502.84367
2025,23 Ciudades y áreas metropolitanas,Población ocupada,Empresa pequeña,Ene - Mar,1446.726542
2025,23 Ciudades y áreas metropolitanas,Población ocupada,Empresa pequeña,Feb - Abr,1472.146907
2025,23 Ciudades y áreas metropolitanas,Población ocupada,Empresa pequeña,Mar - May,1508.813664
2025,23 Ciudades y áreas metropolitanas,Población ocupada,Empresa pequeña,Abr - Jun,1603.112961
2025,23 Ciudades y áreas metropolitanas,Población ocupada,Empresa pequeña,May - Jul,1576.891399
2025,23 Ciudades y áreas metropolitanas,Población ocupada,Empresa pequeña,Jun - Ago,1562.195401
2025,23 Ciudades y áreas metropolitanas,Población ocupada,Empresa pequeña,Jul - Sep,1550.67512
2025,23 Ciudades y áreas metropolitanas,Población ocupada,Empresa pequeña,Ago - Oct,1569.572062
2025,23 Ciudades y áreas metropolitanas,Población ocupada,Empresa pequeña,Sep - Nov,1595.724867
2025,23 Ciudades y áreas metropolitanas,Población ocupada,Empresa pequeña,Oct - Dic,1612.860497
2025,23 Ciudades y áreas metropolitanas,Población ocupada,Empresa pequeña,Nov - Ene,1602.273336
2025,23 Ciudades y áreas metropolitanas,Población ocupada,Empresa pequeña,Dic - Feb,1547.640931
2026,23 Ciudades y áreas metropolitanas,Población ocupada,Empresa pequeña,Ene - Mar,1489.780464
2026,23 Ciudades y áreas metropolitanas,Población ocupada,Empresa pequeña,Feb - Abr,1512.901716
2021,23 Ciudades y áreas metropolitanas,Población ocupada,Empresa mediana,Ene - Mar,1037.1175653333332
2021,23 Ciudades y áreas metropolitanas,Población ocupada,Empresa mediana,Feb - Abr,1064.9483146666666
2021,23 Ciudades y áreas metropolitanas,Población ocupada,Empresa mediana,Mar - May,1126.8631166666667
2021,23 Ciudades y áreas metropolitanas,Población ocupada,Empresa mediana,Abr - Jun,1223.9611316666667
2021,23 Ciudades y áreas metropolitanas,Población ocupada,Empresa mediana,May - Jul,1267.7320316666667
2021,23 Ciudades y áreas metropolitanas,Población ocupada,Empresa mediana,Jun - Ago,1239.6039703333336
2021,23 Ciudades y áreas metropolitanas,Población ocupada,Empresa mediana,Jul - Sep,1176.490854
2021,23 Ciudades y áreas metropolitanas,Población ocupada,Empresa mediana,Ago - Oct,1156.2549179999999
2021,23 Ciudades y áreas metropolitanas,Población ocupada,Empresa mediana,Sep - Nov,1179.6675466666666
2021,23 Ciudades y áreas metropolitanas,Población ocupada,Empresa mediana,Oct - Dic,1211.0620586666666
2021,23 Ciudades y áreas metropolitanas,Población ocupada,Empresa mediana,Nov - Ene,1218.7538613333334
2021,23 Ciudades y áreas metropolitanas,Población ocupada,Empresa mediana,Dic - Feb,1181.9934246666664
2022,23 Ciudades y áreas metropolitanas,Población ocupada,Empresa mediana,Ene - Mar,1108.2382273333335
2022,23 Ciudades y áreas metropolitanas,Población ocupada,Empresa mediana,Feb - Abr,1070.8734456666668
2022,23 Ciudades y áreas metropolitanas,Población ocupada,Empresa mediana,Mar - May,1063.3102676666667
2022,23 Ciudades y áreas metropolitanas,Población ocupada,Empresa mediana,Abr - Jun,1067.6092569999998
2022,23 Ciudades y áreas metropolitanas,Población ocupada,Empresa mediana,May - Jul,1039.1281546666667
2022,23 Ciudades y áreas metropolitanas,Población ocupada,Empresa mediana,Jun - Ago,1048.847194
2022,23 Ciudades y áreas metropolitanas,Población ocupada,Empresa mediana,Jul - Sep,1025.1079556666666
2022,23 Ciudades y áreas metropolitanas,Población ocupada,Empresa mediana,Ago - Oct,1040.3457086666667
2022,23 Ciudades y áreas metropolitanas,Población ocupada,Empresa mediana,Sep - Nov,1059.4069933333333
2022,23 Ciudades y áreas metropolitanas,Población ocupada,Empresa mediana,Oct - Dic,1105.4758103333334
2022,23 Ciudades y áreas metropolitanas,Población ocupada,Empresa mediana,Nov - Ene,1113.8910373333333
2022,23 Ciudades y áreas metropolitanas,Población ocupada,Empresa mediana,Dic - Feb,1060.5412489999999
2023,23 Ciudades y áreas metropolitanas,Población ocupada,Empresa mediana,Ene - Mar,1065.7598506666666
2023,23 Ciudades y áreas metropolitanas,Población ocupada,Empresa mediana,Feb - Abr,1049.515496
2023,23 Ciudades y áreas metropolitanas,Población ocupada,Empresa mediana,Mar - May,1056.76631
2023,23 Ciudades y áreas metropolitanas,Población ocupada,Empresa mediana,Abr - Jun,1037.681743
2023,23 Ciudades y áreas metropolitanas,Población ocupada,Empresa mediana,May - Jul,1046.0267979999999
2023,23 Ciudades y áreas metropolitanas,Población ocupada,Empresa mediana,Jun - Ago,1065.8866376666665
2023,23 Ciudades y áreas metropolitanas,Población ocupada,Empresa mediana,Jul - Sep,1056.252386
2023,23 Ciudades y áreas metropolitanas,Población ocupada,Empresa mediana,Ago - Oct,1056.247345
2023,23 Ciudades y áreas metropolitanas,Población ocupada,Empresa mediana,Sep - Nov,1049.1375369999998
2023,23 Ciudades y áreas metropolitanas,Población ocupada,Empresa mediana,Oct - Dic,1080.3099266666668
2023,23 Ciudades y áreas metropolitanas,Población ocupada,Empresa mediana,Nov - Ene,1144.5595383333332
2023,23 Ciudades y áreas metropolitanas,Población ocupada,Empresa mediana,Dic - Feb,1175.9813496666668
2024,23 Ciudades y áreas metropolitanas,Población ocupada,Empresa mediana,Ene - Mar,1181.0993270000001
2024,23 Ciudades y áreas metropolitanas,Población ocupada,Empresa mediana,Feb - Abr,1124.8577756666666
2024,23 Ciudades y áreas metropolitanas,Población ocupada,Empresa mediana,Mar - May,1122.0278146666667
2024,23 Ciudades y áreas metropolitanas,Población ocupada,Empresa mediana,Abr - Jun,1118.037891
2024,23 Ciudades y áreas metropolitanas,Población ocupada,Empresa mediana,May - Jul,1124.4099123333333
2024,23 Ciudades y áreas metropolitanas,Población ocupada,Empresa mediana,Jun - Ago,1109.278298
2024,23 Ciudades y áreas metropolitanas,Población ocupada,Empresa mediana,Jul - Sep,1086.0913220000002
2024,23 Ciudades y áreas metropolitanas,Población ocupada,Empresa mediana,Ago - Oct,1091.9623616666668
2024,23 Ciudades y áreas metropolitanas,Población ocupada,Empresa mediana,Sep - Nov,1037.9202836666666
2024,23 Ciudades y áreas metropolitanas,Población ocupada,Empresa mediana,Oct - Dic,1017.8243873333332
2024,23 Ciudades y áreas metropolitanas,Población ocupada,Empresa mediana,Nov - Ene,989.10831
2024,23 Ciudades y áreas metropolitanas,Población ocupada,Empresa mediana,Dic - Feb,1022.160424
2025,23 Ciudades y áreas metropolitanas,Población ocupada,Empresa mediana,Ene - Mar,1044.800234
2025,23 Ciudades y áreas metropolitanas,Población ocupada,Empresa mediana,Feb - Abr,1088.121512
2025,23 Ciudades y áreas metropolitanas,Población ocupada,Empresa mediana,Mar - May,1089.318318
2025,23 Ciudades y áreas metropolitanas,Población ocupada,Empresa mediana,Abr - Jun,1035.860417
2025,23 Ciudades y áreas metropolitanas,Población ocupada,Empresa mediana,May - Jul,971.050485
2025,23 Ciudades y áreas metropolitanas,Población ocupada,Empresa mediana,Jun - Ago,958.584161
2025,23 Ciudades y áreas metropolitanas,Población ocupada,Empresa mediana,Jul - Sep,964.221823
2025,23 Ciudades y áreas metropolitanas,Población ocupada,Empresa mediana,Ago - Oct,1017.082884
2025,23 Ciudades y áreas metropolitanas,Población ocupada,Empresa mediana,Sep - Nov,1064.223954
2025,23 Ciudades y áreas metropolitanas,Población ocupada,Empresa mediana,Oct - Dic,1108.712541
2025,23 Ciudades y áreas metropolitanas,Población ocupada,Empresa mediana,Nov - Ene,1061.96008
2025,23 Ciudades y áreas metropolitanas,Población ocupada,Empresa mediana,Dic - Feb,1016.284837
2026,23 Ciudades y áreas metropolitanas,Población ocupada,Empresa mediana,Ene - Mar,1018.245495
2026,23 Ciudades y áreas metropolitanas,Población ocupada,Empresa mediana,Feb - Abr,1047.312562
2021,23 Ciudades y áreas metropolitanas,Población ocupada,Empresa grande,Ene - Mar,1730.5397606666666
2021,23 Ciudades y áreas metropolitanas,Población ocupada,Empresa grande,Feb - Abr,1811.6774933333334
2021,23 Ciudades y áreas metropolitanas,Población ocupada,Empresa grande,Mar - May,1912.127491
2021,23 Ciudades y áreas metropolitanas,Población ocupada,Empresa grande,Abr - Jun,1933.5258000000001
2021,23 Ciudades y áreas metropolitanas,Población ocupada,Empresa grande,May - Jul,2019.3581040000001
2021,23 Ciudades y áreas metropolitanas,Población ocupada,Empresa grande,Jun - Ago,2121.092574
2021,23 Ciudades y áreas metropolitanas,Población ocupada,Empresa grande,Jul - Sep,2279.3368466666666
2021,23 Ciudades y áreas metropolitanas,Población ocupada,Empresa grande,Ago - Oct,2375.6462556666665
2021,23 Ciudades y áreas metropolitanas,Población ocupada,Empresa grande,Sep - Nov,2444.954153
2021,23 Ciudades y áreas metropolitanas,Población ocupada,Empresa grande,Oct - Dic,2494.3692116666666
2021,23 Ciudades y áreas metropolitanas,Población ocupada,Empresa grande,Nov - Ene,2558.63124
2021,23 Ciudades y áreas metropolitanas,Población ocupada,Empresa grande,Dic - Feb,2676.3658913333334
2022,23 Ciudades y áreas metropolitanas,Población ocupada,Empresa grande,Ene - Mar,2779.0455593333336
2022,23 Ciudades y áreas metropolitanas,Población ocupada,Empresa grande,Feb - Abr,2940.1009053333332
2022,23 Ciudades y áreas metropolitanas,Población ocupada,Empresa grande,Mar - May,3001.9536786666667
2022,23 Ciudades y áreas metropolitanas,Población ocupada,Empresa grande,Abr - Jun,3045.8873889999995
2022,23 Ciudades y áreas metropolitanas,Población ocupada,Empresa grande,May - Jul,2952.311970666667
2022,23 Ciudades y áreas metropolitanas,Población ocupada,Empresa grande,Jun - Ago,2926.044424333333
2022,23 Ciudades y áreas metropolitanas,Población ocupada,Empresa grande,Jul - Sep,2909.192986
2022,23 Ciudades y áreas metropolitanas,Población ocupada,Empresa grande,Ago - Oct,2973.7900876666668
2022,23 Ciudades y áreas metropolitanas,Población ocupada,Empresa grande,Sep - Nov,3021.256209666666
2022,23 Ciudades y áreas metropolitanas,Población ocupada,Empresa grande,Oct - Dic,3102.779129
2022,23 Ciudades y áreas metropolitanas,Población ocupada,Empresa grande,Nov - Ene,3103.5685653333335
2022,23 Ciudades y áreas metropolitanas,Población ocupada,Empresa grande,Dic - Feb,3077.562757333333
2023,23 Ciudades y áreas metropolitanas,Población ocupada,Empresa grande,Ene - Mar,3023.4527443333336
2023,23 Ciudades y áreas metropolitanas,Población ocupada,Empresa grande,Feb - Abr,3092.5685026666665
2023,23 Ciudades y áreas metropolitanas,Población ocupada,Empresa grande,Mar - May,3201.0568126666662
2023,23 Ciudades y áreas metropolitanas,Población ocupada,Empresa grande,Abr - Jun,3339.034967333333
2023,23 Ciudades y áreas metropolitanas,Población ocupada,Empresa grande,May - Jul,3391.3518710000003
2023,23 Ciudades y áreas metropolitanas,Población ocupada,Empresa grande,Jun - Ago,3388.160706
2023,23 Ciudades y áreas metropolitanas,Población ocupada,Empresa grande,Jul - Sep,3386.9531239999997
2023,23 Ciudades y áreas metropolitanas,Población ocupada,Empresa grande,Ago - Oct,3365.989315666667
2023,23 Ciudades y áreas metropolitanas,Población ocupada,Empresa grande,Sep - Nov,3338.006283
2023,23 Ciudades y áreas metropolitanas,Población ocupada,Empresa grande,Oct - Dic,3257.1162346666665
2023,23 Ciudades y áreas metropolitanas,Población ocupada,Empresa grande,Nov - Ene,3198.835563
2023,23 Ciudades y áreas metropolitanas,Población ocupada,Empresa grande,Dic - Feb,3104.7531486666667
2024,23 Ciudades y áreas metropolitanas,Población ocupada,Empresa grande,Ene - Mar,3147.295827
2024,23 Ciudades y áreas metropolitanas,Población ocupada,Empresa grande,Feb - Abr,3243.2066496666666
2024,23 Ciudades y áreas metropolitanas,Población ocupada,Empresa grande,Mar - May,3319.9124606666664
2024,23 Ciudades y áreas metropolitanas,Población ocupada,Empresa grande,Abr - Jun,3286.595225333333
2024,23 Ciudades y áreas metropolitanas,Población ocupada,Empresa grande,May - Jul,3251.2485840000004
2024,23 Ciudades y áreas metropolitanas,Población ocupada,Empresa grande,Jun - Ago,3284.8040763333333
2024,23 Ciudades y áreas metropolitanas,Población ocupada,Empresa grande,Jul - Sep,3284.3273166666672
2024,23 Ciudades y áreas metropolitanas,Población ocupada,Empresa grande,Ago - Oct,3233.2692606666665
2024,23 Ciudades y áreas metropolitanas,Población ocupada,Empresa grande,Sep - Nov,3326.405806666667
2024,23 Ciudades y áreas metropolitanas,Población ocupada,Empresa grande,Oct - Dic,3386.6649890000003
2024,23 Ciudades y áreas metropolitanas,Población ocupada,Empresa grande,Nov - Ene,3389.541589
2024,23 Ciudades y áreas metropolitanas,Población ocupada,Empresa grande,Dic - Feb,3298.437084
2025,23 Ciudades y áreas metropolitanas,Población ocupada,Empresa grande,Ene - Mar,3279.54261
2025,23 Ciudades y áreas metropolitanas,Población ocupada,Empresa grande,Feb - Abr,3340.125575
2025,23 Ciudades y áreas metropolitanas,Población ocupada,Empresa grande,Mar - May,3315.521843
2025,23 Ciudades y áreas metropolitanas,Población ocupada,Empresa grande,Abr - Jun,3359.115172
2025,23 Ciudades y áreas metropolitanas,Población ocupada,Empresa grande,May - Jul,3453.339454
2025,23 Ciudades y áreas metropolitanas,Población ocupada,Empresa grande,Jun - Ago,3573.007096
2025,23 Ciudades y áreas metropolitanas,Población ocupada,Empresa grande,Jul - Sep,3629.417132
2025,23 Ciudades y áreas metropolitanas,Población ocupada,Empresa grande,Ago - Oct,3526.152246
2025,23 Ciudades y áreas metropolitanas,Población ocupada,Empresa grande,Sep - Nov,3485.20786
2025,23 Ciudades y áreas metropolitanas,Población ocupada,Empresa grande,Oct - Dic,3428.22951
2025,23 Ciudades y áreas metropolitanas,Población ocupada,Empresa grande,Nov - Ene,3450.36208
2025,23 Ciudades y áreas metropolitanas,Población ocupada,Empresa grande,Dic - Feb,3501.782606
2026,23 Ciudades y áreas metropolitanas,Población ocupada,Empresa grande,Ene - Mar,3527.54345
2026,23 Ciudades y áreas metropolitanas,Población ocupada,Empresa grande,Feb - Abr,3616.136508
2021,23 Ciudades y áreas metropolitanas,Formal,Formal,Ene - Mar,5381.842067
2021,23 Ciudades y áreas metropolitanas,Formal,Formal,Feb - Abr,5397.806292666667
2021,23 Ciudades y áreas metropolitanas,Formal,Formal,Mar - May,5488.904758333333
2021,23 Ciudades y áreas metropolitanas,Formal,Formal,Abr - Jun,5525.086748000001
2021,23 Ciudades y áreas metropolitanas,Formal,Formal,May - Jul,5647.482366333334
2021,23 Ciudades y áreas metropolitanas,Formal,Formal,Jun - Ago,5673.077457666666
2021,23 Ciudades y áreas metropolitanas,Formal,Formal,Jul - Sep,5757.383131
2021,23 Ciudades y áreas metropolitanas,Formal,Formal,Ago - Oct,5739.822267333333
2021,23 Ciudades y áreas metropolitanas,Formal,Formal,Sep - Nov,5840.074320333333
2021,23 Ciudades y áreas metropolitanas,Formal,Formal,Oct - Dic,5889.934976666666
2021,23 Ciudades y áreas metropolitanas,Formal,Formal,Nov - Ene,6019.177407333333
2021,23 Ciudades y áreas metropolitanas,Formal,Formal,Dic - Feb,6091.372219
2022,23 Ciudades y áreas metropolitanas,Formal,Formal,Ene - Mar,6142.380686333333
2022,23 Ciudades y áreas metropolitanas,Formal,Formal,Feb - Abr,6186.512223666666
2022,23 Ciudades y áreas metropolitanas,Formal,Formal,Mar - May,6241.278732666666
2022,23 Ciudades y áreas metropolitanas,Formal,Formal,Abr - Jun,6272.280518333333
2022,23 Ciudades y áreas metropolitanas,Formal,Formal,May - Jul,6277.61818
2022,23 Ciudades y áreas metropolitanas,Formal,Formal,Jun - Ago,6320.630707333334
2022,23 Ciudades y áreas metropolitanas,Formal,Formal,Jul - Sep,6366.998894333333
2022,23 Ciudades y áreas metropolitanas,Formal,Formal,Ago - Oct,6414.210800666668
2022,23 Ciudades y áreas metropolitanas,Formal,Formal,Sep - Nov,6489.606156000001
2022,23 Ciudades y áreas metropolitanas,Formal,Formal,Oct - Dic,6552.917967
2022,23 Ciudades y áreas metropolitanas,Formal,Formal,Nov - Ene,6518.487813333333
2022,23 Ciudades y áreas metropolitanas,Formal,Formal,Dic - Feb,6412.625776666667
2023,23 Ciudades y áreas metropolitanas,Formal,Formal,Ene - Mar,6431.405578666666
2023,23 Ciudades y áreas metropolitanas,Formal,Formal,Feb - Abr,6581.565871333333
2023,23 Ciudades y áreas metropolitanas,Formal,Formal,Mar - May,6677.028717
2023,23 Ciudades y áreas metropolitanas,Formal,Formal,Abr - Jun,6785.721683333333
2023,23 Ciudades y áreas metropolitanas,Formal,Formal,May - Jul,6831.672345999999
2023,23 Ciudades y áreas metropolitanas,Formal,Formal,Jun - Ago,6919.259290999999
2023,23 Ciudades y áreas metropolitanas,Formal,Formal,Jul - Sep,6911.216587999999
2023,23 Ciudades y áreas metropolitanas,Formal,Formal,Ago - Oct,6934.888448000001
2023,23 Ciudades y áreas metropolitanas,Formal,Formal,Sep - Nov,6980.187016333333
2023,23 Ciudades y áreas metropolitanas,Formal,Formal,Oct - Dic,6952.655476666667
2023,23 Ciudades y áreas metropolitanas,Formal,Formal,Nov - Ene,6878.546371666666
2023,23 Ciudades y áreas metropolitanas,Formal,Formal,Dic - Feb,6751.289523333333
2024,23 Ciudades y áreas metropolitanas,Formal,Formal,Ene - Mar,6790.576181666666
2024,23 Ciudades y áreas metropolitanas,Formal,Formal,Feb - Abr,6859.772261000001
2024,23 Ciudades y áreas metropolitanas,Formal,Formal,Mar - May,6945.484131666667
2024,23 Ciudades y áreas metropolitanas,Formal,Formal,Abr - Jun,6952.023238999999
2024,23 Ciudades y áreas metropolitanas,Formal,Formal,May - Jul,6941.499154666667
2024,23 Ciudades y áreas metropolitanas,Formal,Formal,Jun - Ago,6964.840242000001
2024,23 Ciudades y áreas metropolitanas,Formal,Formal,Jul - Sep,6951.755647999999
2024,23 Ciudades y áreas metropolitanas,Formal,Formal,Ago - Oct,6920.862439666666
2024,23 Ciudades y áreas metropolitanas,Formal,Formal,Sep - Nov,6954.439939666667
2024,23 Ciudades y áreas metropolitanas,Formal,Formal,Oct - Dic,6949.730429
2024,23 Ciudades y áreas metropolitanas,Formal,Formal,Nov - Ene,6910.0214
2024,23 Ciudades y áreas metropolitanas,Formal,Formal,Dic - Feb,6815.567372
2025,23 Ciudades y áreas metropolitanas,Formal,Formal,Ene - Mar,6792.71636
2025,23 Ciudades y áreas metropolitanas,Formal,Formal,Feb - Abr,6939.029225
2025,23 Ciudades y áreas metropolitanas,Formal,Formal,Mar - May,6994.065289
2025,23 Ciudades y áreas metropolitanas,Formal,Formal,Abr - Jun,7075.065806
2025,23 Ciudades y áreas metropolitanas,Formal,Formal,May - Jul,7095.739795
2025,23 Ciudades y áreas metropolitanas,Formal,Formal,Jun - Ago,7152.342737
2025,23 Ciudades y áreas metropolitanas,Formal,Formal,Jul - Sep,7198.619652
2025,23 Ciudades y áreas metropolitanas,Formal,Formal,Ago - Oct,7144.69372
2025,23 Ciudades y áreas metropolitanas,Formal,Formal,Sep - Nov,7207.580947
2025,23 Ciudades y áreas metropolitanas,Formal,Formal,Oct - Dic,7225.806379
2025,23 Ciudades y áreas metropolitanas,Formal,Formal,Nov - Ene,7233.551609
2025,23 Ciudades y áreas metropolitanas,Formal,Formal,Dic - Feb,7158.345735
2026,23 Ciudades y áreas metropolitanas,Formal,Formal,Ene - Mar,7162.025443
2026,23 Ciudades y áreas metropolitanas,Formal,Formal,Feb - Abr,7252.805243
2021,23 Ciudades y áreas metropolitanas,Formal,Microempresa,Ene - Mar,1630.325211
2021,23 Ciudades y áreas metropolitanas,Formal,Microempresa,Feb - Abr,1520.6255446666667
2021,23 Ciudades y áreas metropolitanas,Formal,Microempresa,Mar - May,1419.1449313333333
2021,23 Ciudades y áreas metropolitanas,Formal,Microempresa,Abr - Jun,1354.6914359999998
2021,23 Ciudades y áreas metropolitanas,Formal,Microempresa,May - Jul,1339.1339973333334
2021,23 Ciudades y áreas metropolitanas,Formal,Microempresa,Jun - Ago,1309.6587113333335
2021,23 Ciudades y áreas metropolitanas,Formal,Microempresa,Jul - Sep,1329.1966116666665
2021,23 Ciudades y áreas metropolitanas,Formal,Microempresa,Ago - Oct,1268.8876963333332
2021,23 Ciudades y áreas metropolitanas,Formal,Microempresa,Sep - Nov,1289.3607949999998
2021,23 Ciudades y áreas metropolitanas,Formal,Microempresa,Oct - Dic,1250.280528
2021,23 Ciudades y áreas metropolitanas,Formal,Microempresa,Nov - Ene,1246.4511060000002
2021,23 Ciudades y áreas metropolitanas,Formal,Microempresa,Dic - Feb,1242.9926033333334
2022,23 Ciudades y áreas metropolitanas,Formal,Microempresa,Ene - Mar,1279.2582519999999
2022,23 Ciudades y áreas metropolitanas,Formal,Microempresa,Feb - Abr,1277.3403406666666
2022,23 Ciudades y áreas metropolitanas,Formal,Microempresa,Mar - May,1273.208807
2022,23 Ciudades y áreas metropolitanas,Formal,Microempresa,Abr - Jun,1249.4018526666666
2022,23 Ciudades y áreas metropolitanas,Formal,Microempresa,May - Jul,1288.3246736666667
2022,23 Ciudades y áreas metropolitanas,Formal,Microempresa,Jun - Ago,1332.2297813333332
2022,23 Ciudades y áreas metropolitanas,Formal,Microempresa,Jul - Sep,1377.2850473333335
2022,23 Ciudades y áreas metropolitanas,Formal,Microempresa,Ago - Oct,1396.1196003333334
2022,23 Ciudades y áreas metropolitanas,Formal,Microempresa,Sep - Nov,1409.8788103333334
2022,23 Ciudades y áreas metropolitanas,Formal,Microempresa,Oct - Dic,1395.2019816666668
2022,23 Ciudades y áreas metropolitanas,Formal,Microempresa,Nov - Ene,1354.1691003333333
2022,23 Ciudades y áreas metropolitanas,Formal,Microempresa,Dic - Feb,1340.6730640000003
2023,23 Ciudades y áreas metropolitanas,Formal,Microempresa,Ene - Mar,1382.6132233333335
2023,23 Ciudades y áreas metropolitanas,Formal,Microempresa,Feb - Abr,1443.87753
2023,23 Ciudades y áreas metropolitanas,Formal,Microempresa,Mar - May,1426.275782
2023,23 Ciudades y áreas metropolitanas,Formal,Microempresa,Abr - Jun,1408.2706266666667
2023,23 Ciudades y áreas metropolitanas,Formal,Microempresa,May - Jul,1374.8864476666665
2023,23 Ciudades y áreas metropolitanas,Formal,Microempresa,Jun - Ago,1427.1007633333331
2023,23 Ciudades y áreas metropolitanas,Formal,Microempresa,Jul - Sep,1419.528746
2023,23 Ciudades y áreas metropolitanas,Formal,Microempresa,Ago - Oct,1457.070515333333
2023,23 Ciudades y áreas metropolitanas,Formal,Microempresa,Sep - Nov,1437.0939656666667
2023,23 Ciudades y áreas metropolitanas,Formal,Microempresa,Oct - Dic,1448.791934
2023,23 Ciudades y áreas metropolitanas,Formal,Microempresa,Nov - Ene,1413.763147
2023,23 Ciudades y áreas metropolitanas,Formal,Microempresa,Dic - Feb,1400.843715
2024,23 Ciudades y áreas metropolitanas,Formal,Microempresa,Ene - Mar,1414.9536716666664
2024,23 Ciudades y áreas metropolitanas,Formal,Microempresa,Feb - Abr,1413.3552183333334
2024,23 Ciudades y áreas metropolitanas,Formal,Microempresa,Mar - May,1402.9403596666664
2024,23 Ciudades y áreas metropolitanas,Formal,Microempresa,Abr - Jun,1415.4343216666666
2024,23 Ciudades y áreas metropolitanas,Formal,Microempresa,May - Jul,1410.3857273333333
2024,23 Ciudades y áreas metropolitanas,Formal,Microempresa,Jun - Ago,1418.2233476666668
2024,23 Ciudades y áreas metropolitanas,Formal,Microempresa,Jul - Sep,1370.867953
2024,23 Ciudades y áreas metropolitanas,Formal,Microempresa,Ago - Oct,1392.1239603333333
2024,23 Ciudades y áreas metropolitanas,Formal,Microempresa,Sep - Nov,1408.6544803333334
2024,23 Ciudades y áreas metropolitanas,Formal,Microempresa,Oct - Dic,1414.2729303333333
2024,23 Ciudades y áreas metropolitanas,Formal,Microempresa,Nov - Ene,1410.987247
2024,23 Ciudades y áreas metropolitanas,Formal,Microempresa,Dic - Feb,1378.210192
2025,23 Ciudades y áreas metropolitanas,Formal,Microempresa,Ene - Mar,1390.858346
2025,23 Ciudades y áreas metropolitanas,Formal,Microempresa,Feb - Abr,1381.055365
2025,23 Ciudades y áreas metropolitanas,Formal,Microempresa,Mar - May,1405.190714
2025,23 Ciudades y áreas metropolitanas,Formal,Microempresa,Abr - Jun,1422.071514
2025,23 Ciudades y áreas metropolitanas,Formal,Microempresa,May - Jul,1443.260144
2025,23 Ciudades y áreas metropolitanas,Formal,Microempresa,Jun - Ago,1435.486103
2025,23 Ciudades y áreas metropolitanas,Formal,Microempresa,Jul - Sep,1420.132739
2025,23 Ciudades y áreas metropolitanas,Formal,Microempresa,Ago - Oct,1397.906795
2025,23 Ciudades y áreas metropolitanas,Formal,Microempresa,Sep - Nov,1439.811104
2025,23 Ciudades y áreas metropolitanas,Formal,Microempresa,Oct - Dic,1454.2847
2025,23 Ciudades y áreas metropolitanas,Formal,Microempresa,Nov - Ene,1495.943653
2025,23 Ciudades y áreas metropolitanas,Formal,Microempresa,Dic - Feb,1442.494083
2026,23 Ciudades y áreas metropolitanas,Formal,Microempresa,Ene - Mar,1464.104953
2026,23 Ciudades y áreas metropolitanas,Formal,Microempresa,Feb - Abr,1416.811225
2021,23 Ciudades y áreas metropolitanas,Formal,Empresa pequeña,Ene - Mar,1239.0251606666668
2021,23 Ciudades y áreas metropolitanas,Formal,Empresa pequeña,Feb - Abr,1230.136683
2021,23 Ciudades y áreas metropolitanas,Formal,Empresa pequeña,Mar - May,1252.752133
2021,23 Ciudades y áreas metropolitanas,Formal,Empresa pequeña,Abr - Jun,1235.306046
2021,23 Ciudades y áreas metropolitanas,Formal,Empresa pequeña,May - Jul,1235.337452
2021,23 Ciudades y áreas metropolitanas,Formal,Empresa pequeña,Jun - Ago,1201.085042
2021,23 Ciudades y áreas metropolitanas,Formal,Empresa pequeña,Jul - Sep,1171.8031676666667
2021,23 Ciudades y áreas metropolitanas,Formal,Empresa pequeña,Ago - Oct,1166.8628513333333
2021,23 Ciudades y áreas metropolitanas,Formal,Empresa pequeña,Sep - Nov,1167.7563376666667
2021,23 Ciudades y áreas metropolitanas,Formal,Empresa pequeña,Oct - Dic,1170.8917946666668
2021,23 Ciudades y áreas metropolitanas,Formal,Empresa pequeña,Nov - Ene,1203.807909
2021,23 Ciudades y áreas metropolitanas,Formal,Empresa pequeña,Dic - Feb,1198.0185233333334
2022,23 Ciudades y áreas metropolitanas,Formal,Empresa pequeña,Ene - Mar,1193.76421
2022,23 Ciudades y áreas metropolitanas,Formal,Empresa pequeña,Feb - Abr,1129.9660513333336
2022,23 Ciudades y áreas metropolitanas,Formal,Empresa pequeña,Mar - May,1137.7218013333334
2022,23 Ciudades y áreas metropolitanas,Formal,Empresa pequeña,Abr - Jun,1125.6552866666668
2022,23 Ciudades y áreas metropolitanas,Formal,Empresa pequeña,May - Jul,1188.5339366666667
2022,23 Ciudades y áreas metropolitanas,Formal,Empresa pequeña,Jun - Ago,1194.759867
2022,23 Ciudades y áreas metropolitanas,Formal,Empresa pequeña,Jul - Sep,1231.2109593333332
2022,23 Ciudades y áreas metropolitanas,Formal,Empresa pequeña,Ago - Oct,1173.603195
2022,23 Ciudades y áreas metropolitanas,Formal,Empresa pequeña,Sep - Nov,1174.3033493333332
2022,23 Ciudades y áreas metropolitanas,Formal,Empresa pequeña,Oct - Dic,1135.0434013333333
2022,23 Ciudades y áreas metropolitanas,Formal,Empresa pequeña,Nov - Ene,1145.6788093333332
2022,23 Ciudades y áreas metropolitanas,Formal,Empresa pequeña,Dic - Feb,1110.6181606666669
2023,23 Ciudades y áreas metropolitanas,Formal,Empresa pequeña,Ene - Mar,1121.2778283333334
2023,23 Ciudades y áreas metropolitanas,Formal,Empresa pequeña,Feb - Abr,1150.143792
2023,23 Ciudades y áreas metropolitanas,Formal,Empresa pequeña,Mar - May,1147.7702156666667
2023,23 Ciudades y áreas metropolitanas,Formal,Empresa pequeña,Abr - Jun,1143.8386923333335
2023,23 Ciudades y áreas metropolitanas,Formal,Empresa pequeña,May - Jul,1138.9187996666667
2023,23 Ciudades y áreas metropolitanas,Formal,Empresa pequeña,Jun - Ago,1157.0207976666666
2023,23 Ciudades y áreas metropolitanas,Formal,Empresa pequeña,Jul - Sep,1180.859834
2023,23 Ciudades y áreas metropolitanas,Formal,Empresa pequeña,Ago - Oct,1191.8481403333333
2023,23 Ciudades y áreas metropolitanas,Formal,Empresa pequeña,Sep - Nov,1278.7733369999999
2023,23 Ciudades y áreas metropolitanas,Formal,Empresa pequeña,Oct - Dic,1282.927277
2023,23 Ciudades y áreas metropolitanas,Formal,Empresa pequeña,Nov - Ene,1245.6096983333332
2023,23 Ciudades y áreas metropolitanas,Formal,Empresa pequeña,Dic - Feb,1202.2618016666665
2024,23 Ciudades y áreas metropolitanas,Formal,Empresa pequeña,Ene - Mar,1184.868658333333
2024,23 Ciudades y áreas metropolitanas,Formal,Empresa pequeña,Feb - Abr,1212.406199
2024,23 Ciudades y áreas metropolitanas,Formal,Empresa pequeña,Mar - May,1222.5409863333332
2024,23 Ciudades y áreas metropolitanas,Formal,Empresa pequeña,Abr - Jun,1258.4546756666666
2024,23 Ciudades y áreas metropolitanas,Formal,Empresa pequeña,May - Jul,1277.959032
2024,23 Ciudades y áreas metropolitanas,Formal,Empresa pequeña,Jun - Ago,1280.447759
2024,23 Ciudades y áreas metropolitanas,Formal,Empresa pequeña,Jul - Sep,1321.440349
2024,23 Ciudades y áreas metropolitanas,Formal,Empresa pequeña,Ago - Oct,1316.9057286666666
2024,23 Ciudades y áreas metropolitanas,Formal,Empresa pequeña,Sep - Nov,1292.4830206666668
2024,23 Ciudades y áreas metropolitanas,Formal,Empresa pequeña,Oct - Dic,1248.4066963333335
2024,23 Ciudades y áreas metropolitanas,Formal,Empresa pequeña,Nov - Ene,1245.879796
2024,23 Ciudades y áreas metropolitanas,Formal,Empresa pequeña,Dic - Feb,1255.432725
2025,23 Ciudades y áreas metropolitanas,Formal,Empresa pequeña,Ene - Mar,1214.933705
2025,23 Ciudades y áreas metropolitanas,Formal,Empresa pequeña,Feb - Abr,1249.197387
2025,23 Ciudades y áreas metropolitanas,Formal,Empresa pequeña,Mar - May,1284.329312
2025,23 Ciudades y áreas metropolitanas,Formal,Empresa pequeña,Abr - Jun,1347.706648
2025,23 Ciudades y áreas metropolitanas,Formal,Empresa pequeña,May - Jul,1325.085001
2025,23 Ciudades y áreas metropolitanas,Formal,Empresa pequeña,Jun - Ago,1293.267868
2025,23 Ciudades y áreas metropolitanas,Formal,Empresa pequeña,Jul - Sep,1303.050654
2025,23 Ciudades y áreas metropolitanas,Formal,Empresa pequeña,Ago - Oct,1315.503452
2025,23 Ciudades y áreas metropolitanas,Formal,Empresa pequeña,Sep - Nov,1335.831533
2025,23 Ciudades y áreas metropolitanas,Formal,Empresa pequeña,Oct - Dic,1346.997809
2025,23 Ciudades y áreas metropolitanas,Formal,Empresa pequeña,Nov - Ene,1347.026184
2025,23 Ciudades y áreas metropolitanas,Formal,Empresa pequeña,Dic - Feb,1313.041859
2026,23 Ciudades y áreas metropolitanas,Formal,Empresa pequeña,Ene - Mar,1264.626329
2026,23 Ciudades y áreas metropolitanas,Formal,Empresa pequeña,Feb - Abr,1280.009898
2021,23 Ciudades y áreas metropolitanas,Formal,Empresa mediana,Ene - Mar,923.9507096666666
2021,23 Ciudades y áreas metropolitanas,Formal,Empresa mediana,Feb - Abr,960.1041453333333
2021,23 Ciudades y áreas metropolitanas,Formal,Empresa mediana,Mar - May,1022.3543063333333
2021,23 Ciudades y áreas metropolitanas,Formal,Empresa mediana,Abr - Jun,1102.8417606666667
2021,23 Ciudades y áreas metropolitanas,Formal,Empresa mediana,May - Jul,1153.5362113333333
2021,23 Ciudades y áreas metropolitanas,Formal,Empresa mediana,Jun - Ago,1138.9540483333333
2021,23 Ciudades y áreas metropolitanas,Formal,Empresa mediana,Jul - Sep,1080.9593173333333
2021,23 Ciudades y áreas metropolitanas,Formal,Empresa mediana,Ago - Oct,1044.196568
2021,23 Ciudades y áreas metropolitanas,Formal,Empresa mediana,Sep - Nov,1062.5699676666666
2021,23 Ciudades y áreas metropolitanas,Formal,Empresa mediana,Oct - Dic,1105.3176843333333
2021,23 Ciudades y áreas metropolitanas,Formal,Empresa mediana,Nov - Ene,1127.3022176666668
2021,23 Ciudades y áreas metropolitanas,Formal,Empresa mediana,Dic - Feb,1092.7401436666667
2022,23 Ciudades y áreas metropolitanas,Formal,Empresa mediana,Ene - Mar,1017.9907913333333
2022,23 Ciudades y áreas metropolitanas,Formal,Empresa mediana,Feb - Abr,983.231576
2022,23 Ciudades y áreas metropolitanas,Formal,Empresa mediana,Mar - May,983.5583286666666
2022,23 Ciudades y áreas metropolitanas,Formal,Empresa mediana,Abr - Jun,991.883057
2022,23 Ciudades y áreas metropolitanas,Formal,Empresa mediana,May - Jul,973.509034
2022,23 Ciudades y áreas metropolitanas,Formal,Empresa mediana,Jun - Ago,983.0045356666666
2022,23 Ciudades y áreas metropolitanas,Formal,Empresa mediana,Jul - Sep,961.1334026666667
2022,23 Ciudades y áreas metropolitanas,Formal,Empresa mediana,Ago - Oct,973.2025273333334
2022,23 Ciudades y áreas metropolitanas,Formal,Empresa mediana,Sep - Nov,986.7178976666668
2022,23 Ciudades y áreas metropolitanas,Formal,Empresa mediana,Oct - Dic,1035.0078086666667
2022,23 Ciudades y áreas metropolitanas,Formal,Empresa mediana,Nov - Ene,1040.0076213333334
2022,23 Ciudades y áreas metropolitanas,Formal,Empresa mediana,Dic - Feb,998.0309823333333
2023,23 Ciudades y áreas metropolitanas,Formal,Empresa mediana,Ene - Mar,996.9001793333333
2023,23 Ciudades y áreas metropolitanas,Formal,Empresa mediana,Feb - Abr,987.244553
2023,23 Ciudades y áreas metropolitanas,Formal,Empresa mediana,Mar - May,993.4753896666666
2023,23 Ciudades y áreas metropolitanas,Formal,Empresa mediana,Abr - Jun,987.3742426666666
2023,23 Ciudades y áreas metropolitanas,Formal,Empresa mediana,May - Jul,997.999136
2023,23 Ciudades y áreas metropolitanas,Formal,Empresa mediana,Jun - Ago,1015.3955589999999
2023,23 Ciudades y áreas metropolitanas,Formal,Empresa mediana,Jul - Sep,1000.7947626666668
2023,23 Ciudades y áreas metropolitanas,Formal,Empresa mediana,Ago - Oct,1003.6574496666666
2023,23 Ciudades y áreas metropolitanas,Formal,Empresa mediana,Sep - Nov,1003.6668913333333
2023,23 Ciudades y áreas metropolitanas,Formal,Empresa mediana,Oct - Dic,1029.9675046666666
2023,23 Ciudades y áreas metropolitanas,Formal,Empresa mediana,Nov - Ene,1085.4580993333334
2023,23 Ciudades y áreas metropolitanas,Formal,Empresa mediana,Dic - Feb,1115.023202
2024,23 Ciudades y áreas metropolitanas,Formal,Empresa mediana,Ene - Mar,1121.5642156666665
2024,23 Ciudades y áreas metropolitanas,Formal,Empresa mediana,Feb - Abr,1072.3508533333334
2024,23 Ciudades y áreas metropolitanas,Formal,Empresa mediana,Mar - May,1072.5609033333333
2024,23 Ciudades y áreas metropolitanas,Formal,Empresa mediana,Abr - Jun,1065.7599906666667
2024,23 Ciudades y áreas metropolitanas,Formal,Empresa mediana,May - Jul,1073.4612893333333
2024,23 Ciudades y áreas metropolitanas,Formal,Empresa mediana,Jun - Ago,1052.8681336666666
2024,23 Ciudades y áreas metropolitanas,Formal,Empresa mediana,Jul - Sep,1037.1388339999999
2024,23 Ciudades y áreas metropolitanas,Formal,Empresa mediana,Ago - Oct,1040.4847786666667
2024,23 Ciudades y áreas metropolitanas,Formal,Empresa mediana,Sep - Nov,992.5838773333334
2024,23 Ciudades y áreas metropolitanas,Formal,Empresa mediana,Oct - Dic,978.6471243333334
2024,23 Ciudades y áreas metropolitanas,Formal,Empresa mediana,Nov - Ene,942.941238
2024,23 Ciudades y áreas metropolitanas,Formal,Empresa mediana,Dic - Feb,968.372896
2025,23 Ciudades y áreas metropolitanas,Formal,Empresa mediana,Ene - Mar,984.573442
2025,23 Ciudades y áreas metropolitanas,Formal,Empresa mediana,Feb - Abr,1034.540004
2025,23 Ciudades y áreas metropolitanas,Formal,Empresa mediana,Mar - May,1044.358119
2025,23 Ciudades y áreas metropolitanas,Formal,Empresa mediana,Abr - Jun,997.51606
2025,23 Ciudades y áreas metropolitanas,Formal,Empresa mediana,May - Jul,935.869438
2025,23 Ciudades y áreas metropolitanas,Formal,Empresa mediana,Jun - Ago,924.863703
2025,23 Ciudades y áreas metropolitanas,Formal,Empresa mediana,Jul - Sep,926.268734
2025,23 Ciudades y áreas metropolitanas,Formal,Empresa mediana,Ago - Oct,972.584899
2025,23 Ciudades y áreas metropolitanas,Formal,Empresa mediana,Sep - Nov,1007.692841
2025,23 Ciudades y áreas metropolitanas,Formal,Empresa mediana,Oct - Dic,1050.804529
2025,23 Ciudades y áreas metropolitanas,Formal,Empresa mediana,Nov - Ene,1008.883232
2025,23 Ciudades y áreas metropolitanas,Formal,Empresa mediana,Dic - Feb,969.714123
2026,23 Ciudades y áreas metropolitanas,Formal,Empresa mediana,Ene - Mar,969.810047
2026,23 Ciudades y áreas metropolitanas,Formal,Empresa mediana,Feb - Abr,998.851634
2021,23 Ciudades y áreas metropolitanas,Formal,Empresa grande,Ene - Mar,1588.5409856666665
2021,23 Ciudades y áreas metropolitanas,Formal,Empresa grande,Feb - Abr,1686.93992
2021,23 Ciudades y áreas metropolitanas,Formal,Empresa grande,Mar - May,1794.6533876666665
2021,23 Ciudades y áreas metropolitanas,Formal,Empresa grande,Abr - Jun,1832.2475053333335
2021,23 Ciudades y áreas metropolitanas,Formal,Empresa grande,May - Jul,1919.4747053333333
2021,23 Ciudades y áreas metropolitanas,Formal,Empresa grande,Jun - Ago,2023.3796559999998
2021,23 Ciudades y áreas metropolitanas,Formal,Empresa grande,Jul - Sep,2175.424034333333
2021,23 Ciudades y áreas metropolitanas,Formal,Empresa grande,Ago - Oct,2259.8751516666666
2021,23 Ciudades y áreas metropolitanas,Formal,Empresa grande,Sep - Nov,2320.3872196666666
2021,23 Ciudades y áreas metropolitanas,Formal,Empresa grande,Oct - Dic,2363.4449696666666
2021,23 Ciudades y áreas metropolitanas,Formal,Empresa grande,Nov - Ene,2441.6161746666667
2021,23 Ciudades y áreas metropolitanas,Formal,Empresa grande,Dic - Feb,2557.6209493333336
2022,23 Ciudades y áreas metropolitanas,Formal,Empresa grande,Ene - Mar,2651.3674336666663
2022,23 Ciudades y áreas metropolitanas,Formal,Empresa grande,Feb - Abr,2795.9742563333334
2022,23 Ciudades y áreas metropolitanas,Formal,Empresa grande,Mar - May,2846.7897959999996
2022,23 Ciudades y áreas metropolitanas,Formal,Empresa grande,Abr - Jun,2905.340322
2022,23 Ciudades y áreas metropolitanas,Formal,Empresa grande,May - Jul,2827.250536
2022,23 Ciudades y áreas metropolitanas,Formal,Empresa grande,Jun - Ago,2810.636523333333
2022,23 Ciudades y áreas metropolitanas,Formal,Empresa grande,Jul - Sep,2797.369485333333
2022,23 Ciudades y áreas metropolitanas,Formal,Empresa grande,Ago - Oct,2871.285478
2022,23 Ciudades y áreas metropolitanas,Formal,Empresa grande,Sep - Nov,2918.706099333334
2022,23 Ciudades y áreas metropolitanas,Formal,Empresa grande,Oct - Dic,2987.6647756666666
2022,23 Ciudades y áreas metropolitanas,Formal,Empresa grande,Nov - Ene,2978.632282666667
2022,23 Ciudades y áreas metropolitanas,Formal,Empresa grande,Dic - Feb,2963.303569333333
2023,23 Ciudades y áreas metropolitanas,Formal,Empresa grande,Ene - Mar,2930.6143473333336
2023,23 Ciudades y áreas metropolitanas,Formal,Empresa grande,Feb - Abr,3000.299996
2023,23 Ciudades y áreas metropolitanas,Formal,Empresa grande,Mar - May,3109.507329666667
2023,23 Ciudades y áreas metropolitanas,Formal,Empresa grande,Abr - Jun,3246.2381216666668
2023,23 Ciudades y áreas metropolitanas,Formal,Empresa grande,May - Jul,3319.8679626666667
2023,23 Ciudades y áreas metropolitanas,Formal,Empresa grande,Jun - Ago,3319.742171
2023,23 Ciudades y áreas metropolitanas,Formal,Empresa grande,Jul - Sep,3310.0332453333335
2023,23 Ciudades y áreas metropolitanas,Formal,Empresa grande,Ago - Oct,3282.3123426666666
2023,23 Ciudades y áreas metropolitanas,Formal,Empresa grande,Sep - Nov,3260.6528223333335
2023,23 Ciudades y áreas metropolitanas,Formal,Empresa grande,Oct - Dic,3190.968761
2023,23 Ciudades y áreas metropolitanas,Formal,Empresa grande,Nov - Ene,3133.715426666667
2023,23 Ciudades y áreas metropolitanas,Formal,Empresa grande,Dic - Feb,3033.160804333333
2024,23 Ciudades y áreas metropolitanas,Formal,Empresa grande,Ene - Mar,3069.189635666667
2024,23 Ciudades y áreas metropolitanas,Formal,Empresa grande,Feb - Abr,3161.65999
2024,23 Ciudades y áreas metropolitanas,Formal,Empresa grande,Mar - May,3247.4418819999996
2024,23 Ciudades y áreas metropolitanas,Formal,Empresa grande,Abr - Jun,3212.3742506666663
2024,23 Ciudades y áreas metropolitanas,Formal,Empresa grande,May - Jul,3179.6931063333336
2024,23 Ciudades y áreas metropolitanas,Formal,Empresa grande,Jun - Ago,3213.3010016666667
2024,23 Ciudades y áreas metropolitanas,Formal,Empresa grande,Jul - Sep,3222.3085116666666
2024,23 Ciudades y áreas metropolitanas,Formal,Empresa grande,Ago - Oct,3171.3479709999997
2024,23 Ciudades y áreas metropolitanas,Formal,Empresa grande,Sep - Nov,3260.7185606666667
2024,23 Ciudades y áreas metropolitanas,Formal,Empresa grande,Oct - Dic,3308.4036773333332
2024,23 Ciudades y áreas metropolitanas,Formal,Empresa grande,Nov - Ene,3310.21312
2024,23 Ciudades y áreas metropolitanas,Formal,Empresa grande,Dic - Feb,3213.551559
2025,23 Ciudades y áreas metropolitanas,Formal,Empresa grande,Ene - Mar,3202.350868
2025,23 Ciudades y áreas metropolitanas,Formal,Empresa grande,Feb - Abr,3274.236469
2025,23 Ciudades y áreas metropolitanas,Formal,Empresa grande,Mar - May,3260.187144
2025,23 Ciudades y áreas metropolitanas,Formal,Empresa grande,Abr - Jun,3307.771584
2025,23 Ciudades y áreas metropolitanas,Formal,Empresa grande,May - Jul,3391.525213
2025,23 Ciudades y áreas metropolitanas,Formal,Empresa grande,Jun - Ago,3498.725064
2025,23 Ciudades y áreas metropolitanas,Formal,Empresa grande,Jul - Sep,3549.167525
2025,23 Ciudades y áreas metropolitanas,Formal,Empresa grande,Ago - Oct,3458.698574
2025,23 Ciudades y áreas metropolitanas,Formal,Empresa grande,Sep - Nov,3424.24547
2025,23 Ciudades y áreas metropolitanas,Formal,Empresa grande,Oct - Dic,3373.719341
2025,23 Ciudades y áreas metropolitanas,Formal,Empresa grande,Nov - Ene,3381.69854
2025,23 Ciudades y áreas metropolitanas,Formal,Empresa grande,Dic - Feb,3433.09567
2026,23 Ciudades y áreas metropolitanas,Formal,Empresa grande,Ene - Mar,3463.484115
2026,23 Ciudades y áreas metropolitanas,Formal,Empresa grande,Feb - Abr,3557.132486
2021,23 Ciudades y áreas metropolitanas,Informal,Informal,Ene - Mar,4825.498504666667
2021,23 Ciudades y áreas metropolitanas,Informal,Informal,Feb - Abr,4916.365636333333
2021,23 Ciudades y áreas metropolitanas,Informal,Informal,Mar - May,4842.916671666667
2021,23 Ciudades y áreas metropolitanas,Informal,Informal,Abr - Jun,4822.0599010000005
2021,23 Ciudades y áreas metropolitanas,Informal,Informal,May - Jul,4801.931417333333
2021,23 Ciudades y áreas metropolitanas,Informal,Informal,Jun - Ago,4901.791340333333
2021,23 Ciudades y áreas metropolitanas,Informal,Informal,Jul - Sep,4898.438222
2021,23 Ciudades y áreas metropolitanas,Informal,Informal,Ago - Oct,4962.7669946666665
2021,23 Ciudades y áreas metropolitanas,Informal,Informal,Sep - Nov,4939.24154
2021,23 Ciudades y áreas metropolitanas,Informal,Informal,Oct - Dic,4958.410614
2021,23 Ciudades y áreas metropolitanas,Informal,Informal,Nov - Ene,4883.529678666667
2021,23 Ciudades y áreas metropolitanas,Informal,Informal,Dic - Feb,4919.983625666667
2022,23 Ciudades y áreas metropolitanas,Informal,Informal,Ene - Mar,5020.379931333333
2022,23 Ciudades y áreas metropolitanas,Informal,Informal,Feb - Abr,5191.488419666667
2022,23 Ciudades y áreas metropolitanas,Informal,Informal,Mar - May,5198.123762666666
2022,23 Ciudades y áreas metropolitanas,Informal,Informal,Abr - Jun,5187.224359666667
2022,23 Ciudades y áreas metropolitanas,Informal,Informal,May - Jul,5162.304057666667
2022,23 Ciudades y áreas metropolitanas,Informal,Informal,Jun - Ago,5128.6759600000005
2022,23 Ciudades y áreas metropolitanas,Informal,Informal,Jul - Sep,5212.021485
2022,23 Ciudades y áreas metropolitanas,Informal,Informal,Ago - Oct,5268.366154333333
2022,23 Ciudades y áreas metropolitanas,Informal,Informal,Sep - Nov,5305.752374666667
2022,23 Ciudades y áreas metropolitanas,Informal,Informal,Oct - Dic,5203.450414666667
2022,23 Ciudades y áreas metropolitanas,Informal,Informal,Nov - Ene,5051.104171333333
2022,23 Ciudades y áreas metropolitanas,Informal,Informal,Dic - Feb,5048.723357333333
2023,23 Ciudades y áreas metropolitanas,Informal,Informal,Ene - Mar,5099.24543
2023,23 Ciudades y áreas metropolitanas,Informal,Informal,Feb - Abr,5133.266750666667
2023,23 Ciudades y áreas metropolitanas,Informal,Informal,Mar - May,5098.795131666667
2023,23 Ciudades y áreas metropolitanas,Informal,Informal,Abr - Jun,5061.021920333334
2023,23 Ciudades y áreas metropolitanas,Informal,Informal,May - Jul,5151.999853
2023,23 Ciudades y áreas metropolitanas,Informal,Informal,Jun - Ago,5191.755831666666
2023,23 Ciudades y áreas metropolitanas,Informal,Informal,Jul - Sep,5196.674836333334
2023,23 Ciudades y áreas metropolitanas,Informal,Informal,Ago - Oct,5200.856905666667
2023,23 Ciudades y áreas metropolitanas,Informal,Informal,Sep - Nov,5251.111776333334
2023,23 Ciudades y áreas metropolitanas,Informal,Informal,Oct - Dic,5237.675821666667
2023,23 Ciudades y áreas metropolitanas,Informal,Informal,Nov - Ene,5116.930839333333
2023,23 Ciudades y áreas metropolitanas,Informal,Informal,Dic - Feb,5078.883810666666
2024,23 Ciudades y áreas metropolitanas,Informal,Informal,Ene - Mar,5066.785747333334
2024,23 Ciudades y áreas metropolitanas,Informal,Informal,Feb - Abr,5143.051927666666
2024,23 Ciudades y áreas metropolitanas,Informal,Informal,Mar - May,5163.676035
2024,23 Ciudades y áreas metropolitanas,Informal,Informal,Abr - Jun,5191.701706
2024,23 Ciudades y áreas metropolitanas,Informal,Informal,May - Jul,5246.426551
2024,23 Ciudades y áreas metropolitanas,Informal,Informal,Jun - Ago,5270.855548333333
2024,23 Ciudades y áreas metropolitanas,Informal,Informal,Jul - Sep,5301.134307333333
2024,23 Ciudades y áreas metropolitanas,Informal,Informal,Ago - Oct,5355.521527666667
2024,23 Ciudades y áreas metropolitanas,Informal,Informal,Sep - Nov,5383.7541943333335
2024,23 Ciudades y áreas metropolitanas,Informal,Informal,Oct - Dic,5407.673078
2024,23 Ciudades y áreas metropolitanas,Informal,Informal,Nov - Ene,5335.778995
2024,23 Ciudades y áreas metropolitanas,Informal,Informal,Dic - Feb,5367.08705
2025,23 Ciudades y áreas metropolitanas,Informal,Informal,Ene - Mar,5455.659753
2025,23 Ciudades y áreas metropolitanas,Informal,Informal,Feb - Abr,5437.392747
2025,23 Ciudades y áreas metropolitanas,Informal,Informal,Mar - May,5419.578046
2025,23 Ciudades y áreas metropolitanas,Informal,Informal,Abr - Jun,5346.202501
2025,23 Ciudades y áreas metropolitanas,Informal,Informal,May - Jul,5424.16814
2025,23 Ciudades y áreas metropolitanas,Informal,Informal,Jun - Ago,5452.223628
2025,23 Ciudades y áreas metropolitanas,Informal,Informal,Jul - Sep,5431.441773
2025,23 Ciudades y áreas metropolitanas,Informal,Informal,Ago - Oct,5554.460735
2025,23 Ciudades y áreas metropolitanas,Informal,Informal,Sep - Nov,5566.880271
2025,23 Ciudades y áreas metropolitanas,Informal,Informal,Oct - Dic,5587.467798
2025,23 Ciudades y áreas metropolitanas,Informal,Informal,Nov - Ene,5330.68774
2025,23 Ciudades y áreas metropolitanas,Informal,Informal,Dic - Feb,5270.939468
2026,23 Ciudades y áreas metropolitanas,Informal,Informal,Ene - Mar,5240.332113
2026,23 Ciudades y áreas metropolitanas,Informal,Informal,Feb - Abr,5329.462953
2021,23 Ciudades y áreas metropolitanas,Informal,Microempresa,Ene - Mar,4237.425235666667
2021,23 Ciudades y áreas metropolitanas,Informal,Microempresa,Feb - Abr,4359.824072333333
2021,23 Ciudades y áreas metropolitanas,Informal,Microempresa,Mar - May,4330.550715
2021,23 Ciudades y áreas metropolitanas,Informal,Microempresa,Abr - Jun,4331.388406666666
2021,23 Ciudades y áreas metropolitanas,Informal,Microempresa,May - Jul,4357.855204666666
2021,23 Ciudades y áreas metropolitanas,Informal,Microempresa,Jun - Ago,4480.435781666667
2021,23 Ciudades y áreas metropolitanas,Informal,Microempresa,Jul - Sep,4466.781594
2021,23 Ciudades y áreas metropolitanas,Informal,Microempresa,Ago - Oct,4478.156518000001
2021,23 Ciudades y áreas metropolitanas,Informal,Microempresa,Sep - Nov,4432.5155110000005
2021,23 Ciudades y áreas metropolitanas,Informal,Microempresa,Oct - Dic,4451.654683
2021,23 Ciudades y áreas metropolitanas,Informal,Microempresa,Nov - Ene,4400.083465666667
2021,23 Ciudades y áreas metropolitanas,Informal,Microempresa,Dic - Feb,4435.240379666667
2022,23 Ciudades y áreas metropolitanas,Informal,Microempresa,Ene - Mar,4505.497905666666
2022,23 Ciudades y áreas metropolitanas,Informal,Microempresa,Feb - Abr,4650.925407
2022,23 Ciudades y áreas metropolitanas,Informal,Microempresa,Mar - May,4637.526241333333
2022,23 Ciudades y áreas metropolitanas,Informal,Microempresa,Abr - Jun,4665.38336
2022,23 Ciudades y áreas metropolitanas,Informal,Microempresa,May - Jul,4675.995133333334
2022,23 Ciudades y áreas metropolitanas,Informal,Microempresa,Jun - Ago,4660.611275333334
2022,23 Ciudades y áreas metropolitanas,Informal,Microempresa,Jul - Sep,4742.322994666666
2022,23 Ciudades y áreas metropolitanas,Informal,Microempresa,Ago - Oct,4816.475443333334
2022,23 Ciudades y áreas metropolitanas,Informal,Microempresa,Sep - Nov,4836.665004666666
2022,23 Ciudades y áreas metropolitanas,Informal,Microempresa,Oct - Dic,4731.271234999999
2022,23 Ciudades y áreas metropolitanas,Informal,Microempresa,Nov - Ene,4551.290847333334
2022,23 Ciudades y áreas metropolitanas,Informal,Microempresa,Dic - Feb,4604.553543
2023,23 Ciudades y áreas metropolitanas,Informal,Microempresa,Ene - Mar,4685.769229666667
2023,23 Ciudades y áreas metropolitanas,Informal,Microempresa,Feb - Abr,4759.738129
2023,23 Ciudades y áreas metropolitanas,Informal,Microempresa,Mar - May,4721.332092
2023,23 Ciudades y áreas metropolitanas,Informal,Microempresa,Abr - Jun,4681.902414
2023,23 Ciudades y áreas metropolitanas,Informal,Microempresa,May - Jul,4771.7362373333335
2023,23 Ciudades y áreas metropolitanas,Informal,Microempresa,Jun - Ago,4803.284697
2023,23 Ciudades y áreas metropolitanas,Informal,Microempresa,Jul - Sep,4809.038043333334
2023,23 Ciudades y áreas metropolitanas,Informal,Microempresa,Ago - Oct,4797.594641333333
2023,23 Ciudades y áreas metropolitanas,Informal,Microempresa,Sep - Nov,4860.491562
2023,23 Ciudades y áreas metropolitanas,Informal,Microempresa,Oct - Dic,4857.2052103333335
2023,23 Ciudades y áreas metropolitanas,Informal,Microempresa,Nov - Ene,4755.321635666667
2023,23 Ciudades y áreas metropolitanas,Informal,Microempresa,Dic - Feb,4708.6993993333335
2024,23 Ciudades y áreas metropolitanas,Informal,Microempresa,Ene - Mar,4686.403203666667
2024,23 Ciudades y áreas metropolitanas,Informal,Microempresa,Feb - Abr,4736.4553750000005
2024,23 Ciudades y áreas metropolitanas,Informal,Microempresa,Mar - May,4780.9895793333335
2024,23 Ciudades y áreas metropolitanas,Informal,Microempresa,Abr - Jun,4788.234889666666
2024,23 Ciudades y áreas metropolitanas,Informal,Microempresa,May - Jul,4856.3487786666665
2024,23 Ciudades y áreas metropolitanas,Informal,Microempresa,Jun - Ago,4870.959511666667
2024,23 Ciudades y áreas metropolitanas,Informal,Microempresa,Jul - Sep,4942.845572666666
2024,23 Ciudades y áreas metropolitanas,Informal,Microempresa,Ago - Oct,5006.437076333333
2024,23 Ciudades y áreas metropolitanas,Informal,Microempresa,Sep - Nov,5029.378760333333
2024,23 Ciudades y áreas metropolitanas,Informal,Microempresa,Oct - Dic,5036.807081
2024,23 Ciudades y áreas metropolitanas,Informal,Microempresa,Nov - Ene,4945.079711
2024,23 Ciudades y áreas metropolitanas,Informal,Microempresa,Dic - Feb,4981.003052
2025,23 Ciudades y áreas metropolitanas,Informal,Microempresa,Ene - Mar,5086.448382
2025,23 Ciudades y áreas metropolitanas,Informal,Microempresa,Feb - Abr,5094.972613
2025,23 Ciudades y áreas metropolitanas,Informal,Microempresa,Mar - May,5094.798795
2025,23 Ciudades y áreas metropolitanas,Informal,Microempresa,Abr - Jun,5001.108244
2025,23 Ciudades y áreas metropolitanas,Informal,Microempresa,May - Jul,5075.366452
2025,23 Ciudades y áreas metropolitanas,Informal,Microempresa,Jun - Ago,5075.293604
2025,23 Ciudades y áreas metropolitanas,Informal,Microempresa,Jul - Sep,5065.614611
2025,23 Ciudades y áreas metropolitanas,Informal,Microempresa,Ago - Oct,5188.440468
2025,23 Ciudades y áreas metropolitanas,Informal,Microempresa,Sep - Nov,5189.493432
2025,23 Ciudades y áreas metropolitanas,Informal,Microempresa,Oct - Dic,5209.186929
2025,23 Ciudades y áreas metropolitanas,Informal,Microempresa,Nov - Ene,4953.700199
2025,23 Ciudades y áreas metropolitanas,Informal,Microempresa,Dic - Feb,4921.082747
2026,23 Ciudades y áreas metropolitanas,Informal,Microempresa,Ene - Mar,4902.683195
2026,23 Ciudades y áreas metropolitanas,Informal,Microempresa,Feb - Abr,4989.106186
2021,23 Ciudades y áreas metropolitanas,Informal,Empresa pequeña,Ene - Mar,332.9076386666666
2021,23 Ciudades y áreas metropolitanas,Informal,Empresa pequeña,Feb - Abr,326.9598213333333
2021,23 Ciudades y áreas metropolitanas,Informal,Empresa pequeña,Mar - May,290.3830433333333
2021,23 Ciudades y áreas metropolitanas,Informal,Empresa pequeña,Abr - Jun,268.27382866666665
2021,23 Ciudades y áreas metropolitanas,Informal,Empresa pequeña,May - Jul,229.99699366666664
2021,23 Ciudades y áreas metropolitanas,Informal,Empresa pequeña,Jun - Ago,222.99271833333333
2021,23 Ciudades y áreas metropolitanas,Informal,Empresa pequeña,Jul - Sep,232.21227866666666
2021,23 Ciudades y áreas metropolitanas,Informal,Empresa pequeña,Ago - Oct,256.78102266666673
2021,23 Ciudades y áreas metropolitanas,Informal,Empresa pequeña,Sep - Nov,265.06151666666665
2021,23 Ciudades y áreas metropolitanas,Informal,Empresa pequeña,Oct - Dic,270.0873143333333
2021,23 Ciudades y áreas metropolitanas,Informal,Empresa pequeña,Nov - Ene,274.9795036666667
2021,23 Ciudades y áreas metropolitanas,Informal,Empresa pequeña,Dic - Feb,276.74502266666667
2022,23 Ciudades y áreas metropolitanas,Informal,Empresa pequeña,Ene - Mar,296.9564639999999
2022,23 Ciudades y áreas metropolitanas,Informal,Empresa pequeña,Feb - Abr,308.794494
2022,23 Ciudades y áreas metropolitanas,Informal,Empresa pequeña,Mar - May,325.68169966666665
2022,23 Ciudades y áreas metropolitanas,Informal,Empresa pequeña,Abr - Jun,305.56773233333337
2022,23 Ciudades y áreas metropolitanas,Informal,Empresa pequeña,May - Jul,295.62836866666663
2022,23 Ciudades y áreas metropolitanas,Informal,Empresa pequeña,Jun - Ago,286.814125
2022,23 Ciudades y áreas metropolitanas,Informal,Empresa pequeña,Jul - Sep,293.90043633333335
2022,23 Ciudades y áreas metropolitanas,Informal,Empresa pequeña,Ago - Oct,282.2429193333333
2022,23 Ciudades y áreas metropolitanas,Informal,Empresa pequeña,Sep - Nov,293.84816333333333
2022,23 Ciudades y áreas metropolitanas,Informal,Empresa pequeña,Oct - Dic,286.59682433333336
2022,23 Ciudades y áreas metropolitanas,Informal,Empresa pequeña,Nov - Ene,300.99362533333334
2022,23 Ciudades y áreas metropolitanas,Informal,Empresa pequeña,Dic - Feb,267.4003596666667
2023,23 Ciudades y áreas metropolitanas,Informal,Empresa pequeña,Ene - Mar,251.77813233333336
2023,23 Ciudades y áreas metropolitanas,Informal,Empresa pequeña,Feb - Abr,218.98917233333336
2023,23 Ciudades y áreas metropolitanas,Informal,Empresa pequeña,Mar - May,222.62263699999997
2023,23 Ciudades y áreas metropolitanas,Informal,Empresa pequeña,Abr - Jun,236.015161
2023,23 Ciudades y áreas metropolitanas,Informal,Empresa pequeña,May - Jul,260.7520456666667
2023,23 Ciudades y áreas metropolitanas,Informal,Empresa pequeña,Jun - Ago,269.561521
2023,23 Ciudades y áreas metropolitanas,Informal,Empresa pequeña,Jul - Sep,255.25929066666666
2023,23 Ciudades y áreas metropolitanas,Informal,Empresa pequeña,Ago - Oct,266.99539599999997
2023,23 Ciudades y áreas metropolitanas,Informal,Empresa pequeña,Sep - Nov,267.7961083333333
2023,23 Ciudades y áreas metropolitanas,Informal,Empresa pequeña,Oct - Dic,263.98071600000003
2023,23 Ciudades y áreas metropolitanas,Informal,Empresa pequeña,Nov - Ene,237.38762866666664
2023,23 Ciudades y áreas metropolitanas,Informal,Empresa pequeña,Dic - Feb,237.633919
2024,23 Ciudades y áreas metropolitanas,Informal,Empresa pequeña,Ene - Mar,242.74124099999997
2024,23 Ciudades y áreas metropolitanas,Informal,Empresa pequeña,Feb - Abr,272.542971
2024,23 Ciudades y áreas metropolitanas,Informal,Empresa pequeña,Mar - May,260.7489666666667
2024,23 Ciudades y áreas metropolitanas,Informal,Empresa pequeña,Abr - Jun,276.96794200000005
2024,23 Ciudades y áreas metropolitanas,Informal,Empresa pequeña,May - Jul,267.5736716666667
2024,23 Ciudades y áreas metropolitanas,Informal,Empresa pequeña,Jun - Ago,271.98279766666667
2024,23 Ciudades y áreas metropolitanas,Informal,Empresa pequeña,Jul - Sep,247.317442
2024,23 Ciudades y áreas metropolitanas,Informal,Empresa pequeña,Ago - Oct,235.68557933333332
2024,23 Ciudades y áreas metropolitanas,Informal,Empresa pequeña,Sep - Nov,243.35178233333332
2024,23 Ciudades y áreas metropolitanas,Informal,Empresa pequeña,Oct - Dic,253.42742266666667
2024,23 Ciudades y áreas metropolitanas,Informal,Empresa pequeña,Nov - Ene,265.203742
2024,23 Ciudades y áreas metropolitanas,Informal,Empresa pequeña,Dic - Feb,247.410945
2025,23 Ciudades y áreas metropolitanas,Informal,Empresa pequeña,Ene - Mar,231.792837
2025,23 Ciudades y áreas metropolitanas,Informal,Empresa pequeña,Feb - Abr,222.94952
2025,23 Ciudades y áreas metropolitanas,Informal,Empresa pequeña,Mar - May,224.484352
2025,23 Ciudades y áreas metropolitanas,Informal,Empresa pequeña,Abr - Jun,255.406313
2025,23 Ciudades y áreas metropolitanas,Informal,Empresa pequeña,May - Jul,251.806398
2025,23 Ciudades y áreas metropolitanas,Informal,Empresa pequeña,Jun - Ago,268.927533
2025,23 Ciudades y áreas metropolitanas,Informal,Empresa pequeña,Jul - Sep,247.624466
2025,23 Ciudades y áreas metropolitanas,Informal,Empresa pequeña,Ago - Oct,254.06861
2025,23 Ciudades y áreas metropolitanas,Informal,Empresa pequeña,Sep - Nov,259.893335
2025,23 Ciudades y áreas metropolitanas,Informal,Empresa pequeña,Oct - Dic,265.862689
2025,23 Ciudades y áreas metropolitanas,Informal,Empresa pequeña,Nov - Ene,255.247153
2025,23 Ciudades y áreas metropolitanas,Informal,Empresa pequeña,Dic - Feb,234.599072
2026,23 Ciudades y áreas metropolitanas,Informal,Empresa pequeña,Ene - Mar,225.154136
2026,23 Ciudades y áreas metropolitanas,Informal,Empresa pequeña,Feb - Abr,232.891818
2021,23 Ciudades y áreas metropolitanas,Informal,Empresa mediana,Ene - Mar,113.16685533333333
2021,23 Ciudades y áreas metropolitanas,Informal,Empresa mediana,Feb - Abr,104.84416900000001
2021,23 Ciudades y áreas metropolitanas,Informal,Empresa mediana,Mar - May,104.50881033333333
2021,23 Ciudades y áreas metropolitanas,Informal,Empresa mediana,Abr - Jun,121.119371
2021,23 Ciudades y áreas metropolitanas,Informal,Empresa mediana,May - Jul,114.19582066666668
2021,23 Ciudades y áreas metropolitanas,Informal,Empresa mediana,Jun - Ago,100.64992233333334
2021,23 Ciudades y áreas metropolitanas,Informal,Empresa mediana,Jul - Sep,95.531537
2021,23 Ciudades y áreas metropolitanas,Informal,Empresa mediana,Ago - Oct,112.05834966666664
2021,23 Ciudades y áreas metropolitanas,Informal,Empresa mediana,Sep - Nov,117.09757866666666
2021,23 Ciudades y áreas metropolitanas,Informal,Empresa mediana,Oct - Dic,105.74437433333333
2021,23 Ciudades y áreas metropolitanas,Informal,Empresa mediana,Nov - Ene,91.45164399999999
2021,23 Ciudades y áreas metropolitanas,Informal,Empresa mediana,Dic - Feb,89.25328133333333
2022,23 Ciudades y áreas metropolitanas,Informal,Empresa mediana,Ene - Mar,90.24743566666666
2022,23 Ciudades y áreas metropolitanas,Informal,Empresa mediana,Feb - Abr,87.64186933333333
2022,23 Ciudades y áreas metropolitanas,Informal,Empresa mediana,Mar - May,79.75193866666666
2022,23 Ciudades y áreas metropolitanas,Informal,Empresa mediana,Abr - Jun,75.72619999999999
2022,23 Ciudades y áreas metropolitanas,Informal,Empresa mediana,May - Jul,65.61912066666666
2022,23 Ciudades y áreas metropolitanas,Informal,Empresa mediana,Jun - Ago,65.84265799999999
2022,23 Ciudades y áreas metropolitanas,Informal,Empresa mediana,Jul - Sep,63.97455299999999
2022,23 Ciudades y áreas metropolitanas,Informal,Empresa mediana,Ago - Oct,67.14318133333335
2022,23 Ciudades y áreas metropolitanas,Informal,Empresa mediana,Sep - Nov,72.68909599999999
2022,23 Ciudades y áreas metropolitanas,Informal,Empresa mediana,Oct - Dic,70.46800166666667
2022,23 Ciudades y áreas metropolitanas,Informal,Empresa mediana,Nov - Ene,73.883416
2022,23 Ciudades y áreas metropolitanas,Informal,Empresa mediana,Dic - Feb,62.51026633333334
2023,23 Ciudades y áreas metropolitanas,Informal,Empresa mediana,Ene - Mar,68.85967066666667
2023,23 Ciudades y áreas metropolitanas,Informal,Empresa mediana,Feb - Abr,62.27094233333333
2023,23 Ciudades y áreas metropolitanas,Informal,Empresa mediana,Mar - May,63.29092033333333
2023,23 Ciudades y áreas metropolitanas,Informal,Empresa mediana,Abr - Jun,50.30750066666667
2023,23 Ciudades y áreas metropolitanas,Informal,Empresa mediana,May - Jul,48.027662666666664
2023,23 Ciudades y áreas metropolitanas,Informal,Empresa mediana,Jun - Ago,50.49107899999999
2023,23 Ciudades y áreas metropolitanas,Informal,Empresa mediana,Jul - Sep,55.45762366666667
2023,23 Ciudades y áreas metropolitanas,Informal,Empresa mediana,Ago - Oct,52.58989533333334
2023,23 Ciudades y áreas metropolitanas,Informal,Empresa mediana,Sep - Nov,45.470645999999995
2023,23 Ciudades y áreas metropolitanas,Informal,Empresa mediana,Oct - Dic,50.34242233333333
2023,23 Ciudades y áreas metropolitanas,Informal,Empresa mediana,Nov - Ene,59.10143933333333
2023,23 Ciudades y áreas metropolitanas,Informal,Empresa mediana,Dic - Feb,60.958147999999994
2024,23 Ciudades y áreas metropolitanas,Informal,Empresa mediana,Ene - Mar,59.53511133333333
2024,23 Ciudades y áreas metropolitanas,Informal,Empresa mediana,Feb - Abr,52.506922333333335
2024,23 Ciudades y áreas metropolitanas,Informal,Empresa mediana,Mar - May,49.466911
2024,23 Ciudades y áreas metropolitanas,Informal,Empresa mediana,Abr - Jun,52.27790033333334
2024,23 Ciudades y áreas metropolitanas,Informal,Empresa mediana,May - Jul,50.948623
2024,23 Ciudades y áreas metropolitanas,Informal,Empresa mediana,Jun - Ago,56.41016433333334
2024,23 Ciudades y áreas metropolitanas,Informal,Empresa mediana,Jul - Sep,48.952487999999995
2024,23 Ciudades y áreas metropolitanas,Informal,Empresa mediana,Ago - Oct,51.477583
2024,23 Ciudades y áreas metropolitanas,Informal,Empresa mediana,Sep - Nov,45.336406333333336
2024,23 Ciudades y áreas metropolitanas,Informal,Empresa mediana,Oct - Dic,39.17726266666667
2024,23 Ciudades y áreas metropolitanas,Informal,Empresa mediana,Nov - Ene,46.167072
2024,23 Ciudades y áreas metropolitanas,Informal,Empresa mediana,Dic - Feb,53.787528
2025,23 Ciudades y áreas metropolitanas,Informal,Empresa mediana,Ene - Mar,60.226792
2025,23 Ciudades y áreas metropolitanas,Informal,Empresa mediana,Feb - Abr,53.581508
2025,23 Ciudades y áreas metropolitanas,Informal,Empresa mediana,Mar - May,44.960199
2025,23 Ciudades y áreas metropolitanas,Informal,Empresa mediana,Abr - Jun,38.344357
2025,23 Ciudades y áreas metropolitanas,Informal,Empresa mediana,May - Jul,35.181048
2025,23 Ciudades y áreas metropolitanas,Informal,Empresa mediana,Jun - Ago,33.720459
2025,23 Ciudades y áreas metropolitanas,Informal,Empresa mediana,Jul - Sep,37.953089
2025,23 Ciudades y áreas metropolitanas,Informal,Empresa mediana,Ago - Oct,44.497985
2025,23 Ciudades y áreas metropolitanas,Informal,Empresa mediana,Sep - Nov,56.531114
2025,23 Ciudades y áreas metropolitanas,Informal,Empresa mediana,Oct - Dic,57.908011
2025,23 Ciudades y áreas metropolitanas,Informal,Empresa mediana,Nov - Ene,53.076848
2025,23 Ciudades y áreas metropolitanas,Informal,Empresa mediana,Dic - Feb,46.570714
2026,23 Ciudades y áreas metropolitanas,Informal,Empresa mediana,Ene - Mar,48.435448
2026,23 Ciudades y áreas metropolitanas,Informal,Empresa mediana,Feb - Abr,48.460928
2021,23 Ciudades y áreas metropolitanas,Informal,Empresa grande,Ene - Mar,141.99877466666666
2021,23 Ciudades y áreas metropolitanas,Informal,Empresa grande,Feb - Abr,124.73757333333333
2021,23 Ciudades y áreas metropolitanas,Informal,Empresa grande,Mar - May,117.47410333333333
2021,23 Ciudades y áreas metropolitanas,Informal,Empresa grande,Abr - Jun,101.27829500000001
2021,23 Ciudades y áreas metropolitanas,Informal,Empresa grande,May - Jul,99.88339833333333
2021,23 Ciudades y áreas metropolitanas,Informal,Empresa grande,Jun - Ago,97.71291766666667
2021,23 Ciudades y áreas metropolitanas,Informal,Empresa grande,Jul - Sep,103.91281199999999
2021,23 Ciudades y áreas metropolitanas,Informal,Empresa grande,Ago - Oct,115.77110433333333
2021,23 Ciudades y áreas metropolitanas,Informal,Empresa grande,Sep - Nov,124.56693366666667
2021,23 Ciudades y áreas metropolitanas,Informal,Empresa grande,Oct - Dic,130.92424233333335
2021,23 Ciudades y áreas metropolitanas,Informal,Empresa grande,Nov - Ene,117.01506533333334
2021,23 Ciudades y áreas metropolitanas,Informal,Empresa grande,Dic - Feb,118.744942
2022,23 Ciudades y áreas metropolitanas,Informal,Empresa grande,Ene - Mar,127.67812566666665
2022,23 Ciudades y áreas metropolitanas,Informal,Empresa grande,Feb - Abr,144.12664900000001
2022,23 Ciudades y áreas metropolitanas,Informal,Empresa grande,Mar - May,155.1638826666667
2022,23 Ciudades y áreas metropolitanas,Informal,Empresa grande,Abr - Jun,140.54706733333333
2022,23 Ciudades y áreas metropolitanas,Informal,Empresa grande,May - Jul,125.061435
2022,23 Ciudades y áreas metropolitanas,Informal,Empresa grande,Jun - Ago,115.407901
2022,23 Ciudades y áreas metropolitanas,Informal,Empresa grande,Jul - Sep,111.82350033333334
2022,23 Ciudades y áreas metropolitanas,Informal,Empresa grande,Ago - Oct,102.50460933333333
2022,23 Ciudades y áreas metropolitanas,Informal,Empresa grande,Sep - Nov,102.55011066666668
2022,23 Ciudades y áreas metropolitanas,Informal,Empresa grande,Oct - Dic,115.11435366666667
2022,23 Ciudades y áreas metropolitanas,Informal,Empresa grande,Nov - Ene,124.936283
2022,23 Ciudades y áreas metropolitanas,Informal,Empresa grande,Dic - Feb,114.25918766666666
2023,23 Ciudades y áreas metropolitanas,Informal,Empresa grande,Ene - Mar,92.83839666666667
2023,23 Ciudades y áreas metropolitanas,Informal,Empresa grande,Feb - Abr,92.26850633333333
2023,23 Ciudades y áreas metropolitanas,Informal,Empresa grande,Mar - May,91.54948266666666
2023,23 Ciudades y áreas metropolitanas,Informal,Empresa grande,Abr - Jun,92.79684533333334
2023,23 Ciudades y áreas metropolitanas,Informal,Empresa grande,May - Jul,71.48390833333333
2023,23 Ciudades y áreas metropolitanas,Informal,Empresa grande,Jun - Ago,68.41853533333334
2023,23 Ciudades y áreas metropolitanas,Informal,Empresa grande,Jul - Sep,76.919879
2023,23 Ciudades y áreas metropolitanas,Informal,Empresa grande,Ago - Oct,83.676973
2023,23 Ciudades y áreas metropolitanas,Informal,Empresa grande,Sep - Nov,77.35346066666666
2023,23 Ciudades y áreas metropolitanas,Informal,Empresa grande,Oct - Dic,66.14747366666667
2023,23 Ciudades y áreas metropolitanas,Informal,Empresa grande,Nov - Ene,65.120136
2023,23 Ciudades y áreas metropolitanas,Informal,Empresa grande,Dic - Feb,71.59234400000001
2024,23 Ciudades y áreas metropolitanas,Informal,Empresa grande,Ene - Mar,78.10619100000001
2024,23 Ciudades y áreas metropolitanas,Informal,Empresa grande,Feb - Abr,81.54665966666666
2024,23 Ciudades y áreas metropolitanas,Informal,Empresa grande,Mar - May,72.47057833333332
2024,23 Ciudades y áreas metropolitanas,Informal,Empresa grande,Abr - Jun,74.22097466666666
2024,23 Ciudades y áreas metropolitanas,Informal,Empresa grande,May - Jul,71.55547766666666
2024,23 Ciudades y áreas metropolitanas,Informal,Empresa grande,Jun - Ago,71.50307500000001
2024,23 Ciudades y áreas metropolitanas,Informal,Empresa grande,Jul - Sep,62.01880500000001
2024,23 Ciudades y áreas metropolitanas,Informal,Empresa grande,Ago - Oct,61.921289333333334
2024,23 Ciudades y áreas metropolitanas,Informal,Empresa grande,Sep - Nov,65.68724566666667
2024,23 Ciudades y áreas metropolitanas,Informal,Empresa grande,Oct - Dic,78.26131133333332
2024,23 Ciudades y áreas metropolitanas,Informal,Empresa grande,Nov - Ene,79.32847
2024,23 Ciudades y áreas metropolitanas,Informal,Empresa grande,Dic - Feb,84.885525
2025,23 Ciudades y áreas metropolitanas,Informal,Empresa grande,Ene - Mar,77.191742
2025,23 Ciudades y áreas metropolitanas,Informal,Empresa grande,Feb - Abr,65.889106
2025,23 Ciudades y áreas metropolitanas,Informal,Empresa grande,Mar - May,55.3347
2025,23 Ciudades y áreas metropolitanas,Informal,Empresa grande,Abr - Jun,51.343588
2025,23 Ciudades y áreas metropolitanas,Informal,Empresa grande,May - Jul,61.814242
2025,23 Ciudades y áreas metropolitanas,Informal,Empresa grande,Jun - Ago,74.282032
2025,23 Ciudades y áreas metropolitanas,Informal,Empresa grande,Jul - Sep,80.249607
2025,23 Ciudades y áreas metropolitanas,Informal,Empresa grande,Ago - Oct,67.453672
2025,23 Ciudades y áreas metropolitanas,Informal,Empresa grande,Sep - Nov,60.96239
2025,23 Ciudades y áreas metropolitanas,Informal,Empresa grande,Oct - Dic,54.510169
2025,23 Ciudades y áreas metropolitanas,Informal,Empresa grande,Nov - Ene,68.66354
2025,23 Ciudades y áreas metropolitanas,Informal,Empresa grande,Dic - Feb,68.686936
2026,23 Ciudades y áreas metropolitanas,Informal,Empresa grande,Ene - Mar,64.059335
2026,23 Ciudades y áreas metropolitanas,Informal,Empresa grande,Feb - Abr,59.004022
