Fecha,Perspectiva,Sexo,Concepto,Periodo,Valor
2007,TOTAL NACIONAL,Total,Fuera de la fuerza de trabajo - Total Nacional,Ene - Mar,10866.057459666665
2007,TOTAL NACIONAL,Total,Fuera de la fuerza de trabajo - Total Nacional,Feb - Abr,10660.702428999999
2007,TOTAL NACIONAL,Total,Fuera de la fuerza de trabajo - Total Nacional,Mar - May,10728.637235666667
2007,TOTAL NACIONAL,Total,Fuera de la fuerza de trabajo - Total Nacional,Abr - Jun,10677.471076666667
2007,TOTAL NACIONAL,Total,Fuera de la fuerza de trabajo - Total Nacional,May - Jul,10799.494707333333
2007,TOTAL NACIONAL,Total,Fuera de la fuerza de trabajo - Total Nacional,Jun - Ago,10857.115165666666
2007,TOTAL NACIONAL,Total,Fuera de la fuerza de trabajo - Total Nacional,Jul - Sep,10839.041305333334
2007,TOTAL NACIONAL,Total,Fuera de la fuerza de trabajo - Total Nacional,Ago - Oct,10571.488220333333
2007,TOTAL NACIONAL,Total,Fuera de la fuerza de trabajo - Total Nacional,Sep - Nov,10412.939303333334
2007,TOTAL NACIONAL,Total,Fuera de la fuerza de trabajo - Total Nacional,Oct - Dic,10481.966178
2007,TOTAL NACIONAL,Total,Fuera de la fuerza de trabajo - Total Nacional,Nov - Ene,10808.369592000001
2007,TOTAL NACIONAL,Total,Fuera de la fuerza de trabajo - Total Nacional,Dic - Feb,10845.692638333334
2008,TOTAL NACIONAL,Total,Fuera de la fuerza de trabajo - Total Nacional,Ene - Mar,10703.252615333333
2008,TOTAL NACIONAL,Total,Fuera de la fuerza de trabajo - Total Nacional,Feb - Abr,10509.037430333332
2008,TOTAL NACIONAL,Total,Fuera de la fuerza de trabajo - Total Nacional,Mar - May,10527.607050666667
2008,TOTAL NACIONAL,Total,Fuera de la fuerza de trabajo - Total Nacional,Abr - Jun,10769.771853
2008,TOTAL NACIONAL,Total,Fuera de la fuerza de trabajo - Total Nacional,May - Jul,10892.970498
2008,TOTAL NACIONAL,Total,Fuera de la fuerza de trabajo - Total Nacional,Jun - Ago,11020.334170666667
2008,TOTAL NACIONAL,Total,Fuera de la fuerza de trabajo - Total Nacional,Jul - Sep,10895.717531
2008,TOTAL NACIONAL,Total,Fuera de la fuerza de trabajo - Total Nacional,Ago - Oct,10966.639816666668
2008,TOTAL NACIONAL,Total,Fuera de la fuerza de trabajo - Total Nacional,Sep - Nov,11078.439189333332
2008,TOTAL NACIONAL,Total,Fuera de la fuerza de trabajo - Total Nacional,Oct - Dic,11092.659423333333
2008,TOTAL NACIONAL,Total,Fuera de la fuerza de trabajo - Total Nacional,Nov - Ene,11072.825056000001
2008,TOTAL NACIONAL,Total,Fuera de la fuerza de trabajo - Total Nacional,Dic - Feb,10819.790535333334
2009,TOTAL NACIONAL,Total,Fuera de la fuerza de trabajo - Total Nacional,Ene - Mar,10634.040580666668
2009,TOTAL NACIONAL,Total,Fuera de la fuerza de trabajo - Total Nacional,Feb - Abr,10327.419562666666
2009,TOTAL NACIONAL,Total,Fuera de la fuerza de trabajo - Total Nacional,Mar - May,10144.534506333332
2009,TOTAL NACIONAL,Total,Fuera de la fuerza de trabajo - Total Nacional,Abr - Jun,10085.388823000001
2009,TOTAL NACIONAL,Total,Fuera de la fuerza de trabajo - Total Nacional,May - Jul,10085.203832666666
2009,TOTAL NACIONAL,Total,Fuera de la fuerza de trabajo - Total Nacional,Jun - Ago,10259.396237
2009,TOTAL NACIONAL,Total,Fuera de la fuerza de trabajo - Total Nacional,Jul - Sep,10329.81839
2009,TOTAL NACIONAL,Total,Fuera de la fuerza de trabajo - Total Nacional,Ago - Oct,10172.566081600002
2009,TOTAL NACIONAL,Total,Fuera de la fuerza de trabajo - Total Nacional,Sep - Nov,9927.104166566669
2009,TOTAL NACIONAL,Total,Fuera de la fuerza de trabajo - Total Nacional,Oct - Dic,9782.7278952
2009,TOTAL NACIONAL,Total,Fuera de la fuerza de trabajo - Total Nacional,Nov - Ene,9971.638896933333
2009,TOTAL NACIONAL,Total,Fuera de la fuerza de trabajo - Total Nacional,Dic - Feb,10046.854350300002
2010,TOTAL NACIONAL,Total,Fuera de la fuerza de trabajo - Total Nacional,Ene - Mar,10183.674426666666
2010,TOTAL NACIONAL,Total,Fuera de la fuerza de trabajo - Total Nacional,Feb - Abr,10089.9615893
2010,TOTAL NACIONAL,Total,Fuera de la fuerza de trabajo - Total Nacional,Mar - May,10130.796978966668
2010,TOTAL NACIONAL,Total,Fuera de la fuerza de trabajo - Total Nacional,Abr - Jun,10028.5541613
2010,TOTAL NACIONAL,Total,Fuera de la fuerza de trabajo - Total Nacional,May - Jul,10117.656239
2010,TOTAL NACIONAL,Total,Fuera de la fuerza de trabajo - Total Nacional,Jun - Ago,10137.419454666668
2010,TOTAL NACIONAL,Total,Fuera de la fuerza de trabajo - Total Nacional,Jul - Sep,10092.505526566667
2010,TOTAL NACIONAL,Total,Fuera de la fuerza de trabajo - Total Nacional,Ago - Oct,9989.408376033332
2010,TOTAL NACIONAL,Total,Fuera de la fuerza de trabajo - Total Nacional,Sep - Nov,9873.44964
2010,TOTAL NACIONAL,Total,Fuera de la fuerza de trabajo - Total Nacional,Oct - Dic,9946.4357881
2010,TOTAL NACIONAL,Total,Fuera de la fuerza de trabajo - Total Nacional,Nov - Ene,10058.3764353
2010,TOTAL NACIONAL,Total,Fuera de la fuerza de trabajo - Total Nacional,Dic - Feb,10205.151295333331
2011,TOTAL NACIONAL,Total,Fuera de la fuerza de trabajo - Total Nacional,Ene - Mar,10254.439199666667
2011,TOTAL NACIONAL,Total,Fuera de la fuerza de trabajo - Total Nacional,Feb - Abr,10311.441486666667
2011,TOTAL NACIONAL,Total,Fuera de la fuerza de trabajo - Total Nacional,Mar - May,10234.492902666667
2011,TOTAL NACIONAL,Total,Fuera de la fuerza de trabajo - Total Nacional,Abr - Jun,10229.363786666667
2011,TOTAL NACIONAL,Total,Fuera de la fuerza de trabajo - Total Nacional,May - Jul,10195.487447000001
2011,TOTAL NACIONAL,Total,Fuera de la fuerza de trabajo - Total Nacional,Jun - Ago,10333.971532000001
2011,TOTAL NACIONAL,Total,Fuera de la fuerza de trabajo - Total Nacional,Jul - Sep,10275.396232333333
2011,TOTAL NACIONAL,Total,Fuera de la fuerza de trabajo - Total Nacional,Ago - Oct,9996.232148966667
2011,TOTAL NACIONAL,Total,Fuera de la fuerza de trabajo - Total Nacional,Sep - Nov,9735.192890133332
2011,TOTAL NACIONAL,Total,Fuera de la fuerza de trabajo - Total Nacional,Oct - Dic,9717.627020466665
2011,TOTAL NACIONAL,Total,Fuera de la fuerza de trabajo - Total Nacional,Nov - Ene,9964.772114500001
2011,TOTAL NACIONAL,Total,Fuera de la fuerza de trabajo - Total Nacional,Dic - Feb,10054.4860284
2012,TOTAL NACIONAL,Total,Fuera de la fuerza de trabajo - Total Nacional,Ene - Mar,10041.849527066666
2012,TOTAL NACIONAL,Total,Fuera de la fuerza de trabajo - Total Nacional,Feb - Abr,10013.0212074
2012,TOTAL NACIONAL,Total,Fuera de la fuerza de trabajo - Total Nacional,Mar - May,9993.332770233334
2012,TOTAL NACIONAL,Total,Fuera de la fuerza de trabajo - Total Nacional,Abr - Jun,9931.2613401
2012,TOTAL NACIONAL,Total,Fuera de la fuerza de trabajo - Total Nacional,May - Jul,10019.197263766668
2012,TOTAL NACIONAL,Total,Fuera de la fuerza de trabajo - Total Nacional,Jun - Ago,10110.0153912
2012,TOTAL NACIONAL,Total,Fuera de la fuerza de trabajo - Total Nacional,Jul - Sep,10326.539031333334
2012,TOTAL NACIONAL,Total,Fuera de la fuerza de trabajo - Total Nacional,Ago - Oct,10239.877906666667
2012,TOTAL NACIONAL,Total,Fuera de la fuerza de trabajo - Total Nacional,Sep - Nov,10292.037215666665
2012,TOTAL NACIONAL,Total,Fuera de la fuerza de trabajo - Total Nacional,Oct - Dic,10230.883599
2012,TOTAL NACIONAL,Total,Fuera de la fuerza de trabajo - Total Nacional,Nov - Ene,10386.561914333333
2012,TOTAL NACIONAL,Total,Fuera de la fuerza de trabajo - Total Nacional,Dic - Feb,10461.842614
2013,TOTAL NACIONAL,Total,Fuera de la fuerza de trabajo - Total Nacional,Ene - Mar,10647.644523
2013,TOTAL NACIONAL,Total,Fuera de la fuerza de trabajo - Total Nacional,Feb - Abr,10689.585602333333
2013,TOTAL NACIONAL,Total,Fuera de la fuerza de trabajo - Total Nacional,Mar - May,10593.388475
2013,TOTAL NACIONAL,Total,Fuera de la fuerza de trabajo - Total Nacional,Abr - Jun,10523.799137
2013,TOTAL NACIONAL,Total,Fuera de la fuerza de trabajo - Total Nacional,May - Jul,10486.434430666666
2013,TOTAL NACIONAL,Total,Fuera de la fuerza de trabajo - Total Nacional,Jun - Ago,10553.870094333333
2013,TOTAL NACIONAL,Total,Fuera de la fuerza de trabajo - Total Nacional,Jul - Sep,10567.075266333333
2013,TOTAL NACIONAL,Total,Fuera de la fuerza de trabajo - Total Nacional,Ago - Oct,10459.671897666667
2013,TOTAL NACIONAL,Total,Fuera de la fuerza de trabajo - Total Nacional,Sep - Nov,10514.287617333333
2013,TOTAL NACIONAL,Total,Fuera de la fuerza de trabajo - Total Nacional,Oct - Dic,10516.854611333334
2013,TOTAL NACIONAL,Total,Fuera de la fuerza de trabajo - Total Nacional,Nov - Ene,10777.18239
2013,TOTAL NACIONAL,Total,Fuera de la fuerza de trabajo - Total Nacional,Dic - Feb,10911.741770333334
2014,TOTAL NACIONAL,Total,Fuera de la fuerza de trabajo - Total Nacional,Ene - Mar,11060.908569666666
2014,TOTAL NACIONAL,Total,Fuera de la fuerza de trabajo - Total Nacional,Feb - Abr,11027.542178666668
2014,TOTAL NACIONAL,Total,Fuera de la fuerza de trabajo - Total Nacional,Mar - May,10976.922612333336
2014,TOTAL NACIONAL,Total,Fuera de la fuerza de trabajo - Total Nacional,Abr - Jun,10873.728618666666
2014,TOTAL NACIONAL,Total,Fuera de la fuerza de trabajo - Total Nacional,May - Jul,10960.675626333332
2014,TOTAL NACIONAL,Total,Fuera de la fuerza de trabajo - Total Nacional,Jun - Ago,10936.707738
2014,TOTAL NACIONAL,Total,Fuera de la fuerza de trabajo - Total Nacional,Jul - Sep,10962.984177666667
2014,TOTAL NACIONAL,Total,Fuera de la fuerza de trabajo - Total Nacional,Ago - Oct,10709.619228333335
2014,TOTAL NACIONAL,Total,Fuera de la fuerza de trabajo - Total Nacional,Sep - Nov,10685.724379666666
2014,TOTAL NACIONAL,Total,Fuera de la fuerza de trabajo - Total Nacional,Oct - Dic,10768.377166
2014,TOTAL NACIONAL,Total,Fuera de la fuerza de trabajo - Total Nacional,Nov - Ene,11077.752160333335
2014,TOTAL NACIONAL,Total,Fuera de la fuerza de trabajo - Total Nacional,Dic - Feb,11231.793749333336
2015,TOTAL NACIONAL,Total,Fuera de la fuerza de trabajo - Total Nacional,Ene - Mar,11257.387303333331
2015,TOTAL NACIONAL,Total,Fuera de la fuerza de trabajo - Total Nacional,Feb - Abr,11105.691156333334
2015,TOTAL NACIONAL,Total,Fuera de la fuerza de trabajo - Total Nacional,Mar - May,11030.369387666666
2015,TOTAL NACIONAL,Total,Fuera de la fuerza de trabajo - Total Nacional,Abr - Jun,10990.822553
2015,TOTAL NACIONAL,Total,Fuera de la fuerza de trabajo - Total Nacional,May - Jul,11124.276328333333
2015,TOTAL NACIONAL,Total,Fuera de la fuerza de trabajo - Total Nacional,Jun - Ago,11152.325665999999
2015,TOTAL NACIONAL,Total,Fuera de la fuerza de trabajo - Total Nacional,Jul - Sep,11158.485708333334
2015,TOTAL NACIONAL,Total,Fuera de la fuerza de trabajo - Total Nacional,Ago - Oct,10932.953637999999
2015,TOTAL NACIONAL,Total,Fuera de la fuerza de trabajo - Total Nacional,Sep - Nov,10877.28642
2015,TOTAL NACIONAL,Total,Fuera de la fuerza de trabajo - Total Nacional,Oct - Dic,10882.561148666668
2015,TOTAL NACIONAL,Total,Fuera de la fuerza de trabajo - Total Nacional,Nov - Ene,11124.730600666668
2015,TOTAL NACIONAL,Total,Fuera de la fuerza de trabajo - Total Nacional,Dic - Feb,11285.170291333334
2016,TOTAL NACIONAL,Total,Fuera de la fuerza de trabajo - Total Nacional,Ene - Mar,11456.040168
2016,TOTAL NACIONAL,Total,Fuera de la fuerza de trabajo - Total Nacional,Feb - Abr,11431.809096333332
2016,TOTAL NACIONAL,Total,Fuera de la fuerza de trabajo - Total Nacional,Mar - May,11499.351055333333
2016,TOTAL NACIONAL,Total,Fuera de la fuerza de trabajo - Total Nacional,Abr - Jun,11382.172207333335
2016,TOTAL NACIONAL,Total,Fuera de la fuerza de trabajo - Total Nacional,May - Jul,11557.211174999999
2016,TOTAL NACIONAL,Total,Fuera de la fuerza de trabajo - Total Nacional,Jun - Ago,11534.427754333336
2016,TOTAL NACIONAL,Total,Fuera de la fuerza de trabajo - Total Nacional,Jul - Sep,11656.477495
2016,TOTAL NACIONAL,Total,Fuera de la fuerza de trabajo - Total Nacional,Ago - Oct,11434.970915333333
2016,TOTAL NACIONAL,Total,Fuera de la fuerza de trabajo - Total Nacional,Sep - Nov,11392.424847666667
2016,TOTAL NACIONAL,Total,Fuera de la fuerza de trabajo - Total Nacional,Oct - Dic,11358.031212000002
2016,TOTAL NACIONAL,Total,Fuera de la fuerza de trabajo - Total Nacional,Nov - Ene,11597.731607666667
2016,TOTAL NACIONAL,Total,Fuera de la fuerza de trabajo - Total Nacional,Dic - Feb,11714.645193999999
2017,TOTAL NACIONAL,Total,Fuera de la fuerza de trabajo - Total Nacional,Ene - Mar,11852.027393666669
2017,TOTAL NACIONAL,Total,Fuera de la fuerza de trabajo - Total Nacional,Feb - Abr,11778.466989333334
2017,TOTAL NACIONAL,Total,Fuera de la fuerza de trabajo - Total Nacional,Mar - May,11791.575287
2017,TOTAL NACIONAL,Total,Fuera de la fuerza de trabajo - Total Nacional,Abr - Jun,11619.891529999999
2017,TOTAL NACIONAL,Total,Fuera de la fuerza de trabajo - Total Nacional,May - Jul,11754.597627666668
2017,TOTAL NACIONAL,Total,Fuera de la fuerza de trabajo - Total Nacional,Jun - Ago,11764.060977000001
2017,TOTAL NACIONAL,Total,Fuera de la fuerza de trabajo - Total Nacional,Jul - Sep,11942.951808
2017,TOTAL NACIONAL,Total,Fuera de la fuerza de trabajo - Total Nacional,Ago - Oct,11816.523735333334
2017,TOTAL NACIONAL,Total,Fuera de la fuerza de trabajo - Total Nacional,Sep - Nov,11837.489558333333
2017,TOTAL NACIONAL,Total,Fuera de la fuerza de trabajo - Total Nacional,Oct - Dic,11846.043851333334
2017,TOTAL NACIONAL,Total,Fuera de la fuerza de trabajo - Total Nacional,Nov - Ene,12093.855726
2017,TOTAL NACIONAL,Total,Fuera de la fuerza de trabajo - Total Nacional,Dic - Feb,12272.022821999999
2018,TOTAL NACIONAL,Total,Fuera de la fuerza de trabajo - Total Nacional,Ene - Mar,12413.818049333333
2018,TOTAL NACIONAL,Total,Fuera de la fuerza de trabajo - Total Nacional,Feb - Abr,12320.653591666667
2018,TOTAL NACIONAL,Total,Fuera de la fuerza de trabajo - Total Nacional,Mar - May,12260.105905333332
2018,TOTAL NACIONAL,Total,Fuera de la fuerza de trabajo - Total Nacional,Abr - Jun,12172.120410000001
2018,TOTAL NACIONAL,Total,Fuera de la fuerza de trabajo - Total Nacional,May - Jul,12296.557675333335
2018,TOTAL NACIONAL,Total,Fuera de la fuerza de trabajo - Total Nacional,Jun - Ago,12325.137297666666
2018,TOTAL NACIONAL,Total,Fuera de la fuerza de trabajo - Total Nacional,Jul - Sep,12375.580038666667
2018,TOTAL NACIONAL,Total,Fuera de la fuerza de trabajo - Total Nacional,Ago - Oct,12303.992424000002
2018,TOTAL NACIONAL,Total,Fuera de la fuerza de trabajo - Total Nacional,Sep - Nov,12476.629362
2018,TOTAL NACIONAL,Total,Fuera de la fuerza de trabajo - Total Nacional,Oct - Dic,12434.745517000001
2018,TOTAL NACIONAL,Total,Fuera de la fuerza de trabajo - Total Nacional,Nov - Ene,12622.980680333334
2018,TOTAL NACIONAL,Total,Fuera de la fuerza de trabajo - Total Nacional,Dic - Feb,12547.301253333333
2019,TOTAL NACIONAL,Total,Fuera de la fuerza de trabajo - Total Nacional,Ene - Mar,12755.401230000001
2019,TOTAL NACIONAL,Total,Fuera de la fuerza de trabajo - Total Nacional,Feb - Abr,12883.12409
2019,TOTAL NACIONAL,Total,Fuera de la fuerza de trabajo - Total Nacional,Mar - May,13009.998161333335
2019,TOTAL NACIONAL,Total,Fuera de la fuerza de trabajo - Total Nacional,Abr - Jun,13017.009023
2019,TOTAL NACIONAL,Total,Fuera de la fuerza de trabajo - Total Nacional,May - Jul,13021.451647666667
2019,TOTAL NACIONAL,Total,Fuera de la fuerza de trabajo - Total Nacional,Jun - Ago,13127.008947666667
2019,TOTAL NACIONAL,Total,Fuera de la fuerza de trabajo - Total Nacional,Jul - Sep,13253.745768333334
2019,TOTAL NACIONAL,Total,Fuera de la fuerza de trabajo - Total Nacional,Ago - Oct,13138.160665666664
2019,TOTAL NACIONAL,Total,Fuera de la fuerza de trabajo - Total Nacional,Sep - Nov,13044.766025333332
2019,TOTAL NACIONAL,Total,Fuera de la fuerza de trabajo - Total Nacional,Oct - Dic,13031.046167333334
2019,TOTAL NACIONAL,Total,Fuera de la fuerza de trabajo - Total Nacional,Nov - Ene,13250.808932666667
2019,TOTAL NACIONAL,Total,Fuera de la fuerza de trabajo - Total Nacional,Dic - Feb,13361.302229333334
2020,TOTAL NACIONAL,Total,Fuera de la fuerza de trabajo - Total Nacional,Ene - Mar,13912.625562000001
2020,TOTAL NACIONAL,Total,Fuera de la fuerza de trabajo - Total Nacional,Feb - Abr,15252.41783
2020,TOTAL NACIONAL,Total,Fuera de la fuerza de trabajo - Total Nacional,Mar - May,16233.134276333332
2020,TOTAL NACIONAL,Total,Fuera de la fuerza de trabajo - Total Nacional,Abr - Jun,16453.74712433333
2020,TOTAL NACIONAL,Total,Fuera de la fuerza de trabajo - Total Nacional,May - Jul,15897.600577333333
2020,TOTAL NACIONAL,Total,Fuera de la fuerza de trabajo - Total Nacional,Jun - Ago,15477.350707333333
2020,TOTAL NACIONAL,Total,Fuera de la fuerza de trabajo - Total Nacional,Jul - Sep,15230.830163333332
2020,TOTAL NACIONAL,Total,Fuera de la fuerza de trabajo - Total Nacional,Ago - Oct,14590.190763999999
2020,TOTAL NACIONAL,Total,Fuera de la fuerza de trabajo - Total Nacional,Sep - Nov,14362.42779
2020,TOTAL NACIONAL,Total,Fuera de la fuerza de trabajo - Total Nacional,Oct - Dic,14204.170443666668
2020,TOTAL NACIONAL,Total,Fuera de la fuerza de trabajo - Total Nacional,Nov - Ene,14554.525044
2020,TOTAL NACIONAL,Total,Fuera de la fuerza de trabajo - Total Nacional,Dic - Feb,14536.373653
2021,TOTAL NACIONAL,Total,Fuera de la fuerza de trabajo - Total Nacional,Ene - Mar,14662.468687
2021,TOTAL NACIONAL,Total,Fuera de la fuerza de trabajo - Total Nacional,Feb - Abr,14648.162579999998
2021,TOTAL NACIONAL,Total,Fuera de la fuerza de trabajo - Total Nacional,Mar - May,14803.776691
2021,TOTAL NACIONAL,Total,Fuera de la fuerza de trabajo - Total Nacional,Abr - Jun,14872.498900999999
2021,TOTAL NACIONAL,Total,Fuera de la fuerza de trabajo - Total Nacional,May - Jul,14886.836295666668
2021,TOTAL NACIONAL,Total,Fuera de la fuerza de trabajo - Total Nacional,Jun - Ago,14922.678921333334
2021,TOTAL NACIONAL,Total,Fuera de la fuerza de trabajo - Total Nacional,Jul - Sep,14980.077298666665
2021,TOTAL NACIONAL,Total,Fuera de la fuerza de trabajo - Total Nacional,Ago - Oct,14871.53731
2021,TOTAL NACIONAL,Total,Fuera de la fuerza de trabajo - Total Nacional,Sep - Nov,14778.227416
2021,TOTAL NACIONAL,Total,Fuera de la fuerza de trabajo - Total Nacional,Oct - Dic,14596.277727333334
2021,TOTAL NACIONAL,Total,Fuera de la fuerza de trabajo - Total Nacional,Nov - Ene,14547.215029666666
2021,TOTAL NACIONAL,Total,Fuera de la fuerza de trabajo - Total Nacional,Dic - Feb,14309.359279333332
2022,TOTAL NACIONAL,Total,Fuera de la fuerza de trabajo - Total Nacional,Ene - Mar,14190.849947666668
2022,TOTAL NACIONAL,Total,Fuera de la fuerza de trabajo - Total Nacional,Feb - Abr,14078.868236
2022,TOTAL NACIONAL,Total,Fuera de la fuerza de trabajo - Total Nacional,Mar - May,14144.905348333334
2022,TOTAL NACIONAL,Total,Fuera de la fuerza de trabajo - Total Nacional,Abr - Jun,14141.976246
2022,TOTAL NACIONAL,Total,Fuera de la fuerza de trabajo - Total Nacional,May - Jul,14165.724448666666
2022,TOTAL NACIONAL,Total,Fuera de la fuerza de trabajo - Total Nacional,Jun - Ago,14220.895023
2022,TOTAL NACIONAL,Total,Fuera de la fuerza de trabajo - Total Nacional,Jul - Sep,14175.681501
2022,TOTAL NACIONAL,Total,Fuera de la fuerza de trabajo - Total Nacional,Ago - Oct,14134.402267666665
2022,TOTAL NACIONAL,Total,Fuera de la fuerza de trabajo - Total Nacional,Sep - Nov,14163.350122333335
2022,TOTAL NACIONAL,Total,Fuera de la fuerza de trabajo - Total Nacional,Oct - Dic,14223.712816
2022,TOTAL NACIONAL,Total,Fuera de la fuerza de trabajo - Total Nacional,Nov - Ene,14314.782346
2022,TOTAL NACIONAL,Total,Fuera de la fuerza de trabajo - Total Nacional,Dic - Feb,14283.175029333333
2023,TOTAL NACIONAL,Total,Fuera de la fuerza de trabajo - Total Nacional,Ene - Mar,14230.179894
2023,TOTAL NACIONAL,Total,Fuera de la fuerza de trabajo - Total Nacional,Feb - Abr,14086.028884666666
2023,TOTAL NACIONAL,Total,Fuera de la fuerza de trabajo - Total Nacional,Mar - May,14089.000211666667
2023,TOTAL NACIONAL,Total,Fuera de la fuerza de trabajo - Total Nacional,Abr - Jun,14106.029485000001
2023,TOTAL NACIONAL,Total,Fuera de la fuerza de trabajo - Total Nacional,May - Jul,14097.612542333334
2023,TOTAL NACIONAL,Total,Fuera de la fuerza de trabajo - Total Nacional,Jun - Ago,14037.056451666665
2023,TOTAL NACIONAL,Total,Fuera de la fuerza de trabajo - Total Nacional,Jul - Sep,14072.238174666667
2023,TOTAL NACIONAL,Total,Fuera de la fuerza de trabajo - Total Nacional,Ago - Oct,14190.316823666668
2023,TOTAL NACIONAL,Total,Fuera de la fuerza de trabajo - Total Nacional,Sep - Nov,14255.472922666668
2023,TOTAL NACIONAL,Total,Fuera de la fuerza de trabajo - Total Nacional,Oct - Dic,14321.677044000002
2023,TOTAL NACIONAL,Total,Fuera de la fuerza de trabajo - Total Nacional,Nov - Ene,14440.881389333334
2023,TOTAL NACIONAL,Total,Fuera de la fuerza de trabajo - Total Nacional,Dic - Feb,14495.203975999999
2024,TOTAL NACIONAL,Total,Fuera de la fuerza de trabajo - Total Nacional,Ene - Mar,14504.272017666668
2024,TOTAL NACIONAL,Total,Fuera de la fuerza de trabajo - Total Nacional,Feb - Abr,14428.568471
2024,TOTAL NACIONAL,Total,Fuera de la fuerza de trabajo - Total Nacional,Mar - May,14405.439149666667
2024,TOTAL NACIONAL,Total,Fuera de la fuerza de trabajo - Total Nacional,Abr - Jun,14448.057769
2024,TOTAL NACIONAL,Total,Fuera de la fuerza de trabajo - Total Nacional,May - Jul,14438.222013333334
2024,TOTAL NACIONAL,Total,Fuera de la fuerza de trabajo - Total Nacional,Jun - Ago,14402.897743666666
2024,TOTAL NACIONAL,Total,Fuera de la fuerza de trabajo - Total Nacional,Jul - Sep,14448.559437999998
2024,TOTAL NACIONAL,Total,Fuera de la fuerza de trabajo - Total Nacional,Ago - Oct,14500.709209
2024,TOTAL NACIONAL,Total,Fuera de la fuerza de trabajo - Total Nacional,Sep - Nov,14620.337669
2024,TOTAL NACIONAL,Total,Fuera de la fuerza de trabajo - Total Nacional,Oct - Dic,14517.891149000001
2024,TOTAL NACIONAL,Total,Fuera de la fuerza de trabajo - Total Nacional,Nov - Ene,14506.302868666666
2024,TOTAL NACIONAL,Total,Fuera de la fuerza de trabajo - Total Nacional,Dic - Feb,14396.475417333335
2025,TOTAL NACIONAL,Total,Fuera de la fuerza de trabajo - Total Nacional,Ene - Mar,14364.476921666666
2025,TOTAL NACIONAL,Total,Fuera de la fuerza de trabajo - Total Nacional,Feb - Abr,14433.807074666669
2025,TOTAL NACIONAL,Total,Fuera de la fuerza de trabajo - Total Nacional,Mar - May,14545.028537
2025,TOTAL NACIONAL,Total,Fuera de la fuerza de trabajo - Total Nacional,Abr - Jun,14674.77514
2025,TOTAL NACIONAL,Total,Fuera de la fuerza de trabajo - Total Nacional,May - Jul,14569.806331666667
2025,TOTAL NACIONAL,Total,Fuera de la fuerza de trabajo - Total Nacional,Jun - Ago,14589.335563999999
2025,TOTAL NACIONAL,Total,Fuera de la fuerza de trabajo - Total Nacional,Jul - Sep,14607.027531666667
2025,TOTAL NACIONAL,Total,Fuera de la fuerza de trabajo - Total Nacional,Ago - Oct,14569.344146999998
2025,TOTAL NACIONAL,Total,Fuera de la fuerza de trabajo - Total Nacional,Sep - Nov,14480.317800333332
2025,TOTAL NACIONAL,Total,Fuera de la fuerza de trabajo - Total Nacional,Oct - Dic,14437.044539333334
2025,TOTAL NACIONAL,Total,Fuera de la fuerza de trabajo - Total Nacional,Nov - Ene,14646.920397666667
2025,TOTAL NACIONAL,Total,Fuera de la fuerza de trabajo - Total Nacional,Dic - Feb,14663.789569
2026,TOTAL NACIONAL,Total,Fuera de la fuerza de trabajo - Total Nacional,Ene - Mar,14583.730168
2007,TOTAL NACIONAL,Total,Estudiando,Ene - Mar,2451.2067208666667
2007,TOTAL NACIONAL,Total,Estudiando,Feb - Abr,2726.0846027666666
2007,TOTAL NACIONAL,Total,Estudiando,Mar - May,2786.0254751666666
2007,TOTAL NACIONAL,Total,Estudiando,Abr - Jun,2690.156919233333
2007,TOTAL NACIONAL,Total,Estudiando,May - Jul,2642.103259066667
2007,TOTAL NACIONAL,Total,Estudiando,Jun - Ago,2657.1872316999998
2007,TOTAL NACIONAL,Total,Estudiando,Jul - Sep,2746.0085799000003
2007,TOTAL NACIONAL,Total,Estudiando,Ago - Oct,2789.8678812
2007,TOTAL NACIONAL,Total,Estudiando,Sep - Nov,2776.3839477999995
2007,TOTAL NACIONAL,Total,Estudiando,Oct - Dic,2473.228066633333
2007,TOTAL NACIONAL,Total,Estudiando,Nov - Ene,2405.9615393333333
2007,TOTAL NACIONAL,Total,Estudiando,Dic - Feb,2382.8107002
2008,TOTAL NACIONAL,Total,Estudiando,Ene - Mar,2642.7315075
2008,TOTAL NACIONAL,Total,Estudiando,Feb - Abr,2729.1243660666664
2008,TOTAL NACIONAL,Total,Estudiando,Mar - May,2761.095366033333
2008,TOTAL NACIONAL,Total,Estudiando,Abr - Jun,2798.3022299333334
2008,TOTAL NACIONAL,Total,Estudiando,May - Jul,2801.8247472333333
2008,TOTAL NACIONAL,Total,Estudiando,Jun - Ago,2828.1497806666666
2008,TOTAL NACIONAL,Total,Estudiando,Jul - Sep,2847.1854842333337
2008,TOTAL NACIONAL,Total,Estudiando,Ago - Oct,2939.8159538333334
2008,TOTAL NACIONAL,Total,Estudiando,Sep - Nov,2990.126015733333
2008,TOTAL NACIONAL,Total,Estudiando,Oct - Dic,2791.5986196
2008,TOTAL NACIONAL,Total,Estudiando,Nov - Ene,2540.3814832333333
2008,TOTAL NACIONAL,Total,Estudiando,Dic - Feb,2415.5853894666666
2009,TOTAL NACIONAL,Total,Estudiando,Ene - Mar,2538.5068601
2009,TOTAL NACIONAL,Total,Estudiando,Feb - Abr,2649.4067424666664
2009,TOTAL NACIONAL,Total,Estudiando,Mar - May,2665.790437033333
2009,TOTAL NACIONAL,Total,Estudiando,Abr - Jun,2656.1014281999996
2009,TOTAL NACIONAL,Total,Estudiando,May - Jul,2671.322805533333
2009,TOTAL NACIONAL,Total,Estudiando,Jun - Ago,2732.6075868666667
2009,TOTAL NACIONAL,Total,Estudiando,Jul - Sep,2829.1303593333337
2009,TOTAL NACIONAL,Total,Estudiando,Ago - Oct,2780.082549166667
2009,TOTAL NACIONAL,Total,Estudiando,Sep - Nov,2701.1361259333335
2009,TOTAL NACIONAL,Total,Estudiando,Oct - Dic,2466.7524360333337
2009,TOTAL NACIONAL,Total,Estudiando,Nov - Ene,2396.8385939666664
2009,TOTAL NACIONAL,Total,Estudiando,Dic - Feb,2424.7185565333334
2010,TOTAL NACIONAL,Total,Estudiando,Ene - Mar,2643.8081528666667
2010,TOTAL NACIONAL,Total,Estudiando,Feb - Abr,2786.7250916
2010,TOTAL NACIONAL,Total,Estudiando,Mar - May,2808.2756953666667
2010,TOTAL NACIONAL,Total,Estudiando,Abr - Jun,2771.202700233333
2010,TOTAL NACIONAL,Total,Estudiando,May - Jul,2762.747169566667
2010,TOTAL NACIONAL,Total,Estudiando,Jun - Ago,2754.7680264333335
2010,TOTAL NACIONAL,Total,Estudiando,Jul - Sep,2751.9673255000002
2010,TOTAL NACIONAL,Total,Estudiando,Ago - Oct,2763.9195024
2010,TOTAL NACIONAL,Total,Estudiando,Sep - Nov,2736.067812333333
2010,TOTAL NACIONAL,Total,Estudiando,Oct - Dic,2564.3657826666667
2010,TOTAL NACIONAL,Total,Estudiando,Nov - Ene,2469.8081481666663
2010,TOTAL NACIONAL,Total,Estudiando,Dic - Feb,2474.1457110666665
2011,TOTAL NACIONAL,Total,Estudiando,Ene - Mar,2651.7941438999997
2011,TOTAL NACIONAL,Total,Estudiando,Feb - Abr,2783.1318812333334
2011,TOTAL NACIONAL,Total,Estudiando,Mar - May,2787.359731133333
2011,TOTAL NACIONAL,Total,Estudiando,Abr - Jun,2754.3335761
2011,TOTAL NACIONAL,Total,Estudiando,May - Jul,2693.6641062
2011,TOTAL NACIONAL,Total,Estudiando,Jun - Ago,2756.0555645333334
2011,TOTAL NACIONAL,Total,Estudiando,Jul - Sep,2811.821911066667
2011,TOTAL NACIONAL,Total,Estudiando,Ago - Oct,2696.366608866667
2011,TOTAL NACIONAL,Total,Estudiando,Sep - Nov,2581.906719066667
2011,TOTAL NACIONAL,Total,Estudiando,Oct - Dic,2252.252156
2011,TOTAL NACIONAL,Total,Estudiando,Nov - Ene,2239.1974189666666
2011,TOTAL NACIONAL,Total,Estudiando,Dic - Feb,2234.437934766667
2012,TOTAL NACIONAL,Total,Estudiando,Ene - Mar,2526.316116933333
2012,TOTAL NACIONAL,Total,Estudiando,Feb - Abr,2648.1090272666665
2012,TOTAL NACIONAL,Total,Estudiando,Mar - May,2644.8735300000003
2012,TOTAL NACIONAL,Total,Estudiando,Abr - Jun,2550.3802689999998
2012,TOTAL NACIONAL,Total,Estudiando,May - Jul,2543.2546151
2012,TOTAL NACIONAL,Total,Estudiando,Jun - Ago,2561.5416710333334
2012,TOTAL NACIONAL,Total,Estudiando,Jul - Sep,2672.8497412
2012,TOTAL NACIONAL,Total,Estudiando,Ago - Oct,2661.083616233333
2012,TOTAL NACIONAL,Total,Estudiando,Sep - Nov,2678.702014666667
2012,TOTAL NACIONAL,Total,Estudiando,Oct - Dic,2449.2016381666667
2012,TOTAL NACIONAL,Total,Estudiando,Nov - Ene,2334.4957523
2012,TOTAL NACIONAL,Total,Estudiando,Dic - Feb,2337.7970189666667
2013,TOTAL NACIONAL,Total,Estudiando,Ene - Mar,2544.9195167000003
2013,TOTAL NACIONAL,Total,Estudiando,Feb - Abr,2723.9659441333333
2013,TOTAL NACIONAL,Total,Estudiando,Mar - May,2744.1900994666667
2013,TOTAL NACIONAL,Total,Estudiando,Abr - Jun,2727.5682426
2013,TOTAL NACIONAL,Total,Estudiando,May - Jul,2749.4449260333336
2013,TOTAL NACIONAL,Total,Estudiando,Jun - Ago,2780.268284066667
2013,TOTAL NACIONAL,Total,Estudiando,Jul - Sep,2852.1689253000004
2013,TOTAL NACIONAL,Total,Estudiando,Ago - Oct,2854.1476365
2013,TOTAL NACIONAL,Total,Estudiando,Sep - Nov,2798.523242533333
2013,TOTAL NACIONAL,Total,Estudiando,Oct - Dic,2563.4562453000003
2013,TOTAL NACIONAL,Total,Estudiando,Nov - Ene,2417.5987192333337
2013,TOTAL NACIONAL,Total,Estudiando,Dic - Feb,2508.3167919666666
2014,TOTAL NACIONAL,Total,Estudiando,Ene - Mar,2772.5191872
2014,TOTAL NACIONAL,Total,Estudiando,Feb - Abr,2926.904071833333
2014,TOTAL NACIONAL,Total,Estudiando,Mar - May,2906.5779670333336
2014,TOTAL NACIONAL,Total,Estudiando,Abr - Jun,2829.1953954
2014,TOTAL NACIONAL,Total,Estudiando,May - Jul,2859.588891933334
2014,TOTAL NACIONAL,Total,Estudiando,Jun - Ago,2873.4590859
2014,TOTAL NACIONAL,Total,Estudiando,Jul - Sep,2940.0794525333336
2014,TOTAL NACIONAL,Total,Estudiando,Ago - Oct,2874.6252991
2014,TOTAL NACIONAL,Total,Estudiando,Sep - Nov,2836.9427703
2014,TOTAL NACIONAL,Total,Estudiando,Oct - Dic,2618.470895533333
2014,TOTAL NACIONAL,Total,Estudiando,Nov - Ene,2532.2464128333336
2014,TOTAL NACIONAL,Total,Estudiando,Dic - Feb,2561.5313696333337
2015,TOTAL NACIONAL,Total,Estudiando,Ene - Mar,2779.1444521
2015,TOTAL NACIONAL,Total,Estudiando,Feb - Abr,2904.9299703
2015,TOTAL NACIONAL,Total,Estudiando,Mar - May,2892.9003464
2015,TOTAL NACIONAL,Total,Estudiando,Abr - Jun,2854.5047574666664
2015,TOTAL NACIONAL,Total,Estudiando,May - Jul,2841.3843784666665
2015,TOTAL NACIONAL,Total,Estudiando,Jun - Ago,2904.9311095999997
2015,TOTAL NACIONAL,Total,Estudiando,Jul - Sep,2998.029597833333
2015,TOTAL NACIONAL,Total,Estudiando,Ago - Oct,2986.2395777666666
2015,TOTAL NACIONAL,Total,Estudiando,Sep - Nov,2933.980408033333
2015,TOTAL NACIONAL,Total,Estudiando,Oct - Dic,2660.5674254
2015,TOTAL NACIONAL,Total,Estudiando,Nov - Ene,2567.1930795000003
2015,TOTAL NACIONAL,Total,Estudiando,Dic - Feb,2558.8909326333337
2016,TOTAL NACIONAL,Total,Estudiando,Ene - Mar,2774.4488373000004
2016,TOTAL NACIONAL,Total,Estudiando,Feb - Abr,2978.887210266667
2016,TOTAL NACIONAL,Total,Estudiando,Mar - May,3082.1479612333333
2016,TOTAL NACIONAL,Total,Estudiando,Abr - Jun,3071.6977702000004
2016,TOTAL NACIONAL,Total,Estudiando,May - Jul,3065.7253540666666
2016,TOTAL NACIONAL,Total,Estudiando,Jun - Ago,3019.8491550333333
2016,TOTAL NACIONAL,Total,Estudiando,Jul - Sep,3120.400327
2016,TOTAL NACIONAL,Total,Estudiando,Ago - Oct,3081.2100715
2016,TOTAL NACIONAL,Total,Estudiando,Sep - Nov,3080.0699064
2016,TOTAL NACIONAL,Total,Estudiando,Oct - Dic,2844.1677251
2016,TOTAL NACIONAL,Total,Estudiando,Nov - Ene,2685.6473198
2016,TOTAL NACIONAL,Total,Estudiando,Dic - Feb,2671.466300233333
2017,TOTAL NACIONAL,Total,Estudiando,Ene - Mar,2868.7527475
2017,TOTAL NACIONAL,Total,Estudiando,Feb - Abr,3030.691016666666
2017,TOTAL NACIONAL,Total,Estudiando,Mar - May,3046.2080991999997
2017,TOTAL NACIONAL,Total,Estudiando,Abr - Jun,2978.1769829
2017,TOTAL NACIONAL,Total,Estudiando,May - Jul,2998.412778933334
2017,TOTAL NACIONAL,Total,Estudiando,Jun - Ago,3058.5489457666663
2017,TOTAL NACIONAL,Total,Estudiando,Jul - Sep,3190.3606903666664
2017,TOTAL NACIONAL,Total,Estudiando,Ago - Oct,3226.5799433333327
2017,TOTAL NACIONAL,Total,Estudiando,Sep - Nov,3184.4036973
2017,TOTAL NACIONAL,Total,Estudiando,Oct - Dic,2917.0232696333333
2017,TOTAL NACIONAL,Total,Estudiando,Nov - Ene,2731.4994868
2017,TOTAL NACIONAL,Total,Estudiando,Dic - Feb,2697.4787948333333
2018,TOTAL NACIONAL,Total,Estudiando,Ene - Mar,2917.064401466667
2018,TOTAL NACIONAL,Total,Estudiando,Feb - Abr,3125.7624768666665
2018,TOTAL NACIONAL,Total,Estudiando,Mar - May,3170.158703133333
2018,TOTAL NACIONAL,Total,Estudiando,Abr - Jun,3132.954384833333
2018,TOTAL NACIONAL,Total,Estudiando,May - Jul,3085.3360924333333
2018,TOTAL NACIONAL,Total,Estudiando,Jun - Ago,3132.1249055666667
2018,TOTAL NACIONAL,Total,Estudiando,Jul - Sep,3223.6733571333334
2018,TOTAL NACIONAL,Total,Estudiando,Ago - Oct,3239.6101035666666
2018,TOTAL NACIONAL,Total,Estudiando,Sep - Nov,3268.0351685
2018,TOTAL NACIONAL,Total,Estudiando,Oct - Dic,2957.854453533333
2018,TOTAL NACIONAL,Total,Estudiando,Nov - Ene,2819.1923726666664
2018,TOTAL NACIONAL,Total,Estudiando,Dic - Feb,2748.2170039333337
2019,TOTAL NACIONAL,Total,Estudiando,Ene - Mar,3054.4797519666668
2019,TOTAL NACIONAL,Total,Estudiando,Feb - Abr,3223.4880852666665
2019,TOTAL NACIONAL,Total,Estudiando,Mar - May,3292.3920323666666
2019,TOTAL NACIONAL,Total,Estudiando,Abr - Jun,3264.9021544
2019,TOTAL NACIONAL,Total,Estudiando,May - Jul,3262.220671833333
2019,TOTAL NACIONAL,Total,Estudiando,Jun - Ago,3280.028574266666
2019,TOTAL NACIONAL,Total,Estudiando,Jul - Sep,3375.820205833333
2019,TOTAL NACIONAL,Total,Estudiando,Ago - Oct,3415.4350189
2019,TOTAL NACIONAL,Total,Estudiando,Sep - Nov,3342.841847733333
2019,TOTAL NACIONAL,Total,Estudiando,Oct - Dic,3074.846910033333
2019,TOTAL NACIONAL,Total,Estudiando,Nov - Ene,2909.413324533333
2019,TOTAL NACIONAL,Total,Estudiando,Dic - Feb,2882.7240297333333
2020,TOTAL NACIONAL,Total,Estudiando,Ene - Mar,3075.393976433333
2020,TOTAL NACIONAL,Total,Estudiando,Feb - Abr,3253.1704862
2020,TOTAL NACIONAL,Total,Estudiando,Mar - May,3365.1120114
2020,TOTAL NACIONAL,Total,Estudiando,Abr - Jun,3350.0749311333334
2020,TOTAL NACIONAL,Total,Estudiando,May - Jul,3321.972115766667
2020,TOTAL NACIONAL,Total,Estudiando,Jun - Ago,3267.165901633333
2020,TOTAL NACIONAL,Total,Estudiando,Jul - Sep,3302.945246333333
2020,TOTAL NACIONAL,Total,Estudiando,Ago - Oct,3267.8841905333334
2020,TOTAL NACIONAL,Total,Estudiando,Sep - Nov,3223.142945833333
2020,TOTAL NACIONAL,Total,Estudiando,Oct - Dic,3049.106270166667
2020,TOTAL NACIONAL,Total,Estudiando,Nov - Ene,2773.404502133333
2020,TOTAL NACIONAL,Total,Estudiando,Dic - Feb,2779.2149898000002
2021,TOTAL NACIONAL,Total,Estudiando,Ene - Mar,2979.426237633333
2021,TOTAL NACIONAL,Total,Estudiando,Feb - Abr,3346.4092202666666
2021,TOTAL NACIONAL,Total,Estudiando,Mar - May,3457.6395085333334
2021,TOTAL NACIONAL,Total,Estudiando,Abr - Jun,3470.5907390333336
2021,TOTAL NACIONAL,Total,Estudiando,May - Jul,3446.2064337666666
2021,TOTAL NACIONAL,Total,Estudiando,Jun - Ago,3424.075573966667
2021,TOTAL NACIONAL,Total,Estudiando,Jul - Sep,3502.2375399333337
2021,TOTAL NACIONAL,Total,Estudiando,Ago - Oct,3541.1188935000005
2021,TOTAL NACIONAL,Total,Estudiando,Sep - Nov,3609.9943734333333
2021,TOTAL NACIONAL,Total,Estudiando,Oct - Dic,3174.6974477
2021,TOTAL NACIONAL,Total,Estudiando,Nov - Ene,2788.5488738333333
2021,TOTAL NACIONAL,Total,Estudiando,Dic - Feb,2611.8412006999997
2022,TOTAL NACIONAL,Total,Estudiando,Ene - Mar,2909.695323766667
2022,TOTAL NACIONAL,Total,Estudiando,Feb - Abr,3235.4964712666665
2022,TOTAL NACIONAL,Total,Estudiando,Mar - May,3360.2659183
2022,TOTAL NACIONAL,Total,Estudiando,Abr - Jun,3344.5775137666665
2022,TOTAL NACIONAL,Total,Estudiando,May - Jul,3352.1907386666667
2022,TOTAL NACIONAL,Total,Estudiando,Jun - Ago,3379.1404978666665
2022,TOTAL NACIONAL,Total,Estudiando,Jul - Sep,3414.4594577333337
2022,TOTAL NACIONAL,Total,Estudiando,Ago - Oct,3490.172832666667
2022,TOTAL NACIONAL,Total,Estudiando,Sep - Nov,3471.9520989
2022,TOTAL NACIONAL,Total,Estudiando,Oct - Dic,3248.464260833333
2022,TOTAL NACIONAL,Total,Estudiando,Nov - Ene,2884.911308933333
2022,TOTAL NACIONAL,Total,Estudiando,Dic - Feb,2799.4871438333334
2023,TOTAL NACIONAL,Total,Estudiando,Ene - Mar,3047.4299083333335
2023,TOTAL NACIONAL,Total,Estudiando,Feb - Abr,3286.5352685000003
2023,TOTAL NACIONAL,Total,Estudiando,Mar - May,3361.0119758666665
2023,TOTAL NACIONAL,Total,Estudiando,Abr - Jun,3299.4711703
2023,TOTAL NACIONAL,Total,Estudiando,May - Jul,3319.553993866666
2023,TOTAL NACIONAL,Total,Estudiando,Jun - Ago,3348.7851998333335
2023,TOTAL NACIONAL,Total,Estudiando,Jul - Sep,3466.1730568000003
2023,TOTAL NACIONAL,Total,Estudiando,Ago - Oct,3540.9735394666664
2023,TOTAL NACIONAL,Total,Estudiando,Sep - Nov,3511.6333737
2023,TOTAL NACIONAL,Total,Estudiando,Oct - Dic,3176.2274615666665
2023,TOTAL NACIONAL,Total,Estudiando,Nov - Ene,2887.1024701
2023,TOTAL NACIONAL,Total,Estudiando,Dic - Feb,2806.565480366667
2024,TOTAL NACIONAL,Total,Estudiando,Ene - Mar,3051.4080797333336
2024,TOTAL NACIONAL,Total,Estudiando,Feb - Abr,3353.0983324000003
2024,TOTAL NACIONAL,Total,Estudiando,Mar - May,3429.0226304000003
2024,TOTAL NACIONAL,Total,Estudiando,Abr - Jun,3399.856445
2024,TOTAL NACIONAL,Total,Estudiando,May - Jul,3335.667029366667
2024,TOTAL NACIONAL,Total,Estudiando,Jun - Ago,3358.4075193333338
2024,TOTAL NACIONAL,Total,Estudiando,Jul - Sep,3563.106918666667
2024,TOTAL NACIONAL,Total,Estudiando,Ago - Oct,3626.6210095333336
2024,TOTAL NACIONAL,Total,Estudiando,Sep - Nov,3700.2585361
2024,TOTAL NACIONAL,Total,Estudiando,Oct - Dic,3355.980168466667
2024,TOTAL NACIONAL,Total,Estudiando,Nov - Ene,3090.5155449666668
2024,TOTAL NACIONAL,Total,Estudiando,Dic - Feb,2957.9604562333334
2025,TOTAL NACIONAL,Total,Estudiando,Ene - Mar,3149.3045800666664
2025,TOTAL NACIONAL,Total,Estudiando,Feb - Abr,3399.6034133666667
2025,TOTAL NACIONAL,Total,Estudiando,Mar - May,3470.6837557666663
2025,TOTAL NACIONAL,Total,Estudiando,Abr - Jun,3463.8785978
2025,TOTAL NACIONAL,Total,Estudiando,May - Jul,3426.1534897666666
2025,TOTAL NACIONAL,Total,Estudiando,Jun - Ago,3427.234447266667
2025,TOTAL NACIONAL,Total,Estudiando,Jul - Sep,3548.840723366667
2025,TOTAL NACIONAL,Total,Estudiando,Ago - Oct,3570.2828849
2025,TOTAL NACIONAL,Total,Estudiando,Sep - Nov,3573.8422090333333
2025,TOTAL NACIONAL,Total,Estudiando,Oct - Dic,3224.829531133333
2025,TOTAL NACIONAL,Total,Estudiando,Nov - Ene,2999.0025597999997
2025,TOTAL NACIONAL,Total,Estudiando,Dic - Feb,2946.398310533333
2026,TOTAL NACIONAL,Total,Estudiando,Ene - Mar,3174.548405566666
2007,TOTAL NACIONAL,Total,Oficios del Hogar,Ene - Mar,6223.038420666667
2007,TOTAL NACIONAL,Total,Oficios del Hogar,Feb - Abr,5948.101200733333
2007,TOTAL NACIONAL,Total,Oficios del Hogar,Mar - May,5956.835226266667
2007,TOTAL NACIONAL,Total,Oficios del Hogar,Abr - Jun,5991.8644075
2007,TOTAL NACIONAL,Total,Oficios del Hogar,May - Jul,6074.4597823
2007,TOTAL NACIONAL,Total,Oficios del Hogar,Jun - Ago,6060.319782833333
2007,TOTAL NACIONAL,Total,Oficios del Hogar,Jul - Sep,5996.855703366666
2007,TOTAL NACIONAL,Total,Oficios del Hogar,Ago - Oct,5755.745410966666
2007,TOTAL NACIONAL,Total,Oficios del Hogar,Sep - Nov,5648.619265966667
2007,TOTAL NACIONAL,Total,Oficios del Hogar,Oct - Dic,5749.722400166666
2007,TOTAL NACIONAL,Total,Oficios del Hogar,Nov - Ene,6046.986312066667
2007,TOTAL NACIONAL,Total,Oficios del Hogar,Dic - Feb,6086.4973172
2008,TOTAL NACIONAL,Total,Oficios del Hogar,Ene - Mar,5914.864877366667
2008,TOTAL NACIONAL,Total,Oficios del Hogar,Feb - Abr,5834.067783399999
2008,TOTAL NACIONAL,Total,Oficios del Hogar,Mar - May,5875.5680341
2008,TOTAL NACIONAL,Total,Oficios del Hogar,Abr - Jun,6062.552294566667
2008,TOTAL NACIONAL,Total,Oficios del Hogar,May - Jul,6047.671456766667
2008,TOTAL NACIONAL,Total,Oficios del Hogar,Jun - Ago,6149.6546438000005
2008,TOTAL NACIONAL,Total,Oficios del Hogar,Jul - Sep,6034.809034766667
2008,TOTAL NACIONAL,Total,Oficios del Hogar,Ago - Oct,6058.221999099999
2008,TOTAL NACIONAL,Total,Oficios del Hogar,Sep - Nov,6095.072258733333
2008,TOTAL NACIONAL,Total,Oficios del Hogar,Oct - Dic,6234.3084155
2008,TOTAL NACIONAL,Total,Oficios del Hogar,Nov - Ene,6289.498255433333
2008,TOTAL NACIONAL,Total,Oficios del Hogar,Dic - Feb,6120.139971599999
2009,TOTAL NACIONAL,Total,Oficios del Hogar,Ene - Mar,5926.4329277
2009,TOTAL NACIONAL,Total,Oficios del Hogar,Feb - Abr,5721.442928433334
2009,TOTAL NACIONAL,Total,Oficios del Hogar,Mar - May,5605.955464566668
2009,TOTAL NACIONAL,Total,Oficios del Hogar,Abr - Jun,5547.235988966667
2009,TOTAL NACIONAL,Total,Oficios del Hogar,May - Jul,5505.421140433333
2009,TOTAL NACIONAL,Total,Oficios del Hogar,Jun - Ago,5552.322615866667
2009,TOTAL NACIONAL,Total,Oficios del Hogar,Jul - Sep,5507.343898966666
2009,TOTAL NACIONAL,Total,Oficios del Hogar,Ago - Oct,5397.623641066667
2009,TOTAL NACIONAL,Total,Oficios del Hogar,Sep - Nov,5239.222940233333
2009,TOTAL NACIONAL,Total,Oficios del Hogar,Oct - Dic,5229.814798
2009,TOTAL NACIONAL,Total,Oficios del Hogar,Nov - Ene,5376.094927966667
2009,TOTAL NACIONAL,Total,Oficios del Hogar,Dic - Feb,5407.4591985
2010,TOTAL NACIONAL,Total,Oficios del Hogar,Ene - Mar,5389.3632075
2010,TOTAL NACIONAL,Total,Oficios del Hogar,Feb - Abr,5236.208947266667
2010,TOTAL NACIONAL,Total,Oficios del Hogar,Mar - May,5251.3566224333335
2010,TOTAL NACIONAL,Total,Oficios del Hogar,Abr - Jun,5194.978892566666
2010,TOTAL NACIONAL,Total,Oficios del Hogar,May - Jul,5266.567969833333
2010,TOTAL NACIONAL,Total,Oficios del Hogar,Jun - Ago,5287.682540866666
2010,TOTAL NACIONAL,Total,Oficios del Hogar,Jul - Sep,5214.876571833333
2010,TOTAL NACIONAL,Total,Oficios del Hogar,Ago - Oct,5144.473463033333
2010,TOTAL NACIONAL,Total,Oficios del Hogar,Sep - Nov,5076.9999723
2010,TOTAL NACIONAL,Total,Oficios del Hogar,Oct - Dic,5273.9605071666665
2010,TOTAL NACIONAL,Total,Oficios del Hogar,Nov - Ene,5347.2300756333325
2010,TOTAL NACIONAL,Total,Oficios del Hogar,Dic - Feb,5450.410566733332
2011,TOTAL NACIONAL,Total,Oficios del Hogar,Ene - Mar,5356.619856066667
2011,TOTAL NACIONAL,Total,Oficios del Hogar,Feb - Abr,5363.459408333333
2011,TOTAL NACIONAL,Total,Oficios del Hogar,Mar - May,5292.122903233333
2011,TOTAL NACIONAL,Total,Oficios del Hogar,Abr - Jun,5324.3443397
2011,TOTAL NACIONAL,Total,Oficios del Hogar,May - Jul,5348.687429366667
2011,TOTAL NACIONAL,Total,Oficios del Hogar,Jun - Ago,5386.398296633332
2011,TOTAL NACIONAL,Total,Oficios del Hogar,Jul - Sep,5262.111190866667
2011,TOTAL NACIONAL,Total,Oficios del Hogar,Ago - Oct,5127.575387899999
2011,TOTAL NACIONAL,Total,Oficios del Hogar,Sep - Nov,5015.292898666667
2011,TOTAL NACIONAL,Total,Oficios del Hogar,Oct - Dic,5195.9935249
2011,TOTAL NACIONAL,Total,Oficios del Hogar,Nov - Ene,5296.958329133334
2011,TOTAL NACIONAL,Total,Oficios del Hogar,Dic - Feb,5299.314366733334
2012,TOTAL NACIONAL,Total,Oficios del Hogar,Ene - Mar,5096.868423033334
2012,TOTAL NACIONAL,Total,Oficios del Hogar,Feb - Abr,5003.957027166666
2012,TOTAL NACIONAL,Total,Oficios del Hogar,Mar - May,4995.374085066666
2012,TOTAL NACIONAL,Total,Oficios del Hogar,Abr - Jun,4980.954512633333
2012,TOTAL NACIONAL,Total,Oficios del Hogar,May - Jul,4991.0106554
2012,TOTAL NACIONAL,Total,Oficios del Hogar,Jun - Ago,5063.7787172
2012,TOTAL NACIONAL,Total,Oficios del Hogar,Jul - Sep,5112.379654266667
2012,TOTAL NACIONAL,Total,Oficios del Hogar,Ago - Oct,5078.444099766666
2012,TOTAL NACIONAL,Total,Oficios del Hogar,Sep - Nov,5092.687178666667
2012,TOTAL NACIONAL,Total,Oficios del Hogar,Oct - Dic,5232.7043946
2012,TOTAL NACIONAL,Total,Oficios del Hogar,Nov - Ene,5401.6865411
2012,TOTAL NACIONAL,Total,Oficios del Hogar,Dic - Feb,5462.0814962
2013,TOTAL NACIONAL,Total,Oficios del Hogar,Ene - Mar,5444.158220233333
2013,TOTAL NACIONAL,Total,Oficios del Hogar,Feb - Abr,5423.049895833334
2013,TOTAL NACIONAL,Total,Oficios del Hogar,Mar - May,5340.072750033333
2013,TOTAL NACIONAL,Total,Oficios del Hogar,Abr - Jun,5291.0365006
2013,TOTAL NACIONAL,Total,Oficios del Hogar,May - Jul,5188.2896917
2013,TOTAL NACIONAL,Total,Oficios del Hogar,Jun - Ago,5156.977100666667
2013,TOTAL NACIONAL,Total,Oficios del Hogar,Jul - Sep,5113.746259066666
2013,TOTAL NACIONAL,Total,Oficios del Hogar,Ago - Oct,5086.038597766667
2013,TOTAL NACIONAL,Total,Oficios del Hogar,Sep - Nov,5199.902264966667
2013,TOTAL NACIONAL,Total,Oficios del Hogar,Oct - Dic,5373.9157946333335
2013,TOTAL NACIONAL,Total,Oficios del Hogar,Nov - Ene,5602.501668566667
2013,TOTAL NACIONAL,Total,Oficios del Hogar,Dic - Feb,5637.947068
2014,TOTAL NACIONAL,Total,Oficios del Hogar,Ene - Mar,5562.331196066666
2014,TOTAL NACIONAL,Total,Oficios del Hogar,Feb - Abr,5471.922579733334
2014,TOTAL NACIONAL,Total,Oficios del Hogar,Mar - May,5449.817090366666
2014,TOTAL NACIONAL,Total,Oficios del Hogar,Abr - Jun,5444.231384633334
2014,TOTAL NACIONAL,Total,Oficios del Hogar,May - Jul,5468.409907600001
2014,TOTAL NACIONAL,Total,Oficios del Hogar,Jun - Ago,5409.649796233333
2014,TOTAL NACIONAL,Total,Oficios del Hogar,Jul - Sep,5331.435488766666
2014,TOTAL NACIONAL,Total,Oficios del Hogar,Ago - Oct,5176.063339066666
2014,TOTAL NACIONAL,Total,Oficios del Hogar,Sep - Nov,5181.3825424
2014,TOTAL NACIONAL,Total,Oficios del Hogar,Oct - Dic,5410.047218133333
2014,TOTAL NACIONAL,Total,Oficios del Hogar,Nov - Ene,5644.086407833333
2014,TOTAL NACIONAL,Total,Oficios del Hogar,Dic - Feb,5776.715326233333
2015,TOTAL NACIONAL,Total,Oficios del Hogar,Ene - Mar,5682.0821918
2015,TOTAL NACIONAL,Total,Oficios del Hogar,Feb - Abr,5510.103596099999
2015,TOTAL NACIONAL,Total,Oficios del Hogar,Mar - May,5434.393079866667
2015,TOTAL NACIONAL,Total,Oficios del Hogar,Abr - Jun,5356.322555566667
2015,TOTAL NACIONAL,Total,Oficios del Hogar,May - Jul,5499.088163633333
2015,TOTAL NACIONAL,Total,Oficios del Hogar,Jun - Ago,5469.019411900001
2015,TOTAL NACIONAL,Total,Oficios del Hogar,Jul - Sep,5413.7962888
2015,TOTAL NACIONAL,Total,Oficios del Hogar,Ago - Oct,5250.249501699999
2015,TOTAL NACIONAL,Total,Oficios del Hogar,Sep - Nov,5269.216611999999
2015,TOTAL NACIONAL,Total,Oficios del Hogar,Oct - Dic,5476.196920866667
2015,TOTAL NACIONAL,Total,Oficios del Hogar,Nov - Ene,5699.542949
2015,TOTAL NACIONAL,Total,Oficios del Hogar,Dic - Feb,5806.935224933334
2016,TOTAL NACIONAL,Total,Oficios del Hogar,Ene - Mar,5852.5173953
2016,TOTAL NACIONAL,Total,Oficios del Hogar,Feb - Abr,5743.798934433333
2016,TOTAL NACIONAL,Total,Oficios del Hogar,Mar - May,5719.939087
2016,TOTAL NACIONAL,Total,Oficios del Hogar,Abr - Jun,5613.279789966667
2016,TOTAL NACIONAL,Total,Oficios del Hogar,May - Jul,5772.192458833332
2016,TOTAL NACIONAL,Total,Oficios del Hogar,Jun - Ago,5820.948048966667
2016,TOTAL NACIONAL,Total,Oficios del Hogar,Jul - Sep,5835.966936233333
2016,TOTAL NACIONAL,Total,Oficios del Hogar,Ago - Oct,5658.729444266667
2016,TOTAL NACIONAL,Total,Oficios del Hogar,Sep - Nov,5642.742133033334
2016,TOTAL NACIONAL,Total,Oficios del Hogar,Oct - Dic,5762.052474633333
2016,TOTAL NACIONAL,Total,Oficios del Hogar,Nov - Ene,6005.251776533333
2016,TOTAL NACIONAL,Total,Oficios del Hogar,Dic - Feb,6014.5093566666665
2017,TOTAL NACIONAL,Total,Oficios del Hogar,Ene - Mar,6009.013754433333
2017,TOTAL NACIONAL,Total,Oficios del Hogar,Feb - Abr,5863.3775686
2017,TOTAL NACIONAL,Total,Oficios del Hogar,Mar - May,5903.731751133334
2017,TOTAL NACIONAL,Total,Oficios del Hogar,Abr - Jun,5793.441901933334
2017,TOTAL NACIONAL,Total,Oficios del Hogar,May - Jul,5878.446877733334
2017,TOTAL NACIONAL,Total,Oficios del Hogar,Jun - Ago,5808.618010633334
2017,TOTAL NACIONAL,Total,Oficios del Hogar,Jul - Sep,5811.9867767999995
2017,TOTAL NACIONAL,Total,Oficios del Hogar,Ago - Oct,5682.638440033334
2017,TOTAL NACIONAL,Total,Oficios del Hogar,Sep - Nov,5777.3819329
2017,TOTAL NACIONAL,Total,Oficios del Hogar,Oct - Dic,5948.903552433333
2017,TOTAL NACIONAL,Total,Oficios del Hogar,Nov - Ene,6233.438979333333
2017,TOTAL NACIONAL,Total,Oficios del Hogar,Dic - Feb,6361.592208333333
2018,TOTAL NACIONAL,Total,Oficios del Hogar,Ene - Mar,6385.322758666666
2018,TOTAL NACIONAL,Total,Oficios del Hogar,Feb - Abr,6198.241333033334
2018,TOTAL NACIONAL,Total,Oficios del Hogar,Mar - May,6129.147789566666
2018,TOTAL NACIONAL,Total,Oficios del Hogar,Abr - Jun,6091.041345199999
2018,TOTAL NACIONAL,Total,Oficios del Hogar,May - Jul,6235.302284633333
2018,TOTAL NACIONAL,Total,Oficios del Hogar,Jun - Ago,6179.5232539
2018,TOTAL NACIONAL,Total,Oficios del Hogar,Jul - Sep,6135.568000533333
2018,TOTAL NACIONAL,Total,Oficios del Hogar,Ago - Oct,5983.785577166666
2018,TOTAL NACIONAL,Total,Oficios del Hogar,Sep - Nov,6122.803321833334
2018,TOTAL NACIONAL,Total,Oficios del Hogar,Oct - Dic,6263.194564833332
2018,TOTAL NACIONAL,Total,Oficios del Hogar,Nov - Ene,6472.084411633333
2018,TOTAL NACIONAL,Total,Oficios del Hogar,Dic - Feb,6407.451615466667
2019,TOTAL NACIONAL,Total,Oficios del Hogar,Ene - Mar,6352.9661872
2019,TOTAL NACIONAL,Total,Oficios del Hogar,Feb - Abr,6379.070374433333
2019,TOTAL NACIONAL,Total,Oficios del Hogar,Mar - May,6418.856704499999
2019,TOTAL NACIONAL,Total,Oficios del Hogar,Abr - Jun,6456.991925666666
2019,TOTAL NACIONAL,Total,Oficios del Hogar,May - Jul,6419.857118
2019,TOTAL NACIONAL,Total,Oficios del Hogar,Jun - Ago,6480.7195968000005
2019,TOTAL NACIONAL,Total,Oficios del Hogar,Jul - Sep,6473.002776833334
2019,TOTAL NACIONAL,Total,Oficios del Hogar,Ago - Oct,6363.116672700001
2019,TOTAL NACIONAL,Total,Oficios del Hogar,Sep - Nov,6395.1724401
2019,TOTAL NACIONAL,Total,Oficios del Hogar,Oct - Dic,6608.4923426333335
2019,TOTAL NACIONAL,Total,Oficios del Hogar,Nov - Ene,6826.738295799999
2019,TOTAL NACIONAL,Total,Oficios del Hogar,Dic - Feb,6893.035933866667
2020,TOTAL NACIONAL,Total,Oficios del Hogar,Ene - Mar,7110.7344347
2020,TOTAL NACIONAL,Total,Oficios del Hogar,Feb - Abr,7996.3407249
2020,TOTAL NACIONAL,Total,Oficios del Hogar,Mar - May,8656.274974
2020,TOTAL NACIONAL,Total,Oficios del Hogar,Abr - Jun,8993.170608133332
2020,TOTAL NACIONAL,Total,Oficios del Hogar,May - Jul,8805.468368566666
2020,TOTAL NACIONAL,Total,Oficios del Hogar,Jun - Ago,8597.354126866667
2020,TOTAL NACIONAL,Total,Oficios del Hogar,Jul - Sep,8317.4918053
2020,TOTAL NACIONAL,Total,Oficios del Hogar,Ago - Oct,7817.353283366666
2020,TOTAL NACIONAL,Total,Oficios del Hogar,Sep - Nov,7677.760499233334
2020,TOTAL NACIONAL,Total,Oficios del Hogar,Oct - Dic,7632.040884033333
2020,TOTAL NACIONAL,Total,Oficios del Hogar,Nov - Ene,8343.130771999999
2020,TOTAL NACIONAL,Total,Oficios del Hogar,Dic - Feb,8637.547636166666
2021,TOTAL NACIONAL,Total,Oficios del Hogar,Ene - Mar,9018.301192266666
2021,TOTAL NACIONAL,Total,Oficios del Hogar,Feb - Abr,8827.3777293
2021,TOTAL NACIONAL,Total,Oficios del Hogar,Mar - May,8852.892432733332
2021,TOTAL NACIONAL,Total,Oficios del Hogar,Abr - Jun,8856.289768699999
2021,TOTAL NACIONAL,Total,Oficios del Hogar,May - Jul,8794.749745533332
2021,TOTAL NACIONAL,Total,Oficios del Hogar,Jun - Ago,8799.867873233334
2021,TOTAL NACIONAL,Total,Oficios del Hogar,Jul - Sep,8762.4693899
2021,TOTAL NACIONAL,Total,Oficios del Hogar,Ago - Oct,8721.667653999999
2021,TOTAL NACIONAL,Total,Oficios del Hogar,Sep - Nov,8620.992591533333
2021,TOTAL NACIONAL,Total,Oficios del Hogar,Oct - Dic,8679.227568466666
2021,TOTAL NACIONAL,Total,Oficios del Hogar,Nov - Ene,8721.032312566667
2021,TOTAL NACIONAL,Total,Oficios del Hogar,Dic - Feb,8562.011842633334
2022,TOTAL NACIONAL,Total,Oficios del Hogar,Ene - Mar,8317.009150033333
2022,TOTAL NACIONAL,Total,Oficios del Hogar,Feb - Abr,8055.169868599999
2022,TOTAL NACIONAL,Total,Oficios del Hogar,Mar - May,8027.486501066666
2022,TOTAL NACIONAL,Total,Oficios del Hogar,Abr - Jun,7958.450398633334
2022,TOTAL NACIONAL,Total,Oficios del Hogar,May - Jul,7967.631211466666
2022,TOTAL NACIONAL,Total,Oficios del Hogar,Jun - Ago,7921.677716166666
2022,TOTAL NACIONAL,Total,Oficios del Hogar,Jul - Sep,7820.6220901666675
2022,TOTAL NACIONAL,Total,Oficios del Hogar,Ago - Oct,7722.901054466667
2022,TOTAL NACIONAL,Total,Oficios del Hogar,Sep - Nov,7779.031167333334
2022,TOTAL NACIONAL,Total,Oficios del Hogar,Oct - Dic,7948.535239433334
2022,TOTAL NACIONAL,Total,Oficios del Hogar,Nov - Ene,8165.697510466666
2022,TOTAL NACIONAL,Total,Oficios del Hogar,Dic - Feb,8126.307914533333
2023,TOTAL NACIONAL,Total,Oficios del Hogar,Ene - Mar,8005.481971833334
2023,TOTAL NACIONAL,Total,Oficios del Hogar,Feb - Abr,7821.579087733334
2023,TOTAL NACIONAL,Total,Oficios del Hogar,Mar - May,7792.069724066667
2023,TOTAL NACIONAL,Total,Oficios del Hogar,Abr - Jun,7767.9265008
2023,TOTAL NACIONAL,Total,Oficios del Hogar,May - Jul,7725.676934566666
2023,TOTAL NACIONAL,Total,Oficios del Hogar,Jun - Ago,7687.736740866666
2023,TOTAL NACIONAL,Total,Oficios del Hogar,Jul - Sep,7632.312707266666
2023,TOTAL NACIONAL,Total,Oficios del Hogar,Ago - Oct,7626.8698300999995
2023,TOTAL NACIONAL,Total,Oficios del Hogar,Sep - Nov,7695.950953500001
2023,TOTAL NACIONAL,Total,Oficios del Hogar,Oct - Dic,7951.897220999999
2023,TOTAL NACIONAL,Total,Oficios del Hogar,Nov - Ene,8213.7383505
2023,TOTAL NACIONAL,Total,Oficios del Hogar,Dic - Feb,8322.035532266666
2024,TOTAL NACIONAL,Total,Oficios del Hogar,Ene - Mar,8185.677860833333
2024,TOTAL NACIONAL,Total,Oficios del Hogar,Feb - Abr,7972.041193833334
2024,TOTAL NACIONAL,Total,Oficios del Hogar,Mar - May,7921.761589933333
2024,TOTAL NACIONAL,Total,Oficios del Hogar,Abr - Jun,7989.428741266666
2024,TOTAL NACIONAL,Total,Oficios del Hogar,May - Jul,8059.367612733334
2024,TOTAL NACIONAL,Total,Oficios del Hogar,Jun - Ago,7984.212874433334
2024,TOTAL NACIONAL,Total,Oficios del Hogar,Jul - Sep,7886.145285866667
2024,TOTAL NACIONAL,Total,Oficios del Hogar,Ago - Oct,7895.874471866667
2024,TOTAL NACIONAL,Total,Oficios del Hogar,Sep - Nov,7955.5902021
2024,TOTAL NACIONAL,Total,Oficios del Hogar,Oct - Dic,8065.194500366667
2024,TOTAL NACIONAL,Total,Oficios del Hogar,Nov - Ene,8143.511518200001
2024,TOTAL NACIONAL,Total,Oficios del Hogar,Dic - Feb,8116.774934166667
2025,TOTAL NACIONAL,Total,Oficios del Hogar,Ene - Mar,7979.7893424
2025,TOTAL NACIONAL,Total,Oficios del Hogar,Feb - Abr,7893.764202400001
2025,TOTAL NACIONAL,Total,Oficios del Hogar,Mar - May,7923.584630166667
2025,TOTAL NACIONAL,Total,Oficios del Hogar,Abr - Jun,7981.766830966667
2025,TOTAL NACIONAL,Total,Oficios del Hogar,May - Jul,7899.199112633333
2025,TOTAL NACIONAL,Total,Oficios del Hogar,Jun - Ago,7913.3325763
2025,TOTAL NACIONAL,Total,Oficios del Hogar,Jul - Sep,7905.794658700001
2025,TOTAL NACIONAL,Total,Oficios del Hogar,Ago - Oct,7924.788946500001
2025,TOTAL NACIONAL,Total,Oficios del Hogar,Sep - Nov,7828.819202166666
2025,TOTAL NACIONAL,Total,Oficios del Hogar,Oct - Dic,7939.310922966666
2025,TOTAL NACIONAL,Total,Oficios del Hogar,Nov - Ene,8097.765485966666
2025,TOTAL NACIONAL,Total,Oficios del Hogar,Dic - Feb,8136.569583466667
2026,TOTAL NACIONAL,Total,Oficios del Hogar,Ene - Mar,7998.1678225000005
2007,TOTAL NACIONAL,Total,Otros,Ene - Mar,2191.8123180333337
2007,TOTAL NACIONAL,Total,Otros,Feb - Abr,1986.5166256666664
2007,TOTAL NACIONAL,Total,Otros,Mar - May,1985.7765343666667
2007,TOTAL NACIONAL,Total,Otros,Abr - Jun,1995.4497499666668
2007,TOTAL NACIONAL,Total,Otros,May - Jul,2082.931665933333
2007,TOTAL NACIONAL,Total,Otros,Jun - Ago,2139.608151
2007,TOTAL NACIONAL,Total,Otros,Jul - Sep,2096.1770221666666
2007,TOTAL NACIONAL,Total,Otros,Ago - Oct,2025.8749283999998
2007,TOTAL NACIONAL,Total,Otros,Sep - Nov,1987.9360897333333
2007,TOTAL NACIONAL,Total,Otros,Oct - Dic,2259.0157113
2007,TOTAL NACIONAL,Total,Otros,Nov - Ene,2355.4217406000002
2007,TOTAL NACIONAL,Total,Otros,Dic - Feb,2376.3846212
2008,TOTAL NACIONAL,Total,Otros,Ene - Mar,2145.6562305666666
2008,TOTAL NACIONAL,Total,Otros,Feb - Abr,1945.8452810666668
2008,TOTAL NACIONAL,Total,Otros,Mar - May,1890.9436506000002
2008,TOTAL NACIONAL,Total,Otros,Abr - Jun,1908.9173287
2008,TOTAL NACIONAL,Total,Otros,May - Jul,2043.4742941333334
2008,TOTAL NACIONAL,Total,Otros,Jun - Ago,2042.5297462666665
2008,TOTAL NACIONAL,Total,Otros,Jul - Sep,2013.7230121666664
2008,TOTAL NACIONAL,Total,Otros,Ago - Oct,1968.6018637999998
2008,TOTAL NACIONAL,Total,Otros,Sep - Nov,1993.2409148666666
2008,TOTAL NACIONAL,Total,Otros,Oct - Dic,2066.7523880999997
2008,TOTAL NACIONAL,Total,Otros,Nov - Ene,2242.9453173
2008,TOTAL NACIONAL,Total,Otros,Dic - Feb,2284.065174433333
2009,TOTAL NACIONAL,Total,Otros,Ene - Mar,2169.1007931
2009,TOTAL NACIONAL,Total,Otros,Feb - Abr,1956.5698919666665
2009,TOTAL NACIONAL,Total,Otros,Mar - May,1872.7886047333332
2009,TOTAL NACIONAL,Total,Otros,Abr - Jun,1882.0514056333332
2009,TOTAL NACIONAL,Total,Otros,May - Jul,1908.4598863666668
2009,TOTAL NACIONAL,Total,Otros,Jun - Ago,1974.4660340333332
2009,TOTAL NACIONAL,Total,Otros,Jul - Sep,1993.3441317333334
2009,TOTAL NACIONAL,Total,Otros,Ago - Oct,1994.8598915000002
2009,TOTAL NACIONAL,Total,Otros,Sep - Nov,1986.745100566667
2009,TOTAL NACIONAL,Total,Otros,Oct - Dic,2086.1606611666666
2009,TOTAL NACIONAL,Total,Otros,Nov - Ene,2198.7053750333334
2009,TOTAL NACIONAL,Total,Otros,Dic - Feb,2214.6765954666666
2010,TOTAL NACIONAL,Total,Otros,Ene - Mar,2150.503066433333
2010,TOTAL NACIONAL,Total,Otros,Feb - Abr,2067.0275504666665
2010,TOTAL NACIONAL,Total,Otros,Mar - May,2071.1646610666667
2010,TOTAL NACIONAL,Total,Otros,Abr - Jun,2062.3725685
2010,TOTAL NACIONAL,Total,Otros,May - Jul,2088.341099566667
2010,TOTAL NACIONAL,Total,Otros,Jun - Ago,2094.9688873
2010,TOTAL NACIONAL,Total,Otros,Jul - Sep,2125.661629166667
2010,TOTAL NACIONAL,Total,Otros,Ago - Oct,2081.0154106
2010,TOTAL NACIONAL,Total,Otros,Sep - Nov,2060.3818554
2010,TOTAL NACIONAL,Total,Otros,Oct - Dic,2108.1094982
2010,TOTAL NACIONAL,Total,Otros,Nov - Ene,2241.338211466667
2010,TOTAL NACIONAL,Total,Otros,Dic - Feb,2280.5950173
2011,TOTAL NACIONAL,Total,Otros,Ene - Mar,2246.0251994333335
2011,TOTAL NACIONAL,Total,Otros,Feb - Abr,2164.8501968
2011,TOTAL NACIONAL,Total,Otros,Mar - May,2155.0102681000003
2011,TOTAL NACIONAL,Total,Otros,Abr - Jun,2150.6858707666665
2011,TOTAL NACIONAL,Total,Otros,May - Jul,2153.135911433333
2011,TOTAL NACIONAL,Total,Otros,Jun - Ago,2191.5176707333335
2011,TOTAL NACIONAL,Total,Otros,Jul - Sep,2201.4631302666667
2011,TOTAL NACIONAL,Total,Otros,Ago - Oct,2172.2901519666666
2011,TOTAL NACIONAL,Total,Otros,Sep - Nov,2137.9932722999997
2011,TOTAL NACIONAL,Total,Otros,Oct - Dic,2269.3813393666665
2011,TOTAL NACIONAL,Total,Otros,Nov - Ene,2428.616366033333
2011,TOTAL NACIONAL,Total,Otros,Dic - Feb,2520.733726566667
2012,TOTAL NACIONAL,Total,Otros,Ene - Mar,2418.664987033333
2012,TOTAL NACIONAL,Total,Otros,Feb - Abr,2360.9551529
2012,TOTAL NACIONAL,Total,Otros,Mar - May,2353.0851551
2012,TOTAL NACIONAL,Total,Otros,Abr - Jun,2399.9265583
2012,TOTAL NACIONAL,Total,Otros,May - Jul,2484.931993333333
2012,TOTAL NACIONAL,Total,Otros,Jun - Ago,2484.6950030666662
2012,TOTAL NACIONAL,Total,Otros,Jul - Sep,2541.3096359666665
2012,TOTAL NACIONAL,Total,Otros,Ago - Oct,2500.3501908666663
2012,TOTAL NACIONAL,Total,Otros,Sep - Nov,2520.6480226
2012,TOTAL NACIONAL,Total,Otros,Oct - Dic,2548.9775666
2012,TOTAL NACIONAL,Total,Otros,Nov - Ene,2650.379621233333
2012,TOTAL NACIONAL,Total,Otros,Dic - Feb,2661.964098933333
2013,TOTAL NACIONAL,Total,Otros,Ene - Mar,2658.5667861999996
2013,TOTAL NACIONAL,Total,Otros,Feb - Abr,2542.5697622999996
2013,TOTAL NACIONAL,Total,Otros,Mar - May,2509.1256254666664
2013,TOTAL NACIONAL,Total,Otros,Abr - Jun,2505.1943936000002
2013,TOTAL NACIONAL,Total,Otros,May - Jul,2548.699812733333
2013,TOTAL NACIONAL,Total,Otros,Jun - Ago,2616.6247093333336
2013,TOTAL NACIONAL,Total,Otros,Jul - Sep,2601.1600818
2013,TOTAL NACIONAL,Total,Otros,Ago - Oct,2519.4856631999996
2013,TOTAL NACIONAL,Total,Otros,Sep - Nov,2515.8621096666666
2013,TOTAL NACIONAL,Total,Otros,Oct - Dic,2579.4825711999997
2013,TOTAL NACIONAL,Total,Otros,Nov - Ene,2757.0820022666667
2013,TOTAL NACIONAL,Total,Otros,Dic - Feb,2765.4779106333335
2014,TOTAL NACIONAL,Total,Otros,Ene - Mar,2726.058186466667
2014,TOTAL NACIONAL,Total,Otros,Feb - Abr,2628.715527
2014,TOTAL NACIONAL,Total,Otros,Mar - May,2620.5275546333337
2014,TOTAL NACIONAL,Total,Otros,Abr - Jun,2600.3018386333333
2014,TOTAL NACIONAL,Total,Otros,May - Jul,2632.6768268
2014,TOTAL NACIONAL,Total,Otros,Jun - Ago,2653.5988558000004
2014,TOTAL NACIONAL,Total,Otros,Jul - Sep,2691.4692362
2014,TOTAL NACIONAL,Total,Otros,Ago - Oct,2658.9305901
2014,TOTAL NACIONAL,Total,Otros,Sep - Nov,2667.3990672
2014,TOTAL NACIONAL,Total,Otros,Oct - Dic,2739.8590526666667
2014,TOTAL NACIONAL,Total,Otros,Nov - Ene,2901.419340066667
2014,TOTAL NACIONAL,Total,Otros,Dic - Feb,2893.547053733333
2015,TOTAL NACIONAL,Total,Otros,Ene - Mar,2796.1606594333334
2015,TOTAL NACIONAL,Total,Otros,Feb - Abr,2690.6575898000006
2015,TOTAL NACIONAL,Total,Otros,Mar - May,2703.0759613333335
2015,TOTAL NACIONAL,Total,Otros,Abr - Jun,2779.9952399
2015,TOTAL NACIONAL,Total,Otros,May - Jul,2783.8037863333334
2015,TOTAL NACIONAL,Total,Otros,Jun - Ago,2778.3751446666665
2015,TOTAL NACIONAL,Total,Otros,Jul - Sep,2746.659821933333
2015,TOTAL NACIONAL,Total,Otros,Ago - Oct,2696.4645585666663
2015,TOTAL NACIONAL,Total,Otros,Sep - Nov,2674.0894
2015,TOTAL NACIONAL,Total,Otros,Oct - Dic,2745.7968026
2015,TOTAL NACIONAL,Total,Otros,Nov - Ene,2857.9945725
2015,TOTAL NACIONAL,Total,Otros,Dic - Feb,2919.3441341333332
2016,TOTAL NACIONAL,Total,Otros,Ene - Mar,2829.0739355666665
2016,TOTAL NACIONAL,Total,Otros,Feb - Abr,2709.1229515666664
2016,TOTAL NACIONAL,Total,Otros,Mar - May,2697.2640069333333
2016,TOTAL NACIONAL,Total,Otros,Abr - Jun,2697.1946470666667
2016,TOTAL NACIONAL,Total,Otros,May - Jul,2719.2933620999997
2016,TOTAL NACIONAL,Total,Otros,Jun - Ago,2693.6305501333336
2016,TOTAL NACIONAL,Total,Otros,Jul - Sep,2700.1102315666667
2016,TOTAL NACIONAL,Total,Otros,Ago - Oct,2695.0313992666665
2016,TOTAL NACIONAL,Total,Otros,Sep - Nov,2669.612807966667
2016,TOTAL NACIONAL,Total,Otros,Oct - Dic,2751.8110119666667
2016,TOTAL NACIONAL,Total,Otros,Nov - Ene,2906.8325111999998
2016,TOTAL NACIONAL,Total,Otros,Dic - Feb,3028.6695372
2017,TOTAL NACIONAL,Total,Otros,Ene - Mar,2974.260891733333
2017,TOTAL NACIONAL,Total,Otros,Feb - Abr,2884.3984041999997
2017,TOTAL NACIONAL,Total,Otros,Mar - May,2841.635436633333
2017,TOTAL NACIONAL,Total,Otros,Abr - Jun,2848.2726451666663
2017,TOTAL NACIONAL,Total,Otros,May - Jul,2877.737970933333
2017,TOTAL NACIONAL,Total,Otros,Jun - Ago,2896.8940206666666
2017,TOTAL NACIONAL,Total,Otros,Jul - Sep,2940.6043412
2017,TOTAL NACIONAL,Total,Otros,Ago - Oct,2907.3053520666667
2017,TOTAL NACIONAL,Total,Otros,Sep - Nov,2875.7039282
2017,TOTAL NACIONAL,Total,Otros,Oct - Dic,2980.1170292333336
2017,TOTAL NACIONAL,Total,Otros,Nov - Ene,3128.9172599333338
2017,TOTAL NACIONAL,Total,Otros,Dic - Feb,3212.9518187666667
2018,TOTAL NACIONAL,Total,Otros,Ene - Mar,3111.4308890666666
2018,TOTAL NACIONAL,Total,Otros,Feb - Abr,2996.6497816333335
2018,TOTAL NACIONAL,Total,Otros,Mar - May,2960.799412633333
2018,TOTAL NACIONAL,Total,Otros,Abr - Jun,2948.1246800333333
2018,TOTAL NACIONAL,Total,Otros,May - Jul,2975.9192983666667
2018,TOTAL NACIONAL,Total,Otros,Jun - Ago,3013.4891382333335
2018,TOTAL NACIONAL,Total,Otros,Jul - Sep,3016.3386809333333
2018,TOTAL NACIONAL,Total,Otros,Ago - Oct,3080.5967433666665
2018,TOTAL NACIONAL,Total,Otros,Sep - Nov,3085.790871866667
2018,TOTAL NACIONAL,Total,Otros,Oct - Dic,3213.6964989333337
2018,TOTAL NACIONAL,Total,Otros,Nov - Ene,3331.703896066667
2018,TOTAL NACIONAL,Total,Otros,Dic - Feb,3391.6326339
2019,TOTAL NACIONAL,Total,Otros,Ene - Mar,3347.9552908666665
2019,TOTAL NACIONAL,Total,Otros,Feb - Abr,3280.565630366667
2019,TOTAL NACIONAL,Total,Otros,Mar - May,3298.7494243333335
2019,TOTAL NACIONAL,Total,Otros,Abr - Jun,3295.114942733333
2019,TOTAL NACIONAL,Total,Otros,May - Jul,3339.3738577666663
2019,TOTAL NACIONAL,Total,Otros,Jun - Ago,3366.2607765666667
2019,TOTAL NACIONAL,Total,Otros,Jul - Sep,3404.9227857333335
2019,TOTAL NACIONAL,Total,Otros,Ago - Oct,3359.6089742
2019,TOTAL NACIONAL,Total,Otros,Sep - Nov,3306.7517379
2019,TOTAL NACIONAL,Total,Otros,Oct - Dic,3347.7069150666666
2019,TOTAL NACIONAL,Total,Otros,Nov - Ene,3514.6573126666667
2019,TOTAL NACIONAL,Total,Otros,Dic - Feb,3585.5422657666663
2020,TOTAL NACIONAL,Total,Otros,Ene - Mar,3726.497150666666
2020,TOTAL NACIONAL,Total,Otros,Feb - Abr,4002.906618833333
2020,TOTAL NACIONAL,Total,Otros,Mar - May,4211.7472912
2020,TOTAL NACIONAL,Total,Otros,Abr - Jun,4110.5015855
2020,TOTAL NACIONAL,Total,Otros,May - Jul,3770.1600932333336
2020,TOTAL NACIONAL,Total,Otros,Jun - Ago,3612.830678866667
2020,TOTAL NACIONAL,Total,Otros,Jul - Sep,3610.3931116
2020,TOTAL NACIONAL,Total,Otros,Ago - Oct,3504.9532899666665
2020,TOTAL NACIONAL,Total,Otros,Sep - Nov,3461.5243447
2020,TOTAL NACIONAL,Total,Otros,Oct - Dic,3523.023289266667
2020,TOTAL NACIONAL,Total,Otros,Nov - Ene,3437.9897697
2020,TOTAL NACIONAL,Total,Otros,Dic - Feb,3119.6110270333334
2021,TOTAL NACIONAL,Total,Otros,Ene - Mar,2664.7412569666667
2021,TOTAL NACIONAL,Total,Otros,Feb - Abr,2474.3756304666663
2021,TOTAL NACIONAL,Total,Otros,Mar - May,2493.2447496333334
2021,TOTAL NACIONAL,Total,Otros,Abr - Jun,2545.6183932333333
2021,TOTAL NACIONAL,Total,Otros,May - Jul,2645.8801162
2021,TOTAL NACIONAL,Total,Otros,Jun - Ago,2698.7354739666666
2021,TOTAL NACIONAL,Total,Otros,Jul - Sep,2715.3703688333335
2021,TOTAL NACIONAL,Total,Otros,Ago - Oct,2608.7507625000003
2021,TOTAL NACIONAL,Total,Otros,Sep - Nov,2547.2404511
2021,TOTAL NACIONAL,Total,Otros,Oct - Dic,2742.3527111999997
2021,TOTAL NACIONAL,Total,Otros,Nov - Ene,3037.633843166667
2021,TOTAL NACIONAL,Total,Otros,Dic - Feb,3135.5062357666666
2022,TOTAL NACIONAL,Total,Otros,Ene - Mar,2964.1454737
2022,TOTAL NACIONAL,Total,Otros,Feb - Abr,2788.201895933334
2022,TOTAL NACIONAL,Total,Otros,Mar - May,2757.152929066667
2022,TOTAL NACIONAL,Total,Otros,Abr - Jun,2838.9483336333337
2022,TOTAL NACIONAL,Total,Otros,May - Jul,2845.9024988666665
2022,TOTAL NACIONAL,Total,Otros,Jun - Ago,2920.0768093
2022,TOTAL NACIONAL,Total,Otros,Jul - Sep,2940.5999535333335
2022,TOTAL NACIONAL,Total,Otros,Ago - Oct,2921.328380866666
2022,TOTAL NACIONAL,Total,Otros,Sep - Nov,2912.3668564
2022,TOTAL NACIONAL,Total,Otros,Oct - Dic,3026.713316
2022,TOTAL NACIONAL,Total,Otros,Nov - Ene,3264.1735267999998
2022,TOTAL NACIONAL,Total,Otros,Dic - Feb,3357.3799711666666
2023,TOTAL NACIONAL,Total,Otros,Ene - Mar,3177.2680139000004
2023,TOTAL NACIONAL,Total,Otros,Feb - Abr,2977.9145286
2023,TOTAL NACIONAL,Total,Otros,Mar - May,2935.918511866667
2023,TOTAL NACIONAL,Total,Otros,Abr - Jun,3038.6318142
2023,TOTAL NACIONAL,Total,Otros,May - Jul,3052.381614
2023,TOTAL NACIONAL,Total,Otros,Jun - Ago,3000.5345110666663
2023,TOTAL NACIONAL,Total,Otros,Jul - Sep,2973.7524104333334
2023,TOTAL NACIONAL,Total,Otros,Ago - Oct,3022.4734539666665
2023,TOTAL NACIONAL,Total,Otros,Sep - Nov,3047.888595333334
2023,TOTAL NACIONAL,Total,Otros,Oct - Dic,3193.552361533333
2023,TOTAL NACIONAL,Total,Otros,Nov - Ene,3340.0405689666663
2023,TOTAL NACIONAL,Total,Otros,Dic - Feb,3366.6029634333336
2024,TOTAL NACIONAL,Total,Otros,Ene - Mar,3267.1860769
2024,TOTAL NACIONAL,Total,Otros,Feb - Abr,3103.4289444333335
2024,TOTAL NACIONAL,Total,Otros,Mar - May,3054.6549292666664
2024,TOTAL NACIONAL,Total,Otros,Abr - Jun,3058.7725826666665
2024,TOTAL NACIONAL,Total,Otros,May - Jul,3043.187371233333
2024,TOTAL NACIONAL,Total,Otros,Jun - Ago,3060.277349666667
2024,TOTAL NACIONAL,Total,Otros,Jul - Sep,2999.3072334999997
2024,TOTAL NACIONAL,Total,Otros,Ago - Oct,2978.2137278333335
2024,TOTAL NACIONAL,Total,Otros,Sep - Nov,2964.488931133333
2024,TOTAL NACIONAL,Total,Otros,Oct - Dic,3096.716480366667
2024,TOTAL NACIONAL,Total,Otros,Nov - Ene,3272.275805566666
2024,TOTAL NACIONAL,Total,Otros,Dic - Feb,3321.7400270666662
2025,TOTAL NACIONAL,Total,Otros,Ene - Mar,3235.382999433333
2025,TOTAL NACIONAL,Total,Otros,Feb - Abr,3140.4394589999997
2025,TOTAL NACIONAL,Total,Otros,Mar - May,3150.7601511
2025,TOTAL NACIONAL,Total,Otros,Abr - Jun,3229.1297113
2025,TOTAL NACIONAL,Total,Otros,May - Jul,3244.453729266667
2025,TOTAL NACIONAL,Total,Otros,Jun - Ago,3248.7685404999997
2025,TOTAL NACIONAL,Total,Otros,Jul - Sep,3152.3921495
2025,TOTAL NACIONAL,Total,Otros,Ago - Oct,3074.2723155333333
2025,TOTAL NACIONAL,Total,Otros,Sep - Nov,3077.656388966667
2025,TOTAL NACIONAL,Total,Otros,Oct - Dic,3272.9040851333334
2025,TOTAL NACIONAL,Total,Otros,Nov - Ene,3550.1523519666666
2025,TOTAL NACIONAL,Total,Otros,Dic - Feb,3580.8216750333336
2026,TOTAL NACIONAL,Total,Otros,Ene - Mar,3411.0139398333336
2007,HOMBRES,Total,Fuera de la fuerza de trabajo,Ene - Mar,3140.3328113000002
2007,HOMBRES,Total,Fuera de la fuerza de trabajo,Feb - Abr,3072.1517783666663
2007,HOMBRES,Total,Fuera de la fuerza de trabajo,Mar - May,3115.2455458333334
2007,HOMBRES,Total,Fuera de la fuerza de trabajo,Abr - Jun,3012.2604383333332
2007,HOMBRES,Total,Fuera de la fuerza de trabajo,May - Jul,3037.1281676333333
2007,HOMBRES,Total,Fuera de la fuerza de trabajo,Jun - Ago,3085.061159833333
2007,HOMBRES,Total,Fuera de la fuerza de trabajo,Jul - Sep,3143.9146760333333
2007,HOMBRES,Total,Fuera de la fuerza de trabajo,Ago - Oct,3095.8396058
2007,HOMBRES,Total,Fuera de la fuerza de trabajo,Sep - Nov,3006.499491766667
2007,HOMBRES,Total,Fuera de la fuerza de trabajo,Oct - Dic,2994.1679427333333
2007,HOMBRES,Total,Fuera de la fuerza de trabajo,Nov - Ene,3061.0771952
2007,HOMBRES,Total,Fuera de la fuerza de trabajo,Dic - Feb,3131.796504933334
2008,HOMBRES,Total,Fuera de la fuerza de trabajo,Ene - Mar,3090.9859211333332
2008,HOMBRES,Total,Fuera de la fuerza de trabajo,Feb - Abr,3032.750250366667
2008,HOMBRES,Total,Fuera de la fuerza de trabajo,Mar - May,3013.607459866667
2008,HOMBRES,Total,Fuera de la fuerza de trabajo,Abr - Jun,3104.312943133333
2008,HOMBRES,Total,Fuera de la fuerza de trabajo,May - Jul,3202.314316666667
2008,HOMBRES,Total,Fuera de la fuerza de trabajo,Jun - Ago,3197.835543633333
2008,HOMBRES,Total,Fuera de la fuerza de trabajo,Jul - Sep,3156.4219726333336
2008,HOMBRES,Total,Fuera de la fuerza de trabajo,Ago - Oct,3140.9280245333334
2008,HOMBRES,Total,Fuera de la fuerza de trabajo,Sep - Nov,3150.0049464999997
2008,HOMBRES,Total,Fuera de la fuerza de trabajo,Oct - Dic,3125.4159978999996
2008,HOMBRES,Total,Fuera de la fuerza de trabajo,Nov - Ene,3102.995824966667
2008,HOMBRES,Total,Fuera de la fuerza de trabajo,Dic - Feb,3046.4911082666663
2009,HOMBRES,Total,Fuera de la fuerza de trabajo,Ene - Mar,2978.1778381000004
2009,HOMBRES,Total,Fuera de la fuerza de trabajo,Feb - Abr,2876.196934266667
2009,HOMBRES,Total,Fuera de la fuerza de trabajo,Mar - May,2811.549223
2009,HOMBRES,Total,Fuera de la fuerza de trabajo,Abr - Jun,2802.0866862999997
2009,HOMBRES,Total,Fuera de la fuerza de trabajo,May - Jul,2808.3513698333336
2009,HOMBRES,Total,Fuera de la fuerza de trabajo,Jun - Ago,2903.9516949666668
2009,HOMBRES,Total,Fuera de la fuerza de trabajo,Jul - Sep,2960.1192654
2009,HOMBRES,Total,Fuera de la fuerza de trabajo,Ago - Oct,2909.077232033333
2009,HOMBRES,Total,Fuera de la fuerza de trabajo,Sep - Nov,2816.0790225
2009,HOMBRES,Total,Fuera de la fuerza de trabajo,Oct - Dic,2742.0704850666666
2009,HOMBRES,Total,Fuera de la fuerza de trabajo,Nov - Ene,2776.228653966666
2009,HOMBRES,Total,Fuera de la fuerza de trabajo,Dic - Feb,2827.1741514
2010,HOMBRES,Total,Fuera de la fuerza de trabajo,Ene - Mar,2899.3637906
2010,HOMBRES,Total,Fuera de la fuerza de trabajo,Feb - Abr,2934.3880152666666
2010,HOMBRES,Total,Fuera de la fuerza de trabajo,Mar - May,2927.8366641
2010,HOMBRES,Total,Fuera de la fuerza de trabajo,Abr - Jun,2868.5599172666666
2010,HOMBRES,Total,Fuera de la fuerza de trabajo,May - Jul,2878.6510983333337
2010,HOMBRES,Total,Fuera de la fuerza de trabajo,Jun - Ago,2876.3582481333337
2010,HOMBRES,Total,Fuera de la fuerza de trabajo,Jul - Sep,2891.343629366667
2010,HOMBRES,Total,Fuera de la fuerza de trabajo,Ago - Oct,2859.3702465999995
2010,HOMBRES,Total,Fuera de la fuerza de trabajo,Sep - Nov,2847.3927809
2010,HOMBRES,Total,Fuera de la fuerza de trabajo,Oct - Dic,2820.8809385
2010,HOMBRES,Total,Fuera de la fuerza de trabajo,Nov - Ene,2840.9028392333335
2010,HOMBRES,Total,Fuera de la fuerza de trabajo,Dic - Feb,2865.4596739000003
2011,HOMBRES,Total,Fuera de la fuerza de trabajo,Ene - Mar,2896.646776533333
2011,HOMBRES,Total,Fuera de la fuerza de trabajo,Feb - Abr,2922.3478362666665
2011,HOMBRES,Total,Fuera de la fuerza de trabajo,Mar - May,2903.4081496
2011,HOMBRES,Total,Fuera de la fuerza de trabajo,Abr - Jun,2908.9910586333335
2011,HOMBRES,Total,Fuera de la fuerza de trabajo,May - Jul,2897.335601366667
2011,HOMBRES,Total,Fuera de la fuerza de trabajo,Jun - Ago,2960.6896551666664
2011,HOMBRES,Total,Fuera de la fuerza de trabajo,Jul - Sep,2979.9596664666665
2011,HOMBRES,Total,Fuera de la fuerza de trabajo,Ago - Oct,2882.2333055666663
2011,HOMBRES,Total,Fuera de la fuerza de trabajo,Sep - Nov,2790.0989626333335
2011,HOMBRES,Total,Fuera de la fuerza de trabajo,Oct - Dic,2713.9077066333334
2011,HOMBRES,Total,Fuera de la fuerza de trabajo,Nov - Ene,2810.4723531666664
2011,HOMBRES,Total,Fuera de la fuerza de trabajo,Dic - Feb,2839.1384056333336
2012,HOMBRES,Total,Fuera de la fuerza de trabajo,Ene - Mar,2886.9958033999997
2012,HOMBRES,Total,Fuera de la fuerza de trabajo,Feb - Abr,2901.3475415333337
2012,HOMBRES,Total,Fuera de la fuerza de trabajo,Mar - May,2899.059906933333
2012,HOMBRES,Total,Fuera de la fuerza de trabajo,Abr - Jun,2898.6191179333327
2012,HOMBRES,Total,Fuera de la fuerza de trabajo,May - Jul,2904.112881833333
2012,HOMBRES,Total,Fuera de la fuerza de trabajo,Jun - Ago,2892.376041066667
2012,HOMBRES,Total,Fuera de la fuerza de trabajo,Jul - Sep,2952.2933727
2012,HOMBRES,Total,Fuera de la fuerza de trabajo,Ago - Oct,2925.5322108
2012,HOMBRES,Total,Fuera de la fuerza de trabajo,Sep - Nov,2973.8545612333332
2012,HOMBRES,Total,Fuera de la fuerza de trabajo,Oct - Dic,2953.9671950666666
2012,HOMBRES,Total,Fuera de la fuerza de trabajo,Nov - Ene,2972.9715749333336
2012,HOMBRES,Total,Fuera de la fuerza de trabajo,Dic - Feb,2983.4824902
2013,HOMBRES,Total,Fuera de la fuerza de trabajo,Ene - Mar,3053.6961819000003
2013,HOMBRES,Total,Fuera de la fuerza de trabajo,Feb - Abr,3143.956760833333
2013,HOMBRES,Total,Fuera de la fuerza de trabajo,Mar - May,3137.110729533333
2013,HOMBRES,Total,Fuera de la fuerza de trabajo,Abr - Jun,3152.8306838333333
2013,HOMBRES,Total,Fuera de la fuerza de trabajo,May - Jul,3123.039530533333
2013,HOMBRES,Total,Fuera de la fuerza de trabajo,Jun - Ago,3180.3806791666666
2013,HOMBRES,Total,Fuera de la fuerza de trabajo,Jul - Sep,3151.9880183666664
2013,HOMBRES,Total,Fuera de la fuerza de trabajo,Ago - Oct,3113.9722257333337
2013,HOMBRES,Total,Fuera de la fuerza de trabajo,Sep - Nov,3116.4890572
2013,HOMBRES,Total,Fuera de la fuerza de trabajo,Oct - Dic,3073.809647266667
2013,HOMBRES,Total,Fuera de la fuerza de trabajo,Nov - Ene,3125.7522436
2013,HOMBRES,Total,Fuera de la fuerza de trabajo,Dic - Feb,3149.1079700000005
2014,HOMBRES,Total,Fuera de la fuerza de trabajo,Ene - Mar,3248.787869033333
2014,HOMBRES,Total,Fuera de la fuerza de trabajo,Feb - Abr,3297.9823041000004
2014,HOMBRES,Total,Fuera de la fuerza de trabajo,Mar - May,3271.218225766667
2014,HOMBRES,Total,Fuera de la fuerza de trabajo,Abr - Jun,3248.4985913
2014,HOMBRES,Total,Fuera de la fuerza de trabajo,May - Jul,3252.7387870999996
2014,HOMBRES,Total,Fuera de la fuerza de trabajo,Jun - Ago,3274.8061135999997
2014,HOMBRES,Total,Fuera de la fuerza de trabajo,Jul - Sep,3282.7616079666664
2014,HOMBRES,Total,Fuera de la fuerza de trabajo,Ago - Oct,3176.9341752666664
2014,HOMBRES,Total,Fuera de la fuerza de trabajo,Sep - Nov,3161.6930143000004
2014,HOMBRES,Total,Fuera de la fuerza de trabajo,Oct - Dic,3132.1762102333337
2014,HOMBRES,Total,Fuera de la fuerza de trabajo,Nov - Ene,3218.7413134
2014,HOMBRES,Total,Fuera de la fuerza de trabajo,Dic - Feb,3248.9977403333337
2015,HOMBRES,Total,Fuera de la fuerza de trabajo,Ene - Mar,3318.0609055333334
2015,HOMBRES,Total,Fuera de la fuerza de trabajo,Feb - Abr,3322.9683411000005
2015,HOMBRES,Total,Fuera de la fuerza de trabajo,Mar - May,3328.988171366667
2015,HOMBRES,Total,Fuera de la fuerza de trabajo,Abr - Jun,3342.1816731
2015,HOMBRES,Total,Fuera de la fuerza de trabajo,May - Jul,3338.724188433334
2015,HOMBRES,Total,Fuera de la fuerza de trabajo,Jun - Ago,3366.3135638000003
2015,HOMBRES,Total,Fuera de la fuerza de trabajo,Jul - Sep,3387.9616905000003
2015,HOMBRES,Total,Fuera de la fuerza de trabajo,Ago - Oct,3350.7802564
2015,HOMBRES,Total,Fuera de la fuerza de trabajo,Sep - Nov,3308.9106053
2015,HOMBRES,Total,Fuera de la fuerza de trabajo,Oct - Dic,3207.864226033333
2015,HOMBRES,Total,Fuera de la fuerza de trabajo,Nov - Ene,3269.8964293000004
2015,HOMBRES,Total,Fuera de la fuerza de trabajo,Dic - Feb,3325.1763496333333
2016,HOMBRES,Total,Fuera de la fuerza de trabajo,Ene - Mar,3449.3053230333335
2016,HOMBRES,Total,Fuera de la fuerza de trabajo,Feb - Abr,3463.1631359666667
2016,HOMBRES,Total,Fuera de la fuerza de trabajo,Mar - May,3542.5135423666666
2016,HOMBRES,Total,Fuera de la fuerza de trabajo,Abr - Jun,3489.7790580333335
2016,HOMBRES,Total,Fuera de la fuerza de trabajo,May - Jul,3554.5858350333333
2016,HOMBRES,Total,Fuera de la fuerza de trabajo,Jun - Ago,3478.119207733333
2016,HOMBRES,Total,Fuera de la fuerza de trabajo,Jul - Sep,3555.0338750666665
2016,HOMBRES,Total,Fuera de la fuerza de trabajo,Ago - Oct,3485.0191451333335
2016,HOMBRES,Total,Fuera de la fuerza de trabajo,Sep - Nov,3495.837733866667
2016,HOMBRES,Total,Fuera de la fuerza de trabajo,Oct - Dic,3407.1806697333336
2016,HOMBRES,Total,Fuera de la fuerza de trabajo,Nov - Ene,3416.9115444333333
2016,HOMBRES,Total,Fuera de la fuerza de trabajo,Dic - Feb,3472.4510654000005
2017,HOMBRES,Total,Fuera de la fuerza de trabajo,Ene - Mar,3571.8317860666666
2017,HOMBRES,Total,Fuera de la fuerza de trabajo,Feb - Abr,3640.625653833333
2017,HOMBRES,Total,Fuera de la fuerza de trabajo,Mar - May,3626.8202808333335
2017,HOMBRES,Total,Fuera de la fuerza de trabajo,Abr - Jun,3576.6206089333336
2017,HOMBRES,Total,Fuera de la fuerza de trabajo,May - Jul,3598.8389201333334
2017,HOMBRES,Total,Fuera de la fuerza de trabajo,Jun - Ago,3598.1703108333336
2017,HOMBRES,Total,Fuera de la fuerza de trabajo,Jul - Sep,3667.887750733333
2017,HOMBRES,Total,Fuera de la fuerza de trabajo,Ago - Oct,3648.859205566667
2017,HOMBRES,Total,Fuera de la fuerza de trabajo,Sep - Nov,3641.2424692666664
2017,HOMBRES,Total,Fuera de la fuerza de trabajo,Oct - Dic,3618.0907372999995
2017,HOMBRES,Total,Fuera de la fuerza de trabajo,Nov - Ene,3651.113583433333
2017,HOMBRES,Total,Fuera de la fuerza de trabajo,Dic - Feb,3710.9364268333334
2018,HOMBRES,Total,Fuera de la fuerza de trabajo,Ene - Mar,3767.6332761
2018,HOMBRES,Total,Fuera de la fuerza de trabajo,Feb - Abr,3794.4085426
2018,HOMBRES,Total,Fuera de la fuerza de trabajo,Mar - May,3791.316292
2018,HOMBRES,Total,Fuera de la fuerza de trabajo,Abr - Jun,3737.711006733333
2018,HOMBRES,Total,Fuera de la fuerza de trabajo,May - Jul,3707.9234192333333
2018,HOMBRES,Total,Fuera de la fuerza de trabajo,Jun - Ago,3720.1403095333335
2018,HOMBRES,Total,Fuera de la fuerza de trabajo,Jul - Sep,3744.8573729
2018,HOMBRES,Total,Fuera de la fuerza de trabajo,Ago - Oct,3766.2920648333334
2018,HOMBRES,Total,Fuera de la fuerza de trabajo,Sep - Nov,3842.0616587333334
2018,HOMBRES,Total,Fuera de la fuerza de trabajo,Oct - Dic,3781.9309679
2018,HOMBRES,Total,Fuera de la fuerza de trabajo,Nov - Ene,3807.448842833333
2018,HOMBRES,Total,Fuera de la fuerza de trabajo,Dic - Feb,3767.182639
2019,HOMBRES,Total,Fuera de la fuerza de trabajo,Ene - Mar,3907.4695678000003
2019,HOMBRES,Total,Fuera de la fuerza de trabajo,Feb - Abr,4005.7760173999995
2019,HOMBRES,Total,Fuera de la fuerza de trabajo,Mar - May,4080.8359112666662
2019,HOMBRES,Total,Fuera de la fuerza de trabajo,Abr - Jun,4075.682523766666
2019,HOMBRES,Total,Fuera de la fuerza de trabajo,May - Jul,4082.3238526
2019,HOMBRES,Total,Fuera de la fuerza de trabajo,Jun - Ago,4082.297813433333
2019,HOMBRES,Total,Fuera de la fuerza de trabajo,Jul - Sep,4163.435541899999
2019,HOMBRES,Total,Fuera de la fuerza de trabajo,Ago - Oct,4126.3777689
2019,HOMBRES,Total,Fuera de la fuerza de trabajo,Sep - Nov,4080.419212433333
2019,HOMBRES,Total,Fuera de la fuerza de trabajo,Oct - Dic,3979.179024333333
2019,HOMBRES,Total,Fuera de la fuerza de trabajo,Nov - Ene,3994.5138472333333
2019,HOMBRES,Total,Fuera de la fuerza de trabajo,Dic - Feb,4023.4798060333337
2020,HOMBRES,Total,Fuera de la fuerza de trabajo,Ene - Mar,4364.436790966666
2020,HOMBRES,Total,Fuera de la fuerza de trabajo,Feb - Abr,5054.864277633333
2020,HOMBRES,Total,Fuera de la fuerza de trabajo,Mar - May,5537.0438222
2020,HOMBRES,Total,Fuera de la fuerza de trabajo,Abr - Jun,5584.928270433334
2020,HOMBRES,Total,Fuera de la fuerza de trabajo,May - Jul,5175.5394934999995
2020,HOMBRES,Total,Fuera de la fuerza de trabajo,Jun - Ago,4898.284798000001
2020,HOMBRES,Total,Fuera de la fuerza de trabajo,Jul - Sep,4775.318254233333
2020,HOMBRES,Total,Fuera de la fuerza de trabajo,Ago - Oct,4575.839179566668
2020,HOMBRES,Total,Fuera de la fuerza de trabajo,Sep - Nov,4522.852269566666
2020,HOMBRES,Total,Fuera de la fuerza de trabajo,Oct - Dic,4417.976256133333
2020,HOMBRES,Total,Fuera de la fuerza de trabajo,Nov - Ene,4512.999191966667
2020,HOMBRES,Total,Fuera de la fuerza de trabajo,Dic - Feb,4457.511732800001
2021,HOMBRES,Total,Fuera de la fuerza de trabajo,Ene - Mar,4432.948455299999
2021,HOMBRES,Total,Fuera de la fuerza de trabajo,Feb - Abr,4388.8512864
2021,HOMBRES,Total,Fuera de la fuerza de trabajo,Mar - May,4454.194992733333
2021,HOMBRES,Total,Fuera de la fuerza de trabajo,Abr - Jun,4518.2426912
2021,HOMBRES,Total,Fuera de la fuerza de trabajo,May - Jul,4571.058920933333
2021,HOMBRES,Total,Fuera de la fuerza de trabajo,Jun - Ago,4557.209706266666
2021,HOMBRES,Total,Fuera de la fuerza de trabajo,Jul - Sep,4562.982627433333
2021,HOMBRES,Total,Fuera de la fuerza de trabajo,Ago - Oct,4462.5300144
2021,HOMBRES,Total,Fuera de la fuerza de trabajo,Sep - Nov,4460.538625066667
2021,HOMBRES,Total,Fuera de la fuerza de trabajo,Oct - Dic,4424.5638201
2021,HOMBRES,Total,Fuera de la fuerza de trabajo,Nov - Ene,4483.604502233334
2021,HOMBRES,Total,Fuera de la fuerza de trabajo,Dic - Feb,4430.682265866667
2022,HOMBRES,Total,Fuera de la fuerza de trabajo,Ene - Mar,4383.622647566667
2022,HOMBRES,Total,Fuera de la fuerza de trabajo,Feb - Abr,4361.112806900001
2022,HOMBRES,Total,Fuera de la fuerza de trabajo,Mar - May,4360.583016333333
2022,HOMBRES,Total,Fuera de la fuerza de trabajo,Abr - Jun,4367.1309177
2022,HOMBRES,Total,Fuera de la fuerza de trabajo,May - Jul,4356.5159435666665
2022,HOMBRES,Total,Fuera de la fuerza de trabajo,Jun - Ago,4412.9703715333335
2022,HOMBRES,Total,Fuera de la fuerza de trabajo,Jul - Sep,4448.7891930666665
2022,HOMBRES,Total,Fuera de la fuerza de trabajo,Ago - Oct,4416.130896
2022,HOMBRES,Total,Fuera de la fuerza de trabajo,Sep - Nov,4421.365578
2022,HOMBRES,Total,Fuera de la fuerza de trabajo,Oct - Dic,4412.624776600001
2022,HOMBRES,Total,Fuera de la fuerza de trabajo,Nov - Ene,4451.7831109
2022,HOMBRES,Total,Fuera de la fuerza de trabajo,Dic - Feb,4463.167440266667
2023,HOMBRES,Total,Fuera de la fuerza de trabajo,Ene - Mar,4437.531799733333
2023,HOMBRES,Total,Fuera de la fuerza de trabajo,Feb - Abr,4389.3034160666675
2023,HOMBRES,Total,Fuera de la fuerza de trabajo,Mar - May,4401.974633266666
2023,HOMBRES,Total,Fuera de la fuerza de trabajo,Abr - Jun,4406.0605904
2023,HOMBRES,Total,Fuera de la fuerza de trabajo,May - Jul,4419.7728351000005
2023,HOMBRES,Total,Fuera de la fuerza de trabajo,Jun - Ago,4361.7865517
2023,HOMBRES,Total,Fuera de la fuerza de trabajo,Jul - Sep,4402.129933166667
2023,HOMBRES,Total,Fuera de la fuerza de trabajo,Ago - Oct,4469.701826966667
2023,HOMBRES,Total,Fuera de la fuerza de trabajo,Sep - Nov,4483.2886911333335
2023,HOMBRES,Total,Fuera de la fuerza de trabajo,Oct - Dic,4486.253181266667
2023,HOMBRES,Total,Fuera de la fuerza de trabajo,Nov - Ene,4463.603857033333
2023,HOMBRES,Total,Fuera de la fuerza de trabajo,Dic - Feb,4491.0840098
2024,HOMBRES,Total,Fuera de la fuerza de trabajo,Ene - Mar,4545.0368762
2024,HOMBRES,Total,Fuera de la fuerza de trabajo,Feb - Abr,4583.345336333333
2024,HOMBRES,Total,Fuera de la fuerza de trabajo,Mar - May,4548.494088266667
2024,HOMBRES,Total,Fuera de la fuerza de trabajo,Abr - Jun,4505.336296066667
2024,HOMBRES,Total,Fuera de la fuerza de trabajo,May - Jul,4493.8199693
2024,HOMBRES,Total,Fuera de la fuerza de trabajo,Jun - Ago,4515.232982466667
2024,HOMBRES,Total,Fuera de la fuerza de trabajo,Jul - Sep,4557.586699333333
2024,HOMBRES,Total,Fuera de la fuerza de trabajo,Ago - Oct,4522.6119264
2024,HOMBRES,Total,Fuera de la fuerza de trabajo,Sep - Nov,4594.591575733332
2024,HOMBRES,Total,Fuera de la fuerza de trabajo,Oct - Dic,4585.466329333333
2024,HOMBRES,Total,Fuera de la fuerza de trabajo,Nov - Ene,4572.582681
2024,HOMBRES,Total,Fuera de la fuerza de trabajo,Dic - Feb,4525.0710075666675
2025,HOMBRES,Total,Fuera de la fuerza de trabajo,Ene - Mar,4508.9096991
2025,HOMBRES,Total,Fuera de la fuerza de trabajo,Feb - Abr,4556.4473096
2025,HOMBRES,Total,Fuera de la fuerza de trabajo,Mar - May,4527.567020533334
2025,HOMBRES,Total,Fuera de la fuerza de trabajo,Abr - Jun,4552.9041898666665
2025,HOMBRES,Total,Fuera de la fuerza de trabajo,May - Jul,4543.758619766667
2025,HOMBRES,Total,Fuera de la fuerza de trabajo,Jun - Ago,4549.821419499999
2025,HOMBRES,Total,Fuera de la fuerza de trabajo,Jul - Sep,4573.248228266667
2025,HOMBRES,Total,Fuera de la fuerza de trabajo,Ago - Oct,4521.8927888
2025,HOMBRES,Total,Fuera de la fuerza de trabajo,Sep - Nov,4509.348782233334
2025,HOMBRES,Total,Fuera de la fuerza de trabajo,Oct - Dic,4468.333569133333
2025,HOMBRES,Total,Fuera de la fuerza de trabajo,Nov - Ene,4577.256779566666
2025,HOMBRES,Total,Fuera de la fuerza de trabajo,Dic - Feb,4610.361387066667
2026,HOMBRES,Total,Fuera de la fuerza de trabajo,Ene - Mar,4573.147320033334
2007,HOMBRES,Total,Estudiando,Ene - Mar,1224.0397907033332
2007,HOMBRES,Total,Estudiando,Feb - Abr,1360.4437414666666
2007,HOMBRES,Total,Estudiando,Mar - May,1414.4052474666667
2007,HOMBRES,Total,Estudiando,Abr - Jun,1345.1509663
2007,HOMBRES,Total,Estudiando,May - Jul,1293.5771138
2007,HOMBRES,Total,Estudiando,Jun - Ago,1307.0474815666666
2007,HOMBRES,Total,Estudiando,Jul - Sep,1361.1309094333333
2007,HOMBRES,Total,Estudiando,Ago - Oct,1403.9625780333336
2007,HOMBRES,Total,Estudiando,Sep - Nov,1370.6996774
2007,HOMBRES,Total,Estudiando,Oct - Dic,1221.69045675
2007,HOMBRES,Total,Estudiando,Nov - Ene,1188.0466151500002
2007,HOMBRES,Total,Estudiando,Dic - Feb,1205.6732582166667
2008,HOMBRES,Total,Estudiando,Ene - Mar,1329.3656324333335
2008,HOMBRES,Total,Estudiando,Feb - Abr,1371.9433582666668
2008,HOMBRES,Total,Estudiando,Mar - May,1383.1620884333333
2008,HOMBRES,Total,Estudiando,Abr - Jun,1420.0605947000001
2008,HOMBRES,Total,Estudiando,May - Jul,1431.3171534
2008,HOMBRES,Total,Estudiando,Jun - Ago,1441.7146025333334
2008,HOMBRES,Total,Estudiando,Jul - Sep,1440.3403346000002
2008,HOMBRES,Total,Estudiando,Ago - Oct,1488.3850430000002
2008,HOMBRES,Total,Estudiando,Sep - Nov,1478.9301580333333
2008,HOMBRES,Total,Estudiando,Oct - Dic,1379.5014215333333
2008,HOMBRES,Total,Estudiando,Nov - Ene,1250.6966062000001
2008,HOMBRES,Total,Estudiando,Dic - Feb,1199.5608215666668
2009,HOMBRES,Total,Estudiando,Ene - Mar,1240.7097814
2009,HOMBRES,Total,Estudiando,Feb - Abr,1290.8812028666666
2009,HOMBRES,Total,Estudiando,Mar - May,1302.7488393666667
2009,HOMBRES,Total,Estudiando,Abr - Jun,1299.5455232666666
2009,HOMBRES,Total,Estudiando,May - Jul,1295.461849666667
2009,HOMBRES,Total,Estudiando,Jun - Ago,1332.3311597666668
2009,HOMBRES,Total,Estudiando,Jul - Sep,1394.8313256000001
2009,HOMBRES,Total,Estudiando,Ago - Oct,1356.5823749666667
2009,HOMBRES,Total,Estudiando,Sep - Nov,1301.5457649333334
2009,HOMBRES,Total,Estudiando,Oct - Dic,1167.8866312666667
2009,HOMBRES,Total,Estudiando,Nov - Ene,1154.4743917666667
2009,HOMBRES,Total,Estudiando,Dic - Feb,1197.9093258999999
2010,HOMBRES,Total,Estudiando,Ene - Mar,1309.9786494333332
2010,HOMBRES,Total,Estudiando,Feb - Abr,1386.9096753333336
2010,HOMBRES,Total,Estudiando,Mar - May,1393.0998552333333
2010,HOMBRES,Total,Estudiando,Abr - Jun,1384.0443868666669
2010,HOMBRES,Total,Estudiando,May - Jul,1372.9579877333333
2010,HOMBRES,Total,Estudiando,Jun - Ago,1357.2251333666666
2010,HOMBRES,Total,Estudiando,Jul - Sep,1341.8915843666666
2010,HOMBRES,Total,Estudiando,Ago - Oct,1322.8755563333334
2010,HOMBRES,Total,Estudiando,Sep - Nov,1325.9311742666669
2010,HOMBRES,Total,Estudiando,Oct - Dic,1247.0045769
2010,HOMBRES,Total,Estudiando,Nov - Ene,1229.5367690333335
2010,HOMBRES,Total,Estudiando,Dic - Feb,1208.9215941000002
2011,HOMBRES,Total,Estudiando,Ene - Mar,1288.0753407
2011,HOMBRES,Total,Estudiando,Feb - Abr,1350.5482273
2011,HOMBRES,Total,Estudiando,Mar - May,1344.4668805
2011,HOMBRES,Total,Estudiando,Abr - Jun,1349.4136761333332
2011,HOMBRES,Total,Estudiando,May - Jul,1324.5538914666665
2011,HOMBRES,Total,Estudiando,Jun - Ago,1367.2761667333332
2011,HOMBRES,Total,Estudiando,Jul - Sep,1384.9819864
2011,HOMBRES,Total,Estudiando,Ago - Oct,1300.0653848
2011,HOMBRES,Total,Estudiando,Sep - Nov,1229.3511265
2011,HOMBRES,Total,Estudiando,Oct - Dic,1063.9934930133334
2011,HOMBRES,Total,Estudiando,Nov - Ene,1071.4896694133333
2011,HOMBRES,Total,Estudiando,Dic - Feb,1073.0836695133332
2012,HOMBRES,Total,Estudiando,Ene - Mar,1210.8137848666668
2012,HOMBRES,Total,Estudiando,Feb - Abr,1266.7012352
2012,HOMBRES,Total,Estudiando,Mar - May,1279.6108084999998
2012,HOMBRES,Total,Estudiando,Abr - Jun,1251.6496529
2012,HOMBRES,Total,Estudiando,May - Jul,1259.0011024000003
2012,HOMBRES,Total,Estudiando,Jun - Ago,1261.1314736666666
2012,HOMBRES,Total,Estudiando,Jul - Sep,1304.5885176
2012,HOMBRES,Total,Estudiando,Ago - Oct,1280.6028120333333
2012,HOMBRES,Total,Estudiando,Sep - Nov,1269.1621949999999
2012,HOMBRES,Total,Estudiando,Oct - Dic,1172.8498312
2012,HOMBRES,Total,Estudiando,Nov - Ene,1140.1371980333333
2012,HOMBRES,Total,Estudiando,Dic - Feb,1147.9001267
2013,HOMBRES,Total,Estudiando,Ene - Mar,1252.5798487666668
2013,HOMBRES,Total,Estudiando,Feb - Abr,1342.3368582666665
2013,HOMBRES,Total,Estudiando,Mar - May,1361.6116801333333
2013,HOMBRES,Total,Estudiando,Abr - Jun,1374.4734612
2013,HOMBRES,Total,Estudiando,May - Jul,1372.3639194666666
2013,HOMBRES,Total,Estudiando,Jun - Ago,1383.4798131
2013,HOMBRES,Total,Estudiando,Jul - Sep,1367.5206536333333
2013,HOMBRES,Total,Estudiando,Ago - Oct,1369.2871354666668
2013,HOMBRES,Total,Estudiando,Sep - Nov,1345.3850103666666
2013,HOMBRES,Total,Estudiando,Oct - Dic,1237.1417583000002
2013,HOMBRES,Total,Estudiando,Nov - Ene,1161.2697457000002
2013,HOMBRES,Total,Estudiando,Dic - Feb,1204.0600419333334
2014,HOMBRES,Total,Estudiando,Ene - Mar,1340.5310218000002
2014,HOMBRES,Total,Estudiando,Feb - Abr,1440.2618017333334
2014,HOMBRES,Total,Estudiando,Mar - May,1430.5462737333335
2014,HOMBRES,Total,Estudiando,Abr - Jun,1397.7984151
2014,HOMBRES,Total,Estudiando,May - Jul,1381.9338671666667
2014,HOMBRES,Total,Estudiando,Jun - Ago,1399.6926467
2014,HOMBRES,Total,Estudiando,Jul - Sep,1415.7212429666668
2014,HOMBRES,Total,Estudiando,Ago - Oct,1395.3746263
2014,HOMBRES,Total,Estudiando,Sep - Nov,1379.072725133333
2014,HOMBRES,Total,Estudiando,Oct - Dic,1270.3949341
2014,HOMBRES,Total,Estudiando,Nov - Ene,1212.4956165
2014,HOMBRES,Total,Estudiando,Dic - Feb,1222.7731872666666
2015,HOMBRES,Total,Estudiando,Ene - Mar,1356.4998462666665
2015,HOMBRES,Total,Estudiando,Feb - Abr,1432.4968776333333
2015,HOMBRES,Total,Estudiando,Mar - May,1426.8466429333332
2015,HOMBRES,Total,Estudiando,Abr - Jun,1402.7245313666665
2015,HOMBRES,Total,Estudiando,May - Jul,1391.2703845999997
2015,HOMBRES,Total,Estudiando,Jun - Ago,1437.4633328333337
2015,HOMBRES,Total,Estudiando,Jul - Sep,1489.9211569
2015,HOMBRES,Total,Estudiando,Ago - Oct,1492.3943455666667
2015,HOMBRES,Total,Estudiando,Sep - Nov,1436.6739825666664
2015,HOMBRES,Total,Estudiando,Oct - Dic,1297.012286
2015,HOMBRES,Total,Estudiando,Nov - Ene,1267.3142962333334
2015,HOMBRES,Total,Estudiando,Dic - Feb,1281.4892865333334
2016,HOMBRES,Total,Estudiando,Ene - Mar,1382.8070427333334
2016,HOMBRES,Total,Estudiando,Feb - Abr,1477.9978076
2016,HOMBRES,Total,Estudiando,Mar - May,1544.6195737666667
2016,HOMBRES,Total,Estudiando,Abr - Jun,1528.1694145666668
2016,HOMBRES,Total,Estudiando,May - Jul,1518.9225445666668
2016,HOMBRES,Total,Estudiando,Jun - Ago,1476.2998356666667
2016,HOMBRES,Total,Estudiando,Jul - Sep,1543.1370554333334
2016,HOMBRES,Total,Estudiando,Ago - Oct,1530.5986917999999
2016,HOMBRES,Total,Estudiando,Sep - Nov,1522.3604532666668
2016,HOMBRES,Total,Estudiando,Oct - Dic,1405.6499969666665
2016,HOMBRES,Total,Estudiando,Nov - Ene,1330.2614171999999
2016,HOMBRES,Total,Estudiando,Dic - Feb,1348.1614079666667
2017,HOMBRES,Total,Estudiando,Ene - Mar,1457.3737793666667
2017,HOMBRES,Total,Estudiando,Feb - Abr,1546.8675090333334
2017,HOMBRES,Total,Estudiando,Mar - May,1546.0410234333333
2017,HOMBRES,Total,Estudiando,Abr - Jun,1508.6854986333335
2017,HOMBRES,Total,Estudiando,May - Jul,1510.5853808333334
2017,HOMBRES,Total,Estudiando,Jun - Ago,1513.5827215333336
2017,HOMBRES,Total,Estudiando,Jul - Sep,1573.0096532333334
2017,HOMBRES,Total,Estudiando,Ago - Oct,1589.3107083000002
2017,HOMBRES,Total,Estudiando,Sep - Nov,1594.1992190333333
2017,HOMBRES,Total,Estudiando,Oct - Dic,1477.9091476
2017,HOMBRES,Total,Estudiando,Nov - Ene,1402.5429783
2017,HOMBRES,Total,Estudiando,Dic - Feb,1387.885725
2018,HOMBRES,Total,Estudiando,Ene - Mar,1484.4021220333334
2018,HOMBRES,Total,Estudiando,Feb - Abr,1576.7955089
2018,HOMBRES,Total,Estudiando,Mar - May,1581.8447884333334
2018,HOMBRES,Total,Estudiando,Abr - Jun,1564.3095812
2018,HOMBRES,Total,Estudiando,May - Jul,1530.9204276
2018,HOMBRES,Total,Estudiando,Jun - Ago,1565.4193009333333
2018,HOMBRES,Total,Estudiando,Jul - Sep,1613.0391881666667
2018,HOMBRES,Total,Estudiando,Ago - Oct,1602.1064092666668
2018,HOMBRES,Total,Estudiando,Sep - Nov,1621.5062248666666
2018,HOMBRES,Total,Estudiando,Oct - Dic,1460.0105228
2018,HOMBRES,Total,Estudiando,Nov - Ene,1423.8792924666668
2018,HOMBRES,Total,Estudiando,Dic - Feb,1390.1030951666664
2019,HOMBRES,Total,Estudiando,Ene - Mar,1556.4670228333332
2019,HOMBRES,Total,Estudiando,Feb - Abr,1627.8943161333334
2019,HOMBRES,Total,Estudiando,Mar - May,1663.8199445333332
2019,HOMBRES,Total,Estudiando,Abr - Jun,1646.9043559333331
2019,HOMBRES,Total,Estudiando,May - Jul,1666.6709368333334
2019,HOMBRES,Total,Estudiando,Jun - Ago,1658.2781203000002
2019,HOMBRES,Total,Estudiando,Jul - Sep,1711.7350288
2019,HOMBRES,Total,Estudiando,Ago - Oct,1705.6798901333334
2019,HOMBRES,Total,Estudiando,Sep - Nov,1689.0135871666669
2019,HOMBRES,Total,Estudiando,Oct - Dic,1554.2093328333333
2019,HOMBRES,Total,Estudiando,Nov - Ene,1475.4320823666667
2019,HOMBRES,Total,Estudiando,Dic - Feb,1452.2008233
2020,HOMBRES,Total,Estudiando,Ene - Mar,1556.9457323666666
2020,HOMBRES,Total,Estudiando,Feb - Abr,1645.2536529666668
2020,HOMBRES,Total,Estudiando,Mar - May,1716.1940262666667
2020,HOMBRES,Total,Estudiando,Abr - Jun,1710.8979169666666
2020,HOMBRES,Total,Estudiando,May - Jul,1712.3798970333335
2020,HOMBRES,Total,Estudiando,Jun - Ago,1672.6974313
2020,HOMBRES,Total,Estudiando,Jul - Sep,1682.8952733333335
2020,HOMBRES,Total,Estudiando,Ago - Oct,1661.2611533333336
2020,HOMBRES,Total,Estudiando,Sep - Nov,1656.6133718333333
2020,HOMBRES,Total,Estudiando,Oct - Dic,1573.1788073333335
2020,HOMBRES,Total,Estudiando,Nov - Ene,1446.5876064000001
2020,HOMBRES,Total,Estudiando,Dic - Feb,1441.5333180999999
2021,HOMBRES,Total,Estudiando,Ene - Mar,1528.8471483333335
2021,HOMBRES,Total,Estudiando,Feb - Abr,1705.6675617333333
2021,HOMBRES,Total,Estudiando,Mar - May,1768.5284696333335
2021,HOMBRES,Total,Estudiando,Abr - Jun,1785.2916163999998
2021,HOMBRES,Total,Estudiando,May - Jul,1779.1988967999998
2021,HOMBRES,Total,Estudiando,Jun - Ago,1764.1496680666667
2021,HOMBRES,Total,Estudiando,Jul - Sep,1793.2522558333333
2021,HOMBRES,Total,Estudiando,Ago - Oct,1789.5771126
2021,HOMBRES,Total,Estudiando,Sep - Nov,1804.255777
2021,HOMBRES,Total,Estudiando,Oct - Dic,1567.374208
2021,HOMBRES,Total,Estudiando,Nov - Ene,1395.8084197666667
2021,HOMBRES,Total,Estudiando,Dic - Feb,1333.8307883666666
2022,HOMBRES,Total,Estudiando,Ene - Mar,1500.4245678333334
2022,HOMBRES,Total,Estudiando,Feb - Abr,1673.6436133999998
2022,HOMBRES,Total,Estudiando,Mar - May,1723.5414176000002
2022,HOMBRES,Total,Estudiando,Abr - Jun,1699.9708077999996
2022,HOMBRES,Total,Estudiando,May - Jul,1668.1869800666666
2022,HOMBRES,Total,Estudiando,Jun - Ago,1688.266919
2022,HOMBRES,Total,Estudiando,Jul - Sep,1724.2411444666666
2022,HOMBRES,Total,Estudiando,Ago - Oct,1763.1831490666666
2022,HOMBRES,Total,Estudiando,Sep - Nov,1744.4467433666669
2022,HOMBRES,Total,Estudiando,Oct - Dic,1615.5892254
2022,HOMBRES,Total,Estudiando,Nov - Ene,1465.2977439666665
2022,HOMBRES,Total,Estudiando,Dic - Feb,1428.9679716
2023,HOMBRES,Total,Estudiando,Ene - Mar,1563.8670680333332
2023,HOMBRES,Total,Estudiando,Feb - Abr,1651.5658155
2023,HOMBRES,Total,Estudiando,Mar - May,1704.4630516
2023,HOMBRES,Total,Estudiando,Abr - Jun,1672.4953654666667
2023,HOMBRES,Total,Estudiando,May - Jul,1681.8128218
2023,HOMBRES,Total,Estudiando,Jun - Ago,1660.498188333333
2023,HOMBRES,Total,Estudiando,Jul - Sep,1720.7047727333331
2023,HOMBRES,Total,Estudiando,Ago - Oct,1778.9294833333333
2023,HOMBRES,Total,Estudiando,Sep - Nov,1776.4615251666667
2023,HOMBRES,Total,Estudiando,Oct - Dic,1600.6481148000003
2023,HOMBRES,Total,Estudiando,Nov - Ene,1442.7121625666668
2023,HOMBRES,Total,Estudiando,Dic - Feb,1408.3092851000001
2024,HOMBRES,Total,Estudiando,Ene - Mar,1552.5017332999998
2024,HOMBRES,Total,Estudiando,Feb - Abr,1694.2261902333332
2024,HOMBRES,Total,Estudiando,Mar - May,1712.4329601333332
2024,HOMBRES,Total,Estudiando,Abr - Jun,1666.1356122333334
2024,HOMBRES,Total,Estudiando,May - Jul,1654.3029379666666
2024,HOMBRES,Total,Estudiando,Jun - Ago,1682.0521015000002
2024,HOMBRES,Total,Estudiando,Jul - Sep,1783.1529533333332
2024,HOMBRES,Total,Estudiando,Ago - Oct,1788.1253556
2024,HOMBRES,Total,Estudiando,Sep - Nov,1838.2074583
2024,HOMBRES,Total,Estudiando,Oct - Dic,1701.4119289
2024,HOMBRES,Total,Estudiando,Nov - Ene,1587.4427744333334
2024,HOMBRES,Total,Estudiando,Dic - Feb,1524.0073391333333
2025,HOMBRES,Total,Estudiando,Ene - Mar,1599.9115607
2025,HOMBRES,Total,Estudiando,Feb - Abr,1714.3161539333335
2025,HOMBRES,Total,Estudiando,Mar - May,1732.6907403333332
2025,HOMBRES,Total,Estudiando,Abr - Jun,1728.9040180000002
2025,HOMBRES,Total,Estudiando,May - Jul,1730.5317078666667
2025,HOMBRES,Total,Estudiando,Jun - Ago,1723.8602810333334
2025,HOMBRES,Total,Estudiando,Jul - Sep,1781.4832000333336
2025,HOMBRES,Total,Estudiando,Ago - Oct,1775.4754115999997
2025,HOMBRES,Total,Estudiando,Sep - Nov,1783.0671771666666
2025,HOMBRES,Total,Estudiando,Oct - Dic,1615.0328435000001
2025,HOMBRES,Total,Estudiando,Nov - Ene,1518.0300377333333
2025,HOMBRES,Total,Estudiando,Dic - Feb,1494.9870512333334
2026,HOMBRES,Total,Estudiando,Ene - Mar,1604.4867537666667
2007,HOMBRES,Total,Oficios del Hogar,Ene - Mar,484.63550274666665
2007,HOMBRES,Total,Oficios del Hogar,Feb - Abr,422.3687617433333
2007,HOMBRES,Total,Oficios del Hogar,Mar - May,403.5882884366667
2007,HOMBRES,Total,Oficios del Hogar,Abr - Jun,400.66464157
2007,HOMBRES,Total,Oficios del Hogar,May - Jul,437.21074947333335
2007,HOMBRES,Total,Oficios del Hogar,Jun - Ago,462.07368109333333
2007,HOMBRES,Total,Oficios del Hogar,Jul - Sep,476.95814364000006
2007,HOMBRES,Total,Oficios del Hogar,Ago - Oct,432.7444107666667
2007,HOMBRES,Total,Oficios del Hogar,Sep - Nov,414.37921714333334
2007,HOMBRES,Total,Oficios del Hogar,Oct - Dic,381.88748160999995
2007,HOMBRES,Total,Oficios del Hogar,Nov - Ene,412.0642248333333
2007,HOMBRES,Total,Oficios del Hogar,Dic - Feb,428.57290884
2008,HOMBRES,Total,Oficios del Hogar,Ene - Mar,408.16309918666667
2008,HOMBRES,Total,Oficios del Hogar,Feb - Abr,428.5831198033334
2008,HOMBRES,Total,Oficios del Hogar,Mar - May,440.75246354999996
2008,HOMBRES,Total,Oficios del Hogar,Abr - Jun,491.05334919666666
2008,HOMBRES,Total,Oficios del Hogar,May - Jul,464.02507482333334
2008,HOMBRES,Total,Oficios del Hogar,Jun - Ago,460.82864731
2008,HOMBRES,Total,Oficios del Hogar,Jul - Sep,425.8158785866667
2008,HOMBRES,Total,Oficios del Hogar,Ago - Oct,406.80181873
2008,HOMBRES,Total,Oficios del Hogar,Sep - Nov,389.7485067333334
2008,HOMBRES,Total,Oficios del Hogar,Oct - Dic,419.63962066
2008,HOMBRES,Total,Oficios del Hogar,Nov - Ene,455.22142661333334
2008,HOMBRES,Total,Oficios del Hogar,Dic - Feb,431.03069662999997
2009,HOMBRES,Total,Oficios del Hogar,Ene - Mar,402.94028624666663
2009,HOMBRES,Total,Oficios del Hogar,Feb - Abr,381.86144326666664
2009,HOMBRES,Total,Oficios del Hogar,Mar - May,378.3025793433333
2009,HOMBRES,Total,Oficios del Hogar,Abr - Jun,362.8949944866667
2009,HOMBRES,Total,Oficios del Hogar,May - Jul,327.0051977566667
2009,HOMBRES,Total,Oficios del Hogar,Jun - Ago,325.71582392666664
2009,HOMBRES,Total,Oficios del Hogar,Jul - Sep,308.03298373
2009,HOMBRES,Total,Oficios del Hogar,Ago - Oct,321.32856903
2009,HOMBRES,Total,Oficios del Hogar,Sep - Nov,297.86798837333333
2009,HOMBRES,Total,Oficios del Hogar,Oct - Dic,315.57230739000005
2009,HOMBRES,Total,Oficios del Hogar,Nov - Ene,295.5792606666667
2009,HOMBRES,Total,Oficios del Hogar,Dic - Feb,301.36809506000003
2010,HOMBRES,Total,Oficios del Hogar,Ene - Mar,290.1985012133333
2010,HOMBRES,Total,Oficios del Hogar,Feb - Abr,286.38243379666665
2010,HOMBRES,Total,Oficios del Hogar,Mar - May,282.3661384966667
2010,HOMBRES,Total,Oficios del Hogar,Abr - Jun,257.86953765333334
2010,HOMBRES,Total,Oficios del Hogar,May - Jul,269.65264207
2010,HOMBRES,Total,Oficios del Hogar,Jun - Ago,282.35580914999997
2010,HOMBRES,Total,Oficios del Hogar,Jul - Sep,298.73053984
2010,HOMBRES,Total,Oficios del Hogar,Ago - Oct,301.93924483999996
2010,HOMBRES,Total,Oficios del Hogar,Sep - Nov,289.69549111333333
2010,HOMBRES,Total,Oficios del Hogar,Oct - Dic,297.26542333333333
2010,HOMBRES,Total,Oficios del Hogar,Nov - Ene,287.5127681366667
2010,HOMBRES,Total,Oficios del Hogar,Dic - Feb,292.91949464333334
2011,HOMBRES,Total,Oficios del Hogar,Ene - Mar,270.23162826333333
2011,HOMBRES,Total,Oficios del Hogar,Feb - Abr,271.38443586333335
2011,HOMBRES,Total,Oficios del Hogar,Mar - May,265.18114571
2011,HOMBRES,Total,Oficios del Hogar,Abr - Jun,272.17794252333334
2011,HOMBRES,Total,Oficios del Hogar,May - Jul,270.86343487333335
2011,HOMBRES,Total,Oficios del Hogar,Jun - Ago,289.23603741333335
2011,HOMBRES,Total,Oficios del Hogar,Jul - Sep,279.50862564666664
2011,HOMBRES,Total,Oficios del Hogar,Ago - Oct,284.2914081933333
2011,HOMBRES,Total,Oficios del Hogar,Sep - Nov,285.8717910866667
2011,HOMBRES,Total,Oficios del Hogar,Oct - Dic,321.80912001
2011,HOMBRES,Total,Oficios del Hogar,Nov - Ene,320.92814898666666
2011,HOMBRES,Total,Oficios del Hogar,Dic - Feb,312.88648444333336
2012,HOMBRES,Total,Oficios del Hogar,Ene - Mar,280.83615047
2012,HOMBRES,Total,Oficios del Hogar,Feb - Abr,295.0618907066667
2012,HOMBRES,Total,Oficios del Hogar,Mar - May,280.86537997333335
2012,HOMBRES,Total,Oficios del Hogar,Abr - Jun,288.0644560133333
2012,HOMBRES,Total,Oficios del Hogar,May - Jul,252.84169415666668
2012,HOMBRES,Total,Oficios del Hogar,Jun - Ago,258.37685272333334
2012,HOMBRES,Total,Oficios del Hogar,Jul - Sep,256.96529346
2012,HOMBRES,Total,Oficios del Hogar,Ago - Oct,284.16133298
2012,HOMBRES,Total,Oficios del Hogar,Sep - Nov,312.17180095666663
2012,HOMBRES,Total,Oficios del Hogar,Oct - Dic,342.2153463966667
2012,HOMBRES,Total,Oficios del Hogar,Nov - Ene,338.03272326
2012,HOMBRES,Total,Oficios del Hogar,Dic - Feb,327.3545705766667
2013,HOMBRES,Total,Oficios del Hogar,Ene - Mar,301.18261623333336
2013,HOMBRES,Total,Oficios del Hogar,Feb - Abr,323.9996703233333
2013,HOMBRES,Total,Oficios del Hogar,Mar - May,312.66354602
2013,HOMBRES,Total,Oficios del Hogar,Abr - Jun,334.6822901433333
2013,HOMBRES,Total,Oficios del Hogar,May - Jul,309.7774121666667
2013,HOMBRES,Total,Oficios del Hogar,Jun - Ago,312.68920840000004
2013,HOMBRES,Total,Oficios del Hogar,Jul - Sep,300.7195583033333
2013,HOMBRES,Total,Oficios del Hogar,Ago - Oct,301.82336763666666
2013,HOMBRES,Total,Oficios del Hogar,Sep - Nov,331.96917321999996
2013,HOMBRES,Total,Oficios del Hogar,Oct - Dic,342.87002746
2013,HOMBRES,Total,Oficios del Hogar,Nov - Ene,370.05808899333334
2013,HOMBRES,Total,Oficios del Hogar,Dic - Feb,348.2309314233333
2014,HOMBRES,Total,Oficios del Hogar,Ene - Mar,351.05570489333337
2014,HOMBRES,Total,Oficios del Hogar,Feb - Abr,347.57916178333335
2014,HOMBRES,Total,Oficios del Hogar,Mar - May,348.4260237966667
2014,HOMBRES,Total,Oficios del Hogar,Abr - Jun,364.07696932
2014,HOMBRES,Total,Oficios del Hogar,May - Jul,363.63583685000003
2014,HOMBRES,Total,Oficios del Hogar,Jun - Ago,349.1592167466667
2014,HOMBRES,Total,Oficios del Hogar,Jul - Sep,323.28508956
2014,HOMBRES,Total,Oficios del Hogar,Ago - Oct,284.62071648
2014,HOMBRES,Total,Oficios del Hogar,Sep - Nov,295.61152092000003
2014,HOMBRES,Total,Oficios del Hogar,Oct - Dic,323.39022979
2014,HOMBRES,Total,Oficios del Hogar,Nov - Ene,354.95811660000004
2014,HOMBRES,Total,Oficios del Hogar,Dic - Feb,360.01299951333334
2015,HOMBRES,Total,Oficios del Hogar,Ene - Mar,349.6124171766666
2015,HOMBRES,Total,Oficios del Hogar,Feb - Abr,343.6652150566667
2015,HOMBRES,Total,Oficios del Hogar,Mar - May,352.57671325999996
2015,HOMBRES,Total,Oficios del Hogar,Abr - Jun,339.17880377333336
2015,HOMBRES,Total,Oficios del Hogar,May - Jul,334.1860631066667
2015,HOMBRES,Total,Oficios del Hogar,Jun - Ago,335.82512305
2015,HOMBRES,Total,Oficios del Hogar,Jul - Sep,337.85731377999997
2015,HOMBRES,Total,Oficios del Hogar,Ago - Oct,329.5017558933334
2015,HOMBRES,Total,Oficios del Hogar,Sep - Nov,330.2426094433333
2015,HOMBRES,Total,Oficios del Hogar,Oct - Dic,356.2650267066667
2015,HOMBRES,Total,Oficios del Hogar,Nov - Ene,393.21273872
2015,HOMBRES,Total,Oficios del Hogar,Dic - Feb,394.26271784666665
2016,HOMBRES,Total,Oficios del Hogar,Ene - Mar,437.7081999633333
2016,HOMBRES,Total,Oficios del Hogar,Feb - Abr,415.34070354
2016,HOMBRES,Total,Oficios del Hogar,Mar - May,439.4403084566666
2016,HOMBRES,Total,Oficios del Hogar,Abr - Jun,404.72621063666674
2016,HOMBRES,Total,Oficios del Hogar,May - Jul,447.12920404666664
2016,HOMBRES,Total,Oficios del Hogar,Jun - Ago,440.18614118666665
2016,HOMBRES,Total,Oficios del Hogar,Jul - Sep,418.5672031666666
2016,HOMBRES,Total,Oficios del Hogar,Ago - Oct,388.1159598033333
2016,HOMBRES,Total,Oficios del Hogar,Sep - Nov,396.74416612333334
2016,HOMBRES,Total,Oficios del Hogar,Oct - Dic,396.68084154
2016,HOMBRES,Total,Oficios del Hogar,Nov - Ene,413.24686997000003
2016,HOMBRES,Total,Oficios del Hogar,Dic - Feb,395.43697030999994
2017,HOMBRES,Total,Oficios del Hogar,Ene - Mar,403.03895956666673
2017,HOMBRES,Total,Oficios del Hogar,Feb - Abr,398.96873989
2017,HOMBRES,Total,Oficios del Hogar,Mar - May,400.48982563666664
2017,HOMBRES,Total,Oficios del Hogar,Abr - Jun,396.06259260333337
2017,HOMBRES,Total,Oficios del Hogar,May - Jul,372.1584975533333
2017,HOMBRES,Total,Oficios del Hogar,Jun - Ago,373.2811549566666
2017,HOMBRES,Total,Oficios del Hogar,Jul - Sep,371.64415658
2017,HOMBRES,Total,Oficios del Hogar,Ago - Oct,375.8299358
2017,HOMBRES,Total,Oficios del Hogar,Sep - Nov,369.52122089333335
2017,HOMBRES,Total,Oficios del Hogar,Oct - Dic,383.39973158000004
2017,HOMBRES,Total,Oficios del Hogar,Nov - Ene,418.4788616
2017,HOMBRES,Total,Oficios del Hogar,Dic - Feb,431.45233678666665
2018,HOMBRES,Total,Oficios del Hogar,Ene - Mar,447.95151669333336
2018,HOMBRES,Total,Oficios del Hogar,Feb - Abr,427.9639425066667
2018,HOMBRES,Total,Oficios del Hogar,Mar - May,424.84042256333333
2018,HOMBRES,Total,Oficios del Hogar,Abr - Jun,399.56756979666665
2018,HOMBRES,Total,Oficios del Hogar,May - Jul,400.19985926333334
2018,HOMBRES,Total,Oficios del Hogar,Jun - Ago,396.26393149999996
2018,HOMBRES,Total,Oficios del Hogar,Jul - Sep,387.37372021000004
2018,HOMBRES,Total,Oficios del Hogar,Ago - Oct,378.9638628833334
2018,HOMBRES,Total,Oficios del Hogar,Sep - Nov,391.04783311333335
2018,HOMBRES,Total,Oficios del Hogar,Oct - Dic,418.38940415
2018,HOMBRES,Total,Oficios del Hogar,Nov - Ene,441.71974372333335
2018,HOMBRES,Total,Oficios del Hogar,Dic - Feb,436.4578588833333
2019,HOMBRES,Total,Oficios del Hogar,Ene - Mar,425.4339850466667
2019,HOMBRES,Total,Oficios del Hogar,Feb - Abr,445.27805278666665
2019,HOMBRES,Total,Oficios del Hogar,Mar - May,461.4572714533333
2019,HOMBRES,Total,Oficios del Hogar,Abr - Jun,482.4608642233333
2019,HOMBRES,Total,Oficios del Hogar,May - Jul,444.49857810333333
2019,HOMBRES,Total,Oficios del Hogar,Jun - Ago,430.2589853366667
2019,HOMBRES,Total,Oficios del Hogar,Jul - Sep,411.64836098999996
2019,HOMBRES,Total,Oficios del Hogar,Ago - Oct,408.00755422000003
2019,HOMBRES,Total,Oficios del Hogar,Sep - Nov,431.1642371566666
2019,HOMBRES,Total,Oficios del Hogar,Oct - Dic,484.5280050266667
2019,HOMBRES,Total,Oficios del Hogar,Nov - Ene,531.2207999599999
2019,HOMBRES,Total,Oficios del Hogar,Dic - Feb,530.5479200266667
2020,HOMBRES,Total,Oficios del Hogar,Ene - Mar,590.3069183
2020,HOMBRES,Total,Oficios del Hogar,Feb - Abr,900.9654311999999
2020,HOMBRES,Total,Oficios del Hogar,Mar - May,1101.9571562766666
2020,HOMBRES,Total,Oficios del Hogar,Abr - Jun,1209.1033549333333
2020,HOMBRES,Total,Oficios del Hogar,May - Jul,1020.5559005366667
2020,HOMBRES,Total,Oficios del Hogar,Jun - Ago,925.1946880533333
2020,HOMBRES,Total,Oficios del Hogar,Jul - Sep,835.3901092833333
2020,HOMBRES,Total,Oficios del Hogar,Ago - Oct,768.9566358766666
2020,HOMBRES,Total,Oficios del Hogar,Sep - Nov,747.60924389
2020,HOMBRES,Total,Oficios del Hogar,Oct - Dic,697.4846649066667
2020,HOMBRES,Total,Oficios del Hogar,Nov - Ene,948.9995995099999
2020,HOMBRES,Total,Oficios del Hogar,Dic - Feb,1106.1358852466667
2021,HOMBRES,Total,Oficios del Hogar,Ene - Mar,1263.2088233000002
2021,HOMBRES,Total,Oficios del Hogar,Feb - Abr,1171.0877180333334
2021,HOMBRES,Total,Oficios del Hogar,Mar - May,1163.8262882000001
2021,HOMBRES,Total,Oficios del Hogar,Abr - Jun,1184.2558426666665
2021,HOMBRES,Total,Oficios del Hogar,May - Jul,1167.3247600666666
2021,HOMBRES,Total,Oficios del Hogar,Jun - Ago,1133.4401547999998
2021,HOMBRES,Total,Oficios del Hogar,Jul - Sep,1076.7496156333334
2021,HOMBRES,Total,Oficios del Hogar,Ago - Oct,1070.0581691666666
2021,HOMBRES,Total,Oficios del Hogar,Sep - Nov,1096.7167597333332
2021,HOMBRES,Total,Oficios del Hogar,Oct - Dic,1196.9715390333333
2021,HOMBRES,Total,Oficios del Hogar,Nov - Ene,1235.3174077333333
2021,HOMBRES,Total,Oficios del Hogar,Dic - Feb,1191.1504954
2022,HOMBRES,Total,Oficios del Hogar,Ene - Mar,1075.0325282766667
2022,HOMBRES,Total,Oficios del Hogar,Feb - Abr,1013.8266684099999
2022,HOMBRES,Total,Oficios del Hogar,Mar - May,997.5199995566667
2022,HOMBRES,Total,Oficios del Hogar,Abr - Jun,1008.2518444466667
2022,HOMBRES,Total,Oficios del Hogar,May - Jul,1031.9608430133333
2022,HOMBRES,Total,Oficios del Hogar,Jun - Ago,1000.0319776966666
2022,HOMBRES,Total,Oficios del Hogar,Jul - Sep,982.97528504
2022,HOMBRES,Total,Oficios del Hogar,Ago - Oct,902.0499234666667
2022,HOMBRES,Total,Oficios del Hogar,Sep - Nov,927.6580537266667
2022,HOMBRES,Total,Oficios del Hogar,Oct - Dic,967.8304404833334
2022,HOMBRES,Total,Oficios del Hogar,Nov - Ene,1016.5602547233334
2022,HOMBRES,Total,Oficios del Hogar,Dic - Feb,996.1645313833334
2023,HOMBRES,Total,Oficios del Hogar,Ene - Mar,941.10299518
2023,HOMBRES,Total,Oficios del Hogar,Feb - Abr,921.3237399766667
2023,HOMBRES,Total,Oficios del Hogar,Mar - May,923.2519934066668
2023,HOMBRES,Total,Oficios del Hogar,Abr - Jun,899.2123428633332
2023,HOMBRES,Total,Oficios del Hogar,May - Jul,880.9055608733333
2023,HOMBRES,Total,Oficios del Hogar,Jun - Ago,862.3250140933333
2023,HOMBRES,Total,Oficios del Hogar,Jul - Sep,884.79853864
2023,HOMBRES,Total,Oficios del Hogar,Ago - Oct,876.1787231033335
2023,HOMBRES,Total,Oficios del Hogar,Sep - Nov,881.3490482733333
2023,HOMBRES,Total,Oficios del Hogar,Oct - Dic,942.3158323066667
2023,HOMBRES,Total,Oficios del Hogar,Nov - Ene,1014.10240097
2023,HOMBRES,Total,Oficios del Hogar,Dic - Feb,1053.7430954333333
2024,HOMBRES,Total,Oficios del Hogar,Ene - Mar,1031.7319679333334
2024,HOMBRES,Total,Oficios del Hogar,Feb - Abr,992.2741801466667
2024,HOMBRES,Total,Oficios del Hogar,Mar - May,983.7439457633333
2024,HOMBRES,Total,Oficios del Hogar,Abr - Jun,987.7971278633335
2024,HOMBRES,Total,Oficios del Hogar,May - Jul,1007.8861565833334
2024,HOMBRES,Total,Oficios del Hogar,Jun - Ago,1000.7865980433334
2024,HOMBRES,Total,Oficios del Hogar,Jul - Sep,964.8706773933333
2024,HOMBRES,Total,Oficios del Hogar,Ago - Oct,930.5259132466666
2024,HOMBRES,Total,Oficios del Hogar,Sep - Nov,943.1342149833334
2024,HOMBRES,Total,Oficios del Hogar,Oct - Dic,994.3442816666666
2024,HOMBRES,Total,Oficios del Hogar,Nov - Ene,1016.1906560333333
2024,HOMBRES,Total,Oficios del Hogar,Dic - Feb,968.2513055133333
2025,HOMBRES,Total,Oficios del Hogar,Ene - Mar,910.6608779100001
2025,HOMBRES,Total,Oficios del Hogar,Feb - Abr,894.7283939166667
2025,HOMBRES,Total,Oficios del Hogar,Mar - May,889.3037786000001
2025,HOMBRES,Total,Oficios del Hogar,Abr - Jun,879.4347813033334
2025,HOMBRES,Total,Oficios del Hogar,May - Jul,846.9514321366665
2025,HOMBRES,Total,Oficios del Hogar,Jun - Ago,881.2531457066666
2025,HOMBRES,Total,Oficios del Hogar,Jul - Sep,905.8989735433333
2025,HOMBRES,Total,Oficios del Hogar,Ago - Oct,934.1453215266666
2025,HOMBRES,Total,Oficios del Hogar,Sep - Nov,903.7562468000001
2025,HOMBRES,Total,Oficios del Hogar,Oct - Dic,931.2254788966667
2025,HOMBRES,Total,Oficios del Hogar,Nov - Ene,955.06825553
2025,HOMBRES,Total,Oficios del Hogar,Dic - Feb,969.0964091933333
2026,HOMBRES,Total,Oficios del Hogar,Ene - Mar,924.9981187433333
2007,HOMBRES,Total,Otros,Ene - Mar,1431.657517866667
2007,HOMBRES,Total,Otros,Feb - Abr,1289.3392751666668
2007,HOMBRES,Total,Otros,Mar - May,1297.2520099333335
2007,HOMBRES,Total,Otros,Abr - Jun,1266.4448304333334
2007,HOMBRES,Total,Otros,May - Jul,1306.3403043666667
2007,HOMBRES,Total,Otros,Jun - Ago,1315.939997166667
2007,HOMBRES,Total,Otros,Jul - Sep,1305.8256229666667
2007,HOMBRES,Total,Otros,Ago - Oct,1259.132617
2007,HOMBRES,Total,Otros,Sep - Nov,1221.4205972333332
2007,HOMBRES,Total,Otros,Oct - Dic,1390.5900043666668
2007,HOMBRES,Total,Otros,Nov - Ene,1460.9663552
2007,HOMBRES,Total,Otros,Dic - Feb,1497.5503378666665
2008,HOMBRES,Total,Otros,Ene - Mar,1353.4571895
2008,HOMBRES,Total,Otros,Feb - Abr,1232.2237722666666
2008,HOMBRES,Total,Otros,Mar - May,1189.6929078333333
2008,HOMBRES,Total,Otros,Abr - Jun,1193.1989992000001
2008,HOMBRES,Total,Otros,May - Jul,1306.9720884
2008,HOMBRES,Total,Otros,Jun - Ago,1295.292293766667
2008,HOMBRES,Total,Otros,Jul - Sep,1290.2657594333334
2008,HOMBRES,Total,Otros,Ago - Oct,1245.7411628
2008,HOMBRES,Total,Otros,Sep - Nov,1281.3262817666666
2008,HOMBRES,Total,Otros,Oct - Dic,1326.2749557333334
2008,HOMBRES,Total,Otros,Nov - Ene,1397.0777921666668
2008,HOMBRES,Total,Otros,Dic - Feb,1415.8995900333332
2009,HOMBRES,Total,Otros,Ene - Mar,1334.5277704333332
2009,HOMBRES,Total,Otros,Feb - Abr,1203.4542881333334
2009,HOMBRES,Total,Otros,Mar - May,1130.4978043333333
2009,HOMBRES,Total,Otros,Abr - Jun,1139.6461685666666
2009,HOMBRES,Total,Otros,May - Jul,1185.8843224333334
2009,HOMBRES,Total,Otros,Jun - Ago,1245.9047112666667
2009,HOMBRES,Total,Otros,Jul - Sep,1257.2549560666666
2009,HOMBRES,Total,Otros,Ago - Oct,1231.166288033333
2009,HOMBRES,Total,Otros,Sep - Nov,1216.6652692
2009,HOMBRES,Total,Otros,Oct - Dic,1258.6115464
2009,HOMBRES,Total,Otros,Nov - Ene,1326.1750015333334
2009,HOMBRES,Total,Otros,Dic - Feb,1327.8967304333335
2010,HOMBRES,Total,Otros,Ene - Mar,1299.1866399666667
2010,HOMBRES,Total,Otros,Feb - Abr,1261.0959061333333
2010,HOMBRES,Total,Otros,Mar - May,1252.3706703666667
2010,HOMBRES,Total,Otros,Abr - Jun,1226.6459927333333
2010,HOMBRES,Total,Otros,May - Jul,1236.0404685333333
2010,HOMBRES,Total,Otros,Jun - Ago,1236.7773056333333
2010,HOMBRES,Total,Otros,Jul - Sep,1250.7215052
2010,HOMBRES,Total,Otros,Ago - Oct,1234.5554454333333
2010,HOMBRES,Total,Otros,Sep - Nov,1231.7661154999998
2010,HOMBRES,Total,Otros,Oct - Dic,1276.6109382666666
2010,HOMBRES,Total,Otros,Nov - Ene,1323.8533020666666
2010,HOMBRES,Total,Otros,Dic - Feb,1363.6185851666667
2011,HOMBRES,Total,Otros,Ene - Mar,1338.3398075333332
2011,HOMBRES,Total,Otros,Feb - Abr,1300.4151731
2011,HOMBRES,Total,Otros,Mar - May,1293.7601234
2011,HOMBRES,Total,Otros,Abr - Jun,1287.3994400000001
2011,HOMBRES,Total,Otros,May - Jul,1301.9182750666669
2011,HOMBRES,Total,Otros,Jun - Ago,1304.1774510666667
2011,HOMBRES,Total,Otros,Jul - Sep,1315.4690544666666
2011,HOMBRES,Total,Otros,Ago - Oct,1297.8765125666666
2011,HOMBRES,Total,Otros,Sep - Nov,1274.8760450333332
2011,HOMBRES,Total,Otros,Oct - Dic,1328.1050936
2011,HOMBRES,Total,Otros,Nov - Ene,1418.0545347666666
2011,HOMBRES,Total,Otros,Dic - Feb,1453.1682516666667
2012,HOMBRES,Total,Otros,Ene - Mar,1395.3458680333333
2012,HOMBRES,Total,Otros,Feb - Abr,1339.5844156333333
2012,HOMBRES,Total,Otros,Mar - May,1338.5837185
2012,HOMBRES,Total,Otros,Abr - Jun,1358.9050091
2012,HOMBRES,Total,Otros,May - Jul,1392.2700853
2012,HOMBRES,Total,Otros,Jun - Ago,1372.8677146333332
2012,HOMBRES,Total,Otros,Jul - Sep,1390.7395615666667
2012,HOMBRES,Total,Otros,Ago - Oct,1360.7680657333333
2012,HOMBRES,Total,Otros,Sep - Nov,1392.5205652666666
2012,HOMBRES,Total,Otros,Oct - Dic,1438.9020174666666
2012,HOMBRES,Total,Otros,Nov - Ene,1494.8016536333332
2012,HOMBRES,Total,Otros,Dic - Feb,1508.2277928666665
2013,HOMBRES,Total,Otros,Ene - Mar,1499.9337168666668
2013,HOMBRES,Total,Otros,Feb - Abr,1477.6202322333331
2013,HOMBRES,Total,Otros,Mar - May,1462.8355033999999
2013,HOMBRES,Total,Otros,Abr - Jun,1443.6749324666664
2013,HOMBRES,Total,Otros,May - Jul,1440.8981988666665
2013,HOMBRES,Total,Otros,Jun - Ago,1484.211657633333
2013,HOMBRES,Total,Otros,Jul - Sep,1483.7478064333334
2013,HOMBRES,Total,Otros,Ago - Oct,1442.8617226666668
2013,HOMBRES,Total,Otros,Sep - Nov,1439.1348736666666
2013,HOMBRES,Total,Otros,Oct - Dic,1493.7978615333334
2013,HOMBRES,Total,Otros,Nov - Ene,1594.4244089000001
2013,HOMBRES,Total,Otros,Dic - Feb,1596.8169966333335
2014,HOMBRES,Total,Otros,Ene - Mar,1557.2011423666665
2014,HOMBRES,Total,Otros,Feb - Abr,1510.1413406
2014,HOMBRES,Total,Otros,Mar - May,1492.2459282666666
2014,HOMBRES,Total,Otros,Abr - Jun,1486.6232068999998
2014,HOMBRES,Total,Otros,May - Jul,1507.1690831333333
2014,HOMBRES,Total,Otros,Jun - Ago,1525.9542501666667
2014,HOMBRES,Total,Otros,Jul - Sep,1543.7552754333335
2014,HOMBRES,Total,Otros,Ago - Oct,1496.9388324666668
2014,HOMBRES,Total,Otros,Sep - Nov,1487.0087682333333
2014,HOMBRES,Total,Otros,Oct - Dic,1538.3910463333334
2014,HOMBRES,Total,Otros,Nov - Ene,1651.2875803
2014,HOMBRES,Total,Otros,Dic - Feb,1666.211553566667
2015,HOMBRES,Total,Otros,Ene - Mar,1611.9486421333334
2015,HOMBRES,Total,Otros,Feb - Abr,1546.8062484666668
2015,HOMBRES,Total,Otros,Mar - May,1549.5648152333333
2015,HOMBRES,Total,Otros,Abr - Jun,1600.2783379666669
2015,HOMBRES,Total,Otros,May - Jul,1613.2677407333333
2015,HOMBRES,Total,Otros,Jun - Ago,1593.0251079
2015,HOMBRES,Total,Otros,Jul - Sep,1560.1832198333332
2015,HOMBRES,Total,Otros,Ago - Oct,1528.8841548999999
2015,HOMBRES,Total,Otros,Sep - Nov,1541.9940133
2015,HOMBRES,Total,Otros,Oct - Dic,1554.5869133333333
2015,HOMBRES,Total,Otros,Nov - Ene,1609.3693943666667
2015,HOMBRES,Total,Otros,Dic - Feb,1649.4243452333333
2016,HOMBRES,Total,Otros,Ene - Mar,1628.7900803333332
2016,HOMBRES,Total,Otros,Feb - Abr,1569.8246248333332
2016,HOMBRES,Total,Otros,Mar - May,1558.4536601333332
2016,HOMBRES,Total,Otros,Abr - Jun,1556.8834328333332
2016,HOMBRES,Total,Otros,May - Jul,1588.5340864
2016,HOMBRES,Total,Otros,Jun - Ago,1561.6332309
2016,HOMBRES,Total,Otros,Jul - Sep,1593.3296164666665
2016,HOMBRES,Total,Otros,Ago - Oct,1566.3044935666667
2016,HOMBRES,Total,Otros,Sep - Nov,1576.7331145
2016,HOMBRES,Total,Otros,Oct - Dic,1604.8498312333331
2016,HOMBRES,Total,Otros,Nov - Ene,1673.4032572666667
2016,HOMBRES,Total,Otros,Dic - Feb,1728.8526871333333
2017,HOMBRES,Total,Otros,Ene - Mar,1711.4190471333334
2017,HOMBRES,Total,Otros,Feb - Abr,1694.7894049
2017,HOMBRES,Total,Otros,Mar - May,1680.2894317333332
2017,HOMBRES,Total,Otros,Abr - Jun,1671.8725176666667
2017,HOMBRES,Total,Otros,May - Jul,1716.0950417000001
2017,HOMBRES,Total,Otros,Jun - Ago,1711.3064342999999
2017,HOMBRES,Total,Otros,Jul - Sep,1723.2339408666667
2017,HOMBRES,Total,Otros,Ago - Oct,1683.7185614666666
2017,HOMBRES,Total,Otros,Sep - Nov,1677.5220293666669
2017,HOMBRES,Total,Otros,Oct - Dic,1756.7818582
2017,HOMBRES,Total,Otros,Nov - Ene,1830.0917436
2017,HOMBRES,Total,Otros,Dic - Feb,1891.5983651
2018,HOMBRES,Total,Otros,Ene - Mar,1835.2796374
2018,HOMBRES,Total,Otros,Feb - Abr,1789.6490912000002
2018,HOMBRES,Total,Otros,Mar - May,1784.6310810000002
2018,HOMBRES,Total,Otros,Abr - Jun,1773.8338557333334
2018,HOMBRES,Total,Otros,May - Jul,1776.8031323333335
2018,HOMBRES,Total,Otros,Jun - Ago,1758.457077066667
2018,HOMBRES,Total,Otros,Jul - Sep,1744.4444645
2018,HOMBRES,Total,Otros,Ago - Oct,1785.2217927000002
2018,HOMBRES,Total,Otros,Sep - Nov,1829.5076007333334
2018,HOMBRES,Total,Otros,Oct - Dic,1903.5310409
2018,HOMBRES,Total,Otros,Nov - Ene,1941.8498066
2018,HOMBRES,Total,Otros,Dic - Feb,1940.6216849666669
2019,HOMBRES,Total,Otros,Ene - Mar,1925.5685599666667
2019,HOMBRES,Total,Otros,Feb - Abr,1932.6036485333334
2019,HOMBRES,Total,Otros,Mar - May,1955.5586953
2019,HOMBRES,Total,Otros,Abr - Jun,1946.3173036
2019,HOMBRES,Total,Otros,May - Jul,1971.1543376333332
2019,HOMBRES,Total,Otros,Jun - Ago,1993.7607077666669
2019,HOMBRES,Total,Otros,Jul - Sep,2040.0521521
2019,HOMBRES,Total,Otros,Ago - Oct,2012.6903245333333
2019,HOMBRES,Total,Otros,Sep - Nov,1960.2413881
2019,HOMBRES,Total,Otros,Oct - Dic,1940.4416864666666
2019,HOMBRES,Total,Otros,Nov - Ene,1987.8609649
2019,HOMBRES,Total,Otros,Dic - Feb,2040.7310627
2020,HOMBRES,Total,Otros,Ene - Mar,2217.1841402666664
2020,HOMBRES,Total,Otros,Feb - Abr,2508.645193433333
2020,HOMBRES,Total,Otros,Mar - May,2718.892639633333
2020,HOMBRES,Total,Otros,Abr - Jun,2664.9269985333335
2020,HOMBRES,Total,Otros,May - Jul,2442.6036959333337
2020,HOMBRES,Total,Otros,Jun - Ago,2300.3926786666666
2020,HOMBRES,Total,Otros,Jul - Sep,2257.0328716333333
2020,HOMBRES,Total,Otros,Ago - Oct,2145.6213903666667
2020,HOMBRES,Total,Otros,Sep - Nov,2118.629653866667
2020,HOMBRES,Total,Otros,Oct - Dic,2147.3127839333333
2020,HOMBRES,Total,Otros,Nov - Ene,2117.4119861
2020,HOMBRES,Total,Otros,Dic - Feb,1909.8425294666667
2021,HOMBRES,Total,Otros,Ene - Mar,1640.8924836333333
2021,HOMBRES,Total,Otros,Feb - Abr,1512.0960066
2021,HOMBRES,Total,Otros,Mar - May,1521.8402348666666
2021,HOMBRES,Total,Otros,Abr - Jun,1548.6952321333335
2021,HOMBRES,Total,Otros,May - Jul,1624.5352640333333
2021,HOMBRES,Total,Otros,Jun - Ago,1659.6198833666667
2021,HOMBRES,Total,Otros,Jul - Sep,1692.9807559
2021,HOMBRES,Total,Otros,Ago - Oct,1602.8947326
2021,HOMBRES,Total,Otros,Sep - Nov,1559.5660883
2021,HOMBRES,Total,Otros,Oct - Dic,1660.2180731
2021,HOMBRES,Total,Otros,Nov - Ene,1852.4786747666667
2021,HOMBRES,Total,Otros,Dic - Feb,1905.7009821333334
2022,HOMBRES,Total,Otros,Ene - Mar,1808.1655515
2022,HOMBRES,Total,Otros,Feb - Abr,1673.6425251333333
2022,HOMBRES,Total,Otros,Mar - May,1639.5215992333333
2022,HOMBRES,Total,Otros,Abr - Jun,1658.9082655
2022,HOMBRES,Total,Otros,May - Jul,1656.3681205333335
2022,HOMBRES,Total,Otros,Jun - Ago,1724.6714748666666
2022,HOMBRES,Total,Otros,Jul - Sep,1741.572763566667
2022,HOMBRES,Total,Otros,Ago - Oct,1750.8978234666665
2022,HOMBRES,Total,Otros,Sep - Nov,1749.2607809
2022,HOMBRES,Total,Otros,Oct - Dic,1829.2051107
2022,HOMBRES,Total,Otros,Nov - Ene,1969.9251122333335
2022,HOMBRES,Total,Otros,Dic - Feb,2038.0349373
2023,HOMBRES,Total,Otros,Ene - Mar,1932.561736533333
2023,HOMBRES,Total,Otros,Feb - Abr,1816.4138605666667
2023,HOMBRES,Total,Otros,Mar - May,1774.2595882666665
2023,HOMBRES,Total,Otros,Abr - Jun,1834.3528821
2023,HOMBRES,Total,Otros,May - Jul,1857.0544524666666
2023,HOMBRES,Total,Otros,Jun - Ago,1838.9633493000001
2023,HOMBRES,Total,Otros,Jul - Sep,1796.6266218333333
2023,HOMBRES,Total,Otros,Ago - Oct,1814.5936205666667
2023,HOMBRES,Total,Otros,Sep - Nov,1825.4781176999998
2023,HOMBRES,Total,Otros,Oct - Dic,1943.2892341333334
2023,HOMBRES,Total,Otros,Nov - Ene,2006.7892934333333
2023,HOMBRES,Total,Otros,Dic - Feb,2029.0316292333334
2024,HOMBRES,Total,Otros,Ene - Mar,1960.8031749666668
2024,HOMBRES,Total,Otros,Feb - Abr,1896.8449659666667
2024,HOMBRES,Total,Otros,Mar - May,1852.3171824
2024,HOMBRES,Total,Otros,Abr - Jun,1851.4035559333333
2024,HOMBRES,Total,Otros,May - Jul,1831.6308747333333
2024,HOMBRES,Total,Otros,Jun - Ago,1832.3942828666668
2024,HOMBRES,Total,Otros,Jul - Sep,1809.5630685666667
2024,HOMBRES,Total,Otros,Ago - Oct,1803.9606575
2024,HOMBRES,Total,Otros,Sep - Nov,1813.2499024333335
2024,HOMBRES,Total,Otros,Oct - Dic,1889.7101187333335
2024,HOMBRES,Total,Otros,Nov - Ene,1968.9492504999998
2024,HOMBRES,Total,Otros,Dic - Feb,2032.8123628666665
2025,HOMBRES,Total,Otros,Ene - Mar,1998.3372604666667
2025,HOMBRES,Total,Otros,Feb - Abr,1947.4027617333334
2025,HOMBRES,Total,Otros,Mar - May,1905.5725015666667
2025,HOMBRES,Total,Otros,Abr - Jun,1944.5653905333336
2025,HOMBRES,Total,Otros,May - Jul,1966.2754797333334
2025,HOMBRES,Total,Otros,Jun - Ago,1944.7079927666666
2025,HOMBRES,Total,Otros,Jul - Sep,1885.8660547
2025,HOMBRES,Total,Otros,Ago - Oct,1812.2720557
2025,HOMBRES,Total,Otros,Sep - Nov,1822.5253582666667
2025,HOMBRES,Total,Otros,Oct - Dic,1922.0752467333332
2025,HOMBRES,Total,Otros,Nov - Ene,2104.1584862666664
2025,HOMBRES,Total,Otros,Dic - Feb,2146.277926633333
2026,HOMBRES,Total,Otros,Ene - Mar,2043.662447533333
2007,MUJERES,Total,Fuera de la fuerza de trabajo,Ene - Mar,7725.724648266667
2007,MUJERES,Total,Fuera de la fuerza de trabajo,Feb - Abr,7588.550650733334
2007,MUJERES,Total,Fuera de la fuerza de trabajo,Mar - May,7613.3916899333335
2007,MUJERES,Total,Fuera de la fuerza de trabajo,Abr - Jun,7665.210638366666
2007,MUJERES,Total,Fuera de la fuerza de trabajo,May - Jul,7762.3665397333325
2007,MUJERES,Total,Fuera de la fuerza de trabajo,Jun - Ago,7772.054005766667
2007,MUJERES,Total,Fuera de la fuerza de trabajo,Jul - Sep,7695.126629399999
2007,MUJERES,Total,Fuera de la fuerza de trabajo,Ago - Oct,7475.6486147
2007,MUJERES,Total,Fuera de la fuerza de trabajo,Sep - Nov,7406.439811666666
2007,MUJERES,Total,Fuera de la fuerza de trabajo,Oct - Dic,7487.798235366667
2007,MUJERES,Total,Fuera de la fuerza de trabajo,Nov - Ene,7747.292396866666
2007,MUJERES,Total,Fuera de la fuerza de trabajo,Dic - Feb,7713.896133733334
2008,MUJERES,Total,Fuera de la fuerza de trabajo,Ene - Mar,7612.266694333334
2008,MUJERES,Total,Fuera de la fuerza de trabajo,Feb - Abr,7476.287180166667
2008,MUJERES,Total,Fuera de la fuerza de trabajo,Mar - May,7513.999590899999
2008,MUJERES,Total,Fuera de la fuerza de trabajo,Abr - Jun,7665.458910099999
2008,MUJERES,Total,Fuera de la fuerza de trabajo,May - Jul,7690.6561815
2008,MUJERES,Total,Fuera de la fuerza de trabajo,Jun - Ago,7822.498627133334
2008,MUJERES,Total,Fuera de la fuerza de trabajo,Jul - Sep,7739.2955586
2008,MUJERES,Total,Fuera de la fuerza de trabajo,Ago - Oct,7825.711792266667
2008,MUJERES,Total,Fuera de la fuerza de trabajo,Sep - Nov,7928.434242866667
2008,MUJERES,Total,Fuera de la fuerza de trabajo,Oct - Dic,7967.243425299999
2008,MUJERES,Total,Fuera de la fuerza de trabajo,Nov - Ene,7969.829231
2008,MUJERES,Total,Fuera de la fuerza de trabajo,Dic - Feb,7773.2994272333335
2009,MUJERES,Total,Fuera de la fuerza de trabajo,Ene - Mar,7655.862742833334
2009,MUJERES,Total,Fuera de la fuerza de trabajo,Feb - Abr,7451.2226286000005
2009,MUJERES,Total,Fuera de la fuerza de trabajo,Mar - May,7332.9852832999995
2009,MUJERES,Total,Fuera de la fuerza de trabajo,Abr - Jun,7283.3021364666665
2009,MUJERES,Total,Fuera de la fuerza de trabajo,May - Jul,7276.852462499999
2009,MUJERES,Total,Fuera de la fuerza de trabajo,Jun - Ago,7355.444541866666
2009,MUJERES,Total,Fuera de la fuerza de trabajo,Jul - Sep,7369.6991247
2009,MUJERES,Total,Fuera de la fuerza de trabajo,Ago - Oct,7263.488849733333
2009,MUJERES,Total,Fuera de la fuerza de trabajo,Sep - Nov,7111.025144233333
2009,MUJERES,Total,Fuera de la fuerza de trabajo,Oct - Dic,7040.657410133334
2009,MUJERES,Total,Fuera de la fuerza de trabajo,Nov - Ene,7195.410243000001
2009,MUJERES,Total,Fuera de la fuerza de trabajo,Dic - Feb,7219.6801991
2010,MUJERES,Total,Fuera de la fuerza de trabajo,Ene - Mar,7284.3106362
2010,MUJERES,Total,Fuera de la fuerza de trabajo,Feb - Abr,7155.573574133334
2010,MUJERES,Total,Fuera de la fuerza de trabajo,Mar - May,7202.9603148333335
2010,MUJERES,Total,Fuera de la fuerza de trabajo,Abr - Jun,7159.994244033333
2010,MUJERES,Total,Fuera de la fuerza de trabajo,May - Jul,7239.005140599999
2010,MUJERES,Total,Fuera de la fuerza de trabajo,Jun - Ago,7261.061206466667
2010,MUJERES,Total,Fuera de la fuerza de trabajo,Jul - Sep,7201.161897166666
2010,MUJERES,Total,Fuera de la fuerza de trabajo,Ago - Oct,7130.0381295
2010,MUJERES,Total,Fuera de la fuerza de trabajo,Sep - Nov,7026.056859166667
2010,MUJERES,Total,Fuera de la fuerza de trabajo,Oct - Dic,7125.554849533334
2010,MUJERES,Total,Fuera de la fuerza de trabajo,Nov - Ene,7217.473596
2010,MUJERES,Total,Fuera de la fuerza de trabajo,Dic - Feb,7339.691621166666
2011,MUJERES,Total,Fuera de la fuerza de trabajo,Ene - Mar,7357.792422833333
2011,MUJERES,Total,Fuera de la fuerza de trabajo,Feb - Abr,7389.093650066666
2011,MUJERES,Total,Fuera de la fuerza de trabajo,Mar - May,7331.084752833333
2011,MUJERES,Total,Fuera de la fuerza de trabajo,Abr - Jun,7320.372727933333
2011,MUJERES,Total,Fuera de la fuerza de trabajo,May - Jul,7298.151845633333
2011,MUJERES,Total,Fuera de la fuerza de trabajo,Jun - Ago,7373.281876766666
2011,MUJERES,Total,Fuera de la fuerza de trabajo,Jul - Sep,7295.436565766667
2011,MUJERES,Total,Fuera de la fuerza de trabajo,Ago - Oct,7113.9988432
2011,MUJERES,Total,Fuera de la fuerza de trabajo,Sep - Nov,6945.093927433333
2011,MUJERES,Total,Fuera de la fuerza de trabajo,Oct - Dic,7003.7193136999995
2011,MUJERES,Total,Fuera de la fuerza de trabajo,Nov - Ene,7154.299761066667
2011,MUJERES,Total,Fuera de la fuerza de trabajo,Dic - Feb,7215.3476225
2012,MUJERES,Total,Fuera de la fuerza de trabajo,Ene - Mar,7154.853723633333
2012,MUJERES,Total,Fuera de la fuerza de trabajo,Feb - Abr,7111.673665800001
2012,MUJERES,Total,Fuera de la fuerza de trabajo,Mar - May,7094.272863233334
2012,MUJERES,Total,Fuera de la fuerza de trabajo,Abr - Jun,7032.6422219999995
2012,MUJERES,Total,Fuera de la fuerza de trabajo,May - Jul,7115.084382
2012,MUJERES,Total,Fuera de la fuerza de trabajo,Jun - Ago,7217.639350233333
2012,MUJERES,Total,Fuera de la fuerza de trabajo,Jul - Sep,7374.245658733334
2012,MUJERES,Total,Fuera de la fuerza de trabajo,Ago - Oct,7314.345696066666
2012,MUJERES,Total,Fuera de la fuerza de trabajo,Sep - Nov,7318.182654666666
2012,MUJERES,Total,Fuera de la fuerza de trabajo,Oct - Dic,7276.916404266667
2012,MUJERES,Total,Fuera de la fuerza de trabajo,Nov - Ene,7413.590339666666
2012,MUJERES,Total,Fuera de la fuerza de trabajo,Dic - Feb,7478.360123900001
2013,MUJERES,Total,Fuera de la fuerza de trabajo,Ene - Mar,7593.9483412
2013,MUJERES,Total,Fuera de la fuerza de trabajo,Feb - Abr,7545.6288414
2013,MUJERES,Total,Fuera de la fuerza de trabajo,Mar - May,7456.277745433334
2013,MUJERES,Total,Fuera de la fuerza de trabajo,Abr - Jun,7370.9684530333325
2013,MUJERES,Total,Fuera de la fuerza de trabajo,May - Jul,7363.394899966667
2013,MUJERES,Total,Fuera de la fuerza de trabajo,Jun - Ago,7373.4894149
2013,MUJERES,Total,Fuera de la fuerza de trabajo,Jul - Sep,7415.087247766666
2013,MUJERES,Total,Fuera de la fuerza de trabajo,Ago - Oct,7345.6996717
2013,MUJERES,Total,Fuera de la fuerza de trabajo,Sep - Nov,7397.798559966667
2013,MUJERES,Total,Fuera de la fuerza de trabajo,Oct - Dic,7443.044963866666
2013,MUJERES,Total,Fuera de la fuerza de trabajo,Nov - Ene,7651.430146533334
2013,MUJERES,Total,Fuera de la fuerza de trabajo,Dic - Feb,7762.6338006666665
2014,MUJERES,Total,Fuera de la fuerza de trabajo,Ene - Mar,7812.120700766667
2014,MUJERES,Total,Fuera de la fuerza de trabajo,Feb - Abr,7729.5598745
2014,MUJERES,Total,Fuera de la fuerza de trabajo,Mar - May,7705.704386233333
2014,MUJERES,Total,Fuera de la fuerza de trabajo,Abr - Jun,7625.230027366667
2014,MUJERES,Total,Fuera de la fuerza de trabajo,May - Jul,7707.936839233334
2014,MUJERES,Total,Fuera de la fuerza de trabajo,Jun - Ago,7661.9016244
2014,MUJERES,Total,Fuera de la fuerza de trabajo,Jul - Sep,7680.222569566667
2014,MUJERES,Total,Fuera de la fuerza de trabajo,Ago - Oct,7532.685053066667
2014,MUJERES,Total,Fuera de la fuerza de trabajo,Sep - Nov,7524.031365633334
2014,MUJERES,Total,Fuera de la fuerza de trabajo,Oct - Dic,7636.2009561
2014,MUJERES,Total,Fuera de la fuerza de trabajo,Nov - Ene,7859.0108473
2014,MUJERES,Total,Fuera de la fuerza de trabajo,Dic - Feb,7982.796009233333
2015,MUJERES,Total,Fuera de la fuerza de trabajo,Ene - Mar,7939.3263977999995
2015,MUJERES,Total,Fuera de la fuerza de trabajo,Feb - Abr,7782.722815099999
2015,MUJERES,Total,Fuera de la fuerza de trabajo,Mar - May,7701.381216233333
2015,MUJERES,Total,Fuera de la fuerza de trabajo,Abr - Jun,7648.640879866666
2015,MUJERES,Total,Fuera de la fuerza de trabajo,May - Jul,7785.552140033334
2015,MUJERES,Total,Fuera de la fuerza de trabajo,Jun - Ago,7786.0121024
2015,MUJERES,Total,Fuera de la fuerza de trabajo,Jul - Sep,7770.524018033332
2015,MUJERES,Total,Fuera de la fuerza de trabajo,Ago - Oct,7582.1733816000005
2015,MUJERES,Total,Fuera de la fuerza de trabajo,Sep - Nov,7568.375814666666
2015,MUJERES,Total,Fuera de la fuerza de trabajo,Oct - Dic,7674.696922800001
2015,MUJERES,Total,Fuera de la fuerza de trabajo,Nov - Ene,7854.834171666666
2015,MUJERES,Total,Fuera de la fuerza de trabajo,Dic - Feb,7959.993942066667
2016,MUJERES,Total,Fuera de la fuerza de trabajo,Ene - Mar,8006.734845133334
2016,MUJERES,Total,Fuera de la fuerza de trabajo,Feb - Abr,7968.645960299999
2016,MUJERES,Total,Fuera de la fuerza de trabajo,Mar - May,7956.837512866667
2016,MUJERES,Total,Fuera de la fuerza de trabajo,Abr - Jun,7892.393149233333
2016,MUJERES,Total,Fuera de la fuerza de trabajo,May - Jul,8002.62534
2016,MUJERES,Total,Fuera de la fuerza de trabajo,Jun - Ago,8056.3085463666675
2016,MUJERES,Total,Fuera de la fuerza de trabajo,Jul - Sep,8101.443619733333
2016,MUJERES,Total,Fuera de la fuerza de trabajo,Ago - Oct,7949.951769899999
2016,MUJERES,Total,Fuera de la fuerza de trabajo,Sep - Nov,7896.587113533333
2016,MUJERES,Total,Fuera de la fuerza de trabajo,Oct - Dic,7950.850542
2016,MUJERES,Total,Fuera de la fuerza de trabajo,Nov - Ene,8180.820063133334
2016,MUJERES,Total,Fuera de la fuerza de trabajo,Dic - Feb,8242.194128733334
2017,MUJERES,Total,Fuera de la fuerza de trabajo,Ene - Mar,8280.195607633334
2017,MUJERES,Total,Fuera de la fuerza de trabajo,Feb - Abr,8137.841335633333
2017,MUJERES,Total,Fuera de la fuerza de trabajo,Mar - May,8164.755006133334
2017,MUJERES,Total,Fuera de la fuerza de trabajo,Abr - Jun,8043.270921033334
2017,MUJERES,Total,Fuera de la fuerza de trabajo,May - Jul,8155.758707466667
2017,MUJERES,Total,Fuera de la fuerza de trabajo,Jun - Ago,8165.890666233335
2017,MUJERES,Total,Fuera de la fuerza de trabajo,Jul - Sep,8275.064057633334
2017,MUJERES,Total,Fuera de la fuerza de trabajo,Ago - Oct,8167.664529866666
2017,MUJERES,Total,Fuera de la fuerza de trabajo,Sep - Nov,8196.247089133334
2017,MUJERES,Total,Fuera de la fuerza de trabajo,Oct - Dic,8227.953113966667
2017,MUJERES,Total,Fuera de la fuerza de trabajo,Nov - Ene,8442.7421426
2017,MUJERES,Total,Fuera de la fuerza de trabajo,Dic - Feb,8561.086395066666
2018,MUJERES,Total,Fuera de la fuerza de trabajo,Ene - Mar,8646.1847731
2018,MUJERES,Total,Fuera de la fuerza de trabajo,Feb - Abr,8526.245048966666
2018,MUJERES,Total,Fuera de la fuerza de trabajo,Mar - May,8468.789613366665
2018,MUJERES,Total,Fuera de la fuerza de trabajo,Abr - Jun,8434.409403366668
2018,MUJERES,Total,Fuera de la fuerza de trabajo,May - Jul,8588.634256233332
2018,MUJERES,Total,Fuera de la fuerza de trabajo,Jun - Ago,8604.996988233333
2018,MUJERES,Total,Fuera de la fuerza de trabajo,Jul - Sep,8630.722665766667
2018,MUJERES,Total,Fuera de la fuerza de trabajo,Ago - Oct,8537.700359299999
2018,MUJERES,Total,Fuera de la fuerza de trabajo,Sep - Nov,8634.567703466668
2018,MUJERES,Total,Fuera de la fuerza de trabajo,Oct - Dic,8652.8145494
2018,MUJERES,Total,Fuera de la fuerza de trabajo,Nov - Ene,8815.531837533335
2018,MUJERES,Total,Fuera de la fuerza de trabajo,Dic - Feb,8780.118614333333
2019,MUJERES,Total,Fuera de la fuerza de trabajo,Ene - Mar,8847.931662266667
2019,MUJERES,Total,Fuera de la fuerza de trabajo,Feb - Abr,8877.348072733332
2019,MUJERES,Total,Fuera de la fuerza de trabajo,Mar - May,8929.162249966668
2019,MUJERES,Total,Fuera de la fuerza de trabajo,Abr - Jun,8941.326499066667
2019,MUJERES,Total,Fuera de la fuerza de trabajo,May - Jul,8939.127795
2019,MUJERES,Total,Fuera de la fuerza de trabajo,Jun - Ago,9044.711134233334
2019,MUJERES,Total,Fuera de la fuerza de trabajo,Jul - Sep,9090.3102265
2019,MUJERES,Total,Fuera de la fuerza de trabajo,Ago - Oct,9011.782896866667
2019,MUJERES,Total,Fuera de la fuerza de trabajo,Sep - Nov,8964.346813233335
2019,MUJERES,Total,Fuera de la fuerza de trabajo,Oct - Dic,9051.867143366668
2019,MUJERES,Total,Fuera de la fuerza de trabajo,Nov - Ene,9256.295085766667
2019,MUJERES,Total,Fuera de la fuerza de trabajo,Dic - Feb,9337.822423333333
2020,MUJERES,Total,Fuera de la fuerza de trabajo,Ene - Mar,9548.188770833332
2020,MUJERES,Total,Fuera de la fuerza de trabajo,Feb - Abr,10197.553552233332
2020,MUJERES,Total,Fuera de la fuerza de trabajo,Mar - May,10696.090454366667
2020,MUJERES,Total,Fuera de la fuerza de trabajo,Abr - Jun,10868.818854333333
2020,MUJERES,Total,Fuera de la fuerza de trabajo,May - Jul,10722.061083999999
2020,MUJERES,Total,Fuera de la fuerza de trabajo,Jun - Ago,10579.065909333332
2020,MUJERES,Total,Fuera de la fuerza de trabajo,Jul - Sep,10455.511909
2020,MUJERES,Total,Fuera de la fuerza de trabajo,Ago - Oct,10014.351584466667
2020,MUJERES,Total,Fuera de la fuerza de trabajo,Sep - Nov,9839.5755203
2020,MUJERES,Total,Fuera de la fuerza de trabajo,Oct - Dic,9786.194187366667
2020,MUJERES,Total,Fuera de la fuerza de trabajo,Nov - Ene,10041.5258519
2020,MUJERES,Total,Fuera de la fuerza de trabajo,Dic - Feb,10078.861920233334
2021,MUJERES,Total,Fuera de la fuerza de trabajo,Ene - Mar,10229.520231499999
2021,MUJERES,Total,Fuera de la fuerza de trabajo,Feb - Abr,10259.3112935
2021,MUJERES,Total,Fuera de la fuerza de trabajo,Mar - May,10349.581698
2021,MUJERES,Total,Fuera de la fuerza de trabajo,Abr - Jun,10354.256209666666
2021,MUJERES,Total,Fuera de la fuerza de trabajo,May - Jul,10315.777374666666
2021,MUJERES,Total,Fuera de la fuerza de trabajo,Jun - Ago,10365.469215
2021,MUJERES,Total,Fuera de la fuerza de trabajo,Jul - Sep,10417.094671333334
2021,MUJERES,Total,Fuera de la fuerza de trabajo,Ago - Oct,10409.007295666666
2021,MUJERES,Total,Fuera de la fuerza de trabajo,Sep - Nov,10317.688791
2021,MUJERES,Total,Fuera de la fuerza de trabajo,Oct - Dic,10171.713907333333
2021,MUJERES,Total,Fuera de la fuerza de trabajo,Nov - Ene,10063.610527266666
2021,MUJERES,Total,Fuera de la fuerza de trabajo,Dic - Feb,9878.6770133
2022,MUJERES,Total,Fuera de la fuerza de trabajo,Ene - Mar,9807.227299999999
2022,MUJERES,Total,Fuera de la fuerza de trabajo,Feb - Abr,9717.755428999999
2022,MUJERES,Total,Fuera de la fuerza de trabajo,Mar - May,9784.322332166666
2022,MUJERES,Total,Fuera de la fuerza de trabajo,Abr - Jun,9774.845328333335
2022,MUJERES,Total,Fuera de la fuerza de trabajo,May - Jul,9809.2085054
2022,MUJERES,Total,Fuera de la fuerza de trabajo,Jun - Ago,9807.924651733332
2022,MUJERES,Total,Fuera de la fuerza de trabajo,Jul - Sep,9726.892308333334
2022,MUJERES,Total,Fuera de la fuerza de trabajo,Ago - Oct,9718.271371966666
2022,MUJERES,Total,Fuera de la fuerza de trabajo,Sep - Nov,9741.984544600002
2022,MUJERES,Total,Fuera de la fuerza de trabajo,Oct - Dic,9811.088039633332
2022,MUJERES,Total,Fuera de la fuerza de trabajo,Nov - Ene,9862.999235233334
2022,MUJERES,Total,Fuera de la fuerza de trabajo,Dic - Feb,9820.007589233333
2023,MUJERES,Total,Fuera de la fuerza de trabajo,Ene - Mar,9792.6480943
2023,MUJERES,Total,Fuera de la fuerza de trabajo,Feb - Abr,9696.725468766666
2023,MUJERES,Total,Fuera de la fuerza de trabajo,Mar - May,9687.025578499999
2023,MUJERES,Total,Fuera de la fuerza de trabajo,Abr - Jun,9699.968894866666
2023,MUJERES,Total,Fuera de la fuerza de trabajo,May - Jul,9677.8397073
2023,MUJERES,Total,Fuera de la fuerza de trabajo,Jun - Ago,9675.2699001
2023,MUJERES,Total,Fuera de la fuerza de trabajo,Jul - Sep,9670.108241366666
2023,MUJERES,Total,Fuera de la fuerza de trabajo,Ago - Oct,9720.614996633332
2023,MUJERES,Total,Fuera de la fuerza de trabajo,Sep - Nov,9772.184231466666
2023,MUJERES,Total,Fuera de la fuerza de trabajo,Oct - Dic,9835.423862900001
2023,MUJERES,Total,Fuera de la fuerza de trabajo,Nov - Ene,9977.2775325
2023,MUJERES,Total,Fuera de la fuerza de trabajo,Dic - Feb,10004.1199662
2024,MUJERES,Total,Fuera de la fuerza de trabajo,Ene - Mar,9959.2351412
2024,MUJERES,Total,Fuera de la fuerza de trabajo,Feb - Abr,9845.223134333333
2024,MUJERES,Total,Fuera de la fuerza de trabajo,Mar - May,9856.9450613
2024,MUJERES,Total,Fuera de la fuerza de trabajo,Abr - Jun,9942.721473
2024,MUJERES,Total,Fuera de la fuerza de trabajo,May - Jul,9944.402044166667
2024,MUJERES,Total,Fuera de la fuerza de trabajo,Jun - Ago,9887.6647611
2024,MUJERES,Total,Fuera de la fuerza de trabajo,Jul - Sep,9890.972738766666
2024,MUJERES,Total,Fuera de la fuerza de trabajo,Ago - Oct,9978.097282800001
2024,MUJERES,Total,Fuera de la fuerza de trabajo,Sep - Nov,10025.7460936
2024,MUJERES,Total,Fuera de la fuerza de trabajo,Oct - Dic,9932.4248198
2024,MUJERES,Total,Fuera de la fuerza de trabajo,Nov - Ene,9933.7201878
2024,MUJERES,Total,Fuera de la fuerza de trabajo,Dic - Feb,9871.404409966666
2025,MUJERES,Total,Fuera de la fuerza de trabajo,Ene - Mar,9855.567222833333
2025,MUJERES,Total,Fuera de la fuerza de trabajo,Feb - Abr,9877.359765166666
2025,MUJERES,Total,Fuera de la fuerza de trabajo,Mar - May,10017.461516399999
2025,MUJERES,Total,Fuera de la fuerza de trabajo,Abr - Jun,10121.870949999999
2025,MUJERES,Total,Fuera de la fuerza de trabajo,May - Jul,10026.0477117
2025,MUJERES,Total,Fuera de la fuerza de trabajo,Jun - Ago,10039.514144366667
2025,MUJERES,Total,Fuera de la fuerza de trabajo,Jul - Sep,10033.779303366668
2025,MUJERES,Total,Fuera de la fuerza de trabajo,Ago - Oct,10047.4513582
2025,MUJERES,Total,Fuera de la fuerza de trabajo,Sep - Nov,9970.969018099999
2025,MUJERES,Total,Fuera de la fuerza de trabajo,Oct - Dic,9968.710970099999
2025,MUJERES,Total,Fuera de la fuerza de trabajo,Nov - Ene,10069.663618233333
2025,MUJERES,Total,Fuera de la fuerza de trabajo,Dic - Feb,10053.428182033334
2026,MUJERES,Total,Fuera de la fuerza de trabajo,Ene - Mar,10010.582847933334
2007,MUJERES,Total,Estudiando,Ene - Mar,1227.1669301666668
2007,MUJERES,Total,Estudiando,Feb - Abr,1365.6408612666667
2007,MUJERES,Total,Estudiando,Mar - May,1371.6202277
2007,MUJERES,Total,Estudiando,Abr - Jun,1345.0059529
2007,MUJERES,Total,Estudiando,May - Jul,1348.5261453
2007,MUJERES,Total,Estudiando,Jun - Ago,1350.1397501666668
2007,MUJERES,Total,Estudiando,Jul - Sep,1384.8776705
2007,MUJERES,Total,Estudiando,Ago - Oct,1385.9053031666665
2007,MUJERES,Total,Estudiando,Sep - Nov,1405.6842704
2007,MUJERES,Total,Estudiando,Oct - Dic,1251.5376098833333
2007,MUJERES,Total,Estudiando,Nov - Ene,1217.9149241833336
2007,MUJERES,Total,Estudiando,Dic - Feb,1177.1374419833332
2008,MUJERES,Total,Estudiando,Ene - Mar,1313.3658750666666
2008,MUJERES,Total,Estudiando,Feb - Abr,1357.1810077999999
2008,MUJERES,Total,Estudiando,Mar - May,1377.9332776
2008,MUJERES,Total,Estudiando,Abr - Jun,1378.2416352333332
2008,MUJERES,Total,Estudiando,May - Jul,1370.5075938333332
2008,MUJERES,Total,Estudiando,Jun - Ago,1386.4351781333335
2008,MUJERES,Total,Estudiando,Jul - Sep,1406.8451496333334
2008,MUJERES,Total,Estudiando,Ago - Oct,1451.4309108333334
2008,MUJERES,Total,Estudiando,Sep - Nov,1511.1958577333335
2008,MUJERES,Total,Estudiando,Oct - Dic,1412.0971980666666
2008,MUJERES,Total,Estudiando,Nov - Ene,1289.6848770333334
2008,MUJERES,Total,Estudiando,Dic - Feb,1216.0245678333333
2009,MUJERES,Total,Estudiando,Ene - Mar,1297.7970786666667
2009,MUJERES,Total,Estudiando,Feb - Abr,1358.5255395666666
2009,MUJERES,Total,Estudiando,Mar - May,1363.0415976666666
2009,MUJERES,Total,Estudiando,Abr - Jun,1356.5559049666665
2009,MUJERES,Total,Estudiando,May - Jul,1375.8609559
2009,MUJERES,Total,Estudiando,Jun - Ago,1400.2764271666667
2009,MUJERES,Total,Estudiando,Jul - Sep,1434.2990337666668
2009,MUJERES,Total,Estudiando,Ago - Oct,1423.5001742333334
2009,MUJERES,Total,Estudiando,Sep - Nov,1399.5903609999998
2009,MUJERES,Total,Estudiando,Oct - Dic,1298.8658047666668
2009,MUJERES,Total,Estudiando,Nov - Ene,1242.3642021666667
2009,MUJERES,Total,Estudiando,Dic - Feb,1226.8092305999999
2010,MUJERES,Total,Estudiando,Ene - Mar,1333.8295034333332
2010,MUJERES,Total,Estudiando,Feb - Abr,1399.8154163
2010,MUJERES,Total,Estudiando,Mar - May,1415.1758401666666
2010,MUJERES,Total,Estudiando,Abr - Jun,1387.1583133666666
2010,MUJERES,Total,Estudiando,May - Jul,1389.7891818333335
2010,MUJERES,Total,Estudiando,Jun - Ago,1397.5428931
2010,MUJERES,Total,Estudiando,Jul - Sep,1410.0757411666666
2010,MUJERES,Total,Estudiando,Ago - Oct,1441.0439460999999
2010,MUJERES,Total,Estudiando,Sep - Nov,1410.1366380666668
2010,MUJERES,Total,Estudiando,Oct - Dic,1317.3612057666667
2010,MUJERES,Total,Estudiando,Nov - Ene,1240.2713791333333
2010,MUJERES,Total,Estudiando,Dic - Feb,1265.224116933333
2011,MUJERES,Total,Estudiando,Ene - Mar,1363.7188031666665
2011,MUJERES,Total,Estudiando,Feb - Abr,1432.5836539
2011,MUJERES,Total,Estudiando,Mar - May,1442.8928506333334
2011,MUJERES,Total,Estudiando,Abr - Jun,1404.9198999666667
2011,MUJERES,Total,Estudiando,May - Jul,1369.1102147333334
2011,MUJERES,Total,Estudiando,Jun - Ago,1388.7793978
2011,MUJERES,Total,Estudiando,Jul - Sep,1426.8399246666668
2011,MUJERES,Total,Estudiando,Ago - Oct,1396.3012240666667
2011,MUJERES,Total,Estudiando,Sep - Nov,1352.5555925666667
2011,MUJERES,Total,Estudiando,Oct - Dic,1188.2586630033331
2011,MUJERES,Total,Estudiando,Nov - Ene,1167.70774957
2011,MUJERES,Total,Estudiando,Dic - Feb,1161.35426527
2012,MUJERES,Total,Estudiando,Ene - Mar,1315.5023320333332
2012,MUJERES,Total,Estudiando,Feb - Abr,1381.4077920666666
2012,MUJERES,Total,Estudiando,Mar - May,1365.2627215
2012,MUJERES,Total,Estudiando,Abr - Jun,1298.7306161333333
2012,MUJERES,Total,Estudiando,May - Jul,1284.2535127
2012,MUJERES,Total,Estudiando,Jun - Ago,1300.4101973666666
2012,MUJERES,Total,Estudiando,Jul - Sep,1368.2612235999998
2012,MUJERES,Total,Estudiando,Ago - Oct,1380.4808042000002
2012,MUJERES,Total,Estudiando,Sep - Nov,1409.5398196666667
2012,MUJERES,Total,Estudiando,Oct - Dic,1276.3518069666668
2012,MUJERES,Total,Estudiando,Nov - Ene,1194.3585542333333
2012,MUJERES,Total,Estudiando,Dic - Feb,1189.8968922
2013,MUJERES,Total,Estudiando,Ene - Mar,1292.3396678666666
2013,MUJERES,Total,Estudiando,Feb - Abr,1381.6290858666664
2013,MUJERES,Total,Estudiando,Mar - May,1382.5784194
2013,MUJERES,Total,Estudiando,Abr - Jun,1353.0947814666667
2013,MUJERES,Total,Estudiando,May - Jul,1377.0810066000001
2013,MUJERES,Total,Estudiando,Jun - Ago,1396.7884709666666
2013,MUJERES,Total,Estudiando,Jul - Sep,1484.6482716666667
2013,MUJERES,Total,Estudiando,Ago - Oct,1484.8605010333333
2013,MUJERES,Total,Estudiando,Sep - Nov,1453.1382322000002
2013,MUJERES,Total,Estudiando,Oct - Dic,1326.3144870333333
2013,MUJERES,Total,Estudiando,Nov - Ene,1256.3289735666667
2013,MUJERES,Total,Estudiando,Dic - Feb,1304.2567500666667
2014,MUJERES,Total,Estudiando,Ene - Mar,1431.9881654333333
2014,MUJERES,Total,Estudiando,Feb - Abr,1486.6422701333333
2014,MUJERES,Total,Estudiando,Mar - May,1476.0316932666665
2014,MUJERES,Total,Estudiando,Abr - Jun,1431.3969803
2014,MUJERES,Total,Estudiando,May - Jul,1477.6550248
2014,MUJERES,Total,Estudiando,Jun - Ago,1473.7664392666668
2014,MUJERES,Total,Estudiando,Jul - Sep,1524.3582096
2014,MUJERES,Total,Estudiando,Ago - Oct,1479.2506727999998
2014,MUJERES,Total,Estudiando,Sep - Nov,1457.8700451666666
2014,MUJERES,Total,Estudiando,Oct - Dic,1348.0759614
2014,MUJERES,Total,Estudiando,Nov - Ene,1319.7507962999998
2014,MUJERES,Total,Estudiando,Dic - Feb,1338.7581823333333
2015,MUJERES,Total,Estudiando,Ene - Mar,1422.6446058333333
2015,MUJERES,Total,Estudiando,Feb - Abr,1472.4330926999999
2015,MUJERES,Total,Estudiando,Mar - May,1466.0537035
2015,MUJERES,Total,Estudiando,Abr - Jun,1451.7802261333334
2015,MUJERES,Total,Estudiando,May - Jul,1450.1139938666668
2015,MUJERES,Total,Estudiando,Jun - Ago,1467.467776766667
2015,MUJERES,Total,Estudiando,Jul - Sep,1508.1084409000002
2015,MUJERES,Total,Estudiando,Ago - Oct,1493.8452321666666
2015,MUJERES,Total,Estudiando,Sep - Nov,1497.3064254333333
2015,MUJERES,Total,Estudiando,Oct - Dic,1363.5551394000001
2015,MUJERES,Total,Estudiando,Nov - Ene,1299.8787832666667
2015,MUJERES,Total,Estudiando,Dic - Feb,1277.4016460999999
2016,MUJERES,Total,Estudiando,Ene - Mar,1391.6417945666665
2016,MUJERES,Total,Estudiando,Feb - Abr,1500.8894026666667
2016,MUJERES,Total,Estudiando,Mar - May,1537.5283874666666
2016,MUJERES,Total,Estudiando,Abr - Jun,1543.5283556333334
2016,MUJERES,Total,Estudiando,May - Jul,1546.8028094666668
2016,MUJERES,Total,Estudiando,Jun - Ago,1543.5493193333332
2016,MUJERES,Total,Estudiando,Jul - Sep,1577.2632715333332
2016,MUJERES,Total,Estudiando,Ago - Oct,1550.6113796999998
2016,MUJERES,Total,Estudiando,Sep - Nov,1557.7094531
2016,MUJERES,Total,Estudiando,Oct - Dic,1438.5177280999999
2016,MUJERES,Total,Estudiando,Nov - Ene,1355.3859025666668
2016,MUJERES,Total,Estudiando,Dic - Feb,1323.3048922666667
2017,MUJERES,Total,Estudiando,Ene - Mar,1411.3789681333335
2017,MUJERES,Total,Estudiando,Feb - Abr,1483.8235076333333
2017,MUJERES,Total,Estudiando,Mar - May,1500.1670757666668
2017,MUJERES,Total,Estudiando,Abr - Jun,1469.4914842666667
2017,MUJERES,Total,Estudiando,May - Jul,1487.8273981
2017,MUJERES,Total,Estudiando,Jun - Ago,1544.9662242333332
2017,MUJERES,Total,Estudiando,Jul - Sep,1617.3510371333334
2017,MUJERES,Total,Estudiando,Ago - Oct,1637.2692350666666
2017,MUJERES,Total,Estudiando,Sep - Nov,1590.2044783000001
2017,MUJERES,Total,Estudiando,Oct - Dic,1439.1141220999998
2017,MUJERES,Total,Estudiando,Nov - Ene,1328.9565085666666
2017,MUJERES,Total,Estudiando,Dic - Feb,1309.5930699
2018,MUJERES,Total,Estudiando,Ene - Mar,1432.6622794666666
2018,MUJERES,Total,Estudiando,Feb - Abr,1548.9669679666665
2018,MUJERES,Total,Estudiando,Mar - May,1588.3139147
2018,MUJERES,Total,Estudiando,Abr - Jun,1568.6448036333334
2018,MUJERES,Total,Estudiando,May - Jul,1554.4156648333335
2018,MUJERES,Total,Estudiando,Jun - Ago,1566.7056046333335
2018,MUJERES,Total,Estudiando,Jul - Sep,1610.6341689666667
2018,MUJERES,Total,Estudiando,Ago - Oct,1637.5036943333334
2018,MUJERES,Total,Estudiando,Sep - Nov,1646.5289436666665
2018,MUJERES,Total,Estudiando,Oct - Dic,1497.8439307666667
2018,MUJERES,Total,Estudiando,Nov - Ene,1395.3130801999998
2018,MUJERES,Total,Estudiando,Dic - Feb,1358.1139088
2019,MUJERES,Total,Estudiando,Ene - Mar,1498.0127291666668
2019,MUJERES,Total,Estudiando,Feb - Abr,1595.5937692
2019,MUJERES,Total,Estudiando,Mar - May,1628.5720878666668
2019,MUJERES,Total,Estudiando,Abr - Jun,1617.9977984999998
2019,MUJERES,Total,Estudiando,May - Jul,1595.5497349999998
2019,MUJERES,Total,Estudiando,Jun - Ago,1621.7504539666668
2019,MUJERES,Total,Estudiando,Jul - Sep,1664.085177
2019,MUJERES,Total,Estudiando,Ago - Oct,1709.7551287333333
2019,MUJERES,Total,Estudiando,Sep - Nov,1653.8282605333334
2019,MUJERES,Total,Estudiando,Oct - Dic,1520.6375772333333
2019,MUJERES,Total,Estudiando,Nov - Ene,1433.9812421666666
2019,MUJERES,Total,Estudiando,Dic - Feb,1430.5232064333331
2020,MUJERES,Total,Estudiando,Ene - Mar,1518.4482440000002
2020,MUJERES,Total,Estudiando,Feb - Abr,1607.9168331666667
2020,MUJERES,Total,Estudiando,Mar - May,1648.9179851000001
2020,MUJERES,Total,Estudiando,Abr - Jun,1639.1770141666666
2020,MUJERES,Total,Estudiando,May - Jul,1609.5922187666665
2020,MUJERES,Total,Estudiando,Jun - Ago,1594.4684703333332
2020,MUJERES,Total,Estudiando,Jul - Sep,1620.0499730000001
2020,MUJERES,Total,Estudiando,Ago - Oct,1606.6230372
2020,MUJERES,Total,Estudiando,Sep - Nov,1566.5295740000001
2020,MUJERES,Total,Estudiando,Oct - Dic,1475.9274628333333
2020,MUJERES,Total,Estudiando,Nov - Ene,1326.8168957333335
2020,MUJERES,Total,Estudiando,Dic - Feb,1337.6816716666667
2021,MUJERES,Total,Estudiando,Ene - Mar,1450.5790892333334
2021,MUJERES,Total,Estudiando,Feb - Abr,1640.7416584666664
2021,MUJERES,Total,Estudiando,Mar - May,1689.1110388999998
2021,MUJERES,Total,Estudiando,Abr - Jun,1685.2991226666666
2021,MUJERES,Total,Estudiando,May - Jul,1667.0075370000002
2021,MUJERES,Total,Estudiando,Jun - Ago,1659.9259058999999
2021,MUJERES,Total,Estudiando,Jul - Sep,1708.9852841
2021,MUJERES,Total,Estudiando,Ago - Oct,1751.5417809
2021,MUJERES,Total,Estudiando,Sep - Nov,1805.7385963999998
2021,MUJERES,Total,Estudiando,Oct - Dic,1607.323239666667
2021,MUJERES,Total,Estudiando,Nov - Ene,1392.740454
2021,MUJERES,Total,Estudiando,Dic - Feb,1278.0104123333333
2022,MUJERES,Total,Estudiando,Ene - Mar,1409.2707559666667
2022,MUJERES,Total,Estudiando,Feb - Abr,1561.8528579333333
2022,MUJERES,Total,Estudiando,Mar - May,1636.7245007333333
2022,MUJERES,Total,Estudiando,Abr - Jun,1644.6067059666668
2022,MUJERES,Total,Estudiando,May - Jul,1684.0037586
2022,MUJERES,Total,Estudiando,Jun - Ago,1690.8735788666665
2022,MUJERES,Total,Estudiando,Jul - Sep,1690.2183132666669
2022,MUJERES,Total,Estudiando,Ago - Oct,1726.9896836
2022,MUJERES,Total,Estudiando,Sep - Nov,1727.5053555000002
2022,MUJERES,Total,Estudiando,Oct - Dic,1632.8750354000001
2022,MUJERES,Total,Estudiando,Nov - Ene,1419.6135649333335
2022,MUJERES,Total,Estudiando,Dic - Feb,1370.5191722333336
2023,MUJERES,Total,Estudiando,Ene - Mar,1483.5628403
2023,MUJERES,Total,Estudiando,Feb - Abr,1634.9694530333334
2023,MUJERES,Total,Estudiando,Mar - May,1656.5489243
2023,MUJERES,Total,Estudiando,Abr - Jun,1626.9758048666665
2023,MUJERES,Total,Estudiando,May - Jul,1637.7411720666666
2023,MUJERES,Total,Estudiando,Jun - Ago,1688.2870115000003
2023,MUJERES,Total,Estudiando,Jul - Sep,1745.4682840666665
2023,MUJERES,Total,Estudiando,Ago - Oct,1762.0440561333332
2023,MUJERES,Total,Estudiando,Sep - Nov,1735.1718485333333
2023,MUJERES,Total,Estudiando,Oct - Dic,1575.5793467666665
2023,MUJERES,Total,Estudiando,Nov - Ene,1444.3903075333335
2023,MUJERES,Total,Estudiando,Dic - Feb,1398.2561952666667
2024,MUJERES,Total,Estudiando,Ene - Mar,1498.9063464333333
2024,MUJERES,Total,Estudiando,Feb - Abr,1658.8721421666667
2024,MUJERES,Total,Estudiando,Mar - May,1716.5896702666666
2024,MUJERES,Total,Estudiando,Abr - Jun,1733.7208327666667
2024,MUJERES,Total,Estudiando,May - Jul,1681.3640914
2024,MUJERES,Total,Estudiando,Jun - Ago,1676.3554178000002
2024,MUJERES,Total,Estudiando,Jul - Sep,1779.9539653000002
2024,MUJERES,Total,Estudiando,Ago - Oct,1838.4956539000002
2024,MUJERES,Total,Estudiando,Sep - Nov,1862.0510778333335
2024,MUJERES,Total,Estudiando,Oct - Dic,1654.5682396
2024,MUJERES,Total,Estudiando,Nov - Ene,1503.0727705666666
2024,MUJERES,Total,Estudiando,Dic - Feb,1433.9531170999999
2025,MUJERES,Total,Estudiando,Ene - Mar,1549.3930193999997
2025,MUJERES,Total,Estudiando,Feb - Abr,1685.2872594666667
2025,MUJERES,Total,Estudiando,Mar - May,1737.9930154666665
2025,MUJERES,Total,Estudiando,Abr - Jun,1734.9745798000001
2025,MUJERES,Total,Estudiando,May - Jul,1695.6217819333333
2025,MUJERES,Total,Estudiando,Jun - Ago,1703.3741662666664
2025,MUJERES,Total,Estudiando,Jul - Sep,1767.3575234
2025,MUJERES,Total,Estudiando,Ago - Oct,1794.8074733
2025,MUJERES,Total,Estudiando,Sep - Nov,1790.7750318333335
2025,MUJERES,Total,Estudiando,Oct - Dic,1609.7966875666668
2025,MUJERES,Total,Estudiando,Nov - Ene,1480.972522
2025,MUJERES,Total,Estudiando,Dic - Feb,1451.4112592666668
2026,MUJERES,Total,Estudiando,Ene - Mar,1570.0616517666665
2007,MUJERES,Total,Oficios del Hogar,Ene - Mar,5738.4029179
2007,MUJERES,Total,Oficios del Hogar,Feb - Abr,5525.7324389333335
2007,MUJERES,Total,Oficios del Hogar,Mar - May,5553.2469378
2007,MUJERES,Total,Oficios del Hogar,Abr - Jun,5591.199765933333
2007,MUJERES,Total,Oficios del Hogar,May - Jul,5637.249032866665
2007,MUJERES,Total,Oficios del Hogar,Jun - Ago,5598.246101766666
2007,MUJERES,Total,Oficios del Hogar,Jul - Sep,5519.897559733333
2007,MUJERES,Total,Oficios del Hogar,Ago - Oct,5323.001000166667
2007,MUJERES,Total,Oficios del Hogar,Sep - Nov,5234.240048833333
2007,MUJERES,Total,Oficios del Hogar,Oct - Dic,5367.834918566667
2007,MUJERES,Total,Oficios del Hogar,Nov - Ene,5634.9220872666665
2007,MUJERES,Total,Oficios del Hogar,Dic - Feb,5657.924408366666
2008,MUJERES,Total,Oficios del Hogar,Ene - Mar,5506.701778166666
2008,MUJERES,Total,Oficios del Hogar,Feb - Abr,5405.484663566667
2008,MUJERES,Total,Oficios del Hogar,Mar - May,5434.815570533333
2008,MUJERES,Total,Oficios del Hogar,Abr - Jun,5571.498945366667
2008,MUJERES,Total,Oficios del Hogar,May - Jul,5583.646381933334
2008,MUJERES,Total,Oficios del Hogar,Jun - Ago,5688.825996466668
2008,MUJERES,Total,Oficios del Hogar,Jul - Sep,5608.993156166667
2008,MUJERES,Total,Oficios del Hogar,Ago - Oct,5651.4201803999995
2008,MUJERES,Total,Oficios del Hogar,Sep - Nov,5705.323752033332
2008,MUJERES,Total,Oficios del Hogar,Oct - Dic,5814.668794866666
2008,MUJERES,Total,Oficios del Hogar,Nov - Ene,5834.2768288
2008,MUJERES,Total,Oficios del Hogar,Dic - Feb,5689.109274933333
2009,MUJERES,Total,Oficios del Hogar,Ene - Mar,5523.492641433334
2009,MUJERES,Total,Oficios del Hogar,Feb - Abr,5339.581485166666
2009,MUJERES,Total,Oficios del Hogar,Mar - May,5227.652885233333
2009,MUJERES,Total,Oficios del Hogar,Abr - Jun,5184.340994466666
2009,MUJERES,Total,Oficios del Hogar,May - Jul,5178.4159426666665
2009,MUJERES,Total,Oficios del Hogar,Jun - Ago,5226.606791933334
2009,MUJERES,Total,Oficios del Hogar,Jul - Sep,5199.310915233334
2009,MUJERES,Total,Oficios del Hogar,Ago - Oct,5076.295072033333
2009,MUJERES,Total,Oficios del Hogar,Sep - Nov,4941.354951866666
2009,MUJERES,Total,Oficios del Hogar,Oct - Dic,4914.242490633334
2009,MUJERES,Total,Oficios del Hogar,Nov - Ene,5080.515667299999
2009,MUJERES,Total,Oficios del Hogar,Dic - Feb,5106.091103433333
2010,MUJERES,Total,Oficios del Hogar,Ene - Mar,5099.164706266666
2010,MUJERES,Total,Oficios del Hogar,Feb - Abr,4949.826513466666
2010,MUJERES,Total,Oficios del Hogar,Mar - May,4968.990483933333
2010,MUJERES,Total,Oficios del Hogar,Abr - Jun,4937.1093549
2010,MUJERES,Total,Oficios del Hogar,May - Jul,4996.915327766667
2010,MUJERES,Total,Oficios del Hogar,Jun - Ago,5005.326731733333
2010,MUJERES,Total,Oficios del Hogar,Jul - Sep,4916.1460320333335
2010,MUJERES,Total,Oficios del Hogar,Ago - Oct,4842.534218233333
2010,MUJERES,Total,Oficios del Hogar,Sep - Nov,4787.304481200001
2010,MUJERES,Total,Oficios del Hogar,Oct - Dic,4976.695083833333
2010,MUJERES,Total,Oficios del Hogar,Nov - Ene,5059.717307466667
2010,MUJERES,Total,Oficios del Hogar,Dic - Feb,5157.491072066667
2011,MUJERES,Total,Oficios del Hogar,Ene - Mar,5086.388227766666
2011,MUJERES,Total,Oficios del Hogar,Feb - Abr,5092.074972466667
2011,MUJERES,Total,Oficios del Hogar,Mar - May,5026.941757533333
2011,MUJERES,Total,Oficios del Hogar,Abr - Jun,5052.1663972
2011,MUJERES,Total,Oficios del Hogar,May - Jul,5077.8239945
2011,MUJERES,Total,Oficios del Hogar,Jun - Ago,5097.162259233333
2011,MUJERES,Total,Oficios del Hogar,Jul - Sep,4982.602565233334
2011,MUJERES,Total,Oficios del Hogar,Ago - Oct,4843.283979700001
2011,MUJERES,Total,Oficios del Hogar,Sep - Nov,4729.421107566667
2011,MUJERES,Total,Oficios del Hogar,Oct - Dic,4874.184404866667
2011,MUJERES,Total,Oficios del Hogar,Nov - Ene,4976.030180166667
2011,MUJERES,Total,Oficios del Hogar,Dic - Feb,4986.4278822999995
2012,MUJERES,Total,Oficios del Hogar,Ene - Mar,4816.0322725666665
2012,MUJERES,Total,Oficios del Hogar,Feb - Abr,4708.895136433333
2012,MUJERES,Total,Oficios del Hogar,Mar - May,4714.508705066667
2012,MUJERES,Total,Oficios del Hogar,Abr - Jun,4692.890056633333
2012,MUJERES,Total,Oficios del Hogar,May - Jul,4738.168961266667
2012,MUJERES,Total,Oficios del Hogar,Jun - Ago,4805.4018645
2012,MUJERES,Total,Oficios del Hogar,Jul - Sep,4855.4143608
2012,MUJERES,Total,Oficios del Hogar,Ago - Oct,4794.282766766667
2012,MUJERES,Total,Oficios del Hogar,Sep - Nov,4780.515377666667
2012,MUJERES,Total,Oficios del Hogar,Oct - Dic,4890.489048166666
2012,MUJERES,Total,Oficios del Hogar,Nov - Ene,5063.6538178
2012,MUJERES,Total,Oficios del Hogar,Dic - Feb,5134.7269256
2013,MUJERES,Total,Oficios del Hogar,Ene - Mar,5142.975603966667
2013,MUJERES,Total,Oficios del Hogar,Feb - Abr,5099.050225499999
2013,MUJERES,Total,Oficios del Hogar,Mar - May,5027.409204
2013,MUJERES,Total,Oficios del Hogar,Abr - Jun,4956.354210466667
2013,MUJERES,Total,Oficios del Hogar,May - Jul,4878.512279533334
2013,MUJERES,Total,Oficios del Hogar,Jun - Ago,4844.287892266667
2013,MUJERES,Total,Oficios del Hogar,Jul - Sep,4813.026700733332
2013,MUJERES,Total,Oficios del Hogar,Ago - Oct,4784.2152301
2013,MUJERES,Total,Oficios del Hogar,Sep - Nov,4867.933091733334
2013,MUJERES,Total,Oficios del Hogar,Oct - Dic,5031.0457672
2013,MUJERES,Total,Oficios del Hogar,Nov - Ene,5232.4435796
2013,MUJERES,Total,Oficios del Hogar,Dic - Feb,5289.7161366
2014,MUJERES,Total,Oficios del Hogar,Ene - Mar,5211.275491166667
2014,MUJERES,Total,Oficios del Hogar,Feb - Abr,5124.3434179666665
2014,MUJERES,Total,Oficios del Hogar,Mar - May,5101.391066566666
2014,MUJERES,Total,Oficios del Hogar,Abr - Jun,5080.154415333333
2014,MUJERES,Total,Oficios del Hogar,May - Jul,5104.774070733333
2014,MUJERES,Total,Oficios del Hogar,Jun - Ago,5060.4905795
2014,MUJERES,Total,Oficios del Hogar,Jul - Sep,5008.1503992
2014,MUJERES,Total,Oficios del Hogar,Ago - Oct,4891.4426226000005
2014,MUJERES,Total,Oficios del Hogar,Sep - Nov,4885.771021500001
2014,MUJERES,Total,Oficios del Hogar,Oct - Dic,5086.656988366667
2014,MUJERES,Total,Oficios del Hogar,Nov - Ene,5289.128291266667
2014,MUJERES,Total,Oficios del Hogar,Dic - Feb,5416.7023267333325
2015,MUJERES,Total,Oficios del Hogar,Ene - Mar,5332.469774633333
2015,MUJERES,Total,Oficios del Hogar,Feb - Abr,5166.438381033334
2015,MUJERES,Total,Oficios del Hogar,Mar - May,5081.8163666
2015,MUJERES,Total,Oficios del Hogar,Abr - Jun,5017.143751799999
2015,MUJERES,Total,Oficios del Hogar,May - Jul,5164.902100533333
2015,MUJERES,Total,Oficios del Hogar,Jun - Ago,5133.194288866667
2015,MUJERES,Total,Oficios del Hogar,Jul - Sep,5075.938975033333
2015,MUJERES,Total,Oficios del Hogar,Ago - Oct,4920.7477458
2015,MUJERES,Total,Oficios del Hogar,Sep - Nov,4938.974002533333
2015,MUJERES,Total,Oficios del Hogar,Oct - Dic,5119.931894133333
2015,MUJERES,Total,Oficios del Hogar,Nov - Ene,5306.330210266667
2015,MUJERES,Total,Oficios del Hogar,Dic - Feb,5412.672507066666
2016,MUJERES,Total,Oficios del Hogar,Ene - Mar,5414.8091953
2016,MUJERES,Total,Oficios del Hogar,Feb - Abr,5328.458230866667
2016,MUJERES,Total,Oficios del Hogar,Mar - May,5280.498778533333
2016,MUJERES,Total,Oficios del Hogar,Abr - Jun,5208.553579333334
2016,MUJERES,Total,Oficios del Hogar,May - Jul,5325.063254766667
2016,MUJERES,Total,Oficios del Hogar,Jun - Ago,5380.761907766667
2016,MUJERES,Total,Oficios del Hogar,Jul - Sep,5417.399733033334
2016,MUJERES,Total,Oficios del Hogar,Ago - Oct,5270.613484466667
2016,MUJERES,Total,Oficios del Hogar,Sep - Nov,5245.9979668999995
2016,MUJERES,Total,Oficios del Hogar,Oct - Dic,5365.3716331000005
2016,MUJERES,Total,Oficios del Hogar,Nov - Ene,5592.004906566667
2016,MUJERES,Total,Oficios del Hogar,Dic - Feb,5619.072386366667
2017,MUJERES,Total,Oficios del Hogar,Ene - Mar,5605.9747949
2017,MUJERES,Total,Oficios del Hogar,Feb - Abr,5464.408828733333
2017,MUJERES,Total,Oficios del Hogar,Mar - May,5503.241925533333
2017,MUJERES,Total,Oficios del Hogar,Abr - Jun,5397.379309366667
2017,MUJERES,Total,Oficios del Hogar,May - Jul,5506.2883802
2017,MUJERES,Total,Oficios del Hogar,Jun - Ago,5435.336855666667
2017,MUJERES,Total,Oficios del Hogar,Jul - Sep,5440.3426202
2017,MUJERES,Total,Oficios del Hogar,Ago - Oct,5306.808504233333
2017,MUJERES,Total,Oficios del Hogar,Sep - Nov,5407.860712033333
2017,MUJERES,Total,Oficios del Hogar,Oct - Dic,5565.5038208666665
2017,MUJERES,Total,Oficios del Hogar,Nov - Ene,5814.960117733334
2017,MUJERES,Total,Oficios del Hogar,Dic - Feb,5930.1398715333335
2018,MUJERES,Total,Oficios del Hogar,Ene - Mar,5937.371241966667
2018,MUJERES,Total,Oficios del Hogar,Feb - Abr,5770.277390533333
2018,MUJERES,Total,Oficios del Hogar,Mar - May,5704.307367
2018,MUJERES,Total,Oficios del Hogar,Abr - Jun,5691.473775400001
2018,MUJERES,Total,Oficios del Hogar,May - Jul,5835.1024253666665
2018,MUJERES,Total,Oficios del Hogar,Jun - Ago,5783.2593224
2018,MUJERES,Total,Oficios del Hogar,Jul - Sep,5748.194280299999
2018,MUJERES,Total,Oficios del Hogar,Ago - Oct,5604.821714233333
2018,MUJERES,Total,Oficios del Hogar,Sep - Nov,5731.755488666667
2018,MUJERES,Total,Oficios del Hogar,Oct - Dic,5844.805160666667
2018,MUJERES,Total,Oficios del Hogar,Nov - Ene,6030.364667933332
2018,MUJERES,Total,Oficios del Hogar,Dic - Feb,5970.993756633333
2019,MUJERES,Total,Oficios del Hogar,Ene - Mar,5927.5322022
2019,MUJERES,Total,Oficios del Hogar,Feb - Abr,5933.7923217
2019,MUJERES,Total,Oficios del Hogar,Mar - May,5957.399433066666
2019,MUJERES,Total,Oficios del Hogar,Abr - Jun,5974.531061466667
2019,MUJERES,Total,Oficios del Hogar,May - Jul,5975.358539899999
2019,MUJERES,Total,Oficios del Hogar,Jun - Ago,6050.4606115
2019,MUJERES,Total,Oficios del Hogar,Jul - Sep,6061.354415866666
2019,MUJERES,Total,Oficios del Hogar,Ago - Oct,5955.1091185
2019,MUJERES,Total,Oficios del Hogar,Sep - Nov,5964.0082029333325
2019,MUJERES,Total,Oficios del Hogar,Oct - Dic,6123.964337599999
2019,MUJERES,Total,Oficios del Hogar,Nov - Ene,6295.517495833334
2019,MUJERES,Total,Oficios del Hogar,Dic - Feb,6362.488013833335
2020,MUJERES,Total,Oficios del Hogar,Ene - Mar,6520.4275164
2020,MUJERES,Total,Oficios del Hogar,Feb - Abr,7095.3752937
2020,MUJERES,Total,Oficios del Hogar,Mar - May,7554.3178177
2020,MUJERES,Total,Oficios del Hogar,Abr - Jun,7784.067253166667
2020,MUJERES,Total,Oficios del Hogar,May - Jul,7784.9124679999995
2020,MUJERES,Total,Oficios del Hogar,Jun - Ago,7672.159438833333
2020,MUJERES,Total,Oficios del Hogar,Jul - Sep,7482.101696033333
2020,MUJERES,Total,Oficios del Hogar,Ago - Oct,7048.396647500001
2020,MUJERES,Total,Oficios del Hogar,Sep - Nov,6930.151255333333
2020,MUJERES,Total,Oficios del Hogar,Oct - Dic,6934.556219133333
2020,MUJERES,Total,Oficios del Hogar,Nov - Ene,7394.1311725333335
2020,MUJERES,Total,Oficios del Hogar,Dic - Feb,7531.411750966666
2021,MUJERES,Total,Oficios del Hogar,Ene - Mar,7755.092369000001
2021,MUJERES,Total,Oficios del Hogar,Feb - Abr,7656.290011266666
2021,MUJERES,Total,Oficios del Hogar,Mar - May,7689.066144533333
2021,MUJERES,Total,Oficios del Hogar,Abr - Jun,7672.033926033334
2021,MUJERES,Total,Oficios del Hogar,May - Jul,7627.424985466667
2021,MUJERES,Total,Oficios del Hogar,Jun - Ago,7666.427718466667
2021,MUJERES,Total,Oficios del Hogar,Jul - Sep,7685.719774266666
2021,MUJERES,Total,Oficios del Hogar,Ago - Oct,7651.609484833333
2021,MUJERES,Total,Oficios del Hogar,Sep - Nov,7524.275831766667
2021,MUJERES,Total,Oficios del Hogar,Oct - Dic,7482.256029433333
2021,MUJERES,Total,Oficios del Hogar,Nov - Ene,7485.714904866666
2021,MUJERES,Total,Oficios del Hogar,Dic - Feb,7370.861347266667
2022,MUJERES,Total,Oficios del Hogar,Ene - Mar,7241.9766218
2022,MUJERES,Total,Oficios del Hogar,Feb - Abr,7041.3432002
2022,MUJERES,Total,Oficios del Hogar,Mar - May,7029.966501533334
2022,MUJERES,Total,Oficios del Hogar,Abr - Jun,6950.198554233332
2022,MUJERES,Total,Oficios del Hogar,May - Jul,6935.670368499999
2022,MUJERES,Total,Oficios del Hogar,Jun - Ago,6921.6457385
2022,MUJERES,Total,Oficios del Hogar,Jul - Sep,6837.646805133333
2022,MUJERES,Total,Oficios del Hogar,Ago - Oct,6820.851131
2022,MUJERES,Total,Oficios del Hogar,Sep - Nov,6851.3731136
2022,MUJERES,Total,Oficios del Hogar,Oct - Dic,6980.704798933333
2022,MUJERES,Total,Oficios del Hogar,Nov - Ene,7149.137255733333
2022,MUJERES,Total,Oficios del Hogar,Dic - Feb,7130.143383133333
2023,MUJERES,Total,Oficios del Hogar,Ene - Mar,7064.378976633333
2023,MUJERES,Total,Oficios del Hogar,Feb - Abr,6900.255347733332
2023,MUJERES,Total,Oficios del Hogar,Mar - May,6868.817730633334
2023,MUJERES,Total,Oficios del Hogar,Abr - Jun,6868.714157933333
2023,MUJERES,Total,Oficios del Hogar,May - Jul,6844.7713737
2023,MUJERES,Total,Oficios del Hogar,Jun - Ago,6825.4117268
2023,MUJERES,Total,Oficios del Hogar,Jul - Sep,6747.514168633334
2023,MUJERES,Total,Oficios del Hogar,Ago - Oct,6750.691107
2023,MUJERES,Total,Oficios del Hogar,Sep - Nov,6814.601905233333
2023,MUJERES,Total,Oficios del Hogar,Oct - Dic,7009.5813886999995
2023,MUJERES,Total,Oficios del Hogar,Nov - Ene,7199.635949533334
2023,MUJERES,Total,Oficios del Hogar,Dic - Feb,7268.292436833333
2024,MUJERES,Total,Oficios del Hogar,Ene - Mar,7153.9458929
2024,MUJERES,Total,Oficios del Hogar,Feb - Abr,6979.7670137
2024,MUJERES,Total,Oficios del Hogar,Mar - May,6938.0176442
2024,MUJERES,Total,Oficios del Hogar,Abr - Jun,7001.631613400001
2024,MUJERES,Total,Oficios del Hogar,May - Jul,7051.481456166667
2024,MUJERES,Total,Oficios del Hogar,Jun - Ago,6983.426276366667
2024,MUJERES,Total,Oficios del Hogar,Jul - Sep,6921.274608500001
2024,MUJERES,Total,Oficios del Hogar,Ago - Oct,6965.3485586
2024,MUJERES,Total,Oficios del Hogar,Sep - Nov,7012.455987099999
2024,MUJERES,Total,Oficios del Hogar,Oct - Dic,7070.8502186666665
2024,MUJERES,Total,Oficios del Hogar,Nov - Ene,7127.320862166666
2024,MUJERES,Total,Oficios del Hogar,Dic - Feb,7148.523628666667
2025,MUJERES,Total,Oficios del Hogar,Ene - Mar,7069.1284645000005
2025,MUJERES,Total,Oficios del Hogar,Feb - Abr,6999.035808466667
2025,MUJERES,Total,Oficios del Hogar,Mar - May,7034.280851566667
2025,MUJERES,Total,Oficios del Hogar,Abr - Jun,7102.3320496666665
2025,MUJERES,Total,Oficios del Hogar,May - Jul,7052.247680500001
2025,MUJERES,Total,Oficios del Hogar,Jun - Ago,7032.079430566667
2025,MUJERES,Total,Oficios del Hogar,Jul - Sep,6999.895685133332
2025,MUJERES,Total,Oficios del Hogar,Ago - Oct,6990.643624966667
2025,MUJERES,Total,Oficios del Hogar,Sep - Nov,6925.0629554
2025,MUJERES,Total,Oficios del Hogar,Oct - Dic,7008.0854441
2025,MUJERES,Total,Oficios del Hogar,Nov - Ene,7142.697230466667
2025,MUJERES,Total,Oficios del Hogar,Dic - Feb,7167.473174266667
2026,MUJERES,Total,Oficios del Hogar,Ene - Mar,7073.169703766666
2007,MUJERES,Total,Otros,Ene - Mar,760.15480018
2007,MUJERES,Total,Otros,Feb - Abr,697.1773505133333
2007,MUJERES,Total,Otros,Mar - May,688.5245244500001
2007,MUJERES,Total,Otros,Abr - Jun,729.0049195566667
2007,MUJERES,Total,Otros,May - Jul,776.5913615899999
2007,MUJERES,Total,Otros,Jun - Ago,823.6681538233333
2007,MUJERES,Total,Otros,Jul - Sep,790.3513991599999
2007,MUJERES,Total,Otros,Ago - Oct,766.7423113466666
2007,MUJERES,Total,Otros,Sep - Nov,766.5154924566667
2007,MUJERES,Total,Otros,Oct - Dic,868.4257069099999
2007,MUJERES,Total,Otros,Nov - Ene,894.4553853833332
2007,MUJERES,Total,Otros,Dic - Feb,878.83428333
2008,MUJERES,Total,Otros,Ene - Mar,792.1990410533334
2008,MUJERES,Total,Otros,Feb - Abr,713.6215087766667
2008,MUJERES,Total,Otros,Mar - May,701.2507427300001
2008,MUJERES,Total,Otros,Abr - Jun,715.7183294866667
2008,MUJERES,Total,Otros,May - Jul,736.5022057333334
2008,MUJERES,Total,Otros,Jun - Ago,747.2374525233334
2008,MUJERES,Total,Otros,Jul - Sep,723.4572527766667
2008,MUJERES,Total,Otros,Ago - Oct,722.86070102
2008,MUJERES,Total,Otros,Sep - Nov,711.9146331033334
2008,MUJERES,Total,Otros,Oct - Dic,740.4774323733333
2008,MUJERES,Total,Otros,Nov - Ene,845.8675251600001
2008,MUJERES,Total,Otros,Dic - Feb,868.1655844266667
2009,MUJERES,Total,Otros,Ene - Mar,834.5730226933333
2009,MUJERES,Total,Otros,Feb - Abr,753.11560384
2009,MUJERES,Total,Otros,Mar - May,742.2908003933334
2009,MUJERES,Total,Otros,Abr - Jun,742.4052370200001
2009,MUJERES,Total,Otros,May - Jul,722.5755639066666
2009,MUJERES,Total,Otros,Jun - Ago,728.56132277
2009,MUJERES,Total,Otros,Jul - Sep,736.08917571
2009,MUJERES,Total,Otros,Ago - Oct,763.6936035100001
2009,MUJERES,Total,Otros,Sep - Nov,770.0798314033333
2009,MUJERES,Total,Otros,Oct - Dic,827.5491147766667
2009,MUJERES,Total,Otros,Nov - Ene,872.5303735266666
2009,MUJERES,Total,Otros,Dic - Feb,886.77986504
2010,MUJERES,Total,Otros,Ene - Mar,851.3164264666667
2010,MUJERES,Total,Otros,Feb - Abr,805.93164432
2010,MUJERES,Total,Otros,Mar - May,818.7939907200001
2010,MUJERES,Total,Otros,Abr - Jun,835.7265757866667
2010,MUJERES,Total,Otros,May - Jul,852.30063105
2010,MUJERES,Total,Otros,Jun - Ago,858.1915816699999
2010,MUJERES,Total,Otros,Jul - Sep,874.9401239633333
2010,MUJERES,Total,Otros,Ago - Oct,846.4599651366666
2010,MUJERES,Total,Otros,Sep - Nov,828.6157398433334
2010,MUJERES,Total,Otros,Oct - Dic,831.4985599133333
2010,MUJERES,Total,Otros,Nov - Ene,917.4849094066667
2010,MUJERES,Total,Otros,Dic - Feb,916.9764321666667
2011,MUJERES,Total,Otros,Ene - Mar,907.6853918966666
2011,MUJERES,Total,Otros,Feb - Abr,864.4350237100001
2011,MUJERES,Total,Otros,Mar - May,861.2501447166666
2011,MUJERES,Total,Otros,Abr - Jun,863.2864307966667
2011,MUJERES,Total,Otros,May - Jul,851.21763641
2011,MUJERES,Total,Otros,Jun - Ago,887.3402197233332
2011,MUJERES,Total,Otros,Jul - Sep,885.9940758700001
2011,MUJERES,Total,Otros,Ago - Oct,874.4136394500001
2011,MUJERES,Total,Otros,Sep - Nov,863.1172272933333
2011,MUJERES,Total,Otros,Oct - Dic,941.27624578
2011,MUJERES,Total,Otros,Nov - Ene,1010.5618312733335
2011,MUJERES,Total,Otros,Dic - Feb,1067.5654749000003
2012,MUJERES,Total,Otros,Ene - Mar,1023.3191190000001
2012,MUJERES,Total,Otros,Feb - Abr,1021.3707372666667
2012,MUJERES,Total,Otros,Mar - May,1014.5014366
2012,MUJERES,Total,Otros,Abr - Jun,1041.0215492
2012,MUJERES,Total,Otros,May - Jul,1092.6619079999998
2012,MUJERES,Total,Otros,Jun - Ago,1111.8272883666666
2012,MUJERES,Total,Otros,Jul - Sep,1150.5700743333334
2012,MUJERES,Total,Otros,Ago - Oct,1139.5821251
2012,MUJERES,Total,Otros,Sep - Nov,1128.1274573333333
2012,MUJERES,Total,Otros,Oct - Dic,1110.0755491666669
2012,MUJERES,Total,Otros,Nov - Ene,1155.5779676333334
2012,MUJERES,Total,Otros,Dic - Feb,1153.7363061
2013,MUJERES,Total,Otros,Ene - Mar,1158.6330693666669
2013,MUJERES,Total,Otros,Feb - Abr,1064.9495301
2013,MUJERES,Total,Otros,Mar - May,1046.2901221
2013,MUJERES,Total,Otros,Abr - Jun,1061.5194611333334
2013,MUJERES,Total,Otros,May - Jul,1107.8016138333332
2013,MUJERES,Total,Otros,Jun - Ago,1132.4130516666667
2013,MUJERES,Total,Otros,Jul - Sep,1117.4122753333334
2013,MUJERES,Total,Otros,Ago - Oct,1076.6239405333333
2013,MUJERES,Total,Otros,Sep - Nov,1076.7272360333334
2013,MUJERES,Total,Otros,Oct - Dic,1085.6847096666668
2013,MUJERES,Total,Otros,Nov - Ene,1162.6575933666666
2013,MUJERES,Total,Otros,Dic - Feb,1168.6609139666668
2014,MUJERES,Total,Otros,Ene - Mar,1168.8570441333334
2014,MUJERES,Total,Otros,Feb - Abr,1118.5741864
2014,MUJERES,Total,Otros,Mar - May,1128.2816263666666
2014,MUJERES,Total,Otros,Abr - Jun,1113.6786317
2014,MUJERES,Total,Otros,May - Jul,1125.5077436666668
2014,MUJERES,Total,Otros,Jun - Ago,1127.6446056333332
2014,MUJERES,Total,Otros,Jul - Sep,1147.7139607666666
2014,MUJERES,Total,Otros,Ago - Oct,1161.9917576666667
2014,MUJERES,Total,Otros,Sep - Nov,1180.390299
2014,MUJERES,Total,Otros,Oct - Dic,1201.4680063666667
2014,MUJERES,Total,Otros,Nov - Ene,1250.1317597666666
2014,MUJERES,Total,Otros,Dic - Feb,1227.3355001666666
2015,MUJERES,Total,Otros,Ene - Mar,1184.2120173
2015,MUJERES,Total,Otros,Feb - Abr,1143.8513413333333
2015,MUJERES,Total,Otros,Mar - May,1153.5111461
2015,MUJERES,Total,Otros,Abr - Jun,1179.7169019333332
2015,MUJERES,Total,Otros,May - Jul,1170.5360456333333
2015,MUJERES,Total,Otros,Jun - Ago,1185.3500368000002
2015,MUJERES,Total,Otros,Jul - Sep,1186.4766021333335
2015,MUJERES,Total,Otros,Ago - Oct,1167.5804036666666
2015,MUJERES,Total,Otros,Sep - Nov,1132.0953867
2015,MUJERES,Total,Otros,Oct - Dic,1191.2098892666666
2015,MUJERES,Total,Otros,Nov - Ene,1248.6251781333333
2015,MUJERES,Total,Otros,Dic - Feb,1269.9197889
2016,MUJERES,Total,Otros,Ene - Mar,1200.2838552333333
2016,MUJERES,Total,Otros,Feb - Abr,1139.2983267333332
2016,MUJERES,Total,Otros,Mar - May,1138.8103468
2016,MUJERES,Total,Otros,Abr - Jun,1140.3112142333332
2016,MUJERES,Total,Otros,May - Jul,1130.7592757333334
2016,MUJERES,Total,Otros,Jun - Ago,1131.9973192666669
2016,MUJERES,Total,Otros,Jul - Sep,1106.7806151333334
2016,MUJERES,Total,Otros,Ago - Oct,1128.7269057
2016,MUJERES,Total,Otros,Sep - Nov,1092.8796935
2016,MUJERES,Total,Otros,Oct - Dic,1146.9611808
2016,MUJERES,Total,Otros,Nov - Ene,1233.429254
2016,MUJERES,Total,Otros,Dic - Feb,1299.8168501
2017,MUJERES,Total,Otros,Ene - Mar,1262.8418445999998
2017,MUJERES,Total,Otros,Feb - Abr,1189.6089992666666
2017,MUJERES,Total,Otros,Mar - May,1161.3460048666666
2017,MUJERES,Total,Otros,Abr - Jun,1176.4001274333332
2017,MUJERES,Total,Otros,May - Jul,1161.6429292
2017,MUJERES,Total,Otros,Jun - Ago,1185.5875863333333
2017,MUJERES,Total,Otros,Jul - Sep,1217.3704003333335
2017,MUJERES,Total,Otros,Ago - Oct,1223.5867906
2017,MUJERES,Total,Otros,Sep - Nov,1198.1818988333332
2017,MUJERES,Total,Otros,Oct - Dic,1223.3351710333334
2017,MUJERES,Total,Otros,Nov - Ene,1298.8255163333333
2017,MUJERES,Total,Otros,Dic - Feb,1321.3534536666666
2018,MUJERES,Total,Otros,Ene - Mar,1276.1512516666664
2018,MUJERES,Total,Otros,Feb - Abr,1207.0006904666668
2018,MUJERES,Total,Otros,Mar - May,1176.1683316666667
2018,MUJERES,Total,Otros,Abr - Jun,1174.2908243333334
2018,MUJERES,Total,Otros,May - Jul,1199.1161660333335
2018,MUJERES,Total,Otros,Jun - Ago,1255.0320611666666
2018,MUJERES,Total,Otros,Jul - Sep,1271.8942164333332
2018,MUJERES,Total,Otros,Ago - Oct,1295.3749506666666
2018,MUJERES,Total,Otros,Sep - Nov,1256.2832711333333
2018,MUJERES,Total,Otros,Oct - Dic,1310.165458
2018,MUJERES,Total,Otros,Nov - Ene,1389.8540894333335
2018,MUJERES,Total,Otros,Dic - Feb,1451.0109489333333
2019,MUJERES,Total,Otros,Ene - Mar,1422.3867309666666
2019,MUJERES,Total,Otros,Feb - Abr,1347.9619819333332
2019,MUJERES,Total,Otros,Mar - May,1343.1907291
2019,MUJERES,Total,Otros,Abr - Jun,1348.7976391666668
2019,MUJERES,Total,Otros,May - Jul,1368.2195201333334
2019,MUJERES,Total,Otros,Jun - Ago,1372.5000688
2019,MUJERES,Total,Otros,Jul - Sep,1364.8706336333332
2019,MUJERES,Total,Otros,Ago - Oct,1346.9186496666664
2019,MUJERES,Total,Otros,Sep - Nov,1346.5103498
2019,MUJERES,Total,Otros,Oct - Dic,1407.2652286
2019,MUJERES,Total,Otros,Nov - Ene,1526.7963478000001
2019,MUJERES,Total,Otros,Dic - Feb,1544.8112031
2020,MUJERES,Total,Otros,Ene - Mar,1509.3130104333334
2020,MUJERES,Total,Otros,Feb - Abr,1494.2614254
2020,MUJERES,Total,Otros,Mar - May,1492.8546515666667
2020,MUJERES,Total,Otros,Abr - Jun,1445.574587
2020,MUJERES,Total,Otros,May - Jul,1327.5563973333335
2020,MUJERES,Total,Otros,Jun - Ago,1312.4380002333335
2020,MUJERES,Total,Otros,Jul - Sep,1353.3602399666668
2020,MUJERES,Total,Otros,Ago - Oct,1359.3318996
2020,MUJERES,Total,Otros,Sep - Nov,1342.8946908666667
2020,MUJERES,Total,Otros,Oct - Dic,1375.7105053666667
2020,MUJERES,Total,Otros,Nov - Ene,1320.5777836333334
2020,MUJERES,Total,Otros,Dic - Feb,1209.7684975666666
2021,MUJERES,Total,Otros,Ene - Mar,1023.8487733166667
2021,MUJERES,Total,Otros,Feb - Abr,962.2796238633333
2021,MUJERES,Total,Otros,Mar - May,971.4045147633334
2021,MUJERES,Total,Otros,Abr - Jun,996.9231611133333
2021,MUJERES,Total,Otros,May - Jul,1021.3448521666666
2021,MUJERES,Total,Otros,Jun - Ago,1039.1155906000001
2021,MUJERES,Total,Otros,Jul - Sep,1022.3896129300001
2021,MUJERES,Total,Otros,Ago - Oct,1005.8560298966668
2021,MUJERES,Total,Otros,Sep - Nov,987.6743628300001
2021,MUJERES,Total,Otros,Oct - Dic,1082.1346381333333
2021,MUJERES,Total,Otros,Nov - Ene,1185.1551684333333
2021,MUJERES,Total,Otros,Dic - Feb,1229.8052536333332
2022,MUJERES,Total,Otros,Ene - Mar,1155.9799222333334
2022,MUJERES,Total,Otros,Feb - Abr,1114.5593708333333
2022,MUJERES,Total,Otros,Mar - May,1117.6313298666666
2022,MUJERES,Total,Otros,Abr - Jun,1180.0400681333333
2022,MUJERES,Total,Otros,May - Jul,1189.5343783333335
2022,MUJERES,Total,Otros,Jun - Ago,1195.4053344000001
2022,MUJERES,Total,Otros,Jul - Sep,1199.0271899333336
2022,MUJERES,Total,Otros,Ago - Oct,1170.4305573666668
2022,MUJERES,Total,Otros,Sep - Nov,1163.1060755
2022,MUJERES,Total,Otros,Oct - Dic,1197.5082053
2022,MUJERES,Total,Otros,Nov - Ene,1294.2484145666667
2022,MUJERES,Total,Otros,Dic - Feb,1319.3450338666664
2023,MUJERES,Total,Otros,Ene - Mar,1244.7062773666667
2023,MUJERES,Total,Otros,Feb - Abr,1161.5006680333333
2023,MUJERES,Total,Otros,Mar - May,1161.6589236
2023,MUJERES,Total,Otros,Abr - Jun,1204.2789321
2023,MUJERES,Total,Otros,May - Jul,1195.3271615666665
2023,MUJERES,Total,Otros,Jun - Ago,1161.5711617999998
2023,MUJERES,Total,Otros,Jul - Sep,1177.1257886333333
2023,MUJERES,Total,Otros,Ago - Oct,1207.8798334
2023,MUJERES,Total,Otros,Sep - Nov,1222.4104776000001
2023,MUJERES,Total,Otros,Oct - Dic,1250.2631273999998
2023,MUJERES,Total,Otros,Nov - Ene,1333.2512755
2023,MUJERES,Total,Otros,Dic - Feb,1337.5713342000001
2024,MUJERES,Total,Otros,Ene - Mar,1306.3829019
2024,MUJERES,Total,Otros,Feb - Abr,1206.5839784666666
2024,MUJERES,Total,Otros,Mar - May,1202.3377468333335
2024,MUJERES,Total,Otros,Abr - Jun,1207.3690267
2024,MUJERES,Total,Otros,May - Jul,1211.5564964333332
2024,MUJERES,Total,Otros,Jun - Ago,1227.8830667333334
2024,MUJERES,Total,Otros,Jul - Sep,1189.7441648666666
2024,MUJERES,Total,Otros,Ago - Oct,1174.2530703000002
2024,MUJERES,Total,Otros,Sep - Nov,1151.2390287
2024,MUJERES,Total,Otros,Oct - Dic,1207.0063616666669
2024,MUJERES,Total,Otros,Nov - Ene,1303.3265551000002
2024,MUJERES,Total,Otros,Dic - Feb,1288.9276642333334
2025,MUJERES,Total,Otros,Ene - Mar,1237.0457389333333
2025,MUJERES,Total,Otros,Feb - Abr,1193.0366972666668
2025,MUJERES,Total,Otros,Mar - May,1245.1876495333333
2025,MUJERES,Total,Otros,Abr - Jun,1284.5643208
2025,MUJERES,Total,Otros,May - Jul,1278.1782495333334
2025,MUJERES,Total,Otros,Jun - Ago,1304.0605477666668
2025,MUJERES,Total,Otros,Jul - Sep,1266.5260948333334
2025,MUJERES,Total,Otros,Ago - Oct,1262.0002599
2025,MUJERES,Total,Otros,Sep - Nov,1255.1310307333333
2025,MUJERES,Total,Otros,Oct - Dic,1350.8288384333334
2025,MUJERES,Total,Otros,Nov - Ene,1445.9938657
2025,MUJERES,Total,Otros,Dic - Feb,1434.5437484333333
2026,MUJERES,Total,Otros,Ene - Mar,1367.3514923333332
