Fecha,Perspectiva,Concepto,Periodo,Valor
2015,TOTAL NACIONAL,Población ocupada Total Nacional,Ene - Mar,20290.246815000002
2015,TOTAL NACIONAL,Población ocupada Total Nacional,Feb - Abr,20572.397446666666
2015,TOTAL NACIONAL,Población ocupada Total Nacional,Mar - May,20755.823148333333
2015,TOTAL NACIONAL,Población ocupada Total Nacional,Abr - Jun,20880.578851
2015,TOTAL NACIONAL,Población ocupada Total Nacional,May - Jul,20838.200928666665
2015,TOTAL NACIONAL,Población ocupada Total Nacional,Jun - Ago,20846.645693666665
2015,TOTAL NACIONAL,Población ocupada Total Nacional,Jul - Sep,20837.969731333334
2015,TOTAL NACIONAL,Población ocupada Total Nacional,Ago - Oct,21146.946153333334
2015,TOTAL NACIONAL,Población ocupada Total Nacional,Sep - Nov,21374.991263666667
2015,TOTAL NACIONAL,Población ocupada Total Nacional,Oct - Dic,21431.141728333332
2015,TOTAL NACIONAL,Población ocupada Total Nacional,Nov - Ene,20965.088596999998
2015,TOTAL NACIONAL,Población ocupada Total Nacional,Dic - Feb,20645.700363666667
2016,TOTAL NACIONAL,Población ocupada Total Nacional,Ene - Mar,20408.158357666667
2016,TOTAL NACIONAL,Población ocupada Total Nacional,Feb - Abr,20692.519941
2016,TOTAL NACIONAL,Población ocupada Total Nacional,Mar - May,20760.308860666668
2016,TOTAL NACIONAL,Población ocupada Total Nacional,Abr - Jun,21007.336029666665
2016,TOTAL NACIONAL,Población ocupada Total Nacional,May - Jul,20823.113908666666
2016,TOTAL NACIONAL,Población ocupada Total Nacional,Jun - Ago,20886.551959666667
2016,TOTAL NACIONAL,Población ocupada Total Nacional,Jul - Sep,20843.953679333332
2016,TOTAL NACIONAL,Población ocupada Total Nacional,Ago - Oct,21210.844437333333
2016,TOTAL NACIONAL,Población ocupada Total Nacional,Sep - Nov,21407.481940333335
2016,TOTAL NACIONAL,Población ocupada Total Nacional,Oct - Dic,21464.002815666667
2016,TOTAL NACIONAL,Población ocupada Total Nacional,Nov - Ene,21033.512476
2016,TOTAL NACIONAL,Población ocupada Total Nacional,Dic - Feb,20732.083443666666
2017,TOTAL NACIONAL,Población ocupada Total Nacional,Ene - Mar,20590.13692333333
2017,TOTAL NACIONAL,Población ocupada Total Nacional,Feb - Abr,20919.983635
2017,TOTAL NACIONAL,Población ocupada Total Nacional,Mar - May,21033.763901333332
2017,TOTAL NACIONAL,Población ocupada Total Nacional,Abr - Jun,21309.775491666664
2017,TOTAL NACIONAL,Población ocupada Total Nacional,May - Jul,21172.273589333334
2017,TOTAL NACIONAL,Población ocupada Total Nacional,Jun - Ago,21237.327739666667
2017,TOTAL NACIONAL,Población ocupada Total Nacional,Jul - Sep,21080.327166333333
2017,TOTAL NACIONAL,Población ocupada Total Nacional,Ago - Oct,21341.745717333335
2017,TOTAL NACIONAL,Población ocupada Total Nacional,Sep - Nov,21435.495935333336
2017,TOTAL NACIONAL,Población ocupada Total Nacional,Oct - Dic,21531.55876633333
2017,TOTAL NACIONAL,Población ocupada Total Nacional,Nov - Ene,21098.912949
2017,TOTAL NACIONAL,Población ocupada Total Nacional,Dic - Feb,20807.086875666664
2018,TOTAL NACIONAL,Población ocupada Total Nacional,Ene - Mar,20669.797278000002
2018,TOTAL NACIONAL,Población ocupada Total Nacional,Feb - Abr,21000.092448333337
2018,TOTAL NACIONAL,Población ocupada Total Nacional,Mar - May,21208.987491666667
2018,TOTAL NACIONAL,Población ocupada Total Nacional,Abr - Jun,21390.105372333335
2018,TOTAL NACIONAL,Población ocupada Total Nacional,May - Jul,21318.146191666663
2018,TOTAL NACIONAL,Población ocupada Total Nacional,Jun - Ago,21403.37312933333
2018,TOTAL NACIONAL,Población ocupada Total Nacional,Jul - Sep,21398.752428
2018,TOTAL NACIONAL,Población ocupada Total Nacional,Ago - Oct,21590.009388000002
2018,TOTAL NACIONAL,Población ocupada Total Nacional,Sep - Nov,21542.086380333334
2018,TOTAL NACIONAL,Población ocupada Total Nacional,Oct - Dic,21628.167448666663
2018,TOTAL NACIONAL,Población ocupada Total Nacional,Nov - Ene,21239.866241
2018,TOTAL NACIONAL,Población ocupada Total Nacional,Dic - Feb,21137.523501333333
2019,TOTAL NACIONAL,Población ocupada Total Nacional,Ene - Mar,20929.655134666667
2019,TOTAL NACIONAL,Población ocupada Total Nacional,Feb - Abr,21079.85417266667
2019,TOTAL NACIONAL,Población ocupada Total Nacional,Mar - May,21129.565966
2019,TOTAL NACIONAL,Población ocupada Total Nacional,Abr - Jun,21313.449165333335
2019,TOTAL NACIONAL,Población ocupada Total Nacional,May - Jul,21330.272610000004
2019,TOTAL NACIONAL,Población ocupada Total Nacional,Jun - Ago,21286.511683333334
2019,TOTAL NACIONAL,Población ocupada Total Nacional,Jul - Sep,21155.19205366667
2019,TOTAL NACIONAL,Población ocupada Total Nacional,Ago - Oct,21419.357776666668
2019,TOTAL NACIONAL,Población ocupada Total Nacional,Sep - Nov,21695.907509
2019,TOTAL NACIONAL,Población ocupada Total Nacional,Oct - Dic,21840.956016666667
2019,TOTAL NACIONAL,Población ocupada Total Nacional,Nov - Ene,21442.327323
2019,TOTAL NACIONAL,Población ocupada Total Nacional,Dic - Feb,21150.101014666667
2020,TOTAL NACIONAL,Población ocupada Total Nacional,Ene - Mar,20471.823055999997
2020,TOTAL NACIONAL,Población ocupada Total Nacional,Feb - Abr,18900.827930333333
2020,TOTAL NACIONAL,Población ocupada Total Nacional,Mar - May,17452.28031033333
2020,TOTAL NACIONAL,Población ocupada Total Nacional,Abr - Jun,16788.888818000003
2020,TOTAL NACIONAL,Población ocupada Total Nacional,May - Jul,17250.827738000004
2020,TOTAL NACIONAL,Población ocupada Total Nacional,Jun - Ago,17970.816698333332
2020,TOTAL NACIONAL,Población ocupada Total Nacional,Jul - Sep,18526.167800333333
2020,TOTAL NACIONAL,Población ocupada Total Nacional,Ago - Oct,19529.617509333333
2020,TOTAL NACIONAL,Población ocupada Total Nacional,Sep - Nov,20042.504141
2020,TOTAL NACIONAL,Población ocupada Total Nacional,Oct - Dic,20409.62497266667
2020,TOTAL NACIONAL,Población ocupada Total Nacional,Nov - Ene,19983.481003666664
2020,TOTAL NACIONAL,Población ocupada Total Nacional,Dic - Feb,19913.38785433333
2021,TOTAL NACIONAL,Población ocupada Total Nacional,Ene - Mar,19787.210458666665
2021,TOTAL NACIONAL,Población ocupada Total Nacional,Feb - Abr,20004.15751266667
2021,TOTAL NACIONAL,Población ocupada Total Nacional,Mar - May,19946.438146333337
2021,TOTAL NACIONAL,Población ocupada Total Nacional,Abr - Jun,19939.257222666667
2021,TOTAL NACIONAL,Población ocupada Total Nacional,May - Jul,20159.417250333336
2021,TOTAL NACIONAL,Población ocupada Total Nacional,Jun - Ago,20355.450913666664
2021,TOTAL NACIONAL,Población ocupada Total Nacional,Jul - Sep,20558.206703666667
2021,TOTAL NACIONAL,Población ocupada Total Nacional,Ago - Oct,20780.735785333334
2021,TOTAL NACIONAL,Población ocupada Total Nacional,Sep - Nov,21010.881780666667
2021,TOTAL NACIONAL,Población ocupada Total Nacional,Oct - Dic,21282.291796
2021,TOTAL NACIONAL,Población ocupada Total Nacional,Nov - Ene,21152.724937666666
2021,TOTAL NACIONAL,Población ocupada Total Nacional,Dic - Feb,21290.670992
2022,TOTAL NACIONAL,Población ocupada Total Nacional,Ene - Mar,21352.177793
2022,TOTAL NACIONAL,Población ocupada Total Nacional,Feb - Abr,21772.714409333334
2022,TOTAL NACIONAL,Población ocupada Total Nacional,Mar - May,21940.662028000002
2022,TOTAL NACIONAL,Población ocupada Total Nacional,Abr - Jun,22054.917514999997
2022,TOTAL NACIONAL,Población ocupada Total Nacional,May - Jul,22087.473180999998
2022,TOTAL NACIONAL,Población ocupada Total Nacional,Jun - Ago,22079.220003666665
2022,TOTAL NACIONAL,Población ocupada Total Nacional,Jul - Sep,22201.465962333332
2022,TOTAL NACIONAL,Población ocupada Total Nacional,Ago - Oct,22385.128792666666
2022,TOTAL NACIONAL,Población ocupada Total Nacional,Sep - Nov,22493.886424333334
2022,TOTAL NACIONAL,Población ocupada Total Nacional,Oct - Dic,22520.158621666666
2022,TOTAL NACIONAL,Población ocupada Total Nacional,Nov - Ene,22148.664008666663
2022,TOTAL NACIONAL,Población ocupada Total Nacional,Dic - Feb,22064.135597
2023,TOTAL NACIONAL,Población ocupada Total Nacional,Ene - Mar,22172.651851333332
2023,TOTAL NACIONAL,Población ocupada Total Nacional,Feb - Abr,22589.448848333337
2023,TOTAL NACIONAL,Población ocupada Total Nacional,Mar - May,22701.036206666668
2023,TOTAL NACIONAL,Población ocupada Total Nacional,Abr - Jun,22787.22184833333
2023,TOTAL NACIONAL,Población ocupada Total Nacional,May - Jul,22933.833811333334
2023,TOTAL NACIONAL,Población ocupada Total Nacional,Jun - Ago,23131.70821
2023,TOTAL NACIONAL,Población ocupada Total Nacional,Jul - Sep,23149.819886666664
2023,TOTAL NACIONAL,Población ocupada Total Nacional,Ago - Oct,23116.482338666665
2023,TOTAL NACIONAL,Población ocupada Total Nacional,Sep - Nov,23124.637365333332
2023,TOTAL NACIONAL,Población ocupada Total Nacional,Oct - Dic,23043.881428666664
2023,TOTAL NACIONAL,Población ocupada Total Nacional,Nov - Ene,22691.48863133333
2023,TOTAL NACIONAL,Población ocupada Total Nacional,Dic - Feb,22460.620363666665
2024,TOTAL NACIONAL,Población ocupada Total Nacional,Ene - Mar,22387.53679433333
2024,TOTAL NACIONAL,Población ocupada Total Nacional,Feb - Abr,22667.548709333332
2024,TOTAL NACIONAL,Población ocupada Total Nacional,Mar - May,22846.60044966667
2024,TOTAL NACIONAL,Población ocupada Total Nacional,Abr - Jun,22938.895007
2024,TOTAL NACIONAL,Población ocupada Total Nacional,May - Jul,23051.676656666667
2024,TOTAL NACIONAL,Población ocupada Total Nacional,Jun - Ago,23180.937313666665
2024,TOTAL NACIONAL,Población ocupada Total Nacional,Jul - Sep,23278.056746000002
2024,TOTAL NACIONAL,Población ocupada Total Nacional,Ago - Oct,23341.430961333335
2024,TOTAL NACIONAL,Población ocupada Total Nacional,Sep - Nov,23403.893784333337
2024,TOTAL NACIONAL,Población ocupada Total Nacional,Oct - Dic,23539.682919
2024,TOTAL NACIONAL,Población ocupada Total Nacional,Nov - Ene,23376.259302333332
2024,TOTAL NACIONAL,Población ocupada Total Nacional,Dic - Feb,23330.997814333332
2025,TOTAL NACIONAL,Población ocupada Total Nacional,Ene - Mar,23358.235019
2025,TOTAL NACIONAL,Población ocupada Total Nacional,Feb - Abr,23582.649624333335
2025,TOTAL NACIONAL,Población ocupada Total Nacional,Mar - May,23635.101318666668
2025,TOTAL NACIONAL,Población ocupada Total Nacional,Abr - Jun,23651.954433000003
2025,TOTAL NACIONAL,Población ocupada Total Nacional,May - Jul,23782.943116333336
2025,TOTAL NACIONAL,Población ocupada Total Nacional,Jun - Ago,23844.278902000002
2025,TOTAL NACIONAL,Población ocupada Total Nacional,Jul - Sep,23902.24325
2025,TOTAL NACIONAL,Población ocupada Total Nacional,Ago - Oct,24035.76622033333
2025,TOTAL NACIONAL,Población ocupada Total Nacional,Sep - Nov,24298.36797733333
2025,TOTAL NACIONAL,Población ocupada Total Nacional,Oct - Dic,24397.302737
2025,TOTAL NACIONAL,Población ocupada Total Nacional,Nov - Ene,24016.432111000002
2025,TOTAL NACIONAL,Población ocupada Total Nacional,Dic - Feb,23848.204875666666
2026,TOTAL NACIONAL,Población ocupada Total Nacional,Ene - Mar,23890.987974666667
2026,TOTAL NACIONAL,Población ocupada Total Nacional,Feb - Abr,24241.02269
2026,TOTAL NACIONAL,Población ocupada Total Nacional,Mar - May,24404.07625833333
2026,TOTAL NACIONAL,Población ocupada Total Nacional,Abr - Jun,24439.674599
2015,TOTAL NACIONAL,No informa,Ene - Mar,0.940673386
2015,TOTAL NACIONAL,No informa,Feb - Abr,0.15618603866666667
2015,TOTAL NACIONAL,No informa,Mar - May,0.20949562200000002
2015,TOTAL NACIONAL,No informa,Abr - Jun,0.285573373
2015,TOTAL NACIONAL,No informa,May - Jul,0.6777980253333333
2015,TOTAL NACIONAL,No informa,Jun - Ago,0.7141760183333333
2015,TOTAL NACIONAL,No informa,Jul - Sep,1.1748951446666667
2015,TOTAL NACIONAL,No informa,Ago - Oct,1.6323751283333332
2015,TOTAL NACIONAL,No informa,Sep - Nov,2.8120427973333335
2015,TOTAL NACIONAL,No informa,Oct - Dic,2.2046604396666667
2015,TOTAL NACIONAL,No informa,Nov - Ene,2.260226558333333
2015,TOTAL NACIONAL,No informa,Dic - Feb,1.923268041
2016,TOTAL NACIONAL,No informa,Ene - Mar,1.9210333220000002
2016,TOTAL NACIONAL,No informa,Feb - Abr,2.8052809880000003
2016,TOTAL NACIONAL,No informa,Mar - May,1.8728842600000002
2016,TOTAL NACIONAL,No informa,Abr - Jun,3.714908383333333
2016,TOTAL NACIONAL,No informa,May - Jul,2.739060900333333
2016,TOTAL NACIONAL,No informa,Jun - Ago,2.739060900333333
2016,TOTAL NACIONAL,No informa,Jul - Sep,1.3228138026666667
2016,TOTAL NACIONAL,No informa,Ago - Oct,0.4842097083333334
2016,TOTAL NACIONAL,No informa,Sep - Nov,0.4842097083333334
2016,TOTAL NACIONAL,No informa,Oct - Dic,0.0
2016,TOTAL NACIONAL,No informa,Nov - Ene,1.7563223306666667
2016,TOTAL NACIONAL,No informa,Dic - Feb,10.177824915666667
2017,TOTAL NACIONAL,No informa,Ene - Mar,10.193890983666666
2017,TOTAL NACIONAL,No informa,Feb - Abr,12.335497956666666
2017,TOTAL NACIONAL,No informa,Mar - May,8.023046227333333
2017,TOTAL NACIONAL,No informa,Abr - Jun,8.023662172
2017,TOTAL NACIONAL,No informa,May - Jul,6.453564994333334
2017,TOTAL NACIONAL,No informa,Jun - Ago,2.4754615686666663
2017,TOTAL NACIONAL,No informa,Jul - Sep,5.820049926666666
2017,TOTAL NACIONAL,No informa,Ago - Oct,3.7568275540000005
2017,TOTAL NACIONAL,No informa,Sep - Nov,4.102460966
2017,TOTAL NACIONAL,No informa,Oct - Dic,1.2964646783333333
2017,TOTAL NACIONAL,No informa,Nov - Ene,1.0868148826666666
2017,TOTAL NACIONAL,No informa,Dic - Feb,0.6102340406666668
2018,TOTAL NACIONAL,No informa,Ene - Mar,0.05495995766666667
2018,TOTAL NACIONAL,No informa,Feb - Abr,0.0
2018,TOTAL NACIONAL,No informa,Mar - May,0.0
2018,TOTAL NACIONAL,No informa,Abr - Jun,0.0
2018,TOTAL NACIONAL,No informa,May - Jul,1.4109435689999998
2018,TOTAL NACIONAL,No informa,Jun - Ago,1.4892570836666665
2018,TOTAL NACIONAL,No informa,Jul - Sep,1.4892570836666665
2018,TOTAL NACIONAL,No informa,Ago - Oct,0.26064594933333335
2018,TOTAL NACIONAL,No informa,Sep - Nov,0.18233243466666668
2018,TOTAL NACIONAL,No informa,Oct - Dic,0.18233243466666668
2018,TOTAL NACIONAL,No informa,Nov - Ene,0.0
2018,TOTAL NACIONAL,No informa,Dic - Feb,0.0
2019,TOTAL NACIONAL,No informa,Ene - Mar,0.0
2019,TOTAL NACIONAL,No informa,Feb - Abr,0.0
2019,TOTAL NACIONAL,No informa,Mar - May,0.0
2019,TOTAL NACIONAL,No informa,Abr - Jun,0.0
2019,TOTAL NACIONAL,No informa,May - Jul,0.6712781353333334
2019,TOTAL NACIONAL,No informa,Jun - Ago,0.6712781353333334
2019,TOTAL NACIONAL,No informa,Jul - Sep,0.6712781353333334
2019,TOTAL NACIONAL,No informa,Ago - Oct,0.0
2019,TOTAL NACIONAL,No informa,Sep - Nov,0.0
2019,TOTAL NACIONAL,No informa,Oct - Dic,2.411278655333333
2019,TOTAL NACIONAL,No informa,Nov - Ene,4.379251728333333
2019,TOTAL NACIONAL,No informa,Dic - Feb,4.379251728333333
2020,TOTAL NACIONAL,No informa,Ene - Mar,6.573309257999999
2020,TOTAL NACIONAL,No informa,Feb - Abr,13.95949137
2020,TOTAL NACIONAL,No informa,Mar - May,16.617461219333332
2020,TOTAL NACIONAL,No informa,Abr - Jun,13.311526071666664
2020,TOTAL NACIONAL,No informa,May - Jul,5.375460002
2020,TOTAL NACIONAL,No informa,Jun - Ago,2.7174901526666666
2020,TOTAL NACIONAL,No informa,Jul - Sep,2.4507536556666665
2020,TOTAL NACIONAL,No informa,Ago - Oct,1.0326645403333334
2020,TOTAL NACIONAL,No informa,Sep - Nov,1.4888699106666667
2020,TOTAL NACIONAL,No informa,Oct - Dic,0.6230502299999999
2020,TOTAL NACIONAL,No informa,Nov - Ene,13.691767531333333
2020,TOTAL NACIONAL,No informa,Dic - Feb,27.385933532333336
2021,TOTAL NACIONAL,No informa,Ene - Mar,48.02636558366667
2021,TOTAL NACIONAL,No informa,Feb - Abr,35.538151806
2021,TOTAL NACIONAL,No informa,Mar - May,24.916646079666666
2021,TOTAL NACIONAL,No informa,Abr - Jun,4.135315186
2021,TOTAL NACIONAL,No informa,May - Jul,3.5548116623333335
2021,TOTAL NACIONAL,No informa,Jun - Ago,4.01059459
2021,TOTAL NACIONAL,No informa,Jul - Sep,3.9846485726666665
2021,TOTAL NACIONAL,No informa,Ago - Oct,6.628696464666667
2021,TOTAL NACIONAL,No informa,Sep - Nov,42.30486317533333
2021,TOTAL NACIONAL,No informa,Oct - Dic,48.243194886
2021,TOTAL NACIONAL,No informa,Nov - Ene,51.575742849666675
2021,TOTAL NACIONAL,No informa,Dic - Feb,14.919318183
2022,TOTAL NACIONAL,No informa,Ene - Mar,9.144457968000001
2022,TOTAL NACIONAL,No informa,Feb - Abr,6.652385151333334
2022,TOTAL NACIONAL,No informa,Mar - May,8.609274884333333
2022,TOTAL NACIONAL,No informa,Abr - Jun,9.227275436000001
2022,TOTAL NACIONAL,No informa,May - Jul,5.789558740666667
2022,TOTAL NACIONAL,No informa,Jun - Ago,0.9846208823333334
2022,TOTAL NACIONAL,No informa,Jul - Sep,2.9823729176666665
2022,TOTAL NACIONAL,No informa,Ago - Oct,4.730812821666667
2022,TOTAL NACIONAL,No informa,Sep - Nov,13.890745886333335
2022,TOTAL NACIONAL,No informa,Oct - Dic,12.136240856999999
2022,TOTAL NACIONAL,No informa,Nov - Ene,11.702301293
2022,TOTAL NACIONAL,No informa,Dic - Feb,2.386025737
2023,TOTAL NACIONAL,No informa,Ene - Mar,2.9797465716666665
2023,TOTAL NACIONAL,No informa,Feb - Abr,1.618439888
2023,TOTAL NACIONAL,No informa,Mar - May,2.741005944
2023,TOTAL NACIONAL,No informa,Abr - Jun,2.106965224
2023,TOTAL NACIONAL,No informa,May - Jul,2.513022975333333
2023,TOTAL NACIONAL,No informa,Jun - Ago,1.692198907
2023,TOTAL NACIONAL,No informa,Jul - Sep,1.3882287746666666
2023,TOTAL NACIONAL,No informa,Ago - Oct,1.109816044
2023,TOTAL NACIONAL,No informa,Sep - Nov,1.581123402
2023,TOTAL NACIONAL,No informa,Oct - Dic,1.966979962
2023,TOTAL NACIONAL,No informa,Nov - Ene,1.965728705
2023,TOTAL NACIONAL,No informa,Dic - Feb,1.4187502283333335
2024,TOTAL NACIONAL,No informa,Ene - Mar,0.5099630786666666
2024,TOTAL NACIONAL,No informa,Feb - Abr,0.6783732703333333
2024,TOTAL NACIONAL,No informa,Mar - May,0.9395243276666667
2024,TOTAL NACIONAL,No informa,Abr - Jun,0.7820258816666668
2024,TOTAL NACIONAL,No informa,May - Jul,0.48722192633333333
2024,TOTAL NACIONAL,No informa,Jun - Ago,0.8678629573333333
2024,TOTAL NACIONAL,No informa,Jul - Sep,0.9192739956666666
2024,TOTAL NACIONAL,No informa,Ago - Oct,0.9192739956666666
2024,TOTAL NACIONAL,No informa,Sep - Nov,0.16101008333333333
2024,TOTAL NACIONAL,No informa,Oct - Dic,0.17041393466666666
2024,TOTAL NACIONAL,No informa,Nov - Ene,0.6187058276666667
2024,TOTAL NACIONAL,No informa,Dic - Feb,2.598843353
2025,TOTAL NACIONAL,No informa,Ene - Mar,2.5380284633333337
2025,TOTAL NACIONAL,No informa,Feb - Abr,2.0897365703333333
2025,TOTAL NACIONAL,No informa,Mar - May,0.0
2025,TOTAL NACIONAL,No informa,Abr - Jun,0.0
2025,TOTAL NACIONAL,No informa,May - Jul,0.0
2025,TOTAL NACIONAL,No informa,Jun - Ago,0.06971373166666667
2025,TOTAL NACIONAL,No informa,Jul - Sep,0.06971373166666667
2025,TOTAL NACIONAL,No informa,Ago - Oct,0.06971373166666667
2025,TOTAL NACIONAL,No informa,Sep - Nov,0.8487810733333333
2025,TOTAL NACIONAL,No informa,Oct - Dic,0.8487810733333333
2025,TOTAL NACIONAL,No informa,Nov - Ene,0.8487810733333333
2025,TOTAL NACIONAL,No informa,Dic - Feb,0.0
2026,TOTAL NACIONAL,No informa,Ene - Mar,0.072949404
2026,TOTAL NACIONAL,No informa,Feb - Abr,0.17498915199999998
2026,TOTAL NACIONAL,No informa,Mar - May,0.17498915199999998
2026,TOTAL NACIONAL,No informa,Abr - Jun,0.102039748
2015,TOTAL NACIONAL,"Agricultura, ganadería, caza, silvicultura y pesca",Ene - Mar,3333.8018903333327
2015,TOTAL NACIONAL,"Agricultura, ganadería, caza, silvicultura y pesca",Feb - Abr,3324.4783960333334
2015,TOTAL NACIONAL,"Agricultura, ganadería, caza, silvicultura y pesca",Mar - May,3138.6517376333336
2015,TOTAL NACIONAL,"Agricultura, ganadería, caza, silvicultura y pesca",Abr - Jun,3215.043608933333
2015,TOTAL NACIONAL,"Agricultura, ganadería, caza, silvicultura y pesca",May - Jul,3276.6299073333334
2015,TOTAL NACIONAL,"Agricultura, ganadería, caza, silvicultura y pesca",Jun - Ago,3415.1270610333327
2015,TOTAL NACIONAL,"Agricultura, ganadería, caza, silvicultura y pesca",Jul - Sep,3338.790334266667
2015,TOTAL NACIONAL,"Agricultura, ganadería, caza, silvicultura y pesca",Ago - Oct,3475.2934588666662
2015,TOTAL NACIONAL,"Agricultura, ganadería, caza, silvicultura y pesca",Sep - Nov,3504.8430436
2015,TOTAL NACIONAL,"Agricultura, ganadería, caza, silvicultura y pesca",Oct - Dic,3571.141769766666
2015,TOTAL NACIONAL,"Agricultura, ganadería, caza, silvicultura y pesca",Nov - Ene,3349.0592044333334
2015,TOTAL NACIONAL,"Agricultura, ganadería, caza, silvicultura y pesca",Dic - Feb,3344.9801484333334
2016,TOTAL NACIONAL,"Agricultura, ganadería, caza, silvicultura y pesca",Ene - Mar,3263.347366533333
2016,TOTAL NACIONAL,"Agricultura, ganadería, caza, silvicultura y pesca",Feb - Abr,3346.448999533334
2016,TOTAL NACIONAL,"Agricultura, ganadería, caza, silvicultura y pesca",Mar - May,3186.1935737666668
2016,TOTAL NACIONAL,"Agricultura, ganadería, caza, silvicultura y pesca",Abr - Jun,3312.492750266667
2016,TOTAL NACIONAL,"Agricultura, ganadería, caza, silvicultura y pesca",May - Jul,3347.8175321
2016,TOTAL NACIONAL,"Agricultura, ganadería, caza, silvicultura y pesca",Jun - Ago,3555.9244793333332
2016,TOTAL NACIONAL,"Agricultura, ganadería, caza, silvicultura y pesca",Jul - Sep,3404.0145363333336
2016,TOTAL NACIONAL,"Agricultura, ganadería, caza, silvicultura y pesca",Ago - Oct,3478.7710472
2016,TOTAL NACIONAL,"Agricultura, ganadería, caza, silvicultura y pesca",Sep - Nov,3414.2119204333335
2016,TOTAL NACIONAL,"Agricultura, ganadería, caza, silvicultura y pesca",Oct - Dic,3483.681926933333
2016,TOTAL NACIONAL,"Agricultura, ganadería, caza, silvicultura y pesca",Nov - Ene,3349.6415857666666
2016,TOTAL NACIONAL,"Agricultura, ganadería, caza, silvicultura y pesca",Dic - Feb,3368.526989233333
2017,TOTAL NACIONAL,"Agricultura, ganadería, caza, silvicultura y pesca",Ene - Mar,3420.9694852333337
2017,TOTAL NACIONAL,"Agricultura, ganadería, caza, silvicultura y pesca",Feb - Abr,3472.9733101666666
2017,TOTAL NACIONAL,"Agricultura, ganadería, caza, silvicultura y pesca",Mar - May,3424.3938149999994
2017,TOTAL NACIONAL,"Agricultura, ganadería, caza, silvicultura y pesca",Abr - Jun,3480.4811182666667
2017,TOTAL NACIONAL,"Agricultura, ganadería, caza, silvicultura y pesca",May - Jul,3576.9032820333327
2017,TOTAL NACIONAL,"Agricultura, ganadería, caza, silvicultura y pesca",Jun - Ago,3698.8977964666665
2017,TOTAL NACIONAL,"Agricultura, ganadería, caza, silvicultura y pesca",Jul - Sep,3626.9200910999994
2017,TOTAL NACIONAL,"Agricultura, ganadería, caza, silvicultura y pesca",Ago - Oct,3648.1235449
2017,TOTAL NACIONAL,"Agricultura, ganadería, caza, silvicultura y pesca",Sep - Nov,3651.5125841333333
2017,TOTAL NACIONAL,"Agricultura, ganadería, caza, silvicultura y pesca",Oct - Dic,3658.846310166667
2017,TOTAL NACIONAL,"Agricultura, ganadería, caza, silvicultura y pesca",Nov - Ene,3573.5016702333337
2017,TOTAL NACIONAL,"Agricultura, ganadería, caza, silvicultura y pesca",Dic - Feb,3538.626341766667
2018,TOTAL NACIONAL,"Agricultura, ganadería, caza, silvicultura y pesca",Ene - Mar,3574.738256766667
2018,TOTAL NACIONAL,"Agricultura, ganadería, caza, silvicultura y pesca",Feb - Abr,3543.6859839333333
2018,TOTAL NACIONAL,"Agricultura, ganadería, caza, silvicultura y pesca",Mar - May,3417.6222261999997
2018,TOTAL NACIONAL,"Agricultura, ganadería, caza, silvicultura y pesca",Abr - Jun,3442.297321233333
2018,TOTAL NACIONAL,"Agricultura, ganadería, caza, silvicultura y pesca",May - Jul,3459.3456973666666
2018,TOTAL NACIONAL,"Agricultura, ganadería, caza, silvicultura y pesca",Jun - Ago,3658.3437610999995
2018,TOTAL NACIONAL,"Agricultura, ganadería, caza, silvicultura y pesca",Jul - Sep,3569.413297333333
2018,TOTAL NACIONAL,"Agricultura, ganadería, caza, silvicultura y pesca",Ago - Oct,3682.6444236999996
2018,TOTAL NACIONAL,"Agricultura, ganadería, caza, silvicultura y pesca",Sep - Nov,3621.7736189999996
2018,TOTAL NACIONAL,"Agricultura, ganadería, caza, silvicultura y pesca",Oct - Dic,3700.7447048
2018,TOTAL NACIONAL,"Agricultura, ganadería, caza, silvicultura y pesca",Nov - Ene,3560.123477133333
2018,TOTAL NACIONAL,"Agricultura, ganadería, caza, silvicultura y pesca",Dic - Feb,3528.834374966667
2019,TOTAL NACIONAL,"Agricultura, ganadería, caza, silvicultura y pesca",Ene - Mar,3364.5855804999997
2019,TOTAL NACIONAL,"Agricultura, ganadería, caza, silvicultura y pesca",Feb - Abr,3244.3729277666666
2019,TOTAL NACIONAL,"Agricultura, ganadería, caza, silvicultura y pesca",Mar - May,3087.9400776
2019,TOTAL NACIONAL,"Agricultura, ganadería, caza, silvicultura y pesca",Abr - Jun,3285.1674498333336
2019,TOTAL NACIONAL,"Agricultura, ganadería, caza, silvicultura y pesca",May - Jul,3396.5640158333335
2019,TOTAL NACIONAL,"Agricultura, ganadería, caza, silvicultura y pesca",Jun - Ago,3545.1842936666667
2019,TOTAL NACIONAL,"Agricultura, ganadería, caza, silvicultura y pesca",Jul - Sep,3366.654862033333
2019,TOTAL NACIONAL,"Agricultura, ganadería, caza, silvicultura y pesca",Ago - Oct,3511.6318239333336
2019,TOTAL NACIONAL,"Agricultura, ganadería, caza, silvicultura y pesca",Sep - Nov,3468.2366874333334
2019,TOTAL NACIONAL,"Agricultura, ganadería, caza, silvicultura y pesca",Oct - Dic,3578.4378871999998
2019,TOTAL NACIONAL,"Agricultura, ganadería, caza, silvicultura y pesca",Nov - Ene,3377.8700049666663
2019,TOTAL NACIONAL,"Agricultura, ganadería, caza, silvicultura y pesca",Dic - Feb,3331.5308501
2020,TOTAL NACIONAL,"Agricultura, ganadería, caza, silvicultura y pesca",Ene - Mar,3173.8031137
2020,TOTAL NACIONAL,"Agricultura, ganadería, caza, silvicultura y pesca",Feb - Abr,3038.9371915666666
2020,TOTAL NACIONAL,"Agricultura, ganadería, caza, silvicultura y pesca",Mar - May,2790.8114597666668
2020,TOTAL NACIONAL,"Agricultura, ganadería, caza, silvicultura y pesca",Abr - Jun,2828.878149066666
2020,TOTAL NACIONAL,"Agricultura, ganadería, caza, silvicultura y pesca",May - Jul,2961.9415919333333
2020,TOTAL NACIONAL,"Agricultura, ganadería, caza, silvicultura y pesca",Jun - Ago,3310.7060614999996
2020,TOTAL NACIONAL,"Agricultura, ganadería, caza, silvicultura y pesca",Jul - Sep,3313.241024366667
2020,TOTAL NACIONAL,"Agricultura, ganadería, caza, silvicultura y pesca",Ago - Oct,3426.886823266667
2020,TOTAL NACIONAL,"Agricultura, ganadería, caza, silvicultura y pesca",Sep - Nov,3323.8464392
2020,TOTAL NACIONAL,"Agricultura, ganadería, caza, silvicultura y pesca",Oct - Dic,3376.8033601666666
2020,TOTAL NACIONAL,"Agricultura, ganadería, caza, silvicultura y pesca",Nov - Ene,3247.627106866667
2020,TOTAL NACIONAL,"Agricultura, ganadería, caza, silvicultura y pesca",Dic - Feb,3148.974801666667
2021,TOTAL NACIONAL,"Agricultura, ganadería, caza, silvicultura y pesca",Ene - Mar,3094.3434099333335
2021,TOTAL NACIONAL,"Agricultura, ganadería, caza, silvicultura y pesca",Feb - Abr,3044.606543233333
2021,TOTAL NACIONAL,"Agricultura, ganadería, caza, silvicultura y pesca",Mar - May,3116.4923059666667
2021,TOTAL NACIONAL,"Agricultura, ganadería, caza, silvicultura y pesca",Abr - Jun,3071.5439506999996
2021,TOTAL NACIONAL,"Agricultura, ganadería, caza, silvicultura y pesca",May - Jul,3208.0940811
2021,TOTAL NACIONAL,"Agricultura, ganadería, caza, silvicultura y pesca",Jun - Ago,3193.1058365666668
2021,TOTAL NACIONAL,"Agricultura, ganadería, caza, silvicultura y pesca",Jul - Sep,3152.4772672666663
2021,TOTAL NACIONAL,"Agricultura, ganadería, caza, silvicultura y pesca",Ago - Oct,3136.1570783666666
2021,TOTAL NACIONAL,"Agricultura, ganadería, caza, silvicultura y pesca",Sep - Nov,3137.7072606666666
2021,TOTAL NACIONAL,"Agricultura, ganadería, caza, silvicultura y pesca",Oct - Dic,3199.1452123666663
2021,TOTAL NACIONAL,"Agricultura, ganadería, caza, silvicultura y pesca",Nov - Ene,3097.2880920666666
2021,TOTAL NACIONAL,"Agricultura, ganadería, caza, silvicultura y pesca",Dic - Feb,3083.8399572
2022,TOTAL NACIONAL,"Agricultura, ganadería, caza, silvicultura y pesca",Ene - Mar,3139.653366666667
2022,TOTAL NACIONAL,"Agricultura, ganadería, caza, silvicultura y pesca",Feb - Abr,3178.714999866667
2022,TOTAL NACIONAL,"Agricultura, ganadería, caza, silvicultura y pesca",Mar - May,3319.4595792666664
2022,TOTAL NACIONAL,"Agricultura, ganadería, caza, silvicultura y pesca",Abr - Jun,3298.1415070666667
2022,TOTAL NACIONAL,"Agricultura, ganadería, caza, silvicultura y pesca",May - Jul,3367.3822934333334
2022,TOTAL NACIONAL,"Agricultura, ganadería, caza, silvicultura y pesca",Jun - Ago,3229.1985626666665
2022,TOTAL NACIONAL,"Agricultura, ganadería, caza, silvicultura y pesca",Jul - Sep,3224.4185513666666
2022,TOTAL NACIONAL,"Agricultura, ganadería, caza, silvicultura y pesca",Ago - Oct,3261.4113939
2022,TOTAL NACIONAL,"Agricultura, ganadería, caza, silvicultura y pesca",Sep - Nov,3294.5912368333334
2022,TOTAL NACIONAL,"Agricultura, ganadería, caza, silvicultura y pesca",Oct - Dic,3234.329833733333
2022,TOTAL NACIONAL,"Agricultura, ganadería, caza, silvicultura y pesca",Nov - Ene,3087.0124620666666
2022,TOTAL NACIONAL,"Agricultura, ganadería, caza, silvicultura y pesca",Dic - Feb,3096.186944833333
2023,TOTAL NACIONAL,"Agricultura, ganadería, caza, silvicultura y pesca",Ene - Mar,3243.7018858333336
2023,TOTAL NACIONAL,"Agricultura, ganadería, caza, silvicultura y pesca",Feb - Abr,3346.1679744
2023,TOTAL NACIONAL,"Agricultura, ganadería, caza, silvicultura y pesca",Mar - May,3410.8656866666665
2023,TOTAL NACIONAL,"Agricultura, ganadería, caza, silvicultura y pesca",Abr - Jun,3325.672346
2023,TOTAL NACIONAL,"Agricultura, ganadería, caza, silvicultura y pesca",May - Jul,3353.709961666667
2023,TOTAL NACIONAL,"Agricultura, ganadería, caza, silvicultura y pesca",Jun - Ago,3306.0306148666664
2023,TOTAL NACIONAL,"Agricultura, ganadería, caza, silvicultura y pesca",Jul - Sep,3271.2483727333333
2023,TOTAL NACIONAL,"Agricultura, ganadería, caza, silvicultura y pesca",Ago - Oct,3289.193116466666
2023,TOTAL NACIONAL,"Agricultura, ganadería, caza, silvicultura y pesca",Sep - Nov,3293.5867932
2023,TOTAL NACIONAL,"Agricultura, ganadería, caza, silvicultura y pesca",Oct - Dic,3281.079644966667
2023,TOTAL NACIONAL,"Agricultura, ganadería, caza, silvicultura y pesca",Nov - Ene,3214.0498902333334
2023,TOTAL NACIONAL,"Agricultura, ganadería, caza, silvicultura y pesca",Dic - Feb,3181.280416533333
2024,TOTAL NACIONAL,"Agricultura, ganadería, caza, silvicultura y pesca",Ene - Mar,3244.7356866000005
2024,TOTAL NACIONAL,"Agricultura, ganadería, caza, silvicultura y pesca",Feb - Abr,3229.5206521999994
2024,TOTAL NACIONAL,"Agricultura, ganadería, caza, silvicultura y pesca",Mar - May,3298.5582739999995
2024,TOTAL NACIONAL,"Agricultura, ganadería, caza, silvicultura y pesca",Abr - Jun,3287.8649384
2024,TOTAL NACIONAL,"Agricultura, ganadería, caza, silvicultura y pesca",May - Jul,3362.1023334
2024,TOTAL NACIONAL,"Agricultura, ganadería, caza, silvicultura y pesca",Jun - Ago,3346.963625566667
2024,TOTAL NACIONAL,"Agricultura, ganadería, caza, silvicultura y pesca",Jul - Sep,3339.1617980333335
2024,TOTAL NACIONAL,"Agricultura, ganadería, caza, silvicultura y pesca",Ago - Oct,3329.3438301
2024,TOTAL NACIONAL,"Agricultura, ganadería, caza, silvicultura y pesca",Sep - Nov,3294.7119104666667
2024,TOTAL NACIONAL,"Agricultura, ganadería, caza, silvicultura y pesca",Oct - Dic,3261.966799933333
2024,TOTAL NACIONAL,"Agricultura, ganadería, caza, silvicultura y pesca",Nov - Ene,3218.2314810333337
2024,TOTAL NACIONAL,"Agricultura, ganadería, caza, silvicultura y pesca",Dic - Feb,3242.497499866667
2025,TOTAL NACIONAL,"Agricultura, ganadería, caza, silvicultura y pesca",Ene - Mar,3420.6934145
2025,TOTAL NACIONAL,"Agricultura, ganadería, caza, silvicultura y pesca",Feb - Abr,3408.108911133333
2025,TOTAL NACIONAL,"Agricultura, ganadería, caza, silvicultura y pesca",Mar - May,3455.5461845666664
2025,TOTAL NACIONAL,"Agricultura, ganadería, caza, silvicultura y pesca",Abr - Jun,3334.038983233333
2025,TOTAL NACIONAL,"Agricultura, ganadería, caza, silvicultura y pesca",May - Jul,3421.336636733333
2025,TOTAL NACIONAL,"Agricultura, ganadería, caza, silvicultura y pesca",Jun - Ago,3305.3093362666664
2025,TOTAL NACIONAL,"Agricultura, ganadería, caza, silvicultura y pesca",Jul - Sep,3322.0163590666666
2025,TOTAL NACIONAL,"Agricultura, ganadería, caza, silvicultura y pesca",Ago - Oct,3406.8532745666666
2025,TOTAL NACIONAL,"Agricultura, ganadería, caza, silvicultura y pesca",Sep - Nov,3555.1837511999997
2025,TOTAL NACIONAL,"Agricultura, ganadería, caza, silvicultura y pesca",Oct - Dic,3467.663799933333
2025,TOTAL NACIONAL,"Agricultura, ganadería, caza, silvicultura y pesca",Nov - Ene,3308.4082956999996
2025,TOTAL NACIONAL,"Agricultura, ganadería, caza, silvicultura y pesca",Dic - Feb,3107.7565501333333
2026,TOTAL NACIONAL,"Agricultura, ganadería, caza, silvicultura y pesca",Ene - Mar,3219.3913927
2026,TOTAL NACIONAL,"Agricultura, ganadería, caza, silvicultura y pesca",Feb - Abr,3215.288263666667
2026,TOTAL NACIONAL,"Agricultura, ganadería, caza, silvicultura y pesca",Mar - May,3371.3163372
2026,TOTAL NACIONAL,"Agricultura, ganadería, caza, silvicultura y pesca",Abr - Jun,3317.1773835
2015,TOTAL NACIONAL,Explotación de minas y canteras,Ene - Mar,169.49912968333334
2015,TOTAL NACIONAL,Explotación de minas y canteras,Feb - Abr,147.87937391333332
2015,TOTAL NACIONAL,Explotación de minas y canteras,Mar - May,229.29117864
2015,TOTAL NACIONAL,Explotación de minas y canteras,Abr - Jun,218.90602722666668
2015,TOTAL NACIONAL,Explotación de minas y canteras,May - Jul,270.61755375666667
2015,TOTAL NACIONAL,Explotación de minas y canteras,Jun - Ago,175.07808605000002
2015,TOTAL NACIONAL,Explotación de minas y canteras,Jul - Sep,233.03597668333336
2015,TOTAL NACIONAL,Explotación de minas y canteras,Ago - Oct,170.93230776666667
2015,TOTAL NACIONAL,Explotación de minas y canteras,Sep - Nov,197.03258914666665
2015,TOTAL NACIONAL,Explotación de minas y canteras,Oct - Dic,157.15151068
2015,TOTAL NACIONAL,Explotación de minas y canteras,Nov - Ene,177.6177175066667
2015,TOTAL NACIONAL,Explotación de minas y canteras,Dic - Feb,155.71378742000002
2016,TOTAL NACIONAL,Explotación de minas y canteras,Ene - Mar,178.3295640166667
2016,TOTAL NACIONAL,Explotación de minas y canteras,Feb - Abr,158.77326936
2016,TOTAL NACIONAL,Explotación de minas y canteras,Mar - May,242.68912952666665
2016,TOTAL NACIONAL,Explotación de minas y canteras,Abr - Jun,197.01542319833334
2016,TOTAL NACIONAL,Explotación de minas y canteras,May - Jul,239.058192065
2016,TOTAL NACIONAL,Explotación de minas y canteras,Jun - Ago,154.625556655
2016,TOTAL NACIONAL,Explotación de minas y canteras,Jul - Sep,218.60962800333334
2016,TOTAL NACIONAL,Explotación de minas y canteras,Ago - Oct,187.79257681
2016,TOTAL NACIONAL,Explotación de minas y canteras,Sep - Nov,183.55251382666665
2016,TOTAL NACIONAL,Explotación de minas y canteras,Oct - Dic,125.80266374
2016,TOTAL NACIONAL,Explotación de minas y canteras,Nov - Ene,150.62397238333332
2016,TOTAL NACIONAL,Explotación de minas y canteras,Dic - Feb,158.88296160666667
2017,TOTAL NACIONAL,Explotación de minas y canteras,Ene - Mar,178.45572646666665
2017,TOTAL NACIONAL,Explotación de minas y canteras,Feb - Abr,156.7321360533333
2017,TOTAL NACIONAL,Explotación de minas y canteras,Mar - May,237.55548473666667
2017,TOTAL NACIONAL,Explotación de minas y canteras,Abr - Jun,214.20538235666666
2017,TOTAL NACIONAL,Explotación de minas y canteras,May - Jul,263.53590971
2017,TOTAL NACIONAL,Explotación de minas y canteras,Jun - Ago,167.26681887733332
2017,TOTAL NACIONAL,Explotación de minas y canteras,Jul - Sep,222.08573020733334
2017,TOTAL NACIONAL,Explotación de minas y canteras,Ago - Oct,146.90520237833334
2017,TOTAL NACIONAL,Explotación de minas y canteras,Sep - Nov,169.27519895433332
2017,TOTAL NACIONAL,Explotación de minas y canteras,Oct - Dic,126.74329693766667
2017,TOTAL NACIONAL,Explotación de minas y canteras,Nov - Ene,173.56321419333335
2017,TOTAL NACIONAL,Explotación de minas y canteras,Dic - Feb,169.28322517333334
2018,TOTAL NACIONAL,Explotación de minas y canteras,Ene - Mar,188.7943552533333
2018,TOTAL NACIONAL,Explotación de minas y canteras,Feb - Abr,183.48999431000001
2018,TOTAL NACIONAL,Explotación de minas y canteras,Mar - May,296.0314836333333
2018,TOTAL NACIONAL,Explotación de minas y canteras,Abr - Jun,251.709724341
2018,TOTAL NACIONAL,Explotación de minas y canteras,May - Jul,287.29443840766663
2018,TOTAL NACIONAL,Explotación de minas y canteras,Jun - Ago,163.19776679433335
2018,TOTAL NACIONAL,Explotación de minas y canteras,Jul - Sep,244.2998513966667
2018,TOTAL NACIONAL,Explotación de minas y canteras,Ago - Oct,182.70071773333333
2018,TOTAL NACIONAL,Explotación de minas y canteras,Sep - Nov,210.78514821666667
2018,TOTAL NACIONAL,Explotación de minas y canteras,Oct - Dic,154.36175537666668
2018,TOTAL NACIONAL,Explotación de minas y canteras,Nov - Ene,177.03979275666666
2018,TOTAL NACIONAL,Explotación de minas y canteras,Dic - Feb,161.25575134333334
2019,TOTAL NACIONAL,Explotación de minas y canteras,Ene - Mar,187.4121356933333
2019,TOTAL NACIONAL,Explotación de minas y canteras,Feb - Abr,186.15899605
2019,TOTAL NACIONAL,Explotación de minas y canteras,Mar - May,308.58657668
2019,TOTAL NACIONAL,Explotación de minas y canteras,Abr - Jun,266.581481519
2019,TOTAL NACIONAL,Explotación de minas y canteras,May - Jul,287.4890141056667
2019,TOTAL NACIONAL,Explotación de minas y canteras,Jun - Ago,140.58782412600002
2019,TOTAL NACIONAL,Explotación de minas y canteras,Jul - Sep,193.37434559033332
2019,TOTAL NACIONAL,Explotación de minas y canteras,Ago - Oct,145.25782603366667
2019,TOTAL NACIONAL,Explotación de minas y canteras,Sep - Nov,189.5542632
2019,TOTAL NACIONAL,Explotación de minas y canteras,Oct - Dic,146.24888973333333
2019,TOTAL NACIONAL,Explotación de minas y canteras,Nov - Ene,168.78504336666666
2019,TOTAL NACIONAL,Explotación de minas y canteras,Dic - Feb,165.95292153333332
2020,TOTAL NACIONAL,Explotación de minas y canteras,Ene - Mar,182.44199758333335
2020,TOTAL NACIONAL,Explotación de minas y canteras,Feb - Abr,187.27644766666666
2020,TOTAL NACIONAL,Explotación de minas y canteras,Mar - May,257.3244571366667
2020,TOTAL NACIONAL,Explotación de minas y canteras,Abr - Jun,242.99946705
2020,TOTAL NACIONAL,Explotación de minas y canteras,May - Jul,283.65280643333335
2020,TOTAL NACIONAL,Explotación de minas y canteras,Jun - Ago,170.353298777
2020,TOTAL NACIONAL,Explotación de minas y canteras,Jul - Sep,207.72728884700004
2020,TOTAL NACIONAL,Explotación de minas y canteras,Ago - Oct,144.023171447
2020,TOTAL NACIONAL,Explotación de minas y canteras,Sep - Nov,185.35117645
2020,TOTAL NACIONAL,Explotación de minas y canteras,Oct - Dic,159.31310817
2020,TOTAL NACIONAL,Explotación de minas y canteras,Nov - Ene,187.8548977
2020,TOTAL NACIONAL,Explotación de minas y canteras,Dic - Feb,201.87038930333333
2021,TOTAL NACIONAL,Explotación de minas y canteras,Ene - Mar,219.71826013999998
2021,TOTAL NACIONAL,Explotación de minas y canteras,Feb - Abr,251.10913706666668
2021,TOTAL NACIONAL,Explotación de minas y canteras,Mar - May,232.91992079
2021,TOTAL NACIONAL,Explotación de minas y canteras,Abr - Jun,266.3266095633333
2021,TOTAL NACIONAL,Explotación de minas y canteras,May - Jul,222.65613749
2021,TOTAL NACIONAL,Explotación de minas y canteras,Jun - Ago,245.11095701
2021,TOTAL NACIONAL,Explotación de minas y canteras,Jul - Sep,248.76545480333334
2021,TOTAL NACIONAL,Explotación de minas y canteras,Ago - Oct,322.39644219
2021,TOTAL NACIONAL,Explotación de minas y canteras,Sep - Nov,317.00403208666665
2021,TOTAL NACIONAL,Explotación de minas y canteras,Oct - Dic,282.8300626066667
2021,TOTAL NACIONAL,Explotación de minas y canteras,Nov - Ene,250.24953237
2021,TOTAL NACIONAL,Explotación de minas y canteras,Dic - Feb,236.48955228
2022,TOTAL NACIONAL,Explotación de minas y canteras,Ene - Mar,247.88151885000002
2022,TOTAL NACIONAL,Explotación de minas y canteras,Feb - Abr,243.44179032333332
2022,TOTAL NACIONAL,Explotación de minas y canteras,Mar - May,252.68356636
2022,TOTAL NACIONAL,Explotación de minas y canteras,Abr - Jun,283.25047063333335
2022,TOTAL NACIONAL,Explotación de minas y canteras,May - Jul,240.63816455333335
2022,TOTAL NACIONAL,Explotación de minas y canteras,Jun - Ago,259.95307726666664
2022,TOTAL NACIONAL,Explotación de minas y canteras,Jul - Sep,242.33904842666666
2022,TOTAL NACIONAL,Explotación de minas y canteras,Ago - Oct,320.30346949666665
2022,TOTAL NACIONAL,Explotación de minas y canteras,Sep - Nov,325.79299152
2022,TOTAL NACIONAL,Explotación de minas y canteras,Oct - Dic,354.1077480166667
2022,TOTAL NACIONAL,Explotación de minas y canteras,Nov - Ene,319.45751307999996
2022,TOTAL NACIONAL,Explotación de minas y canteras,Dic - Feb,283.1499483933333
2023,TOTAL NACIONAL,Explotación de minas y canteras,Ene - Mar,221.39173885333332
2023,TOTAL NACIONAL,Explotación de minas y canteras,Feb - Abr,228.51626833666668
2023,TOTAL NACIONAL,Explotación de minas y canteras,Mar - May,223.9179046733333
2023,TOTAL NACIONAL,Explotación de minas y canteras,Abr - Jun,276.13683930999997
2023,TOTAL NACIONAL,Explotación de minas y canteras,May - Jul,239.89455028666669
2023,TOTAL NACIONAL,Explotación de minas y canteras,Jun - Ago,246.65802938000002
2023,TOTAL NACIONAL,Explotación de minas y canteras,Jul - Sep,237.73136841333334
2023,TOTAL NACIONAL,Explotación de minas y canteras,Ago - Oct,319.4467898066667
2023,TOTAL NACIONAL,Explotación de minas y canteras,Sep - Nov,356.76238715333335
2023,TOTAL NACIONAL,Explotación de minas y canteras,Oct - Dic,379.88094912
2023,TOTAL NACIONAL,Explotación de minas y canteras,Nov - Ene,326.75584935
2023,TOTAL NACIONAL,Explotación de minas y canteras,Dic - Feb,299.4152212166667
2024,TOTAL NACIONAL,Explotación de minas y canteras,Ene - Mar,255.1352799866667
2024,TOTAL NACIONAL,Explotación de minas y canteras,Feb - Abr,264.87520789666667
2024,TOTAL NACIONAL,Explotación de minas y canteras,Mar - May,267.1534509033333
2024,TOTAL NACIONAL,Explotación de minas y canteras,Abr - Jun,301.86669694666665
2024,TOTAL NACIONAL,Explotación de minas y canteras,May - Jul,246.98498611666665
2024,TOTAL NACIONAL,Explotación de minas y canteras,Jun - Ago,248.13578472999998
2024,TOTAL NACIONAL,Explotación de minas y canteras,Jul - Sep,252.81481842666665
2024,TOTAL NACIONAL,Explotación de minas y canteras,Ago - Oct,354.1027771233333
2024,TOTAL NACIONAL,Explotación de minas y canteras,Sep - Nov,388.3246714266667
2024,TOTAL NACIONAL,Explotación de minas y canteras,Oct - Dic,362.2043212833334
2024,TOTAL NACIONAL,Explotación de minas y canteras,Nov - Ene,337.10836007333336
2024,TOTAL NACIONAL,Explotación de minas y canteras,Dic - Feb,304.52604952999997
2025,TOTAL NACIONAL,Explotación de minas y canteras,Ene - Mar,292.11542216
2025,TOTAL NACIONAL,Explotación de minas y canteras,Feb - Abr,278.9658959733333
2025,TOTAL NACIONAL,Explotación de minas y canteras,Mar - May,271.2845526066667
2025,TOTAL NACIONAL,Explotación de minas y canteras,Abr - Jun,317.5488040266667
2025,TOTAL NACIONAL,Explotación de minas y canteras,May - Jul,272.4818592666666
2025,TOTAL NACIONAL,Explotación de minas y canteras,Jun - Ago,279.66754817333333
2025,TOTAL NACIONAL,Explotación de minas y canteras,Jul - Sep,258.29782179666665
2025,TOTAL NACIONAL,Explotación de minas y canteras,Ago - Oct,333.1287260433333
2025,TOTAL NACIONAL,Explotación de minas y canteras,Sep - Nov,358.1654807566667
2025,TOTAL NACIONAL,Explotación de minas y canteras,Oct - Dic,356.44958782333333
2025,TOTAL NACIONAL,Explotación de minas y canteras,Nov - Ene,320.96819766999994
2025,TOTAL NACIONAL,Explotación de minas y canteras,Dic - Feb,324.53645989666666
2026,TOTAL NACIONAL,Explotación de minas y canteras,Ene - Mar,344.19920712
2026,TOTAL NACIONAL,Explotación de minas y canteras,Feb - Abr,347.67681485
2026,TOTAL NACIONAL,Explotación de minas y canteras,Mar - May,327.5806523833333
2026,TOTAL NACIONAL,Explotación de minas y canteras,Abr - Jun,341.73978164666664
2015,TOTAL NACIONAL,Industrias manufactureras,Ene - Mar,2435.9362013333334
2015,TOTAL NACIONAL,Industrias manufactureras,Feb - Abr,2637.4272800333333
2015,TOTAL NACIONAL,Industrias manufactureras,Mar - May,2567.379351533333
2015,TOTAL NACIONAL,Industrias manufactureras,Abr - Jun,2537.198264133333
2015,TOTAL NACIONAL,Industrias manufactureras,May - Jul,2351.4373928333334
2015,TOTAL NACIONAL,Industrias manufactureras,Jun - Ago,2369.7166847666667
2015,TOTAL NACIONAL,Industrias manufactureras,Jul - Sep,2365.6937371999998
2015,TOTAL NACIONAL,Industrias manufactureras,Ago - Oct,2448.738452933333
2015,TOTAL NACIONAL,Industrias manufactureras,Sep - Nov,2564.057704433333
2015,TOTAL NACIONAL,Industrias manufactureras,Oct - Dic,2633.1876432000004
2015,TOTAL NACIONAL,Industrias manufactureras,Nov - Ene,2483.6094456666665
2015,TOTAL NACIONAL,Industrias manufactureras,Dic - Feb,2370.9463077666665
2016,TOTAL NACIONAL,Industrias manufactureras,Ene - Mar,2264.0253259999995
2016,TOTAL NACIONAL,Industrias manufactureras,Feb - Abr,2440.5947261666665
2016,TOTAL NACIONAL,Industrias manufactureras,Mar - May,2405.7091208666666
2016,TOTAL NACIONAL,Industrias manufactureras,Abr - Jun,2463.283178266667
2016,TOTAL NACIONAL,Industrias manufactureras,May - Jul,2327.4440751666666
2016,TOTAL NACIONAL,Industrias manufactureras,Jun - Ago,2354.629934033333
2016,TOTAL NACIONAL,Industrias manufactureras,Jul - Sep,2352.5865111999997
2016,TOTAL NACIONAL,Industrias manufactureras,Ago - Oct,2426.5712401666665
2016,TOTAL NACIONAL,Industrias manufactureras,Sep - Nov,2497.7385602
2016,TOTAL NACIONAL,Industrias manufactureras,Oct - Dic,2538.9532030666664
2016,TOTAL NACIONAL,Industrias manufactureras,Nov - Ene,2413.7112126666666
2016,TOTAL NACIONAL,Industrias manufactureras,Dic - Feb,2315.9230402333333
2017,TOTAL NACIONAL,Industrias manufactureras,Ene - Mar,2288.8979803666666
2017,TOTAL NACIONAL,Industrias manufactureras,Feb - Abr,2530.1254243333333
2017,TOTAL NACIONAL,Industrias manufactureras,Mar - May,2537.9703372333333
2017,TOTAL NACIONAL,Industrias manufactureras,Abr - Jun,2543.8269583666665
2017,TOTAL NACIONAL,Industrias manufactureras,May - Jul,2319.7571445
2017,TOTAL NACIONAL,Industrias manufactureras,Jun - Ago,2299.563189366667
2017,TOTAL NACIONAL,Industrias manufactureras,Jul - Sep,2262.0575399
2017,TOTAL NACIONAL,Industrias manufactureras,Ago - Oct,2368.6223502333332
2017,TOTAL NACIONAL,Industrias manufactureras,Sep - Nov,2461.0149793333335
2017,TOTAL NACIONAL,Industrias manufactureras,Oct - Dic,2531.87177
2017,TOTAL NACIONAL,Industrias manufactureras,Nov - Ene,2408.4280366999997
2017,TOTAL NACIONAL,Industrias manufactureras,Dic - Feb,2361.294583233333
2018,TOTAL NACIONAL,Industrias manufactureras,Ene - Mar,2271.412174
2018,TOTAL NACIONAL,Industrias manufactureras,Feb - Abr,2468.7274579666664
2018,TOTAL NACIONAL,Industrias manufactureras,Mar - May,2444.826533666667
2018,TOTAL NACIONAL,Industrias manufactureras,Abr - Jun,2481.2225963
2018,TOTAL NACIONAL,Industrias manufactureras,May - Jul,2344.347252366667
2018,TOTAL NACIONAL,Industrias manufactureras,Jun - Ago,2401.3788781
2018,TOTAL NACIONAL,Industrias manufactureras,Jul - Sep,2384.4871956
2018,TOTAL NACIONAL,Industrias manufactureras,Ago - Oct,2474.8682644
2018,TOTAL NACIONAL,Industrias manufactureras,Sep - Nov,2520.5652271
2018,TOTAL NACIONAL,Industrias manufactureras,Oct - Dic,2599.923566266667
2018,TOTAL NACIONAL,Industrias manufactureras,Nov - Ene,2443.7661494333333
2018,TOTAL NACIONAL,Industrias manufactureras,Dic - Feb,2330.047883
2019,TOTAL NACIONAL,Industrias manufactureras,Ene - Mar,2291.670427866667
2019,TOTAL NACIONAL,Industrias manufactureras,Feb - Abr,2478.0162184
2019,TOTAL NACIONAL,Industrias manufactureras,Mar - May,2476.1590813000003
2019,TOTAL NACIONAL,Industrias manufactureras,Abr - Jun,2439.4025711333334
2019,TOTAL NACIONAL,Industrias manufactureras,May - Jul,2321.6584494
2019,TOTAL NACIONAL,Industrias manufactureras,Jun - Ago,2290.8141967666666
2019,TOTAL NACIONAL,Industrias manufactureras,Jul - Sep,2258.1330479666667
2019,TOTAL NACIONAL,Industrias manufactureras,Ago - Oct,2317.0581281333334
2019,TOTAL NACIONAL,Industrias manufactureras,Sep - Nov,2422.1496864666665
2019,TOTAL NACIONAL,Industrias manufactureras,Oct - Dic,2475.598545266667
2019,TOTAL NACIONAL,Industrias manufactureras,Nov - Ene,2395.143747933333
2019,TOTAL NACIONAL,Industrias manufactureras,Dic - Feb,2319.8268381666667
2020,TOTAL NACIONAL,Industrias manufactureras,Ene - Mar,2197.2086893333335
2020,TOTAL NACIONAL,Industrias manufactureras,Feb - Abr,2033.2145288
2020,TOTAL NACIONAL,Industrias manufactureras,Mar - May,1828.0916397666667
2020,TOTAL NACIONAL,Industrias manufactureras,Abr - Jun,1748.0550409666666
2020,TOTAL NACIONAL,Industrias manufactureras,May - Jul,1766.7327660666667
2020,TOTAL NACIONAL,Industrias manufactureras,Jun - Ago,1904.4849821666667
2020,TOTAL NACIONAL,Industrias manufactureras,Jul - Sep,2016.3171080333334
2020,TOTAL NACIONAL,Industrias manufactureras,Ago - Oct,2203.9766564666666
2020,TOTAL NACIONAL,Industrias manufactureras,Sep - Nov,2276.151805633333
2020,TOTAL NACIONAL,Industrias manufactureras,Oct - Dic,2371.3622118666663
2020,TOTAL NACIONAL,Industrias manufactureras,Nov - Ene,2186.6300024333336
2020,TOTAL NACIONAL,Industrias manufactureras,Dic - Feb,2118.962666566667
2021,TOTAL NACIONAL,Industrias manufactureras,Ene - Mar,1976.8792889
2021,TOTAL NACIONAL,Industrias manufactureras,Feb - Abr,2046.9914497000002
2021,TOTAL NACIONAL,Industrias manufactureras,Mar - May,2039.0128662666666
2021,TOTAL NACIONAL,Industrias manufactureras,Abr - Jun,2055.5673351
2021,TOTAL NACIONAL,Industrias manufactureras,May - Jul,2088.4277572
2021,TOTAL NACIONAL,Industrias manufactureras,Jun - Ago,2075.8069259666668
2021,TOTAL NACIONAL,Industrias manufactureras,Jul - Sep,2145.5780672666665
2021,TOTAL NACIONAL,Industrias manufactureras,Ago - Oct,2154.6757682666666
2021,TOTAL NACIONAL,Industrias manufactureras,Sep - Nov,2126.8887441666666
2021,TOTAL NACIONAL,Industrias manufactureras,Oct - Dic,2147.910572266667
2021,TOTAL NACIONAL,Industrias manufactureras,Nov - Ene,2101.9849514
2021,TOTAL NACIONAL,Industrias manufactureras,Dic - Feb,2221.6968954333333
2022,TOTAL NACIONAL,Industrias manufactureras,Ene - Mar,2269.720989
2022,TOTAL NACIONAL,Industrias manufactureras,Feb - Abr,2374.152969566667
2022,TOTAL NACIONAL,Industrias manufactureras,Mar - May,2328.7838625666664
2022,TOTAL NACIONAL,Industrias manufactureras,Abr - Jun,2279.4722782999997
2022,TOTAL NACIONAL,Industrias manufactureras,May - Jul,2304.7446295666664
2022,TOTAL NACIONAL,Industrias manufactureras,Jun - Ago,2318.3679641
2022,TOTAL NACIONAL,Industrias manufactureras,Jul - Sep,2374.5987482999994
2022,TOTAL NACIONAL,Industrias manufactureras,Ago - Oct,2369.6927623666666
2022,TOTAL NACIONAL,Industrias manufactureras,Sep - Nov,2422.4059600333335
2022,TOTAL NACIONAL,Industrias manufactureras,Oct - Dic,2450.414437033333
2022,TOTAL NACIONAL,Industrias manufactureras,Nov - Ene,2392.6803160666673
2022,TOTAL NACIONAL,Industrias manufactureras,Dic - Feb,2372.4320078333335
2023,TOTAL NACIONAL,Industrias manufactureras,Ene - Mar,2346.0067096333337
2023,TOTAL NACIONAL,Industrias manufactureras,Feb - Abr,2437.5357598000005
2023,TOTAL NACIONAL,Industrias manufactureras,Mar - May,2462.5397979333334
2023,TOTAL NACIONAL,Industrias manufactureras,Abr - Jun,2424.1303177333334
2023,TOTAL NACIONAL,Industrias manufactureras,May - Jul,2407.3631437666663
2023,TOTAL NACIONAL,Industrias manufactureras,Jun - Ago,2418.4404319666664
2023,TOTAL NACIONAL,Industrias manufactureras,Jul - Sep,2468.7777443
2023,TOTAL NACIONAL,Industrias manufactureras,Ago - Oct,2415.8407460666667
2023,TOTAL NACIONAL,Industrias manufactureras,Sep - Nov,2396.1686928666663
2023,TOTAL NACIONAL,Industrias manufactureras,Oct - Dic,2365.7840935
2023,TOTAL NACIONAL,Industrias manufactureras,Nov - Ene,2382.344073933333
2023,TOTAL NACIONAL,Industrias manufactureras,Dic - Feb,2415.5751575
2024,TOTAL NACIONAL,Industrias manufactureras,Ene - Mar,2425.3369455333336
2024,TOTAL NACIONAL,Industrias manufactureras,Feb - Abr,2447.6059938666663
2024,TOTAL NACIONAL,Industrias manufactureras,Mar - May,2452.8014612
2024,TOTAL NACIONAL,Industrias manufactureras,Abr - Jun,2474.007425566667
2024,TOTAL NACIONAL,Industrias manufactureras,May - Jul,2510.325834566667
2024,TOTAL NACIONAL,Industrias manufactureras,Jun - Ago,2477.153848
2024,TOTAL NACIONAL,Industrias manufactureras,Jul - Sep,2463.819979766667
2024,TOTAL NACIONAL,Industrias manufactureras,Ago - Oct,2480.4114697000005
2024,TOTAL NACIONAL,Industrias manufactureras,Sep - Nov,2524.0327924666667
2024,TOTAL NACIONAL,Industrias manufactureras,Oct - Dic,2505.7157918666667
2024,TOTAL NACIONAL,Industrias manufactureras,Nov - Ene,2441.2765639333334
2024,TOTAL NACIONAL,Industrias manufactureras,Dic - Feb,2456.8023273
2025,TOTAL NACIONAL,Industrias manufactureras,Ene - Mar,2539.7517902
2025,TOTAL NACIONAL,Industrias manufactureras,Feb - Abr,2588.7766770333333
2025,TOTAL NACIONAL,Industrias manufactureras,Mar - May,2522.2310319666667
2025,TOTAL NACIONAL,Industrias manufactureras,Abr - Jun,2576.3601793
2025,TOTAL NACIONAL,Industrias manufactureras,May - Jul,2599.5701260333335
2025,TOTAL NACIONAL,Industrias manufactureras,Jun - Ago,2673.2353883
2025,TOTAL NACIONAL,Industrias manufactureras,Jul - Sep,2635.9625302
2025,TOTAL NACIONAL,Industrias manufactureras,Ago - Oct,2671.517462766667
2025,TOTAL NACIONAL,Industrias manufactureras,Sep - Nov,2614.8983298
2025,TOTAL NACIONAL,Industrias manufactureras,Oct - Dic,2685.2216757
2025,TOTAL NACIONAL,Industrias manufactureras,Nov - Ene,2622.1733015
2025,TOTAL NACIONAL,Industrias manufactureras,Dic - Feb,2717.323741933333
2026,TOTAL NACIONAL,Industrias manufactureras,Ene - Mar,2574.723683
2026,TOTAL NACIONAL,Industrias manufactureras,Feb - Abr,2582.8788799999998
2026,TOTAL NACIONAL,Industrias manufactureras,Mar - May,2543.283913533334
2026,TOTAL NACIONAL,Industrias manufactureras,Abr - Jun,2611.3201784666667
2015,TOTAL NACIONAL,"Suministro de electricidad gas, agua y gestión de desechos",Ene - Mar,177.21539683666666
2015,TOTAL NACIONAL,"Suministro de electricidad gas, agua y gestión de desechos",Feb - Abr,183.76369932666663
2015,TOTAL NACIONAL,"Suministro de electricidad gas, agua y gestión de desechos",Mar - May,168.53075812333333
2015,TOTAL NACIONAL,"Suministro de electricidad gas, agua y gestión de desechos",Abr - Jun,170.51331333
2015,TOTAL NACIONAL,"Suministro de electricidad gas, agua y gestión de desechos",May - Jul,162.9155221
2015,TOTAL NACIONAL,"Suministro de electricidad gas, agua y gestión de desechos",Jun - Ago,171.43569112
2015,TOTAL NACIONAL,"Suministro de electricidad gas, agua y gestión de desechos",Jul - Sep,175.57705079333334
2015,TOTAL NACIONAL,"Suministro de electricidad gas, agua y gestión de desechos",Ago - Oct,172.48908522000002
2015,TOTAL NACIONAL,"Suministro de electricidad gas, agua y gestión de desechos",Sep - Nov,175.97512592333337
2015,TOTAL NACIONAL,"Suministro de electricidad gas, agua y gestión de desechos",Oct - Dic,182.77250064
2015,TOTAL NACIONAL,"Suministro de electricidad gas, agua y gestión de desechos",Nov - Ene,176.52981480666668
2015,TOTAL NACIONAL,"Suministro de electricidad gas, agua y gestión de desechos",Dic - Feb,170.59200815
2016,TOTAL NACIONAL,"Suministro de electricidad gas, agua y gestión de desechos",Ene - Mar,160.88636501
2016,TOTAL NACIONAL,"Suministro de electricidad gas, agua y gestión de desechos",Feb - Abr,175.62247921666668
2016,TOTAL NACIONAL,"Suministro de electricidad gas, agua y gestión de desechos",Mar - May,169.52982360666667
2016,TOTAL NACIONAL,"Suministro de electricidad gas, agua y gestión de desechos",Abr - Jun,168.01438322
2016,TOTAL NACIONAL,"Suministro de electricidad gas, agua y gestión de desechos",May - Jul,159.75499693000003
2016,TOTAL NACIONAL,"Suministro de electricidad gas, agua y gestión de desechos",Jun - Ago,149.58399362333333
2016,TOTAL NACIONAL,"Suministro de electricidad gas, agua y gestión de desechos",Jul - Sep,153.59844801333335
2016,TOTAL NACIONAL,"Suministro de electricidad gas, agua y gestión de desechos",Ago - Oct,155.01113549
2016,TOTAL NACIONAL,"Suministro de electricidad gas, agua y gestión de desechos",Sep - Nov,175.57965008999997
2016,TOTAL NACIONAL,"Suministro de electricidad gas, agua y gestión de desechos",Oct - Dic,181.05753693
2016,TOTAL NACIONAL,"Suministro de electricidad gas, agua y gestión de desechos",Nov - Ene,174.81064649666666
2016,TOTAL NACIONAL,"Suministro de electricidad gas, agua y gestión de desechos",Dic - Feb,165.29179803666668
2017,TOTAL NACIONAL,"Suministro de electricidad gas, agua y gestión de desechos",Ene - Mar,160.04882645
2017,TOTAL NACIONAL,"Suministro de electricidad gas, agua y gestión de desechos",Feb - Abr,178.21145645000001
2017,TOTAL NACIONAL,"Suministro de electricidad gas, agua y gestión de desechos",Mar - May,179.3018967933333
2017,TOTAL NACIONAL,"Suministro de electricidad gas, agua y gestión de desechos",Abr - Jun,180.5616355133333
2017,TOTAL NACIONAL,"Suministro de electricidad gas, agua y gestión de desechos",May - Jul,180.36266063333335
2017,TOTAL NACIONAL,"Suministro de electricidad gas, agua y gestión de desechos",Jun - Ago,191.28849131666666
2017,TOTAL NACIONAL,"Suministro de electricidad gas, agua y gestión de desechos",Jul - Sep,185.23499448666666
2017,TOTAL NACIONAL,"Suministro de electricidad gas, agua y gestión de desechos",Ago - Oct,177.36276383666666
2017,TOTAL NACIONAL,"Suministro de electricidad gas, agua y gestión de desechos",Sep - Nov,165.20469858666667
2017,TOTAL NACIONAL,"Suministro de electricidad gas, agua y gestión de desechos",Oct - Dic,175.19620806666668
2017,TOTAL NACIONAL,"Suministro de electricidad gas, agua y gestión de desechos",Nov - Ene,173.02495299
2017,TOTAL NACIONAL,"Suministro de electricidad gas, agua y gestión de desechos",Dic - Feb,178.40729657
2018,TOTAL NACIONAL,"Suministro de electricidad gas, agua y gestión de desechos",Ene - Mar,181.69701002666667
2018,TOTAL NACIONAL,"Suministro de electricidad gas, agua y gestión de desechos",Feb - Abr,178.93427079666665
2018,TOTAL NACIONAL,"Suministro de electricidad gas, agua y gestión de desechos",Mar - May,173.34674016
2018,TOTAL NACIONAL,"Suministro de electricidad gas, agua y gestión de desechos",Abr - Jun,173.12141773333335
2018,TOTAL NACIONAL,"Suministro de electricidad gas, agua y gestión de desechos",May - Jul,184.76947323666664
2018,TOTAL NACIONAL,"Suministro de electricidad gas, agua y gestión de desechos",Jun - Ago,193.08201666333332
2018,TOTAL NACIONAL,"Suministro de electricidad gas, agua y gestión de desechos",Jul - Sep,183.7489673
2018,TOTAL NACIONAL,"Suministro de electricidad gas, agua y gestión de desechos",Ago - Oct,177.96283420666668
2018,TOTAL NACIONAL,"Suministro de electricidad gas, agua y gestión de desechos",Sep - Nov,173.55179947666667
2018,TOTAL NACIONAL,"Suministro de electricidad gas, agua y gestión de desechos",Oct - Dic,175.2155495833333
2018,TOTAL NACIONAL,"Suministro de electricidad gas, agua y gestión de desechos",Nov - Ene,170.83688393333333
2018,TOTAL NACIONAL,"Suministro de electricidad gas, agua y gestión de desechos",Dic - Feb,161.70145988
2019,TOTAL NACIONAL,"Suministro de electricidad gas, agua y gestión de desechos",Ene - Mar,160.21114021
2019,TOTAL NACIONAL,"Suministro de electricidad gas, agua y gestión de desechos",Feb - Abr,163.86553065666666
2019,TOTAL NACIONAL,"Suministro de electricidad gas, agua y gestión de desechos",Mar - May,168.87036975666663
2019,TOTAL NACIONAL,"Suministro de electricidad gas, agua y gestión de desechos",Abr - Jun,177.14361056666667
2019,TOTAL NACIONAL,"Suministro de electricidad gas, agua y gestión de desechos",May - Jul,189.3487291666667
2019,TOTAL NACIONAL,"Suministro de electricidad gas, agua y gestión de desechos",Jun - Ago,201.85752673000002
2019,TOTAL NACIONAL,"Suministro de electricidad gas, agua y gestión de desechos",Jul - Sep,210.09024508999997
2019,TOTAL NACIONAL,"Suministro de electricidad gas, agua y gestión de desechos",Ago - Oct,197.15213102333334
2019,TOTAL NACIONAL,"Suministro de electricidad gas, agua y gestión de desechos",Sep - Nov,215.58378605
2019,TOTAL NACIONAL,"Suministro de electricidad gas, agua y gestión de desechos",Oct - Dic,213.38754393
2019,TOTAL NACIONAL,"Suministro de electricidad gas, agua y gestión de desechos",Nov - Ene,236.01246656666663
2019,TOTAL NACIONAL,"Suministro de electricidad gas, agua y gestión de desechos",Dic - Feb,240.48429327666668
2020,TOTAL NACIONAL,"Suministro de electricidad gas, agua y gestión de desechos",Ene - Mar,247.98128175333332
2020,TOTAL NACIONAL,"Suministro de electricidad gas, agua y gestión de desechos",Feb - Abr,235.8901539033333
2020,TOTAL NACIONAL,"Suministro de electricidad gas, agua y gestión de desechos",Mar - May,215.27769219
2020,TOTAL NACIONAL,"Suministro de electricidad gas, agua y gestión de desechos",Abr - Jun,211.95507658
2020,TOTAL NACIONAL,"Suministro de electricidad gas, agua y gestión de desechos",May - Jul,207.46450903000002
2020,TOTAL NACIONAL,"Suministro de electricidad gas, agua y gestión de desechos",Jun - Ago,211.04732667333334
2020,TOTAL NACIONAL,"Suministro de electricidad gas, agua y gestión de desechos",Jul - Sep,212.7503928
2020,TOTAL NACIONAL,"Suministro de electricidad gas, agua y gestión de desechos",Ago - Oct,225.33179829666665
2020,TOTAL NACIONAL,"Suministro de electricidad gas, agua y gestión de desechos",Sep - Nov,214.40213658333332
2020,TOTAL NACIONAL,"Suministro de electricidad gas, agua y gestión de desechos",Oct - Dic,219.1061572433333
2020,TOTAL NACIONAL,"Suministro de electricidad gas, agua y gestión de desechos",Nov - Ene,206.32306842
2020,TOTAL NACIONAL,"Suministro de electricidad gas, agua y gestión de desechos",Dic - Feb,211.22760959000001
2021,TOTAL NACIONAL,"Suministro de electricidad gas, agua y gestión de desechos",Ene - Mar,211.18141513333333
2021,TOTAL NACIONAL,"Suministro de electricidad gas, agua y gestión de desechos",Feb - Abr,229.68005929333333
2021,TOTAL NACIONAL,"Suministro de electricidad gas, agua y gestión de desechos",Mar - May,253.93332874333336
2021,TOTAL NACIONAL,"Suministro de electricidad gas, agua y gestión de desechos",Abr - Jun,266.2884423433334
2021,TOTAL NACIONAL,"Suministro de electricidad gas, agua y gestión de desechos",May - Jul,270.47579322999997
2021,TOTAL NACIONAL,"Suministro de electricidad gas, agua y gestión de desechos",Jun - Ago,277.3254642333333
2021,TOTAL NACIONAL,"Suministro de electricidad gas, agua y gestión de desechos",Jul - Sep,291.52254328333333
2021,TOTAL NACIONAL,"Suministro de electricidad gas, agua y gestión de desechos",Ago - Oct,289.86652087
2021,TOTAL NACIONAL,"Suministro de electricidad gas, agua y gestión de desechos",Sep - Nov,269.7127836633333
2021,TOTAL NACIONAL,"Suministro de electricidad gas, agua y gestión de desechos",Oct - Dic,265.58126240999997
2021,TOTAL NACIONAL,"Suministro de electricidad gas, agua y gestión de desechos",Nov - Ene,294.6418744466667
2021,TOTAL NACIONAL,"Suministro de electricidad gas, agua y gestión de desechos",Dic - Feb,309.5589038666667
2022,TOTAL NACIONAL,"Suministro de electricidad gas, agua y gestión de desechos",Ene - Mar,313.39412504
2022,TOTAL NACIONAL,"Suministro de electricidad gas, agua y gestión de desechos",Feb - Abr,299.9830430366667
2022,TOTAL NACIONAL,"Suministro de electricidad gas, agua y gestión de desechos",Mar - May,307.48640355666663
2022,TOTAL NACIONAL,"Suministro de electricidad gas, agua y gestión de desechos",Abr - Jun,306.08348456666664
2022,TOTAL NACIONAL,"Suministro de electricidad gas, agua y gestión de desechos",May - Jul,322.4371026833333
2022,TOTAL NACIONAL,"Suministro de electricidad gas, agua y gestión de desechos",Jun - Ago,324.0205773133334
2022,TOTAL NACIONAL,"Suministro de electricidad gas, agua y gestión de desechos",Jul - Sep,325.39352987
2022,TOTAL NACIONAL,"Suministro de electricidad gas, agua y gestión de desechos",Ago - Oct,303.7865261
2022,TOTAL NACIONAL,"Suministro de electricidad gas, agua y gestión de desechos",Sep - Nov,289.73350606
2022,TOTAL NACIONAL,"Suministro de electricidad gas, agua y gestión de desechos",Oct - Dic,278.82750434
2022,TOTAL NACIONAL,"Suministro de electricidad gas, agua y gestión de desechos",Nov - Ene,297.48132801666674
2022,TOTAL NACIONAL,"Suministro de electricidad gas, agua y gestión de desechos",Dic - Feb,315.69255528
2023,TOTAL NACIONAL,"Suministro de electricidad gas, agua y gestión de desechos",Ene - Mar,306.77673949666666
2023,TOTAL NACIONAL,"Suministro de electricidad gas, agua y gestión de desechos",Feb - Abr,286.77599512
2023,TOTAL NACIONAL,"Suministro de electricidad gas, agua y gestión de desechos",Mar - May,287.25650386666666
2023,TOTAL NACIONAL,"Suministro de electricidad gas, agua y gestión de desechos",Abr - Jun,310.42250742333334
2023,TOTAL NACIONAL,"Suministro de electricidad gas, agua y gestión de desechos",May - Jul,332.28601711000005
2023,TOTAL NACIONAL,"Suministro de electricidad gas, agua y gestión de desechos",Jun - Ago,331.1347686466667
2023,TOTAL NACIONAL,"Suministro de electricidad gas, agua y gestión de desechos",Jul - Sep,327.44766266333335
2023,TOTAL NACIONAL,"Suministro de electricidad gas, agua y gestión de desechos",Ago - Oct,312.08977387666664
2023,TOTAL NACIONAL,"Suministro de electricidad gas, agua y gestión de desechos",Sep - Nov,293.5501292566667
2023,TOTAL NACIONAL,"Suministro de electricidad gas, agua y gestión de desechos",Oct - Dic,296.35230443
2023,TOTAL NACIONAL,"Suministro de electricidad gas, agua y gestión de desechos",Nov - Ene,291.3077990766667
2023,TOTAL NACIONAL,"Suministro de electricidad gas, agua y gestión de desechos",Dic - Feb,300.73049899333336
2024,TOTAL NACIONAL,"Suministro de electricidad gas, agua y gestión de desechos",Ene - Mar,300.2551794633334
2024,TOTAL NACIONAL,"Suministro de electricidad gas, agua y gestión de desechos",Feb - Abr,302.79838202
2024,TOTAL NACIONAL,"Suministro de electricidad gas, agua y gestión de desechos",Mar - May,298.3266340733333
2024,TOTAL NACIONAL,"Suministro de electricidad gas, agua y gestión de desechos",Abr - Jun,285.1297298366667
2024,TOTAL NACIONAL,"Suministro de electricidad gas, agua y gestión de desechos",May - Jul,300.90823337
2024,TOTAL NACIONAL,"Suministro de electricidad gas, agua y gestión de desechos",Jun - Ago,316.40851875000004
2024,TOTAL NACIONAL,"Suministro de electricidad gas, agua y gestión de desechos",Jul - Sep,338.62358348
2024,TOTAL NACIONAL,"Suministro de electricidad gas, agua y gestión de desechos",Ago - Oct,330.8900641433333
2024,TOTAL NACIONAL,"Suministro de electricidad gas, agua y gestión de desechos",Sep - Nov,313.5861002533333
2024,TOTAL NACIONAL,"Suministro de electricidad gas, agua y gestión de desechos",Oct - Dic,312.8878503466667
2024,TOTAL NACIONAL,"Suministro de electricidad gas, agua y gestión de desechos",Nov - Ene,299.35523106
2024,TOTAL NACIONAL,"Suministro de electricidad gas, agua y gestión de desechos",Dic - Feb,309.43161790999994
2025,TOTAL NACIONAL,"Suministro de electricidad gas, agua y gestión de desechos",Ene - Mar,301.03702998333335
2025,TOTAL NACIONAL,"Suministro de electricidad gas, agua y gestión de desechos",Feb - Abr,290.6481404766667
2025,TOTAL NACIONAL,"Suministro de electricidad gas, agua y gestión de desechos",Mar - May,288.37118741
2025,TOTAL NACIONAL,"Suministro de electricidad gas, agua y gestión de desechos",Abr - Jun,308.5650599333333
2025,TOTAL NACIONAL,"Suministro de electricidad gas, agua y gestión de desechos",May - Jul,339.69227270333334
2025,TOTAL NACIONAL,"Suministro de electricidad gas, agua y gestión de desechos",Jun - Ago,352.82334527333336
2025,TOTAL NACIONAL,"Suministro de electricidad gas, agua y gestión de desechos",Jul - Sep,328.9725650433333
2025,TOTAL NACIONAL,"Suministro de electricidad gas, agua y gestión de desechos",Ago - Oct,316.39370596000003
2025,TOTAL NACIONAL,"Suministro de electricidad gas, agua y gestión de desechos",Sep - Nov,314.6927949033333
2025,TOTAL NACIONAL,"Suministro de electricidad gas, agua y gestión de desechos",Oct - Dic,303.95644111999997
2025,TOTAL NACIONAL,"Suministro de electricidad gas, agua y gestión de desechos",Nov - Ene,291.52213766666665
2025,TOTAL NACIONAL,"Suministro de electricidad gas, agua y gestión de desechos",Dic - Feb,304.0756936733333
2026,TOTAL NACIONAL,"Suministro de electricidad gas, agua y gestión de desechos",Ene - Mar,317.4364510166667
2026,TOTAL NACIONAL,"Suministro de electricidad gas, agua y gestión de desechos",Feb - Abr,320.73328222000004
2026,TOTAL NACIONAL,"Suministro de electricidad gas, agua y gestión de desechos",Mar - May,305.44660185
2026,TOTAL NACIONAL,"Suministro de electricidad gas, agua y gestión de desechos",Abr - Jun,306.94192282666666
2015,TOTAL NACIONAL,Construcción,Ene - Mar,1467.7016023666667
2015,TOTAL NACIONAL,Construcción,Feb - Abr,1456.7954724
2015,TOTAL NACIONAL,Construcción,Mar - May,1501.1089768333334
2015,TOTAL NACIONAL,Construcción,Abr - Jun,1443.8442265333333
2015,TOTAL NACIONAL,Construcción,May - Jul,1468.6520598666666
2015,TOTAL NACIONAL,Construcción,Jun - Ago,1446.3816376333334
2015,TOTAL NACIONAL,Construcción,Jul - Sep,1475.040703
2015,TOTAL NACIONAL,Construcción,Ago - Oct,1460.9416046999997
2015,TOTAL NACIONAL,Construcción,Sep - Nov,1502.1806740666668
2015,TOTAL NACIONAL,Construcción,Oct - Dic,1517.8213381666665
2015,TOTAL NACIONAL,Construcción,Nov - Ene,1539.8089751999998
2015,TOTAL NACIONAL,Construcción,Dic - Feb,1502.5876749666666
2016,TOTAL NACIONAL,Construcción,Ene - Mar,1452.4535471333331
2016,TOTAL NACIONAL,Construcción,Feb - Abr,1422.9692642333332
2016,TOTAL NACIONAL,Construcción,Mar - May,1469.7093359666667
2016,TOTAL NACIONAL,Construcción,Abr - Jun,1506.3018484333334
2016,TOTAL NACIONAL,Construcción,May - Jul,1470.3442546333333
2016,TOTAL NACIONAL,Construcción,Jun - Ago,1421.7779319666668
2016,TOTAL NACIONAL,Construcción,Jul - Sep,1448.2435110666665
2016,TOTAL NACIONAL,Construcción,Ago - Oct,1487.1789064333334
2016,TOTAL NACIONAL,Construcción,Sep - Nov,1554.6263271999999
2016,TOTAL NACIONAL,Construcción,Oct - Dic,1535.7072987000001
2016,TOTAL NACIONAL,Construcción,Nov - Ene,1534.6773919
2016,TOTAL NACIONAL,Construcción,Dic - Feb,1463.2819043333336
2017,TOTAL NACIONAL,Construcción,Ene - Mar,1412.2023869333334
2017,TOTAL NACIONAL,Construcción,Feb - Abr,1370.2293878666667
2017,TOTAL NACIONAL,Construcción,Mar - May,1412.7087301666663
2017,TOTAL NACIONAL,Construcción,Abr - Jun,1450.2122461
2017,TOTAL NACIONAL,Construcción,May - Jul,1488.5997537666665
2017,TOTAL NACIONAL,Construcción,Jun - Ago,1458.1882881000001
2017,TOTAL NACIONAL,Construcción,Jul - Sep,1407.3985343666666
2017,TOTAL NACIONAL,Construcción,Ago - Oct,1438.5811234
2017,TOTAL NACIONAL,Construcción,Sep - Nov,1444.286358933333
2017,TOTAL NACIONAL,Construcción,Oct - Dic,1514.2478732999998
2017,TOTAL NACIONAL,Construcción,Nov - Ene,1454.9970208666666
2017,TOTAL NACIONAL,Construcción,Dic - Feb,1419.5567629999998
2018,TOTAL NACIONAL,Construcción,Ene - Mar,1328.1365466999998
2018,TOTAL NACIONAL,Construcción,Feb - Abr,1333.4892890333333
2018,TOTAL NACIONAL,Construcción,Mar - May,1381.9724606666666
2018,TOTAL NACIONAL,Construcción,Abr - Jun,1400.6782083666667
2018,TOTAL NACIONAL,Construcción,May - Jul,1412.2931188000002
2018,TOTAL NACIONAL,Construcción,Jun - Ago,1360.4109026333333
2018,TOTAL NACIONAL,Construcción,Jul - Sep,1421.7623102
2018,TOTAL NACIONAL,Construcción,Ago - Oct,1435.2251993333332
2018,TOTAL NACIONAL,Construcción,Sep - Nov,1490.8586598
2018,TOTAL NACIONAL,Construcción,Oct - Dic,1493.8185612999998
2018,TOTAL NACIONAL,Construcción,Nov - Ene,1489.9588741666666
2018,TOTAL NACIONAL,Construcción,Dic - Feb,1429.7585163333333
2019,TOTAL NACIONAL,Construcción,Ene - Mar,1376.5562719333332
2019,TOTAL NACIONAL,Construcción,Feb - Abr,1378.9331468333332
2019,TOTAL NACIONAL,Construcción,Mar - May,1410.1599199333332
2019,TOTAL NACIONAL,Construcción,Abr - Jun,1451.5829007
2019,TOTAL NACIONAL,Construcción,May - Jul,1436.5963716666665
2019,TOTAL NACIONAL,Construcción,Jun - Ago,1438.9383096333333
2019,TOTAL NACIONAL,Construcción,Jul - Sep,1450.1070815666665
2019,TOTAL NACIONAL,Construcción,Ago - Oct,1462.3396153333333
2019,TOTAL NACIONAL,Construcción,Sep - Nov,1513.3706268666665
2019,TOTAL NACIONAL,Construcción,Oct - Dic,1555.2260475000003
2019,TOTAL NACIONAL,Construcción,Nov - Ene,1529.7960504333332
2019,TOTAL NACIONAL,Construcción,Dic - Feb,1506.3862063333333
2020,TOTAL NACIONAL,Construcción,Ene - Mar,1382.0844123333334
2020,TOTAL NACIONAL,Construcción,Feb - Abr,1207.3410005033331
2020,TOTAL NACIONAL,Construcción,Mar - May,1032.9211957233333
2020,TOTAL NACIONAL,Construcción,Abr - Jun,1015.4682859233334
2020,TOTAL NACIONAL,Construcción,May - Jul,1162.5373911533334
2020,TOTAL NACIONAL,Construcción,Jun - Ago,1256.8769790666668
2020,TOTAL NACIONAL,Construcción,Jul - Sep,1302.5061800333333
2020,TOTAL NACIONAL,Construcción,Ago - Oct,1341.3177103666667
2020,TOTAL NACIONAL,Construcción,Sep - Nov,1419.5471413666667
2020,TOTAL NACIONAL,Construcción,Oct - Dic,1457.1763693
2020,TOTAL NACIONAL,Construcción,Nov - Ene,1460.8653222666665
2020,TOTAL NACIONAL,Construcción,Dic - Feb,1414.9572644666666
2021,TOTAL NACIONAL,Construcción,Ene - Mar,1477.8846609
2021,TOTAL NACIONAL,Construcción,Feb - Abr,1507.4950034666665
2021,TOTAL NACIONAL,Construcción,Mar - May,1519.0542697
2021,TOTAL NACIONAL,Construcción,Abr - Jun,1437.5957097666667
2021,TOTAL NACIONAL,Construcción,May - Jul,1428.9121565666667
2021,TOTAL NACIONAL,Construcción,Jun - Ago,1490.8918208666666
2021,TOTAL NACIONAL,Construcción,Jul - Sep,1499.2228514666667
2021,TOTAL NACIONAL,Construcción,Ago - Oct,1495.2597037666667
2021,TOTAL NACIONAL,Construcción,Sep - Nov,1517.1283956999998
2021,TOTAL NACIONAL,Construcción,Oct - Dic,1542.2894033666664
2021,TOTAL NACIONAL,Construcción,Nov - Ene,1571.3573539666668
2021,TOTAL NACIONAL,Construcción,Dic - Feb,1550.1913055333334
2022,TOTAL NACIONAL,Construcción,Ene - Mar,1531.8371353333334
2022,TOTAL NACIONAL,Construcción,Feb - Abr,1520.2238890666667
2022,TOTAL NACIONAL,Construcción,Mar - May,1507.6393323666668
2022,TOTAL NACIONAL,Construcción,Abr - Jun,1551.6380050999999
2022,TOTAL NACIONAL,Construcción,May - Jul,1538.4228620333333
2022,TOTAL NACIONAL,Construcción,Jun - Ago,1589.3206013
2022,TOTAL NACIONAL,Construcción,Jul - Sep,1543.8403790666664
2022,TOTAL NACIONAL,Construcción,Ago - Oct,1542.8924151333333
2022,TOTAL NACIONAL,Construcción,Sep - Nov,1493.9761526
2022,TOTAL NACIONAL,Construcción,Oct - Dic,1559.2996784
2022,TOTAL NACIONAL,Construcción,Nov - Ene,1535.6113042999998
2022,TOTAL NACIONAL,Construcción,Dic - Feb,1537.0619576333331
2023,TOTAL NACIONAL,Construcción,Ene - Mar,1512.3510308666664
2023,TOTAL NACIONAL,Construcción,Feb - Abr,1572.9527597
2023,TOTAL NACIONAL,Construcción,Mar - May,1542.1395385999997
2023,TOTAL NACIONAL,Construcción,Abr - Jun,1547.6633841666664
2023,TOTAL NACIONAL,Construcción,May - Jul,1589.6963954333332
2023,TOTAL NACIONAL,Construcción,Jun - Ago,1650.8136692
2023,TOTAL NACIONAL,Construcción,Jul - Sep,1617.4165692
2023,TOTAL NACIONAL,Construcción,Ago - Oct,1552.0625778333333
2023,TOTAL NACIONAL,Construcción,Sep - Nov,1560.7993533333336
2023,TOTAL NACIONAL,Construcción,Oct - Dic,1584.0120828666668
2023,TOTAL NACIONAL,Construcción,Nov - Ene,1563.8516051333334
2023,TOTAL NACIONAL,Construcción,Dic - Feb,1508.0957703333333
2024,TOTAL NACIONAL,Construcción,Ene - Mar,1488.2853284
2024,TOTAL NACIONAL,Construcción,Feb - Abr,1530.8311327666668
2024,TOTAL NACIONAL,Construcción,Mar - May,1570.1063379999998
2024,TOTAL NACIONAL,Construcción,Abr - Jun,1556.9376558333333
2024,TOTAL NACIONAL,Construcción,May - Jul,1560.3537653333333
2024,TOTAL NACIONAL,Construcción,Jun - Ago,1540.1294747333334
2024,TOTAL NACIONAL,Construcción,Jul - Sep,1539.3917877000001
2024,TOTAL NACIONAL,Construcción,Ago - Oct,1539.9919643333335
2024,TOTAL NACIONAL,Construcción,Sep - Nov,1528.0628321666666
2024,TOTAL NACIONAL,Construcción,Oct - Dic,1586.2042912333334
2024,TOTAL NACIONAL,Construcción,Nov - Ene,1553.985654666667
2024,TOTAL NACIONAL,Construcción,Dic - Feb,1619.7502224
2025,TOTAL NACIONAL,Construcción,Ene - Mar,1617.2072017
2025,TOTAL NACIONAL,Construcción,Feb - Abr,1633.9596543
2025,TOTAL NACIONAL,Construcción,Mar - May,1586.4268525333334
2025,TOTAL NACIONAL,Construcción,Abr - Jun,1543.3124445
2025,TOTAL NACIONAL,Construcción,May - Jul,1583.4427896999998
2025,TOTAL NACIONAL,Construcción,Jun - Ago,1636.5299271666665
2025,TOTAL NACIONAL,Construcción,Jul - Sep,1646.1378114666668
2025,TOTAL NACIONAL,Construcción,Ago - Oct,1598.7235561999998
2025,TOTAL NACIONAL,Construcción,Sep - Nov,1588.7061726333334
2025,TOTAL NACIONAL,Construcción,Oct - Dic,1611.7702487999998
2025,TOTAL NACIONAL,Construcción,Nov - Ene,1631.8994198
2025,TOTAL NACIONAL,Construcción,Dic - Feb,1623.729758166667
2026,TOTAL NACIONAL,Construcción,Ene - Mar,1661.6549271666665
2026,TOTAL NACIONAL,Construcción,Feb - Abr,1699.8413985333334
2026,TOTAL NACIONAL,Construcción,Mar - May,1677.4320359
2026,TOTAL NACIONAL,Construcción,Abr - Jun,1655.4990160333334
2015,TOTAL NACIONAL,Comercio y reparación de vehículos,Ene - Mar,3741.8477371000004
2015,TOTAL NACIONAL,Comercio y reparación de vehículos,Feb - Abr,3755.3291375666668
2015,TOTAL NACIONAL,Comercio y reparación de vehículos,Mar - May,3848.5407628333337
2015,TOTAL NACIONAL,Comercio y reparación de vehículos,Abr - Jun,3868.5080251333334
2015,TOTAL NACIONAL,Comercio y reparación de vehículos,May - Jul,3819.0248677333334
2015,TOTAL NACIONAL,Comercio y reparación de vehículos,Jun - Ago,3815.533208133334
2015,TOTAL NACIONAL,Comercio y reparación de vehículos,Jul - Sep,3893.4593836333333
2015,TOTAL NACIONAL,Comercio y reparación de vehículos,Ago - Oct,3961.6761581333335
2015,TOTAL NACIONAL,Comercio y reparación de vehículos,Sep - Nov,4016.1736039666666
2015,TOTAL NACIONAL,Comercio y reparación de vehículos,Oct - Dic,4027.387486033333
2015,TOTAL NACIONAL,Comercio y reparación de vehículos,Nov - Ene,4063.6938184666665
2015,TOTAL NACIONAL,Comercio y reparación de vehículos,Dic - Feb,3950.450475166667
2016,TOTAL NACIONAL,Comercio y reparación de vehículos,Ene - Mar,3861.0268359
2016,TOTAL NACIONAL,Comercio y reparación de vehículos,Feb - Abr,3782.4775158333337
2016,TOTAL NACIONAL,Comercio y reparación de vehículos,Mar - May,3814.1809340666664
2016,TOTAL NACIONAL,Comercio y reparación de vehículos,Abr - Jun,3877.318308966667
2016,TOTAL NACIONAL,Comercio y reparación de vehículos,May - Jul,3919.3998521
2016,TOTAL NACIONAL,Comercio y reparación de vehículos,Jun - Ago,3990.5780751999996
2016,TOTAL NACIONAL,Comercio y reparación de vehículos,Jul - Sep,3934.6185391666663
2016,TOTAL NACIONAL,Comercio y reparación de vehículos,Ago - Oct,3991.2522182333328
2016,TOTAL NACIONAL,Comercio y reparación de vehículos,Sep - Nov,3998.8460247333333
2016,TOTAL NACIONAL,Comercio y reparación de vehículos,Oct - Dic,4064.537520766666
2016,TOTAL NACIONAL,Comercio y reparación de vehículos,Nov - Ene,4041.4805017333333
2016,TOTAL NACIONAL,Comercio y reparación de vehículos,Dic - Feb,4024.3428271
2017,TOTAL NACIONAL,Comercio y reparación de vehículos,Ene - Mar,3983.4812971333336
2017,TOTAL NACIONAL,Comercio y reparación de vehículos,Feb - Abr,3895.0166164
2017,TOTAL NACIONAL,Comercio y reparación de vehículos,Mar - May,3869.4337486666664
2017,TOTAL NACIONAL,Comercio y reparación de vehículos,Abr - Jun,3892.4564047
2017,TOTAL NACIONAL,Comercio y reparación de vehículos,May - Jul,3947.6280810333337
2017,TOTAL NACIONAL,Comercio y reparación de vehículos,Jun - Ago,3922.6385377
2017,TOTAL NACIONAL,Comercio y reparación de vehículos,Jul - Sep,3913.8502403999996
2017,TOTAL NACIONAL,Comercio y reparación de vehículos,Ago - Oct,3967.8869898
2017,TOTAL NACIONAL,Comercio y reparación de vehículos,Sep - Nov,4022.8116756666664
2017,TOTAL NACIONAL,Comercio y reparación de vehículos,Oct - Dic,4020.2310064333337
2017,TOTAL NACIONAL,Comercio y reparación de vehículos,Nov - Ene,3934.822612133333
2017,TOTAL NACIONAL,Comercio y reparación de vehículos,Dic - Feb,3859.275295766667
2018,TOTAL NACIONAL,Comercio y reparación de vehículos,Ene - Mar,3819.6487155
2018,TOTAL NACIONAL,Comercio y reparación de vehículos,Feb - Abr,3911.724727166667
2018,TOTAL NACIONAL,Comercio y reparación de vehículos,Mar - May,3944.8967261
2018,TOTAL NACIONAL,Comercio y reparación de vehículos,Abr - Jun,4028.086622433333
2018,TOTAL NACIONAL,Comercio y reparación de vehículos,May - Jul,3997.0264446666665
2018,TOTAL NACIONAL,Comercio y reparación de vehículos,Jun - Ago,4049.2574568
2018,TOTAL NACIONAL,Comercio y reparación de vehículos,Jul - Sep,4092.7015408666666
2018,TOTAL NACIONAL,Comercio y reparación de vehículos,Ago - Oct,4127.777390366667
2018,TOTAL NACIONAL,Comercio y reparación de vehículos,Sep - Nov,4047.0779382666674
2018,TOTAL NACIONAL,Comercio y reparación de vehículos,Oct - Dic,3956.4316554
2018,TOTAL NACIONAL,Comercio y reparación de vehículos,Nov - Ene,3943.3193769333334
2018,TOTAL NACIONAL,Comercio y reparación de vehículos,Dic - Feb,4010.109962633333
2019,TOTAL NACIONAL,Comercio y reparación de vehículos,Ene - Mar,4004.8686162
2019,TOTAL NACIONAL,Comercio y reparación de vehículos,Feb - Abr,3934.8548493
2019,TOTAL NACIONAL,Comercio y reparación de vehículos,Mar - May,3962.1305055
2019,TOTAL NACIONAL,Comercio y reparación de vehículos,Abr - Jun,3991.1891880000003
2019,TOTAL NACIONAL,Comercio y reparación de vehículos,May - Jul,3994.6726292
2019,TOTAL NACIONAL,Comercio y reparación de vehículos,Jun - Ago,3976.366494966667
2019,TOTAL NACIONAL,Comercio y reparación de vehículos,Jul - Sep,3945.5704848999994
2019,TOTAL NACIONAL,Comercio y reparación de vehículos,Ago - Oct,3976.0400862333336
2019,TOTAL NACIONAL,Comercio y reparación de vehículos,Sep - Nov,3994.8390534333334
2019,TOTAL NACIONAL,Comercio y reparación de vehículos,Oct - Dic,4092.7761965333334
2019,TOTAL NACIONAL,Comercio y reparación de vehículos,Nov - Ene,4030.911395666666
2019,TOTAL NACIONAL,Comercio y reparación de vehículos,Dic - Feb,3943.923357766667
2020,TOTAL NACIONAL,Comercio y reparación de vehículos,Ene - Mar,3793.3234214333334
2020,TOTAL NACIONAL,Comercio y reparación de vehículos,Feb - Abr,3539.5362579333337
2020,TOTAL NACIONAL,Comercio y reparación de vehículos,Mar - May,3348.835148
2020,TOTAL NACIONAL,Comercio y reparación de vehículos,Abr - Jun,3244.1874248999998
2020,TOTAL NACIONAL,Comercio y reparación de vehículos,May - Jul,3288.7498856
2020,TOTAL NACIONAL,Comercio y reparación de vehículos,Jun - Ago,3406.4020256333333
2020,TOTAL NACIONAL,Comercio y reparación de vehículos,Jul - Sep,3487.4139520000003
2020,TOTAL NACIONAL,Comercio y reparación de vehículos,Ago - Oct,3698.4962636666664
2020,TOTAL NACIONAL,Comercio y reparación de vehículos,Sep - Nov,3777.7028818
2020,TOTAL NACIONAL,Comercio y reparación de vehículos,Oct - Dic,3906.4264871
2020,TOTAL NACIONAL,Comercio y reparación de vehículos,Nov - Ene,3825.9756930999997
2020,TOTAL NACIONAL,Comercio y reparación de vehículos,Dic - Feb,3806.5700587666665
2021,TOTAL NACIONAL,Comercio y reparación de vehículos,Ene - Mar,3685.232109133333
2021,TOTAL NACIONAL,Comercio y reparación de vehículos,Feb - Abr,3713.9994724000003
2021,TOTAL NACIONAL,Comercio y reparación de vehículos,Mar - May,3652.508581966666
2021,TOTAL NACIONAL,Comercio y reparación de vehículos,Abr - Jun,3683.6548958
2021,TOTAL NACIONAL,Comercio y reparación de vehículos,May - Jul,3690.8394100666665
2021,TOTAL NACIONAL,Comercio y reparación de vehículos,Jun - Ago,3729.794453066667
2021,TOTAL NACIONAL,Comercio y reparación de vehículos,Jul - Sep,3693.0906469666666
2021,TOTAL NACIONAL,Comercio y reparación de vehículos,Ago - Oct,3718.5848432999996
2021,TOTAL NACIONAL,Comercio y reparación de vehículos,Sep - Nov,3801.6426067666666
2021,TOTAL NACIONAL,Comercio y reparación de vehículos,Oct - Dic,3881.2545702
2021,TOTAL NACIONAL,Comercio y reparación de vehículos,Nov - Ene,3928.8847656
2021,TOTAL NACIONAL,Comercio y reparación de vehículos,Dic - Feb,3966.6750073000003
2022,TOTAL NACIONAL,Comercio y reparación de vehículos,Ene - Mar,3961.3757008666666
2022,TOTAL NACIONAL,Comercio y reparación de vehículos,Feb - Abr,3992.5867395
2022,TOTAL NACIONAL,Comercio y reparación de vehículos,Mar - May,3896.9414405
2022,TOTAL NACIONAL,Comercio y reparación de vehículos,Abr - Jun,3913.954391333333
2022,TOTAL NACIONAL,Comercio y reparación de vehículos,May - Jul,3871.9258410333337
2022,TOTAL NACIONAL,Comercio y reparación de vehículos,Jun - Ago,3970.6599669
2022,TOTAL NACIONAL,Comercio y reparación de vehículos,Jul - Sep,3990.6488281666666
2022,TOTAL NACIONAL,Comercio y reparación de vehículos,Ago - Oct,4068.6932790666665
2022,TOTAL NACIONAL,Comercio y reparación de vehículos,Sep - Nov,4087.391068366667
2022,TOTAL NACIONAL,Comercio y reparación de vehículos,Oct - Dic,4015.4355582000003
2022,TOTAL NACIONAL,Comercio y reparación de vehículos,Nov - Ene,3951.4266402666667
2022,TOTAL NACIONAL,Comercio y reparación de vehículos,Dic - Feb,3953.0350237666667
2023,TOTAL NACIONAL,Comercio y reparación de vehículos,Ene - Mar,4000.7652827999996
2023,TOTAL NACIONAL,Comercio y reparación de vehículos,Feb - Abr,4009.498000866666
2023,TOTAL NACIONAL,Comercio y reparación de vehículos,Mar - May,4009.0295886999997
2023,TOTAL NACIONAL,Comercio y reparación de vehículos,Abr - Jun,4042.5569885666664
2023,TOTAL NACIONAL,Comercio y reparación de vehículos,May - Jul,4078.3678044000003
2023,TOTAL NACIONAL,Comercio y reparación de vehículos,Jun - Ago,4012.072517166667
2023,TOTAL NACIONAL,Comercio y reparación de vehículos,Jul - Sep,4009.4281570666667
2023,TOTAL NACIONAL,Comercio y reparación de vehículos,Ago - Oct,3983.807835466667
2023,TOTAL NACIONAL,Comercio y reparación de vehículos,Sep - Nov,3998.463404433334
2023,TOTAL NACIONAL,Comercio y reparación de vehículos,Oct - Dic,4026.0547046666666
2023,TOTAL NACIONAL,Comercio y reparación de vehículos,Nov - Ene,4002.0947158
2023,TOTAL NACIONAL,Comercio y reparación de vehículos,Dic - Feb,3998.5308370999996
2024,TOTAL NACIONAL,Comercio y reparación de vehículos,Ene - Mar,3980.2210933333336
2024,TOTAL NACIONAL,Comercio y reparación de vehículos,Feb - Abr,4011.3643651666666
2024,TOTAL NACIONAL,Comercio y reparación de vehículos,Mar - May,4020.9831405333334
2024,TOTAL NACIONAL,Comercio y reparación de vehículos,Abr - Jun,4003.5496120000003
2024,TOTAL NACIONAL,Comercio y reparación de vehículos,May - Jul,3996.1099511333327
2024,TOTAL NACIONAL,Comercio y reparación de vehículos,Jun - Ago,4028.2531347333334
2024,TOTAL NACIONAL,Comercio y reparación de vehículos,Jul - Sep,4038.9310351
2024,TOTAL NACIONAL,Comercio y reparación de vehículos,Ago - Oct,4135.438897200001
2024,TOTAL NACIONAL,Comercio y reparación de vehículos,Sep - Nov,4131.422086433334
2024,TOTAL NACIONAL,Comercio y reparación de vehículos,Oct - Dic,4199.501847266667
2024,TOTAL NACIONAL,Comercio y reparación de vehículos,Nov - Ene,4160.036988566667
2024,TOTAL NACIONAL,Comercio y reparación de vehículos,Dic - Feb,4166.180616866667
2025,TOTAL NACIONAL,Comercio y reparación de vehículos,Ene - Mar,4138.379437233333
2025,TOTAL NACIONAL,Comercio y reparación de vehículos,Feb - Abr,4132.7911446
2025,TOTAL NACIONAL,Comercio y reparación de vehículos,Mar - May,4140.128000000001
2025,TOTAL NACIONAL,Comercio y reparación de vehículos,Abr - Jun,4124.412430733334
2025,TOTAL NACIONAL,Comercio y reparación de vehículos,May - Jul,4103.742195533333
2025,TOTAL NACIONAL,Comercio y reparación de vehículos,Jun - Ago,4039.4231915
2025,TOTAL NACIONAL,Comercio y reparación de vehículos,Jul - Sep,4008.3283271
2025,TOTAL NACIONAL,Comercio y reparación de vehículos,Ago - Oct,4000.3066591
2025,TOTAL NACIONAL,Comercio y reparación de vehículos,Sep - Nov,4071.9718138000003
2025,TOTAL NACIONAL,Comercio y reparación de vehículos,Oct - Dic,4146.4922391
2025,TOTAL NACIONAL,Comercio y reparación de vehículos,Nov - Ene,4131.045189066666
2025,TOTAL NACIONAL,Comercio y reparación de vehículos,Dic - Feb,4117.8808401
2026,TOTAL NACIONAL,Comercio y reparación de vehículos,Ene - Mar,4125.3691723
2026,TOTAL NACIONAL,Comercio y reparación de vehículos,Feb - Abr,4141.259957633333
2026,TOTAL NACIONAL,Comercio y reparación de vehículos,Mar - May,4171.762219166667
2026,TOTAL NACIONAL,Comercio y reparación de vehículos,Abr - Jun,4113.332207133333
2015,TOTAL NACIONAL,Alojamiento y servicios de comida,Ene - Mar,1497.7482008666666
2015,TOTAL NACIONAL,Alojamiento y servicios de comida,Feb - Abr,1470.0705113333333
2015,TOTAL NACIONAL,Alojamiento y servicios de comida,Mar - May,1449.2403437
2015,TOTAL NACIONAL,Alojamiento y servicios de comida,Abr - Jun,1463.0760771000002
2015,TOTAL NACIONAL,Alojamiento y servicios de comida,May - Jul,1525.2391354333333
2015,TOTAL NACIONAL,Alojamiento y servicios de comida,Jun - Ago,1532.1120784333334
2015,TOTAL NACIONAL,Alojamiento y servicios de comida,Jul - Sep,1521.2392403333333
2015,TOTAL NACIONAL,Alojamiento y servicios de comida,Ago - Oct,1525.6947389333334
2015,TOTAL NACIONAL,Alojamiento y servicios de comida,Sep - Nov,1511.8070541666666
2015,TOTAL NACIONAL,Alojamiento y servicios de comida,Oct - Dic,1471.6513218
2015,TOTAL NACIONAL,Alojamiento y servicios de comida,Nov - Ene,1438.2997625666667
2015,TOTAL NACIONAL,Alojamiento y servicios de comida,Dic - Feb,1469.0050441333333
2016,TOTAL NACIONAL,Alojamiento y servicios de comida,Ene - Mar,1506.5950985333332
2016,TOTAL NACIONAL,Alojamiento y servicios de comida,Feb - Abr,1548.9189551666666
2016,TOTAL NACIONAL,Alojamiento y servicios de comida,Mar - May,1557.5561527999998
2016,TOTAL NACIONAL,Alojamiento y servicios de comida,Abr - Jun,1537.7343561999999
2016,TOTAL NACIONAL,Alojamiento y servicios de comida,May - Jul,1527.1741311666665
2016,TOTAL NACIONAL,Alojamiento y servicios de comida,Jun - Ago,1484.6694401666666
2016,TOTAL NACIONAL,Alojamiento y servicios de comida,Jul - Sep,1486.0486546333332
2016,TOTAL NACIONAL,Alojamiento y servicios de comida,Ago - Oct,1474.2587925999999
2016,TOTAL NACIONAL,Alojamiento y servicios de comida,Sep - Nov,1547.0388085000002
2016,TOTAL NACIONAL,Alojamiento y servicios de comida,Oct - Dic,1556.5137912
2016,TOTAL NACIONAL,Alojamiento y servicios de comida,Nov - Ene,1521.4666444666666
2016,TOTAL NACIONAL,Alojamiento y servicios de comida,Dic - Feb,1469.7784759666667
2017,TOTAL NACIONAL,Alojamiento y servicios de comida,Ene - Mar,1430.1271489666667
2017,TOTAL NACIONAL,Alojamiento y servicios de comida,Feb - Abr,1463.4000016333332
2017,TOTAL NACIONAL,Alojamiento y servicios de comida,Mar - May,1464.5526142666668
2017,TOTAL NACIONAL,Alojamiento y servicios de comida,Abr - Jun,1467.0253195333335
2017,TOTAL NACIONAL,Alojamiento y servicios de comida,May - Jul,1448.3438061
2017,TOTAL NACIONAL,Alojamiento y servicios de comida,Jun - Ago,1446.9363454666666
2017,TOTAL NACIONAL,Alojamiento y servicios de comida,Jul - Sep,1477.7293131666665
2017,TOTAL NACIONAL,Alojamiento y servicios de comida,Ago - Oct,1523.6425516333336
2017,TOTAL NACIONAL,Alojamiento y servicios de comida,Sep - Nov,1536.5386321666665
2017,TOTAL NACIONAL,Alojamiento y servicios de comida,Oct - Dic,1558.7985164333331
2017,TOTAL NACIONAL,Alojamiento y servicios de comida,Nov - Ene,1588.8409678666667
2017,TOTAL NACIONAL,Alojamiento y servicios de comida,Dic - Feb,1593.3297338666669
2018,TOTAL NACIONAL,Alojamiento y servicios de comida,Ene - Mar,1579.6309960333335
2018,TOTAL NACIONAL,Alojamiento y servicios de comida,Feb - Abr,1497.4581395666667
2018,TOTAL NACIONAL,Alojamiento y servicios de comida,Mar - May,1479.0420800333334
2018,TOTAL NACIONAL,Alojamiento y servicios de comida,Abr - Jun,1439.8347596
2018,TOTAL NACIONAL,Alojamiento y servicios de comida,May - Jul,1428.3039386333332
2018,TOTAL NACIONAL,Alojamiento y servicios de comida,Jun - Ago,1380.0530520333334
2018,TOTAL NACIONAL,Alojamiento y servicios de comida,Jul - Sep,1404.2394195666668
2018,TOTAL NACIONAL,Alojamiento y servicios de comida,Ago - Oct,1413.5290167666665
2018,TOTAL NACIONAL,Alojamiento y servicios de comida,Sep - Nov,1433.9040971333334
2018,TOTAL NACIONAL,Alojamiento y servicios de comida,Oct - Dic,1425.4684972333332
2018,TOTAL NACIONAL,Alojamiento y servicios de comida,Nov - Ene,1436.7163834333332
2018,TOTAL NACIONAL,Alojamiento y servicios de comida,Dic - Feb,1490.1430394
2019,TOTAL NACIONAL,Alojamiento y servicios de comida,Ene - Mar,1514.6236155666666
2019,TOTAL NACIONAL,Alojamiento y servicios de comida,Feb - Abr,1486.7926981
2019,TOTAL NACIONAL,Alojamiento y servicios de comida,Mar - May,1459.9956611333334
2019,TOTAL NACIONAL,Alojamiento y servicios de comida,Abr - Jun,1415.606966
2019,TOTAL NACIONAL,Alojamiento y servicios de comida,May - Jul,1460.7019524666666
2019,TOTAL NACIONAL,Alojamiento y servicios de comida,Jun - Ago,1457.4954676333334
2019,TOTAL NACIONAL,Alojamiento y servicios de comida,Jul - Sep,1515.8890335666665
2019,TOTAL NACIONAL,Alojamiento y servicios de comida,Ago - Oct,1537.2015049333334
2019,TOTAL NACIONAL,Alojamiento y servicios de comida,Sep - Nov,1661.9761691333333
2019,TOTAL NACIONAL,Alojamiento y servicios de comida,Oct - Dic,1676.9189872
2019,TOTAL NACIONAL,Alojamiento y servicios de comida,Nov - Ene,1712.8022067666668
2019,TOTAL NACIONAL,Alojamiento y servicios de comida,Dic - Feb,1670.4137803
2020,TOTAL NACIONAL,Alojamiento y servicios de comida,Ene - Mar,1650.6592246333332
2020,TOTAL NACIONAL,Alojamiento y servicios de comida,Feb - Abr,1415.71749
2020,TOTAL NACIONAL,Alojamiento y servicios de comida,Mar - May,1218.9270338333333
2020,TOTAL NACIONAL,Alojamiento y servicios de comida,Abr - Jun,1080.3784555333334
2020,TOTAL NACIONAL,Alojamiento y servicios de comida,May - Jul,1084.2383713333331
2020,TOTAL NACIONAL,Alojamiento y servicios de comida,Jun - Ago,1095.5864004000002
2020,TOTAL NACIONAL,Alojamiento y servicios de comida,Jul - Sep,1141.2330207666666
2020,TOTAL NACIONAL,Alojamiento y servicios de comida,Ago - Oct,1267.4284955333333
2020,TOTAL NACIONAL,Alojamiento y servicios de comida,Sep - Nov,1361.7402230666667
2020,TOTAL NACIONAL,Alojamiento y servicios de comida,Oct - Dic,1381.6757657666667
2020,TOTAL NACIONAL,Alojamiento y servicios de comida,Nov - Ene,1299.8035966
2020,TOTAL NACIONAL,Alojamiento y servicios de comida,Dic - Feb,1271.7386291666664
2021,TOTAL NACIONAL,Alojamiento y servicios de comida,Ene - Mar,1249.0292762666668
2021,TOTAL NACIONAL,Alojamiento y servicios de comida,Feb - Abr,1278.7390746333333
2021,TOTAL NACIONAL,Alojamiento y servicios de comida,Mar - May,1243.7273423333334
2021,TOTAL NACIONAL,Alojamiento y servicios de comida,Abr - Jun,1256.0928163666665
2021,TOTAL NACIONAL,Alojamiento y servicios de comida,May - Jul,1302.9597948
2021,TOTAL NACIONAL,Alojamiento y servicios de comida,Jun - Ago,1358.8338136333334
2021,TOTAL NACIONAL,Alojamiento y servicios de comida,Jul - Sep,1364.6392574
2021,TOTAL NACIONAL,Alojamiento y servicios de comida,Ago - Oct,1374.4994666333334
2021,TOTAL NACIONAL,Alojamiento y servicios de comida,Sep - Nov,1349.9489300333332
2021,TOTAL NACIONAL,Alojamiento y servicios de comida,Oct - Dic,1393.2301914
2021,TOTAL NACIONAL,Alojamiento y servicios de comida,Nov - Ene,1339.1305376666667
2021,TOTAL NACIONAL,Alojamiento y servicios de comida,Dic - Feb,1392.3946202
2022,TOTAL NACIONAL,Alojamiento y servicios de comida,Ene - Mar,1400.3342890333333
2022,TOTAL NACIONAL,Alojamiento y servicios de comida,Feb - Abr,1490.3739963
2022,TOTAL NACIONAL,Alojamiento y servicios de comida,Mar - May,1465.3105214666666
2022,TOTAL NACIONAL,Alojamiento y servicios de comida,Abr - Jun,1478.3756105333334
2022,TOTAL NACIONAL,Alojamiento y servicios de comida,May - Jul,1461.5921869333333
2022,TOTAL NACIONAL,Alojamiento y servicios de comida,Jun - Ago,1500.1697008333333
2022,TOTAL NACIONAL,Alojamiento y servicios de comida,Jul - Sep,1546.9959982999999
2022,TOTAL NACIONAL,Alojamiento y servicios de comida,Ago - Oct,1557.3622805666666
2022,TOTAL NACIONAL,Alojamiento y servicios de comida,Sep - Nov,1537.8001821
2022,TOTAL NACIONAL,Alojamiento y servicios de comida,Oct - Dic,1504.9463644
2022,TOTAL NACIONAL,Alojamiento y servicios de comida,Nov - Ene,1533.3833293
2022,TOTAL NACIONAL,Alojamiento y servicios de comida,Dic - Feb,1586.4235680333331
2023,TOTAL NACIONAL,Alojamiento y servicios de comida,Ene - Mar,1625.6693624666666
2023,TOTAL NACIONAL,Alojamiento y servicios de comida,Feb - Abr,1669.0288196000001
2023,TOTAL NACIONAL,Alojamiento y servicios de comida,Mar - May,1642.3914590000002
2023,TOTAL NACIONAL,Alojamiento y servicios de comida,Abr - Jun,1619.8366727333334
2023,TOTAL NACIONAL,Alojamiento y servicios de comida,May - Jul,1592.1200426333335
2023,TOTAL NACIONAL,Alojamiento y servicios de comida,Jun - Ago,1640.9427046
2023,TOTAL NACIONAL,Alojamiento y servicios de comida,Jul - Sep,1647.6078003666664
2023,TOTAL NACIONAL,Alojamiento y servicios de comida,Ago - Oct,1692.7351127000002
2023,TOTAL NACIONAL,Alojamiento y servicios de comida,Sep - Nov,1654.3134331
2023,TOTAL NACIONAL,Alojamiento y servicios de comida,Oct - Dic,1662.8003714
2023,TOTAL NACIONAL,Alojamiento y servicios de comida,Nov - Ene,1587.3788694666666
2023,TOTAL NACIONAL,Alojamiento y servicios de comida,Dic - Feb,1589.7535934333334
2024,TOTAL NACIONAL,Alojamiento y servicios de comida,Ene - Mar,1564.1865780333335
2024,TOTAL NACIONAL,Alojamiento y servicios de comida,Feb - Abr,1642.8442945666666
2024,TOTAL NACIONAL,Alojamiento y servicios de comida,Mar - May,1676.5651302333335
2024,TOTAL NACIONAL,Alojamiento y servicios de comida,Abr - Jun,1715.3971374333335
2024,TOTAL NACIONAL,Alojamiento y servicios de comida,May - Jul,1664.2812392666667
2024,TOTAL NACIONAL,Alojamiento y servicios de comida,Jun - Ago,1705.3803193333333
2024,TOTAL NACIONAL,Alojamiento y servicios de comida,Jul - Sep,1729.2923098
2024,TOTAL NACIONAL,Alojamiento y servicios de comida,Ago - Oct,1746.2275468999999
2024,TOTAL NACIONAL,Alojamiento y servicios de comida,Sep - Nov,1706.395837133333
2024,TOTAL NACIONAL,Alojamiento y servicios de comida,Oct - Dic,1756.4776822333333
2024,TOTAL NACIONAL,Alojamiento y servicios de comida,Nov - Ene,1781.0396446333332
2024,TOTAL NACIONAL,Alojamiento y servicios de comida,Dic - Feb,1805.3894584999998
2025,TOTAL NACIONAL,Alojamiento y servicios de comida,Ene - Mar,1743.4904285333334
2025,TOTAL NACIONAL,Alojamiento y servicios de comida,Feb - Abr,1780.1568919666668
2025,TOTAL NACIONAL,Alojamiento y servicios de comida,Mar - May,1783.1728183333332
2025,TOTAL NACIONAL,Alojamiento y servicios de comida,Abr - Jun,1798.3949782333332
2025,TOTAL NACIONAL,Alojamiento y servicios de comida,May - Jul,1782.3680226666665
2025,TOTAL NACIONAL,Alojamiento y servicios de comida,Jun - Ago,1815.6590188666667
2025,TOTAL NACIONAL,Alojamiento y servicios de comida,Jul - Sep,1868.241964
2025,TOTAL NACIONAL,Alojamiento y servicios de comida,Ago - Oct,1916.1287275333334
2025,TOTAL NACIONAL,Alojamiento y servicios de comida,Sep - Nov,1937.7928789333334
2025,TOTAL NACIONAL,Alojamiento y servicios de comida,Oct - Dic,1927.5404710333332
2025,TOTAL NACIONAL,Alojamiento y servicios de comida,Nov - Ene,1822.7979785333334
2025,TOTAL NACIONAL,Alojamiento y servicios de comida,Dic - Feb,1766.5865488666668
2026,TOTAL NACIONAL,Alojamiento y servicios de comida,Ene - Mar,1719.052384866667
2026,TOTAL NACIONAL,Alojamiento y servicios de comida,Feb - Abr,1802.0501238333334
2026,TOTAL NACIONAL,Alojamiento y servicios de comida,Mar - May,1841.4870709
2026,TOTAL NACIONAL,Alojamiento y servicios de comida,Abr - Jun,1943.0080316666665
2015,TOTAL NACIONAL,Transporte y almacenamiento,Ene - Mar,1444.3297804666665
2015,TOTAL NACIONAL,Transporte y almacenamiento,Feb - Abr,1469.4006314333335
2015,TOTAL NACIONAL,Transporte y almacenamiento,Mar - May,1520.0640152333335
2015,TOTAL NACIONAL,Transporte y almacenamiento,Abr - Jun,1496.8857906666665
2015,TOTAL NACIONAL,Transporte y almacenamiento,May - Jul,1452.8779932666666
2015,TOTAL NACIONAL,Transporte y almacenamiento,Jun - Ago,1441.6060650999998
2015,TOTAL NACIONAL,Transporte y almacenamiento,Jul - Sep,1446.6803131999998
2015,TOTAL NACIONAL,Transporte y almacenamiento,Ago - Oct,1437.6138703
2015,TOTAL NACIONAL,Transporte y almacenamiento,Sep - Nov,1379.3936383666667
2015,TOTAL NACIONAL,Transporte y almacenamiento,Oct - Dic,1386.9768530333333
2015,TOTAL NACIONAL,Transporte y almacenamiento,Nov - Ene,1434.8208304
2015,TOTAL NACIONAL,Transporte y almacenamiento,Dic - Feb,1489.2525654
2016,TOTAL NACIONAL,Transporte y almacenamiento,Ene - Mar,1501.5619085333335
2016,TOTAL NACIONAL,Transporte y almacenamiento,Feb - Abr,1477.9389878000002
2016,TOTAL NACIONAL,Transporte y almacenamiento,Mar - May,1476.3697537333335
2016,TOTAL NACIONAL,Transporte y almacenamiento,Abr - Jun,1439.411597
2016,TOTAL NACIONAL,Transporte y almacenamiento,May - Jul,1434.1175150333336
2016,TOTAL NACIONAL,Transporte y almacenamiento,Jun - Ago,1404.1514027666665
2016,TOTAL NACIONAL,Transporte y almacenamiento,Jul - Sep,1447.7023165333333
2016,TOTAL NACIONAL,Transporte y almacenamiento,Ago - Oct,1449.0413288333332
2016,TOTAL NACIONAL,Transporte y almacenamiento,Sep - Nov,1444.4989725000003
2016,TOTAL NACIONAL,Transporte y almacenamiento,Oct - Dic,1448.0038608666666
2016,TOTAL NACIONAL,Transporte y almacenamiento,Nov - Ene,1472.990930466667
2016,TOTAL NACIONAL,Transporte y almacenamiento,Dic - Feb,1496.8452843666666
2017,TOTAL NACIONAL,Transporte y almacenamiento,Ene - Mar,1489.5911370000001
2017,TOTAL NACIONAL,Transporte y almacenamiento,Feb - Abr,1463.6771890666666
2017,TOTAL NACIONAL,Transporte y almacenamiento,Mar - May,1471.4964448666667
2017,TOTAL NACIONAL,Transporte y almacenamiento,Abr - Jun,1475.0914228333334
2017,TOTAL NACIONAL,Transporte y almacenamiento,May - Jul,1454.0923246999998
2017,TOTAL NACIONAL,Transporte y almacenamiento,Jun - Ago,1435.0799661
2017,TOTAL NACIONAL,Transporte y almacenamiento,Jul - Sep,1408.2498488666668
2017,TOTAL NACIONAL,Transporte y almacenamiento,Ago - Oct,1422.7804035
2017,TOTAL NACIONAL,Transporte y almacenamiento,Sep - Nov,1388.4159474666667
2017,TOTAL NACIONAL,Transporte y almacenamiento,Oct - Dic,1467.0607920333332
2017,TOTAL NACIONAL,Transporte y almacenamiento,Nov - Ene,1469.9980912666667
2017,TOTAL NACIONAL,Transporte y almacenamiento,Dic - Feb,1505.0025580666668
2018,TOTAL NACIONAL,Transporte y almacenamiento,Ene - Mar,1468.960460333333
2018,TOTAL NACIONAL,Transporte y almacenamiento,Feb - Abr,1493.1815213666666
2018,TOTAL NACIONAL,Transporte y almacenamiento,Mar - May,1510.8843115666666
2018,TOTAL NACIONAL,Transporte y almacenamiento,Abr - Jun,1450.5784291666666
2018,TOTAL NACIONAL,Transporte y almacenamiento,May - Jul,1431.8651114000002
2018,TOTAL NACIONAL,Transporte y almacenamiento,Jun - Ago,1425.8009768000002
2018,TOTAL NACIONAL,Transporte y almacenamiento,Jul - Sep,1442.991186233333
2018,TOTAL NACIONAL,Transporte y almacenamiento,Ago - Oct,1425.0457171666667
2018,TOTAL NACIONAL,Transporte y almacenamiento,Sep - Nov,1415.8224712666668
2018,TOTAL NACIONAL,Transporte y almacenamiento,Oct - Dic,1476.0652794666667
2018,TOTAL NACIONAL,Transporte y almacenamiento,Nov - Ene,1511.7337840333332
2018,TOTAL NACIONAL,Transporte y almacenamiento,Dic - Feb,1534.3282299666664
2019,TOTAL NACIONAL,Transporte y almacenamiento,Ene - Mar,1521.7983447
2019,TOTAL NACIONAL,Transporte y almacenamiento,Feb - Abr,1519.1090919333335
2019,TOTAL NACIONAL,Transporte y almacenamiento,Mar - May,1511.5935678333335
2019,TOTAL NACIONAL,Transporte y almacenamiento,Abr - Jun,1458.8272038333334
2019,TOTAL NACIONAL,Transporte y almacenamiento,May - Jul,1453.8455456666663
2019,TOTAL NACIONAL,Transporte y almacenamiento,Jun - Ago,1438.9205546
2019,TOTAL NACIONAL,Transporte y almacenamiento,Jul - Sep,1479.9933578333332
2019,TOTAL NACIONAL,Transporte y almacenamiento,Ago - Oct,1475.0478024333333
2019,TOTAL NACIONAL,Transporte y almacenamiento,Sep - Nov,1488.0944956
2019,TOTAL NACIONAL,Transporte y almacenamiento,Oct - Dic,1504.6725604333333
2019,TOTAL NACIONAL,Transporte y almacenamiento,Nov - Ene,1512.255887
2019,TOTAL NACIONAL,Transporte y almacenamiento,Dic - Feb,1546.2315959333334
2020,TOTAL NACIONAL,Transporte y almacenamiento,Ene - Mar,1524.4533019666667
2020,TOTAL NACIONAL,Transporte y almacenamiento,Feb - Abr,1425.0271652333333
2020,TOTAL NACIONAL,Transporte y almacenamiento,Mar - May,1330.0070476666667
2020,TOTAL NACIONAL,Transporte y almacenamiento,Abr - Jun,1196.4894566666665
2020,TOTAL NACIONAL,Transporte y almacenamiento,May - Jul,1206.8841662
2020,TOTAL NACIONAL,Transporte y almacenamiento,Jun - Ago,1160.8082533666666
2020,TOTAL NACIONAL,Transporte y almacenamiento,Jul - Sep,1263.2069720666666
2020,TOTAL NACIONAL,Transporte y almacenamiento,Ago - Oct,1330.2678498999999
2020,TOTAL NACIONAL,Transporte y almacenamiento,Sep - Nov,1424.5251732666668
2020,TOTAL NACIONAL,Transporte y almacenamiento,Oct - Dic,1430.5412648666668
2020,TOTAL NACIONAL,Transporte y almacenamiento,Nov - Ene,1382.4349301000002
2020,TOTAL NACIONAL,Transporte y almacenamiento,Dic - Feb,1348.1696165333333
2021,TOTAL NACIONAL,Transporte y almacenamiento,Ene - Mar,1336.6793752
2021,TOTAL NACIONAL,Transporte y almacenamiento,Feb - Abr,1355.1227927333332
2021,TOTAL NACIONAL,Transporte y almacenamiento,Mar - May,1355.6013781333334
2021,TOTAL NACIONAL,Transporte y almacenamiento,Abr - Jun,1377.1136027333334
2021,TOTAL NACIONAL,Transporte y almacenamiento,May - Jul,1418.6886774000002
2021,TOTAL NACIONAL,Transporte y almacenamiento,Jun - Ago,1462.2217586666666
2021,TOTAL NACIONAL,Transporte y almacenamiento,Jul - Sep,1506.2096051
2021,TOTAL NACIONAL,Transporte y almacenamiento,Ago - Oct,1533.1084266999999
2021,TOTAL NACIONAL,Transporte y almacenamiento,Sep - Nov,1562.7015605999998
2021,TOTAL NACIONAL,Transporte y almacenamiento,Oct - Dic,1547.6818282333334
2021,TOTAL NACIONAL,Transporte y almacenamiento,Nov - Ene,1524.5914734666667
2021,TOTAL NACIONAL,Transporte y almacenamiento,Dic - Feb,1499.0710144666666
2022,TOTAL NACIONAL,Transporte y almacenamiento,Ene - Mar,1536.6661127
2022,TOTAL NACIONAL,Transporte y almacenamiento,Feb - Abr,1592.2975216333332
2022,TOTAL NACIONAL,Transporte y almacenamiento,Mar - May,1649.2327636999999
2022,TOTAL NACIONAL,Transporte y almacenamiento,Abr - Jun,1632.8024427666667
2022,TOTAL NACIONAL,Transporte y almacenamiento,May - Jul,1655.7884236
2022,TOTAL NACIONAL,Transporte y almacenamiento,Jun - Ago,1612.4537460666668
2022,TOTAL NACIONAL,Transporte y almacenamiento,Jul - Sep,1635.3147319333336
2022,TOTAL NACIONAL,Transporte y almacenamiento,Ago - Oct,1623.5066284000002
2022,TOTAL NACIONAL,Transporte y almacenamiento,Sep - Nov,1595.2693916666667
2022,TOTAL NACIONAL,Transporte y almacenamiento,Oct - Dic,1575.7418400666666
2022,TOTAL NACIONAL,Transporte y almacenamiento,Nov - Ene,1572.5761808999998
2022,TOTAL NACIONAL,Transporte y almacenamiento,Dic - Feb,1652.0429763333334
2023,TOTAL NACIONAL,Transporte y almacenamiento,Ene - Mar,1637.9671518666667
2023,TOTAL NACIONAL,Transporte y almacenamiento,Feb - Abr,1630.8569983333334
2023,TOTAL NACIONAL,Transporte y almacenamiento,Mar - May,1649.0775884000002
2023,TOTAL NACIONAL,Transporte y almacenamiento,Abr - Jun,1708.3300726666666
2023,TOTAL NACIONAL,Transporte y almacenamiento,May - Jul,1771.0283858333335
2023,TOTAL NACIONAL,Transporte y almacenamiento,Jun - Ago,1728.0964256
2023,TOTAL NACIONAL,Transporte y almacenamiento,Jul - Sep,1779.8802145333336
2023,TOTAL NACIONAL,Transporte y almacenamiento,Ago - Oct,1734.3654512333335
2023,TOTAL NACIONAL,Transporte y almacenamiento,Sep - Nov,1778.4470757666666
2023,TOTAL NACIONAL,Transporte y almacenamiento,Oct - Dic,1699.5226780666665
2023,TOTAL NACIONAL,Transporte y almacenamiento,Nov - Ene,1692.1640213666667
2023,TOTAL NACIONAL,Transporte y almacenamiento,Dic - Feb,1709.9618004000001
2024,TOTAL NACIONAL,Transporte y almacenamiento,Ene - Mar,1701.052205533333
2024,TOTAL NACIONAL,Transporte y almacenamiento,Feb - Abr,1697.5888224333332
2024,TOTAL NACIONAL,Transporte y almacenamiento,Mar - May,1657.5327734333332
2024,TOTAL NACIONAL,Transporte y almacenamiento,Abr - Jun,1685.385473
2024,TOTAL NACIONAL,Transporte y almacenamiento,May - Jul,1704.1895543333333
2024,TOTAL NACIONAL,Transporte y almacenamiento,Jun - Ago,1700.9898951666667
2024,TOTAL NACIONAL,Transporte y almacenamiento,Jul - Sep,1722.9848232000002
2024,TOTAL NACIONAL,Transporte y almacenamiento,Ago - Oct,1709.8337766333334
2024,TOTAL NACIONAL,Transporte y almacenamiento,Sep - Nov,1747.4728573666664
2024,TOTAL NACIONAL,Transporte y almacenamiento,Oct - Dic,1723.4413902666665
2024,TOTAL NACIONAL,Transporte y almacenamiento,Nov - Ene,1738.5851995
2024,TOTAL NACIONAL,Transporte y almacenamiento,Dic - Feb,1779.2675747
2025,TOTAL NACIONAL,Transporte y almacenamiento,Ene - Mar,1797.2851209666667
2025,TOTAL NACIONAL,Transporte y almacenamiento,Feb - Abr,1811.8548150666666
2025,TOTAL NACIONAL,Transporte y almacenamiento,Mar - May,1798.5456444000001
2025,TOTAL NACIONAL,Transporte y almacenamiento,Abr - Jun,1782.6893261333335
2025,TOTAL NACIONAL,Transporte y almacenamiento,May - Jul,1823.3508058666666
2025,TOTAL NACIONAL,Transporte y almacenamiento,Jun - Ago,1815.6882335999999
2025,TOTAL NACIONAL,Transporte y almacenamiento,Jul - Sep,1859.6238260333332
2025,TOTAL NACIONAL,Transporte y almacenamiento,Ago - Oct,1866.2952294666666
2025,TOTAL NACIONAL,Transporte y almacenamiento,Sep - Nov,1879.3921727666668
2025,TOTAL NACIONAL,Transporte y almacenamiento,Oct - Dic,1839.3764307666668
2025,TOTAL NACIONAL,Transporte y almacenamiento,Nov - Ene,1805.6502309666666
2025,TOTAL NACIONAL,Transporte y almacenamiento,Dic - Feb,1784.7005261666666
2026,TOTAL NACIONAL,Transporte y almacenamiento,Ene - Mar,1796.531309
2026,TOTAL NACIONAL,Transporte y almacenamiento,Feb - Abr,1803.4648658333335
2026,TOTAL NACIONAL,Transporte y almacenamiento,Mar - May,1804.3167019
2026,TOTAL NACIONAL,Transporte y almacenamiento,Abr - Jun,1836.8673263
2015,TOTAL NACIONAL,Información y comunicaciones,Ene - Mar,350.0561556233333
2015,TOTAL NACIONAL,Información y comunicaciones,Feb - Abr,360.79432727
2015,TOTAL NACIONAL,Información y comunicaciones,Mar - May,369.08849132666666
2015,TOTAL NACIONAL,Información y comunicaciones,Abr - Jun,389.8194583066667
2015,TOTAL NACIONAL,Información y comunicaciones,May - Jul,375.9846287566667
2015,TOTAL NACIONAL,Información y comunicaciones,Jun - Ago,378.8002747933333
2015,TOTAL NACIONAL,Información y comunicaciones,Jul - Sep,354.49759925666666
2015,TOTAL NACIONAL,Información y comunicaciones,Ago - Oct,358.8780028133333
2015,TOTAL NACIONAL,Información y comunicaciones,Sep - Nov,378.1411798166667
2015,TOTAL NACIONAL,Información y comunicaciones,Oct - Dic,416.1021759633333
2015,TOTAL NACIONAL,Información y comunicaciones,Nov - Ene,394.69529436
2015,TOTAL NACIONAL,Información y comunicaciones,Dic - Feb,363.6567081733333
2016,TOTAL NACIONAL,Información y comunicaciones,Ene - Mar,326.81036719
2016,TOTAL NACIONAL,Información y comunicaciones,Feb - Abr,328.77884345
2016,TOTAL NACIONAL,Información y comunicaciones,Mar - May,330.36570711999997
2016,TOTAL NACIONAL,Información y comunicaciones,Abr - Jun,328.13620861333334
2016,TOTAL NACIONAL,Información y comunicaciones,May - Jul,323.18689120666664
2016,TOTAL NACIONAL,Información y comunicaciones,Jun - Ago,322.6495458466666
2016,TOTAL NACIONAL,Información y comunicaciones,Jul - Sep,331.87884718000004
2016,TOTAL NACIONAL,Información y comunicaciones,Ago - Oct,335.66427368666666
2016,TOTAL NACIONAL,Información y comunicaciones,Sep - Nov,328.41949727666673
2016,TOTAL NACIONAL,Información y comunicaciones,Oct - Dic,326.95068117
2016,TOTAL NACIONAL,Información y comunicaciones,Nov - Ene,316.36885308
2016,TOTAL NACIONAL,Información y comunicaciones,Dic - Feb,330.7894981033333
2017,TOTAL NACIONAL,Información y comunicaciones,Ene - Mar,334.9275239866667
2017,TOTAL NACIONAL,Información y comunicaciones,Feb - Abr,353.22833240333335
2017,TOTAL NACIONAL,Información y comunicaciones,Mar - May,350.58066342
2017,TOTAL NACIONAL,Información y comunicaciones,Abr - Jun,347.60143859
2017,TOTAL NACIONAL,Información y comunicaciones,May - Jul,349.5469981833333
2017,TOTAL NACIONAL,Información y comunicaciones,Jun - Ago,342.15813587
2017,TOTAL NACIONAL,Información y comunicaciones,Jul - Sep,343.2582127133333
2017,TOTAL NACIONAL,Información y comunicaciones,Ago - Oct,337.3592172933333
2017,TOTAL NACIONAL,Información y comunicaciones,Sep - Nov,329.12525782
2017,TOTAL NACIONAL,Información y comunicaciones,Oct - Dic,311.8995396266667
2017,TOTAL NACIONAL,Información y comunicaciones,Nov - Ene,300.47439861333334
2017,TOTAL NACIONAL,Información y comunicaciones,Dic - Feb,315.8656057933334
2018,TOTAL NACIONAL,Información y comunicaciones,Ene - Mar,319.0850338
2018,TOTAL NACIONAL,Información y comunicaciones,Feb - Abr,324.2763800266667
2018,TOTAL NACIONAL,Información y comunicaciones,Mar - May,314.61082597
2018,TOTAL NACIONAL,Información y comunicaciones,Abr - Jun,319.6534636866666
2018,TOTAL NACIONAL,Información y comunicaciones,May - Jul,322.7396602433333
2018,TOTAL NACIONAL,Información y comunicaciones,Jun - Ago,317.00715943
2018,TOTAL NACIONAL,Información y comunicaciones,Jul - Sep,335.26337407666665
2018,TOTAL NACIONAL,Información y comunicaciones,Ago - Oct,338.1197725
2018,TOTAL NACIONAL,Información y comunicaciones,Sep - Nov,333.8500652833333
2018,TOTAL NACIONAL,Información y comunicaciones,Oct - Dic,329.9137971333333
2018,TOTAL NACIONAL,Información y comunicaciones,Nov - Ene,307.82867959333333
2018,TOTAL NACIONAL,Información y comunicaciones,Dic - Feb,317.86575354999997
2019,TOTAL NACIONAL,Información y comunicaciones,Ene - Mar,299.9388434566667
2019,TOTAL NACIONAL,Información y comunicaciones,Feb - Abr,342.97067
2019,TOTAL NACIONAL,Información y comunicaciones,Mar - May,347.5109179333333
2019,TOTAL NACIONAL,Información y comunicaciones,Abr - Jun,358.6641257466667
2019,TOTAL NACIONAL,Información y comunicaciones,May - Jul,313.5044509
2019,TOTAL NACIONAL,Información y comunicaciones,Jun - Ago,309.23245755
2019,TOTAL NACIONAL,Información y comunicaciones,Jul - Sep,310.96250877999995
2019,TOTAL NACIONAL,Información y comunicaciones,Ago - Oct,318.61801381000004
2019,TOTAL NACIONAL,Información y comunicaciones,Sep - Nov,297.43263264666666
2019,TOTAL NACIONAL,Información y comunicaciones,Oct - Dic,276.66538126
2019,TOTAL NACIONAL,Información y comunicaciones,Nov - Ene,289.99190494333334
2019,TOTAL NACIONAL,Información y comunicaciones,Dic - Feb,302.4066182766667
2020,TOTAL NACIONAL,Información y comunicaciones,Ene - Mar,306.39644182
2020,TOTAL NACIONAL,Información y comunicaciones,Feb - Abr,293.19873957
2020,TOTAL NACIONAL,Información y comunicaciones,Mar - May,277.41565457999997
2020,TOTAL NACIONAL,Información y comunicaciones,Abr - Jun,277.6335448966667
2020,TOTAL NACIONAL,Información y comunicaciones,May - Jul,270.2542727566667
2020,TOTAL NACIONAL,Información y comunicaciones,Jun - Ago,270.32701625
2020,TOTAL NACIONAL,Información y comunicaciones,Jul - Sep,271.08548791333334
2020,TOTAL NACIONAL,Información y comunicaciones,Ago - Oct,281.08477837666663
2020,TOTAL NACIONAL,Información y comunicaciones,Sep - Nov,302.3408120766667
2020,TOTAL NACIONAL,Información y comunicaciones,Oct - Dic,306.97433957999993
2020,TOTAL NACIONAL,Información y comunicaciones,Nov - Ene,338.87038533666663
2020,TOTAL NACIONAL,Información y comunicaciones,Dic - Feb,354.3117129933333
2021,TOTAL NACIONAL,Información y comunicaciones,Ene - Mar,370.1992959666666
2021,TOTAL NACIONAL,Información y comunicaciones,Feb - Abr,354.97107606000003
2021,TOTAL NACIONAL,Información y comunicaciones,Mar - May,338.5563473933333
2021,TOTAL NACIONAL,Información y comunicaciones,Abr - Jun,341.58836954333333
2021,TOTAL NACIONAL,Información y comunicaciones,May - Jul,344.2083193833334
2021,TOTAL NACIONAL,Información y comunicaciones,Jun - Ago,352.18115589333337
2021,TOTAL NACIONAL,Información y comunicaciones,Jul - Sep,350.01815781000005
2021,TOTAL NACIONAL,Información y comunicaciones,Ago - Oct,363.62250979000004
2021,TOTAL NACIONAL,Información y comunicaciones,Sep - Nov,389.5384993999999
2021,TOTAL NACIONAL,Información y comunicaciones,Oct - Dic,396.0158289766666
2021,TOTAL NACIONAL,Información y comunicaciones,Nov - Ene,394.79098085000004
2021,TOTAL NACIONAL,Información y comunicaciones,Dic - Feb,388.35620924666665
2022,TOTAL NACIONAL,Información y comunicaciones,Ene - Mar,376.63566063666667
2022,TOTAL NACIONAL,Información y comunicaciones,Feb - Abr,387.45520772000003
2022,TOTAL NACIONAL,Información y comunicaciones,Mar - May,367.0305808166666
2022,TOTAL NACIONAL,Información y comunicaciones,Abr - Jun,410.14930685666667
2022,TOTAL NACIONAL,Información y comunicaciones,May - Jul,384.03374134999996
2022,TOTAL NACIONAL,Información y comunicaciones,Jun - Ago,395.20220922
2022,TOTAL NACIONAL,Información y comunicaciones,Jul - Sep,359.0140479833333
2022,TOTAL NACIONAL,Información y comunicaciones,Ago - Oct,363.67070147
2022,TOTAL NACIONAL,Información y comunicaciones,Sep - Nov,374.0654273933333
2022,TOTAL NACIONAL,Información y comunicaciones,Oct - Dic,385.4694481966667
2022,TOTAL NACIONAL,Información y comunicaciones,Nov - Ene,411.02180185333333
2022,TOTAL NACIONAL,Información y comunicaciones,Dic - Feb,395.3834519
2023,TOTAL NACIONAL,Información y comunicaciones,Ene - Mar,390.65942354333333
2023,TOTAL NACIONAL,Información y comunicaciones,Feb - Abr,389.32419967333334
2023,TOTAL NACIONAL,Información y comunicaciones,Mar - May,408.8590493366667
2023,TOTAL NACIONAL,Información y comunicaciones,Abr - Jun,402.54223002333333
2023,TOTAL NACIONAL,Información y comunicaciones,May - Jul,384.99487303333336
2023,TOTAL NACIONAL,Información y comunicaciones,Jun - Ago,387.59190541333334
2023,TOTAL NACIONAL,Información y comunicaciones,Jul - Sep,424.95036151666665
2023,TOTAL NACIONAL,Información y comunicaciones,Ago - Oct,431.3148221466667
2023,TOTAL NACIONAL,Información y comunicaciones,Sep - Nov,442.0834054233333
2023,TOTAL NACIONAL,Información y comunicaciones,Oct - Dic,393.60210810999996
2023,TOTAL NACIONAL,Información y comunicaciones,Nov - Ene,383.22816384333333
2023,TOTAL NACIONAL,Información y comunicaciones,Dic - Feb,361.20188992666664
2024,TOTAL NACIONAL,Información y comunicaciones,Ene - Mar,360.4002263433334
2024,TOTAL NACIONAL,Información y comunicaciones,Feb - Abr,377.26696896999994
2024,TOTAL NACIONAL,Información y comunicaciones,Mar - May,377.71383803333333
2024,TOTAL NACIONAL,Información y comunicaciones,Abr - Jun,431.07344078
2024,TOTAL NACIONAL,Información y comunicaciones,May - Jul,439.11255862666667
2024,TOTAL NACIONAL,Información y comunicaciones,Jun - Ago,448.95485370333336
2024,TOTAL NACIONAL,Información y comunicaciones,Jul - Sep,411.9383522
2024,TOTAL NACIONAL,Información y comunicaciones,Ago - Oct,382.79807912666666
2024,TOTAL NACIONAL,Información y comunicaciones,Sep - Nov,408.55706646999994
2024,TOTAL NACIONAL,Información y comunicaciones,Oct - Dic,420.58371589333336
2024,TOTAL NACIONAL,Información y comunicaciones,Nov - Ene,427.10146159333334
2024,TOTAL NACIONAL,Información y comunicaciones,Dic - Feb,378.65558315666664
2025,TOTAL NACIONAL,Información y comunicaciones,Ene - Mar,375.63543493
2025,TOTAL NACIONAL,Información y comunicaciones,Feb - Abr,410.92656796
2025,TOTAL NACIONAL,Información y comunicaciones,Mar - May,437.50178683666667
2025,TOTAL NACIONAL,Información y comunicaciones,Abr - Jun,424.0983457566667
2025,TOTAL NACIONAL,Información y comunicaciones,May - Jul,384.8226929233333
2025,TOTAL NACIONAL,Información y comunicaciones,Jun - Ago,377.24210887333334
2025,TOTAL NACIONAL,Información y comunicaciones,Jul - Sep,397.18470009999993
2025,TOTAL NACIONAL,Información y comunicaciones,Ago - Oct,409.45703359
2025,TOTAL NACIONAL,Información y comunicaciones,Sep - Nov,439.6620464333334
2025,TOTAL NACIONAL,Información y comunicaciones,Oct - Dic,427.87609833333335
2025,TOTAL NACIONAL,Información y comunicaciones,Nov - Ene,450.59628932000004
2025,TOTAL NACIONAL,Información y comunicaciones,Dic - Feb,433.4082889233334
2026,TOTAL NACIONAL,Información y comunicaciones,Ene - Mar,437.16383720666664
2026,TOTAL NACIONAL,Información y comunicaciones,Feb - Abr,430.7955307766667
2026,TOTAL NACIONAL,Información y comunicaciones,Mar - May,412.22029578666667
2026,TOTAL NACIONAL,Información y comunicaciones,Abr - Jun,406.88046938
2015,TOTAL NACIONAL,Actividades financieras y de seguros,Ene - Mar,282.42485199666663
2015,TOTAL NACIONAL,Actividades financieras y de seguros,Feb - Abr,269.9656619833333
2015,TOTAL NACIONAL,Actividades financieras y de seguros,Mar - May,265.2326794333333
2015,TOTAL NACIONAL,Actividades financieras y de seguros,Abr - Jun,288.03307566666666
2015,TOTAL NACIONAL,Actividades financieras y de seguros,May - Jul,301.68042157
2015,TOTAL NACIONAL,Actividades financieras y de seguros,Jun - Ago,310.62622559333334
2015,TOTAL NACIONAL,Actividades financieras y de seguros,Jul - Sep,313.54626717
2015,TOTAL NACIONAL,Actividades financieras y de seguros,Ago - Oct,311.60202541333337
2015,TOTAL NACIONAL,Actividades financieras y de seguros,Sep - Nov,297.88748720999996
2015,TOTAL NACIONAL,Actividades financieras y de seguros,Oct - Dic,291.59364116666666
2015,TOTAL NACIONAL,Actividades financieras y de seguros,Nov - Ene,305.4612948533333
2015,TOTAL NACIONAL,Actividades financieras y de seguros,Dic - Feb,314.13350812666664
2016,TOTAL NACIONAL,Actividades financieras y de seguros,Ene - Mar,310.4688827433333
2016,TOTAL NACIONAL,Actividades financieras y de seguros,Feb - Abr,295.61418679
2016,TOTAL NACIONAL,Actividades financieras y de seguros,Mar - May,291.91747474
2016,TOTAL NACIONAL,Actividades financieras y de seguros,Abr - Jun,298.54399809666666
2016,TOTAL NACIONAL,Actividades financieras y de seguros,May - Jul,292.47372126333335
2016,TOTAL NACIONAL,Actividades financieras y de seguros,Jun - Ago,308.0901633866667
2016,TOTAL NACIONAL,Actividades financieras y de seguros,Jul - Sep,307.2167961366667
2016,TOTAL NACIONAL,Actividades financieras y de seguros,Ago - Oct,327.2544571066667
2016,TOTAL NACIONAL,Actividades financieras y de seguros,Sep - Nov,328.42016464
2016,TOTAL NACIONAL,Actividades financieras y de seguros,Oct - Dic,312.12583204333333
2016,TOTAL NACIONAL,Actividades financieras y de seguros,Nov - Ene,301.94321850666665
2016,TOTAL NACIONAL,Actividades financieras y de seguros,Dic - Feb,271.8591005933333
2017,TOTAL NACIONAL,Actividades financieras y de seguros,Ene - Mar,271.09993933
2017,TOTAL NACIONAL,Actividades financieras y de seguros,Feb - Abr,268.3818638533333
2017,TOTAL NACIONAL,Actividades financieras y de seguros,Mar - May,274.85898632999994
2017,TOTAL NACIONAL,Actividades financieras y de seguros,Abr - Jun,292.03186291
2017,TOTAL NACIONAL,Actividades financieras y de seguros,May - Jul,298.1058239033333
2017,TOTAL NACIONAL,Actividades financieras y de seguros,Jun - Ago,301.1175109866667
2017,TOTAL NACIONAL,Actividades financieras y de seguros,Jul - Sep,294.27448035000003
2017,TOTAL NACIONAL,Actividades financieras y de seguros,Ago - Oct,280.0413708433333
2017,TOTAL NACIONAL,Actividades financieras y de seguros,Sep - Nov,295.4517136233333
2017,TOTAL NACIONAL,Actividades financieras y de seguros,Oct - Dic,287.12143796333334
2017,TOTAL NACIONAL,Actividades financieras y de seguros,Nov - Ene,284.03164466
2017,TOTAL NACIONAL,Actividades financieras y de seguros,Dic - Feb,267.9160484366667
2018,TOTAL NACIONAL,Actividades financieras y de seguros,Ene - Mar,269.5941625166667
2018,TOTAL NACIONAL,Actividades financieras y de seguros,Feb - Abr,272.6923692333333
2018,TOTAL NACIONAL,Actividades financieras y de seguros,Mar - May,283.4253688833333
2018,TOTAL NACIONAL,Actividades financieras y de seguros,Abr - Jun,269.98532671000004
2018,TOTAL NACIONAL,Actividades financieras y de seguros,May - Jul,274.19382686
2018,TOTAL NACIONAL,Actividades financieras y de seguros,Jun - Ago,268.59282154
2018,TOTAL NACIONAL,Actividades financieras y de seguros,Jul - Sep,305.6938228766667
2018,TOTAL NACIONAL,Actividades financieras y de seguros,Ago - Oct,315.37171306333335
2018,TOTAL NACIONAL,Actividades financieras y de seguros,Sep - Nov,304.2465779466667
2018,TOTAL NACIONAL,Actividades financieras y de seguros,Oct - Dic,291.77931381999997
2018,TOTAL NACIONAL,Actividades financieras y de seguros,Nov - Ene,296.58793923666667
2018,TOTAL NACIONAL,Actividades financieras y de seguros,Dic - Feb,319.3969331166666
2019,TOTAL NACIONAL,Actividades financieras y de seguros,Ene - Mar,311.1664128933333
2019,TOTAL NACIONAL,Actividades financieras y de seguros,Feb - Abr,312.37336545666665
2019,TOTAL NACIONAL,Actividades financieras y de seguros,Mar - May,300.02431612666663
2019,TOTAL NACIONAL,Actividades financieras y de seguros,Abr - Jun,294.34076138999995
2019,TOTAL NACIONAL,Actividades financieras y de seguros,May - Jul,287.43537306666667
2019,TOTAL NACIONAL,Actividades financieras y de seguros,Jun - Ago,279.32029968
2019,TOTAL NACIONAL,Actividades financieras y de seguros,Jul - Sep,307.4829064466667
2019,TOTAL NACIONAL,Actividades financieras y de seguros,Ago - Oct,311.29884811666665
2019,TOTAL NACIONAL,Actividades financieras y de seguros,Sep - Nov,314.9489904033333
2019,TOTAL NACIONAL,Actividades financieras y de seguros,Oct - Dic,299.9105815633334
2019,TOTAL NACIONAL,Actividades financieras y de seguros,Nov - Ene,294.78256753000005
2019,TOTAL NACIONAL,Actividades financieras y de seguros,Dic - Feb,302.51188268333334
2020,TOTAL NACIONAL,Actividades financieras y de seguros,Ene - Mar,292.5949455433333
2020,TOTAL NACIONAL,Actividades financieras y de seguros,Feb - Abr,279.89301924333336
2020,TOTAL NACIONAL,Actividades financieras y de seguros,Mar - May,271.62465461333335
2020,TOTAL NACIONAL,Actividades financieras y de seguros,Abr - Jun,283.4489360933333
2020,TOTAL NACIONAL,Actividades financieras y de seguros,May - Jul,268.0650852733333
2020,TOTAL NACIONAL,Actividades financieras y de seguros,Jun - Ago,269.16101511
2020,TOTAL NACIONAL,Actividades financieras y de seguros,Jul - Sep,256.0948385066667
2020,TOTAL NACIONAL,Actividades financieras y de seguros,Ago - Oct,258.89846517666666
2020,TOTAL NACIONAL,Actividades financieras y de seguros,Sep - Nov,258.33406166000003
2020,TOTAL NACIONAL,Actividades financieras y de seguros,Oct - Dic,258.99348965333337
2020,TOTAL NACIONAL,Actividades financieras y de seguros,Nov - Ene,316.03326169999997
2020,TOTAL NACIONAL,Actividades financieras y de seguros,Dic - Feb,334.89518789
2021,TOTAL NACIONAL,Actividades financieras y de seguros,Ene - Mar,353.05192551
2021,TOTAL NACIONAL,Actividades financieras y de seguros,Feb - Abr,339.9289965133333
2021,TOTAL NACIONAL,Actividades financieras y de seguros,Mar - May,347.6153683766667
2021,TOTAL NACIONAL,Actividades financieras y de seguros,Abr - Jun,360.3004566866666
2021,TOTAL NACIONAL,Actividades financieras y de seguros,May - Jul,358.33299875333336
2021,TOTAL NACIONAL,Actividades financieras y de seguros,Jun - Ago,352.27187379666674
2021,TOTAL NACIONAL,Actividades financieras y de seguros,Jul - Sep,387.83367193666663
2021,TOTAL NACIONAL,Actividades financieras y de seguros,Ago - Oct,389.8341321666667
2021,TOTAL NACIONAL,Actividades financieras y de seguros,Sep - Nov,385.0270599933333
2021,TOTAL NACIONAL,Actividades financieras y de seguros,Oct - Dic,363.71786883333334
2021,TOTAL NACIONAL,Actividades financieras y de seguros,Nov - Ene,395.06332907666666
2021,TOTAL NACIONAL,Actividades financieras y de seguros,Dic - Feb,421.7197497766667
2022,TOTAL NACIONAL,Actividades financieras y de seguros,Ene - Mar,404.84846014
2022,TOTAL NACIONAL,Actividades financieras y de seguros,Feb - Abr,381.5976610966666
2022,TOTAL NACIONAL,Actividades financieras y de seguros,Mar - May,392.81984704666667
2022,TOTAL NACIONAL,Actividades financieras y de seguros,Abr - Jun,405.37126908
2022,TOTAL NACIONAL,Actividades financieras y de seguros,May - Jul,426.16541710666667
2022,TOTAL NACIONAL,Actividades financieras y de seguros,Jun - Ago,411.35100409000006
2022,TOTAL NACIONAL,Actividades financieras y de seguros,Jul - Sep,434.65906134333335
2022,TOTAL NACIONAL,Actividades financieras y de seguros,Ago - Oct,442.1084522466667
2022,TOTAL NACIONAL,Actividades financieras y de seguros,Sep - Nov,439.75159159666663
2022,TOTAL NACIONAL,Actividades financieras y de seguros,Oct - Dic,431.1555904833333
2022,TOTAL NACIONAL,Actividades financieras y de seguros,Nov - Ene,403.34160707
2022,TOTAL NACIONAL,Actividades financieras y de seguros,Dic - Feb,407.17661447
2023,TOTAL NACIONAL,Actividades financieras y de seguros,Ene - Mar,380.35768233666664
2023,TOTAL NACIONAL,Actividades financieras y de seguros,Feb - Abr,384.9614771266667
2023,TOTAL NACIONAL,Actividades financieras y de seguros,Mar - May,406.3313807366667
2023,TOTAL NACIONAL,Actividades financieras y de seguros,Abr - Jun,429.89921526333336
2023,TOTAL NACIONAL,Actividades financieras y de seguros,May - Jul,453.8488168833333
2023,TOTAL NACIONAL,Actividades financieras y de seguros,Jun - Ago,443.14346021333336
2023,TOTAL NACIONAL,Actividades financieras y de seguros,Jul - Sep,433.56148809999996
2023,TOTAL NACIONAL,Actividades financieras y de seguros,Ago - Oct,414.49344754333333
2023,TOTAL NACIONAL,Actividades financieras y de seguros,Sep - Nov,431.32404417666663
2023,TOTAL NACIONAL,Actividades financieras y de seguros,Oct - Dic,445.2090244866666
2023,TOTAL NACIONAL,Actividades financieras y de seguros,Nov - Ene,449.85495825
2023,TOTAL NACIONAL,Actividades financieras y de seguros,Dic - Feb,444.85489605999993
2024,TOTAL NACIONAL,Actividades financieras y de seguros,Ene - Mar,428.06222933333333
2024,TOTAL NACIONAL,Actividades financieras y de seguros,Feb - Abr,444.09756159
2024,TOTAL NACIONAL,Actividades financieras y de seguros,Mar - May,424.7253756
2024,TOTAL NACIONAL,Actividades financieras y de seguros,Abr - Jun,444.1682125166667
2024,TOTAL NACIONAL,Actividades financieras y de seguros,May - Jul,433.5420591566667
2024,TOTAL NACIONAL,Actividades financieras y de seguros,Jun - Ago,421.29843723666664
2024,TOTAL NACIONAL,Actividades financieras y de seguros,Jul - Sep,387.20217915666666
2024,TOTAL NACIONAL,Actividades financieras y de seguros,Ago - Oct,375.72793070000006
2024,TOTAL NACIONAL,Actividades financieras y de seguros,Sep - Nov,389.6430293866667
2024,TOTAL NACIONAL,Actividades financieras y de seguros,Oct - Dic,427.17230149333335
2024,TOTAL NACIONAL,Actividades financieras y de seguros,Nov - Ene,453.71741283999995
2024,TOTAL NACIONAL,Actividades financieras y de seguros,Dic - Feb,464.45041027999997
2025,TOTAL NACIONAL,Actividades financieras y de seguros,Ene - Mar,417.87349211333327
2025,TOTAL NACIONAL,Actividades financieras y de seguros,Feb - Abr,395.51882861666667
2025,TOTAL NACIONAL,Actividades financieras y de seguros,Mar - May,389.8942222933333
2025,TOTAL NACIONAL,Actividades financieras y de seguros,Abr - Jun,428.28192087
2025,TOTAL NACIONAL,Actividades financieras y de seguros,May - Jul,447.75277888333335
2025,TOTAL NACIONAL,Actividades financieras y de seguros,Jun - Ago,462.84761847333334
2025,TOTAL NACIONAL,Actividades financieras y de seguros,Jul - Sep,462.33080143666666
2025,TOTAL NACIONAL,Actividades financieras y de seguros,Ago - Oct,450.9166958533333
2025,TOTAL NACIONAL,Actividades financieras y de seguros,Sep - Nov,441.1581629666666
2025,TOTAL NACIONAL,Actividades financieras y de seguros,Oct - Dic,436.3647489966667
2025,TOTAL NACIONAL,Actividades financieras y de seguros,Nov - Ene,452.16544956666667
2025,TOTAL NACIONAL,Actividades financieras y de seguros,Dic - Feb,460.7667107766667
2026,TOTAL NACIONAL,Actividades financieras y de seguros,Ene - Mar,507.41361503666667
2026,TOTAL NACIONAL,Actividades financieras y de seguros,Feb - Abr,474.79867564999995
2026,TOTAL NACIONAL,Actividades financieras y de seguros,Mar - May,455.99442763999997
2026,TOTAL NACIONAL,Actividades financieras y de seguros,Abr - Jun,430.2561677133333
2015,TOTAL NACIONAL,Actividades inmobiliarias,Ene - Mar,232.96334871666667
2015,TOTAL NACIONAL,Actividades inmobiliarias,Feb - Abr,227.80103422333332
2015,TOTAL NACIONAL,Actividades inmobiliarias,Mar - May,232.89931974333334
2015,TOTAL NACIONAL,Actividades inmobiliarias,Abr - Jun,254.5898083633333
2015,TOTAL NACIONAL,Actividades inmobiliarias,May - Jul,255.34720198666665
2015,TOTAL NACIONAL,Actividades inmobiliarias,Jun - Ago,256.17811058666666
2015,TOTAL NACIONAL,Actividades inmobiliarias,Jul - Sep,223.62877015666666
2015,TOTAL NACIONAL,Actividades inmobiliarias,Ago - Oct,230.16243525333334
2015,TOTAL NACIONAL,Actividades inmobiliarias,Sep - Nov,238.12699011333333
2015,TOTAL NACIONAL,Actividades inmobiliarias,Oct - Dic,262.25306946666666
2015,TOTAL NACIONAL,Actividades inmobiliarias,Nov - Ene,272.77289210333333
2015,TOTAL NACIONAL,Actividades inmobiliarias,Dic - Feb,252.21988781333334
2016,TOTAL NACIONAL,Actividades inmobiliarias,Ene - Mar,232.55327422333335
2016,TOTAL NACIONAL,Actividades inmobiliarias,Feb - Abr,229.43153187
2016,TOTAL NACIONAL,Actividades inmobiliarias,Mar - May,234.52175497333334
2016,TOTAL NACIONAL,Actividades inmobiliarias,Abr - Jun,254.26434014999998
2016,TOTAL NACIONAL,Actividades inmobiliarias,May - Jul,236.58760674666667
2016,TOTAL NACIONAL,Actividades inmobiliarias,Jun - Ago,241.17505178333332
2016,TOTAL NACIONAL,Actividades inmobiliarias,Jul - Sep,240.74406353999998
2016,TOTAL NACIONAL,Actividades inmobiliarias,Ago - Oct,266.31225198
2016,TOTAL NACIONAL,Actividades inmobiliarias,Sep - Nov,261.41611424666667
2016,TOTAL NACIONAL,Actividades inmobiliarias,Oct - Dic,251.40236828666664
2016,TOTAL NACIONAL,Actividades inmobiliarias,Nov - Ene,266.4843863866667
2016,TOTAL NACIONAL,Actividades inmobiliarias,Dic - Feb,282.43893560000004
2017,TOTAL NACIONAL,Actividades inmobiliarias,Ene - Mar,279.17554249666665
2017,TOTAL NACIONAL,Actividades inmobiliarias,Feb - Abr,254.6615292066667
2017,TOTAL NACIONAL,Actividades inmobiliarias,Mar - May,229.33823265333334
2017,TOTAL NACIONAL,Actividades inmobiliarias,Abr - Jun,241.69319370000002
2017,TOTAL NACIONAL,Actividades inmobiliarias,May - Jul,237.75985468
2017,TOTAL NACIONAL,Actividades inmobiliarias,Jun - Ago,268.53203067000004
2017,TOTAL NACIONAL,Actividades inmobiliarias,Jul - Sep,260.3663041
2017,TOTAL NACIONAL,Actividades inmobiliarias,Ago - Oct,279.94673672666664
2017,TOTAL NACIONAL,Actividades inmobiliarias,Sep - Nov,271.1007076066667
2017,TOTAL NACIONAL,Actividades inmobiliarias,Oct - Dic,269.22933457000005
2017,TOTAL NACIONAL,Actividades inmobiliarias,Nov - Ene,252.1816079333333
2017,TOTAL NACIONAL,Actividades inmobiliarias,Dic - Feb,242.54761691
2018,TOTAL NACIONAL,Actividades inmobiliarias,Ene - Mar,257.78124436
2018,TOTAL NACIONAL,Actividades inmobiliarias,Feb - Abr,261.8995439566667
2018,TOTAL NACIONAL,Actividades inmobiliarias,Mar - May,266.29513620666665
2018,TOTAL NACIONAL,Actividades inmobiliarias,Abr - Jun,289.5096372533333
2018,TOTAL NACIONAL,Actividades inmobiliarias,May - Jul,286.51451362666666
2018,TOTAL NACIONAL,Actividades inmobiliarias,Jun - Ago,295.08410040666666
2018,TOTAL NACIONAL,Actividades inmobiliarias,Jul - Sep,268.6172589533333
2018,TOTAL NACIONAL,Actividades inmobiliarias,Ago - Oct,284.5489203766667
2018,TOTAL NACIONAL,Actividades inmobiliarias,Sep - Nov,280.20166692333333
2018,TOTAL NACIONAL,Actividades inmobiliarias,Oct - Dic,294.99402372000003
2018,TOTAL NACIONAL,Actividades inmobiliarias,Nov - Ene,284.5160924333333
2018,TOTAL NACIONAL,Actividades inmobiliarias,Dic - Feb,272.66995453333334
2019,TOTAL NACIONAL,Actividades inmobiliarias,Ene - Mar,263.28978466666666
2019,TOTAL NACIONAL,Actividades inmobiliarias,Feb - Abr,242.18830738999998
2019,TOTAL NACIONAL,Actividades inmobiliarias,Mar - May,255.50042531999998
2019,TOTAL NACIONAL,Actividades inmobiliarias,Abr - Jun,247.51838096000003
2019,TOTAL NACIONAL,Actividades inmobiliarias,May - Jul,278.25832211000005
2019,TOTAL NACIONAL,Actividades inmobiliarias,Jun - Ago,277.0381416266667
2019,TOTAL NACIONAL,Actividades inmobiliarias,Jul - Sep,284.8946383
2019,TOTAL NACIONAL,Actividades inmobiliarias,Ago - Oct,280.1970428033333
2019,TOTAL NACIONAL,Actividades inmobiliarias,Sep - Nov,285.32989010666665
2019,TOTAL NACIONAL,Actividades inmobiliarias,Oct - Dic,267.1027176133333
2019,TOTAL NACIONAL,Actividades inmobiliarias,Nov - Ene,268.70387855333337
2019,TOTAL NACIONAL,Actividades inmobiliarias,Dic - Feb,260.6029129633333
2020,TOTAL NACIONAL,Actividades inmobiliarias,Ene - Mar,257.3705262766667
2020,TOTAL NACIONAL,Actividades inmobiliarias,Feb - Abr,209.64016166666667
2020,TOTAL NACIONAL,Actividades inmobiliarias,Mar - May,179.63813455
2020,TOTAL NACIONAL,Actividades inmobiliarias,Abr - Jun,174.22891220333335
2020,TOTAL NACIONAL,Actividades inmobiliarias,May - Jul,188.62281350666663
2020,TOTAL NACIONAL,Actividades inmobiliarias,Jun - Ago,214.64195875333334
2020,TOTAL NACIONAL,Actividades inmobiliarias,Jul - Sep,229.49560676
2020,TOTAL NACIONAL,Actividades inmobiliarias,Ago - Oct,255.19577680333336
2020,TOTAL NACIONAL,Actividades inmobiliarias,Sep - Nov,254.80160221666668
2020,TOTAL NACIONAL,Actividades inmobiliarias,Oct - Dic,248.85528679666666
2020,TOTAL NACIONAL,Actividades inmobiliarias,Nov - Ene,200.42040008666666
2020,TOTAL NACIONAL,Actividades inmobiliarias,Dic - Feb,171.82531281
2021,TOTAL NACIONAL,Actividades inmobiliarias,Ene - Mar,145.61390539666664
2021,TOTAL NACIONAL,Actividades inmobiliarias,Feb - Abr,150.13184643333332
2021,TOTAL NACIONAL,Actividades inmobiliarias,Mar - May,166.2397216
2021,TOTAL NACIONAL,Actividades inmobiliarias,Abr - Jun,178.78922816666667
2021,TOTAL NACIONAL,Actividades inmobiliarias,May - Jul,198.85809167666665
2021,TOTAL NACIONAL,Actividades inmobiliarias,Jun - Ago,194.39615717666666
2021,TOTAL NACIONAL,Actividades inmobiliarias,Jul - Sep,182.82508142666666
2021,TOTAL NACIONAL,Actividades inmobiliarias,Ago - Oct,167.89902975
2021,TOTAL NACIONAL,Actividades inmobiliarias,Sep - Nov,173.48995381999998
2021,TOTAL NACIONAL,Actividades inmobiliarias,Oct - Dic,180.64540275
2021,TOTAL NACIONAL,Actividades inmobiliarias,Nov - Ene,188.56874135333337
2021,TOTAL NACIONAL,Actividades inmobiliarias,Dic - Feb,180.49773311666664
2022,TOTAL NACIONAL,Actividades inmobiliarias,Ene - Mar,180.97385468000002
2022,TOTAL NACIONAL,Actividades inmobiliarias,Feb - Abr,194.13607896
2022,TOTAL NACIONAL,Actividades inmobiliarias,Mar - May,211.2761843766667
2022,TOTAL NACIONAL,Actividades inmobiliarias,Abr - Jun,217.88396862
2022,TOTAL NACIONAL,Actividades inmobiliarias,May - Jul,223.25679762333334
2022,TOTAL NACIONAL,Actividades inmobiliarias,Jun - Ago,226.24418088999997
2022,TOTAL NACIONAL,Actividades inmobiliarias,Jul - Sep,238.92676581666663
2022,TOTAL NACIONAL,Actividades inmobiliarias,Ago - Oct,234.40534618333334
2022,TOTAL NACIONAL,Actividades inmobiliarias,Sep - Nov,237.90752121333333
2022,TOTAL NACIONAL,Actividades inmobiliarias,Oct - Dic,247.34291185666666
2022,TOTAL NACIONAL,Actividades inmobiliarias,Nov - Ene,253.91367490666667
2022,TOTAL NACIONAL,Actividades inmobiliarias,Dic - Feb,253.52570031666667
2023,TOTAL NACIONAL,Actividades inmobiliarias,Ene - Mar,251.1829079733333
2023,TOTAL NACIONAL,Actividades inmobiliarias,Feb - Abr,250.22182511999998
2023,TOTAL NACIONAL,Actividades inmobiliarias,Mar - May,250.31666446
2023,TOTAL NACIONAL,Actividades inmobiliarias,Abr - Jun,252.65247116333333
2023,TOTAL NACIONAL,Actividades inmobiliarias,May - Jul,270.75667145333335
2023,TOTAL NACIONAL,Actividades inmobiliarias,Jun - Ago,317.7873534166667
2023,TOTAL NACIONAL,Actividades inmobiliarias,Jul - Sep,322.51646733
2023,TOTAL NACIONAL,Actividades inmobiliarias,Ago - Oct,326.4828810033334
2023,TOTAL NACIONAL,Actividades inmobiliarias,Sep - Nov,287.4675658
2023,TOTAL NACIONAL,Actividades inmobiliarias,Oct - Dic,274.70554473666664
2023,TOTAL NACIONAL,Actividades inmobiliarias,Nov - Ene,266.39746231333334
2023,TOTAL NACIONAL,Actividades inmobiliarias,Dic - Feb,282.5308383266667
2024,TOTAL NACIONAL,Actividades inmobiliarias,Ene - Mar,295.8661241866667
2024,TOTAL NACIONAL,Actividades inmobiliarias,Feb - Abr,279.70312008
2024,TOTAL NACIONAL,Actividades inmobiliarias,Mar - May,271.74067135
2024,TOTAL NACIONAL,Actividades inmobiliarias,Abr - Jun,292.09949162
2024,TOTAL NACIONAL,Actividades inmobiliarias,May - Jul,327.69250889999995
2024,TOTAL NACIONAL,Actividades inmobiliarias,Jun - Ago,334.85760321333333
2024,TOTAL NACIONAL,Actividades inmobiliarias,Jul - Sep,304.57369037
2024,TOTAL NACIONAL,Actividades inmobiliarias,Ago - Oct,291.16623913999996
2024,TOTAL NACIONAL,Actividades inmobiliarias,Sep - Nov,282.32055112666666
2024,TOTAL NACIONAL,Actividades inmobiliarias,Oct - Dic,327.2285268333333
2024,TOTAL NACIONAL,Actividades inmobiliarias,Nov - Ene,350.22478209
2024,TOTAL NACIONAL,Actividades inmobiliarias,Dic - Feb,336.86857989666663
2025,TOTAL NACIONAL,Actividades inmobiliarias,Ene - Mar,316.28668489
2025,TOTAL NACIONAL,Actividades inmobiliarias,Feb - Abr,289.41595645666666
2025,TOTAL NACIONAL,Actividades inmobiliarias,Mar - May,318.45255249999997
2025,TOTAL NACIONAL,Actividades inmobiliarias,Abr - Jun,310.93309473666665
2025,TOTAL NACIONAL,Actividades inmobiliarias,May - Jul,328.08958920000003
2025,TOTAL NACIONAL,Actividades inmobiliarias,Jun - Ago,335.80435916
2025,TOTAL NACIONAL,Actividades inmobiliarias,Jul - Sep,327.9954346733333
2025,TOTAL NACIONAL,Actividades inmobiliarias,Ago - Oct,315.21666075999997
2025,TOTAL NACIONAL,Actividades inmobiliarias,Sep - Nov,308.0472113833334
2025,TOTAL NACIONAL,Actividades inmobiliarias,Oct - Dic,332.62404511
2025,TOTAL NACIONAL,Actividades inmobiliarias,Nov - Ene,342.03338074
2025,TOTAL NACIONAL,Actividades inmobiliarias,Dic - Feb,318.61383370999994
2026,TOTAL NACIONAL,Actividades inmobiliarias,Ene - Mar,310.8243449866667
2026,TOTAL NACIONAL,Actividades inmobiliarias,Feb - Abr,311.46283150333335
2026,TOTAL NACIONAL,Actividades inmobiliarias,Mar - May,325.59583857666667
2026,TOTAL NACIONAL,Actividades inmobiliarias,Abr - Jun,315.75863918
2015,TOTAL NACIONAL,"Actividades profesionales, científicas, técnicas y servicios administrativos",Ene - Mar,1126.0893559666667
2015,TOTAL NACIONAL,"Actividades profesionales, científicas, técnicas y servicios administrativos",Feb - Abr,1116.8835906666666
2015,TOTAL NACIONAL,"Actividades profesionales, científicas, técnicas y servicios administrativos",Mar - May,1139.1604660333333
2015,TOTAL NACIONAL,"Actividades profesionales, científicas, técnicas y servicios administrativos",Abr - Jun,1171.3654481
2015,TOTAL NACIONAL,"Actividades profesionales, científicas, técnicas y servicios administrativos",May - Jul,1190.0681894333331
2015,TOTAL NACIONAL,"Actividades profesionales, científicas, técnicas y servicios administrativos",Jun - Ago,1206.1878752666664
2015,TOTAL NACIONAL,"Actividades profesionales, científicas, técnicas y servicios administrativos",Jul - Sep,1162.05953
2015,TOTAL NACIONAL,"Actividades profesionales, científicas, técnicas y servicios administrativos",Ago - Oct,1153.5528362333332
2015,TOTAL NACIONAL,"Actividades profesionales, científicas, técnicas y servicios administrativos",Sep - Nov,1208.2127547999999
2015,TOTAL NACIONAL,"Actividades profesionales, científicas, técnicas y servicios administrativos",Oct - Dic,1239.2709794999998
2015,TOTAL NACIONAL,"Actividades profesionales, científicas, técnicas y servicios administrativos",Nov - Ene,1242.4759787
2015,TOTAL NACIONAL,"Actividades profesionales, científicas, técnicas y servicios administrativos",Dic - Feb,1181.4603306
2016,TOTAL NACIONAL,"Actividades profesionales, científicas, técnicas y servicios administrativos",Ene - Mar,1176.2199503333334
2016,TOTAL NACIONAL,"Actividades profesionales, científicas, técnicas y servicios administrativos",Feb - Abr,1232.0602683666666
2016,TOTAL NACIONAL,"Actividades profesionales, científicas, técnicas y servicios administrativos",Mar - May,1249.7245401333332
2016,TOTAL NACIONAL,"Actividades profesionales, científicas, técnicas y servicios administrativos",Abr - Jun,1275.3580881
2016,TOTAL NACIONAL,"Actividades profesionales, científicas, técnicas y servicios administrativos",May - Jul,1226.1640401000002
2016,TOTAL NACIONAL,"Actividades profesionales, científicas, técnicas y servicios administrativos",Jun - Ago,1218.9490621666666
2016,TOTAL NACIONAL,"Actividades profesionales, científicas, técnicas y servicios administrativos",Jul - Sep,1216.4145733666667
2016,TOTAL NACIONAL,"Actividades profesionales, científicas, técnicas y servicios administrativos",Ago - Oct,1294.7532413
2016,TOTAL NACIONAL,"Actividades profesionales, científicas, técnicas y servicios administrativos",Sep - Nov,1308.0078086
2016,TOTAL NACIONAL,"Actividades profesionales, científicas, técnicas y servicios administrativos",Oct - Dic,1299.5378928
2016,TOTAL NACIONAL,"Actividades profesionales, científicas, técnicas y servicios administrativos",Nov - Ene,1238.5193869666666
2016,TOTAL NACIONAL,"Actividades profesionales, científicas, técnicas y servicios administrativos",Dic - Feb,1236.8853870333335
2017,TOTAL NACIONAL,"Actividades profesionales, científicas, técnicas y servicios administrativos",Ene - Mar,1211.1955082333334
2017,TOTAL NACIONAL,"Actividades profesionales, científicas, técnicas y servicios administrativos",Feb - Abr,1259.5611364333333
2017,TOTAL NACIONAL,"Actividades profesionales, científicas, técnicas y servicios administrativos",Mar - May,1269.9454632333334
2017,TOTAL NACIONAL,"Actividades profesionales, científicas, técnicas y servicios administrativos",Abr - Jun,1305.9722125
2017,TOTAL NACIONAL,"Actividades profesionales, científicas, técnicas y servicios administrativos",May - Jul,1274.8954025333333
2017,TOTAL NACIONAL,"Actividades profesionales, científicas, técnicas y servicios administrativos",Jun - Ago,1322.3946417
2017,TOTAL NACIONAL,"Actividades profesionales, científicas, técnicas y servicios administrativos",Jul - Sep,1338.4276607666668
2017,TOTAL NACIONAL,"Actividades profesionales, científicas, técnicas y servicios administrativos",Ago - Oct,1355.9894204666668
2017,TOTAL NACIONAL,"Actividades profesionales, científicas, técnicas y servicios administrativos",Sep - Nov,1348.2273931333334
2017,TOTAL NACIONAL,"Actividades profesionales, científicas, técnicas y servicios administrativos",Oct - Dic,1355.9468009333332
2017,TOTAL NACIONAL,"Actividades profesionales, científicas, técnicas y servicios administrativos",Nov - Ene,1345.2612848333335
2017,TOTAL NACIONAL,"Actividades profesionales, científicas, técnicas y servicios administrativos",Dic - Feb,1305.1011681666666
2018,TOTAL NACIONAL,"Actividades profesionales, científicas, técnicas y servicios administrativos",Ene - Mar,1291.4924477333334
2018,TOTAL NACIONAL,"Actividades profesionales, científicas, técnicas y servicios administrativos",Feb - Abr,1267.2514505666668
2018,TOTAL NACIONAL,"Actividades profesionales, científicas, técnicas y servicios administrativos",Mar - May,1266.8958870666668
2018,TOTAL NACIONAL,"Actividades profesionales, científicas, técnicas y servicios administrativos",Abr - Jun,1295.912308466667
2018,TOTAL NACIONAL,"Actividades profesionales, científicas, técnicas y servicios administrativos",May - Jul,1307.4674190666667
2018,TOTAL NACIONAL,"Actividades profesionales, científicas, técnicas y servicios administrativos",Jun - Ago,1313.2399979333334
2018,TOTAL NACIONAL,"Actividades profesionales, científicas, técnicas y servicios administrativos",Jul - Sep,1296.9948351666667
2018,TOTAL NACIONAL,"Actividades profesionales, científicas, técnicas y servicios administrativos",Ago - Oct,1345.0548336333334
2018,TOTAL NACIONAL,"Actividades profesionales, científicas, técnicas y servicios administrativos",Sep - Nov,1365.9025155666666
2018,TOTAL NACIONAL,"Actividades profesionales, científicas, técnicas y servicios administrativos",Oct - Dic,1375.0680802333334
2018,TOTAL NACIONAL,"Actividades profesionales, científicas, técnicas y servicios administrativos",Nov - Ene,1314.5654676333334
2018,TOTAL NACIONAL,"Actividades profesionales, científicas, técnicas y servicios administrativos",Dic - Feb,1283.8164477
2019,TOTAL NACIONAL,"Actividades profesionales, científicas, técnicas y servicios administrativos",Ene - Mar,1229.9946042666668
2019,TOTAL NACIONAL,"Actividades profesionales, científicas, técnicas y servicios administrativos",Feb - Abr,1286.7166918
2019,TOTAL NACIONAL,"Actividades profesionales, científicas, técnicas y servicios administrativos",Mar - May,1296.0116830333334
2019,TOTAL NACIONAL,"Actividades profesionales, científicas, técnicas y servicios administrativos",Abr - Jun,1337.7678629
2019,TOTAL NACIONAL,"Actividades profesionales, científicas, técnicas y servicios administrativos",May - Jul,1297.5184757333334
2019,TOTAL NACIONAL,"Actividades profesionales, científicas, técnicas y servicios administrativos",Jun - Ago,1308.0967245666666
2019,TOTAL NACIONAL,"Actividades profesionales, científicas, técnicas y servicios administrativos",Jul - Sep,1345.3494422666665
2019,TOTAL NACIONAL,"Actividades profesionales, científicas, técnicas y servicios administrativos",Ago - Oct,1393.4732902333333
2019,TOTAL NACIONAL,"Actividades profesionales, científicas, técnicas y servicios administrativos",Sep - Nov,1415.7605178666665
2019,TOTAL NACIONAL,"Actividades profesionales, científicas, técnicas y servicios administrativos",Oct - Dic,1390.1906725666665
2019,TOTAL NACIONAL,"Actividades profesionales, científicas, técnicas y servicios administrativos",Nov - Ene,1388.1261701
2019,TOTAL NACIONAL,"Actividades profesionales, científicas, técnicas y servicios administrativos",Dic - Feb,1347.5505429333332
2020,TOTAL NACIONAL,"Actividades profesionales, científicas, técnicas y servicios administrativos",Ene - Mar,1327.1646805333332
2020,TOTAL NACIONAL,"Actividades profesionales, científicas, técnicas y servicios administrativos",Feb - Abr,1212.5240427333335
2020,TOTAL NACIONAL,"Actividades profesionales, científicas, técnicas y servicios administrativos",Mar - May,1177.0084099666667
2020,TOTAL NACIONAL,"Actividades profesionales, científicas, técnicas y servicios administrativos",Abr - Jun,1138.9901880999998
2020,TOTAL NACIONAL,"Actividades profesionales, científicas, técnicas y servicios administrativos",May - Jul,1153.8024847
2020,TOTAL NACIONAL,"Actividades profesionales, científicas, técnicas y servicios administrativos",Jun - Ago,1120.2706232333333
2020,TOTAL NACIONAL,"Actividades profesionales, científicas, técnicas y servicios administrativos",Jul - Sep,1125.8313682
2020,TOTAL NACIONAL,"Actividades profesionales, científicas, técnicas y servicios administrativos",Ago - Oct,1155.2872342666667
2020,TOTAL NACIONAL,"Actividades profesionales, científicas, técnicas y servicios administrativos",Sep - Nov,1231.4747129999998
2020,TOTAL NACIONAL,"Actividades profesionales, científicas, técnicas y servicios administrativos",Oct - Dic,1272.3061759
2020,TOTAL NACIONAL,"Actividades profesionales, científicas, técnicas y servicios administrativos",Nov - Ene,1371.3299976666665
2020,TOTAL NACIONAL,"Actividades profesionales, científicas, técnicas y servicios administrativos",Dic - Feb,1504.8457910666666
2021,TOTAL NACIONAL,"Actividades profesionales, científicas, técnicas y servicios administrativos",Ene - Mar,1578.0552166666666
2021,TOTAL NACIONAL,"Actividades profesionales, científicas, técnicas y servicios administrativos",Feb - Abr,1616.3368908333334
2021,TOTAL NACIONAL,"Actividades profesionales, científicas, técnicas y servicios administrativos",Mar - May,1588.9831196666667
2021,TOTAL NACIONAL,"Actividades profesionales, científicas, técnicas y servicios administrativos",Abr - Jun,1618.1781831333335
2021,TOTAL NACIONAL,"Actividades profesionales, científicas, técnicas y servicios administrativos",May - Jul,1628.8146369333335
2021,TOTAL NACIONAL,"Actividades profesionales, científicas, técnicas y servicios administrativos",Jun - Ago,1660.5395012666665
2021,TOTAL NACIONAL,"Actividades profesionales, científicas, técnicas y servicios administrativos",Jul - Sep,1684.1123876000001
2021,TOTAL NACIONAL,"Actividades profesionales, científicas, técnicas y servicios administrativos",Ago - Oct,1718.0042950333334
2021,TOTAL NACIONAL,"Actividades profesionales, científicas, técnicas y servicios administrativos",Sep - Nov,1742.3769790666668
2021,TOTAL NACIONAL,"Actividades profesionales, científicas, técnicas y servicios administrativos",Oct - Dic,1795.9298441666667
2021,TOTAL NACIONAL,"Actividades profesionales, científicas, técnicas y servicios administrativos",Nov - Ene,1786.7689036333334
2021,TOTAL NACIONAL,"Actividades profesionales, científicas, técnicas y servicios administrativos",Dic - Feb,1784.1133433000002
2022,TOTAL NACIONAL,"Actividades profesionales, científicas, técnicas y servicios administrativos",Ene - Mar,1671.1042455666666
2022,TOTAL NACIONAL,"Actividades profesionales, científicas, técnicas y servicios administrativos",Feb - Abr,1678.8888034333334
2022,TOTAL NACIONAL,"Actividades profesionales, científicas, técnicas y servicios administrativos",Mar - May,1661.7629694333334
2022,TOTAL NACIONAL,"Actividades profesionales, científicas, técnicas y servicios administrativos",Abr - Jun,1669.9503648
2022,TOTAL NACIONAL,"Actividades profesionales, científicas, técnicas y servicios administrativos",May - Jul,1700.5626979666667
2022,TOTAL NACIONAL,"Actividades profesionales, científicas, técnicas y servicios administrativos",Jun - Ago,1726.9696998666668
2022,TOTAL NACIONAL,"Actividades profesionales, científicas, técnicas y servicios administrativos",Jul - Sep,1788.8974224666665
2022,TOTAL NACIONAL,"Actividades profesionales, científicas, técnicas y servicios administrativos",Ago - Oct,1753.3969583666667
2022,TOTAL NACIONAL,"Actividades profesionales, científicas, técnicas y servicios administrativos",Sep - Nov,1775.2430792333332
2022,TOTAL NACIONAL,"Actividades profesionales, científicas, técnicas y servicios administrativos",Oct - Dic,1804.4135679333333
2022,TOTAL NACIONAL,"Actividades profesionales, científicas, técnicas y servicios administrativos",Nov - Ene,1870.7863509
2022,TOTAL NACIONAL,"Actividades profesionales, científicas, técnicas y servicios administrativos",Dic - Feb,1832.426912
2023,TOTAL NACIONAL,"Actividades profesionales, científicas, técnicas y servicios administrativos",Ene - Mar,1820.9377998999998
2023,TOTAL NACIONAL,"Actividades profesionales, científicas, técnicas y servicios administrativos",Feb - Abr,1764.9465300333334
2023,TOTAL NACIONAL,"Actividades profesionales, científicas, técnicas y servicios administrativos",Mar - May,1764.1290523666667
2023,TOTAL NACIONAL,"Actividades profesionales, científicas, técnicas y servicios administrativos",Abr - Jun,1773.1976110000003
2023,TOTAL NACIONAL,"Actividades profesionales, científicas, técnicas y servicios administrativos",May - Jul,1778.4112188333331
2023,TOTAL NACIONAL,"Actividades profesionales, científicas, técnicas y servicios administrativos",Jun - Ago,1825.3809597333336
2023,TOTAL NACIONAL,"Actividades profesionales, científicas, técnicas y servicios administrativos",Jul - Sep,1800.9735475666666
2023,TOTAL NACIONAL,"Actividades profesionales, científicas, técnicas y servicios administrativos",Ago - Oct,1804.1844452333335
2023,TOTAL NACIONAL,"Actividades profesionales, científicas, técnicas y servicios administrativos",Sep - Nov,1819.7534638999998
2023,TOTAL NACIONAL,"Actividades profesionales, científicas, técnicas y servicios administrativos",Oct - Dic,1892.5765348666666
2023,TOTAL NACIONAL,"Actividades profesionales, científicas, técnicas y servicios administrativos",Nov - Ene,1919.5946242
2023,TOTAL NACIONAL,"Actividades profesionales, científicas, técnicas y servicios administrativos",Dic - Feb,1819.5212026666668
2024,TOTAL NACIONAL,"Actividades profesionales, científicas, técnicas y servicios administrativos",Ene - Mar,1773.001394566667
2024,TOTAL NACIONAL,"Actividades profesionales, científicas, técnicas y servicios administrativos",Feb - Abr,1758.5400199333333
2024,TOTAL NACIONAL,"Actividades profesionales, científicas, técnicas y servicios administrativos",Mar - May,1790.5690674666666
2024,TOTAL NACIONAL,"Actividades profesionales, científicas, técnicas y servicios administrativos",Abr - Jun,1752.1223196666667
2024,TOTAL NACIONAL,"Actividades profesionales, científicas, técnicas y servicios administrativos",May - Jul,1756.4530675333335
2024,TOTAL NACIONAL,"Actividades profesionales, científicas, técnicas y servicios administrativos",Jun - Ago,1789.2169132333336
2024,TOTAL NACIONAL,"Actividades profesionales, científicas, técnicas y servicios administrativos",Jul - Sep,1859.8936179
2024,TOTAL NACIONAL,"Actividades profesionales, científicas, técnicas y servicios administrativos",Ago - Oct,1810.5164226
2024,TOTAL NACIONAL,"Actividades profesionales, científicas, técnicas y servicios administrativos",Sep - Nov,1829.4799366
2024,TOTAL NACIONAL,"Actividades profesionales, científicas, técnicas y servicios administrativos",Oct - Dic,1803.9029722333332
2024,TOTAL NACIONAL,"Actividades profesionales, científicas, técnicas y servicios administrativos",Nov - Ene,1824.1772996
2024,TOTAL NACIONAL,"Actividades profesionales, científicas, técnicas y servicios administrativos",Dic - Feb,1776.2507990666666
2025,TOTAL NACIONAL,"Actividades profesionales, científicas, técnicas y servicios administrativos",Ene - Mar,1753.5014132
2025,TOTAL NACIONAL,"Actividades profesionales, científicas, técnicas y servicios administrativos",Feb - Abr,1771.4103537
2025,TOTAL NACIONAL,"Actividades profesionales, científicas, técnicas y servicios administrativos",Mar - May,1813.2117584666667
2025,TOTAL NACIONAL,"Actividades profesionales, científicas, técnicas y servicios administrativos",Abr - Jun,1828.0469215
2025,TOTAL NACIONAL,"Actividades profesionales, científicas, técnicas y servicios administrativos",May - Jul,1877.5130562333334
2025,TOTAL NACIONAL,"Actividades profesionales, científicas, técnicas y servicios administrativos",Jun - Ago,1846.4580133666666
2025,TOTAL NACIONAL,"Actividades profesionales, científicas, técnicas y servicios administrativos",Jul - Sep,1809.3873891333333
2025,TOTAL NACIONAL,"Actividades profesionales, científicas, técnicas y servicios administrativos",Ago - Oct,1767.6823510000002
2025,TOTAL NACIONAL,"Actividades profesionales, científicas, técnicas y servicios administrativos",Sep - Nov,1788.4182627
2025,TOTAL NACIONAL,"Actividades profesionales, científicas, técnicas y servicios administrativos",Oct - Dic,1856.4483096333333
2025,TOTAL NACIONAL,"Actividades profesionales, científicas, técnicas y servicios administrativos",Nov - Ene,1882.3805053666667
2025,TOTAL NACIONAL,"Actividades profesionales, científicas, técnicas y servicios administrativos",Dic - Feb,1934.1859442333334
2026,TOTAL NACIONAL,"Actividades profesionales, científicas, técnicas y servicios administrativos",Ene - Mar,1910.6219738666666
2026,TOTAL NACIONAL,"Actividades profesionales, científicas, técnicas y servicios administrativos",Feb - Abr,1914.8024218
2026,TOTAL NACIONAL,"Actividades profesionales, científicas, técnicas y servicios administrativos",Mar - May,1921.1099957333333
2026,TOTAL NACIONAL,"Actividades profesionales, científicas, técnicas y servicios administrativos",Abr - Jun,1941.6315365333332
2015,TOTAL NACIONAL,"Administración pública y defensa, educación y atención de la salud humana",Ene - Mar,2172.1083247
2015,TOTAL NACIONAL,"Administración pública y defensa, educación y atención de la salud humana",Feb - Abr,2298.8516997666666
2015,TOTAL NACIONAL,"Administración pública y defensa, educación y atención de la salud humana",Mar - May,2374.5542948
2015,TOTAL NACIONAL,"Administración pública y defensa, educación y atención de la salud humana",Abr - Jun,2419.950435633333
2015,TOTAL NACIONAL,"Administración pública y defensa, educación y atención de la salud humana",May - Jul,2405.8807844666667
2015,TOTAL NACIONAL,"Administración pública y defensa, educación y atención de la salud humana",Jun - Ago,2420.8269385333333
2015,TOTAL NACIONAL,"Administración pública y defensa, educación y atención de la salud humana",Jul - Sep,2420.547178166667
2015,TOTAL NACIONAL,"Administración pública y defensa, educación y atención de la salud humana",Ago - Oct,2483.556092433333
2015,TOTAL NACIONAL,"Administración pública y defensa, educación y atención de la salud humana",Sep - Nov,2459.340869033333
2015,TOTAL NACIONAL,"Administración pública y defensa, educación y atención de la salud humana",Oct - Dic,2373.2650530666665
2015,TOTAL NACIONAL,"Administración pública y defensa, educación y atención de la salud humana",Nov - Ene,2264.8815769666667
2015,TOTAL NACIONAL,"Administración pública y defensa, educación y atención de la salud humana",Dic - Feb,2258.1903390666666
2016,TOTAL NACIONAL,"Administración pública y defensa, educación y atención de la salud humana",Ene - Mar,2321.591421166667
2016,TOTAL NACIONAL,"Administración pública y defensa, educación y atención de la salud humana",Feb - Abr,2397.0431667333337
2016,TOTAL NACIONAL,"Administración pública y defensa, educación y atención de la salud humana",Mar - May,2465.045781666667
2016,TOTAL NACIONAL,"Administración pública y defensa, educación y atención de la salud humana",Abr - Jun,2501.1301310333333
2016,TOTAL NACIONAL,"Administración pública y defensa, educación y atención de la salud humana",May - Jul,2496.0656852666666
2016,TOTAL NACIONAL,"Administración pública y defensa, educación y atención de la salud humana",Jun - Ago,2458.4303543666665
2016,TOTAL NACIONAL,"Administración pública y defensa, educación y atención de la salud humana",Jul - Sep,2461.5266612
2016,TOTAL NACIONAL,"Administración pública y defensa, educación y atención de la salud humana",Ago - Oct,2462.7511324333336
2016,TOTAL NACIONAL,"Administración pública y defensa, educación y atención de la salud humana",Sep - Nov,2506.8336099666667
2016,TOTAL NACIONAL,"Administración pública y defensa, educación y atención de la salud humana",Oct - Dic,2448.5656847333335
2016,TOTAL NACIONAL,"Administración pública y defensa, educación y atención de la salud humana",Nov - Ene,2346.9926603666663
2016,TOTAL NACIONAL,"Administración pública y defensa, educación y atención de la salud humana",Dic - Feb,2233.8334299
2017,TOTAL NACIONAL,"Administración pública y defensa, educación y atención de la salud humana",Ene - Mar,2259.447670833333
2017,TOTAL NACIONAL,"Administración pública y defensa, educación y atención de la salud humana",Feb - Abr,2403.1822715333333
2017,TOTAL NACIONAL,"Administración pública y defensa, educación y atención de la salud humana",Mar - May,2477.2284603000003
2017,TOTAL NACIONAL,"Administración pública y defensa, educación y atención de la salud humana",Abr - Jun,2538.0366183333335
2017,TOTAL NACIONAL,"Administración pública y defensa, educación y atención de la salud humana",May - Jul,2450.2620766333334
2017,TOTAL NACIONAL,"Administración pública y defensa, educación y atención de la salud humana",Jun - Ago,2507.7549023666666
2017,TOTAL NACIONAL,"Administración pública y defensa, educación y atención de la salud humana",Jul - Sep,2488.0613955666663
2017,TOTAL NACIONAL,"Administración pública y defensa, educación y atención de la salud humana",Ago - Oct,2543.3051343
2017,TOTAL NACIONAL,"Administración pública y defensa, educación y atención de la salud humana",Sep - Nov,2483.163093533333
2017,TOTAL NACIONAL,"Administración pública y defensa, educación y atención de la salud humana",Oct - Dic,2370.7924823
2017,TOTAL NACIONAL,"Administración pública y defensa, educación y atención de la salud humana",Nov - Ene,2250.3484687
2017,TOTAL NACIONAL,"Administración pública y defensa, educación y atención de la salud humana",Dic - Feb,2199.610431166667
2018,TOTAL NACIONAL,"Administración pública y defensa, educación y atención de la salud humana",Ene - Mar,2282.360347933333
2018,TOTAL NACIONAL,"Administración pública y defensa, educación y atención de la salud humana",Feb - Abr,2442.5283908333336
2018,TOTAL NACIONAL,"Administración pública y defensa, educación y atención de la salud humana",Mar - May,2526.0229661
2018,TOTAL NACIONAL,"Administración pública y defensa, educación y atención de la salud humana",Abr - Jun,2640.6815231333335
2018,TOTAL NACIONAL,"Administración pública y defensa, educación y atención de la salud humana",May - Jul,2618.2815607666666
2018,TOTAL NACIONAL,"Administración pública y defensa, educación y atención de la salud humana",Jun - Ago,2643.7986224666665
2018,TOTAL NACIONAL,"Administración pública y defensa, educación y atención de la salud humana",Jul - Sep,2502.6911526999997
2018,TOTAL NACIONAL,"Administración pública y defensa, educación y atención de la salud humana",Ago - Oct,2490.1288980000004
2018,TOTAL NACIONAL,"Administración pública y defensa, educación y atención de la salud humana",Sep - Nov,2431.442310666667
2018,TOTAL NACIONAL,"Administración pública y defensa, educación y atención de la salud humana",Oct - Dic,2436.1596973
2018,TOTAL NACIONAL,"Administración pública y defensa, educación y atención de la salud humana",Nov - Ene,2317.955663633333
2018,TOTAL NACIONAL,"Administración pública y defensa, educación y atención de la salud humana",Dic - Feb,2312.312482566667
2019,TOTAL NACIONAL,"Administración pública y defensa, educación y atención de la salud humana",Ene - Mar,2377.889156333333
2019,TOTAL NACIONAL,"Administración pública y defensa, educación y atención de la salud humana",Feb - Abr,2514.6755461
2019,TOTAL NACIONAL,"Administración pública y defensa, educación y atención de la salud humana",Mar - May,2596.520675933333
2019,TOTAL NACIONAL,"Administración pública y defensa, educación y atención de la salud humana",Abr - Jun,2650.1802507333337
2019,TOTAL NACIONAL,"Administración pública y defensa, educación y atención de la salud humana",May - Jul,2640.3992532333336
2019,TOTAL NACIONAL,"Administración pública y defensa, educación y atención de la salud humana",Jun - Ago,2612.5000352
2019,TOTAL NACIONAL,"Administración pública y defensa, educación y atención de la salud humana",Jul - Sep,2539.3850912666667
2019,TOTAL NACIONAL,"Administración pública y defensa, educación y atención de la salud humana",Ago - Oct,2548.8341591333333
2019,TOTAL NACIONAL,"Administración pública y defensa, educación y atención de la salud humana",Sep - Nov,2534.7196280333333
2019,TOTAL NACIONAL,"Administración pública y defensa, educación y atención de la salud humana",Oct - Dic,2450.3458420333336
2019,TOTAL NACIONAL,"Administración pública y defensa, educación y atención de la salud humana",Nov - Ene,2322.7038233
2019,TOTAL NACIONAL,"Administración pública y defensa, educación y atención de la salud humana",Dic - Feb,2261.248197866667
2020,TOTAL NACIONAL,"Administración pública y defensa, educación y atención de la salud humana",Ene - Mar,2289.3957719666664
2020,TOTAL NACIONAL,"Administración pública y defensa, educación y atención de la salud humana",Feb - Abr,2252.2500051
2020,TOTAL NACIONAL,"Administración pública y defensa, educación y atención de la salud humana",Mar - May,2138.946709766667
2020,TOTAL NACIONAL,"Administración pública y defensa, educación y atención de la salud humana",Abr - Jun,2050.103946333333
2020,TOTAL NACIONAL,"Administración pública y defensa, educación y atención de la salud humana",May - Jul,2040.5671901000003
2020,TOTAL NACIONAL,"Administración pública y defensa, educación y atención de la salud humana",Jun - Ago,2135.5583571333336
2020,TOTAL NACIONAL,"Administración pública y defensa, educación y atención de la salud humana",Jul - Sep,2161.832695666667
2020,TOTAL NACIONAL,"Administración pública y defensa, educación y atención de la salud humana",Ago - Oct,2263.1067343
2020,TOTAL NACIONAL,"Administración pública y defensa, educación y atención de la salud humana",Sep - Nov,2316.226858266667
2020,TOTAL NACIONAL,"Administración pública y defensa, educación y atención de la salud humana",Oct - Dic,2324.8646626666664
2020,TOTAL NACIONAL,"Administración pública y defensa, educación y atención de la salud humana",Nov - Ene,2359.0882189
2020,TOTAL NACIONAL,"Administración pública y defensa, educación y atención de la salud humana",Dic - Feb,2415.3543709
2021,TOTAL NACIONAL,"Administración pública y defensa, educación y atención de la salud humana",Ene - Mar,2474.885410766667
2021,TOTAL NACIONAL,"Administración pública y defensa, educación y atención de la salud humana",Feb - Abr,2543.827011566667
2021,TOTAL NACIONAL,"Administración pública y defensa, educación y atención de la salud humana",Mar - May,2546.7258475333333
2021,TOTAL NACIONAL,"Administración pública y defensa, educación y atención de la salud humana",Abr - Jun,2551.6147745666667
2021,TOTAL NACIONAL,"Administración pública y defensa, educación y atención de la salud humana",May - Jul,2493.2937144
2021,TOTAL NACIONAL,"Administración pública y defensa, educación y atención de la salud humana",Jun - Ago,2434.7897113
2021,TOTAL NACIONAL,"Administración pública y defensa, educación y atención de la salud humana",Jul - Sep,2469.8145572666667
2021,TOTAL NACIONAL,"Administración pública y defensa, educación y atención de la salud humana",Ago - Oct,2488.728367
2021,TOTAL NACIONAL,"Administración pública y defensa, educación y atención de la salud humana",Sep - Nov,2557.9656162333335
2021,TOTAL NACIONAL,"Administración pública y defensa, educación y atención de la salud humana",Oct - Dic,2534.2487286333335
2021,TOTAL NACIONAL,"Administración pública y defensa, educación y atención de la salud humana",Nov - Ene,2527.412969833333
2021,TOTAL NACIONAL,"Administración pública y defensa, educación y atención de la salud humana",Dic - Feb,2487.0791756000003
2022,TOTAL NACIONAL,"Administración pública y defensa, educación y atención de la salud humana",Ene - Mar,2572.049117066667
2022,TOTAL NACIONAL,"Administración pública y defensa, educación y atención de la salud humana",Feb - Abr,2646.9493073666667
2022,TOTAL NACIONAL,"Administración pública y defensa, educación y atención de la salud humana",Mar - May,2746.7585543
2022,TOTAL NACIONAL,"Administración pública y defensa, educación y atención de la salud humana",Abr - Jun,2706.963975066667
2022,TOTAL NACIONAL,"Administración pública y defensa, educación y atención de la salud humana",May - Jul,2710.7501571
2022,TOTAL NACIONAL,"Administración pública y defensa, educación y atención de la salud humana",Jun - Ago,2682.0171150333335
2022,TOTAL NACIONAL,"Administración pública y defensa, educación y atención de la salud humana",Jul - Sep,2693.4939230333334
2022,TOTAL NACIONAL,"Administración pública y defensa, educación y atención de la salud humana",Ago - Oct,2674.807551766667
2022,TOTAL NACIONAL,"Administración pública y defensa, educación y atención de la salud humana",Sep - Nov,2676.7929818333337
2022,TOTAL NACIONAL,"Administración pública y defensa, educación y atención de la salud humana",Oct - Dic,2689.1046981333334
2022,TOTAL NACIONAL,"Administración pública y defensa, educación y atención de la salud humana",Nov - Ene,2557.8857367666665
2022,TOTAL NACIONAL,"Administración pública y defensa, educación y atención de la salud humana",Dic - Feb,2481.5542015
2023,TOTAL NACIONAL,"Administración pública y defensa, educación y atención de la salud humana",Ene - Mar,2559.3653939
2023,TOTAL NACIONAL,"Administración pública y defensa, educación y atención de la salud humana",Feb - Abr,2744.791390933333
2023,TOTAL NACIONAL,"Administración pública y defensa, educación y atención de la salud humana",Mar - May,2803.1003356
2023,TOTAL NACIONAL,"Administración pública y defensa, educación y atención de la salud humana",Abr - Jun,2791.2982190999996
2023,TOTAL NACIONAL,"Administración pública y defensa, educación y atención de la salud humana",May - Jul,2762.6013070333333
2023,TOTAL NACIONAL,"Administración pública y defensa, educación y atención de la salud humana",Jun - Ago,2840.095818
2023,TOTAL NACIONAL,"Administración pública y defensa, educación y atención de la salud humana",Jul - Sep,2840.548481766667
2023,TOTAL NACIONAL,"Administración pública y defensa, educación y atención de la salud humana",Ago - Oct,2878.5685171666664
2023,TOTAL NACIONAL,"Administración pública y defensa, educación y atención de la salud humana",Sep - Nov,2822.283385133333
2023,TOTAL NACIONAL,"Administración pública y defensa, educación y atención de la salud humana",Oct - Dic,2761.6563007333334
2023,TOTAL NACIONAL,"Administración pública y defensa, educación y atención de la salud humana",Nov - Ene,2624.9313423666667
2023,TOTAL NACIONAL,"Administración pública y defensa, educación y atención de la salud humana",Dic - Feb,2574.1563057999997
2024,TOTAL NACIONAL,"Administración pública y defensa, educación y atención de la salud humana",Ene - Mar,2620.494808133333
2024,TOTAL NACIONAL,"Administración pública y defensa, educación y atención de la salud humana",Feb - Abr,2764.1455364999997
2024,TOTAL NACIONAL,"Administración pública y defensa, educación y atención de la salud humana",Mar - May,2827.1675917
2024,TOTAL NACIONAL,"Administración pública y defensa, educación y atención de la salud humana",Abr - Jun,2783.6024189666664
2024,TOTAL NACIONAL,"Administración pública y defensa, educación y atención de la salud humana",May - Jul,2793.2581990333333
2024,TOTAL NACIONAL,"Administración pública y defensa, educación y atención de la salud humana",Jun - Ago,2812.7917396666667
2024,TOTAL NACIONAL,"Administración pública y defensa, educación y atención de la salud humana",Jul - Sep,2855.5762991333336
2024,TOTAL NACIONAL,"Administración pública y defensa, educación y atención de la salud humana",Ago - Oct,2803.6487231666665
2024,TOTAL NACIONAL,"Administración pública y defensa, educación y atención de la salud humana",Sep - Nov,2834.374205733333
2024,TOTAL NACIONAL,"Administración pública y defensa, educación y atención de la salud humana",Oct - Dic,2824.2054913333336
2024,TOTAL NACIONAL,"Administración pública y defensa, educación y atención de la salud humana",Nov - Ene,2769.2365828666666
2024,TOTAL NACIONAL,"Administración pública y defensa, educación y atención de la salud humana",Dic - Feb,2728.6519353666667
2025,TOTAL NACIONAL,"Administración pública y defensa, educación y atención de la salud humana",Ene - Mar,2688.7382277333336
2025,TOTAL NACIONAL,"Administración pública y defensa, educación y atención de la salud humana",Feb - Abr,2864.4689891333333
2025,TOTAL NACIONAL,"Administración pública y defensa, educación y atención de la salud humana",Mar - May,2871.9470799333335
2025,TOTAL NACIONAL,"Administración pública y defensa, educación y atención de la salud humana",Abr - Jun,2959.7332103666668
2025,TOTAL NACIONAL,"Administración pública y defensa, educación y atención de la salud humana",May - Jul,2873.099675033334
2025,TOTAL NACIONAL,"Administración pública y defensa, educación y atención de la salud humana",Jun - Ago,2924.5596122666666
2025,TOTAL NACIONAL,"Administración pública y defensa, educación y atención de la salud humana",Jul - Sep,2949.4572812333336
2025,TOTAL NACIONAL,"Administración pública y defensa, educación y atención de la salud humana",Ago - Oct,2972.552631666667
2025,TOTAL NACIONAL,"Administración pública y defensa, educación y atención de la salud humana",Sep - Nov,2968.4662691666667
2025,TOTAL NACIONAL,"Administración pública y defensa, educación y atención de la salud humana",Oct - Dic,2936.0658685
2025,TOTAL NACIONAL,"Administración pública y defensa, educación y atención de la salud humana",Nov - Ene,2881.1350990333335
2025,TOTAL NACIONAL,"Administración pública y defensa, educación y atención de la salud humana",Dic - Feb,2907.6098242666667
2026,TOTAL NACIONAL,"Administración pública y defensa, educación y atención de la salud humana",Ene - Mar,2950.3801425
2026,TOTAL NACIONAL,"Administración pública y defensa, educación y atención de la salud humana",Feb - Abr,3146.943348033333
2026,TOTAL NACIONAL,"Administración pública y defensa, educación y atención de la salud humana",Mar - May,3208.2441236
2026,TOTAL NACIONAL,"Administración pública y defensa, educación y atención de la salud humana",Abr - Jun,3200.4366628666667
2015,TOTAL NACIONAL,"Actividades artísticas, entretenimiento, recreación y otras actividades de servicios",Ene - Mar,1857.5841658333331
2015,TOTAL NACIONAL,"Actividades artísticas, entretenimiento, recreación y otras actividades de servicios",Feb - Abr,1852.8004448666668
2015,TOTAL NACIONAL,"Actividades artísticas, entretenimiento, recreación y otras actividades de servicios",Mar - May,1951.8712768666664
2015,TOTAL NACIONAL,"Actividades artísticas, entretenimiento, recreación y otras actividades de servicios",Abr - Jun,1942.5597185333336
2015,TOTAL NACIONAL,"Actividades artísticas, entretenimiento, recreación y otras actividades de servicios",May - Jul,1981.1674719333332
2015,TOTAL NACIONAL,"Actividades artísticas, entretenimiento, recreación y otras actividades de servicios",Jun - Ago,1906.3215805333336
2015,TOTAL NACIONAL,"Actividades artísticas, entretenimiento, recreación y otras actividades de servicios",Jul - Sep,1912.998752166667
2015,TOTAL NACIONAL,"Actividades artísticas, entretenimiento, recreación y otras actividades de servicios",Ago - Oct,1954.1827092333333
2015,TOTAL NACIONAL,"Actividades artísticas, entretenimiento, recreación y otras actividades de servicios",Sep - Nov,1939.0065061000003
2015,TOTAL NACIONAL,"Actividades artísticas, entretenimiento, recreación y otras actividades de servicios",Oct - Dic,1898.3617254333333
2015,TOTAL NACIONAL,"Actividades artísticas, entretenimiento, recreación y otras actividades de servicios",Nov - Ene,1819.1017644
2015,TOTAL NACIONAL,"Actividades artísticas, entretenimiento, recreación y otras actividades de servicios",Dic - Feb,1820.5883104333334
2016,TOTAL NACIONAL,"Actividades artísticas, entretenimiento, recreación y otras actividades de servicios",Ene - Mar,1850.3674170000002
2016,TOTAL NACIONAL,"Actividades artísticas, entretenimiento, recreación y otras actividades de servicios",Feb - Abr,1853.0424653666666
2016,TOTAL NACIONAL,"Actividades artísticas, entretenimiento, recreación y otras actividades de servicios",Mar - May,1864.9228933666666
2016,TOTAL NACIONAL,"Actividades artísticas, entretenimiento, recreación y otras actividades de servicios",Abr - Jun,1844.6165096333334
2016,TOTAL NACIONAL,"Actividades artísticas, entretenimiento, recreación y otras actividades de servicios",May - Jul,1820.7863539999998
2016,TOTAL NACIONAL,"Actividades artísticas, entretenimiento, recreación y otras actividades de servicios",Jun - Ago,1818.5779077
2016,TOTAL NACIONAL,"Actividades artísticas, entretenimiento, recreación y otras actividades de servicios",Jul - Sep,1839.4277794999998
2016,TOTAL NACIONAL,"Actividades artísticas, entretenimiento, recreación y otras actividades de servicios",Ago - Oct,1873.7476255
2016,TOTAL NACIONAL,"Actividades artísticas, entretenimiento, recreación y otras actividades de servicios",Sep - Nov,1857.8077584
2016,TOTAL NACIONAL,"Actividades artísticas, entretenimiento, recreación y otras actividades de servicios",Oct - Dic,1891.1625544333335
2016,TOTAL NACIONAL,"Actividades artísticas, entretenimiento, recreación y otras actividades de servicios",Nov - Ene,1902.0447625
2016,TOTAL NACIONAL,"Actividades artísticas, entretenimiento, recreación y otras actividades de servicios",Dic - Feb,1903.2259866333334
2017,TOTAL NACIONAL,"Actividades artísticas, entretenimiento, recreación y otras actividades de servicios",Ene - Mar,1860.3228587666665
2017,TOTAL NACIONAL,"Actividades artísticas, entretenimiento, recreación y otras actividades de servicios",Feb - Abr,1838.2674817
2017,TOTAL NACIONAL,"Actividades artísticas, entretenimiento, recreación y otras actividades de servicios",Mar - May,1826.3759776333336
2017,TOTAL NACIONAL,"Actividades artísticas, entretenimiento, recreación y otras actividades de servicios",Abr - Jun,1872.5560158333335
2017,TOTAL NACIONAL,"Actividades artísticas, entretenimiento, recreación y otras actividades de servicios",May - Jul,1876.0269058666665
2017,TOTAL NACIONAL,"Actividades artísticas, entretenimiento, recreación y otras actividades de servicios",Jun - Ago,1873.0356228333333
2017,TOTAL NACIONAL,"Actividades artísticas, entretenimiento, recreación y otras actividades de servicios",Jul - Sep,1846.5927703666666
2017,TOTAL NACIONAL,"Actividades artísticas, entretenimiento, recreación y otras actividades de servicios",Ago - Oct,1847.4420804000001
2017,TOTAL NACIONAL,"Actividades artísticas, entretenimiento, recreación y otras actividades de servicios",Sep - Nov,1865.2652334000002
2017,TOTAL NACIONAL,"Actividades artísticas, entretenimiento, recreación y otras actividades de servicios",Oct - Dic,1882.2769327666665
2017,TOTAL NACIONAL,"Actividades artísticas, entretenimiento, recreación y otras actividades de servicios",Nov - Ene,1888.3521631
2017,TOTAL NACIONAL,"Actividades artísticas, entretenimiento, recreación y otras actividades de servicios",Dic - Feb,1850.6599736
2018,TOTAL NACIONAL,"Actividades artísticas, entretenimiento, recreación y otras actividades de servicios",Ene - Mar,1836.4105669333337
2018,TOTAL NACIONAL,"Actividades artísticas, entretenimiento, recreación y otras actividades de servicios",Feb - Abr,1820.7529295333334
2018,TOTAL NACIONAL,"Actividades artísticas, entretenimiento, recreación y otras actividades de servicios",Mar - May,1903.1147455999999
2018,TOTAL NACIONAL,"Actividades artísticas, entretenimiento, recreación y otras actividades de servicios",Abr - Jun,1906.8340340333334
2018,TOTAL NACIONAL,"Actividades artísticas, entretenimiento, recreación y otras actividades de servicios",May - Jul,1962.2927926
2018,TOTAL NACIONAL,"Actividades artísticas, entretenimiento, recreación y otras actividades de servicios",Jun - Ago,1932.6363592999999
2018,TOTAL NACIONAL,"Actividades artísticas, entretenimiento, recreación y otras actividades de servicios",Jul - Sep,1944.3589585333332
2018,TOTAL NACIONAL,"Actividades artísticas, entretenimiento, recreación y otras actividades de servicios",Ago - Oct,1896.7710407000002
2018,TOTAL NACIONAL,"Actividades artísticas, entretenimiento, recreación y otras actividades de servicios",Sep - Nov,1911.9219511333333
2018,TOTAL NACIONAL,"Actividades artísticas, entretenimiento, recreación y otras actividades de servicios",Oct - Dic,1918.0406345000001
2018,TOTAL NACIONAL,"Actividades artísticas, entretenimiento, recreación y otras actividades de servicios",Nov - Ene,1984.9176766
2018,TOTAL NACIONAL,"Actividades artísticas, entretenimiento, recreación y otras actividades de servicios",Dic - Feb,1985.2827124666665
2019,TOTAL NACIONAL,"Actividades artísticas, entretenimiento, recreación y otras actividades de servicios",Ene - Mar,2025.6502002999998
2019,TOTAL NACIONAL,"Actividades artísticas, entretenimiento, recreación y otras actividades de servicios",Feb - Abr,1988.8261327
2019,TOTAL NACIONAL,"Actividades artísticas, entretenimiento, recreación y otras actividades de servicios",Mar - May,1948.5621877333335
2019,TOTAL NACIONAL,"Actividades artísticas, entretenimiento, recreación y otras actividades de servicios",Abr - Jun,1939.4764119333333
2019,TOTAL NACIONAL,"Actividades artísticas, entretenimiento, recreación y otras actividades de servicios",May - Jul,1971.6087491666667
2019,TOTAL NACIONAL,"Actividades artísticas, entretenimiento, recreación y otras actividades de servicios",Jun - Ago,2009.4880781333334
2019,TOTAL NACIONAL,"Actividades artísticas, entretenimiento, recreación y otras actividades de servicios",Jul - Sep,1946.6337298333335
2019,TOTAL NACIONAL,"Actividades artísticas, entretenimiento, recreación y otras actividades de servicios",Ago - Oct,1945.2075046333332
2019,TOTAL NACIONAL,"Actividades artísticas, entretenimiento, recreación y otras actividades de servicios",Sep - Nov,1893.9110820333335
2019,TOTAL NACIONAL,"Actividades artísticas, entretenimiento, recreación y otras actividades de servicios",Oct - Dic,1911.0628853333335
2019,TOTAL NACIONAL,"Actividades artísticas, entretenimiento, recreación y otras actividades de servicios",Nov - Ene,1910.0629244000002
2019,TOTAL NACIONAL,"Actividades artísticas, entretenimiento, recreación y otras actividades de servicios",Dic - Feb,1946.6517649
2020,TOTAL NACIONAL,"Actividades artísticas, entretenimiento, recreación y otras actividades de servicios",Ene - Mar,1840.371938
2020,TOTAL NACIONAL,"Actividades artísticas, entretenimiento, recreación y otras actividades de servicios",Feb - Abr,1556.4222349333334
2020,TOTAL NACIONAL,"Actividades artísticas, entretenimiento, recreación y otras actividades de servicios",Mar - May,1368.8336114333333
2020,TOTAL NACIONAL,"Actividades artísticas, entretenimiento, recreación y otras actividades de servicios",Abr - Jun,1282.7604073666669
2020,TOTAL NACIONAL,"Actividades artísticas, entretenimiento, recreación y otras actividades de servicios",May - Jul,1361.9389436666668
2020,TOTAL NACIONAL,"Actividades artísticas, entretenimiento, recreación y otras actividades de servicios",Jun - Ago,1441.8749100000002
2020,TOTAL NACIONAL,"Actividades artísticas, entretenimiento, recreación y otras actividades de servicios",Jul - Sep,1534.981110533333
2020,TOTAL NACIONAL,"Actividades artísticas, entretenimiento, recreación y otras actividades de servicios",Ago - Oct,1677.2830869999998
2020,TOTAL NACIONAL,"Actividades artísticas, entretenimiento, recreación y otras actividades de servicios",Sep - Nov,1694.5702467333333
2020,TOTAL NACIONAL,"Actividades artísticas, entretenimiento, recreación y otras actividades de servicios",Oct - Dic,1694.6032438666668
2020,TOTAL NACIONAL,"Actividades artísticas, entretenimiento, recreación y otras actividades de servicios",Nov - Ene,1586.5323553666667
2020,TOTAL NACIONAL,"Actividades artísticas, entretenimiento, recreación y otras actividades de servicios",Dic - Feb,1582.2985094000003
2021,TOTAL NACIONAL,"Actividades artísticas, entretenimiento, recreación y otras actividades de servicios",Ene - Mar,1566.4305434666667
2021,TOTAL NACIONAL,"Actividades artísticas, entretenimiento, recreación y otras actividades de servicios",Feb - Abr,1535.6800071333334
2021,TOTAL NACIONAL,"Actividades artísticas, entretenimiento, recreación y otras actividades de servicios",Mar - May,1520.1511019333332
2021,TOTAL NACIONAL,"Actividades artísticas, entretenimiento, recreación y otras actividades de servicios",Abr - Jun,1470.467533
2021,TOTAL NACIONAL,"Actividades artísticas, entretenimiento, recreación y otras actividades de servicios",May - Jul,1501.3008698
2021,TOTAL NACIONAL,"Actividades artísticas, entretenimiento, recreación y otras actividades de servicios",Jun - Ago,1524.1708895666668
2021,TOTAL NACIONAL,"Actividades artísticas, entretenimiento, recreación y otras actividades de servicios",Jul - Sep,1578.1125053666667
2021,TOTAL NACIONAL,"Actividades artísticas, entretenimiento, recreación y otras actividades de servicios",Ago - Oct,1621.4705047999998
2021,TOTAL NACIONAL,"Actividades artísticas, entretenimiento, recreación y otras actividades de servicios",Sep - Nov,1637.4444951666667
2021,TOTAL NACIONAL,"Actividades artísticas, entretenimiento, recreación y otras actividades de servicios",Oct - Dic,1703.5678248000002
2021,TOTAL NACIONAL,"Actividades artísticas, entretenimiento, recreación y otras actividades de servicios",Nov - Ene,1700.4156890333334
2021,TOTAL NACIONAL,"Actividades artísticas, entretenimiento, recreación y otras actividades de servicios",Dic - Feb,1754.0682065333333
2022,TOTAL NACIONAL,"Actividades artísticas, entretenimiento, recreación y otras actividades de servicios",Ene - Mar,1736.5587594666667
2022,TOTAL NACIONAL,"Actividades artísticas, entretenimiento, recreación y otras actividades de servicios",Feb - Abr,1785.2600160999998
2022,TOTAL NACIONAL,"Actividades artísticas, entretenimiento, recreación y otras actividades de servicios",Mar - May,1824.8671471666667
2022,TOTAL NACIONAL,"Actividades artísticas, entretenimiento, recreación y otras actividades de servicios",Abr - Jun,1891.6531647666668
2022,TOTAL NACIONAL,"Actividades artísticas, entretenimiento, recreación y otras actividades de servicios",May - Jul,1873.9833072000001
2022,TOTAL NACIONAL,"Actividades artísticas, entretenimiento, recreación y otras actividades de servicios",Jun - Ago,1832.3069771
2022,TOTAL NACIONAL,"Actividades artísticas, entretenimiento, recreación y otras actividades de servicios",Jul - Sep,1799.9425530333335
2022,TOTAL NACIONAL,"Actividades artísticas, entretenimiento, recreación y otras actividades de servicios",Ago - Oct,1864.3602147
2022,TOTAL NACIONAL,"Actividades artísticas, entretenimiento, recreación y otras actividades de servicios",Sep - Nov,1929.2745880333332
2022,TOTAL NACIONAL,"Actividades artísticas, entretenimiento, recreación y otras actividades de servicios",Oct - Dic,1977.4332002666667
2022,TOTAL NACIONAL,"Actividades artísticas, entretenimiento, recreación y otras actividades de servicios",Nov - Ene,1950.3834620333334
2022,TOTAL NACIONAL,"Actividades artísticas, entretenimiento, recreación y otras actividades de servicios",Dic - Feb,1895.6577091666668
2023,TOTAL NACIONAL,"Actividades artísticas, entretenimiento, recreación y otras actividades de servicios",Ene - Mar,1872.5389955
2023,TOTAL NACIONAL,"Actividades artísticas, entretenimiento, recreación y otras actividades de servicios",Feb - Abr,1872.2524095
2023,TOTAL NACIONAL,"Actividades artísticas, entretenimiento, recreación y otras actividades de servicios",Mar - May,1838.3406503333333
2023,TOTAL NACIONAL,"Actividades artísticas, entretenimiento, recreación y otras actividades de servicios",Abr - Jun,1880.7760076000002
2023,TOTAL NACIONAL,"Actividades artísticas, entretenimiento, recreación y otras actividades de servicios",May - Jul,1916.2415998666668
2023,TOTAL NACIONAL,"Actividades artísticas, entretenimiento, recreación y otras actividades de servicios",Jun - Ago,1981.827352733333
2023,TOTAL NACIONAL,"Actividades artísticas, entretenimiento, recreación y otras actividades de servicios",Jul - Sep,1966.3434224666664
2023,TOTAL NACIONAL,"Actividades artísticas, entretenimiento, recreación y otras actividades de servicios",Ago - Oct,1960.7870060666667
2023,TOTAL NACIONAL,"Actividades artísticas, entretenimiento, recreación y otras actividades de servicios",Sep - Nov,1988.0531083333333
2023,TOTAL NACIONAL,"Actividades artísticas, entretenimiento, recreación y otras actividades de servicios",Oct - Dic,1978.6781065333334
2023,TOTAL NACIONAL,"Actividades artísticas, entretenimiento, recreación y otras actividades de servicios",Nov - Ene,1985.5695269999999
2023,TOTAL NACIONAL,"Actividades artísticas, entretenimiento, recreación y otras actividades de servicios",Dic - Feb,1973.5931848333332
2024,TOTAL NACIONAL,"Actividades artísticas, entretenimiento, recreación y otras actividades de servicios",Ene - Mar,1949.993751733333
2024,TOTAL NACIONAL,"Actividades artísticas, entretenimiento, recreación y otras actividades de servicios",Feb - Abr,1915.6882779999999
2024,TOTAL NACIONAL,"Actividades artísticas, entretenimiento, recreación y otras actividades de servicios",Mar - May,1911.7171788666667
2024,TOTAL NACIONAL,"Actividades artísticas, entretenimiento, recreación y otras actividades de servicios",Abr - Jun,1924.9084282666665
2024,TOTAL NACIONAL,"Actividades artísticas, entretenimiento, recreación y otras actividades de servicios",May - Jul,1955.8751439
2024,TOTAL NACIONAL,"Actividades artísticas, entretenimiento, recreación y otras actividades de servicios",Jun - Ago,2009.5353025666666
2024,TOTAL NACIONAL,"Actividades artísticas, entretenimiento, recreación y otras actividades de servicios",Jul - Sep,2032.933198
2024,TOTAL NACIONAL,"Actividades artísticas, entretenimiento, recreación y otras actividades de servicios",Ago - Oct,2050.4139667333334
2024,TOTAL NACIONAL,"Actividades artísticas, entretenimiento, recreación y otras actividades de servicios",Sep - Nov,2025.3488976
2024,TOTAL NACIONAL,"Actividades artísticas, entretenimiento, recreación y otras actividades de servicios",Oct - Dic,2028.0195230333336
2024,TOTAL NACIONAL,"Actividades artísticas, entretenimiento, recreación y otras actividades de servicios",Nov - Ene,2021.5639340999999
2024,TOTAL NACIONAL,"Actividades artísticas, entretenimiento, recreación y otras actividades de servicios",Dic - Feb,1959.6762961666666
2025,TOTAL NACIONAL,"Actividades artísticas, entretenimiento, recreación y otras actividades de servicios",Ene - Mar,1953.7018925
2025,TOTAL NACIONAL,"Actividades artísticas, entretenimiento, recreación y otras actividades de servicios",Feb - Abr,1923.5570614
2025,TOTAL NACIONAL,"Actividades artísticas, entretenimiento, recreación y otras actividades de servicios",Mar - May,1958.3876467
2025,TOTAL NACIONAL,"Actividades artísticas, entretenimiento, recreación y otras actividades de servicios",Abr - Jun,1915.5387336333333
2025,TOTAL NACIONAL,"Actividades artísticas, entretenimiento, recreación y otras actividades de servicios",May - Jul,1945.6806156999999
2025,TOTAL NACIONAL,"Actividades artísticas, entretenimiento, recreación y otras actividades de servicios",Jun - Ago,1978.9614872333332
2025,TOTAL NACIONAL,"Actividades artísticas, entretenimiento, recreación y otras actividades de servicios",Jul - Sep,2028.2367251333333
2025,TOTAL NACIONAL,"Actividades artísticas, entretenimiento, recreación y otras actividades de servicios",Ago - Oct,2010.5237919666667
2025,TOTAL NACIONAL,"Actividades artísticas, entretenimiento, recreación y otras actividades de servicios",Sep - Nov,2030.9638486000001
2025,TOTAL NACIONAL,"Actividades artísticas, entretenimiento, recreación y otras actividades de servicios",Oct - Dic,2068.603991
2025,TOTAL NACIONAL,"Actividades artísticas, entretenimiento, recreación y otras actividades de servicios",Nov - Ene,2072.8078552
2025,TOTAL NACIONAL,"Actividades artísticas, entretenimiento, recreación y otras actividades de servicios",Dic - Feb,2047.0301551
2026,TOTAL NACIONAL,"Actividades artísticas, entretenimiento, recreación y otras actividades de servicios",Ene - Mar,2016.1525844666667
2026,TOTAL NACIONAL,"Actividades artísticas, entretenimiento, recreación y otras actividades de servicios",Feb - Abr,2048.8513064666663
2026,TOTAL NACIONAL,"Actividades artísticas, entretenimiento, recreación y otras actividades de servicios",Mar - May,2038.111055
2026,TOTAL NACIONAL,"Actividades artísticas, entretenimiento, recreación y otras actividades de servicios",Abr - Jun,2018.7232361666665
2015,HOMBRES,Población ocupada,Ene - Mar,11982.088864333333
2015,HOMBRES,Población ocupada,Feb - Abr,12029.572660333333
2015,HOMBRES,Población ocupada,Mar - May,12046.631701333332
2015,HOMBRES,Población ocupada,Abr - Jun,12099.175308
2015,HOMBRES,Población ocupada,May - Jul,12125.779166
2015,HOMBRES,Población ocupada,Jun - Ago,12147.211249999998
2015,HOMBRES,Población ocupada,Jul - Sep,12096.121805
2015,HOMBRES,Población ocupada,Ago - Oct,12205.507114
2015,HOMBRES,Población ocupada,Sep - Nov,12317.557545000001
2015,HOMBRES,Población ocupada,Oct - Dic,12474.982936666667
2015,HOMBRES,Población ocupada,Nov - Ene,12329.445119000002
2015,HOMBRES,Población ocupada,Dic - Feb,12202.138345
2016,HOMBRES,Población ocupada,Ene - Mar,12016.393871333334
2016,HOMBRES,Población ocupada,Feb - Abr,12098.159072
2016,HOMBRES,Población ocupada,Mar - May,12069.021916666665
2016,HOMBRES,Población ocupada,Abr - Jun,12182.264716999998
2016,HOMBRES,Población ocupada,May - Jul,12102.973513666666
2016,HOMBRES,Población ocupada,Jun - Ago,12191.257811666665
2016,HOMBRES,Población ocupada,Jul - Sep,12162.325383333335
2016,HOMBRES,Población ocupada,Ago - Oct,12308.625750666666
2016,HOMBRES,Población ocupada,Sep - Nov,12368.440244666666
2016,HOMBRES,Población ocupada,Oct - Dic,12474.668301666667
2016,HOMBRES,Población ocupada,Nov - Ene,12359.467293
2016,HOMBRES,Población ocupada,Dic - Feb,12258.856569000001
2017,HOMBRES,Población ocupada,Ene - Mar,12157.558792000002
2017,HOMBRES,Población ocupada,Feb - Abr,12209.818157
2017,HOMBRES,Población ocupada,Mar - May,12260.019071666664
2017,HOMBRES,Población ocupada,Abr - Jun,12361.597759999999
2017,HOMBRES,Población ocupada,May - Jul,12368.137093333333
2017,HOMBRES,Población ocupada,Jun - Ago,12388.086095666666
2017,HOMBRES,Población ocupada,Jul - Sep,12319.428227999999
2017,HOMBRES,Población ocupada,Ago - Oct,12375.951309999999
2017,HOMBRES,Población ocupada,Sep - Nov,12447.729717
2017,HOMBRES,Población ocupada,Oct - Dic,12517.287741333334
2017,HOMBRES,Población ocupada,Nov - Ene,12408.930567999998
2017,HOMBRES,Población ocupada,Dic - Feb,12289.616642333332
2018,HOMBRES,Población ocupada,Ene - Mar,12237.935976333334
2018,HOMBRES,Población ocupada,Feb - Abr,12308.563543666669
2018,HOMBRES,Población ocupada,Mar - May,12377.376628666667
2018,HOMBRES,Población ocupada,Abr - Jun,12472.650125
2018,HOMBRES,Población ocupada,May - Jul,12525.156279
2018,HOMBRES,Población ocupada,Jun - Ago,12551.686374333332
2018,HOMBRES,Población ocupada,Jul - Sep,12529.866399
2018,HOMBRES,Población ocupada,Ago - Oct,12588.842360333334
2018,HOMBRES,Población ocupada,Sep - Nov,12597.744876333332
2018,HOMBRES,Población ocupada,Oct - Dic,12709.054857333334
2018,HOMBRES,Población ocupada,Nov - Ene,12576.139297666668
2018,HOMBRES,Población ocupada,Dic - Feb,12529.612694666668
2019,HOMBRES,Población ocupada,Ene - Mar,12369.052337333334
2019,HOMBRES,Población ocupada,Feb - Abr,12388.783750666667
2019,HOMBRES,Población ocupada,Mar - May,12391.554056666666
2019,HOMBRES,Población ocupada,Abr - Jun,12496.333761666667
2019,HOMBRES,Población ocupada,May - Jul,12498.668749666665
2019,HOMBRES,Población ocupada,Jun - Ago,12534.476554666666
2019,HOMBRES,Población ocupada,Jul - Sep,12444.144890666668
2019,HOMBRES,Población ocupada,Ago - Oct,12557.361424333334
2019,HOMBRES,Población ocupada,Sep - Nov,12688.627833
2019,HOMBRES,Población ocupada,Oct - Dic,12873.439436333334
2019,HOMBRES,Población ocupada,Nov - Ene,12761.500030000001
2019,HOMBRES,Población ocupada,Dic - Feb,12668.976774
2020,HOMBRES,Población ocupada,Ene - Mar,12236.658096
2020,HOMBRES,Población ocupada,Feb - Abr,11374.3498505
2020,HOMBRES,Población ocupada,Mar - May,10557.493567166666
2020,HOMBRES,Población ocupada,Abr - Jun,10273.3903235
2020,HOMBRES,Población ocupada,May - Jul,10676.885602
2020,HOMBRES,Población ocupada,Jun - Ago,11163.858501666668
2020,HOMBRES,Población ocupada,Jul - Sep,11462.662457666667
2020,HOMBRES,Población ocupada,Ago - Oct,11906.475091
2020,HOMBRES,Población ocupada,Sep - Nov,12132.791253666668
2020,HOMBRES,Población ocupada,Oct - Dic,12350.607862333332
2020,HOMBRES,Población ocupada,Nov - Ene,12142.645464333335
2020,HOMBRES,Población ocupada,Dic - Feb,12116.060968666667
2021,HOMBRES,Población ocupada,Ene - Mar,12111.381734
2021,HOMBRES,Población ocupada,Feb - Abr,12236.584305333332
2021,HOMBRES,Población ocupada,Mar - May,12198.133271333334
2021,HOMBRES,Población ocupada,Abr - Jun,12140.426256
2021,HOMBRES,Población ocupada,May - Jul,12260.087837333333
2021,HOMBRES,Población ocupada,Jun - Ago,12401.017710666667
2021,HOMBRES,Población ocupada,Jul - Sep,12531.418437
2021,HOMBRES,Población ocupada,Ago - Oct,12656.861486
2021,HOMBRES,Población ocupada,Sep - Nov,12735.628063000002
2021,HOMBRES,Población ocupada,Oct - Dic,12843.840313333334
2021,HOMBRES,Población ocupada,Nov - Ene,12743.074589333331
2021,HOMBRES,Población ocupada,Dic - Feb,12757.611857000002
2022,HOMBRES,Población ocupada,Ene - Mar,12772.456318333332
2022,HOMBRES,Población ocupada,Feb - Abr,12919.649402666668
2022,HOMBRES,Población ocupada,Mar - May,13025.122249
2022,HOMBRES,Población ocupada,Abr - Jun,13059.180171333333
2022,HOMBRES,Población ocupada,May - Jul,13090.432332666669
2022,HOMBRES,Población ocupada,Jun - Ago,13047.569397
2022,HOMBRES,Población ocupada,Jul - Sep,13050.800823
2022,HOMBRES,Población ocupada,Ago - Oct,13160.852973666668
2022,HOMBRES,Población ocupada,Sep - Nov,13225.871499
2022,HOMBRES,Población ocupada,Oct - Dic,13276.839117666668
2022,HOMBRES,Población ocupada,Nov - Ene,13095.051663333332
2022,HOMBRES,Población ocupada,Dic - Feb,13055.529846666666
2023,HOMBRES,Población ocupada,Ene - Mar,13118.793760999999
2023,HOMBRES,Población ocupada,Feb - Abr,13310.119557666665
2023,HOMBRES,Población ocupada,Mar - May,13328.523953999998
2023,HOMBRES,Población ocupada,Abr - Jun,13357.248584666666
2023,HOMBRES,Población ocupada,May - Jul,13388.669225
2023,HOMBRES,Población ocupada,Jun - Ago,13508.733195
2023,HOMBRES,Población ocupada,Jul - Sep,13490.093146666666
2023,HOMBRES,Población ocupada,Ago - Oct,13465.333756
2023,HOMBRES,Población ocupada,Sep - Nov,13473.831095
2023,HOMBRES,Población ocupada,Oct - Dic,13458.584745666667
2023,HOMBRES,Población ocupada,Nov - Ene,13362.732376
2023,HOMBRES,Población ocupada,Dic - Feb,13261.218176
2024,HOMBRES,Población ocupada,Ene - Mar,13207.089252666667
2024,HOMBRES,Población ocupada,Feb - Abr,13267.277896
2024,HOMBRES,Población ocupada,Mar - May,13341.624569666667
2024,HOMBRES,Población ocupada,Abr - Jun,13429.720278666666
2024,HOMBRES,Población ocupada,May - Jul,13516.059531666668
2024,HOMBRES,Población ocupada,Jun - Ago,13557.446081333333
2024,HOMBRES,Población ocupada,Jul - Sep,13597.065870666667
2024,HOMBRES,Población ocupada,Ago - Oct,13653.196694666665
2024,HOMBRES,Población ocupada,Sep - Nov,13686.173685666667
2024,HOMBRES,Población ocupada,Oct - Dic,13722.208895000002
2024,HOMBRES,Población ocupada,Nov - Ene,13706.322989333334
2024,HOMBRES,Población ocupada,Dic - Feb,13699.734792666668
2025,HOMBRES,Población ocupada,Ene - Mar,13717.091203999998
2025,HOMBRES,Población ocupada,Feb - Abr,13769.684803000002
2025,HOMBRES,Población ocupada,Mar - May,13857.188605333335
2025,HOMBRES,Población ocupada,Abr - Jun,13877.634958333334
2025,HOMBRES,Población ocupada,May - Jul,13899.762298
2025,HOMBRES,Población ocupada,Jun - Ago,13934.255946333331
2025,HOMBRES,Población ocupada,Jul - Sep,13921.990134
2025,HOMBRES,Población ocupada,Ago - Oct,14036.137187
2025,HOMBRES,Población ocupada,Sep - Nov,14128.782692666666
2025,HOMBRES,Población ocupada,Oct - Dic,14221.232313333332
2025,HOMBRES,Población ocupada,Nov - Ene,14018.053028666667
2025,HOMBRES,Población ocupada,Dic - Feb,13912.632489000001
2026,HOMBRES,Población ocupada,Ene - Mar,13930.006362333334
2026,HOMBRES,Población ocupada,Feb - Abr,14044.359245666667
2026,HOMBRES,Población ocupada,Mar - May,14143.7301
2026,HOMBRES,Población ocupada,Abr - Jun,14100.078559333333
2015,HOMBRES,No informa,Ene - Mar,0.5273492783333333
2015,HOMBRES,No informa,Feb - Abr,0.15618603866666667
2015,HOMBRES,No informa,Mar - May,0.20949562200000002
2015,HOMBRES,No informa,Abr - Jun,0.245102689
2015,HOMBRES,No informa,May - Jul,0.24269439266666668
2015,HOMBRES,No informa,Jun - Ago,0.20438405433333337
2015,HOMBRES,No informa,Jul - Sep,0.692080915
2015,HOMBRES,No informa,Ago - Oct,0.8167860023333334
2015,HOMBRES,No informa,Sep - Nov,1.5004270813333334
2015,HOMBRES,No informa,Oct - Dic,0.8706533863333332
2015,HOMBRES,No informa,Nov - Ene,0.7234234386666666
2015,HOMBRES,No informa,Dic - Feb,0.8893795399999999
2016,HOMBRES,No informa,Ene - Mar,0.8926251906666667
2016,HOMBRES,No informa,Feb - Abr,1.186608817
2016,HOMBRES,No informa,Mar - May,0.3220123916666667
2016,HOMBRES,No informa,Abr - Jun,0.6515813833333334
2016,HOMBRES,No informa,May - Jul,1.016068109
2016,HOMBRES,No informa,Jun - Ago,1.016068109
2016,HOMBRES,No informa,Jul - Sep,1.1426800603333334
2016,HOMBRES,No informa,Ago - Oct,0.4842097083333334
2016,HOMBRES,No informa,Sep - Nov,0.4842097083333334
2016,HOMBRES,No informa,Oct - Dic,0.0
2016,HOMBRES,No informa,Nov - Ene,1.7563223306666667
2016,HOMBRES,No informa,Dic - Feb,10.088418338666665
2017,HOMBRES,No informa,Ene - Mar,10.104484406666666
2017,HOMBRES,No informa,Feb - Abr,10.419149198
2017,HOMBRES,No informa,Mar - May,4.8691672593333335
2017,HOMBRES,No informa,Abr - Jun,4.853101191333333
2017,HOMBRES,No informa,May - Jul,4.833416041333333
2017,HOMBRES,No informa,Jun - Ago,2.0807323986666666
2017,HOMBRES,No informa,Jul - Sep,5.367992351666667
2017,HOMBRES,No informa,Ago - Oct,3.5813001330000005
2017,HOMBRES,No informa,Sep - Nov,4.028450548333334
2017,HOMBRES,No informa,Oct - Dic,1.0349028726666667
2017,HOMBRES,No informa,Nov - Ene,0.7702931193333334
2017,HOMBRES,No informa,Dic - Feb,0.2937122773333333
2018,HOMBRES,No informa,Ene - Mar,0.0
2018,HOMBRES,No informa,Feb - Abr,0.0
2018,HOMBRES,No informa,Mar - May,0.0
2018,HOMBRES,No informa,Abr - Jun,0.0
2018,HOMBRES,No informa,May - Jul,0.5668074786666667
2018,HOMBRES,No informa,Jun - Ago,0.6451209933333334
2018,HOMBRES,No informa,Jul - Sep,0.6451209933333334
2018,HOMBRES,No informa,Ago - Oct,0.133104265
2018,HOMBRES,No informa,Sep - Nov,0.05479075033333333
2018,HOMBRES,No informa,Oct - Dic,0.05479075033333333
2018,HOMBRES,No informa,Nov - Ene,0.0
2018,HOMBRES,No informa,Dic - Feb,0.0
2019,HOMBRES,No informa,Ene - Mar,0.0
2019,HOMBRES,No informa,Feb - Abr,0.0
2019,HOMBRES,No informa,Mar - May,0.0
2019,HOMBRES,No informa,Abr - Jun,0.0
2019,HOMBRES,No informa,May - Jul,0.6712781353333334
2019,HOMBRES,No informa,Jun - Ago,0.6712781353333334
2019,HOMBRES,No informa,Jul - Sep,0.6712781353333334
2019,HOMBRES,No informa,Ago - Oct,0.0
2019,HOMBRES,No informa,Sep - Nov,0.0
2019,HOMBRES,No informa,Oct - Dic,1.3938202123333332
2019,HOMBRES,No informa,Nov - Ene,3.361793285333333
2019,HOMBRES,No informa,Dic - Feb,3.361793285333333
2020,HOMBRES,No informa,Ene - Mar,5.487269690333334
2020,HOMBRES,No informa,Feb - Abr,9.735193596
2020,HOMBRES,No informa,Mar - May,10.593039070333333
2020,HOMBRES,No informa,Abr - Jun,7.5880204
2020,HOMBRES,No informa,May - Jul,2.7902125366666666
2020,HOMBRES,No informa,Jun - Ago,1.9323670623333333
2020,HOMBRES,No informa,Jul - Sep,1.462728171
2020,HOMBRES,No informa,Ago - Oct,0.04463905566666667
2020,HOMBRES,No informa,Sep - Nov,0.500844426
2020,HOMBRES,No informa,Oct - Dic,0.5624020616666666
2020,HOMBRES,No informa,Nov - Ene,10.749599051666666
2020,HOMBRES,No informa,Dic - Feb,19.795271094
2021,HOMBRES,No informa,Ene - Mar,32.315585285333334
2021,HOMBRES,No informa,Feb - Abr,22.128388295333334
2021,HOMBRES,No informa,Mar - May,14.563624124333336
2021,HOMBRES,No informa,Abr - Jun,1.9371132416666665
2021,HOMBRES,No informa,May - Jul,1.9371132416666665
2021,HOMBRES,No informa,Jun - Ago,2.552822856666667
2021,HOMBRES,No informa,Jul - Sep,2.552822856666667
2021,HOMBRES,No informa,Ago - Oct,4.916401239
2021,HOMBRES,No informa,Sep - Nov,28.172882781333332
2021,HOMBRES,No informa,Oct - Dic,31.061793621666666
2021,HOMBRES,No informa,Nov - Ene,33.98531905066667
2021,HOMBRES,No informa,Dic - Feb,8.799269271333333
2022,HOMBRES,No informa,Ene - Mar,5.98785959
2022,HOMBRES,No informa,Feb - Abr,2.5541957496666665
2022,HOMBRES,No informa,Mar - May,4.986808352666666
2022,HOMBRES,No informa,Abr - Jun,5.690779241
2022,HOMBRES,No informa,May - Jul,3.8841456136666666
2022,HOMBRES,No informa,Jun - Ago,0.898991509
2022,HOMBRES,No informa,Jul - Sep,1.28155504
2022,HOMBRES,No informa,Ago - Oct,1.597581579
2022,HOMBRES,No informa,Sep - Nov,10.843144017
2022,HOMBRES,No informa,Oct - Dic,9.679108438666667
2022,HOMBRES,No informa,Nov - Ene,10.259249711999999
2022,HOMBRES,No informa,Dic - Feb,0.942974156
2023,HOMBRES,No informa,Ene - Mar,2.5614140439999997
2023,HOMBRES,No informa,Feb - Abr,1.618439888
2023,HOMBRES,No informa,Mar - May,2.678039503666666
2023,HOMBRES,No informa,Abr - Jun,2.0439987836666664
2023,HOMBRES,No informa,May - Jul,2.2797333883333333
2023,HOMBRES,No informa,Jun - Ago,1.5218757603333335
2023,HOMBRES,No informa,Jul - Sep,1.217905628
2023,HOMBRES,No informa,Ago - Oct,1.109816044
2023,HOMBRES,No informa,Sep - Nov,1.5084432796666667
2023,HOMBRES,No informa,Oct - Dic,1.3379465823333334
2023,HOMBRES,No informa,Nov - Ene,1.2843174096666667
2023,HOMBRES,No informa,Dic - Feb,0.6967312806666667
2024,HOMBRES,No informa,Ene - Mar,0.34429738833333334
2024,HOMBRES,No informa,Feb - Abr,0.47527001
2024,HOMBRES,No informa,Mar - May,0.8497088420000001
2024,HOMBRES,No informa,Abr - Jun,0.692210396
2024,HOMBRES,No informa,May - Jul,0.48722192633333333
2024,HOMBRES,No informa,Jun - Ago,0.10750490966666666
2024,HOMBRES,No informa,Jul - Sep,0.10750490966666666
2024,HOMBRES,No informa,Ago - Oct,0.10750490966666666
2024,HOMBRES,No informa,Sep - Nov,0.058266633000000005
2024,HOMBRES,No informa,Oct - Dic,0.058266633000000005
2024,HOMBRES,No informa,Nov - Ene,0.506558526
2024,HOMBRES,No informa,Dic - Feb,2.5380284633333337
2025,HOMBRES,No informa,Ene - Mar,2.5380284633333337
2025,HOMBRES,No informa,Feb - Abr,2.0897365703333333
2025,HOMBRES,No informa,Mar - May,0.0
2025,HOMBRES,No informa,Abr - Jun,0.0
2025,HOMBRES,No informa,May - Jul,0.0
2025,HOMBRES,No informa,Jun - Ago,0.06971373166666667
2025,HOMBRES,No informa,Jul - Sep,0.06971373166666667
2025,HOMBRES,No informa,Ago - Oct,0.06971373166666667
2025,HOMBRES,No informa,Sep - Nov,0.8487810733333333
2025,HOMBRES,No informa,Oct - Dic,0.8487810733333333
2025,HOMBRES,No informa,Nov - Ene,0.8487810733333333
2025,HOMBRES,No informa,Dic - Feb,0.0
2026,HOMBRES,No informa,Ene - Mar,0.072949404
2026,HOMBRES,No informa,Feb - Abr,0.17498915199999998
2026,HOMBRES,No informa,Mar - May,0.17498915199999998
2026,HOMBRES,No informa,Abr - Jun,0.102039748
2015,HOMBRES,"Agricultura, ganadería, caza, silvicultura y pesca",Ene - Mar,2787.1360058666664
2015,HOMBRES,"Agricultura, ganadería, caza, silvicultura y pesca",Feb - Abr,2715.1025836333333
2015,HOMBRES,"Agricultura, ganadería, caza, silvicultura y pesca",Mar - May,2543.043005833333
2015,HOMBRES,"Agricultura, ganadería, caza, silvicultura y pesca",Abr - Jun,2620.5154273
2015,HOMBRES,"Agricultura, ganadería, caza, silvicultura y pesca",May - Jul,2722.165200233333
2015,HOMBRES,"Agricultura, ganadería, caza, silvicultura y pesca",Jun - Ago,2847.690666366667
2015,HOMBRES,"Agricultura, ganadería, caza, silvicultura y pesca",Jul - Sep,2773.5187786
2015,HOMBRES,"Agricultura, ganadería, caza, silvicultura y pesca",Ago - Oct,2873.021243533333
2015,HOMBRES,"Agricultura, ganadería, caza, silvicultura y pesca",Sep - Nov,2877.982779966667
2015,HOMBRES,"Agricultura, ganadería, caza, silvicultura y pesca",Oct - Dic,2960.123841233333
2015,HOMBRES,"Agricultura, ganadería, caza, silvicultura y pesca",Nov - Ene,2790.4387002999997
2015,HOMBRES,"Agricultura, ganadería, caza, silvicultura y pesca",Dic - Feb,2822.7916341666664
2016,HOMBRES,"Agricultura, ganadería, caza, silvicultura y pesca",Ene - Mar,2716.0004148000003
2016,HOMBRES,"Agricultura, ganadería, caza, silvicultura y pesca",Feb - Abr,2732.697851833333
2016,HOMBRES,"Agricultura, ganadería, caza, silvicultura y pesca",Mar - May,2551.4330791666666
2016,HOMBRES,"Agricultura, ganadería, caza, silvicultura y pesca",Abr - Jun,2679.8181559333334
2016,HOMBRES,"Agricultura, ganadería, caza, silvicultura y pesca",May - Jul,2750.2966049999995
2016,HOMBRES,"Agricultura, ganadería, caza, silvicultura y pesca",Jun - Ago,2946.1919356
2016,HOMBRES,"Agricultura, ganadería, caza, silvicultura y pesca",Jul - Sep,2832.1201370333333
2016,HOMBRES,"Agricultura, ganadería, caza, silvicultura y pesca",Ago - Oct,2879.0618316
2016,HOMBRES,"Agricultura, ganadería, caza, silvicultura y pesca",Sep - Nov,2809.5668490333337
2016,HOMBRES,"Agricultura, ganadería, caza, silvicultura y pesca",Oct - Dic,2890.0219975
2016,HOMBRES,"Agricultura, ganadería, caza, silvicultura y pesca",Nov - Ene,2834.2271151333334
2016,HOMBRES,"Agricultura, ganadería, caza, silvicultura y pesca",Dic - Feb,2864.5396510666665
2017,HOMBRES,"Agricultura, ganadería, caza, silvicultura y pesca",Ene - Mar,2855.5072328666665
2017,HOMBRES,"Agricultura, ganadería, caza, silvicultura y pesca",Feb - Abr,2831.5152672333334
2017,HOMBRES,"Agricultura, ganadería, caza, silvicultura y pesca",Mar - May,2760.4236146999997
2017,HOMBRES,"Agricultura, ganadería, caza, silvicultura y pesca",Abr - Jun,2797.8794173666665
2017,HOMBRES,"Agricultura, ganadería, caza, silvicultura y pesca",May - Jul,2901.304392233333
2017,HOMBRES,"Agricultura, ganadería, caza, silvicultura y pesca",Jun - Ago,3022.5726772
2017,HOMBRES,"Agricultura, ganadería, caza, silvicultura y pesca",Jul - Sep,2988.870388033333
2017,HOMBRES,"Agricultura, ganadería, caza, silvicultura y pesca",Ago - Oct,2999.8183078
2017,HOMBRES,"Agricultura, ganadería, caza, silvicultura y pesca",Sep - Nov,2996.2439692000003
2017,HOMBRES,"Agricultura, ganadería, caza, silvicultura y pesca",Oct - Dic,2989.847481133333
2017,HOMBRES,"Agricultura, ganadería, caza, silvicultura y pesca",Nov - Ene,2935.9743547333333
2017,HOMBRES,"Agricultura, ganadería, caza, silvicultura y pesca",Dic - Feb,2903.9464222666666
2018,HOMBRES,"Agricultura, ganadería, caza, silvicultura y pesca",Ene - Mar,2946.1186908666664
2018,HOMBRES,"Agricultura, ganadería, caza, silvicultura y pesca",Feb - Abr,2871.979441566666
2018,HOMBRES,"Agricultura, ganadería, caza, silvicultura y pesca",Mar - May,2784.799687733333
2018,HOMBRES,"Agricultura, ganadería, caza, silvicultura y pesca",Abr - Jun,2792.6551550666663
2018,HOMBRES,"Agricultura, ganadería, caza, silvicultura y pesca",May - Jul,2860.3090939
2018,HOMBRES,"Agricultura, ganadería, caza, silvicultura y pesca",Jun - Ago,3021.8056789999996
2018,HOMBRES,"Agricultura, ganadería, caza, silvicultura y pesca",Jul - Sep,2961.5546070666664
2018,HOMBRES,"Agricultura, ganadería, caza, silvicultura y pesca",Ago - Oct,3033.559829933333
2018,HOMBRES,"Agricultura, ganadería, caza, silvicultura y pesca",Sep - Nov,2987.6692122333334
2018,HOMBRES,"Agricultura, ganadería, caza, silvicultura y pesca",Oct - Dic,3058.1776633000004
2018,HOMBRES,"Agricultura, ganadería, caza, silvicultura y pesca",Nov - Ene,2969.939514733333
2018,HOMBRES,"Agricultura, ganadería, caza, silvicultura y pesca",Dic - Feb,2949.708399766667
2019,HOMBRES,"Agricultura, ganadería, caza, silvicultura y pesca",Ene - Mar,2835.6829094333334
2019,HOMBRES,"Agricultura, ganadería, caza, silvicultura y pesca",Feb - Abr,2725.361598
2019,HOMBRES,"Agricultura, ganadería, caza, silvicultura y pesca",Mar - May,2570.2892093333335
2019,HOMBRES,"Agricultura, ganadería, caza, silvicultura y pesca",Abr - Jun,2723.5583357
2019,HOMBRES,"Agricultura, ganadería, caza, silvicultura y pesca",May - Jul,2832.830688933334
2019,HOMBRES,"Agricultura, ganadería, caza, silvicultura y pesca",Jun - Ago,2983.488246866667
2019,HOMBRES,"Agricultura, ganadería, caza, silvicultura y pesca",Jul - Sep,2816.5037141333337
2019,HOMBRES,"Agricultura, ganadería, caza, silvicultura y pesca",Ago - Oct,2905.1923982999997
2019,HOMBRES,"Agricultura, ganadería, caza, silvicultura y pesca",Sep - Nov,2875.9272101333336
2019,HOMBRES,"Agricultura, ganadería, caza, silvicultura y pesca",Oct - Dic,3001.4698387000003
2019,HOMBRES,"Agricultura, ganadería, caza, silvicultura y pesca",Nov - Ene,2870.3320161333336
2019,HOMBRES,"Agricultura, ganadería, caza, silvicultura y pesca",Dic - Feb,2830.0271321
2020,HOMBRES,"Agricultura, ganadería, caza, silvicultura y pesca",Ene - Mar,2669.4286282666667
2020,HOMBRES,"Agricultura, ganadería, caza, silvicultura y pesca",Feb - Abr,2559.9737653666666
2020,HOMBRES,"Agricultura, ganadería, caza, silvicultura y pesca",Mar - May,2350.218269333333
2020,HOMBRES,"Agricultura, ganadería, caza, silvicultura y pesca",Abr - Jun,2406.7920878666664
2020,HOMBRES,"Agricultura, ganadería, caza, silvicultura y pesca",May - Jul,2517.9334073333334
2020,HOMBRES,"Agricultura, ganadería, caza, silvicultura y pesca",Jun - Ago,2816.7406435
2020,HOMBRES,"Agricultura, ganadería, caza, silvicultura y pesca",Jul - Sep,2807.7947127
2020,HOMBRES,"Agricultura, ganadería, caza, silvicultura y pesca",Ago - Oct,2878.653653366667
2020,HOMBRES,"Agricultura, ganadería, caza, silvicultura y pesca",Sep - Nov,2771.916848766667
2020,HOMBRES,"Agricultura, ganadería, caza, silvicultura y pesca",Oct - Dic,2813.369472633333
2020,HOMBRES,"Agricultura, ganadería, caza, silvicultura y pesca",Nov - Ene,2739.9395786
2020,HOMBRES,"Agricultura, ganadería, caza, silvicultura y pesca",Dic - Feb,2696.7937986
2021,HOMBRES,"Agricultura, ganadería, caza, silvicultura y pesca",Ene - Mar,2664.1703791
2021,HOMBRES,"Agricultura, ganadería, caza, silvicultura y pesca",Feb - Abr,2618.1816413
2021,HOMBRES,"Agricultura, ganadería, caza, silvicultura y pesca",Mar - May,2641.8084427
2021,HOMBRES,"Agricultura, ganadería, caza, silvicultura y pesca",Abr - Jun,2610.7708718999997
2021,HOMBRES,"Agricultura, ganadería, caza, silvicultura y pesca",May - Jul,2696.5253042333334
2021,HOMBRES,"Agricultura, ganadería, caza, silvicultura y pesca",Jun - Ago,2720.6129145
2021,HOMBRES,"Agricultura, ganadería, caza, silvicultura y pesca",Jul - Sep,2694.4191812666663
2021,HOMBRES,"Agricultura, ganadería, caza, silvicultura y pesca",Ago - Oct,2685.6658970333333
2021,HOMBRES,"Agricultura, ganadería, caza, silvicultura y pesca",Sep - Nov,2664.727317
2021,HOMBRES,"Agricultura, ganadería, caza, silvicultura y pesca",Oct - Dic,2698.4061251333333
2021,HOMBRES,"Agricultura, ganadería, caza, silvicultura y pesca",Nov - Ene,2637.1327431333334
2021,HOMBRES,"Agricultura, ganadería, caza, silvicultura y pesca",Dic - Feb,2618.6461670333333
2022,HOMBRES,"Agricultura, ganadería, caza, silvicultura y pesca",Ene - Mar,2662.3403698999996
2022,HOMBRES,"Agricultura, ganadería, caza, silvicultura y pesca",Feb - Abr,2675.38428
2022,HOMBRES,"Agricultura, ganadería, caza, silvicultura y pesca",Mar - May,2743.5846177666667
2022,HOMBRES,"Agricultura, ganadería, caza, silvicultura y pesca",Abr - Jun,2710.3743636666663
2022,HOMBRES,"Agricultura, ganadería, caza, silvicultura y pesca",May - Jul,2733.6572245
2022,HOMBRES,"Agricultura, ganadería, caza, silvicultura y pesca",Jun - Ago,2698.7549937
2022,HOMBRES,"Agricultura, ganadería, caza, silvicultura y pesca",Jul - Sep,2701.121352
2022,HOMBRES,"Agricultura, ganadería, caza, silvicultura y pesca",Ago - Oct,2755.1374249333335
2022,HOMBRES,"Agricultura, ganadería, caza, silvicultura y pesca",Sep - Nov,2755.990591033333
2022,HOMBRES,"Agricultura, ganadería, caza, silvicultura y pesca",Oct - Dic,2717.5136172
2022,HOMBRES,"Agricultura, ganadería, caza, silvicultura y pesca",Nov - Ene,2606.9779765666663
2022,HOMBRES,"Agricultura, ganadería, caza, silvicultura y pesca",Dic - Feb,2608.8568993666668
2023,HOMBRES,"Agricultura, ganadería, caza, silvicultura y pesca",Ene - Mar,2694.2132203
2023,HOMBRES,"Agricultura, ganadería, caza, silvicultura y pesca",Feb - Abr,2770.758855233333
2023,HOMBRES,"Agricultura, ganadería, caza, silvicultura y pesca",Mar - May,2783.196532
2023,HOMBRES,"Agricultura, ganadería, caza, silvicultura y pesca",Abr - Jun,2736.289630666666
2023,HOMBRES,"Agricultura, ganadería, caza, silvicultura y pesca",May - Jul,2739.611255733333
2023,HOMBRES,"Agricultura, ganadería, caza, silvicultura y pesca",Jun - Ago,2743.063382733333
2023,HOMBRES,"Agricultura, ganadería, caza, silvicultura y pesca",Jul - Sep,2711.2588234333334
2023,HOMBRES,"Agricultura, ganadería, caza, silvicultura y pesca",Ago - Oct,2739.0150279333334
2023,HOMBRES,"Agricultura, ganadería, caza, silvicultura y pesca",Sep - Nov,2715.058542566667
2023,HOMBRES,"Agricultura, ganadería, caza, silvicultura y pesca",Oct - Dic,2689.023632
2023,HOMBRES,"Agricultura, ganadería, caza, silvicultura y pesca",Nov - Ene,2639.7463734333337
2023,HOMBRES,"Agricultura, ganadería, caza, silvicultura y pesca",Dic - Feb,2631.6085132666667
2024,HOMBRES,"Agricultura, ganadería, caza, silvicultura y pesca",Ene - Mar,2698.9057694666667
2024,HOMBRES,"Agricultura, ganadería, caza, silvicultura y pesca",Feb - Abr,2683.3934443000003
2024,HOMBRES,"Agricultura, ganadería, caza, silvicultura y pesca",Mar - May,2729.6595882666666
2024,HOMBRES,"Agricultura, ganadería, caza, silvicultura y pesca",Abr - Jun,2711.773600533333
2024,HOMBRES,"Agricultura, ganadería, caza, silvicultura y pesca",May - Jul,2736.1418071000003
2024,HOMBRES,"Agricultura, ganadería, caza, silvicultura y pesca",Jun - Ago,2747.849725533333
2024,HOMBRES,"Agricultura, ganadería, caza, silvicultura y pesca",Jul - Sep,2740.7660827
2024,HOMBRES,"Agricultura, ganadería, caza, silvicultura y pesca",Ago - Oct,2751.269715
2024,HOMBRES,"Agricultura, ganadería, caza, silvicultura y pesca",Sep - Nov,2711.9825519
2024,HOMBRES,"Agricultura, ganadería, caza, silvicultura y pesca",Oct - Dic,2693.5692993
2024,HOMBRES,"Agricultura, ganadería, caza, silvicultura y pesca",Nov - Ene,2699.305288833333
2024,HOMBRES,"Agricultura, ganadería, caza, silvicultura y pesca",Dic - Feb,2692.4541427999998
2025,HOMBRES,"Agricultura, ganadería, caza, silvicultura y pesca",Ene - Mar,2826.3508442666666
2025,HOMBRES,"Agricultura, ganadería, caza, silvicultura y pesca",Feb - Abr,2809.4512495666672
2025,HOMBRES,"Agricultura, ganadería, caza, silvicultura y pesca",Mar - May,2860.354253966667
2025,HOMBRES,"Agricultura, ganadería, caza, silvicultura y pesca",Abr - Jun,2773.2223558000005
2025,HOMBRES,"Agricultura, ganadería, caza, silvicultura y pesca",May - Jul,2817.0312998333334
2025,HOMBRES,"Agricultura, ganadería, caza, silvicultura y pesca",Jun - Ago,2768.6803019666663
2025,HOMBRES,"Agricultura, ganadería, caza, silvicultura y pesca",Jul - Sep,2779.0023048999997
2025,HOMBRES,"Agricultura, ganadería, caza, silvicultura y pesca",Ago - Oct,2855.475686533333
2025,HOMBRES,"Agricultura, ganadería, caza, silvicultura y pesca",Sep - Nov,2933.9620999
2025,HOMBRES,"Agricultura, ganadería, caza, silvicultura y pesca",Oct - Dic,2858.266272633333
2025,HOMBRES,"Agricultura, ganadería, caza, silvicultura y pesca",Nov - Ene,2741.224403233333
2025,HOMBRES,"Agricultura, ganadería, caza, silvicultura y pesca",Dic - Feb,2584.4317463
2026,HOMBRES,"Agricultura, ganadería, caza, silvicultura y pesca",Ene - Mar,2680.565279966667
2026,HOMBRES,"Agricultura, ganadería, caza, silvicultura y pesca",Feb - Abr,2648.223979733333
2026,HOMBRES,"Agricultura, ganadería, caza, silvicultura y pesca",Mar - May,2757.2554136333333
2026,HOMBRES,"Agricultura, ganadería, caza, silvicultura y pesca",Abr - Jun,2693.4265292666664
2015,HOMBRES,Explotación de minas y canteras,Ene - Mar,151.86778354333333
2015,HOMBRES,Explotación de minas y canteras,Feb - Abr,134.00148191666668
2015,HOMBRES,Explotación de minas y canteras,Mar - May,196.74538107
2015,HOMBRES,Explotación de minas y canteras,Abr - Jun,184.02771880133332
2015,HOMBRES,Explotación de minas y canteras,May - Jul,218.836179428
2015,HOMBRES,Explotación de minas y canteras,Jun - Ago,138.47567730633332
2015,HOMBRES,Explotación de minas y canteras,Jul - Sep,175.50790220500002
2015,HOMBRES,Explotación de minas y canteras,Ago - Oct,126.94740448499999
2015,HOMBRES,Explotación de minas y canteras,Sep - Nov,153.85615221333333
2015,HOMBRES,Explotación de minas y canteras,Oct - Dic,134.21203373333333
2015,HOMBRES,Explotación de minas y canteras,Nov - Ene,149.63758459
2015,HOMBRES,Explotación de minas y canteras,Dic - Feb,131.25198699999999
2016,HOMBRES,Explotación de minas y canteras,Ene - Mar,155.42682981333334
2016,HOMBRES,Explotación de minas y canteras,Feb - Abr,144.47195641
2016,HOMBRES,Explotación de minas y canteras,Mar - May,206.35749853333334
2016,HOMBRES,Explotación de minas y canteras,Abr - Jun,160.46090681866667
2016,HOMBRES,Explotación de minas y canteras,May - Jul,190.36456159533336
2016,HOMBRES,Explotación de minas y canteras,Jun - Ago,127.96331645866668
2016,HOMBRES,Explotación de minas y canteras,Jul - Sep,168.44447229333335
2016,HOMBRES,Explotación de minas y canteras,Ago - Oct,142.38167554999998
2016,HOMBRES,Explotación de minas y canteras,Sep - Nov,140.27822291666666
2016,HOMBRES,Explotación de minas y canteras,Oct - Dic,108.18902556666667
2016,HOMBRES,Explotación de minas y canteras,Nov - Ene,128.05380621333333
2016,HOMBRES,Explotación de minas y canteras,Dic - Feb,137.91801416666667
2017,HOMBRES,Explotación de minas y canteras,Ene - Mar,149.94227011666666
2017,HOMBRES,Explotación de minas y canteras,Feb - Abr,135.85612466333333
2017,HOMBRES,Explotación de minas y canteras,Mar - May,196.22805571333333
2017,HOMBRES,Explotación de minas y canteras,Abr - Jun,178.89468206
2017,HOMBRES,Explotación de minas y canteras,May - Jul,217.37609492
2017,HOMBRES,Explotación de minas y canteras,Jun - Ago,141.67463226133333
2017,HOMBRES,Explotación de minas y canteras,Jul - Sep,175.77865148466665
2017,HOMBRES,Explotación de minas y canteras,Ago - Oct,114.43433514600001
2017,HOMBRES,Explotación de minas y canteras,Sep - Nov,134.263191208
2017,HOMBRES,Explotación de minas y canteras,Oct - Dic,109.64721118133333
2017,HOMBRES,Explotación de minas y canteras,Nov - Ene,149.44396814
2017,HOMBRES,Explotación de minas y canteras,Dic - Feb,144.01856758666668
2018,HOMBRES,Explotación de minas y canteras,Ene - Mar,165.00295295
2018,HOMBRES,Explotación de minas y canteras,Feb - Abr,166.04168620333334
2018,HOMBRES,Explotación de minas y canteras,Mar - May,251.12132124000001
2018,HOMBRES,Explotación de minas y canteras,Abr - Jun,208.372644572
2018,HOMBRES,Explotación de minas y canteras,May - Jul,225.97902711866666
2018,HOMBRES,Explotación de minas y canteras,Jun - Ago,134.371078972
2018,HOMBRES,Explotación de minas y canteras,Jul - Sep,192.32066070333335
2018,HOMBRES,Explotación de minas y canteras,Ago - Oct,148.39677498
2018,HOMBRES,Explotación de minas y canteras,Sep - Nov,170.43955477333336
2018,HOMBRES,Explotación de minas y canteras,Oct - Dic,136.73512247333335
2018,HOMBRES,Explotación de minas y canteras,Nov - Ene,153.64847916
2018,HOMBRES,Explotación de minas y canteras,Dic - Feb,141.62734814
2019,HOMBRES,Explotación de minas y canteras,Ene - Mar,161.54300261
2019,HOMBRES,Explotación de minas y canteras,Feb - Abr,163.26722132999998
2019,HOMBRES,Explotación de minas y canteras,Mar - May,269.1783447866667
2019,HOMBRES,Explotación de minas y canteras,Abr - Jun,234.40324895266667
2019,HOMBRES,Explotación de minas y canteras,May - Jul,247.08183931933334
2019,HOMBRES,Explotación de minas y canteras,Jun - Ago,117.923172255
2019,HOMBRES,Explotación de minas y canteras,Jul - Sep,153.66456799233333
2019,HOMBRES,Explotación de minas y canteras,Ago - Oct,115.63962760066666
2019,HOMBRES,Explotación de minas y canteras,Sep - Nov,154.19693848833333
2019,HOMBRES,Explotación de minas y canteras,Oct - Dic,123.396384625
2019,HOMBRES,Explotación de minas y canteras,Nov - Ene,141.74159955666667
2019,HOMBRES,Explotación de minas y canteras,Dic - Feb,137.41411569333334
2020,HOMBRES,Explotación de minas y canteras,Ene - Mar,159.10800828666666
2020,HOMBRES,Explotación de minas y canteras,Feb - Abr,164.97982758333333
2020,HOMBRES,Explotación de minas y canteras,Mar - May,229.81009895666668
2020,HOMBRES,Explotación de minas y canteras,Abr - Jun,209.62505841733332
2020,HOMBRES,Explotación de minas y canteras,May - Jul,240.76789364733335
2020,HOMBRES,Explotación de minas y canteras,Jun - Ago,140.53625148533334
2020,HOMBRES,Explotación de minas y canteras,Jul - Sep,166.64918359133333
2020,HOMBRES,Explotación de minas y canteras,Ago - Oct,117.86135874799999
2020,HOMBRES,Explotación de minas y canteras,Sep - Nov,156.46591095333335
2020,HOMBRES,Explotación de minas y canteras,Oct - Dic,142.80814049333333
2020,HOMBRES,Explotación de minas y canteras,Nov - Ene,167.62954171666667
2020,HOMBRES,Explotación de minas y canteras,Dic - Feb,175.22269301999998
2021,HOMBRES,Explotación de minas y canteras,Ene - Mar,188.21264255999998
2021,HOMBRES,Explotación de minas y canteras,Feb - Abr,219.2948632333333
2021,HOMBRES,Explotación de minas y canteras,Mar - May,197.08460452999998
2021,HOMBRES,Explotación de minas y canteras,Abr - Jun,227.78892982333332
2021,HOMBRES,Explotación de minas y canteras,May - Jul,185.60150521666665
2021,HOMBRES,Explotación de minas y canteras,Jun - Ago,206.63037337
2021,HOMBRES,Explotación de minas y canteras,Jul - Sep,200.52033132
2021,HOMBRES,Explotación de minas y canteras,Ago - Oct,266.01641953333336
2021,HOMBRES,Explotación de minas y canteras,Sep - Nov,262.7098006833333
2021,HOMBRES,Explotación de minas y canteras,Oct - Dic,239.28742150666667
2021,HOMBRES,Explotación de minas y canteras,Nov - Ene,210.2054911833333
2021,HOMBRES,Explotación de minas y canteras,Dic - Feb,200.77131985333332
2022,HOMBRES,Explotación de minas y canteras,Ene - Mar,208.72634816666664
2022,HOMBRES,Explotación de minas y canteras,Feb - Abr,202.66028953
2022,HOMBRES,Explotación de minas y canteras,Mar - May,210.82122417666665
2022,HOMBRES,Explotación de minas y canteras,Abr - Jun,240.10571221
2022,HOMBRES,Explotación de minas y canteras,May - Jul,197.80951516666664
2022,HOMBRES,Explotación de minas y canteras,Jun - Ago,209.07279671333333
2022,HOMBRES,Explotación de minas y canteras,Jul - Sep,191.47726249333334
2022,HOMBRES,Explotación de minas y canteras,Ago - Oct,269.92547031333334
2022,HOMBRES,Explotación de minas y canteras,Sep - Nov,281.5151217366667
2022,HOMBRES,Explotación de minas y canteras,Oct - Dic,300.5934187733333
2022,HOMBRES,Explotación de minas y canteras,Nov - Ene,256.76803459666667
2022,HOMBRES,Explotación de minas y canteras,Dic - Feb,226.44706997333333
2023,HOMBRES,Explotación de minas y canteras,Ene - Mar,181.12276531333336
2023,HOMBRES,Explotación de minas y canteras,Feb - Abr,192.87256031333334
2023,HOMBRES,Explotación de minas y canteras,Mar - May,191.37130055333333
2023,HOMBRES,Explotación de minas y canteras,Abr - Jun,242.54742144333332
2023,HOMBRES,Explotación de minas y canteras,May - Jul,216.15933187
2023,HOMBRES,Explotación de minas y canteras,Jun - Ago,213.97262338666667
2023,HOMBRES,Explotación de minas y canteras,Jul - Sep,194.66343479666668
2023,HOMBRES,Explotación de minas y canteras,Ago - Oct,268.24562482333334
2023,HOMBRES,Explotación de minas y canteras,Sep - Nov,304.88543627666667
2023,HOMBRES,Explotación de minas y canteras,Oct - Dic,327.30412649666664
2023,HOMBRES,Explotación de minas y canteras,Nov - Ene,270.06749798333334
2023,HOMBRES,Explotación de minas y canteras,Dic - Feb,246.3068889266667
2024,HOMBRES,Explotación de minas y canteras,Ene - Mar,212.12658812333333
2024,HOMBRES,Explotación de minas y canteras,Feb - Abr,224.41979514333335
2024,HOMBRES,Explotación de minas y canteras,Mar - May,229.73099365666667
2024,HOMBRES,Explotación de minas y canteras,Abr - Jun,259.24472474666663
2024,HOMBRES,Explotación de minas y canteras,May - Jul,215.81618312333333
2024,HOMBRES,Explotación de minas y canteras,Jun - Ago,213.0172610633333
2024,HOMBRES,Explotación de minas y canteras,Jul - Sep,207.40373424333333
2024,HOMBRES,Explotación de minas y canteras,Ago - Oct,301.3099743866667
2024,HOMBRES,Explotación de minas y canteras,Sep - Nov,320.91482887666666
2024,HOMBRES,Explotación de minas y canteras,Oct - Dic,298.6370138633333
2024,HOMBRES,Explotación de minas y canteras,Nov - Ene,267.57665851666667
2024,HOMBRES,Explotación de minas y canteras,Dic - Feb,248.7055353466667
2025,HOMBRES,Explotación de minas y canteras,Ene - Mar,244.44872443666668
2025,HOMBRES,Explotación de minas y canteras,Feb - Abr,235.22832157999997
2025,HOMBRES,Explotación de minas y canteras,Mar - May,230.7355465866667
2025,HOMBRES,Explotación de minas y canteras,Abr - Jun,271.89177806
2025,HOMBRES,Explotación de minas y canteras,May - Jul,236.51158431333332
2025,HOMBRES,Explotación de minas y canteras,Jun - Ago,244.97672857666666
2025,HOMBRES,Explotación de minas y canteras,Jul - Sep,224.69695367333335
2025,HOMBRES,Explotación de minas y canteras,Ago - Oct,285.4810035533333
2025,HOMBRES,Explotación de minas y canteras,Sep - Nov,305.24719303666666
2025,HOMBRES,Explotación de minas y canteras,Oct - Dic,307.86340922000005
2025,HOMBRES,Explotación de minas y canteras,Nov - Ene,266.4657609266667
2025,HOMBRES,Explotación de minas y canteras,Dic - Feb,272.49839286
2026,HOMBRES,Explotación de minas y canteras,Ene - Mar,269.53219169
2026,HOMBRES,Explotación de minas y canteras,Feb - Abr,286.28886808
2026,HOMBRES,Explotación de minas y canteras,Mar - May,260.05763935
2026,HOMBRES,Explotación de minas y canteras,Abr - Jun,285.64274726
2015,HOMBRES,Industrias manufactureras,Ene - Mar,1429.4528351666668
2015,HOMBRES,Industrias manufactureras,Feb - Abr,1540.3277139
2015,HOMBRES,Industrias manufactureras,Mar - May,1474.3578180333334
2015,HOMBRES,Industrias manufactureras,Abr - Jun,1442.6445637333334
2015,HOMBRES,Industrias manufactureras,May - Jul,1353.0777539
2015,HOMBRES,Industrias manufactureras,Jun - Ago,1370.5552410999999
2015,HOMBRES,Industrias manufactureras,Jul - Sep,1360.8037379666666
2015,HOMBRES,Industrias manufactureras,Ago - Oct,1369.446213233333
2015,HOMBRES,Industrias manufactureras,Sep - Nov,1396.9462459
2015,HOMBRES,Industrias manufactureras,Oct - Dic,1424.4819256333333
2015,HOMBRES,Industrias manufactureras,Nov - Ene,1397.8857116333336
2015,HOMBRES,Industrias manufactureras,Dic - Feb,1382.1342207333334
2016,HOMBRES,Industrias manufactureras,Ene - Mar,1366.0264378333334
2016,HOMBRES,Industrias manufactureras,Feb - Abr,1468.6628859333334
2016,HOMBRES,Industrias manufactureras,Mar - May,1437.4870275
2016,HOMBRES,Industrias manufactureras,Abr - Jun,1422.6207918333332
2016,HOMBRES,Industrias manufactureras,May - Jul,1326.0357266666667
2016,HOMBRES,Industrias manufactureras,Jun - Ago,1340.6669308333333
2016,HOMBRES,Industrias manufactureras,Jul - Sep,1368.8257115666665
2016,HOMBRES,Industrias manufactureras,Ago - Oct,1383.8092664000003
2016,HOMBRES,Industrias manufactureras,Sep - Nov,1417.9035760333334
2016,HOMBRES,Industrias manufactureras,Oct - Dic,1425.7644841000001
2016,HOMBRES,Industrias manufactureras,Nov - Ene,1370.0532329999999
2016,HOMBRES,Industrias manufactureras,Dic - Feb,1346.4728766
2017,HOMBRES,Industrias manufactureras,Ene - Mar,1336.1655706666668
2017,HOMBRES,Industrias manufactureras,Feb - Abr,1462.8721047
2017,HOMBRES,Industrias manufactureras,Mar - May,1441.9658952333332
2017,HOMBRES,Industrias manufactureras,Abr - Jun,1443.4195486666667
2017,HOMBRES,Industrias manufactureras,May - Jul,1315.9196077666666
2017,HOMBRES,Industrias manufactureras,Jun - Ago,1290.6912520333333
2017,HOMBRES,Industrias manufactureras,Jul - Sep,1266.5615531666665
2017,HOMBRES,Industrias manufactureras,Ago - Oct,1308.7419941666667
2017,HOMBRES,Industrias manufactureras,Sep - Nov,1355.901611
2017,HOMBRES,Industrias manufactureras,Oct - Dic,1392.0975559333335
2017,HOMBRES,Industrias manufactureras,Nov - Ene,1357.5240767333335
2017,HOMBRES,Industrias manufactureras,Dic - Feb,1378.4102628
2018,HOMBRES,Industrias manufactureras,Ene - Mar,1329.4618111666666
2018,HOMBRES,Industrias manufactureras,Feb - Abr,1425.3915786
2018,HOMBRES,Industrias manufactureras,Mar - May,1382.0990139333333
2018,HOMBRES,Industrias manufactureras,Abr - Jun,1400.7984643666666
2018,HOMBRES,Industrias manufactureras,May - Jul,1329.6962480999998
2018,HOMBRES,Industrias manufactureras,Jun - Ago,1322.8194362666666
2018,HOMBRES,Industrias manufactureras,Jul - Sep,1327.0337526666667
2018,HOMBRES,Industrias manufactureras,Ago - Oct,1367.8838402333333
2018,HOMBRES,Industrias manufactureras,Sep - Nov,1398.5529722666668
2018,HOMBRES,Industrias manufactureras,Oct - Dic,1424.3300103666668
2018,HOMBRES,Industrias manufactureras,Nov - Ene,1338.1496200666668
2018,HOMBRES,Industrias manufactureras,Dic - Feb,1306.5017402
2019,HOMBRES,Industrias manufactureras,Ene - Mar,1298.8608456666666
2019,HOMBRES,Industrias manufactureras,Feb - Abr,1418.8499914000001
2019,HOMBRES,Industrias manufactureras,Mar - May,1397.4963095333333
2019,HOMBRES,Industrias manufactureras,Abr - Jun,1361.4873891666666
2019,HOMBRES,Industrias manufactureras,May - Jul,1301.4798535333332
2019,HOMBRES,Industrias manufactureras,Jun - Ago,1298.8826712333332
2019,HOMBRES,Industrias manufactureras,Jul - Sep,1300.4845530333332
2019,HOMBRES,Industrias manufactureras,Ago - Oct,1306.5504277666666
2019,HOMBRES,Industrias manufactureras,Sep - Nov,1383.845147
2019,HOMBRES,Industrias manufactureras,Oct - Dic,1417.3662801333332
2019,HOMBRES,Industrias manufactureras,Nov - Ene,1428.8329937333335
2019,HOMBRES,Industrias manufactureras,Dic - Feb,1437.4847123666668
2020,HOMBRES,Industrias manufactureras,Ene - Mar,1384.3685805666664
2020,HOMBRES,Industrias manufactureras,Feb - Abr,1255.1179016666665
2020,HOMBRES,Industrias manufactureras,Mar - May,1088.5933274666668
2020,HOMBRES,Industrias manufactureras,Abr - Jun,1032.1857499999999
2020,HOMBRES,Industrias manufactureras,May - Jul,1092.3486924
2020,HOMBRES,Industrias manufactureras,Jun - Ago,1194.0034842666666
2020,HOMBRES,Industrias manufactureras,Jul - Sep,1267.257291033333
2020,HOMBRES,Industrias manufactureras,Ago - Oct,1339.6118465
2020,HOMBRES,Industrias manufactureras,Sep - Nov,1370.2782277666668
2020,HOMBRES,Industrias manufactureras,Oct - Dic,1406.7822024333334
2020,HOMBRES,Industrias manufactureras,Nov - Ene,1294.0971878666667
2020,HOMBRES,Industrias manufactureras,Dic - Feb,1245.8353602666668
2021,HOMBRES,Industrias manufactureras,Ene - Mar,1177.7330824666667
2021,HOMBRES,Industrias manufactureras,Feb - Abr,1212.2974093333332
2021,HOMBRES,Industrias manufactureras,Mar - May,1194.6192737333333
2021,HOMBRES,Industrias manufactureras,Abr - Jun,1183.7423993333332
2021,HOMBRES,Industrias manufactureras,May - Jul,1204.6416788666666
2021,HOMBRES,Industrias manufactureras,Jun - Ago,1188.5512469999999
2021,HOMBRES,Industrias manufactureras,Jul - Sep,1257.3992520000002
2021,HOMBRES,Industrias manufactureras,Ago - Oct,1244.1444277
2021,HOMBRES,Industrias manufactureras,Sep - Nov,1227.9219116333334
2021,HOMBRES,Industrias manufactureras,Oct - Dic,1201.1926038333334
2021,HOMBRES,Industrias manufactureras,Nov - Ene,1184.1185759666666
2021,HOMBRES,Industrias manufactureras,Dic - Feb,1262.5316823
2022,HOMBRES,Industrias manufactureras,Ene - Mar,1323.8986489666665
2022,HOMBRES,Industrias manufactureras,Feb - Abr,1408.6975470666666
2022,HOMBRES,Industrias manufactureras,Mar - May,1381.0419175333334
2022,HOMBRES,Industrias manufactureras,Abr - Jun,1363.6738176666668
2022,HOMBRES,Industrias manufactureras,May - Jul,1361.0774361333333
2022,HOMBRES,Industrias manufactureras,Jun - Ago,1353.3293614000002
2022,HOMBRES,Industrias manufactureras,Jul - Sep,1345.4621873666667
2022,HOMBRES,Industrias manufactureras,Ago - Oct,1339.4202853666668
2022,HOMBRES,Industrias manufactureras,Sep - Nov,1383.679849566667
2022,HOMBRES,Industrias manufactureras,Oct - Dic,1429.9218239000002
2022,HOMBRES,Industrias manufactureras,Nov - Ene,1402.1620848666669
2022,HOMBRES,Industrias manufactureras,Dic - Feb,1403.0362938333335
2023,HOMBRES,Industrias manufactureras,Ene - Mar,1385.7385271
2023,HOMBRES,Industrias manufactureras,Feb - Abr,1426.2743338
2023,HOMBRES,Industrias manufactureras,Mar - May,1430.9108171999999
2023,HOMBRES,Industrias manufactureras,Abr - Jun,1375.00672
2023,HOMBRES,Industrias manufactureras,May - Jul,1349.3979274666665
2023,HOMBRES,Industrias manufactureras,Jun - Ago,1366.0735405333335
2023,HOMBRES,Industrias manufactureras,Jul - Sep,1415.9002769333335
2023,HOMBRES,Industrias manufactureras,Ago - Oct,1393.2393260333336
2023,HOMBRES,Industrias manufactureras,Sep - Nov,1396.3547528666668
2023,HOMBRES,Industrias manufactureras,Oct - Dic,1385.5529987666669
2023,HOMBRES,Industrias manufactureras,Nov - Ene,1438.1922030333333
2023,HOMBRES,Industrias manufactureras,Dic - Feb,1429.244938366667
2024,HOMBRES,Industrias manufactureras,Ene - Mar,1408.9399266333332
2024,HOMBRES,Industrias manufactureras,Feb - Abr,1392.9193682000002
2024,HOMBRES,Industrias manufactureras,Mar - May,1383.2181922666666
2024,HOMBRES,Industrias manufactureras,Abr - Jun,1425.5415134333332
2024,HOMBRES,Industrias manufactureras,May - Jul,1447.8154254333333
2024,HOMBRES,Industrias manufactureras,Jun - Ago,1430.4564312
2024,HOMBRES,Industrias manufactureras,Jul - Sep,1427.9861944666666
2024,HOMBRES,Industrias manufactureras,Ago - Oct,1434.0023859
2024,HOMBRES,Industrias manufactureras,Sep - Nov,1477.4071807333332
2024,HOMBRES,Industrias manufactureras,Oct - Dic,1435.2578162
2024,HOMBRES,Industrias manufactureras,Nov - Ene,1416.2637631666666
2024,HOMBRES,Industrias manufactureras,Dic - Feb,1412.987597933333
2025,HOMBRES,Industrias manufactureras,Ene - Mar,1463.0777338333335
2025,HOMBRES,Industrias manufactureras,Feb - Abr,1481.8074803
2025,HOMBRES,Industrias manufactureras,Mar - May,1456.6320214
2025,HOMBRES,Industrias manufactureras,Abr - Jun,1475.8608587333335
2025,HOMBRES,Industrias manufactureras,May - Jul,1500.2655023999998
2025,HOMBRES,Industrias manufactureras,Jun - Ago,1561.0009084666665
2025,HOMBRES,Industrias manufactureras,Jul - Sep,1569.2096877333333
2025,HOMBRES,Industrias manufactureras,Ago - Oct,1593.8381619666668
2025,HOMBRES,Industrias manufactureras,Sep - Nov,1525.4792819000002
2025,HOMBRES,Industrias manufactureras,Oct - Dic,1557.2098694999997
2025,HOMBRES,Industrias manufactureras,Nov - Ene,1484.5030445
2025,HOMBRES,Industrias manufactureras,Dic - Feb,1555.7194997999998
2026,HOMBRES,Industrias manufactureras,Ene - Mar,1475.9788879
2026,HOMBRES,Industrias manufactureras,Feb - Abr,1485.8530192333335
2026,HOMBRES,Industrias manufactureras,Mar - May,1466.8227872999998
2026,HOMBRES,Industrias manufactureras,Abr - Jun,1492.5725783333335
2015,HOMBRES,"Suministro de electricidad gas, agua y gestión de desechos",Ene - Mar,135.41771772666667
2015,HOMBRES,"Suministro de electricidad gas, agua y gestión de desechos",Feb - Abr,140.72678487
2015,HOMBRES,"Suministro de electricidad gas, agua y gestión de desechos",Mar - May,130.66791641
2015,HOMBRES,"Suministro de electricidad gas, agua y gestión de desechos",Abr - Jun,132.0711076166667
2015,HOMBRES,"Suministro de electricidad gas, agua y gestión de desechos",May - Jul,125.92717219000001
2015,HOMBRES,"Suministro de electricidad gas, agua y gestión de desechos",Jun - Ago,136.35439353333334
2015,HOMBRES,"Suministro de electricidad gas, agua y gestión de desechos",Jul - Sep,138.89825466
2015,HOMBRES,"Suministro de electricidad gas, agua y gestión de desechos",Ago - Oct,137.6665877
2015,HOMBRES,"Suministro de electricidad gas, agua y gestión de desechos",Sep - Nov,135.30018265333334
2015,HOMBRES,"Suministro de electricidad gas, agua y gestión de desechos",Oct - Dic,135.99949704
2015,HOMBRES,"Suministro de electricidad gas, agua y gestión de desechos",Nov - Ene,130.43802933
2015,HOMBRES,"Suministro de electricidad gas, agua y gestión de desechos",Dic - Feb,132.56776357
2016,HOMBRES,"Suministro de electricidad gas, agua y gestión de desechos",Ene - Mar,131.44514374666667
2016,HOMBRES,"Suministro de electricidad gas, agua y gestión de desechos",Feb - Abr,145.25896255
2016,HOMBRES,"Suministro de electricidad gas, agua y gestión de desechos",Mar - May,139.5871921
2016,HOMBRES,"Suministro de electricidad gas, agua y gestión de desechos",Abr - Jun,134.53867030666666
2016,HOMBRES,"Suministro de electricidad gas, agua y gestión de desechos",May - Jul,125.69464946333333
2016,HOMBRES,"Suministro de electricidad gas, agua y gestión de desechos",Jun - Ago,114.74298365
2016,HOMBRES,"Suministro de electricidad gas, agua y gestión de desechos",Jul - Sep,120.71582867
2016,HOMBRES,"Suministro de electricidad gas, agua y gestión de desechos",Ago - Oct,116.02227390666667
2016,HOMBRES,"Suministro de electricidad gas, agua y gestión de desechos",Sep - Nov,131.73470879666667
2016,HOMBRES,"Suministro de electricidad gas, agua y gestión de desechos",Oct - Dic,132.50190567333334
2016,HOMBRES,"Suministro de electricidad gas, agua y gestión de desechos",Nov - Ene,130.56235175
2016,HOMBRES,"Suministro de electricidad gas, agua y gestión de desechos",Dic - Feb,125.07311759333334
2017,HOMBRES,"Suministro de electricidad gas, agua y gestión de desechos",Ene - Mar,125.89365576
2017,HOMBRES,"Suministro de electricidad gas, agua y gestión de desechos",Feb - Abr,141.23143545666667
2017,HOMBRES,"Suministro de electricidad gas, agua y gestión de desechos",Mar - May,136.93024756666668
2017,HOMBRES,"Suministro de electricidad gas, agua y gestión de desechos",Abr - Jun,136.7945678366667
2017,HOMBRES,"Suministro de electricidad gas, agua y gestión de desechos",May - Jul,139.07808877
2017,HOMBRES,"Suministro de electricidad gas, agua y gestión de desechos",Jun - Ago,142.19423496333334
2017,HOMBRES,"Suministro de electricidad gas, agua y gestión de desechos",Jul - Sep,134.71209065000002
2017,HOMBRES,"Suministro de electricidad gas, agua y gestión de desechos",Ago - Oct,129.72302446
2017,HOMBRES,"Suministro de electricidad gas, agua y gestión de desechos",Sep - Nov,128.47890982666664
2017,HOMBRES,"Suministro de electricidad gas, agua y gestión de desechos",Oct - Dic,134.73170974666667
2017,HOMBRES,"Suministro de electricidad gas, agua y gestión de desechos",Nov - Ene,127.08936839
2017,HOMBRES,"Suministro de electricidad gas, agua y gestión de desechos",Dic - Feb,133.68250805
2018,HOMBRES,"Suministro de electricidad gas, agua y gestión de desechos",Ene - Mar,139.21499255666666
2018,HOMBRES,"Suministro de electricidad gas, agua y gestión de desechos",Feb - Abr,140.93199164333333
2018,HOMBRES,"Suministro de electricidad gas, agua y gestión de desechos",Mar - May,131.72509814
2018,HOMBRES,"Suministro de electricidad gas, agua y gestión de desechos",Abr - Jun,134.05428675333334
2018,HOMBRES,"Suministro de electricidad gas, agua y gestión de desechos",May - Jul,140.01052114
2018,HOMBRES,"Suministro de electricidad gas, agua y gestión de desechos",Jun - Ago,146.81241461666664
2018,HOMBRES,"Suministro de electricidad gas, agua y gestión de desechos",Jul - Sep,141.56525663
2018,HOMBRES,"Suministro de electricidad gas, agua y gestión de desechos",Ago - Oct,133.92534942666668
2018,HOMBRES,"Suministro de electricidad gas, agua y gestión de desechos",Sep - Nov,128.29730185000003
2018,HOMBRES,"Suministro de electricidad gas, agua y gestión de desechos",Oct - Dic,124.39021561333334
2018,HOMBRES,"Suministro de electricidad gas, agua y gestión de desechos",Nov - Ene,126.60688088666666
2018,HOMBRES,"Suministro de electricidad gas, agua y gestión de desechos",Dic - Feb,124.73183609333334
2019,HOMBRES,"Suministro de electricidad gas, agua y gestión de desechos",Ene - Mar,128.08069138
2019,HOMBRES,"Suministro de electricidad gas, agua y gestión de desechos",Feb - Abr,131.72996745999998
2019,HOMBRES,"Suministro de electricidad gas, agua y gestión de desechos",Mar - May,131.51003921666666
2019,HOMBRES,"Suministro de electricidad gas, agua y gestión de desechos",Abr - Jun,139.89757261333332
2019,HOMBRES,"Suministro de electricidad gas, agua y gestión de desechos",May - Jul,150.59631901
2019,HOMBRES,"Suministro de electricidad gas, agua y gestión de desechos",Jun - Ago,166.39493241
2019,HOMBRES,"Suministro de electricidad gas, agua y gestión de desechos",Jul - Sep,163.74829373666668
2019,HOMBRES,"Suministro de electricidad gas, agua y gestión de desechos",Ago - Oct,152.80184325000002
2019,HOMBRES,"Suministro de electricidad gas, agua y gestión de desechos",Sep - Nov,163.76924299333334
2019,HOMBRES,"Suministro de electricidad gas, agua y gestión de desechos",Oct - Dic,167.97353324999997
2019,HOMBRES,"Suministro de electricidad gas, agua y gestión de desechos",Nov - Ene,185.54457259666665
2019,HOMBRES,"Suministro de electricidad gas, agua y gestión de desechos",Dic - Feb,188.34959623999998
2020,HOMBRES,"Suministro de electricidad gas, agua y gestión de desechos",Ene - Mar,192.88634792666667
2020,HOMBRES,"Suministro de electricidad gas, agua y gestión de desechos",Feb - Abr,181.11166361666665
2020,HOMBRES,"Suministro de electricidad gas, agua y gestión de desechos",Mar - May,165.10515623666666
2020,HOMBRES,"Suministro de electricidad gas, agua y gestión de desechos",Abr - Jun,158.88889982333333
2020,HOMBRES,"Suministro de electricidad gas, agua y gestión de desechos",May - Jul,152.80966745333333
2020,HOMBRES,"Suministro de electricidad gas, agua y gestión de desechos",Jun - Ago,153.89334021333332
2020,HOMBRES,"Suministro de electricidad gas, agua y gestión de desechos",Jul - Sep,153.22621968333334
2020,HOMBRES,"Suministro de electricidad gas, agua y gestión de desechos",Ago - Oct,162.85861138333334
2020,HOMBRES,"Suministro de electricidad gas, agua y gestión de desechos",Sep - Nov,152.90269688333333
2020,HOMBRES,"Suministro de electricidad gas, agua y gestión de desechos",Oct - Dic,161.76464657666665
2020,HOMBRES,"Suministro de electricidad gas, agua y gestión de desechos",Nov - Ene,154.34739017333334
2020,HOMBRES,"Suministro de electricidad gas, agua y gestión de desechos",Dic - Feb,164.25602301
2021,HOMBRES,"Suministro de electricidad gas, agua y gestión de desechos",Ene - Mar,160.65918607
2021,HOMBRES,"Suministro de electricidad gas, agua y gestión de desechos",Feb - Abr,175.60735422000002
2021,HOMBRES,"Suministro de electricidad gas, agua y gestión de desechos",Mar - May,188.34777756666665
2021,HOMBRES,"Suministro de electricidad gas, agua y gestión de desechos",Abr - Jun,197.27923832666667
2021,HOMBRES,"Suministro de electricidad gas, agua y gestión de desechos",May - Jul,200.41770469666668
2021,HOMBRES,"Suministro de electricidad gas, agua y gestión de desechos",Jun - Ago,202.66550232666668
2021,HOMBRES,"Suministro de electricidad gas, agua y gestión de desechos",Jul - Sep,210.79045410333333
2021,HOMBRES,"Suministro de electricidad gas, agua y gestión de desechos",Ago - Oct,205.03596351000002
2021,HOMBRES,"Suministro de electricidad gas, agua y gestión de desechos",Sep - Nov,196.79026136333334
2021,HOMBRES,"Suministro de electricidad gas, agua y gestión de desechos",Oct - Dic,197.33900427333333
2021,HOMBRES,"Suministro de electricidad gas, agua y gestión de desechos",Nov - Ene,223.27413238
2021,HOMBRES,"Suministro de electricidad gas, agua y gestión de desechos",Dic - Feb,232.75456162
2022,HOMBRES,"Suministro de electricidad gas, agua y gestión de desechos",Ene - Mar,234.30233200666666
2022,HOMBRES,"Suministro de electricidad gas, agua y gestión de desechos",Feb - Abr,216.79047230333333
2022,HOMBRES,"Suministro de electricidad gas, agua y gestión de desechos",Mar - May,221.82740909999998
2022,HOMBRES,"Suministro de electricidad gas, agua y gestión de desechos",Abr - Jun,227.56353237
2022,HOMBRES,"Suministro de electricidad gas, agua y gestión de desechos",May - Jul,249.53848750333336
2022,HOMBRES,"Suministro de electricidad gas, agua y gestión de desechos",Jun - Ago,249.36450991333334
2022,HOMBRES,"Suministro de electricidad gas, agua y gestión de desechos",Jul - Sep,237.82992858999998
2022,HOMBRES,"Suministro de electricidad gas, agua y gestión de desechos",Ago - Oct,214.33356799333333
2022,HOMBRES,"Suministro de electricidad gas, agua y gestión de desechos",Sep - Nov,209.5315080833333
2022,HOMBRES,"Suministro de electricidad gas, agua y gestión de desechos",Oct - Dic,210.49118329666666
2022,HOMBRES,"Suministro de electricidad gas, agua y gestión de desechos",Nov - Ene,223.22051685666668
2022,HOMBRES,"Suministro de electricidad gas, agua y gestión de desechos",Dic - Feb,233.03138042999998
2023,HOMBRES,"Suministro de electricidad gas, agua y gestión de desechos",Ene - Mar,223.93289135
2023,HOMBRES,"Suministro de electricidad gas, agua y gestión de desechos",Feb - Abr,212.76747689
2023,HOMBRES,"Suministro de electricidad gas, agua y gestión de desechos",Mar - May,215.14036371666666
2023,HOMBRES,"Suministro de electricidad gas, agua y gestión de desechos",Abr - Jun,234.82442602666666
2023,HOMBRES,"Suministro de electricidad gas, agua y gestión de desechos",May - Jul,243.49484175333336
2023,HOMBRES,"Suministro de electricidad gas, agua y gestión de desechos",Jun - Ago,236.53309019999998
2023,HOMBRES,"Suministro de electricidad gas, agua y gestión de desechos",Jul - Sep,231.00218559666666
2023,HOMBRES,"Suministro de electricidad gas, agua y gestión de desechos",Ago - Oct,227.11380109
2023,HOMBRES,"Suministro de electricidad gas, agua y gestión de desechos",Sep - Nov,215.02631148666669
2023,HOMBRES,"Suministro de electricidad gas, agua y gestión de desechos",Oct - Dic,224.11601034666668
2023,HOMBRES,"Suministro de electricidad gas, agua y gestión de desechos",Nov - Ene,220.18589700666666
2023,HOMBRES,"Suministro de electricidad gas, agua y gestión de desechos",Dic - Feb,226.05735833666665
2024,HOMBRES,"Suministro de electricidad gas, agua y gestión de desechos",Ene - Mar,224.90262068333334
2024,HOMBRES,"Suministro de electricidad gas, agua y gestión de desechos",Feb - Abr,234.29309643
2024,HOMBRES,"Suministro de electricidad gas, agua y gestión de desechos",Mar - May,232.25795652
2024,HOMBRES,"Suministro de electricidad gas, agua y gestión de desechos",Abr - Jun,212.53785574999998
2024,HOMBRES,"Suministro de electricidad gas, agua y gestión de desechos",May - Jul,208.55801877333332
2024,HOMBRES,"Suministro de electricidad gas, agua y gestión de desechos",Jun - Ago,220.84016084666666
2024,HOMBRES,"Suministro de electricidad gas, agua y gestión de desechos",Jul - Sep,242.64597201666666
2024,HOMBRES,"Suministro de electricidad gas, agua y gestión de desechos",Ago - Oct,240.96184694333337
2024,HOMBRES,"Suministro de electricidad gas, agua y gestión de desechos",Sep - Nov,232.79991082333333
2024,HOMBRES,"Suministro de electricidad gas, agua y gestión de desechos",Oct - Dic,233.75527753666665
2024,HOMBRES,"Suministro de electricidad gas, agua y gestión de desechos",Nov - Ene,229.0751641566667
2024,HOMBRES,"Suministro de electricidad gas, agua y gestión de desechos",Dic - Feb,231.96381571666666
2025,HOMBRES,"Suministro de electricidad gas, agua y gestión de desechos",Ene - Mar,218.43381230666668
2025,HOMBRES,"Suministro de electricidad gas, agua y gestión de desechos",Feb - Abr,211.45663249999998
2025,HOMBRES,"Suministro de electricidad gas, agua y gestión de desechos",Mar - May,213.50267895666664
2025,HOMBRES,"Suministro de electricidad gas, agua y gestión de desechos",Abr - Jun,234.32752487000002
2025,HOMBRES,"Suministro de electricidad gas, agua y gestión de desechos",May - Jul,253.82585293333332
2025,HOMBRES,"Suministro de electricidad gas, agua y gestión de desechos",Jun - Ago,268.20599610999994
2025,HOMBRES,"Suministro de electricidad gas, agua y gestión de desechos",Jul - Sep,246.8098363
2025,HOMBRES,"Suministro de electricidad gas, agua y gestión de desechos",Ago - Oct,242.36529254
2025,HOMBRES,"Suministro de electricidad gas, agua y gestión de desechos",Sep - Nov,237.17393759
2025,HOMBRES,"Suministro de electricidad gas, agua y gestión de desechos",Oct - Dic,236.04703863666668
2025,HOMBRES,"Suministro de electricidad gas, agua y gestión de desechos",Nov - Ene,221.8959436166667
2025,HOMBRES,"Suministro de electricidad gas, agua y gestión de desechos",Dic - Feb,231.53576010000003
2026,HOMBRES,"Suministro de electricidad gas, agua y gestión de desechos",Ene - Mar,227.70346002666668
2026,HOMBRES,"Suministro de electricidad gas, agua y gestión de desechos",Feb - Abr,237.03430397
2026,HOMBRES,"Suministro de electricidad gas, agua y gestión de desechos",Mar - May,216.28194601666667
2026,HOMBRES,"Suministro de electricidad gas, agua y gestión de desechos",Abr - Jun,228.15987657333335
2015,HOMBRES,Construcción,Ene - Mar,1392.4311547666666
2015,HOMBRES,Construcción,Feb - Abr,1384.8728431666666
2015,HOMBRES,Construcción,Mar - May,1417.3037877
2015,HOMBRES,Construcción,Abr - Jun,1352.2453015333333
2015,HOMBRES,Construcción,May - Jul,1376.1375200000002
2015,HOMBRES,Construcción,Jun - Ago,1356.3218669666667
2015,HOMBRES,Construcción,Jul - Sep,1389.0789226
2015,HOMBRES,Construcción,Ago - Oct,1372.0293328333335
2015,HOMBRES,Construcción,Sep - Nov,1420.5835759666668
2015,HOMBRES,Construcción,Oct - Dic,1435.4027488000002
2015,HOMBRES,Construcción,Nov - Ene,1458.3663448999998
2015,HOMBRES,Construcción,Dic - Feb,1412.3132081333333
2016,HOMBRES,Construcción,Ene - Mar,1371.0222779666665
2016,HOMBRES,Construcción,Feb - Abr,1344.9085685
2016,HOMBRES,Construcción,Mar - May,1393.4821408999999
2016,HOMBRES,Construcción,Abr - Jun,1426.907581166667
2016,HOMBRES,Construcción,May - Jul,1387.9577888333333
2016,HOMBRES,Construcción,Jun - Ago,1340.9952039666668
2016,HOMBRES,Construcción,Jul - Sep,1353.4729433
2016,HOMBRES,Construcción,Ago - Oct,1394.9576971
2016,HOMBRES,Construcción,Sep - Nov,1454.6408982666665
2016,HOMBRES,Construcción,Oct - Dic,1443.8630249999999
2016,HOMBRES,Construcción,Nov - Ene,1429.4322773000001
2016,HOMBRES,Construcción,Dic - Feb,1367.3201141333332
2017,HOMBRES,Construcción,Ene - Mar,1306.8177365333333
2017,HOMBRES,Construcción,Feb - Abr,1274.5519003
2017,HOMBRES,Construcción,Mar - May,1319.6321528333333
2017,HOMBRES,Construcción,Abr - Jun,1364.7094268333333
2017,HOMBRES,Construcción,May - Jul,1406.7322379999998
2017,HOMBRES,Construcción,Jun - Ago,1372.9626982333332
2017,HOMBRES,Construcción,Jul - Sep,1331.4401375666666
2017,HOMBRES,Construcción,Ago - Oct,1357.1660961333334
2017,HOMBRES,Construcción,Sep - Nov,1359.3022363666666
2017,HOMBRES,Construcción,Oct - Dic,1423.6337987999998
2017,HOMBRES,Construcción,Nov - Ene,1364.4887545666666
2017,HOMBRES,Construcción,Dic - Feb,1336.6150745999998
2018,HOMBRES,Construcción,Ene - Mar,1244.3573823333334
2018,HOMBRES,Construcción,Feb - Abr,1256.6316936333333
2018,HOMBRES,Construcción,Mar - May,1299.4780331333334
2018,HOMBRES,Construcción,Abr - Jun,1317.3776
2018,HOMBRES,Construcción,May - Jul,1320.5224308666666
2018,HOMBRES,Construcción,Jun - Ago,1266.9454167666665
2018,HOMBRES,Construcción,Jul - Sep,1329.4325974666665
2018,HOMBRES,Construcción,Ago - Oct,1343.7241760333334
2018,HOMBRES,Construcción,Sep - Nov,1405.2391692666667
2018,HOMBRES,Construcción,Oct - Dic,1417.3580507666666
2018,HOMBRES,Construcción,Nov - Ene,1419.4196561666668
2018,HOMBRES,Construcción,Dic - Feb,1357.7902627666665
2019,HOMBRES,Construcción,Ene - Mar,1298.5119485333335
2019,HOMBRES,Construcción,Feb - Abr,1298.4725008333332
2019,HOMBRES,Construcción,Mar - May,1331.2890563
2019,HOMBRES,Construcción,Abr - Jun,1371.883927566667
2019,HOMBRES,Construcción,May - Jul,1357.3225677666667
2019,HOMBRES,Construcción,Jun - Ago,1353.3498470000002
2019,HOMBRES,Construcción,Jul - Sep,1354.8171236333333
2019,HOMBRES,Construcción,Ago - Oct,1363.4157774666667
2019,HOMBRES,Construcción,Sep - Nov,1419.8751430666669
2019,HOMBRES,Construcción,Oct - Dic,1468.8928988999999
2019,HOMBRES,Construcción,Nov - Ene,1446.4817871333335
2019,HOMBRES,Construcción,Dic - Feb,1416.1646979666666
2020,HOMBRES,Construcción,Ene - Mar,1297.9636572333332
2020,HOMBRES,Construcción,Feb - Abr,1128.3953378866665
2020,HOMBRES,Construcción,Mar - May,964.5559579833334
2020,HOMBRES,Construcción,Abr - Jun,949.94076615
2020,HOMBRES,Construcción,May - Jul,1085.9565968633333
2020,HOMBRES,Construcción,Jun - Ago,1173.0311958999998
2020,HOMBRES,Construcción,Jul - Sep,1214.2879494
2020,HOMBRES,Construcción,Ago - Oct,1255.7357155
2020,HOMBRES,Construcción,Sep - Nov,1333.6262632
2020,HOMBRES,Construcción,Oct - Dic,1367.8758290666665
2020,HOMBRES,Construcción,Nov - Ene,1379.7274971999998
2020,HOMBRES,Construcción,Dic - Feb,1333.6840633
2021,HOMBRES,Construcción,Ene - Mar,1373.3330456333333
2021,HOMBRES,Construcción,Feb - Abr,1394.8085845333335
2021,HOMBRES,Construcción,Mar - May,1410.4690338666667
2021,HOMBRES,Construcción,Abr - Jun,1348.8532851666666
2021,HOMBRES,Construcción,May - Jul,1344.6593109333335
2021,HOMBRES,Construcción,Jun - Ago,1405.6191384333333
2021,HOMBRES,Construcción,Jul - Sep,1416.5850051999998
2021,HOMBRES,Construcción,Ago - Oct,1403.8951045666665
2021,HOMBRES,Construcción,Sep - Nov,1413.8373114666667
2021,HOMBRES,Construcción,Oct - Dic,1433.2274071666668
2021,HOMBRES,Construcción,Nov - Ene,1458.3839707666666
2021,HOMBRES,Construcción,Dic - Feb,1447.7387171333332
2022,HOMBRES,Construcción,Ene - Mar,1425.2429573666668
2022,HOMBRES,Construcción,Feb - Abr,1409.9062585
2022,HOMBRES,Construcción,Mar - May,1391.3616009333334
2022,HOMBRES,Construcción,Abr - Jun,1439.1599185666666
2022,HOMBRES,Construcción,May - Jul,1443.2138951666668
2022,HOMBRES,Construcción,Jun - Ago,1480.3069897333332
2022,HOMBRES,Construcción,Jul - Sep,1430.6459745666668
2022,HOMBRES,Construcción,Ago - Oct,1420.657725
2022,HOMBRES,Construcción,Sep - Nov,1384.9355164333335
2022,HOMBRES,Construcción,Oct - Dic,1453.6376012
2022,HOMBRES,Construcción,Nov - Ene,1436.6008171666665
2022,HOMBRES,Construcción,Dic - Feb,1441.1267685999999
2023,HOMBRES,Construcción,Ene - Mar,1423.7985618333332
2023,HOMBRES,Construcción,Feb - Abr,1470.5084501000001
2023,HOMBRES,Construcción,Mar - May,1446.1729688999997
2023,HOMBRES,Construcción,Abr - Jun,1446.2355871666666
2023,HOMBRES,Construcción,May - Jul,1486.2213888333335
2023,HOMBRES,Construcción,Jun - Ago,1520.1814335
2023,HOMBRES,Construcción,Jul - Sep,1480.3405120999998
2023,HOMBRES,Construcción,Ago - Oct,1419.0154369
2023,HOMBRES,Construcción,Sep - Nov,1434.6977368666667
2023,HOMBRES,Construcción,Oct - Dic,1465.5403480666666
2023,HOMBRES,Construcción,Nov - Ene,1454.1783165333334
2023,HOMBRES,Construcción,Dic - Feb,1412.1165732
2024,HOMBRES,Construcción,Ene - Mar,1398.513053266667
2024,HOMBRES,Construcción,Feb - Abr,1424.9540805666668
2024,HOMBRES,Construcción,Mar - May,1458.6911256
2024,HOMBRES,Construcción,Abr - Jun,1436.85688
2024,HOMBRES,Construcción,May - Jul,1453.738719
2024,HOMBRES,Construcción,Jun - Ago,1430.0360870333334
2024,HOMBRES,Construcción,Jul - Sep,1430.1588424333333
2024,HOMBRES,Construcción,Ago - Oct,1434.1152703666667
2024,HOMBRES,Construcción,Sep - Nov,1428.5313245333334
2024,HOMBRES,Construcción,Oct - Dic,1487.5174591000002
2024,HOMBRES,Construcción,Nov - Ene,1455.8384555
2024,HOMBRES,Construcción,Dic - Feb,1520.2513972333334
2025,HOMBRES,Construcción,Ene - Mar,1511.2586905666667
2025,HOMBRES,Construcción,Feb - Abr,1517.0699754333334
2025,HOMBRES,Construcción,Mar - May,1472.5627962
2025,HOMBRES,Construcción,Abr - Jun,1441.0569794333333
2025,HOMBRES,Construcción,May - Jul,1474.5082643666665
2025,HOMBRES,Construcción,Jun - Ago,1515.2824221666667
2025,HOMBRES,Construcción,Jul - Sep,1519.1161040666666
2025,HOMBRES,Construcción,Ago - Oct,1482.3465145333332
2025,HOMBRES,Construcción,Sep - Nov,1486.6034005333333
2025,HOMBRES,Construcción,Oct - Dic,1505.9798223666667
2025,HOMBRES,Construcción,Nov - Ene,1537.8810898666668
2025,HOMBRES,Construcción,Dic - Feb,1523.6629908333334
2026,HOMBRES,Construcción,Ene - Mar,1563.4943864666668
2026,HOMBRES,Construcción,Feb - Abr,1581.3437979666667
2026,HOMBRES,Construcción,Mar - May,1559.8656318333333
2026,HOMBRES,Construcción,Abr - Jun,1538.7540518333335
2015,HOMBRES,Comercio y reparación de vehículos,Ene - Mar,1977.0306419
2015,HOMBRES,Comercio y reparación de vehículos,Feb - Abr,1965.5161618
2015,HOMBRES,Comercio y reparación de vehículos,Mar - May,2026.0879424666666
2015,HOMBRES,Comercio y reparación de vehículos,Abr - Jun,2047.1519383999996
2015,HOMBRES,Comercio y reparación de vehículos,May - Jul,2038.5900863
2015,HOMBRES,Comercio y reparación de vehículos,Jun - Ago,2014.5946424333333
2015,HOMBRES,Comercio y reparación de vehículos,Jul - Sep,2050.297091066667
2015,HOMBRES,Comercio y reparación de vehículos,Ago - Oct,2067.991298433333
2015,HOMBRES,Comercio y reparación de vehículos,Sep - Nov,2093.855053266667
2015,HOMBRES,Comercio y reparación de vehículos,Oct - Dic,2080.8126780000002
2015,HOMBRES,Comercio y reparación de vehículos,Nov - Ene,2119.0293121
2015,HOMBRES,Comercio y reparación de vehículos,Dic - Feb,2063.3186965
2016,HOMBRES,Comercio y reparación de vehículos,Ene - Mar,2028.4280032666666
2016,HOMBRES,Comercio y reparación de vehículos,Feb - Abr,1963.2157293333332
2016,HOMBRES,Comercio y reparación de vehículos,Mar - May,1994.7348000666668
2016,HOMBRES,Comercio y reparación de vehículos,Abr - Jun,2000.3460864666667
2016,HOMBRES,Comercio y reparación de vehículos,May - Jul,2033.8562486333333
2016,HOMBRES,Comercio y reparación de vehículos,Jun - Ago,2066.6760766
2016,HOMBRES,Comercio y reparación de vehículos,Jul - Sep,2019.8276644
2016,HOMBRES,Comercio y reparación de vehículos,Ago - Oct,2051.3397297333336
2016,HOMBRES,Comercio y reparación de vehículos,Sep - Nov,2057.983147733333
2016,HOMBRES,Comercio y reparación de vehículos,Oct - Dic,2137.132035666667
2016,HOMBRES,Comercio y reparación de vehículos,Nov - Ene,2115.7788076
2016,HOMBRES,Comercio y reparación de vehículos,Dic - Feb,2101.9982852
2017,HOMBRES,Comercio y reparación de vehículos,Ene - Mar,2076.171968066667
2017,HOMBRES,Comercio y reparación de vehículos,Feb - Abr,2041.3693937
2017,HOMBRES,Comercio y reparación de vehículos,Mar - May,2036.8814370666666
2017,HOMBRES,Comercio y reparación de vehículos,Abr - Jun,2059.691681866667
2017,HOMBRES,Comercio y reparación de vehículos,May - Jul,2089.7713816
2017,HOMBRES,Comercio y reparación de vehículos,Jun - Ago,2060.9727707999996
2017,HOMBRES,Comercio y reparación de vehículos,Jul - Sep,2077.7465854666666
2017,HOMBRES,Comercio y reparación de vehículos,Ago - Oct,2075.4008664333332
2017,HOMBRES,Comercio y reparación de vehículos,Sep - Nov,2110.7463260333334
2017,HOMBRES,Comercio y reparación de vehículos,Oct - Dic,2094.604084366667
2017,HOMBRES,Comercio y reparación de vehículos,Nov - Ene,2098.6406998666666
2017,HOMBRES,Comercio y reparación de vehículos,Dic - Feb,2067.948753766667
2018,HOMBRES,Comercio y reparación de vehículos,Ene - Mar,2070.4549308666665
2018,HOMBRES,Comercio y reparación de vehículos,Feb - Abr,2091.8125084666667
2018,HOMBRES,Comercio y reparación de vehículos,Mar - May,2085.6466514666668
2018,HOMBRES,Comercio y reparación de vehículos,Abr - Jun,2118.1460299
2018,HOMBRES,Comercio y reparación de vehículos,May - Jul,2135.0150340666664
2018,HOMBRES,Comercio y reparación de vehículos,Jun - Ago,2199.6685024
2018,HOMBRES,Comercio y reparación de vehículos,Jul - Sep,2198.311556433333
2018,HOMBRES,Comercio y reparación de vehículos,Ago - Oct,2191.4994896999997
2018,HOMBRES,Comercio y reparación de vehículos,Sep - Nov,2127.124179
2018,HOMBRES,Comercio y reparación de vehículos,Oct - Dic,2099.1657219666668
2018,HOMBRES,Comercio y reparación de vehículos,Nov - Ene,2116.360332966667
2018,HOMBRES,Comercio y reparación de vehículos,Dic - Feb,2153.246316866667
2019,HOMBRES,Comercio y reparación de vehículos,Ene - Mar,2148.6534567666663
2019,HOMBRES,Comercio y reparación de vehículos,Feb - Abr,2096.4705805666667
2019,HOMBRES,Comercio y reparación de vehículos,Mar - May,2138.6954932999997
2019,HOMBRES,Comercio y reparación de vehículos,Abr - Jun,2154.3246238666666
2019,HOMBRES,Comercio y reparación de vehículos,May - Jul,2150.1834001666666
2019,HOMBRES,Comercio y reparación de vehículos,Jun - Ago,2128.8526163666666
2019,HOMBRES,Comercio y reparación de vehículos,Jul - Sep,2119.8438261333336
2019,HOMBRES,Comercio y reparación de vehículos,Ago - Oct,2130.949011933333
2019,HOMBRES,Comercio y reparación de vehículos,Sep - Nov,2136.9725562
2019,HOMBRES,Comercio y reparación de vehículos,Oct - Dic,2171.158278133333
2019,HOMBRES,Comercio y reparación de vehículos,Nov - Ene,2167.7252526666666
2019,HOMBRES,Comercio y reparación de vehículos,Dic - Feb,2120.0774177
2020,HOMBRES,Comercio y reparación de vehículos,Ene - Mar,2070.471280133333
2020,HOMBRES,Comercio y reparación de vehículos,Feb - Abr,1943.2411313333334
2020,HOMBRES,Comercio y reparación de vehículos,Mar - May,1874.5977177000002
2020,HOMBRES,Comercio y reparación de vehículos,Abr - Jun,1800.2051432666667
2020,HOMBRES,Comercio y reparación de vehículos,May - Jul,1837.9265931333332
2020,HOMBRES,Comercio y reparación de vehículos,Jun - Ago,1899.4748309
2020,HOMBRES,Comercio y reparación de vehículos,Jul - Sep,1947.2896359333336
2020,HOMBRES,Comercio y reparación de vehículos,Ago - Oct,2026.3740331999998
2020,HOMBRES,Comercio y reparación de vehículos,Sep - Nov,2043.2314479666666
2020,HOMBRES,Comercio y reparación de vehículos,Oct - Dic,2111.211606566667
2020,HOMBRES,Comercio y reparación de vehículos,Nov - Ene,2069.8167670666667
2020,HOMBRES,Comercio y reparación de vehículos,Dic - Feb,2079.8621168000004
2021,HOMBRES,Comercio y reparación de vehículos,Ene - Mar,2040.3878343666668
2021,HOMBRES,Comercio y reparación de vehículos,Feb - Abr,2079.715709
2021,HOMBRES,Comercio y reparación de vehículos,Mar - May,2048.013213933333
2021,HOMBRES,Comercio y reparación de vehículos,Abr - Jun,2078.2498099
2021,HOMBRES,Comercio y reparación de vehículos,May - Jul,2095.2046971
2021,HOMBRES,Comercio y reparación de vehículos,Jun - Ago,2103.925550933333
2021,HOMBRES,Comercio y reparación de vehículos,Jul - Sep,2082.1714878999996
2021,HOMBRES,Comercio y reparación de vehículos,Ago - Oct,2079.6107809
2021,HOMBRES,Comercio y reparación de vehículos,Sep - Nov,2123.4736589333334
2021,HOMBRES,Comercio y reparación de vehículos,Oct - Dic,2120.0039605
2021,HOMBRES,Comercio y reparación de vehículos,Nov - Ene,2115.6865579
2021,HOMBRES,Comercio y reparación de vehículos,Dic - Feb,2148.4877730333333
2022,HOMBRES,Comercio y reparación de vehículos,Ene - Mar,2143.500245933333
2022,HOMBRES,Comercio y reparación de vehículos,Feb - Abr,2169.184921
2022,HOMBRES,Comercio y reparación de vehículos,Mar - May,2103.8596981333335
2022,HOMBRES,Comercio y reparación de vehículos,Abr - Jun,2113.6591520666666
2022,HOMBRES,Comercio y reparación de vehículos,May - Jul,2100.7821301
2022,HOMBRES,Comercio y reparación de vehículos,Jun - Ago,2132.9775371
2022,HOMBRES,Comercio y reparación de vehículos,Jul - Sep,2164.644345366667
2022,HOMBRES,Comercio y reparación de vehículos,Ago - Oct,2177.2818585333334
2022,HOMBRES,Comercio y reparación de vehículos,Sep - Nov,2202.3454127
2022,HOMBRES,Comercio y reparación de vehículos,Oct - Dic,2117.3487131
2022,HOMBRES,Comercio y reparación de vehículos,Nov - Ene,2122.2665008
2022,HOMBRES,Comercio y reparación de vehículos,Dic - Feb,2122.1029557666666
2023,HOMBRES,Comercio y reparación de vehículos,Ene - Mar,2189.6766638333334
2023,HOMBRES,Comercio y reparación de vehículos,Feb - Abr,2170.4882334666668
2023,HOMBRES,Comercio y reparación de vehículos,Mar - May,2158.0262919
2023,HOMBRES,Comercio y reparación de vehículos,Abr - Jun,2165.9833102333337
2023,HOMBRES,Comercio y reparación de vehículos,May - Jul,2178.0531757666668
2023,HOMBRES,Comercio y reparación de vehículos,Jun - Ago,2166.1975618
2023,HOMBRES,Comercio y reparación de vehículos,Jul - Sep,2156.960818066667
2023,HOMBRES,Comercio y reparación de vehículos,Ago - Oct,2121.4117802
2023,HOMBRES,Comercio y reparación de vehículos,Sep - Nov,2107.1335801
2023,HOMBRES,Comercio y reparación de vehículos,Oct - Dic,2131.6473585666668
2023,HOMBRES,Comercio y reparación de vehículos,Nov - Ene,2192.5620644333335
2023,HOMBRES,Comercio y reparación de vehículos,Dic - Feb,2214.7102190666665
2024,HOMBRES,Comercio y reparación de vehículos,Ene - Mar,2235.7532116333336
2024,HOMBRES,Comercio y reparación de vehículos,Feb - Abr,2225.3797327333336
2024,HOMBRES,Comercio y reparación de vehículos,Mar - May,2215.8726689
2024,HOMBRES,Comercio y reparación de vehículos,Abr - Jun,2191.8340489999996
2024,HOMBRES,Comercio y reparación de vehículos,May - Jul,2185.3184032
2024,HOMBRES,Comercio y reparación de vehículos,Jun - Ago,2197.9529283666666
2024,HOMBRES,Comercio y reparación de vehículos,Jul - Sep,2193.049196966667
2024,HOMBRES,Comercio y reparación de vehículos,Ago - Oct,2257.6006531333333
2024,HOMBRES,Comercio y reparación de vehículos,Sep - Nov,2262.1606778333335
2024,HOMBRES,Comercio y reparación de vehículos,Oct - Dic,2299.3147909
2024,HOMBRES,Comercio y reparación de vehículos,Nov - Ene,2234.9683291
2024,HOMBRES,Comercio y reparación de vehículos,Dic - Feb,2231.1648354999998
2025,HOMBRES,Comercio y reparación de vehículos,Ene - Mar,2222.1808952999995
2025,HOMBRES,Comercio y reparación de vehículos,Feb - Abr,2254.800914133333
2025,HOMBRES,Comercio y reparación de vehículos,Mar - May,2257.629073233333
2025,HOMBRES,Comercio y reparación de vehículos,Abr - Jun,2248.0483258666663
2025,HOMBRES,Comercio y reparación de vehículos,May - Jul,2207.6838617333333
2025,HOMBRES,Comercio y reparación de vehículos,Jun - Ago,2198.7378554333336
2025,HOMBRES,Comercio y reparación de vehículos,Jul - Sep,2173.3942848999995
2025,HOMBRES,Comercio y reparación de vehículos,Ago - Oct,2180.3485874666662
2025,HOMBRES,Comercio y reparación de vehículos,Sep - Nov,2205.5457155999998
2025,HOMBRES,Comercio y reparación de vehículos,Oct - Dic,2257.6533046333334
2025,HOMBRES,Comercio y reparación de vehículos,Nov - Ene,2232.5057486
2025,HOMBRES,Comercio y reparación de vehículos,Dic - Feb,2251.7173651999997
2026,HOMBRES,Comercio y reparación de vehículos,Ene - Mar,2244.984848233333
2026,HOMBRES,Comercio y reparación de vehículos,Feb - Abr,2280.5789948666666
2026,HOMBRES,Comercio y reparación de vehículos,Mar - May,2271.7406635333336
2026,HOMBRES,Comercio y reparación de vehículos,Abr - Jun,2210.002171
2015,HOMBRES,Alojamiento y servicios de comida,Ene - Mar,483.8206377633333
2015,HOMBRES,Alojamiento y servicios de comida,Feb - Abr,475.29709709
2015,HOMBRES,Alojamiento y servicios de comida,Mar - May,470.7379549766667
2015,HOMBRES,Alojamiento y servicios de comida,Abr - Jun,465.89321297
2015,HOMBRES,Alojamiento y servicios de comida,May - Jul,467.46781940333335
2015,HOMBRES,Alojamiento y servicios de comida,Jun - Ago,482.13275060666666
2015,HOMBRES,Alojamiento y servicios de comida,Jul - Sep,469.1162108866667
2015,HOMBRES,Alojamiento y servicios de comida,Ago - Oct,485.10948203666675
2015,HOMBRES,Alojamiento y servicios de comida,Sep - Nov,474.41714698000004
2015,HOMBRES,Alojamiento y servicios de comida,Oct - Dic,472.75322640666667
2015,HOMBRES,Alojamiento y servicios de comida,Nov - Ene,437.9185486433334
2015,HOMBRES,Alojamiento y servicios de comida,Dic - Feb,432.2564791666667
2016,HOMBRES,Alojamiento y servicios de comida,Ene - Mar,437.10770811333333
2016,HOMBRES,Alojamiento y servicios de comida,Feb - Abr,467.3655482066667
2016,HOMBRES,Alojamiento y servicios de comida,Mar - May,477.1974230533333
2016,HOMBRES,Alojamiento y servicios de comida,Abr - Jun,470.5985764133334
2016,HOMBRES,Alojamiento y servicios de comida,May - Jul,474.66599379666667
2016,HOMBRES,Alojamiento y servicios de comida,Jun - Ago,459.75421995666665
2016,HOMBRES,Alojamiento y servicios de comida,Jul - Sep,468.13171725
2016,HOMBRES,Alojamiento y servicios de comida,Ago - Oct,443.21511297
2016,HOMBRES,Alojamiento y servicios de comida,Sep - Nov,476.0931231933334
2016,HOMBRES,Alojamiento y servicios de comida,Oct - Dic,469.8609709166667
2016,HOMBRES,Alojamiento y servicios de comida,Nov - Ene,478.46857076
2016,HOMBRES,Alojamiento y servicios de comida,Dic - Feb,457.13563271666663
2017,HOMBRES,Alojamiento y servicios de comida,Ene - Mar,458.63993077000003
2017,HOMBRES,Alojamiento y servicios de comida,Feb - Abr,463.5130920166667
2017,HOMBRES,Alojamiento y servicios de comida,Mar - May,466.3668877
2017,HOMBRES,Alojamiento y servicios de comida,Abr - Jun,466.3400970933333
2017,HOMBRES,Alojamiento y servicios de comida,May - Jul,447.7023000566667
2017,HOMBRES,Alojamiento y servicios de comida,Jun - Ago,447.6243499966667
2017,HOMBRES,Alojamiento y servicios de comida,Jul - Sep,450.3187766866667
2017,HOMBRES,Alojamiento y servicios de comida,Ago - Oct,466.93617548
2017,HOMBRES,Alojamiento y servicios de comida,Sep - Nov,472.5786472166667
2017,HOMBRES,Alojamiento y servicios de comida,Oct - Dic,483.79417783
2017,HOMBRES,Alojamiento y servicios de comida,Nov - Ene,523.9791419266667
2017,HOMBRES,Alojamiento y servicios de comida,Dic - Feb,515.83476755
2018,HOMBRES,Alojamiento y servicios de comida,Ene - Mar,510.2450109866666
2018,HOMBRES,Alojamiento y servicios de comida,Feb - Abr,465.32360324666666
2018,HOMBRES,Alojamiento y servicios de comida,Mar - May,469.83168307666665
2018,HOMBRES,Alojamiento y servicios de comida,Abr - Jun,465.6077566233334
2018,HOMBRES,Alojamiento y servicios de comida,May - Jul,465.01509219666667
2018,HOMBRES,Alojamiento y servicios de comida,Jun - Ago,439.25601619
2018,HOMBRES,Alojamiento y servicios de comida,Jul - Sep,450.62383974666665
2018,HOMBRES,Alojamiento y servicios de comida,Ago - Oct,441.45823100666667
2018,HOMBRES,Alojamiento y servicios de comida,Sep - Nov,458.89828673333335
2018,HOMBRES,Alojamiento y servicios de comida,Oct - Dic,452.48977574333327
2018,HOMBRES,Alojamiento y servicios de comida,Nov - Ene,462.08846171
2018,HOMBRES,Alojamiento y servicios de comida,Dic - Feb,498.64824554333336
2019,HOMBRES,Alojamiento y servicios de comida,Ene - Mar,507.1461927633333
2019,HOMBRES,Alojamiento y servicios de comida,Feb - Abr,511.36703848999997
2019,HOMBRES,Alojamiento y servicios de comida,Mar - May,485.8833350566667
2019,HOMBRES,Alojamiento y servicios de comida,Abr - Jun,474.16162102333334
2019,HOMBRES,Alojamiento y servicios de comida,May - Jul,474.39141735666664
2019,HOMBRES,Alojamiento y servicios de comida,Jun - Ago,468.7912918966667
2019,HOMBRES,Alojamiento y servicios de comida,Jul - Sep,473.74544269333336
2019,HOMBRES,Alojamiento y servicios de comida,Ago - Oct,476.59967485
2019,HOMBRES,Alojamiento y servicios de comida,Sep - Nov,517.72872563
2019,HOMBRES,Alojamiento y servicios de comida,Oct - Dic,520.28898259
2019,HOMBRES,Alojamiento y servicios de comida,Nov - Ene,541.1309583566667
2019,HOMBRES,Alojamiento y servicios de comida,Dic - Feb,527.27637582
2020,HOMBRES,Alojamiento y servicios de comida,Ene - Mar,509.74788147333334
2020,HOMBRES,Alojamiento y servicios de comida,Feb - Abr,444.60503466
2020,HOMBRES,Alojamiento y servicios de comida,Mar - May,385.96075565666666
2020,HOMBRES,Alojamiento y servicios de comida,Abr - Jun,358.59331141
2020,HOMBRES,Alojamiento y servicios de comida,May - Jul,343.14539644999996
2020,HOMBRES,Alojamiento y servicios de comida,Jun - Ago,341.32904342999996
2020,HOMBRES,Alojamiento y servicios de comida,Jul - Sep,359.6883479366666
2020,HOMBRES,Alojamiento y servicios de comida,Ago - Oct,414.11545333333333
2020,HOMBRES,Alojamiento y servicios de comida,Sep - Nov,447.79394009666674
2020,HOMBRES,Alojamiento y servicios de comida,Oct - Dic,443.9334715733333
2020,HOMBRES,Alojamiento y servicios de comida,Nov - Ene,429.5610157533333
2020,HOMBRES,Alojamiento y servicios de comida,Dic - Feb,424.94275669333337
2021,HOMBRES,Alojamiento y servicios de comida,Ene - Mar,442.20572932000005
2021,HOMBRES,Alojamiento y servicios de comida,Feb - Abr,438.46281121
2021,HOMBRES,Alojamiento y servicios de comida,Mar - May,440.71881169
2021,HOMBRES,Alojamiento y servicios de comida,Abr - Jun,438.2046417033334
2021,HOMBRES,Alojamiento y servicios de comida,May - Jul,461.7570727933333
2021,HOMBRES,Alojamiento y servicios de comida,Jun - Ago,473.34467603666667
2021,HOMBRES,Alojamiento y servicios de comida,Jul - Sep,488.1364304833333
2021,HOMBRES,Alojamiento y servicios de comida,Ago - Oct,488.8195307966667
2021,HOMBRES,Alojamiento y servicios de comida,Sep - Nov,469.12952262333334
2021,HOMBRES,Alojamiento y servicios de comida,Oct - Dic,474.75292171666666
2021,HOMBRES,Alojamiento y servicios de comida,Nov - Ene,459.85718068333335
2021,HOMBRES,Alojamiento y servicios de comida,Dic - Feb,466.14059593666667
2022,HOMBRES,Alojamiento y servicios de comida,Ene - Mar,480.46171575
2022,HOMBRES,Alojamiento y servicios de comida,Feb - Abr,510.23291138666673
2022,HOMBRES,Alojamiento y servicios de comida,Mar - May,521.3922193133334
2022,HOMBRES,Alojamiento y servicios de comida,Abr - Jun,498.1473432366667
2022,HOMBRES,Alojamiento y servicios de comida,May - Jul,488.45652859333336
2022,HOMBRES,Alojamiento y servicios de comida,Jun - Ago,504.0718780233333
2022,HOMBRES,Alojamiento y servicios de comida,Jul - Sep,521.6692317133333
2022,HOMBRES,Alojamiento y servicios de comida,Ago - Oct,522.6519651333334
2022,HOMBRES,Alojamiento y servicios de comida,Sep - Nov,509.19170089
2022,HOMBRES,Alojamiento y servicios de comida,Oct - Dic,520.2892225833333
2022,HOMBRES,Alojamiento y servicios de comida,Nov - Ene,537.2614311166667
2022,HOMBRES,Alojamiento y servicios de comida,Dic - Feb,547.7824782233333
2023,HOMBRES,Alojamiento y servicios de comida,Ene - Mar,560.4567861200001
2023,HOMBRES,Alojamiento y servicios de comida,Feb - Abr,589.19442397
2023,HOMBRES,Alojamiento y servicios de comida,Mar - May,565.2486914499999
2023,HOMBRES,Alojamiento y servicios de comida,Abr - Jun,540.7868729633333
2023,HOMBRES,Alojamiento y servicios de comida,May - Jul,512.2329726133333
2023,HOMBRES,Alojamiento y servicios de comida,Jun - Ago,536.1229457333333
2023,HOMBRES,Alojamiento y servicios de comida,Jul - Sep,535.17803524
2023,HOMBRES,Alojamiento y servicios de comida,Ago - Oct,546.2158148766667
2023,HOMBRES,Alojamiento y servicios de comida,Sep - Nov,546.6927370433333
2023,HOMBRES,Alojamiento y servicios de comida,Oct - Dic,560.6242632666666
2023,HOMBRES,Alojamiento y servicios de comida,Nov - Ene,522.866073
2023,HOMBRES,Alojamiento y servicios de comida,Dic - Feb,522.9887582733332
2024,HOMBRES,Alojamiento y servicios de comida,Ene - Mar,491.42223542333335
2024,HOMBRES,Alojamiento y servicios de comida,Feb - Abr,517.2062547033333
2024,HOMBRES,Alojamiento y servicios de comida,Mar - May,563.5377047366667
2024,HOMBRES,Alojamiento y servicios de comida,Abr - Jun,594.0566813933334
2024,HOMBRES,Alojamiento y servicios de comida,May - Jul,597.8586165233334
2024,HOMBRES,Alojamiento y servicios de comida,Jun - Ago,579.6249005633333
2024,HOMBRES,Alojamiento y servicios de comida,Jul - Sep,597.9458931766666
2024,HOMBRES,Alojamiento y servicios de comida,Ago - Oct,577.4039952433333
2024,HOMBRES,Alojamiento y servicios de comida,Sep - Nov,545.9384359866666
2024,HOMBRES,Alojamiento y servicios de comida,Oct - Dic,559.4446050333332
2024,HOMBRES,Alojamiento y servicios de comida,Nov - Ene,575.2131283299999
2024,HOMBRES,Alojamiento y servicios de comida,Dic - Feb,602.5722752266666
2025,HOMBRES,Alojamiento y servicios de comida,Ene - Mar,563.85146875
2025,HOMBRES,Alojamiento y servicios de comida,Feb - Abr,578.7192861566667
2025,HOMBRES,Alojamiento y servicios de comida,Mar - May,576.78345052
2025,HOMBRES,Alojamiento y servicios de comida,Abr - Jun,596.7804810766667
2025,HOMBRES,Alojamiento y servicios de comida,May - Jul,586.33194988
2025,HOMBRES,Alojamiento y servicios de comida,Jun - Ago,582.89675629
2025,HOMBRES,Alojamiento y servicios de comida,Jul - Sep,592.2326305766667
2025,HOMBRES,Alojamiento y servicios de comida,Ago - Oct,599.74314533
2025,HOMBRES,Alojamiento y servicios de comida,Sep - Nov,606.9198239
2025,HOMBRES,Alojamiento y servicios de comida,Oct - Dic,610.4101758833334
2025,HOMBRES,Alojamiento y servicios de comida,Nov - Ene,590.9817856999999
2025,HOMBRES,Alojamiento y servicios de comida,Dic - Feb,566.0209826066667
2026,HOMBRES,Alojamiento y servicios de comida,Ene - Mar,532.6316767166667
2026,HOMBRES,Alojamiento y servicios de comida,Feb - Abr,549.2522345666666
2026,HOMBRES,Alojamiento y servicios de comida,Mar - May,587.1519450699999
2026,HOMBRES,Alojamiento y servicios de comida,Abr - Jun,610.44943522
2015,HOMBRES,Transporte y almacenamiento,Ene - Mar,1319.1786223666666
2015,HOMBRES,Transporte y almacenamiento,Feb - Abr,1340.1805364333334
2015,HOMBRES,Transporte y almacenamiento,Mar - May,1388.3239588
2015,HOMBRES,Transporte y almacenamiento,Abr - Jun,1370.3966852333335
2015,HOMBRES,Transporte y almacenamiento,May - Jul,1333.0410179
2015,HOMBRES,Transporte y almacenamiento,Jun - Ago,1316.0096512666667
2015,HOMBRES,Transporte y almacenamiento,Jul - Sep,1318.2314338333333
2015,HOMBRES,Transporte y almacenamiento,Ago - Oct,1313.0876727
2015,HOMBRES,Transporte y almacenamiento,Sep - Nov,1265.6254337
2015,HOMBRES,Transporte y almacenamiento,Oct - Dic,1269.2656262
2015,HOMBRES,Transporte y almacenamiento,Nov - Ene,1314.0802060333333
2015,HOMBRES,Transporte y almacenamiento,Dic - Feb,1362.7974459333334
2016,HOMBRES,Transporte y almacenamiento,Ene - Mar,1375.5833330666665
2016,HOMBRES,Transporte y almacenamiento,Feb - Abr,1349.6835801999998
2016,HOMBRES,Transporte y almacenamiento,Mar - May,1340.1454426333332
2016,HOMBRES,Transporte y almacenamiento,Abr - Jun,1313.0930456333333
2016,HOMBRES,Transporte y almacenamiento,May - Jul,1304.5262618333334
2016,HOMBRES,Transporte y almacenamiento,Jun - Ago,1285.9580223
2016,HOMBRES,Transporte y almacenamiento,Jul - Sep,1320.9293845
2016,HOMBRES,Transporte y almacenamiento,Ago - Oct,1321.846883
2016,HOMBRES,Transporte y almacenamiento,Sep - Nov,1319.4228767666666
2016,HOMBRES,Transporte y almacenamiento,Oct - Dic,1330.5994652
2016,HOMBRES,Transporte y almacenamiento,Nov - Ene,1356.6215243333334
2016,HOMBRES,Transporte y almacenamiento,Dic - Feb,1381.759010966667
2017,HOMBRES,Transporte y almacenamiento,Ene - Mar,1367.8900972000001
2017,HOMBRES,Transporte y almacenamiento,Feb - Abr,1334.6626087
2017,HOMBRES,Transporte y almacenamiento,Mar - May,1333.000069
2017,HOMBRES,Transporte y almacenamiento,Abr - Jun,1333.1401623666668
2017,HOMBRES,Transporte y almacenamiento,May - Jul,1322.9969552
2017,HOMBRES,Transporte y almacenamiento,Jun - Ago,1307.9768836
2017,HOMBRES,Transporte y almacenamiento,Jul - Sep,1294.4964242999997
2017,HOMBRES,Transporte y almacenamiento,Ago - Oct,1302.8593640666666
2017,HOMBRES,Transporte y almacenamiento,Sep - Nov,1270.6221612666668
2017,HOMBRES,Transporte y almacenamiento,Oct - Dic,1335.2506074666665
2017,HOMBRES,Transporte y almacenamiento,Nov - Ene,1344.4196669333332
2017,HOMBRES,Transporte y almacenamiento,Dic - Feb,1371.6506153
2018,HOMBRES,Transporte y almacenamiento,Ene - Mar,1341.5758834
2018,HOMBRES,Transporte y almacenamiento,Feb - Abr,1361.4439772333333
2018,HOMBRES,Transporte y almacenamiento,Mar - May,1388.6834779
2018,HOMBRES,Transporte y almacenamiento,Abr - Jun,1331.2961604333334
2018,HOMBRES,Transporte y almacenamiento,May - Jul,1305.9605106000001
2018,HOMBRES,Transporte y almacenamiento,Jun - Ago,1292.8445741333335
2018,HOMBRES,Transporte y almacenamiento,Jul - Sep,1308.8369357333333
2018,HOMBRES,Transporte y almacenamiento,Ago - Oct,1300.8733357666667
2018,HOMBRES,Transporte y almacenamiento,Sep - Nov,1299.3852119333333
2018,HOMBRES,Transporte y almacenamiento,Oct - Dic,1352.9731167666666
2018,HOMBRES,Transporte y almacenamiento,Nov - Ene,1387.2856708333331
2018,HOMBRES,Transporte y almacenamiento,Dic - Feb,1392.9736227333333
2019,HOMBRES,Transporte y almacenamiento,Ene - Mar,1382.8991314000002
2019,HOMBRES,Transporte y almacenamiento,Feb - Abr,1379.6543385666664
2019,HOMBRES,Transporte y almacenamiento,Mar - May,1379.0220298666666
2019,HOMBRES,Transporte y almacenamiento,Abr - Jun,1327.3750677
2019,HOMBRES,Transporte y almacenamiento,May - Jul,1313.4341691666666
2019,HOMBRES,Transporte y almacenamiento,Jun - Ago,1308.7762178333335
2019,HOMBRES,Transporte y almacenamiento,Jul - Sep,1347.8593885666667
2019,HOMBRES,Transporte y almacenamiento,Ago - Oct,1353.3897290000002
2019,HOMBRES,Transporte y almacenamiento,Sep - Nov,1365.6566812
2019,HOMBRES,Transporte y almacenamiento,Oct - Dic,1391.6772237333334
2019,HOMBRES,Transporte y almacenamiento,Nov - Ene,1398.948925
2019,HOMBRES,Transporte y almacenamiento,Dic - Feb,1420.6492977
2020,HOMBRES,Transporte y almacenamiento,Ene - Mar,1376.6410595
2020,HOMBRES,Transporte y almacenamiento,Feb - Abr,1277.7245196333333
2020,HOMBRES,Transporte y almacenamiento,Mar - May,1198.2830998333332
2020,HOMBRES,Transporte y almacenamiento,Abr - Jun,1093.9916460666666
2020,HOMBRES,Transporte y almacenamiento,May - Jul,1113.6869038
2020,HOMBRES,Transporte y almacenamiento,Jun - Ago,1063.6742096
2020,HOMBRES,Transporte y almacenamiento,Jul - Sep,1162.4508013666666
2020,HOMBRES,Transporte y almacenamiento,Ago - Oct,1221.6115049666666
2020,HOMBRES,Transporte y almacenamiento,Sep - Nov,1322.7109833
2020,HOMBRES,Transporte y almacenamiento,Oct - Dic,1327.9236223333335
2020,HOMBRES,Transporte y almacenamiento,Nov - Ene,1279.4679957
2020,HOMBRES,Transporte y almacenamiento,Dic - Feb,1247.6201944333334
2021,HOMBRES,Transporte y almacenamiento,Ene - Mar,1237.9349424333334
2021,HOMBRES,Transporte y almacenamiento,Feb - Abr,1258.2317100333332
2021,HOMBRES,Transporte y almacenamiento,Mar - May,1244.3787710333334
2021,HOMBRES,Transporte y almacenamiento,Abr - Jun,1257.8120242666666
2021,HOMBRES,Transporte y almacenamiento,May - Jul,1294.2029852666665
2021,HOMBRES,Transporte y almacenamiento,Jun - Ago,1351.7121864333333
2021,HOMBRES,Transporte y almacenamiento,Jul - Sep,1389.778045
2021,HOMBRES,Transporte y almacenamiento,Ago - Oct,1425.3426471333335
2021,HOMBRES,Transporte y almacenamiento,Sep - Nov,1446.6896152
2021,HOMBRES,Transporte y almacenamiento,Oct - Dic,1430.041783
2021,HOMBRES,Transporte y almacenamiento,Nov - Ene,1400.1897077666665
2021,HOMBRES,Transporte y almacenamiento,Dic - Feb,1377.0002080333334
2022,HOMBRES,Transporte y almacenamiento,Ene - Mar,1415.8574136333336
2022,HOMBRES,Transporte y almacenamiento,Feb - Abr,1449.7655129000002
2022,HOMBRES,Transporte y almacenamiento,Mar - May,1495.7133150666668
2022,HOMBRES,Transporte y almacenamiento,Abr - Jun,1471.9172484666667
2022,HOMBRES,Transporte y almacenamiento,May - Jul,1505.0643874333334
2022,HOMBRES,Transporte y almacenamiento,Jun - Ago,1461.8292773333333
2022,HOMBRES,Transporte y almacenamiento,Jul - Sep,1479.5223645666665
2022,HOMBRES,Transporte y almacenamiento,Ago - Oct,1467.4671234999998
2022,HOMBRES,Transporte y almacenamiento,Sep - Nov,1444.9343320666667
2022,HOMBRES,Transporte y almacenamiento,Oct - Dic,1434.5547615333332
2022,HOMBRES,Transporte y almacenamiento,Nov - Ene,1432.6241489333333
2022,HOMBRES,Transporte y almacenamiento,Dic - Feb,1506.6705260333335
2023,HOMBRES,Transporte y almacenamiento,Ene - Mar,1498.4331585666666
2023,HOMBRES,Transporte y almacenamiento,Feb - Abr,1492.8171031333334
2023,HOMBRES,Transporte y almacenamiento,Mar - May,1496.7714314666666
2023,HOMBRES,Transporte y almacenamiento,Abr - Jun,1543.7527560333335
2023,HOMBRES,Transporte y almacenamiento,May - Jul,1608.2816478666666
2023,HOMBRES,Transporte y almacenamiento,Jun - Ago,1574.7423876333332
2023,HOMBRES,Transporte y almacenamiento,Jul - Sep,1616.1627158000001
2023,HOMBRES,Transporte y almacenamiento,Ago - Oct,1568.3497528999999
2023,HOMBRES,Transporte y almacenamiento,Sep - Nov,1614.2773366666668
2023,HOMBRES,Transporte y almacenamiento,Oct - Dic,1554.5978435999998
2023,HOMBRES,Transporte y almacenamiento,Nov - Ene,1545.632925
2023,HOMBRES,Transporte y almacenamiento,Dic - Feb,1546.6970477000002
2024,HOMBRES,Transporte y almacenamiento,Ene - Mar,1522.550999133333
2024,HOMBRES,Transporte y almacenamiento,Feb - Abr,1507.2263746333335
2024,HOMBRES,Transporte y almacenamiento,Mar - May,1477.7663868
2024,HOMBRES,Transporte y almacenamiento,Abr - Jun,1505.6587585333334
2024,HOMBRES,Transporte y almacenamiento,May - Jul,1541.4235704333332
2024,HOMBRES,Transporte y almacenamiento,Jun - Ago,1543.2522033666664
2024,HOMBRES,Transporte y almacenamiento,Jul - Sep,1569.9700198
2024,HOMBRES,Transporte y almacenamiento,Ago - Oct,1548.9872408
2024,HOMBRES,Transporte y almacenamiento,Sep - Nov,1584.3797454666667
2024,HOMBRES,Transporte y almacenamiento,Oct - Dic,1569.8391065666667
2024,HOMBRES,Transporte y almacenamiento,Nov - Ene,1585.6997817666668
2024,HOMBRES,Transporte y almacenamiento,Dic - Feb,1615.7477927333332
2025,HOMBRES,Transporte y almacenamiento,Ene - Mar,1614.8337038999998
2025,HOMBRES,Transporte y almacenamiento,Feb - Abr,1620.8803041
2025,HOMBRES,Transporte y almacenamiento,Mar - May,1620.4437061333335
2025,HOMBRES,Transporte y almacenamiento,Abr - Jun,1620.4215531999998
2025,HOMBRES,Transporte y almacenamiento,May - Jul,1657.0893284333333
2025,HOMBRES,Transporte y almacenamiento,Jun - Ago,1634.6071331333333
2025,HOMBRES,Transporte y almacenamiento,Jul - Sep,1663.4399236333336
2025,HOMBRES,Transporte y almacenamiento,Ago - Oct,1664.2136746000003
2025,HOMBRES,Transporte y almacenamiento,Sep - Nov,1675.1369363666665
2025,HOMBRES,Transporte y almacenamiento,Oct - Dic,1643.4678497666666
2025,HOMBRES,Transporte y almacenamiento,Nov - Ene,1630.7715443999998
2025,HOMBRES,Transporte y almacenamiento,Dic - Feb,1614.1492071333332
2026,HOMBRES,Transporte y almacenamiento,Ene - Mar,1624.9594274
2026,HOMBRES,Transporte y almacenamiento,Feb - Abr,1615.3679072333334
2026,HOMBRES,Transporte y almacenamiento,Mar - May,1617.7673971333334
2026,HOMBRES,Transporte y almacenamiento,Abr - Jun,1655.2508445
2015,HOMBRES,Información y comunicaciones,Ene - Mar,179.82123466333334
2015,HOMBRES,Información y comunicaciones,Feb - Abr,188.69754188666664
2015,HOMBRES,Información y comunicaciones,Mar - May,189.15340855
2015,HOMBRES,Información y comunicaciones,Abr - Jun,213.03590602999998
2015,HOMBRES,Información y comunicaciones,May - Jul,196.0892212133333
2015,HOMBRES,Información y comunicaciones,Jun - Ago,199.1514810266667
2015,HOMBRES,Información y comunicaciones,Jul - Sep,181.41606864666664
2015,HOMBRES,Información y comunicaciones,Ago - Oct,179.07363572666668
2015,HOMBRES,Información y comunicaciones,Sep - Nov,191.42885220666668
2015,HOMBRES,Información y comunicaciones,Oct - Dic,204.4425891333333
2015,HOMBRES,Información y comunicaciones,Nov - Ene,199.11968379000004
2015,HOMBRES,Información y comunicaciones,Dic - Feb,181.77416327333336
2016,HOMBRES,Información y comunicaciones,Ene - Mar,164.4377277
2016,HOMBRES,Información y comunicaciones,Feb - Abr,166.46853662
2016,HOMBRES,Información y comunicaciones,Mar - May,169.34368401666666
2016,HOMBRES,Información y comunicaciones,Abr - Jun,170.0755974966667
2016,HOMBRES,Información y comunicaciones,May - Jul,173.69259904
2016,HOMBRES,Información y comunicaciones,Jun - Ago,168.5435200866667
2016,HOMBRES,Información y comunicaciones,Jul - Sep,175.82564300666664
2016,HOMBRES,Información y comunicaciones,Ago - Oct,169.9719311
2016,HOMBRES,Información y comunicaciones,Sep - Nov,166.15227874
2016,HOMBRES,Información y comunicaciones,Oct - Dic,167.54738297999998
2016,HOMBRES,Información y comunicaciones,Nov - Ene,175.60672437000002
2016,HOMBRES,Información y comunicaciones,Dic - Feb,188.70769597
2017,HOMBRES,Información y comunicaciones,Ene - Mar,197.61747142
2017,HOMBRES,Información y comunicaciones,Feb - Abr,195.6644943133333
2017,HOMBRES,Información y comunicaciones,Mar - May,200.09587067333334
2017,HOMBRES,Información y comunicaciones,Abr - Jun,183.20380917
2017,HOMBRES,Información y comunicaciones,May - Jul,181.69178641333335
2017,HOMBRES,Información y comunicaciones,Jun - Ago,174.18079933333334
2017,HOMBRES,Información y comunicaciones,Jul - Sep,176.00293295333336
2017,HOMBRES,Información y comunicaciones,Ago - Oct,175.0219076233333
2017,HOMBRES,Información y comunicaciones,Sep - Nov,172.03600250666668
2017,HOMBRES,Información y comunicaciones,Oct - Dic,171.9145963033333
2017,HOMBRES,Información y comunicaciones,Nov - Ene,162.26861814999998
2017,HOMBRES,Información y comunicaciones,Dic - Feb,168.36701633666667
2018,HOMBRES,Información y comunicaciones,Ene - Mar,162.98105573666666
2018,HOMBRES,Información y comunicaciones,Feb - Abr,172.76503344666665
2018,HOMBRES,Información y comunicaciones,Mar - May,165.27815214333336
2018,HOMBRES,Información y comunicaciones,Abr - Jun,172.42503249
2018,HOMBRES,Información y comunicaciones,May - Jul,180.2488127
2018,HOMBRES,Información y comunicaciones,Jun - Ago,179.6904291333333
2018,HOMBRES,Información y comunicaciones,Jul - Sep,189.67091902666667
2018,HOMBRES,Información y comunicaciones,Ago - Oct,191.72212729
2018,HOMBRES,Información y comunicaciones,Sep - Nov,191.40117184000005
2018,HOMBRES,Información y comunicaciones,Oct - Dic,191.39265490666665
2018,HOMBRES,Información y comunicaciones,Nov - Ene,172.58379623333335
2018,HOMBRES,Información y comunicaciones,Dic - Feb,179.63725602666668
2019,HOMBRES,Información y comunicaciones,Ene - Mar,165.71717931
2019,HOMBRES,Información y comunicaciones,Feb - Abr,188.39549136333335
2019,HOMBRES,Información y comunicaciones,Mar - May,193.18244916333333
2019,HOMBRES,Información y comunicaciones,Abr - Jun,202.19645796
2019,HOMBRES,Información y comunicaciones,May - Jul,185.12039778333335
2019,HOMBRES,Información y comunicaciones,Jun - Ago,184.80976382666665
2019,HOMBRES,Información y comunicaciones,Jul - Sep,183.89522664
2019,HOMBRES,Información y comunicaciones,Ago - Oct,185.26351824333332
2019,HOMBRES,Información y comunicaciones,Sep - Nov,169.21513733999998
2019,HOMBRES,Información y comunicaciones,Oct - Dic,167.36676916
2019,HOMBRES,Información y comunicaciones,Nov - Ene,172.03074000999996
2019,HOMBRES,Información y comunicaciones,Dic - Feb,184.40980844
2020,HOMBRES,Información y comunicaciones,Ene - Mar,184.00882010666666
2020,HOMBRES,Información y comunicaciones,Feb - Abr,173.11305875333335
2020,HOMBRES,Información y comunicaciones,Mar - May,165.74687874666665
2020,HOMBRES,Información y comunicaciones,Abr - Jun,165.78579106333333
2020,HOMBRES,Información y comunicaciones,May - Jul,170.67552965333334
2020,HOMBRES,Información y comunicaciones,Jun - Ago,168.48129687000002
2020,HOMBRES,Información y comunicaciones,Jul - Sep,172.44410908
2020,HOMBRES,Información y comunicaciones,Ago - Oct,178.9852958933333
2020,HOMBRES,Información y comunicaciones,Sep - Nov,183.28695094
2020,HOMBRES,Información y comunicaciones,Oct - Dic,190.23850818333335
2020,HOMBRES,Información y comunicaciones,Nov - Ene,205.05074849333332
2020,HOMBRES,Información y comunicaciones,Dic - Feb,221.91064308
2021,HOMBRES,Información y comunicaciones,Ene - Mar,221.72781410666667
2021,HOMBRES,Información y comunicaciones,Feb - Abr,224.92785934999998
2021,HOMBRES,Información y comunicaciones,Mar - May,211.70836840333334
2021,HOMBRES,Información y comunicaciones,Abr - Jun,212.28053671666666
2021,HOMBRES,Información y comunicaciones,May - Jul,203.41492048
2021,HOMBRES,Información y comunicaciones,Jun - Ago,208.97902803666668
2021,HOMBRES,Información y comunicaciones,Jul - Sep,213.3163036166667
2021,HOMBRES,Información y comunicaciones,Ago - Oct,229.92093471333337
2021,HOMBRES,Información y comunicaciones,Sep - Nov,253.62222362333333
2021,HOMBRES,Información y comunicaciones,Oct - Dic,263.4293149133333
2021,HOMBRES,Información y comunicaciones,Nov - Ene,270.65100175
2021,HOMBRES,Información y comunicaciones,Dic - Feb,255.7798816866667
2022,HOMBRES,Información y comunicaciones,Ene - Mar,252.14186314999998
2022,HOMBRES,Información y comunicaciones,Feb - Abr,238.26481678666667
2022,HOMBRES,Información y comunicaciones,Mar - May,240.07450496333334
2022,HOMBRES,Información y comunicaciones,Abr - Jun,266.08394247666666
2022,HOMBRES,Información y comunicaciones,May - Jul,261.07853765
2022,HOMBRES,Información y comunicaciones,Jun - Ago,265.1428111966666
2022,HOMBRES,Información y comunicaciones,Jul - Sep,242.18868770333333
2022,HOMBRES,Información y comunicaciones,Ago - Oct,241.16027010333335
2022,HOMBRES,Información y comunicaciones,Sep - Nov,255.57701485999996
2022,HOMBRES,Información y comunicaciones,Oct - Dic,263.25010947333334
2022,HOMBRES,Información y comunicaciones,Nov - Ene,289.26218378
2022,HOMBRES,Información y comunicaciones,Dic - Feb,261.2660872966667
2023,HOMBRES,Información y comunicaciones,Ene - Mar,243.65870831333336
2023,HOMBRES,Información y comunicaciones,Feb - Abr,242.73173606333333
2023,HOMBRES,Información y comunicaciones,Mar - May,259.54086252
2023,HOMBRES,Información y comunicaciones,Abr - Jun,274.82274179
2023,HOMBRES,Información y comunicaciones,May - Jul,261.27011231333336
2023,HOMBRES,Información y comunicaciones,Jun - Ago,262.93066209
2023,HOMBRES,Información y comunicaciones,Jul - Sep,276.56009384333333
2023,HOMBRES,Información y comunicaciones,Ago - Oct,279.80608537999996
2023,HOMBRES,Información y comunicaciones,Sep - Nov,285.94876544333334
2023,HOMBRES,Información y comunicaciones,Oct - Dic,267.6014814133333
2023,HOMBRES,Información y comunicaciones,Nov - Ene,264.04478091
2023,HOMBRES,Información y comunicaciones,Dic - Feb,250.34629121
2024,HOMBRES,Información y comunicaciones,Ene - Mar,233.65690706
2024,HOMBRES,Información y comunicaciones,Feb - Abr,236.79842144
2024,HOMBRES,Información y comunicaciones,Mar - May,248.6719330233333
2024,HOMBRES,Información y comunicaciones,Abr - Jun,280.1430002166667
2024,HOMBRES,Información y comunicaciones,May - Jul,291.5015581266667
2024,HOMBRES,Información y comunicaciones,Jun - Ago,289.48357033
2024,HOMBRES,Información y comunicaciones,Jul - Sep,279.75392092666664
2024,HOMBRES,Información y comunicaciones,Ago - Oct,254.47659651666663
2024,HOMBRES,Información y comunicaciones,Sep - Nov,267.18397868
2024,HOMBRES,Información y comunicaciones,Oct - Dic,275.1841041533333
2024,HOMBRES,Información y comunicaciones,Nov - Ene,283.9467435333333
2024,HOMBRES,Información y comunicaciones,Dic - Feb,245.15727662999998
2025,HOMBRES,Información y comunicaciones,Ene - Mar,227.6001781466667
2025,HOMBRES,Información y comunicaciones,Feb - Abr,256.42764373
2025,HOMBRES,Información y comunicaciones,Mar - May,284.4160130466667
2025,HOMBRES,Información y comunicaciones,Abr - Jun,280.29342554333334
2025,HOMBRES,Información y comunicaciones,May - Jul,254.49830868
2025,HOMBRES,Información y comunicaciones,Jun - Ago,252.57467877666667
2025,HOMBRES,Información y comunicaciones,Jul - Sep,274.3494547533333
2025,HOMBRES,Información y comunicaciones,Ago - Oct,266.63599156666663
2025,HOMBRES,Información y comunicaciones,Sep - Nov,288.5154949433333
2025,HOMBRES,Información y comunicaciones,Oct - Dic,275.9556117933333
2025,HOMBRES,Información y comunicaciones,Nov - Ene,305.92815958999995
2025,HOMBRES,Información y comunicaciones,Dic - Feb,291.66675193333333
2026,HOMBRES,Información y comunicaciones,Ene - Mar,291.3908091933333
2026,HOMBRES,Información y comunicaciones,Feb - Abr,278.45896259
2026,HOMBRES,Información y comunicaciones,Mar - May,264.60574804333334
2026,HOMBRES,Información y comunicaciones,Abr - Jun,268.53321639
2015,HOMBRES,Actividades financieras y de seguros,Ene - Mar,124.12141262333334
2015,HOMBRES,Actividades financieras y de seguros,Feb - Abr,124.53109654666667
2015,HOMBRES,Actividades financieras y de seguros,Mar - May,125.30352823
2015,HOMBRES,Actividades financieras y de seguros,Abr - Jun,128.96676871666668
2015,HOMBRES,Actividades financieras y de seguros,May - Jul,135.6491840266667
2015,HOMBRES,Actividades financieras y de seguros,Jun - Ago,135.08979057333335
2015,HOMBRES,Actividades financieras y de seguros,Jul - Sep,137.90389956
2015,HOMBRES,Actividades financieras y de seguros,Ago - Oct,131.17944192000002
2015,HOMBRES,Actividades financieras y de seguros,Sep - Nov,126.12864653333332
2015,HOMBRES,Actividades financieras y de seguros,Oct - Dic,125.84392364666667
2015,HOMBRES,Actividades financieras y de seguros,Nov - Ene,142.59154049999998
2015,HOMBRES,Actividades financieras y de seguros,Dic - Feb,144.81719984999998
2016,HOMBRES,Actividades financieras y de seguros,Ene - Mar,142.34333608666665
2016,HOMBRES,Actividades financieras y de seguros,Feb - Abr,129.67631964333333
2016,HOMBRES,Actividades financieras y de seguros,Mar - May,129.17715157
2016,HOMBRES,Actividades financieras y de seguros,Abr - Jun,134.50014228666666
2016,HOMBRES,Actividades financieras y de seguros,May - Jul,134.6779874766667
2016,HOMBRES,Actividades financieras y de seguros,Jun - Ago,141.24542118
2016,HOMBRES,Actividades financieras y de seguros,Jul - Sep,144.54152498666667
2016,HOMBRES,Actividades financieras y de seguros,Ago - Oct,148.98300093333333
2016,HOMBRES,Actividades financieras y de seguros,Sep - Nov,151.71719467666668
2016,HOMBRES,Actividades financieras y de seguros,Oct - Dic,132.32700811566667
2016,HOMBRES,Actividades financieras y de seguros,Nov - Ene,121.41150144566666
2016,HOMBRES,Actividades financieras y de seguros,Dic - Feb,109.64570466233333
2017,HOMBRES,Actividades financieras y de seguros,Ene - Mar,121.28638272
2017,HOMBRES,Actividades financieras y de seguros,Feb - Abr,128.05546895
2017,HOMBRES,Actividades financieras y de seguros,Mar - May,135.45496490000002
2017,HOMBRES,Actividades financieras y de seguros,Abr - Jun,137.1634768433333
2017,HOMBRES,Actividades financieras y de seguros,May - Jul,135.08573656666667
2017,HOMBRES,Actividades financieras y de seguros,Jun - Ago,140.2144314233333
2017,HOMBRES,Actividades financieras y de seguros,Jul - Sep,133.32222411666666
2017,HOMBRES,Actividades financieras y de seguros,Ago - Oct,131.06058765333333
2017,HOMBRES,Actividades financieras y de seguros,Sep - Nov,125.62841064666667
2017,HOMBRES,Actividades financieras y de seguros,Oct - Dic,130.79952147999998
2017,HOMBRES,Actividades financieras y de seguros,Nov - Ene,128.82613084000002
2017,HOMBRES,Actividades financieras y de seguros,Dic - Feb,120.00269228333333
2018,HOMBRES,Actividades financieras y de seguros,Ene - Mar,114.92135861000001
2018,HOMBRES,Actividades financieras y de seguros,Feb - Abr,110.62259264666666
2018,HOMBRES,Actividades financieras y de seguros,Mar - May,123.82481602333333
2018,HOMBRES,Actividades financieras y de seguros,Abr - Jun,121.13508657
2018,HOMBRES,Actividades financieras y de seguros,May - Jul,124.30682279
2018,HOMBRES,Actividades financieras y de seguros,Jun - Ago,123.42929333666666
2018,HOMBRES,Actividades financieras y de seguros,Jul - Sep,127.67292119666666
2018,HOMBRES,Actividades financieras y de seguros,Ago - Oct,140.82620509666665
2018,HOMBRES,Actividades financieras y de seguros,Sep - Nov,123.52652945366667
2018,HOMBRES,Actividades financieras y de seguros,Oct - Dic,126.58590767366667
2018,HOMBRES,Actividades financieras y de seguros,Nov - Ene,125.358312037
2018,HOMBRES,Actividades financieras y de seguros,Dic - Feb,140.39361932
2019,HOMBRES,Actividades financieras y de seguros,Ene - Mar,143.01180555333332
2019,HOMBRES,Actividades financieras y de seguros,Feb - Abr,136.0288960833333
2019,HOMBRES,Actividades financieras y de seguros,Mar - May,136.56785531333333
2019,HOMBRES,Actividades financieras y de seguros,Abr - Jun,124.84259727999999
2019,HOMBRES,Actividades financieras y de seguros,May - Jul,124.15727282666666
2019,HOMBRES,Actividades financieras y de seguros,Jun - Ago,117.86723353333333
2019,HOMBRES,Actividades financieras y de seguros,Jul - Sep,133.01533686333335
2019,HOMBRES,Actividades financieras y de seguros,Ago - Oct,133.30957373666666
2019,HOMBRES,Actividades financieras y de seguros,Sep - Nov,131.14164212666665
2019,HOMBRES,Actividades financieras y de seguros,Oct - Dic,131.51184858666667
2019,HOMBRES,Actividades financieras y de seguros,Nov - Ene,139.34168976333333
2019,HOMBRES,Actividades financieras y de seguros,Dic - Feb,147.27308885
2020,HOMBRES,Actividades financieras y de seguros,Ene - Mar,141.67027847666665
2020,HOMBRES,Actividades financieras y de seguros,Feb - Abr,131.09859583333335
2020,HOMBRES,Actividades financieras y de seguros,Mar - May,119.08345946000001
2020,HOMBRES,Actividades financieras y de seguros,Abr - Jun,121.30772665333332
2020,HOMBRES,Actividades financieras y de seguros,May - Jul,112.06749122933333
2020,HOMBRES,Actividades financieras y de seguros,Jun - Ago,115.29096642933332
2020,HOMBRES,Actividades financieras y de seguros,Jul - Sep,103.10045566266666
2020,HOMBRES,Actividades financieras y de seguros,Ago - Oct,108.66181275999999
2020,HOMBRES,Actividades financieras y de seguros,Sep - Nov,106.63551845666666
2020,HOMBRES,Actividades financieras y de seguros,Oct - Dic,108.99811387666666
2020,HOMBRES,Actividades financieras y de seguros,Nov - Ene,132.39345160333335
2020,HOMBRES,Actividades financieras y de seguros,Dic - Feb,141.04617209333333
2021,HOMBRES,Actividades financieras y de seguros,Ene - Mar,155.53819446999998
2021,HOMBRES,Actividades financieras y de seguros,Feb - Abr,143.1861954466667
2021,HOMBRES,Actividades financieras y de seguros,Mar - May,149.01597394666666
2021,HOMBRES,Actividades financieras y de seguros,Abr - Jun,147.71674628666668
2021,HOMBRES,Actividades financieras y de seguros,May - Jul,152.93026868666666
2021,HOMBRES,Actividades financieras y de seguros,Jun - Ago,153.05323673
2021,HOMBRES,Actividades financieras y de seguros,Jul - Sep,165.27583356333332
2021,HOMBRES,Actividades financieras y de seguros,Ago - Oct,161.37964773333331
2021,HOMBRES,Actividades financieras y de seguros,Sep - Nov,159.96944423
2021,HOMBRES,Actividades financieras y de seguros,Oct - Dic,150.84226457666668
2021,HOMBRES,Actividades financieras y de seguros,Nov - Ene,167.98487050666668
2021,HOMBRES,Actividades financieras y de seguros,Dic - Feb,187.40534126333333
2022,HOMBRES,Actividades financieras y de seguros,Ene - Mar,188.24072636666665
2022,HOMBRES,Actividades financieras y de seguros,Feb - Abr,181.95984788
2022,HOMBRES,Actividades financieras y de seguros,Mar - May,173.32492767333335
2022,HOMBRES,Actividades financieras y de seguros,Abr - Jun,176.30377403666668
2022,HOMBRES,Actividades financieras y de seguros,May - Jul,179.32585494
2022,HOMBRES,Actividades financieras y de seguros,Jun - Ago,175.86676895666665
2022,HOMBRES,Actividades financieras y de seguros,Jul - Sep,182.57670819
2022,HOMBRES,Actividades financieras y de seguros,Ago - Oct,190.47800081666665
2022,HOMBRES,Actividades financieras y de seguros,Sep - Nov,193.25613370666667
2022,HOMBRES,Actividades financieras y de seguros,Oct - Dic,185.11940659999996
2022,HOMBRES,Actividades financieras y de seguros,Nov - Ene,165.6869571166667
2022,HOMBRES,Actividades financieras y de seguros,Dic - Feb,156.97906256666667
2023,HOMBRES,Actividades financieras y de seguros,Ene - Mar,148.81419466
2023,HOMBRES,Actividades financieras y de seguros,Feb - Abr,156.10781017333332
2023,HOMBRES,Actividades financieras y de seguros,Mar - May,177.11393194333334
2023,HOMBRES,Actividades financieras y de seguros,Abr - Jun,194.22312118666665
2023,HOMBRES,Actividades financieras y de seguros,May - Jul,197.8062006066667
2023,HOMBRES,Actividades financieras y de seguros,Jun - Ago,181.25685310333333
2023,HOMBRES,Actividades financieras y de seguros,Jul - Sep,182.3299943433333
2023,HOMBRES,Actividades financieras y de seguros,Ago - Oct,176.5901743333333
2023,HOMBRES,Actividades financieras y de seguros,Sep - Nov,196.56780261333333
2023,HOMBRES,Actividades financieras y de seguros,Oct - Dic,198.5131279
2023,HOMBRES,Actividades financieras y de seguros,Nov - Ene,195.21604502
2023,HOMBRES,Actividades financieras y de seguros,Dic - Feb,192.52118925666664
2024,HOMBRES,Actividades financieras y de seguros,Ene - Mar,193.02815517
2024,HOMBRES,Actividades financieras y de seguros,Feb - Abr,209.62260597
2024,HOMBRES,Actividades financieras y de seguros,Mar - May,203.88395017999997
2024,HOMBRES,Actividades financieras y de seguros,Abr - Jun,212.94283219333332
2024,HOMBRES,Actividades financieras y de seguros,May - Jul,200.33641247
2024,HOMBRES,Actividades financieras y de seguros,Jun - Ago,193.93494149333333
2024,HOMBRES,Actividades financieras y de seguros,Jul - Sep,168.99831491333333
2024,HOMBRES,Actividades financieras y de seguros,Ago - Oct,169.05679787333335
2024,HOMBRES,Actividades financieras y de seguros,Sep - Nov,162.2926431133333
2024,HOMBRES,Actividades financieras y de seguros,Oct - Dic,170.41321723
2024,HOMBRES,Actividades financieras y de seguros,Nov - Ene,195.63483708666664
2024,HOMBRES,Actividades financieras y de seguros,Dic - Feb,209.28747785666667
2025,HOMBRES,Actividades financieras y de seguros,Ene - Mar,192.07454516333334
2025,HOMBRES,Actividades financieras y de seguros,Feb - Abr,168.82660907333334
2025,HOMBRES,Actividades financieras y de seguros,Mar - May,172.93088698333335
2025,HOMBRES,Actividades financieras y de seguros,Abr - Jun,193.11511068000002
2025,HOMBRES,Actividades financieras y de seguros,May - Jul,196.56228851333333
2025,HOMBRES,Actividades financieras y de seguros,Jun - Ago,192.73126406666665
2025,HOMBRES,Actividades financieras y de seguros,Jul - Sep,189.44964756333334
2025,HOMBRES,Actividades financieras y de seguros,Ago - Oct,191.82952445666663
2025,HOMBRES,Actividades financieras y de seguros,Sep - Nov,181.24379911666665
2025,HOMBRES,Actividades financieras y de seguros,Oct - Dic,182.10763463333333
2025,HOMBRES,Actividades financieras y de seguros,Nov - Ene,187.54393488666665
2025,HOMBRES,Actividades financieras y de seguros,Dic - Feb,191.83868639666665
2026,HOMBRES,Actividades financieras y de seguros,Ene - Mar,226.8763157233333
2026,HOMBRES,Actividades financieras y de seguros,Feb - Abr,211.31280936666667
2026,HOMBRES,Actividades financieras y de seguros,Mar - May,212.75582793333334
2026,HOMBRES,Actividades financieras y de seguros,Abr - Jun,189.5989512366667
2015,HOMBRES,Actividades inmobiliarias,Ene - Mar,158.44448539
2015,HOMBRES,Actividades inmobiliarias,Feb - Abr,159.51794203
2015,HOMBRES,Actividades inmobiliarias,Mar - May,168.01154069333333
2015,HOMBRES,Actividades inmobiliarias,Abr - Jun,183.58355986
2015,HOMBRES,Actividades inmobiliarias,May - Jul,179.67455948666668
2015,HOMBRES,Actividades inmobiliarias,Jun - Ago,173.18303806666668
2015,HOMBRES,Actividades inmobiliarias,Jul - Sep,147.57359108333333
2015,HOMBRES,Actividades inmobiliarias,Ago - Oct,156.8543192333333
2015,HOMBRES,Actividades inmobiliarias,Sep - Nov,170.56933217999998
2015,HOMBRES,Actividades inmobiliarias,Oct - Dic,191.00917741666663
2015,HOMBRES,Actividades inmobiliarias,Nov - Ene,195.33245910333335
2015,HOMBRES,Actividades inmobiliarias,Dic - Feb,177.1261529566667
2016,HOMBRES,Actividades inmobiliarias,Ene - Mar,160.65350255666667
2016,HOMBRES,Actividades inmobiliarias,Feb - Abr,155.01488525666664
2016,HOMBRES,Actividades inmobiliarias,Mar - May,163.30360090333332
2016,HOMBRES,Actividades inmobiliarias,Abr - Jun,173.1319216833333
2016,HOMBRES,Actividades inmobiliarias,May - Jul,168.42187188666665
2016,HOMBRES,Actividades inmobiliarias,Jun - Ago,167.23122108666666
2016,HOMBRES,Actividades inmobiliarias,Jul - Sep,177.73735231333333
2016,HOMBRES,Actividades inmobiliarias,Ago - Oct,191.36579313666667
2016,HOMBRES,Actividades inmobiliarias,Sep - Nov,189.45743236666667
2016,HOMBRES,Actividades inmobiliarias,Oct - Dic,173.2860089766667
2016,HOMBRES,Actividades inmobiliarias,Nov - Ene,187.43108713333334
2016,HOMBRES,Actividades inmobiliarias,Dic - Feb,194.99267487333336
2017,HOMBRES,Actividades inmobiliarias,Ene - Mar,194.50777888000002
2017,HOMBRES,Actividades inmobiliarias,Feb - Abr,176.27792704
2017,HOMBRES,Actividades inmobiliarias,Mar - May,162.33936939333333
2017,HOMBRES,Actividades inmobiliarias,Abr - Jun,166.50676611333333
2017,HOMBRES,Actividades inmobiliarias,May - Jul,165.03736970333333
2017,HOMBRES,Actividades inmobiliarias,Jun - Ago,189.04841866666666
2017,HOMBRES,Actividades inmobiliarias,Jul - Sep,179.50356451666667
2017,HOMBRES,Actividades inmobiliarias,Ago - Oct,189.28055317
2017,HOMBRES,Actividades inmobiliarias,Sep - Nov,179.56246922
2017,HOMBRES,Actividades inmobiliarias,Oct - Dic,188.42830928666663
2017,HOMBRES,Actividades inmobiliarias,Nov - Ene,179.06112398666667
2017,HOMBRES,Actividades inmobiliarias,Dic - Feb,177.27980599333333
2018,HOMBRES,Actividades inmobiliarias,Ene - Mar,183.48870996666665
2018,HOMBRES,Actividades inmobiliarias,Feb - Abr,181.5374486466667
2018,HOMBRES,Actividades inmobiliarias,Mar - May,177.53352450333333
2018,HOMBRES,Actividades inmobiliarias,Abr - Jun,205.18403219666666
2018,HOMBRES,Actividades inmobiliarias,May - Jul,207.89322879666665
2018,HOMBRES,Actividades inmobiliarias,Jun - Ago,216.84651384666668
2018,HOMBRES,Actividades inmobiliarias,Jul - Sep,195.34135472333332
2018,HOMBRES,Actividades inmobiliarias,Ago - Oct,201.1471256
2018,HOMBRES,Actividades inmobiliarias,Sep - Nov,197.75410612333334
2018,HOMBRES,Actividades inmobiliarias,Oct - Dic,202.45261857
2018,HOMBRES,Actividades inmobiliarias,Nov - Ene,196.95032259
2018,HOMBRES,Actividades inmobiliarias,Dic - Feb,190.49532149333334
2019,HOMBRES,Actividades inmobiliarias,Ene - Mar,188.59168323333333
2019,HOMBRES,Actividades inmobiliarias,Feb - Abr,177.36662916
2019,HOMBRES,Actividades inmobiliarias,Mar - May,184.95094587999998
2019,HOMBRES,Actividades inmobiliarias,Abr - Jun,171.08126482
2019,HOMBRES,Actividades inmobiliarias,May - Jul,191.92635083666667
2019,HOMBRES,Actividades inmobiliarias,Jun - Ago,192.07309428
2019,HOMBRES,Actividades inmobiliarias,Jul - Sep,199.41401591333332
2019,HOMBRES,Actividades inmobiliarias,Ago - Oct,194.54355767666667
2019,HOMBRES,Actividades inmobiliarias,Sep - Nov,191.95486098
2019,HOMBRES,Actividades inmobiliarias,Oct - Dic,180.69320845333334
2019,HOMBRES,Actividades inmobiliarias,Nov - Ene,185.63424063666665
2019,HOMBRES,Actividades inmobiliarias,Dic - Feb,187.12705906666667
2020,HOMBRES,Actividades inmobiliarias,Ene - Mar,177.15409477000003
2020,HOMBRES,Actividades inmobiliarias,Feb - Abr,136.28691402
2020,HOMBRES,Actividades inmobiliarias,Mar - May,110.18567549
2020,HOMBRES,Actividades inmobiliarias,Abr - Jun,115.63484716333333
2020,HOMBRES,Actividades inmobiliarias,May - Jul,136.47964666333334
2020,HOMBRES,Actividades inmobiliarias,Jun - Ago,156.23071303
2020,HOMBRES,Actividades inmobiliarias,Jul - Sep,164.06121806
2020,HOMBRES,Actividades inmobiliarias,Ago - Oct,181.32137848666665
2020,HOMBRES,Actividades inmobiliarias,Sep - Nov,182.55787797333335
2020,HOMBRES,Actividades inmobiliarias,Oct - Dic,180.67461937333334
2020,HOMBRES,Actividades inmobiliarias,Nov - Ene,137.42226330666665
2020,HOMBRES,Actividades inmobiliarias,Dic - Feb,118.25514287
2021,HOMBRES,Actividades inmobiliarias,Ene - Mar,91.92850648866666
2021,HOMBRES,Actividades inmobiliarias,Feb - Abr,92.24620437766667
2021,HOMBRES,Actividades inmobiliarias,Mar - May,87.34730272799999
2021,HOMBRES,Actividades inmobiliarias,Abr - Jun,99.328637516
2021,HOMBRES,Actividades inmobiliarias,May - Jul,115.23488906033333
2021,HOMBRES,Actividades inmobiliarias,Jun - Ago,120.53936011333333
2021,HOMBRES,Actividades inmobiliarias,Jul - Sep,109.76697285633333
2021,HOMBRES,Actividades inmobiliarias,Ago - Oct,100.84344475299999
2021,HOMBRES,Actividades inmobiliarias,Sep - Nov,112.40383349966665
2021,HOMBRES,Actividades inmobiliarias,Oct - Dic,128.40139536666666
2021,HOMBRES,Actividades inmobiliarias,Nov - Ene,130.20209535666666
2021,HOMBRES,Actividades inmobiliarias,Dic - Feb,118.29865750666669
2022,HOMBRES,Actividades inmobiliarias,Ene - Mar,104.520280701
2022,HOMBRES,Actividades inmobiliarias,Feb - Abr,109.56797624433334
2022,HOMBRES,Actividades inmobiliarias,Mar - May,120.90649157099999
2022,HOMBRES,Actividades inmobiliarias,Abr - Jun,129.11758895333332
2022,HOMBRES,Actividades inmobiliarias,May - Jul,137.34310399
2022,HOMBRES,Actividades inmobiliarias,Jun - Ago,138.92494933666669
2022,HOMBRES,Actividades inmobiliarias,Jul - Sep,144.25528771333333
2022,HOMBRES,Actividades inmobiliarias,Ago - Oct,146.08912855999998
2022,HOMBRES,Actividades inmobiliarias,Sep - Nov,152.91380477666667
2022,HOMBRES,Actividades inmobiliarias,Oct - Dic,164.6495048
2022,HOMBRES,Actividades inmobiliarias,Nov - Ene,170.86529450333333
2022,HOMBRES,Actividades inmobiliarias,Dic - Feb,171.19175788666666
2023,HOMBRES,Actividades inmobiliarias,Ene - Mar,164.04932081333334
2023,HOMBRES,Actividades inmobiliarias,Feb - Abr,159.5558265566667
2023,HOMBRES,Actividades inmobiliarias,Mar - May,158.58886674333334
2023,HOMBRES,Actividades inmobiliarias,Abr - Jun,163.75200665
2023,HOMBRES,Actividades inmobiliarias,May - Jul,172.59219483333334
2023,HOMBRES,Actividades inmobiliarias,Jun - Ago,210.9886303766667
2023,HOMBRES,Actividades inmobiliarias,Jul - Sep,218.33165117
2023,HOMBRES,Actividades inmobiliarias,Ago - Oct,229.4974231
2023,HOMBRES,Actividades inmobiliarias,Sep - Nov,195.31769968333333
2023,HOMBRES,Actividades inmobiliarias,Oct - Dic,186.1825381366667
2023,HOMBRES,Actividades inmobiliarias,Nov - Ene,169.11907917333335
2023,HOMBRES,Actividades inmobiliarias,Dic - Feb,184.38406063666665
2024,HOMBRES,Actividades inmobiliarias,Ene - Mar,199.05922327333334
2024,HOMBRES,Actividades inmobiliarias,Feb - Abr,190.58075311000002
2024,HOMBRES,Actividades inmobiliarias,Mar - May,176.85650366666667
2024,HOMBRES,Actividades inmobiliarias,Abr - Jun,177.96603864333335
2024,HOMBRES,Actividades inmobiliarias,May - Jul,203.86749240666666
2024,HOMBRES,Actividades inmobiliarias,Jun - Ago,214.87154191333332
2024,HOMBRES,Actividades inmobiliarias,Jul - Sep,201.21184994666666
2024,HOMBRES,Actividades inmobiliarias,Ago - Oct,195.51710919666667
2024,HOMBRES,Actividades inmobiliarias,Sep - Nov,185.96349357333335
2024,HOMBRES,Actividades inmobiliarias,Oct - Dic,223.87391104333332
2024,HOMBRES,Actividades inmobiliarias,Nov - Ene,236.81775830666666
2024,HOMBRES,Actividades inmobiliarias,Dic - Feb,224.21921171
2025,HOMBRES,Actividades inmobiliarias,Ene - Mar,202.21744679999998
2025,HOMBRES,Actividades inmobiliarias,Feb - Abr,185.3638753066667
2025,HOMBRES,Actividades inmobiliarias,Mar - May,215.78181852666663
2025,HOMBRES,Actividades inmobiliarias,Abr - Jun,206.44128767666666
2025,HOMBRES,Actividades inmobiliarias,May - Jul,219.88510327999998
2025,HOMBRES,Actividades inmobiliarias,Jun - Ago,211.43595755333334
2025,HOMBRES,Actividades inmobiliarias,Jul - Sep,222.71049005666669
2025,HOMBRES,Actividades inmobiliarias,Ago - Oct,216.8773567766667
2025,HOMBRES,Actividades inmobiliarias,Sep - Nov,215.1069654833333
2025,HOMBRES,Actividades inmobiliarias,Oct - Dic,220.44538191333334
2025,HOMBRES,Actividades inmobiliarias,Nov - Ene,218.38109125333335
2025,HOMBRES,Actividades inmobiliarias,Dic - Feb,205.43831142333332
2026,HOMBRES,Actividades inmobiliarias,Ene - Mar,196.9246428166667
2026,HOMBRES,Actividades inmobiliarias,Feb - Abr,195.33762871
2026,HOMBRES,Actividades inmobiliarias,Mar - May,202.16684251333334
2026,HOMBRES,Actividades inmobiliarias,Abr - Jun,195.68974265666668
2015,HOMBRES,"Actividades profesionales, científicas, técnicas y servicios administrativos",Ene - Mar,501.31805452
2015,HOMBRES,"Actividades profesionales, científicas, técnicas y servicios administrativos",Feb - Abr,488.68601304666663
2015,HOMBRES,"Actividades profesionales, científicas, técnicas y servicios administrativos",Mar - May,492.9850199433333
2015,HOMBRES,"Actividades profesionales, científicas, técnicas y servicios administrativos",Abr - Jun,497.45738461
2015,HOMBRES,"Actividades profesionales, científicas, técnicas y servicios administrativos",May - Jul,521.81429136
2015,HOMBRES,"Actividades profesionales, científicas, técnicas y servicios administrativos",Jun - Ago,527.42983316
2015,HOMBRES,"Actividades profesionales, científicas, técnicas y servicios administrativos",Jul - Sep,516.2877637133333
2015,HOMBRES,"Actividades profesionales, científicas, técnicas y servicios administrativos",Ago - Oct,510.5656177866667
2015,HOMBRES,"Actividades profesionales, científicas, técnicas y servicios administrativos",Sep - Nov,514.6579969966666
2015,HOMBRES,"Actividades profesionales, científicas, técnicas y servicios administrativos",Oct - Dic,535.7746144566667
2015,HOMBRES,"Actividades profesionales, científicas, técnicas y servicios administrativos",Nov - Ene,531.9477309633334
2015,HOMBRES,"Actividades profesionales, científicas, técnicas y servicios administrativos",Dic - Feb,516.88140794
2016,HOMBRES,"Actividades profesionales, científicas, técnicas y servicios administrativos",Ene - Mar,521.04020526
2016,HOMBRES,"Actividades profesionales, científicas, técnicas y servicios administrativos",Feb - Abr,563.4411385899999
2016,HOMBRES,"Actividades profesionales, científicas, técnicas y servicios administrativos",Mar - May,581.6973262233333
2016,HOMBRES,"Actividades profesionales, científicas, técnicas y servicios administrativos",Abr - Jun,603.5157211166667
2016,HOMBRES,"Actividades profesionales, científicas, técnicas y servicios administrativos",May - Jul,556.3668347866668
2016,HOMBRES,"Actividades profesionales, científicas, técnicas y servicios administrativos",Jun - Ago,550.5409896166667
2016,HOMBRES,"Actividades profesionales, científicas, técnicas y servicios administrativos",Jul - Sep,523.0191445133333
2016,HOMBRES,"Actividades profesionales, científicas, técnicas y servicios administrativos",Ago - Oct,560.5856745
2016,HOMBRES,"Actividades profesionales, científicas, técnicas y servicios administrativos",Sep - Nov,541.3024195666667
2016,HOMBRES,"Actividades profesionales, científicas, técnicas y servicios administrativos",Oct - Dic,539.1427846333333
2016,HOMBRES,"Actividades profesionales, científicas, técnicas y servicios administrativos",Nov - Ene,517.6310331666667
2016,HOMBRES,"Actividades profesionales, científicas, técnicas y servicios administrativos",Dic - Feb,531.21589504
2017,HOMBRES,"Actividades profesionales, científicas, técnicas y servicios administrativos",Ene - Mar,519.3959930933335
2017,HOMBRES,"Actividades profesionales, científicas, técnicas y servicios administrativos",Feb - Abr,539.3639970166666
2017,HOMBRES,"Actividades profesionales, científicas, técnicas y servicios administrativos",Mar - May,535.9756929466666
2017,HOMBRES,"Actividades profesionales, científicas, técnicas y servicios administrativos",Abr - Jun,540.6801006766667
2017,HOMBRES,"Actividades profesionales, científicas, técnicas y servicios administrativos",May - Jul,535.83543893
2017,HOMBRES,"Actividades profesionales, científicas, técnicas y servicios administrativos",Jun - Ago,559.5246665933333
2017,HOMBRES,"Actividades profesionales, científicas, técnicas y servicios administrativos",Jul - Sep,592.02703273
2017,HOMBRES,"Actividades profesionales, científicas, técnicas y servicios administrativos",Ago - Oct,592.99970382
2017,HOMBRES,"Actividades profesionales, científicas, técnicas y servicios administrativos",Sep - Nov,613.04940722
2017,HOMBRES,"Actividades profesionales, científicas, técnicas y servicios administrativos",Oct - Dic,601.60874057
2017,HOMBRES,"Actividades profesionales, científicas, técnicas y servicios administrativos",Nov - Ene,591.9200543033334
2017,HOMBRES,"Actividades profesionales, científicas, técnicas y servicios administrativos",Dic - Feb,577.39016995
2018,HOMBRES,"Actividades profesionales, científicas, técnicas y servicios administrativos",Ene - Mar,579.9888492166666
2018,HOMBRES,"Actividades profesionales, científicas, técnicas y servicios administrativos",Feb - Abr,572.8819217833333
2018,HOMBRES,"Actividades profesionales, científicas, técnicas y servicios administrativos",Mar - May,563.3033879766666
2018,HOMBRES,"Actividades profesionales, científicas, técnicas y servicios administrativos",Abr - Jun,574.9251231100001
2018,HOMBRES,"Actividades profesionales, científicas, técnicas y servicios administrativos",May - Jul,567.2715256666667
2018,HOMBRES,"Actividades profesionales, científicas, técnicas y servicios administrativos",Jun - Ago,544.25121189
2018,HOMBRES,"Actividades profesionales, científicas, técnicas y servicios administrativos",Jul - Sep,529.7560093333333
2018,HOMBRES,"Actividades profesionales, científicas, técnicas y servicios administrativos",Ago - Oct,550.1425871800001
2018,HOMBRES,"Actividades profesionales, científicas, técnicas y servicios administrativos",Sep - Nov,595.86449568
2018,HOMBRES,"Actividades profesionales, científicas, técnicas y servicios administrativos",Oct - Dic,605.1773676666667
2018,HOMBRES,"Actividades profesionales, científicas, técnicas y servicios administrativos",Nov - Ene,592.4877495266666
2018,HOMBRES,"Actividades profesionales, científicas, técnicas y servicios administrativos",Dic - Feb,562.6747648066668
2019,HOMBRES,"Actividades profesionales, científicas, técnicas y servicios administrativos",Ene - Mar,536.9544778833334
2019,HOMBRES,"Actividades profesionales, científicas, técnicas y servicios administrativos",Feb - Abr,566.67259105
2019,HOMBRES,"Actividades profesionales, científicas, técnicas y servicios administrativos",Mar - May,562.3186405933334
2019,HOMBRES,"Actividades profesionales, científicas, técnicas y servicios administrativos",Abr - Jun,585.0628459566666
2019,HOMBRES,"Actividades profesionales, científicas, técnicas y servicios administrativos",May - Jul,566.1801017433334
2019,HOMBRES,"Actividades profesionales, científicas, técnicas y servicios administrativos",Jun - Ago,588.5445604233333
2019,HOMBRES,"Actividades profesionales, científicas, técnicas y servicios administrativos",Jul - Sep,610.7926868033333
2019,HOMBRES,"Actividades profesionales, científicas, técnicas y servicios administrativos",Ago - Oct,626.1195592666667
2019,HOMBRES,"Actividades profesionales, científicas, técnicas y servicios administrativos",Sep - Nov,637.8086786
2019,HOMBRES,"Actividades profesionales, científicas, técnicas y servicios administrativos",Oct - Dic,607.2858544533334
2019,HOMBRES,"Actividades profesionales, científicas, técnicas y servicios administrativos",Nov - Ene,604.2677648266666
2019,HOMBRES,"Actividades profesionales, científicas, técnicas y servicios administrativos",Dic - Feb,572.8840293833333
2020,HOMBRES,"Actividades profesionales, científicas, técnicas y servicios administrativos",Ene - Mar,577.7734969433333
2020,HOMBRES,"Actividades profesionales, científicas, técnicas y servicios administrativos",Feb - Abr,536.9082812066666
2020,HOMBRES,"Actividades profesionales, científicas, técnicas y servicios administrativos",Mar - May,524.40468172
2020,HOMBRES,"Actividades profesionales, científicas, técnicas y servicios administrativos",Abr - Jun,533.2739276766666
2020,HOMBRES,"Actividades profesionales, científicas, técnicas y servicios administrativos",May - Jul,562.5814245566667
2020,HOMBRES,"Actividades profesionales, científicas, técnicas y servicios administrativos",Jun - Ago,573.2626481066667
2020,HOMBRES,"Actividades profesionales, científicas, técnicas y servicios administrativos",Jul - Sep,552.7248185266667
2020,HOMBRES,"Actividades profesionales, científicas, técnicas y servicios administrativos",Ago - Oct,549.9647504066667
2020,HOMBRES,"Actividades profesionales, científicas, técnicas y servicios administrativos",Sep - Nov,568.1772372833333
2020,HOMBRES,"Actividades profesionales, científicas, técnicas y servicios administrativos",Oct - Dic,585.2244457133334
2020,HOMBRES,"Actividades profesionales, científicas, técnicas y servicios administrativos",Nov - Ene,650.4948151633333
2020,HOMBRES,"Actividades profesionales, científicas, técnicas y servicios administrativos",Dic - Feb,752.51985849
2021,HOMBRES,"Actividades profesionales, científicas, técnicas y servicios administrativos",Ene - Mar,818.7768646733333
2021,HOMBRES,"Actividades profesionales, científicas, técnicas y servicios administrativos",Feb - Abr,828.6836801133333
2021,HOMBRES,"Actividades profesionales, científicas, técnicas y servicios administrativos",Mar - May,799.6276549533335
2021,HOMBRES,"Actividades profesionales, científicas, técnicas y servicios administrativos",Abr - Jun,801.2220999466667
2021,HOMBRES,"Actividades profesionales, científicas, técnicas y servicios administrativos",May - Jul,795.95327663
2021,HOMBRES,"Actividades profesionales, científicas, técnicas y servicios administrativos",Jun - Ago,789.3199415033333
2021,HOMBRES,"Actividades profesionales, científicas, técnicas y servicios administrativos",Jul - Sep,770.23621207
2021,HOMBRES,"Actividades profesionales, científicas, técnicas y servicios administrativos",Ago - Oct,774.1981456333333
2021,HOMBRES,"Actividades profesionales, científicas, técnicas y servicios administrativos",Sep - Nov,793.4504780166667
2021,HOMBRES,"Actividades profesionales, científicas, técnicas y servicios administrativos",Oct - Dic,868.85850446
2021,HOMBRES,"Actividades profesionales, científicas, técnicas y servicios administrativos",Nov - Ene,864.1251919533333
2021,HOMBRES,"Actividades profesionales, científicas, técnicas y servicios administrativos",Dic - Feb,851.0132990833334
2022,HOMBRES,"Actividades profesionales, científicas, técnicas y servicios administrativos",Ene - Mar,746.76934745
2022,HOMBRES,"Actividades profesionales, científicas, técnicas y servicios administrativos",Feb - Abr,767.2186637466666
2022,HOMBRES,"Actividades profesionales, científicas, técnicas y servicios administrativos",Mar - May,764.2450668033334
2022,HOMBRES,"Actividades profesionales, científicas, técnicas y servicios administrativos",Abr - Jun,780.5478374533333
2022,HOMBRES,"Actividades profesionales, científicas, técnicas y servicios administrativos",May - Jul,777.1480419300001
2022,HOMBRES,"Actividades profesionales, científicas, técnicas y servicios administrativos",Jun - Ago,772.12539556
2022,HOMBRES,"Actividades profesionales, científicas, técnicas y servicios administrativos",Jul - Sep,796.7235621333333
2022,HOMBRES,"Actividades profesionales, científicas, técnicas y servicios administrativos",Ago - Oct,783.8327080033333
2022,HOMBRES,"Actividades profesionales, científicas, técnicas y servicios administrativos",Sep - Nov,785.6232203166666
2022,HOMBRES,"Actividades profesionales, científicas, técnicas y servicios administrativos",Oct - Dic,801.8823282
2022,HOMBRES,"Actividades profesionales, científicas, técnicas y servicios administrativos",Nov - Ene,816.28041582
2022,HOMBRES,"Actividades profesionales, científicas, técnicas y servicios administrativos",Dic - Feb,809.44060849
2023,HOMBRES,"Actividades profesionales, científicas, técnicas y servicios administrativos",Ene - Mar,806.4439935766667
2023,HOMBRES,"Actividades profesionales, científicas, técnicas y servicios administrativos",Feb - Abr,789.1411340633334
2023,HOMBRES,"Actividades profesionales, científicas, técnicas y servicios administrativos",Mar - May,791.2393490199998
2023,HOMBRES,"Actividades profesionales, científicas, técnicas y servicios administrativos",Abr - Jun,789.7326145933333
2023,HOMBRES,"Actividades profesionales, científicas, técnicas y servicios administrativos",May - Jul,800.5732517033334
2023,HOMBRES,"Actividades profesionales, científicas, técnicas y servicios administrativos",Jun - Ago,844.86167806
2023,HOMBRES,"Actividades profesionales, científicas, técnicas y servicios administrativos",Jul - Sep,818.3827414166666
2023,HOMBRES,"Actividades profesionales, científicas, técnicas y servicios administrativos",Ago - Oct,797.2037986633333
2023,HOMBRES,"Actividades profesionales, científicas, técnicas y servicios administrativos",Sep - Nov,781.2749595333335
2023,HOMBRES,"Actividades profesionales, científicas, técnicas y servicios administrativos",Oct - Dic,813.1532642666667
2023,HOMBRES,"Actividades profesionales, científicas, técnicas y servicios administrativos",Nov - Ene,813.91728302
2023,HOMBRES,"Actividades profesionales, científicas, técnicas y servicios administrativos",Dic - Feb,754.9152932833334
2024,HOMBRES,"Actividades profesionales, científicas, técnicas y servicios administrativos",Ene - Mar,734.2105590233333
2024,HOMBRES,"Actividades profesionales, científicas, técnicas y servicios administrativos",Feb - Abr,742.1968078
2024,HOMBRES,"Actividades profesionales, científicas, técnicas y servicios administrativos",Mar - May,743.14187239
2024,HOMBRES,"Actividades profesionales, científicas, técnicas y servicios administrativos",Abr - Jun,740.78236229
2024,HOMBRES,"Actividades profesionales, científicas, técnicas y servicios administrativos",May - Jul,769.24567385
2024,HOMBRES,"Actividades profesionales, científicas, técnicas y servicios administrativos",Jun - Ago,797.2164702966667
2024,HOMBRES,"Actividades profesionales, científicas, técnicas y servicios administrativos",Jul - Sep,833.2199195366666
2024,HOMBRES,"Actividades profesionales, científicas, técnicas y servicios administrativos",Ago - Oct,789.4646666966668
2024,HOMBRES,"Actividades profesionales, científicas, técnicas y servicios administrativos",Sep - Nov,798.7645656866666
2024,HOMBRES,"Actividades profesionales, científicas, técnicas y servicios administrativos",Oct - Dic,752.4364826133334
2024,HOMBRES,"Actividades profesionales, científicas, técnicas y servicios administrativos",Nov - Ene,786.6207289399999
2024,HOMBRES,"Actividades profesionales, científicas, técnicas y servicios administrativos",Dic - Feb,763.90956518
2025,HOMBRES,"Actividades profesionales, científicas, técnicas y servicios administrativos",Ene - Mar,763.6268917333333
2025,HOMBRES,"Actividades profesionales, científicas, técnicas y servicios administrativos",Feb - Abr,747.2549736966666
2025,HOMBRES,"Actividades profesionales, científicas, técnicas y servicios administrativos",Mar - May,776.8058303333333
2025,HOMBRES,"Actividades profesionales, científicas, técnicas y servicios administrativos",Abr - Jun,808.8602146066665
2025,HOMBRES,"Actividades profesionales, científicas, técnicas y servicios administrativos",May - Jul,826.4225515366667
2025,HOMBRES,"Actividades profesionales, científicas, técnicas y servicios administrativos",Jun - Ago,824.1408731299999
2025,HOMBRES,"Actividades profesionales, científicas, técnicas y servicios administrativos",Jul - Sep,802.57665308
2025,HOMBRES,"Actividades profesionales, científicas, técnicas y servicios administrativos",Ago - Oct,795.19634138
2025,HOMBRES,"Actividades profesionales, científicas, técnicas y servicios administrativos",Sep - Nov,796.5061253866667
2025,HOMBRES,"Actividades profesionales, científicas, técnicas y servicios administrativos",Oct - Dic,803.4108524200001
2025,HOMBRES,"Actividades profesionales, científicas, técnicas y servicios administrativos",Nov - Ene,812.8852104866668
2025,HOMBRES,"Actividades profesionales, científicas, técnicas y servicios administrativos",Dic - Feb,838.6114453666665
2026,HOMBRES,"Actividades profesionales, científicas, técnicas y servicios administrativos",Ene - Mar,846.3168548466666
2026,HOMBRES,"Actividades profesionales, científicas, técnicas y servicios administrativos",Feb - Abr,854.6791592200001
2026,HOMBRES,"Actividades profesionales, científicas, técnicas y servicios administrativos",Mar - May,863.2579569766667
2026,HOMBRES,"Actividades profesionales, científicas, técnicas y servicios administrativos",Abr - Jun,881.6924328533332
2015,HOMBRES,"Administración pública y defensa, educación y atención de la salud humana",Ene - Mar,804.0340724600001
2015,HOMBRES,"Administración pública y defensa, educación y atención de la salud humana",Feb - Abr,827.07062861
2015,HOMBRES,"Administración pública y defensa, educación y atención de la salud humana",Mar - May,859.0610194766667
2015,HOMBRES,"Administración pública y defensa, educación y atención de la salud humana",Abr - Jun,882.1098213166666
2015,HOMBRES,"Administración pública y defensa, educación y atención de la salud humana",May - Jul,906.6261609266667
2015,HOMBRES,"Administración pública y defensa, educación y atención de la salud humana",Jun - Ago,900.0262008233334
2015,HOMBRES,"Administración pública y defensa, educación y atención de la salud humana",Jul - Sep,890.40023454
2015,HOMBRES,"Administración pública y defensa, educación y atención de la salud humana",Ago - Oct,898.2051820500001
2015,HOMBRES,"Administración pública y defensa, educación y atención de la salud humana",Sep - Nov,929.54741533
2015,HOMBRES,"Administración pública y defensa, educación y atención de la salud humana",Oct - Dic,932.01453901
2015,HOMBRES,"Administración pública y defensa, educación y atención de la salud humana",Nov - Ene,909.2436552366667
2015,HOMBRES,"Administración pública y defensa, educación y atención de la salud humana",Dic - Feb,866.6800974666667
2016,HOMBRES,"Administración pública y defensa, educación y atención de la salud humana",Ene - Mar,875.4076897466666
2016,HOMBRES,"Administración pública y defensa, educación y atención de la salud humana",Feb - Abr,893.9238706599999
2016,HOMBRES,"Administración pública y defensa, educación y atención de la salud humana",Mar - May,916.0467682133334
2016,HOMBRES,"Administración pública y defensa, educación y atención de la salud humana",Abr - Jun,927.6925443366666
2016,HOMBRES,"Administración pública y defensa, educación y atención de la salud humana",May - Jul,922.6837527833333
2016,HOMBRES,"Administración pública y defensa, educación y atención de la salud humana",Jun - Ago,919.5956403066666
2016,HOMBRES,"Administración pública y defensa, educación y atención de la salud humana",Jul - Sep,912.0500628033333
2016,HOMBRES,"Administración pública y defensa, educación y atención de la salud humana",Ago - Oct,897.0667882433332
2016,HOMBRES,"Administración pública y defensa, educación y atención de la salud humana",Sep - Nov,905.5818427966666
2016,HOMBRES,"Administración pública y defensa, educación y atención de la salud humana",Oct - Dic,905.07325342
2016,HOMBRES,"Administración pública y defensa, educación y atención de la salud humana",Nov - Ene,892.2072459433333
2016,HOMBRES,"Administración pública y defensa, educación y atención de la salud humana",Dic - Feb,846.5981110966667
2017,HOMBRES,"Administración pública y defensa, educación y atención de la salud humana",Ene - Mar,854.91692956
2017,HOMBRES,"Administración pública y defensa, educación y atención de la salud humana",Feb - Abr,902.5017105533334
2017,HOMBRES,"Administración pública y defensa, educación y atención de la salud humana",Mar - May,937.2339911433334
2017,HOMBRES,"Administración pública y defensa, educación y atención de la salud humana",Abr - Jun,937.13789592
2017,HOMBRES,"Administración pública y defensa, educación y atención de la salud humana",May - Jul,903.35619404
2017,HOMBRES,"Administración pública y defensa, educación y atención de la salud humana",Jun - Ago,934.3813598166666
2017,HOMBRES,"Administración pública y defensa, educación y atención de la salud humana",Jul - Sep,933.7911428633333
2017,HOMBRES,"Administración pública y defensa, educación y atención de la salud humana",Ago - Oct,950.7270629633334
2017,HOMBRES,"Administración pública y defensa, educación y atención de la salud humana",Sep - Nov,932.54597858
2017,HOMBRES,"Administración pública y defensa, educación y atención de la salud humana",Oct - Dic,873.8060246533333
2017,HOMBRES,"Administración pública y defensa, educación y atención de la salud humana",Nov - Ene,837.3032252833333
2017,HOMBRES,"Administración pública y defensa, educación y atención de la salud humana",Dic - Feb,820.7805884266667
2018,HOMBRES,"Administración pública y defensa, educación y atención de la salud humana",Ene - Mar,867.5117841333332
2018,HOMBRES,"Administración pública y defensa, educación y atención de la salud humana",Feb - Abr,922.0786640666666
2018,HOMBRES,"Administración pública y defensa, educación y atención de la salud humana",Mar - May,948.8762993466667
2018,HOMBRES,"Administración pública y defensa, educación y atención de la salud humana",Abr - Jun,1010.3007583333334
2018,HOMBRES,"Administración pública y defensa, educación y atención de la salud humana",May - Jul,1020.3767693700001
2018,HOMBRES,"Administración pública y defensa, educación y atención de la salud humana",Jun - Ago,1010.3073774533333
2018,HOMBRES,"Administración pública y defensa, educación y atención de la salud humana",Jul - Sep,928.20729283
2018,HOMBRES,"Administración pública y defensa, educación y atención de la salud humana",Ago - Oct,913.2912309500001
2018,HOMBRES,"Administración pública y defensa, educación y atención de la salud humana",Sep - Nov,883.1022412966666
2018,HOMBRES,"Administración pública y defensa, educación y atención de la salud humana",Oct - Dic,875.9768766166667
2018,HOMBRES,"Administración pública y defensa, educación y atención de la salud humana",Nov - Ene,837.1960425233333
2018,HOMBRES,"Administración pública y defensa, educación y atención de la salud humana",Dic - Feb,865.2911778733333
2019,HOMBRES,"Administración pública y defensa, educación y atención de la salud humana",Ene - Mar,904.57119127
2019,HOMBRES,"Administración pública y defensa, educación y atención de la salud humana",Feb - Abr,945.06984881
2019,HOMBRES,"Administración pública y defensa, educación y atención de la salud humana",Mar - May,970.2726896766667
2019,HOMBRES,"Administración pública y defensa, educación y atención de la salud humana",Abr - Jun,976.7621888433333
2019,HOMBRES,"Administración pública y defensa, educación y atención de la salud humana",May - Jul,963.1239248633333
2019,HOMBRES,"Administración pública y defensa, educación y atención de la salud humana",Jun - Ago,956.9559742133333
2019,HOMBRES,"Administración pública y defensa, educación y atención de la salud humana",Jul - Sep,953.7698125333333
2019,HOMBRES,"Administración pública y defensa, educación y atención de la salud humana",Ago - Oct,953.9804359733334
2019,HOMBRES,"Administración pública y defensa, educación y atención de la salud humana",Sep - Nov,921.70359279
2019,HOMBRES,"Administración pública y defensa, educación y atención de la salud humana",Oct - Dic,908.4903440900001
2019,HOMBRES,"Administración pública y defensa, educación y atención de la salud humana",Nov - Ene,879.6146722633333
2019,HOMBRES,"Administración pública y defensa, educación y atención de la salud humana",Dic - Feb,868.63053412
2020,HOMBRES,"Administración pública y defensa, educación y atención de la salud humana",Ene - Mar,863.8819782933333
2020,HOMBRES,"Administración pública y defensa, educación y atención de la salud humana",Feb - Abr,873.8286878966668
2020,HOMBRES,"Administración pública y defensa, educación y atención de la salud humana",Mar - May,856.8094195633333
2020,HOMBRES,"Administración pública y defensa, educación y atención de la salud humana",Abr - Jun,834.9187795433332
2020,HOMBRES,"Administración pública y defensa, educación y atención de la salud humana",May - Jul,796.0325779433333
2020,HOMBRES,"Administración pública y defensa, educación y atención de la salud humana",Jun - Ago,828.6346796000001
2020,HOMBRES,"Administración pública y defensa, educación y atención de la salud humana",Jul - Sep,817.4661984233334
2020,HOMBRES,"Administración pública y defensa, educación y atención de la salud humana",Ago - Oct,862.6688637233333
2020,HOMBRES,"Administración pública y defensa, educación y atención de la salud humana",Sep - Nov,886.10107353
2020,HOMBRES,"Administración pública y defensa, educación y atención de la salud humana",Oct - Dic,908.7409949866666
2020,HOMBRES,"Administración pública y defensa, educación y atención de la salud humana",Nov - Ene,922.87992842
2020,HOMBRES,"Administración pública y defensa, educación y atención de la salud humana",Dic - Feb,931.4505161666666
2021,HOMBRES,"Administración pública y defensa, educación y atención de la salud humana",Ene - Mar,953.2532156666666
2021,HOMBRES,"Administración pública y defensa, educación y atención de la salud humana",Feb - Abr,978.1029692066667
2021,HOMBRES,"Administración pública y defensa, educación y atención de la salud humana",Mar - May,1009.2752484066667
2021,HOMBRES,"Administración pública y defensa, educación y atención de la salud humana",Abr - Jun,997.54163926
2021,HOMBRES,"Administración pública y defensa, educación y atención de la salud humana",May - Jul,976.87901281
2021,HOMBRES,"Administración pública y defensa, educación y atención de la salud humana",Jun - Ago,949.3591066433333
2021,HOMBRES,"Administración pública y defensa, educación y atención de la salud humana",Jul - Sep,961.64040571
2021,HOMBRES,"Administración pública y defensa, educación y atención de la salud humana",Ago - Oct,994.2316508666667
2021,HOMBRES,"Administración pública y defensa, educación y atención de la salud humana",Sep - Nov,996.8074603666668
2021,HOMBRES,"Administración pública y defensa, educación y atención de la salud humana",Oct - Dic,1023.5809082999999
2021,HOMBRES,"Administración pública y defensa, educación y atención de la salud humana",Nov - Ene,1018.1156381000001
2021,HOMBRES,"Administración pública y defensa, educación y atención de la salud humana",Dic - Feb,998.0251447966666
2022,HOMBRES,"Administración pública y defensa, educación y atención de la salud humana",Ene - Mar,1015.5282349966666
2022,HOMBRES,"Administración pública y defensa, educación y atención de la salud humana",Feb - Abr,997.6760615233334
2022,HOMBRES,"Administración pública y defensa, educación y atención de la salud humana",Mar - May,1050.3150330933333
2022,HOMBRES,"Administración pública y defensa, educación y atención de la salud humana",Abr - Jun,1014.9622545366666
2022,HOMBRES,"Administración pública y defensa, educación y atención de la salud humana",May - Jul,1034.4240185766669
2022,HOMBRES,"Administración pública y defensa, educación y atención de la salud humana",Jun - Ago,1011.0217710766668
2022,HOMBRES,"Administración pública y defensa, educación y atención de la salud humana",Jul - Sep,1010.1865394966666
2022,HOMBRES,"Administración pública y defensa, educación y atención de la salud humana",Ago - Oct,998.1348850633334
2022,HOMBRES,"Administración pública y defensa, educación y atención de la salud humana",Sep - Nov,1001.6302224966666
2022,HOMBRES,"Administración pública y defensa, educación y atención de la salud humana",Oct - Dic,1017.6113906666668
2022,HOMBRES,"Administración pública y defensa, educación y atención de la salud humana",Nov - Ene,997.31534789
2022,HOMBRES,"Administración pública y defensa, educación y atención de la salud humana",Dic - Feb,976.6805253399999
2023,HOMBRES,"Administración pública y defensa, educación y atención de la salud humana",Ene - Mar,1001.7239446733333
2023,HOMBRES,"Administración pública y defensa, educación y atención de la salud humana",Feb - Abr,1032.3567813500001
2023,HOMBRES,"Administración pública y defensa, educación y atención de la salud humana",Mar - May,1038.8994108333334
2023,HOMBRES,"Administración pública y defensa, educación y atención de la salud humana",Abr - Jun,1008.8156319666667
2023,HOMBRES,"Administración pública y defensa, educación y atención de la salud humana",May - Jul,983.7204262266667
2023,HOMBRES,"Administración pública y defensa, educación y atención de la salud humana",Jun - Ago,1012.1427241266666
2023,HOMBRES,"Administración pública y defensa, educación y atención de la salud humana",Jul - Sep,1032.0525330933333
2023,HOMBRES,"Administración pública y defensa, educación y atención de la salud humana",Ago - Oct,1085.2286320333333
2023,HOMBRES,"Administración pública y defensa, educación y atención de la salud humana",Sep - Nov,1057.0822817
2023,HOMBRES,"Administración pública y defensa, educación y atención de la salud humana",Oct - Dic,1046.2415078333333
2023,HOMBRES,"Administración pública y defensa, educación y atención de la salud humana",Nov - Ene,1000.1297254166666
2023,HOMBRES,"Administración pública y defensa, educación y atención de la salud humana",Dic - Feb,1005.2082139166665
2024,HOMBRES,"Administración pública y defensa, educación y atención de la salud humana",Ene - Mar,1026.1027479833333
2024,HOMBRES,"Administración pública y defensa, educación y atención de la salud humana",Feb - Abr,1074.6794501
2024,HOMBRES,"Administración pública y defensa, educación y atención de la salud humana",Mar - May,1065.3543493333334
2024,HOMBRES,"Administración pública y defensa, educación y atención de la salud humana",Abr - Jun,1032.1780741233333
2024,HOMBRES,"Administración pública y defensa, educación y atención de la salud humana",May - Jul,1024.5510750566666
2024,HOMBRES,"Administración pública y defensa, educación y atención de la salud humana",Jun - Ago,1045.6358764566667
2024,HOMBRES,"Administración pública y defensa, educación y atención de la salud humana",Jul - Sep,1065.6666752666667
2024,HOMBRES,"Administración pública y defensa, educación y atención de la salud humana",Ago - Oct,1052.0418408333333
2024,HOMBRES,"Administración pública y defensa, educación y atención de la salud humana",Sep - Nov,1071.0456382666666
2024,HOMBRES,"Administración pública y defensa, educación y atención de la salud humana",Oct - Dic,1080.7290404666667
2024,HOMBRES,"Administración pública y defensa, educación y atención de la salud humana",Nov - Ene,1068.4405573533334
2024,HOMBRES,"Administración pública y defensa, educación y atención de la salud humana",Dic - Feb,1062.7789925533334
2025,HOMBRES,"Administración pública y defensa, educación y atención de la salud humana",Ene - Mar,1052.9114026200002
2025,HOMBRES,"Administración pública y defensa, educación y atención de la salud humana",Feb - Abr,1102.1221199000001
2025,HOMBRES,"Administración pública y defensa, educación y atención de la salud humana",Mar - May,1084.9022624333334
2025,HOMBRES,"Administración pública y defensa, educación y atención de la salud humana",Abr - Jun,1094.5551164
2025,HOMBRES,"Administración pública y defensa, educación y atención de la salud humana",May - Jul,1045.7669955733334
2025,HOMBRES,"Administración pública y defensa, educación y atención de la salud humana",Jun - Ago,1058.6082124733332
2025,HOMBRES,"Administración pública y defensa, educación y atención de la salud humana",Jul - Sep,1032.98387774
2025,HOMBRES,"Administración pública y defensa, educación y atención de la salud humana",Ago - Oct,1032.29166814
2025,HOMBRES,"Administración pública y defensa, educación y atención de la salud humana",Sep - Nov,1038.9165849733333
2025,HOMBRES,"Administración pública y defensa, educación y atención de la salud humana",Oct - Dic,1087.9120944066665
2025,HOMBRES,"Administración pública y defensa, educación y atención de la salud humana",Nov - Ene,1118.7210143666664
2025,HOMBRES,"Administración pública y defensa, educación y atención de la salud humana",Dic - Feb,1127.5841611
2026,HOMBRES,"Administración pública y defensa, educación y atención de la salud humana",Ene - Mar,1132.9195711000002
2026,HOMBRES,"Administración pública y defensa, educación y atención de la salud humana",Feb - Abr,1186.9580815
2026,HOMBRES,"Administración pública y defensa, educación y atención de la salud humana",Mar - May,1208.7310501000002
2026,HOMBRES,"Administración pública y defensa, educación y atención de la salud humana",Abr - Jun,1182.322050966667
2015,HOMBRES,"Actividades artísticas, entretenimiento, recreación y otras actividades de servicios",Ene - Mar,537.4868562833333
2015,HOMBRES,"Actividades artísticas, entretenimiento, recreación y otras actividades de servicios",Feb - Abr,544.8880493233333
2015,HOMBRES,"Actividades artísticas, entretenimiento, recreación y otras actividades de servicios",Mar - May,564.63992335
2015,HOMBRES,"Actividades artísticas, entretenimiento, recreación y otras actividades de servicios",Abr - Jun,578.83080883
2015,HOMBRES,"Actividades artísticas, entretenimiento, recreación y otras actividades de servicios",May - Jul,550.4403048466667
2015,HOMBRES,"Actividades artísticas, entretenimiento, recreación y otras actividades de servicios",Jun - Ago,549.9916324966667
2015,HOMBRES,"Actividades artísticas, entretenimiento, recreación y otras actividades de servicios",Jul - Sep,546.39583467
2015,HOMBRES,"Actividades artísticas, entretenimiento, recreación y otras actividades de servicios",Ago - Oct,583.5128964700001
2015,HOMBRES,"Actividades artísticas, entretenimiento, recreación y otras actividades de servicios",Sep - Nov,565.1583040333334
2015,HOMBRES,"Actividades artísticas, entretenimiento, recreación y otras actividades de servicios",Oct - Dic,571.97586258
2015,HOMBRES,"Actividades artísticas, entretenimiento, recreación y otras actividades de servicios",Nov - Ene,552.6921884533334
2015,HOMBRES,"Actividades artísticas, entretenimiento, recreación y otras actividades de servicios",Dic - Feb,574.5385088566667
2016,HOMBRES,"Actividades artísticas, entretenimiento, recreación y otras actividades de servicios",Ene - Mar,570.5786364166667
2016,HOMBRES,"Actividades artísticas, entretenimiento, recreación y otras actividades de servicios",Feb - Abr,572.1826296433333
2016,HOMBRES,"Actividades artísticas, entretenimiento, recreación y otras actividades de servicios",Mar - May,568.7067697666666
2016,HOMBRES,"Actividades artísticas, entretenimiento, recreación y otras actividades de servicios",Abr - Jun,564.3133944933334
2016,HOMBRES,"Actividades artísticas, entretenimiento, recreación y otras actividades de servicios",May - Jul,552.7165639266667
2016,HOMBRES,"Actividades artísticas, entretenimiento, recreación y otras actividades de servicios",Jun - Ago,560.1362620766666
2016,HOMBRES,"Actividades artísticas, entretenimiento, recreación y otras actividades de servicios",Jul - Sep,575.5411165666666
2016,HOMBRES,"Actividades artísticas, entretenimiento, recreación y otras actividades de servicios",Ago - Oct,607.5338828600001
2016,HOMBRES,"Actividades artísticas, entretenimiento, recreación y otras actividades de servicios",Sep - Nov,606.1214639899999
2016,HOMBRES,"Actividades artísticas, entretenimiento, recreación y otras actividades de servicios",Oct - Dic,619.3589538933334
2016,HOMBRES,"Actividades artísticas, entretenimiento, recreación y otras actividades de servicios",Nov - Ene,620.2256924933334
2016,HOMBRES,"Actividades artísticas, entretenimiento, recreación y otras actividades de servicios",Dic - Feb,595.3913666433333
2017,HOMBRES,"Actividades artísticas, entretenimiento, recreación y otras actividades de servicios",Ene - Mar,582.7012902366665
2017,HOMBRES,"Actividades artísticas, entretenimiento, recreación y otras actividades de servicios",Feb - Abr,571.9634835133334
2017,HOMBRES,"Actividades artísticas, entretenimiento, recreación y otras actividades de servicios",Mar - May,592.6216559166666
2017,HOMBRES,"Actividades artísticas, entretenimiento, recreación y otras actividades de servicios",Abr - Jun,611.1830261
2017,HOMBRES,"Actividades artísticas, entretenimiento, recreación y otras actividades de servicios",May - Jul,601.4160930866666
2017,HOMBRES,"Actividades artísticas, entretenimiento, recreación y otras actividades de servicios",Jun - Ago,601.9861882166666
2017,HOMBRES,"Actividades artísticas, entretenimiento, recreación y otras actividades de servicios",Jul - Sep,579.4887310733333
2017,HOMBRES,"Actividades artísticas, entretenimiento, recreación y otras actividades de servicios",Ago - Oct,578.2000310333333
2017,HOMBRES,"Actividades artísticas, entretenimiento, recreación y otras actividades de servicios",Sep - Nov,592.7419463233333
2017,HOMBRES,"Actividades artísticas, entretenimiento, recreación y otras actividades de servicios",Oct - Dic,586.08901987
2017,HOMBRES,"Actividades artísticas, entretenimiento, recreación y otras actividades de servicios",Nov - Ene,607.2210913166667
2017,HOMBRES,"Actividades artísticas, entretenimiento, recreación y otras actividades de servicios",Dic - Feb,573.3956852666666
2018,HOMBRES,"Actividades artísticas, entretenimiento, recreación y otras actividades de servicios",Ene - Mar,582.6125635333334
2018,HOMBRES,"Actividades artísticas, entretenimiento, recreación y otras actividades de servicios",Feb - Abr,569.12140223
2018,HOMBRES,"Actividades artísticas, entretenimiento, recreación y otras actividades de servicios",Mar - May,605.1754820833333
2018,HOMBRES,"Actividades artísticas, entretenimiento, recreación y otras actividades de servicios",Abr - Jun,620.3719946866667
2018,HOMBRES,"Actividades artísticas, entretenimiento, recreación y otras actividades de servicios",May - Jul,641.9843545166667
2018,HOMBRES,"Actividades artísticas, entretenimiento, recreación y otras actividades de servicios",Jun - Ago,651.9933095933333
2018,HOMBRES,"Actividades artísticas, entretenimiento, recreación y otras actividades de servicios",Jul - Sep,648.8935748766667
2018,HOMBRES,"Actividades artísticas, entretenimiento, recreación y otras actividades de servicios",Ago - Oct,630.25895299
2018,HOMBRES,"Actividades artísticas, entretenimiento, recreación y otras actividades de servicios",Sep - Nov,630.43565324
2018,HOMBRES,"Actividades artísticas, entretenimiento, recreación y otras actividades de servicios",Oct - Dic,641.7949642766666
2018,HOMBRES,"Actividades artísticas, entretenimiento, recreación y otras actividades de servicios",Nov - Ene,678.06445848
2018,HOMBRES,"Actividades artísticas, entretenimiento, recreación y otras actividades de servicios",Dic - Feb,665.8927830266666
2019,HOMBRES,"Actividades artísticas, entretenimiento, recreación y otras actividades de servicios",Ene - Mar,668.8278214433334
2019,HOMBRES,"Actividades artísticas, entretenimiento, recreación y otras actividades de servicios",Feb - Abr,650.0770575366668
2019,HOMBRES,"Actividades artísticas, entretenimiento, recreación y otras actividades de servicios",Mar - May,640.8976587133334
2019,HOMBRES,"Actividades artísticas, entretenimiento, recreación y otras actividades de servicios",Abr - Jun,649.2966202900001
2019,HOMBRES,"Actividades artísticas, entretenimiento, recreación y otras actividades de servicios",May - Jul,640.1691682066667
2019,HOMBRES,"Actividades artísticas, entretenimiento, recreación y otras actividades de servicios",Jun - Ago,667.09565454
2019,HOMBRES,"Actividades artísticas, entretenimiento, recreación y otras actividades de servicios",Jul - Sep,631.9196240699999
2019,HOMBRES,"Actividades artísticas, entretenimiento, recreación y otras actividades de servicios",Ago - Oct,659.6062895266667
2019,HOMBRES,"Actividades artísticas, entretenimiento, recreación y otras actividades de servicios",Sep - Nov,618.83227656
2019,HOMBRES,"Actividades artísticas, entretenimiento, recreación y otras actividades de servicios",Oct - Dic,614.47417123
2019,HOMBRES,"Actividades artísticas, entretenimiento, recreación y otras actividades de servicios",Nov - Ene,596.51102395
2019,HOMBRES,"Actividades artísticas, entretenimiento, recreación y otras actividades de servicios",Dic - Feb,627.8471153466667
2020,HOMBRES,"Actividades artísticas, entretenimiento, recreación y otras actividades de servicios",Ene - Mar,626.0667143999999
2020,HOMBRES,"Actividades artísticas, entretenimiento, recreación y otras actividades de servicios",Feb - Abr,558.2299375199999
2020,HOMBRES,"Actividades artísticas, entretenimiento, recreación y otras actividades de servicios",Mar - May,513.5460299266666
2020,HOMBRES,"Actividades artísticas, entretenimiento, recreación y otras actividades de servicios",Abr - Jun,484.65856787999996
2020,HOMBRES,"Actividades artísticas, entretenimiento, recreación y otras actividades de servicios",May - Jul,511.6835683033333
2020,HOMBRES,"Actividades artísticas, entretenimiento, recreación y otras actividades de servicios",Jun - Ago,537.3428313366667
2020,HOMBRES,"Actividades artísticas, entretenimiento, recreación y otras actividades de servicios",Jul - Sep,572.75878823
2020,HOMBRES,"Actividades artísticas, entretenimiento, recreación y otras actividades de servicios",Ago - Oct,608.0061737933333
2020,HOMBRES,"Actividades artísticas, entretenimiento, recreación y otras actividades de servicios",Sep - Nov,606.6054322466667
2020,HOMBRES,"Actividades artísticas, entretenimiento, recreación y otras actividades de servicios",Oct - Dic,600.4997867400001
2020,HOMBRES,"Actividades artísticas, entretenimiento, recreación y otras actividades de servicios",Nov - Ene,569.0676844066667
2020,HOMBRES,"Actividades artísticas, entretenimiento, recreación y otras actividades de servicios",Dic - Feb,562.8663588066667
2021,HOMBRES,"Actividades artísticas, entretenimiento, recreación y otras actividades de servicios",Ene - Mar,553.2047114166667
2021,HOMBRES,"Actividades artísticas, entretenimiento, recreación y otras actividades de servicios",Feb - Abr,550.70892569
2021,HOMBRES,"Actividades artísticas, entretenimiento, recreación y otras actividades de servicios",Mar - May,561.1551696133333
2021,HOMBRES,"Actividades artísticas, entretenimiento, recreación y otras actividades de servicios",Abr - Jun,537.6982824199999
2021,HOMBRES,"Actividades artísticas, entretenimiento, recreación y otras actividades de servicios",May - Jul,530.72809721
2021,HOMBRES,"Actividades artísticas, entretenimiento, recreación y otras actividades de servicios",Jun - Ago,524.1526258033333
2021,HOMBRES,"Actividades artísticas, entretenimiento, recreación y otras actividades de servicios",Jul - Sep,568.8296992466667
2021,HOMBRES,"Actividades artísticas, entretenimiento, recreación y otras actividades de servicios",Ago - Oct,592.8404899533333
2021,HOMBRES,"Actividades artísticas, entretenimiento, recreación y otras actividades de servicios",Sep - Nov,585.9223415133333
2021,HOMBRES,"Actividades artísticas, entretenimiento, recreación y otras actividades de servicios",Oct - Dic,583.4149047966666
2021,HOMBRES,"Actividades artísticas, entretenimiento, recreación y otras actividades de servicios",Nov - Ene,569.1621128066666
2021,HOMBRES,"Actividades artísticas, entretenimiento, recreación y otras actividades de servicios",Dic - Feb,584.21923837
2022,HOMBRES,"Actividades artísticas, entretenimiento, recreación y otras actividades de servicios",Ene - Mar,564.9379741933334
2022,HOMBRES,"Actividades artísticas, entretenimiento, recreación y otras actividades de servicios",Feb - Abr,579.7856477833333
2022,HOMBRES,"Actividades artísticas, entretenimiento, recreación y otras actividades de servicios",Mar - May,601.6674144233334
2022,HOMBRES,"Actividades artísticas, entretenimiento, recreación y otras actividades de servicios",Abr - Jun,621.87290648
2022,HOMBRES,"Actividades artísticas, entretenimiento, recreación y otras actividades de servicios",May - Jul,617.6290255233334
2022,HOMBRES,"Actividades artísticas, entretenimiento, recreación y otras actividades de servicios",Jun - Ago,593.8813654133334
2022,HOMBRES,"Actividades artísticas, entretenimiento, recreación y otras actividades de servicios",Jul - Sep,601.2158360100001
2022,HOMBRES,"Actividades artísticas, entretenimiento, recreación y otras actividades de servicios",Ago - Oct,632.68497888
2022,HOMBRES,"Actividades artísticas, entretenimiento, recreación y otras actividades de servicios",Sep - Nov,653.9039266766666
2022,HOMBRES,"Actividades artísticas, entretenimiento, recreación y otras actividades de servicios",Oct - Dic,650.29692818
2022,HOMBRES,"Actividades artísticas, entretenimiento, recreación y otras actividades de servicios",Nov - Ene,627.5007038099999
2022,HOMBRES,"Actividades artísticas, entretenimiento, recreación y otras actividades de servicios",Dic - Feb,589.9744588133334
2023,HOMBRES,"Actividades artísticas, entretenimiento, recreación y otras actividades de servicios",Ene - Mar,594.16961055
2023,HOMBRES,"Actividades artísticas, entretenimiento, recreación y otras actividades de servicios",Feb - Abr,602.9263926833333
2023,HOMBRES,"Actividades artísticas, entretenimiento, recreación y otras actividades de servicios",Mar - May,613.6250961666667
2023,HOMBRES,"Actividades artísticas, entretenimiento, recreación y otras actividades de servicios",Abr - Jun,638.4317453066666
2023,HOMBRES,"Actividades artísticas, entretenimiento, recreación y otras actividades de servicios",May - Jul,636.9747640366667
2023,HOMBRES,"Actividades artísticas, entretenimiento, recreación y otras actividades de servicios",Jun - Ago,638.14380596
2023,HOMBRES,"Actividades artísticas, entretenimiento, recreación y otras actividades de servicios",Jul - Sep,619.7514251766667
2023,HOMBRES,"Actividades artísticas, entretenimiento, recreación y otras actividades de servicios",Ago - Oct,613.2912618533334
2023,HOMBRES,"Actividades artísticas, entretenimiento, recreación y otras actividades de servicios",Sep - Nov,622.0047090966667
2023,HOMBRES,"Actividades artísticas, entretenimiento, recreación y otras actividades de servicios",Oct - Dic,607.1482984233334
2023,HOMBRES,"Actividades artísticas, entretenimiento, recreación y otras actividades de servicios",Nov - Ene,635.5897946233332
2023,HOMBRES,"Actividades artísticas, entretenimiento, recreación y otras actividades de servicios",Dic - Feb,643.4160994166667
2024,HOMBRES,"Actividades artísticas, entretenimiento, recreación y otras actividades de servicios",Ene - Mar,627.5729587166667
2024,HOMBRES,"Actividades artísticas, entretenimiento, recreación y otras actividades de servicios",Feb - Abr,603.1324410799999
2024,HOMBRES,"Actividades artísticas, entretenimiento, recreación y otras actividades de servicios",Mar - May,612.1316355700001
2024,HOMBRES,"Actividades artísticas, entretenimiento, recreación y otras actividades de servicios",Abr - Jun,647.51169743
2024,HOMBRES,"Actividades artísticas, entretenimiento, recreación y otras actividades de servicios",May - Jul,639.39935419
2024,HOMBRES,"Actividades artísticas, entretenimiento, recreación y otras actividades de servicios",Jun - Ago,653.1664778233334
2024,HOMBRES,"Actividades artísticas, entretenimiento, recreación y otras actividades de servicios",Jul - Sep,638.1817492733334
2024,HOMBRES,"Actividades artísticas, entretenimiento, recreación y otras actividades de servicios",Ago - Oct,646.8810969233333
2024,HOMBRES,"Actividades artísticas, entretenimiento, recreación y otras actividades de servicios",Sep - Nov,636.7504437666666
2024,HOMBRES,"Actividades artísticas, entretenimiento, recreación y otras actividades de servicios",Oct - Dic,642.1785043333333
2024,HOMBRES,"Actividades artísticas, entretenimiento, recreación y otras actividades de servicios",Nov - Ene,670.4152361433333
2024,HOMBRES,"Actividades artísticas, entretenimiento, recreación y otras actividades de servicios",Dic - Feb,635.99684756
2025,HOMBRES,"Actividades artísticas, entretenimiento, recreación y otras actividades de servicios",Ene - Mar,611.6868375700001
2025,HOMBRES,"Actividades artísticas, entretenimiento, recreación y otras actividades de servicios",Feb - Abr,598.1856807633334
2025,HOMBRES,"Actividades artísticas, entretenimiento, recreación y otras actividades de servicios",Mar - May,633.7082668133334
2025,HOMBRES,"Actividades artísticas, entretenimiento, recreación y otras actividades de servicios",Abr - Jun,632.7599461833333
2025,HOMBRES,"Actividades artísticas, entretenimiento, recreación y otras actividades de servicios",May - Jul,623.3794062733333
2025,HOMBRES,"Actividades artísticas, entretenimiento, recreación y otras actividades de servicios",Jun - Ago,620.3071444466667
2025,HOMBRES,"Actividades artísticas, entretenimiento, recreación y otras actividades de servicios",Jul - Sep,631.94857135
2025,HOMBRES,"Actividades artísticas, entretenimiento, recreación y otras actividades de servicios",Ago - Oct,629.42452455
2025,HOMBRES,"Actividades artísticas, entretenimiento, recreación y otras actividades de servicios",Sep - Nov,631.5765527933335
2025,HOMBRES,"Actividades artísticas, entretenimiento, recreación y otras actividades de servicios",Oct - Dic,673.6542144066667
2025,HOMBRES,"Actividades artísticas, entretenimiento, recreación y otras actividades de servicios",Nov - Ene,667.5155161533334
2025,HOMBRES,"Actividades artísticas, entretenimiento, recreación y otras actividades de servicios",Dic - Feb,657.7571879466667
2026,HOMBRES,"Actividades artísticas, entretenimiento, recreación y otras actividades de servicios",Ene - Mar,615.6550607933333
2026,HOMBRES,"Actividades artísticas, entretenimiento, recreación y otras actividades de servicios",Feb - Abr,633.49450931
2026,HOMBRES,"Actividades artísticas, entretenimiento, recreación y otras actividades de servicios",Mar - May,655.0942613866666
2026,HOMBRES,"Actividades artísticas, entretenimiento, recreación y otras actividades de servicios",Abr - Jun,667.88189141
2015,MUJERES,Población ocupada,Ene - Mar,8308.1579509
2015,MUJERES,Población ocupada,Feb - Abr,8542.824786533334
2015,MUJERES,Población ocupada,Mar - May,8709.1914472
2015,MUJERES,Población ocupada,Abr - Jun,8781.403543366667
2015,MUJERES,Población ocupada,May - Jul,8712.421762933334
2015,MUJERES,Población ocupada,Jun - Ago,8699.434443799999
2015,MUJERES,Población ocupada,Jul - Sep,8741.847926266666
2015,MUJERES,Población ocupada,Ago - Oct,8941.439039199999
2015,MUJERES,Población ocupada,Sep - Nov,9057.433718566666
2015,MUJERES,Población ocupada,Oct - Dic,8956.1587917
2015,MUJERES,Población ocupada,Nov - Ene,8635.643477933334
2015,MUJERES,Población ocupada,Dic - Feb,8443.5620186
2016,MUJERES,Población ocupada,Ene - Mar,8391.764486066668
2016,MUJERES,Población ocupada,Feb - Abr,8594.360868733334
2016,MUJERES,Población ocupada,Mar - May,8691.286943633333
2016,MUJERES,Población ocupada,Abr - Jun,8825.071312266666
2016,MUJERES,Población ocupada,May - Jul,8720.140394900001
2016,MUJERES,Población ocupada,Jun - Ago,8695.294148033334
2016,MUJERES,Población ocupada,Jul - Sep,8681.628296366667
2016,MUJERES,Población ocupada,Ago - Oct,8902.218686766666
2016,MUJERES,Población ocupada,Sep - Nov,9039.041695733335
2016,MUJERES,Población ocupada,Oct - Dic,8989.334514
2016,MUJERES,Población ocupada,Nov - Ene,8674.045183033333
2016,MUJERES,Población ocupada,Dic - Feb,8473.226874599999
2017,MUJERES,Población ocupada,Ene - Mar,8432.578131
2017,MUJERES,Población ocupada,Feb - Abr,8710.165477766668
2017,MUJERES,Población ocupada,Mar - May,8773.744829633333
2017,MUJERES,Población ocupada,Abr - Jun,8948.177731633332
2017,MUJERES,Población ocupada,May - Jul,8804.136495966668
2017,MUJERES,Población ocupada,Jun - Ago,8849.241643833333
2017,MUJERES,Población ocupada,Jul - Sep,8760.898938333334
2017,MUJERES,Población ocupada,Ago - Oct,8965.794407233334
2017,MUJERES,Población ocupada,Sep - Nov,8987.766218233335
2017,MUJERES,Población ocupada,Oct - Dic,9014.271024866668
2017,MUJERES,Población ocupada,Nov - Ene,8689.982380866668
2017,MUJERES,Población ocupada,Dic - Feb,8517.4702332
2018,MUJERES,Población ocupada,Ene - Mar,8431.861301566665
2018,MUJERES,Población ocupada,Feb - Abr,8691.528904866667
2018,MUJERES,Población ocupada,Mar - May,8831.610863233333
2018,MUJERES,Población ocupada,Abr - Jun,8917.455247433332
2018,MUJERES,Población ocupada,May - Jul,8792.989912366667
2018,MUJERES,Población ocupada,Jun - Ago,8851.6867545
2018,MUJERES,Población ocupada,Jul - Sep,8868.886028466666
2018,MUJERES,Población ocupada,Ago - Oct,9001.167027366668
2018,MUJERES,Población ocupada,Sep - Nov,8944.3415037
2018,MUJERES,Población ocupada,Oct - Dic,8919.112591
2018,MUJERES,Población ocupada,Nov - Ene,8663.726943066666
2018,MUJERES,Población ocupada,Dic - Feb,8607.910806866666
2019,MUJERES,Población ocupada,Ene - Mar,8560.602797433334
2019,MUJERES,Población ocupada,Feb - Abr,8691.0704219
2019,MUJERES,Población ocupada,Mar - May,8738.0119091
2019,MUJERES,Población ocupada,Abr - Jun,8817.115403566668
2019,MUJERES,Población ocupada,May - Jul,8831.603860233334
2019,MUJERES,Población ocupada,Jun - Ago,8752.0351282
2019,MUJERES,Población ocupada,Jul - Sep,8711.047162666668
2019,MUJERES,Población ocupada,Ago - Oct,8861.996352166667
2019,MUJERES,Población ocupada,Sep - Nov,9007.279676233333
2019,MUJERES,Población ocupada,Oct - Dic,8967.5165806
2019,MUJERES,Población ocupada,Nov - Ene,8680.827293333334
2019,MUJERES,Población ocupada,Dic - Feb,8481.1242406
2020,MUJERES,Población ocupada,Ene - Mar,8235.164960033333
2020,MUJERES,Población ocupada,Feb - Abr,7526.478079666667
2020,MUJERES,Población ocupada,Mar - May,6894.786743133333
2020,MUJERES,Población ocupada,Abr - Jun,6515.498494366667
2020,MUJERES,Población ocupada,May - Jul,6573.9421358
2020,MUJERES,Población ocupada,Jun - Ago,6806.958196433334
2020,MUJERES,Población ocupada,Jul - Sep,7063.505342366666
2020,MUJERES,Población ocupada,Ago - Oct,7623.1424182
2020,MUJERES,Población ocupada,Sep - Nov,7909.7128874
2020,MUJERES,Población ocupada,Oct - Dic,8059.017110466666
2020,MUJERES,Población ocupada,Nov - Ene,7840.835539566667
2020,MUJERES,Población ocupada,Dic - Feb,7797.326885866667
2021,MUJERES,Población ocupada,Ene - Mar,7675.8287248999995
2021,MUJERES,Población ocupada,Feb - Abr,7767.5732075000005
2021,MUJERES,Población ocupada,Mar - May,7748.304875233333
2021,MUJERES,Población ocupada,Abr - Jun,7798.830966733333
2021,MUJERES,Población ocupada,May - Jul,7899.329413066666
2021,MUJERES,Población ocupada,Jun - Ago,7954.4332028
2021,MUJERES,Población ocupada,Jul - Sep,8026.788266366667
2021,MUJERES,Población ocupada,Ago - Oct,8123.874299100001
2021,MUJERES,Población ocupada,Sep - Nov,8275.253717633334
2021,MUJERES,Población ocupada,Oct - Dic,8438.4514827
2021,MUJERES,Población ocupada,Nov - Ene,8409.650348266667
2021,MUJERES,Población ocupada,Dic - Feb,8533.059135133333
2022,MUJERES,Población ocupada,Ene - Mar,8579.721474866667
2022,MUJERES,Población ocupada,Feb - Abr,8853.065006766667
2022,MUJERES,Población ocupada,Mar - May,8915.539778866665
2022,MUJERES,Población ocupada,Abr - Jun,8995.737343433333
2022,MUJERES,Población ocupada,May - Jul,8997.0408481
2022,MUJERES,Población ocupada,Jun - Ago,9031.650606599998
2022,MUJERES,Población ocupada,Jul - Sep,9150.665139166666
2022,MUJERES,Población ocupada,Ago - Oct,9224.275818833334
2022,MUJERES,Población ocupada,Sep - Nov,9268.014925033332
2022,MUJERES,Población ocupada,Oct - Dic,9243.319503966666
2022,MUJERES,Población ocupada,Nov - Ene,9053.612345300002
2022,MUJERES,Población ocupada,Dic - Feb,9008.6057504
2023,MUJERES,Población ocupada,Ene - Mar,9053.8580904
2023,MUJERES,Población ocupada,Feb - Abr,9279.329290666667
2023,MUJERES,Población ocupada,Mar - May,9372.512252733333
2023,MUJERES,Población ocupada,Abr - Jun,9429.973263433334
2023,MUJERES,Población ocupada,May - Jul,9545.164586433333
2023,MUJERES,Población ocupada,Jun - Ago,9622.975014966667
2023,MUJERES,Población ocupada,Jul - Sep,9659.7267401
2023,MUJERES,Población ocupada,Ago - Oct,9651.1485824
2023,MUJERES,Población ocupada,Sep - Nov,9650.806270033334
2023,MUJERES,Población ocupada,Oct - Dic,9585.296682833334
2023,MUJERES,Población ocupada,Nov - Ene,9328.756255133334
2023,MUJERES,Población ocupada,Dic - Feb,9199.402187233334
2024,MUJERES,Población ocupada,Ene - Mar,9180.447541233334
2024,MUJERES,Población ocupada,Feb - Abr,9400.270813000001
2024,MUJERES,Población ocupada,Mar - May,9504.975879933334
2024,MUJERES,Población ocupada,Abr - Jun,9509.174728033333
2024,MUJERES,Población ocupada,May - Jul,9535.617124933333
2024,MUJERES,Población ocupada,Jun - Ago,9623.491232333334
2024,MUJERES,Población ocupada,Jul - Sep,9680.990875566667
2024,MUJERES,Población ocupada,Ago - Oct,9688.234266733334
2024,MUJERES,Población ocupada,Sep - Nov,9717.720098733333
2024,MUJERES,Población ocupada,Oct - Dic,9817.474024166666
2024,MUJERES,Población ocupada,Nov - Ene,9669.936313166667
2024,MUJERES,Población ocupada,Dic - Feb,9631.263021966666
2025,MUJERES,Población ocupada,Ene - Mar,9641.143815333333
2025,MUJERES,Población ocupada,Feb - Abr,9812.9648216
2025,MUJERES,Población ocupada,Mar - May,9777.912713333333
2025,MUJERES,Población ocupada,Abr - Jun,9774.3194747
2025,MUJERES,Población ocupada,May - Jul,9883.1808188
2025,MUJERES,Población ocupada,Jun - Ago,9910.0229561
2025,MUJERES,Población ocupada,Jul - Sep,9980.253116266666
2025,MUJERES,Población ocupada,Ago - Oct,9999.629033266667
2025,MUJERES,Población ocupada,Sep - Nov,10169.585284666666
2025,MUJERES,Población ocupada,Oct - Dic,10176.070423666666
2025,MUJERES,Población ocupada,Nov - Ene,9998.3790824
2025,MUJERES,Población ocupada,Dic - Feb,9935.572386733334
2026,MUJERES,Población ocupada,Ene - Mar,9960.981612399999
2026,MUJERES,Población ocupada,Feb - Abr,10196.663444333333
2026,MUJERES,Población ocupada,Mar - May,10260.346158333334
2026,MUJERES,Población ocupada,Abr - Jun,10339.596039666667
2015,MUJERES,No informa,Ene - Mar,0.41332410733333336
2015,MUJERES,No informa,Feb - Abr,0.0
2015,MUJERES,No informa,Mar - May,0.0
2015,MUJERES,No informa,Abr - Jun,0.04047068366666667
2015,MUJERES,No informa,May - Jul,0.4351036320000001
2015,MUJERES,No informa,Jun - Ago,0.5097919633333333
2015,MUJERES,No informa,Jul - Sep,0.48281422933333334
2015,MUJERES,No informa,Ago - Oct,0.8155891259999999
2015,MUJERES,No informa,Sep - Nov,1.311615716333333
2015,MUJERES,No informa,Oct - Dic,1.3340070536666666
2015,MUJERES,No informa,Nov - Ene,1.53680312
2015,MUJERES,No informa,Dic - Feb,1.033888501
2016,MUJERES,No informa,Ene - Mar,1.0284081313333333
2016,MUJERES,No informa,Feb - Abr,1.618672171
2016,MUJERES,No informa,Mar - May,1.5508718683333333
2016,MUJERES,No informa,Abr - Jun,3.0633269999999997
2016,MUJERES,No informa,May - Jul,1.7229927916666667
2016,MUJERES,No informa,Jun - Ago,1.7229927916666667
2016,MUJERES,No informa,Jul - Sep,0.18013374266666668
2016,MUJERES,No informa,Ago - Oct,0.0
2016,MUJERES,No informa,Sep - Nov,0.0
2016,MUJERES,No informa,Oct - Dic,0.0
2016,MUJERES,No informa,Nov - Ene,0.0
2016,MUJERES,No informa,Dic - Feb,0.08940657733333333
2017,MUJERES,No informa,Ene - Mar,0.08940657733333333
2017,MUJERES,No informa,Feb - Abr,1.9163487590000001
2017,MUJERES,No informa,Mar - May,3.1538789680000003
2017,MUJERES,No informa,Abr - Jun,3.1705609806666666
2017,MUJERES,No informa,May - Jul,1.6201489533333333
2017,MUJERES,No informa,Jun - Ago,0.3947291703333333
2017,MUJERES,No informa,Jul - Sep,0.4520575753333333
2017,MUJERES,No informa,Ago - Oct,0.175527421
2017,MUJERES,No informa,Sep - Nov,0.07401041766666668
2017,MUJERES,No informa,Oct - Dic,0.261561806
2017,MUJERES,No informa,Nov - Ene,0.3165217636666667
2017,MUJERES,No informa,Dic - Feb,0.3165217636666667
2018,MUJERES,No informa,Ene - Mar,0.05495995766666667
2018,MUJERES,No informa,Feb - Abr,0.0
2018,MUJERES,No informa,Mar - May,0.0
2018,MUJERES,No informa,Abr - Jun,0.0
2018,MUJERES,No informa,May - Jul,0.8441360903333334
2018,MUJERES,No informa,Jun - Ago,0.8441360903333334
2018,MUJERES,No informa,Jul - Sep,0.8441360903333334
2018,MUJERES,No informa,Ago - Oct,0.12754168433333332
2018,MUJERES,No informa,Sep - Nov,0.12754168433333332
2018,MUJERES,No informa,Oct - Dic,0.12754168433333332
2018,MUJERES,No informa,Nov - Ene,0.0
2018,MUJERES,No informa,Dic - Feb,0.0
2019,MUJERES,No informa,Ene - Mar,0.0
2019,MUJERES,No informa,Feb - Abr,0.0
2019,MUJERES,No informa,Mar - May,0.0
2019,MUJERES,No informa,Abr - Jun,0.0
2019,MUJERES,No informa,May - Jul,0.0
2019,MUJERES,No informa,Jun - Ago,0.0
2019,MUJERES,No informa,Jul - Sep,0.0
2019,MUJERES,No informa,Ago - Oct,0.0
2019,MUJERES,No informa,Sep - Nov,0.0
2019,MUJERES,No informa,Oct - Dic,1.017458443
2019,MUJERES,No informa,Nov - Ene,1.017458443
2019,MUJERES,No informa,Dic - Feb,1.017458443
2020,MUJERES,No informa,Ene - Mar,1.0860395680000001
2020,MUJERES,No informa,Feb - Abr,4.224297774333333
2020,MUJERES,No informa,Mar - May,6.024422149666667
2020,MUJERES,No informa,Abr - Jun,5.723505671999999
2020,MUJERES,No informa,May - Jul,2.5852474656666664
2020,MUJERES,No informa,Jun - Ago,0.7851230903333333
2020,MUJERES,No informa,Jul - Sep,0.9880254846666667
2020,MUJERES,No informa,Ago - Oct,0.9880254846666667
2020,MUJERES,No informa,Sep - Nov,0.9880254846666667
2020,MUJERES,No informa,Oct - Dic,0.060648168333333335
2020,MUJERES,No informa,Nov - Ene,2.9421684796666665
2020,MUJERES,No informa,Dic - Feb,7.590662438666667
2021,MUJERES,No informa,Ene - Mar,15.710780298666668
2021,MUJERES,No informa,Feb - Abr,13.409763511
2021,MUJERES,No informa,Mar - May,10.353021955333332
2021,MUJERES,No informa,Abr - Jun,2.1982019443333334
2021,MUJERES,No informa,May - Jul,1.6176984206666667
2021,MUJERES,No informa,Jun - Ago,1.457771733333333
2021,MUJERES,No informa,Jul - Sep,1.4318257159999999
2021,MUJERES,No informa,Ago - Oct,1.7122952256666666
2021,MUJERES,No informa,Sep - Nov,14.131980393333334
2021,MUJERES,No informa,Oct - Dic,17.18140126333333
2021,MUJERES,No informa,Nov - Ene,17.59042379766667
2021,MUJERES,No informa,Dic - Feb,6.1200489110000005
2022,MUJERES,No informa,Ene - Mar,3.156598377666667
2022,MUJERES,No informa,Feb - Abr,4.098189401666667
2022,MUJERES,No informa,Mar - May,3.6224665320000002
2022,MUJERES,No informa,Abr - Jun,3.5364961953333336
2022,MUJERES,No informa,May - Jul,1.9054131273333335
2022,MUJERES,No informa,Jun - Ago,0.08562937366666667
2022,MUJERES,No informa,Jul - Sep,1.7008178780000003
2022,MUJERES,No informa,Ago - Oct,3.1332312430000004
2022,MUJERES,No informa,Sep - Nov,3.047601869333333
2022,MUJERES,No informa,Oct - Dic,2.4571324183333334
2022,MUJERES,No informa,Nov - Ene,1.443051581
2022,MUJERES,No informa,Dic - Feb,1.443051581
2023,MUJERES,No informa,Ene - Mar,0.4183325276666667
2023,MUJERES,No informa,Feb - Abr,0.0
2023,MUJERES,No informa,Mar - May,0.06296644033333333
2023,MUJERES,No informa,Abr - Jun,0.06296644033333333
2023,MUJERES,No informa,May - Jul,0.23328958700000002
2023,MUJERES,No informa,Jun - Ago,0.17032314666666667
2023,MUJERES,No informa,Jul - Sep,0.17032314666666667
2023,MUJERES,No informa,Ago - Oct,0.0
2023,MUJERES,No informa,Sep - Nov,0.072680122
2023,MUJERES,No informa,Oct - Dic,0.629033379
2023,MUJERES,No informa,Nov - Ene,0.6814112946666667
2023,MUJERES,No informa,Dic - Feb,0.7220189473333334
2024,MUJERES,No informa,Ene - Mar,0.16566569033333334
2024,MUJERES,No informa,Feb - Abr,0.20310326066666665
2024,MUJERES,No informa,Mar - May,0.089815486
2024,MUJERES,No informa,Abr - Jun,0.089815486
2024,MUJERES,No informa,May - Jul,0.0
2024,MUJERES,No informa,Jun - Ago,0.7603580476666667
2024,MUJERES,No informa,Jul - Sep,0.811769086
2024,MUJERES,No informa,Ago - Oct,0.811769086
2024,MUJERES,No informa,Sep - Nov,0.10274345033333333
2024,MUJERES,No informa,Oct - Dic,0.11214730166666668
2024,MUJERES,No informa,Nov - Ene,0.11214730166666668
2024,MUJERES,No informa,Dic - Feb,0.06081488966666667
2025,MUJERES,No informa,Ene - Mar,0.0
2025,MUJERES,No informa,Feb - Abr,0.0
2025,MUJERES,No informa,Mar - May,0.0
2025,MUJERES,No informa,Abr - Jun,0.0
2025,MUJERES,No informa,May - Jul,0.0
2025,MUJERES,No informa,Jun - Ago,0.0
2025,MUJERES,No informa,Jul - Sep,0.0
2025,MUJERES,No informa,Ago - Oct,0.0
2025,MUJERES,No informa,Sep - Nov,0.0
2025,MUJERES,No informa,Oct - Dic,0.0
2025,MUJERES,No informa,Nov - Ene,0.0
2025,MUJERES,No informa,Dic - Feb,0.0
2026,MUJERES,No informa,Ene - Mar,0.0
2026,MUJERES,No informa,Feb - Abr,0.0
2026,MUJERES,No informa,Mar - May,0.0
2026,MUJERES,No informa,Abr - Jun,0.0
2015,MUJERES,"Agricultura, ganadería, caza, silvicultura y pesca",Ene - Mar,546.6658844066667
2015,MUJERES,"Agricultura, ganadería, caza, silvicultura y pesca",Feb - Abr,609.3758123333333
2015,MUJERES,"Agricultura, ganadería, caza, silvicultura y pesca",Mar - May,595.6087317733334
2015,MUJERES,"Agricultura, ganadería, caza, silvicultura y pesca",Abr - Jun,594.52818162
2015,MUJERES,"Agricultura, ganadería, caza, silvicultura y pesca",May - Jul,554.4647070966668
2015,MUJERES,"Agricultura, ganadería, caza, silvicultura y pesca",Jun - Ago,567.4363946366667
2015,MUJERES,"Agricultura, ganadería, caza, silvicultura y pesca",Jul - Sep,565.2715556666667
2015,MUJERES,"Agricultura, ganadería, caza, silvicultura y pesca",Ago - Oct,602.2722153566666
2015,MUJERES,"Agricultura, ganadería, caza, silvicultura y pesca",Sep - Nov,626.86026369
2015,MUJERES,"Agricultura, ganadería, caza, silvicultura y pesca",Oct - Dic,611.0179285566668
2015,MUJERES,"Agricultura, ganadería, caza, silvicultura y pesca",Nov - Ene,558.6205041466666
2015,MUJERES,"Agricultura, ganadería, caza, silvicultura y pesca",Dic - Feb,522.1885142633333
2016,MUJERES,"Agricultura, ganadería, caza, silvicultura y pesca",Ene - Mar,547.3469517666666
2016,MUJERES,"Agricultura, ganadería, caza, silvicultura y pesca",Feb - Abr,613.7511477333334
2016,MUJERES,"Agricultura, ganadería, caza, silvicultura y pesca",Mar - May,634.76049463
2016,MUJERES,"Agricultura, ganadería, caza, silvicultura y pesca",Abr - Jun,632.6745943333334
2016,MUJERES,"Agricultura, ganadería, caza, silvicultura y pesca",May - Jul,597.5209270866667
2016,MUJERES,"Agricultura, ganadería, caza, silvicultura y pesca",Jun - Ago,609.7325437333333
2016,MUJERES,"Agricultura, ganadería, caza, silvicultura y pesca",Jul - Sep,571.8943993000001
2016,MUJERES,"Agricultura, ganadería, caza, silvicultura y pesca",Ago - Oct,599.7092156366666
2016,MUJERES,"Agricultura, ganadería, caza, silvicultura y pesca",Sep - Nov,604.64507142
2016,MUJERES,"Agricultura, ganadería, caza, silvicultura y pesca",Oct - Dic,593.65992946
2016,MUJERES,"Agricultura, ganadería, caza, silvicultura y pesca",Nov - Ene,515.4144706466667
2016,MUJERES,"Agricultura, ganadería, caza, silvicultura y pesca",Dic - Feb,503.98733816333333
2017,MUJERES,"Agricultura, ganadería, caza, silvicultura y pesca",Ene - Mar,565.46225237
2017,MUJERES,"Agricultura, ganadería, caza, silvicultura y pesca",Feb - Abr,641.4580429266666
2017,MUJERES,"Agricultura, ganadería, caza, silvicultura y pesca",Mar - May,663.9702003133333
2017,MUJERES,"Agricultura, ganadería, caza, silvicultura y pesca",Abr - Jun,682.6017008866667
2017,MUJERES,"Agricultura, ganadería, caza, silvicultura y pesca",May - Jul,675.5988897833333
2017,MUJERES,"Agricultura, ganadería, caza, silvicultura y pesca",Jun - Ago,676.32511927
2017,MUJERES,"Agricultura, ganadería, caza, silvicultura y pesca",Jul - Sep,638.0497031033333
2017,MUJERES,"Agricultura, ganadería, caza, silvicultura y pesca",Ago - Oct,648.30523713
2017,MUJERES,"Agricultura, ganadería, caza, silvicultura y pesca",Sep - Nov,655.2686149333334
2017,MUJERES,"Agricultura, ganadería, caza, silvicultura y pesca",Oct - Dic,668.99882901
2017,MUJERES,"Agricultura, ganadería, caza, silvicultura y pesca",Nov - Ene,637.52731549
2017,MUJERES,"Agricultura, ganadería, caza, silvicultura y pesca",Dic - Feb,634.6799194866667
2018,MUJERES,"Agricultura, ganadería, caza, silvicultura y pesca",Ene - Mar,628.61956589
2018,MUJERES,"Agricultura, ganadería, caza, silvicultura y pesca",Feb - Abr,671.7065423800001
2018,MUJERES,"Agricultura, ganadería, caza, silvicultura y pesca",Mar - May,632.82253846
2018,MUJERES,"Agricultura, ganadería, caza, silvicultura y pesca",Abr - Jun,649.6421661599999
2018,MUJERES,"Agricultura, ganadería, caza, silvicultura y pesca",May - Jul,599.03660346
2018,MUJERES,"Agricultura, ganadería, caza, silvicultura y pesca",Jun - Ago,636.5380821233333
2018,MUJERES,"Agricultura, ganadería, caza, silvicultura y pesca",Jul - Sep,607.8586902866667
2018,MUJERES,"Agricultura, ganadería, caza, silvicultura y pesca",Ago - Oct,649.0845937533333
2018,MUJERES,"Agricultura, ganadería, caza, silvicultura y pesca",Sep - Nov,634.10440676
2018,MUJERES,"Agricultura, ganadería, caza, silvicultura y pesca",Oct - Dic,642.5670415000001
2018,MUJERES,"Agricultura, ganadería, caza, silvicultura y pesca",Nov - Ene,590.1839624066666
2018,MUJERES,"Agricultura, ganadería, caza, silvicultura y pesca",Dic - Feb,579.1259751933334
2019,MUJERES,"Agricultura, ganadería, caza, silvicultura y pesca",Ene - Mar,528.9026710566667
2019,MUJERES,"Agricultura, ganadería, caza, silvicultura y pesca",Feb - Abr,519.0113297766667
2019,MUJERES,"Agricultura, ganadería, caza, silvicultura y pesca",Mar - May,517.6508682766666
2019,MUJERES,"Agricultura, ganadería, caza, silvicultura y pesca",Abr - Jun,561.6091141233334
2019,MUJERES,"Agricultura, ganadería, caza, silvicultura y pesca",May - Jul,563.7333268766666
2019,MUJERES,"Agricultura, ganadería, caza, silvicultura y pesca",Jun - Ago,561.69604678
2019,MUJERES,"Agricultura, ganadería, caza, silvicultura y pesca",Jul - Sep,550.15114791
2019,MUJERES,"Agricultura, ganadería, caza, silvicultura y pesca",Ago - Oct,606.4394256266665
2019,MUJERES,"Agricultura, ganadería, caza, silvicultura y pesca",Sep - Nov,592.3094773133333
2019,MUJERES,"Agricultura, ganadería, caza, silvicultura y pesca",Oct - Dic,576.96804852
2019,MUJERES,"Agricultura, ganadería, caza, silvicultura y pesca",Nov - Ene,507.53798887
2019,MUJERES,"Agricultura, ganadería, caza, silvicultura y pesca",Dic - Feb,501.50371801333335
2020,MUJERES,"Agricultura, ganadería, caza, silvicultura y pesca",Ene - Mar,504.37448545666666
2020,MUJERES,"Agricultura, ganadería, caza, silvicultura y pesca",Feb - Abr,478.96342623000004
2020,MUJERES,"Agricultura, ganadería, caza, silvicultura y pesca",Mar - May,440.59319048666674
2020,MUJERES,"Agricultura, ganadería, caza, silvicultura y pesca",Abr - Jun,422.0860612366667
2020,MUJERES,"Agricultura, ganadería, caza, silvicultura y pesca",May - Jul,444.00818462666666
2020,MUJERES,"Agricultura, ganadería, caza, silvicultura y pesca",Jun - Ago,493.965418
2020,MUJERES,"Agricultura, ganadería, caza, silvicultura y pesca",Jul - Sep,505.44631166666665
2020,MUJERES,"Agricultura, ganadería, caza, silvicultura y pesca",Ago - Oct,548.2331698899999
2020,MUJERES,"Agricultura, ganadería, caza, silvicultura y pesca",Sep - Nov,551.92959045
2020,MUJERES,"Agricultura, ganadería, caza, silvicultura y pesca",Oct - Dic,563.4338875133334
2020,MUJERES,"Agricultura, ganadería, caza, silvicultura y pesca",Nov - Ene,507.6875282566666
2020,MUJERES,"Agricultura, ganadería, caza, silvicultura y pesca",Dic - Feb,452.18100304
2021,MUJERES,"Agricultura, ganadería, caza, silvicultura y pesca",Ene - Mar,430.1730308466667
2021,MUJERES,"Agricultura, ganadería, caza, silvicultura y pesca",Feb - Abr,426.4249019633333
2021,MUJERES,"Agricultura, ganadería, caza, silvicultura y pesca",Mar - May,474.6838632966667
2021,MUJERES,"Agricultura, ganadería, caza, silvicultura y pesca",Abr - Jun,460.77307880333336
2021,MUJERES,"Agricultura, ganadería, caza, silvicultura y pesca",May - Jul,511.56877685
2021,MUJERES,"Agricultura, ganadería, caza, silvicultura y pesca",Jun - Ago,472.4929220700001
2021,MUJERES,"Agricultura, ganadería, caza, silvicultura y pesca",Jul - Sep,458.05808602
2021,MUJERES,"Agricultura, ganadería, caza, silvicultura y pesca",Ago - Oct,450.4911813400001
2021,MUJERES,"Agricultura, ganadería, caza, silvicultura y pesca",Sep - Nov,472.97994367
2021,MUJERES,"Agricultura, ganadería, caza, silvicultura y pesca",Oct - Dic,500.7390872266667
2021,MUJERES,"Agricultura, ganadería, caza, silvicultura y pesca",Nov - Ene,460.15534895
2021,MUJERES,"Agricultura, ganadería, caza, silvicultura y pesca",Dic - Feb,465.1937901866667
2022,MUJERES,"Agricultura, ganadería, caza, silvicultura y pesca",Ene - Mar,477.3129968233334
2022,MUJERES,"Agricultura, ganadería, caza, silvicultura y pesca",Feb - Abr,503.33071991666674
2022,MUJERES,"Agricultura, ganadería, caza, silvicultura y pesca",Mar - May,575.8749615099999
2022,MUJERES,"Agricultura, ganadería, caza, silvicultura y pesca",Abr - Jun,587.7671433633333
2022,MUJERES,"Agricultura, ganadería, caza, silvicultura y pesca",May - Jul,633.7250689033333
2022,MUJERES,"Agricultura, ganadería, caza, silvicultura y pesca",Jun - Ago,530.4435689566666
2022,MUJERES,"Agricultura, ganadería, caza, silvicultura y pesca",Jul - Sep,523.2971993833333
2022,MUJERES,"Agricultura, ganadería, caza, silvicultura y pesca",Ago - Oct,506.27396897
2022,MUJERES,"Agricultura, ganadería, caza, silvicultura y pesca",Sep - Nov,538.6006457933332
2022,MUJERES,"Agricultura, ganadería, caza, silvicultura y pesca",Oct - Dic,516.8162165133334
2022,MUJERES,"Agricultura, ganadería, caza, silvicultura y pesca",Nov - Ene,480.03448548
2022,MUJERES,"Agricultura, ganadería, caza, silvicultura y pesca",Dic - Feb,487.33004543
2023,MUJERES,"Agricultura, ganadería, caza, silvicultura y pesca",Ene - Mar,549.4886654833333
2023,MUJERES,"Agricultura, ganadería, caza, silvicultura y pesca",Feb - Abr,575.40911911
2023,MUJERES,"Agricultura, ganadería, caza, silvicultura y pesca",Mar - May,627.6691546633334
2023,MUJERES,"Agricultura, ganadería, caza, silvicultura y pesca",Abr - Jun,589.3827153766666
2023,MUJERES,"Agricultura, ganadería, caza, silvicultura y pesca",May - Jul,614.09870598
2023,MUJERES,"Agricultura, ganadería, caza, silvicultura y pesca",Jun - Ago,562.9672321466666
2023,MUJERES,"Agricultura, ganadería, caza, silvicultura y pesca",Jul - Sep,559.9895492633333
2023,MUJERES,"Agricultura, ganadería, caza, silvicultura y pesca",Ago - Oct,550.17808852
2023,MUJERES,"Agricultura, ganadería, caza, silvicultura y pesca",Sep - Nov,578.52825063
2023,MUJERES,"Agricultura, ganadería, caza, silvicultura y pesca",Oct - Dic,592.0560129966667
2023,MUJERES,"Agricultura, ganadería, caza, silvicultura y pesca",Nov - Ene,574.30351681
2023,MUJERES,"Agricultura, ganadería, caza, silvicultura y pesca",Dic - Feb,549.6719032833334
2024,MUJERES,"Agricultura, ganadería, caza, silvicultura y pesca",Ene - Mar,545.82991714
2024,MUJERES,"Agricultura, ganadería, caza, silvicultura y pesca",Feb - Abr,546.1272079033333
2024,MUJERES,"Agricultura, ganadería, caza, silvicultura y pesca",Mar - May,568.89868573
2024,MUJERES,"Agricultura, ganadería, caza, silvicultura y pesca",Abr - Jun,576.0913378700001
2024,MUJERES,"Agricultura, ganadería, caza, silvicultura y pesca",May - Jul,625.96052633
2024,MUJERES,"Agricultura, ganadería, caza, silvicultura y pesca",Jun - Ago,599.1139000466666
2024,MUJERES,"Agricultura, ganadería, caza, silvicultura y pesca",Jul - Sep,598.3957153366667
2024,MUJERES,"Agricultura, ganadería, caza, silvicultura y pesca",Ago - Oct,578.07411508
2024,MUJERES,"Agricultura, ganadería, caza, silvicultura y pesca",Sep - Nov,582.7293585533333
2024,MUJERES,"Agricultura, ganadería, caza, silvicultura y pesca",Oct - Dic,568.39750061
2024,MUJERES,"Agricultura, ganadería, caza, silvicultura y pesca",Nov - Ene,518.9261921833333
2024,MUJERES,"Agricultura, ganadería, caza, silvicultura y pesca",Dic - Feb,550.0433570499999
2025,MUJERES,"Agricultura, ganadería, caza, silvicultura y pesca",Ene - Mar,594.34257025
2025,MUJERES,"Agricultura, ganadería, caza, silvicultura y pesca",Feb - Abr,598.6576615866667
2025,MUJERES,"Agricultura, ganadería, caza, silvicultura y pesca",Mar - May,595.1919306
2025,MUJERES,"Agricultura, ganadería, caza, silvicultura y pesca",Abr - Jun,560.8166274033333
2025,MUJERES,"Agricultura, ganadería, caza, silvicultura y pesca",May - Jul,604.30533685
2025,MUJERES,"Agricultura, ganadería, caza, silvicultura y pesca",Jun - Ago,536.6290342733333
2025,MUJERES,"Agricultura, ganadería, caza, silvicultura y pesca",Jul - Sep,543.0140541233333
2025,MUJERES,"Agricultura, ganadería, caza, silvicultura y pesca",Ago - Oct,551.3775880133334
2025,MUJERES,"Agricultura, ganadería, caza, silvicultura y pesca",Sep - Nov,621.2216512833334
2025,MUJERES,"Agricultura, ganadería, caza, silvicultura y pesca",Oct - Dic,609.3975273333334
2025,MUJERES,"Agricultura, ganadería, caza, silvicultura y pesca",Nov - Ene,567.1838924799999
2025,MUJERES,"Agricultura, ganadería, caza, silvicultura y pesca",Dic - Feb,523.3248038366665
2026,MUJERES,"Agricultura, ganadería, caza, silvicultura y pesca",Ene - Mar,538.8261127133334
2026,MUJERES,"Agricultura, ganadería, caza, silvicultura y pesca",Feb - Abr,567.0642839166667
2026,MUJERES,"Agricultura, ganadería, caza, silvicultura y pesca",Mar - May,614.0609235866667
2026,MUJERES,"Agricultura, ganadería, caza, silvicultura y pesca",Abr - Jun,623.7508542266667
2015,MUJERES,Explotación de minas y canteras,Ene - Mar,17.631346140999998
2015,MUJERES,Explotación de minas y canteras,Feb - Abr,13.877891995666667
2015,MUJERES,Explotación de minas y canteras,Mar - May,32.54579756933334
2015,MUJERES,Explotación de minas y canteras,Abr - Jun,34.87830842533334
2015,MUJERES,Explotación de minas y canteras,May - Jul,51.781374328000005
2015,MUJERES,Explotación de minas y canteras,Jun - Ago,36.60240874266667
2015,MUJERES,Explotación de minas y canteras,Jul - Sep,57.52807447733334
2015,MUJERES,Explotación de minas y canteras,Ago - Oct,43.984903283
2015,MUJERES,Explotación de minas y canteras,Sep - Nov,43.176436935666665
2015,MUJERES,Explotación de minas y canteras,Oct - Dic,22.93947695
2015,MUJERES,Explotación de minas y canteras,Nov - Ene,27.980132918
2015,MUJERES,Explotación de minas y canteras,Dic - Feb,24.461800422
2016,MUJERES,Explotación de minas y canteras,Ene - Mar,22.90273420433333
2016,MUJERES,Explotación de minas y canteras,Feb - Abr,14.301312951333335
2016,MUJERES,Explotación de minas y canteras,Mar - May,36.33163099433333
2016,MUJERES,Explotación de minas y canteras,Abr - Jun,36.554516381333336
2016,MUJERES,Explotación de minas y canteras,May - Jul,48.693630472666676
2016,MUJERES,Explotación de minas y canteras,Jun - Ago,26.662240197
2016,MUJERES,Explotación de minas y canteras,Jul - Sep,50.165155712
2016,MUJERES,Explotación de minas y canteras,Ago - Oct,45.410901263666666
2016,MUJERES,Explotación de minas y canteras,Sep - Nov,43.27429091733333
2016,MUJERES,Explotación de minas y canteras,Oct - Dic,17.61363817766667
2016,MUJERES,Explotación de minas y canteras,Nov - Ene,22.570166173333334
2016,MUJERES,Explotación de minas y canteras,Dic - Feb,20.964947438333333
2017,MUJERES,Explotación de minas y canteras,Ene - Mar,28.513456350333332
2017,MUJERES,Explotación de minas y canteras,Feb - Abr,20.876011388666665
2017,MUJERES,Explotación de minas y canteras,Mar - May,41.327429024333334
2017,MUJERES,Explotación de minas y canteras,Abr - Jun,35.310700297333334
2017,MUJERES,Explotación de minas y canteras,May - Jul,46.15981479166667
2017,MUJERES,Explotación de minas y canteras,Jun - Ago,25.59218661733333
2017,MUJERES,Explotación de minas y canteras,Jul - Sep,46.30707872433334
2017,MUJERES,Explotación de minas y canteras,Ago - Oct,32.47086723266667
2017,MUJERES,Explotación de minas y canteras,Sep - Nov,35.012007747666665
2017,MUJERES,Explotación de minas y canteras,Oct - Dic,17.096085757666668
2017,MUJERES,Explotación de minas y canteras,Nov - Ene,24.119246055666668
2017,MUJERES,Explotación de minas y canteras,Dic - Feb,25.264657589333336
2018,MUJERES,Explotación de minas y canteras,Ene - Mar,23.79140230433333
2018,MUJERES,Explotación de minas y canteras,Feb - Abr,17.448308105333332
2018,MUJERES,Explotación de minas y canteras,Mar - May,44.91016239066666
2018,MUJERES,Explotación de minas y canteras,Abr - Jun,43.337079767666665
2018,MUJERES,Explotación de minas y canteras,May - Jul,61.31541128966666
2018,MUJERES,Explotación de minas y canteras,Jun - Ago,28.826687823
2018,MUJERES,Explotación de minas y canteras,Jul - Sep,51.979190693
2018,MUJERES,Explotación de minas y canteras,Ago - Oct,34.303942751
2018,MUJERES,Explotación de minas y canteras,Sep - Nov,40.345593439666665
2018,MUJERES,Explotación de minas y canteras,Oct - Dic,17.626632898
2018,MUJERES,Explotación de minas y canteras,Nov - Ene,23.391313591333333
2018,MUJERES,Explotación de minas y canteras,Dic - Feb,19.628403200333334
2019,MUJERES,Explotación de minas y canteras,Ene - Mar,25.869133081
2019,MUJERES,Explotación de minas y canteras,Feb - Abr,22.891774718000004
2019,MUJERES,Explotación de minas y canteras,Mar - May,39.40823189133334
2019,MUJERES,Explotación de minas y canteras,Abr - Jun,32.178232566
2019,MUJERES,Explotación de minas y canteras,May - Jul,40.40717478766666
2019,MUJERES,Explotación de minas y canteras,Jun - Ago,22.664651871333334
2019,MUJERES,Explotación de minas y canteras,Jul - Sep,39.70977760033333
2019,MUJERES,Explotación de minas y canteras,Ago - Oct,29.618198435666667
2019,MUJERES,Explotación de minas y canteras,Sep - Nov,35.357324716
2019,MUJERES,Explotación de minas y canteras,Oct - Dic,22.852505112666666
2019,MUJERES,Explotación de minas y canteras,Nov - Ene,27.043443812000003
2019,MUJERES,Explotación de minas y canteras,Dic - Feb,28.53880584066667
2020,MUJERES,Explotación de minas y canteras,Ene - Mar,23.333989297
2020,MUJERES,Explotación de minas y canteras,Feb - Abr,22.296620083333334
2020,MUJERES,Explotación de minas y canteras,Mar - May,27.514358180666665
2020,MUJERES,Explotación de minas y canteras,Abr - Jun,33.37440863366666
2020,MUJERES,Explotación de minas y canteras,May - Jul,42.884912788
2020,MUJERES,Explotación de minas y canteras,Jun - Ago,29.817047293
2020,MUJERES,Explotación de minas y canteras,Jul - Sep,41.078105255666664
2020,MUJERES,Explotación de minas y canteras,Ago - Oct,26.161812698999995
2020,MUJERES,Explotación de minas y canteras,Sep - Nov,28.88526549566667
2020,MUJERES,Explotación de minas y canteras,Oct - Dic,16.504967675
2020,MUJERES,Explotación de minas y canteras,Nov - Ene,20.225355982
2020,MUJERES,Explotación de minas y canteras,Dic - Feb,26.64769628466667
2021,MUJERES,Explotación de minas y canteras,Ene - Mar,31.50561758266667
2021,MUJERES,Explotación de minas y canteras,Feb - Abr,31.814273835000005
2021,MUJERES,Explotación de minas y canteras,Mar - May,35.835316258333336
2021,MUJERES,Explotación de minas y canteras,Abr - Jun,38.53767973633334
2021,MUJERES,Explotación de minas y canteras,May - Jul,37.05463227
2021,MUJERES,Explotación de minas y canteras,Jun - Ago,38.48058363933333
2021,MUJERES,Explotación de minas y canteras,Jul - Sep,48.24512348566666
2021,MUJERES,Explotación de minas y canteras,Ago - Oct,56.380022661
2021,MUJERES,Explotación de minas y canteras,Sep - Nov,54.294231405333335
2021,MUJERES,Explotación de minas y canteras,Oct - Dic,43.54264109833334
2021,MUJERES,Explotación de minas y canteras,Nov - Ene,40.044041184
2021,MUJERES,Explotación de minas y canteras,Dic - Feb,35.718232426
2022,MUJERES,Explotación de minas y canteras,Ene - Mar,39.15517068366666
2022,MUJERES,Explotación de minas y canteras,Feb - Abr,40.78150079433333
2022,MUJERES,Explotación de minas y canteras,Mar - May,41.862342180666666
2022,MUJERES,Explotación de minas y canteras,Abr - Jun,43.144758421999995
2022,MUJERES,Explotación de minas y canteras,May - Jul,42.828649385999995
2022,MUJERES,Explotación de minas y canteras,Jun - Ago,50.88028055733333
2022,MUJERES,Explotación de minas y canteras,Jul - Sep,50.86178593766667
2022,MUJERES,Explotación de minas y canteras,Ago - Oct,50.37799918566666
2022,MUJERES,Explotación de minas y canteras,Sep - Nov,44.27786978466667
2022,MUJERES,Explotación de minas y canteras,Oct - Dic,53.514329241666665
2022,MUJERES,Explotación de minas y canteras,Nov - Ene,62.68947848033333
2022,MUJERES,Explotación de minas y canteras,Dic - Feb,56.70287841733333
2023,MUJERES,Explotación de minas y canteras,Ene - Mar,40.26897354066667
2023,MUJERES,Explotación de minas y canteras,Feb - Abr,35.643708024333336
2023,MUJERES,Explotación de minas y canteras,Mar - May,32.54660411733333
2023,MUJERES,Explotación de minas y canteras,Abr - Jun,33.589417862666664
2023,MUJERES,Explotación de minas y canteras,May - Jul,23.735218414666665
2023,MUJERES,Explotación de minas y canteras,Jun - Ago,32.685405994
2023,MUJERES,Explotación de minas y canteras,Jul - Sep,43.067933617666675
2023,MUJERES,Explotación de minas y canteras,Ago - Oct,51.201164984
2023,MUJERES,Explotación de minas y canteras,Sep - Nov,51.87695087933334
2023,MUJERES,Explotación de minas y canteras,Oct - Dic,52.57682262666666
2023,MUJERES,Explotación de minas y canteras,Nov - Ene,56.688351372999996
2023,MUJERES,Explotación de minas y canteras,Dic - Feb,53.108332294666674
2024,MUJERES,Explotación de minas y canteras,Ene - Mar,43.00869186533333
2024,MUJERES,Explotación de minas y canteras,Feb - Abr,40.455412753
2024,MUJERES,Explotación de minas y canteras,Mar - May,37.42245724633333
2024,MUJERES,Explotación de minas y canteras,Abr - Jun,42.621972201666665
2024,MUJERES,Explotación de minas y canteras,May - Jul,31.168802992666667
2024,MUJERES,Explotación de minas y canteras,Jun - Ago,35.118523665999994
2024,MUJERES,Explotación de minas y canteras,Jul - Sep,45.41108418166667
2024,MUJERES,Explotación de minas y canteras,Ago - Oct,52.792802736000006
2024,MUJERES,Explotación de minas y canteras,Sep - Nov,67.409842549
2024,MUJERES,Explotación de minas y canteras,Oct - Dic,63.56730742
2024,MUJERES,Explotación de minas y canteras,Nov - Ene,69.53170155766666
2024,MUJERES,Explotación de minas y canteras,Dic - Feb,55.82051418466667
2025,MUJERES,Explotación de minas y canteras,Ene - Mar,47.666697725
2025,MUJERES,Explotación de minas y canteras,Feb - Abr,43.737574394333336
2025,MUJERES,Explotación de minas y canteras,Mar - May,40.54900601866667
2025,MUJERES,Explotación de minas y canteras,Abr - Jun,45.65702596566666
2025,MUJERES,Explotación de minas y canteras,May - Jul,35.970274951
2025,MUJERES,Explotación de minas y canteras,Jun - Ago,34.69081959533333
2025,MUJERES,Explotación de minas y canteras,Jul - Sep,33.600868123
2025,MUJERES,Explotación de minas y canteras,Ago - Oct,47.64772249033333
2025,MUJERES,Explotación de minas y canteras,Sep - Nov,52.91828772033333
2025,MUJERES,Explotación de minas y canteras,Oct - Dic,48.586178601
2025,MUJERES,Explotación de minas y canteras,Nov - Ene,54.50243674233334
2025,MUJERES,Explotación de minas y canteras,Dic - Feb,52.03806703766667
2026,MUJERES,Explotación de minas y canteras,Ene - Mar,74.66701543166667
2026,MUJERES,Explotación de minas y canteras,Feb - Abr,61.38794677299999
2026,MUJERES,Explotación de minas y canteras,Mar - May,67.52301303399999
2026,MUJERES,Explotación de minas y canteras,Abr - Jun,56.09703438966667
2015,MUJERES,Industrias manufactureras,Ene - Mar,1006.4833661666667
2015,MUJERES,Industrias manufactureras,Feb - Abr,1097.0995661333334
2015,MUJERES,Industrias manufactureras,Mar - May,1093.0215335333335
2015,MUJERES,Industrias manufactureras,Abr - Jun,1094.5537004066666
2015,MUJERES,Industrias manufactureras,May - Jul,998.3596389166668
2015,MUJERES,Industrias manufactureras,Jun - Ago,999.1614436166668
2015,MUJERES,Industrias manufactureras,Jul - Sep,1004.8899992033333
2015,MUJERES,Industrias manufactureras,Ago - Oct,1079.2922396933334
2015,MUJERES,Industrias manufactureras,Sep - Nov,1167.1114585266666
2015,MUJERES,Industrias manufactureras,Oct - Dic,1208.7057175666666
2015,MUJERES,Industrias manufactureras,Nov - Ene,1085.72373402
2015,MUJERES,Industrias manufactureras,Dic - Feb,988.8120870166666
2016,MUJERES,Industrias manufactureras,Ene - Mar,897.99888815
2016,MUJERES,Industrias manufactureras,Feb - Abr,971.9318402299999
2016,MUJERES,Industrias manufactureras,Mar - May,968.2220933933332
2016,MUJERES,Industrias manufactureras,Abr - Jun,1040.6623864599999
2016,MUJERES,Industrias manufactureras,May - Jul,1001.4083485066667
2016,MUJERES,Industrias manufactureras,Jun - Ago,1013.9630031799999
2016,MUJERES,Industrias manufactureras,Jul - Sep,983.7607995966667
2016,MUJERES,Industrias manufactureras,Ago - Oct,1042.76197375
2016,MUJERES,Industrias manufactureras,Sep - Nov,1079.83498415
2016,MUJERES,Industrias manufactureras,Oct - Dic,1113.1887189666666
2016,MUJERES,Industrias manufactureras,Nov - Ene,1043.65797968
2016,MUJERES,Industrias manufactureras,Dic - Feb,969.4501636433333
2017,MUJERES,Industrias manufactureras,Ene - Mar,952.73240971
2017,MUJERES,Industrias manufactureras,Feb - Abr,1067.25331963
2017,MUJERES,Industrias manufactureras,Mar - May,1096.0044419966669
2017,MUJERES,Industrias manufactureras,Abr - Jun,1100.4074096966667
2017,MUJERES,Industrias manufactureras,May - Jul,1003.8375367366667
2017,MUJERES,Industrias manufactureras,Jun - Ago,1008.8719373399999
2017,MUJERES,Industrias manufactureras,Jul - Sep,995.4959867399999
2017,MUJERES,Industrias manufactureras,Ago - Oct,1059.8803560666668
2017,MUJERES,Industrias manufactureras,Sep - Nov,1105.1133683333335
2017,MUJERES,Industrias manufactureras,Oct - Dic,1139.7742141
2017,MUJERES,Industrias manufactureras,Nov - Ene,1050.9039600266667
2017,MUJERES,Industrias manufactureras,Dic - Feb,982.88432047
2018,MUJERES,Industrias manufactureras,Ene - Mar,941.95036285
2018,MUJERES,Industrias manufactureras,Feb - Abr,1043.3358793566667
2018,MUJERES,Industrias manufactureras,Mar - May,1062.7275197466668
2018,MUJERES,Industrias manufactureras,Abr - Jun,1080.4241319333332
2018,MUJERES,Industrias manufactureras,May - Jul,1014.6510042666665
2018,MUJERES,Industrias manufactureras,Jun - Ago,1078.5594418333333
2018,MUJERES,Industrias manufactureras,Jul - Sep,1057.4534429133334
2018,MUJERES,Industrias manufactureras,Ago - Oct,1106.9844241466665
2018,MUJERES,Industrias manufactureras,Sep - Nov,1122.0122548466668
2018,MUJERES,Industrias manufactureras,Oct - Dic,1175.5935559333332
2018,MUJERES,Industrias manufactureras,Nov - Ene,1105.61652942
2018,MUJERES,Industrias manufactureras,Dic - Feb,1023.5461428333333
2019,MUJERES,Industrias manufactureras,Ene - Mar,992.8095822333335
2019,MUJERES,Industrias manufactureras,Feb - Abr,1059.1662269800001
2019,MUJERES,Industrias manufactureras,Mar - May,1078.6627717000001
2019,MUJERES,Industrias manufactureras,Abr - Jun,1077.9151819
2019,MUJERES,Industrias manufactureras,May - Jul,1020.1785958166666
2019,MUJERES,Industrias manufactureras,Jun - Ago,991.9315255133333
2019,MUJERES,Industrias manufactureras,Jul - Sep,957.6484949233333
2019,MUJERES,Industrias manufactureras,Ago - Oct,1010.5077003733333
2019,MUJERES,Industrias manufactureras,Sep - Nov,1038.3045394766666
2019,MUJERES,Industrias manufactureras,Oct - Dic,1058.2322651466666
2019,MUJERES,Industrias manufactureras,Nov - Ene,966.31075421
2019,MUJERES,Industrias manufactureras,Dic - Feb,882.34212579
2020,MUJERES,Industrias manufactureras,Ene - Mar,812.8401087466667
2020,MUJERES,Industrias manufactureras,Feb - Abr,778.0966270966666
2020,MUJERES,Industrias manufactureras,Mar - May,739.4983122666666
2020,MUJERES,Industrias manufactureras,Abr - Jun,715.8692909266666
2020,MUJERES,Industrias manufactureras,May - Jul,674.3840736566667
2020,MUJERES,Industrias manufactureras,Jun - Ago,710.4814978999999
2020,MUJERES,Industrias manufactureras,Jul - Sep,749.05981699
2020,MUJERES,Industrias manufactureras,Ago - Oct,864.3648099333333
2020,MUJERES,Industrias manufactureras,Sep - Nov,905.8735778433334
2020,MUJERES,Industrias manufactureras,Oct - Dic,964.5800094233333
2020,MUJERES,Industrias manufactureras,Nov - Ene,892.5328145733333
2020,MUJERES,Industrias manufactureras,Dic - Feb,873.1273063
2021,MUJERES,Industrias manufactureras,Ene - Mar,799.1462064500001
2021,MUJERES,Industrias manufactureras,Feb - Abr,834.69404038
2021,MUJERES,Industrias manufactureras,Mar - May,844.3935925733334
2021,MUJERES,Industrias manufactureras,Abr - Jun,871.82493577
2021,MUJERES,Industrias manufactureras,May - Jul,883.7860783233333
2021,MUJERES,Industrias manufactureras,Jun - Ago,887.2556789566667
2021,MUJERES,Industrias manufactureras,Jul - Sep,888.1788152700001
2021,MUJERES,Industrias manufactureras,Ago - Oct,910.5313405966667
2021,MUJERES,Industrias manufactureras,Sep - Nov,898.96683253
2021,MUJERES,Industrias manufactureras,Oct - Dic,946.7179684366666
2021,MUJERES,Industrias manufactureras,Nov - Ene,917.8663754099999
2021,MUJERES,Industrias manufactureras,Dic - Feb,959.1652131333334
2022,MUJERES,Industrias manufactureras,Ene - Mar,945.8223400366666
2022,MUJERES,Industrias manufactureras,Feb - Abr,965.4554225233333
2022,MUJERES,Industrias manufactureras,Mar - May,947.74194503
2022,MUJERES,Industrias manufactureras,Abr - Jun,915.7984606033333
2022,MUJERES,Industrias manufactureras,May - Jul,943.6671933966667
2022,MUJERES,Industrias manufactureras,Jun - Ago,965.0386026933332
2022,MUJERES,Industrias manufactureras,Jul - Sep,1029.13656095
2022,MUJERES,Industrias manufactureras,Ago - Oct,1030.27247705
2022,MUJERES,Industrias manufactureras,Sep - Nov,1038.7261105
2022,MUJERES,Industrias manufactureras,Oct - Dic,1020.4926131333333
2022,MUJERES,Industrias manufactureras,Nov - Ene,990.5182311566667
2022,MUJERES,Industrias manufactureras,Dic - Feb,969.3957139566666
2023,MUJERES,Industrias manufactureras,Ene - Mar,960.26818251
2023,MUJERES,Industrias manufactureras,Feb - Abr,1011.2614259866667
2023,MUJERES,Industrias manufactureras,Mar - May,1031.62898072
2023,MUJERES,Industrias manufactureras,Abr - Jun,1049.1235977333333
2023,MUJERES,Industrias manufactureras,May - Jul,1057.9652163
2023,MUJERES,Industrias manufactureras,Jun - Ago,1052.3668914666666
2023,MUJERES,Industrias manufactureras,Jul - Sep,1052.8774674
2023,MUJERES,Industrias manufactureras,Ago - Oct,1022.6014200333334
2023,MUJERES,Industrias manufactureras,Sep - Nov,999.8139399566667
2023,MUJERES,Industrias manufactureras,Oct - Dic,980.2310947066667
2023,MUJERES,Industrias manufactureras,Nov - Ene,944.1518708899999
2023,MUJERES,Industrias manufactureras,Dic - Feb,986.3302191333333
2024,MUJERES,Industrias manufactureras,Ene - Mar,1016.3970188833333
2024,MUJERES,Industrias manufactureras,Feb - Abr,1054.6866256666667
2024,MUJERES,Industrias manufactureras,Mar - May,1069.5832689000001
2024,MUJERES,Industrias manufactureras,Abr - Jun,1048.4659121
2024,MUJERES,Industrias manufactureras,May - Jul,1062.5104091
2024,MUJERES,Industrias manufactureras,Jun - Ago,1046.6974168
2024,MUJERES,Industrias manufactureras,Jul - Sep,1035.83378529
2024,MUJERES,Industrias manufactureras,Ago - Oct,1046.40908379
2024,MUJERES,Industrias manufactureras,Sep - Nov,1046.6256117566666
2024,MUJERES,Industrias manufactureras,Oct - Dic,1070.4579757000001
2024,MUJERES,Industrias manufactureras,Nov - Ene,1025.0128008166666
2024,MUJERES,Industrias manufactureras,Dic - Feb,1043.8147293833333
2025,MUJERES,Industrias manufactureras,Ene - Mar,1076.6740563833334
2025,MUJERES,Industrias manufactureras,Feb - Abr,1106.9691967333333
2025,MUJERES,Industrias manufactureras,Mar - May,1065.5990105399999
2025,MUJERES,Industrias manufactureras,Abr - Jun,1100.49932054
2025,MUJERES,Industrias manufactureras,May - Jul,1099.3046236066668
2025,MUJERES,Industrias manufactureras,Jun - Ago,1112.2344798333334
2025,MUJERES,Industrias manufactureras,Jul - Sep,1066.7528424666668
2025,MUJERES,Industrias manufactureras,Ago - Oct,1077.6793008
2025,MUJERES,Industrias manufactureras,Sep - Nov,1089.4190479000001
2025,MUJERES,Industrias manufactureras,Oct - Dic,1128.0118061666665
2025,MUJERES,Industrias manufactureras,Nov - Ene,1137.6702569666668
2025,MUJERES,Industrias manufactureras,Dic - Feb,1161.6042421
2026,MUJERES,Industrias manufactureras,Ene - Mar,1098.7447950666667
2026,MUJERES,Industrias manufactureras,Feb - Abr,1097.0258607333333
2026,MUJERES,Industrias manufactureras,Mar - May,1076.4611261666666
2026,MUJERES,Industrias manufactureras,Abr - Jun,1118.7476001000002
2015,MUJERES,"Suministro de electricidad gas, agua y gestión de desechos",Ene - Mar,41.79767911233333
2015,MUJERES,"Suministro de electricidad gas, agua y gestión de desechos",Feb - Abr,43.036914459
2015,MUJERES,"Suministro de electricidad gas, agua y gestión de desechos",Mar - May,37.86284171133334
2015,MUJERES,"Suministro de electricidad gas, agua y gestión de desechos",Abr - Jun,38.44220571433333
2015,MUJERES,"Suministro de electricidad gas, agua y gestión de desechos",May - Jul,36.988349907999996
2015,MUJERES,"Suministro de electricidad gas, agua y gestión de desechos",Jun - Ago,35.081297586999995
2015,MUJERES,"Suministro de electricidad gas, agua y gestión de desechos",Jul - Sep,36.678796131000006
2015,MUJERES,"Suministro de electricidad gas, agua y gestión de desechos",Ago - Oct,34.82249751933333
2015,MUJERES,"Suministro de electricidad gas, agua y gestión de desechos",Sep - Nov,40.67494327133334
2015,MUJERES,"Suministro de electricidad gas, agua y gestión de desechos",Oct - Dic,46.77300359966667
2015,MUJERES,"Suministro de electricidad gas, agua y gestión de desechos",Nov - Ene,46.091785476333335
2015,MUJERES,"Suministro de electricidad gas, agua y gestión de desechos",Dic - Feb,38.024244579333335
2016,MUJERES,"Suministro de electricidad gas, agua y gestión de desechos",Ene - Mar,29.441221265666666
2016,MUJERES,"Suministro de electricidad gas, agua y gestión de desechos",Feb - Abr,30.363516668666666
2016,MUJERES,"Suministro de electricidad gas, agua y gestión de desechos",Mar - May,29.942631507666665
2016,MUJERES,"Suministro de electricidad gas, agua y gestión de desechos",Abr - Jun,33.475712912666665
2016,MUJERES,"Suministro de electricidad gas, agua y gestión de desechos",May - Jul,34.06034746433333
2016,MUJERES,"Suministro de electricidad gas, agua y gestión de desechos",Jun - Ago,34.841009971
2016,MUJERES,"Suministro de electricidad gas, agua y gestión de desechos",Jul - Sep,32.882619340333335
2016,MUJERES,"Suministro de electricidad gas, agua y gestión de desechos",Ago - Oct,38.988861582
2016,MUJERES,"Suministro de electricidad gas, agua y gestión de desechos",Sep - Nov,43.844941293333335
2016,MUJERES,"Suministro de electricidad gas, agua y gestión de desechos",Oct - Dic,48.555631256
2016,MUJERES,"Suministro de electricidad gas, agua y gestión de desechos",Nov - Ene,44.24829474733334
2016,MUJERES,"Suministro de electricidad gas, agua y gestión de desechos",Dic - Feb,40.21868043966666
2017,MUJERES,"Suministro de electricidad gas, agua y gestión de desechos",Ene - Mar,34.155170687
2017,MUJERES,"Suministro de electricidad gas, agua y gestión de desechos",Feb - Abr,36.980020988999996
2017,MUJERES,"Suministro de electricidad gas, agua y gestión de desechos",Mar - May,42.37164922633334
2017,MUJERES,"Suministro de electricidad gas, agua y gestión de desechos",Abr - Jun,43.76706767733333
2017,MUJERES,"Suministro de electricidad gas, agua y gestión de desechos",May - Jul,41.284571865
2017,MUJERES,"Suministro de electricidad gas, agua y gestión de desechos",Jun - Ago,49.094256354
2017,MUJERES,"Suministro de electricidad gas, agua y gestión de desechos",Jul - Sep,50.52290383599999
2017,MUJERES,"Suministro de electricidad gas, agua y gestión de desechos",Ago - Oct,47.63973937466667
2017,MUJERES,"Suministro de electricidad gas, agua y gestión de desechos",Sep - Nov,36.725788759000004
2017,MUJERES,"Suministro de electricidad gas, agua y gestión de desechos",Oct - Dic,40.46449832
2017,MUJERES,"Suministro de electricidad gas, agua y gestión de desechos",Nov - Ene,45.93558459966667
2017,MUJERES,"Suministro de electricidad gas, agua y gestión de desechos",Dic - Feb,44.724788520000004
2018,MUJERES,"Suministro de electricidad gas, agua y gestión de desechos",Ene - Mar,42.482017469666665
2018,MUJERES,"Suministro de electricidad gas, agua y gestión de desechos",Feb - Abr,38.00227915333333
2018,MUJERES,"Suministro de electricidad gas, agua y gestión de desechos",Mar - May,41.621642019333336
2018,MUJERES,"Suministro de electricidad gas, agua y gestión de desechos",Abr - Jun,39.067130981
2018,MUJERES,"Suministro de electricidad gas, agua y gestión de desechos",May - Jul,44.75895210033334
2018,MUJERES,"Suministro de electricidad gas, agua y gestión de desechos",Jun - Ago,46.26960205166667
2018,MUJERES,"Suministro de electricidad gas, agua y gestión de desechos",Jul - Sep,42.18371067533334
2018,MUJERES,"Suministro de electricidad gas, agua y gestión de desechos",Ago - Oct,44.03748478166667
2018,MUJERES,"Suministro de electricidad gas, agua y gestión de desechos",Sep - Nov,45.25449762533333
2018,MUJERES,"Suministro de electricidad gas, agua y gestión de desechos",Oct - Dic,50.825333965999995
2018,MUJERES,"Suministro de electricidad gas, agua y gestión de desechos",Nov - Ene,44.230003044
2018,MUJERES,"Suministro de electricidad gas, agua y gestión de desechos",Dic - Feb,36.96962378633334
2019,MUJERES,"Suministro de electricidad gas, agua y gestión de desechos",Ene - Mar,32.13044882833333
2019,MUJERES,"Suministro de electricidad gas, agua y gestión de desechos",Feb - Abr,32.135563198
2019,MUJERES,"Suministro de electricidad gas, agua y gestión de desechos",Mar - May,37.360330539333326
2019,MUJERES,"Suministro de electricidad gas, agua y gestión de desechos",Abr - Jun,37.24603795666666
2019,MUJERES,"Suministro de electricidad gas, agua y gestión de desechos",May - Jul,38.752410156
2019,MUJERES,"Suministro de electricidad gas, agua y gestión de desechos",Jun - Ago,35.46259432
2019,MUJERES,"Suministro de electricidad gas, agua y gestión de desechos",Jul - Sep,46.34195135033334
2019,MUJERES,"Suministro de electricidad gas, agua y gestión de desechos",Ago - Oct,44.350287772
2019,MUJERES,"Suministro de electricidad gas, agua y gestión de desechos",Sep - Nov,51.814543055
2019,MUJERES,"Suministro de electricidad gas, agua y gestión de desechos",Oct - Dic,45.41401067966666
2019,MUJERES,"Suministro de electricidad gas, agua y gestión de desechos",Nov - Ene,50.467893970666665
2019,MUJERES,"Suministro de electricidad gas, agua y gestión de desechos",Dic - Feb,52.134697037
2020,MUJERES,"Suministro de electricidad gas, agua y gestión de desechos",Ene - Mar,55.094933827666665
2020,MUJERES,"Suministro de electricidad gas, agua y gestión de desechos",Feb - Abr,54.77849028566667
2020,MUJERES,"Suministro de electricidad gas, agua y gestión de desechos",Mar - May,50.17253595066666
2020,MUJERES,"Suministro de electricidad gas, agua y gestión de desechos",Abr - Jun,53.066176753
2020,MUJERES,"Suministro de electricidad gas, agua y gestión de desechos",May - Jul,54.654841573666666
2020,MUJERES,"Suministro de electricidad gas, agua y gestión de desechos",Jun - Ago,57.15398646166667
2020,MUJERES,"Suministro de electricidad gas, agua y gestión de desechos",Jul - Sep,59.52417312066667
2020,MUJERES,"Suministro de electricidad gas, agua y gestión de desechos",Ago - Oct,62.47318691633334
2020,MUJERES,"Suministro de electricidad gas, agua y gestión de desechos",Sep - Nov,61.49943970066667
2020,MUJERES,"Suministro de electricidad gas, agua y gestión de desechos",Oct - Dic,57.34151066566667
2020,MUJERES,"Suministro de electricidad gas, agua y gestión de desechos",Nov - Ene,51.975678245666664
2020,MUJERES,"Suministro de electricidad gas, agua y gestión de desechos",Dic - Feb,46.97158657733333
2021,MUJERES,"Suministro de electricidad gas, agua y gestión de desechos",Ene - Mar,50.522229061
2021,MUJERES,"Suministro de electricidad gas, agua y gestión de desechos",Feb - Abr,54.07270507266666
2021,MUJERES,"Suministro de electricidad gas, agua y gestión de desechos",Mar - May,65.58555117466666
2021,MUJERES,"Suministro de electricidad gas, agua y gestión de desechos",Abr - Jun,69.00920401533334
2021,MUJERES,"Suministro de electricidad gas, agua y gestión de desechos",May - Jul,70.05808853333333
2021,MUJERES,"Suministro de electricidad gas, agua y gestión de desechos",Jun - Ago,74.659961911
2021,MUJERES,"Suministro de electricidad gas, agua y gestión de desechos",Jul - Sep,80.732089183
2021,MUJERES,"Suministro de electricidad gas, agua y gestión de desechos",Ago - Oct,84.830557364
2021,MUJERES,"Suministro de electricidad gas, agua y gestión de desechos",Sep - Nov,72.92252230266666
2021,MUJERES,"Suministro de electricidad gas, agua y gestión de desechos",Oct - Dic,68.24225814233334
2021,MUJERES,"Suministro de electricidad gas, agua y gestión de desechos",Nov - Ene,71.36774206866666
2021,MUJERES,"Suministro de electricidad gas, agua y gestión de desechos",Dic - Feb,76.80434224766667
2022,MUJERES,"Suministro de electricidad gas, agua y gestión de desechos",Ene - Mar,79.09179303266667
2022,MUJERES,"Suministro de electricidad gas, agua y gestión de desechos",Feb - Abr,83.192570732
2022,MUJERES,"Suministro de electricidad gas, agua y gestión de desechos",Mar - May,85.658994457
2022,MUJERES,"Suministro de electricidad gas, agua y gestión de desechos",Abr - Jun,78.51995219666667
2022,MUJERES,"Suministro de electricidad gas, agua y gestión de desechos",May - Jul,72.898615184
2022,MUJERES,"Suministro de electricidad gas, agua y gestión de desechos",Jun - Ago,74.65606740333334
2022,MUJERES,"Suministro de electricidad gas, agua y gestión de desechos",Jul - Sep,87.56360128266665
2022,MUJERES,"Suministro de electricidad gas, agua y gestión de desechos",Ago - Oct,89.45295810766667
2022,MUJERES,"Suministro de electricidad gas, agua y gestión de desechos",Sep - Nov,80.20199797966667
2022,MUJERES,"Suministro de electricidad gas, agua y gestión de desechos",Oct - Dic,68.33632104600001
2022,MUJERES,"Suministro de electricidad gas, agua y gestión de desechos",Nov - Ene,74.26081116166667
2022,MUJERES,"Suministro de electricidad gas, agua y gestión de desechos",Dic - Feb,82.66117484966666
2023,MUJERES,"Suministro de electricidad gas, agua y gestión de desechos",Ene - Mar,82.843848146
2023,MUJERES,"Suministro de electricidad gas, agua y gestión de desechos",Feb - Abr,74.00851822933333
2023,MUJERES,"Suministro de electricidad gas, agua y gestión de desechos",Mar - May,72.11614014733334
2023,MUJERES,"Suministro de electricidad gas, agua y gestión de desechos",Abr - Jun,75.59808139266666
2023,MUJERES,"Suministro de electricidad gas, agua y gestión de desechos",May - Jul,88.791175356
2023,MUJERES,"Suministro de electricidad gas, agua y gestión de desechos",Jun - Ago,94.601678446
2023,MUJERES,"Suministro de electricidad gas, agua y gestión de desechos",Jul - Sep,96.44547706933332
2023,MUJERES,"Suministro de electricidad gas, agua y gestión de desechos",Ago - Oct,84.97597278799999
2023,MUJERES,"Suministro de electricidad gas, agua y gestión de desechos",Sep - Nov,78.523817774
2023,MUJERES,"Suministro de electricidad gas, agua y gestión de desechos",Oct - Dic,72.23629408466667
2023,MUJERES,"Suministro de electricidad gas, agua y gestión de desechos",Nov - Ene,71.12190207133334
2023,MUJERES,"Suministro de electricidad gas, agua y gestión de desechos",Dic - Feb,74.67314065699999
2024,MUJERES,"Suministro de electricidad gas, agua y gestión de desechos",Ene - Mar,75.35255878133334
2024,MUJERES,"Suministro de electricidad gas, agua y gestión de desechos",Feb - Abr,68.50528558866667
2024,MUJERES,"Suministro de electricidad gas, agua y gestión de desechos",Mar - May,66.068677553
2024,MUJERES,"Suministro de electricidad gas, agua y gestión de desechos",Abr - Jun,72.59187408666666
2024,MUJERES,"Suministro de electricidad gas, agua y gestión de desechos",May - Jul,92.35021459400001
2024,MUJERES,"Suministro de electricidad gas, agua y gestión de desechos",Jun - Ago,95.56835790166667
2024,MUJERES,"Suministro de electricidad gas, agua y gestión de desechos",Jul - Sep,95.97761146
2024,MUJERES,"Suministro de electricidad gas, agua y gestión de desechos",Ago - Oct,89.9282172
2024,MUJERES,"Suministro de electricidad gas, agua y gestión de desechos",Sep - Nov,80.786189427
2024,MUJERES,"Suministro de electricidad gas, agua y gestión de desechos",Oct - Dic,79.13257281033333
2024,MUJERES,"Suministro de electricidad gas, agua y gestión de desechos",Nov - Ene,70.28006690366668
2024,MUJERES,"Suministro de electricidad gas, agua y gestión de desechos",Dic - Feb,77.467802197
2025,MUJERES,"Suministro de electricidad gas, agua y gestión de desechos",Ene - Mar,82.60321767800001
2025,MUJERES,"Suministro de electricidad gas, agua y gestión de desechos",Feb - Abr,79.19150798
2025,MUJERES,"Suministro de electricidad gas, agua y gestión de desechos",Mar - May,74.86850845333333
2025,MUJERES,"Suministro de electricidad gas, agua y gestión de desechos",Abr - Jun,74.23753506633334
2025,MUJERES,"Suministro de electricidad gas, agua y gestión de desechos",May - Jul,85.86641977133333
2025,MUJERES,"Suministro de electricidad gas, agua y gestión de desechos",Jun - Ago,84.61734916433333
2025,MUJERES,"Suministro de electricidad gas, agua y gestión de desechos",Jul - Sep,82.16272874166667
2025,MUJERES,"Suministro de electricidad gas, agua y gestión de desechos",Ago - Oct,74.02841341766667
2025,MUJERES,"Suministro de electricidad gas, agua y gestión de desechos",Sep - Nov,77.518857313
2025,MUJERES,"Suministro de electricidad gas, agua y gestión de desechos",Oct - Dic,67.909402485
2025,MUJERES,"Suministro de electricidad gas, agua y gestión de desechos",Nov - Ene,69.62619405333334
2025,MUJERES,"Suministro de electricidad gas, agua y gestión de desechos",Dic - Feb,72.53993357633334
2026,MUJERES,"Suministro de electricidad gas, agua y gestión de desechos",Ene - Mar,89.73299099133334
2026,MUJERES,"Suministro de electricidad gas, agua y gestión de desechos",Feb - Abr,83.69897824933334
2026,MUJERES,"Suministro de electricidad gas, agua y gestión de desechos",Mar - May,89.16465583166666
2026,MUJERES,"Suministro de electricidad gas, agua y gestión de desechos",Abr - Jun,78.78204625233333
2015,MUJERES,Construcción,Ene - Mar,75.270447645
2015,MUJERES,Construcción,Feb - Abr,71.922629266
2015,MUJERES,Construcción,Mar - May,83.80518914599999
2015,MUJERES,Construcción,Abr - Jun,91.59892497333334
2015,MUJERES,Construcción,May - Jul,92.51453987033334
2015,MUJERES,Construcción,Jun - Ago,90.05977065566667
2015,MUJERES,Construcción,Jul - Sep,85.96178042033334
2015,MUJERES,Construcción,Ago - Oct,88.91227185566667
2015,MUJERES,Construcción,Sep - Nov,81.59709811166665
2015,MUJERES,Construcción,Oct - Dic,82.41858934433333
2015,MUJERES,Construcción,Nov - Ene,81.44263027233333
2015,MUJERES,Construcción,Dic - Feb,90.274466766
2016,MUJERES,Construcción,Ene - Mar,81.43126912233333
2016,MUJERES,Construcción,Feb - Abr,78.06069570133333
2016,MUJERES,Construcción,Mar - May,76.22719507566667
2016,MUJERES,Construcción,Abr - Jun,79.394267288
2016,MUJERES,Construcción,May - Jul,82.38646581066666
2016,MUJERES,Construcción,Jun - Ago,80.782727988
2016,MUJERES,Construcción,Jul - Sep,94.77056776533334
2016,MUJERES,Construcción,Ago - Oct,92.22120932899999
2016,MUJERES,Construcción,Sep - Nov,99.98542892333334
2016,MUJERES,Construcción,Oct - Dic,91.84427367666667
2016,MUJERES,Construcción,Nov - Ene,105.24511459666667
2016,MUJERES,Construcción,Dic - Feb,95.96179019433333
2017,MUJERES,Construcción,Ene - Mar,105.384650401
2017,MUJERES,Construcción,Feb - Abr,95.67748757466666
2017,MUJERES,Construcción,Mar - May,93.07657737966667
2017,MUJERES,Construcción,Abr - Jun,85.502819272
2017,MUJERES,Construcción,May - Jul,81.86751575966666
2017,MUJERES,Construcción,Jun - Ago,85.225589852
2017,MUJERES,Construcción,Jul - Sep,75.95839680833333
2017,MUJERES,Construcción,Ago - Oct,81.41502728366667
2017,MUJERES,Construcción,Sep - Nov,84.98412258466668
2017,MUJERES,Construcción,Oct - Dic,90.61407454366667
2017,MUJERES,Construcción,Nov - Ene,90.50826634166667
2017,MUJERES,Construcción,Dic - Feb,82.94168843666667
2018,MUJERES,Construcción,Ene - Mar,83.779164357
2018,MUJERES,Construcción,Feb - Abr,76.85759537566666
2018,MUJERES,Construcción,Mar - May,82.494427528
2018,MUJERES,Construcción,Abr - Jun,83.300608389
2018,MUJERES,Construcción,May - Jul,91.770687974
2018,MUJERES,Construcción,Jun - Ago,93.46548587833333
2018,MUJERES,Construcción,Jul - Sep,92.32971274666666
2018,MUJERES,Construcción,Ago - Oct,91.501023282
2018,MUJERES,Construcción,Sep - Nov,85.61949048833333
2018,MUJERES,Construcción,Oct - Dic,76.46051047966667
2018,MUJERES,Construcción,Nov - Ene,70.53921793833332
2018,MUJERES,Construcción,Dic - Feb,71.96825354799999
2019,MUJERES,Construcción,Ene - Mar,78.044323401
2019,MUJERES,Construcción,Feb - Abr,80.46064603333333
2019,MUJERES,Construcción,Mar - May,78.87086365833333
2019,MUJERES,Construcción,Abr - Jun,79.69897313233334
2019,MUJERES,Construcción,May - Jul,79.27380389566666
2019,MUJERES,Construcción,Jun - Ago,85.58846263233333
2019,MUJERES,Construcción,Jul - Sep,95.28995794000001
2019,MUJERES,Construcción,Ago - Oct,98.92383784900001
2019,MUJERES,Construcción,Sep - Nov,93.49548377633334
2019,MUJERES,Construcción,Oct - Dic,86.33314856999999
2019,MUJERES,Construcción,Nov - Ene,83.31426328533333
2019,MUJERES,Construcción,Dic - Feb,90.22150835933333
2020,MUJERES,Construcción,Ene - Mar,84.12075511266667
2020,MUJERES,Construcción,Feb - Abr,78.94566263666667
2020,MUJERES,Construcción,Mar - May,68.36523774800001
2020,MUJERES,Construcción,Abr - Jun,65.52751976666667
2020,MUJERES,Construcción,May - Jul,76.58079429033334
2020,MUJERES,Construcción,Jun - Ago,83.845783175
2020,MUJERES,Construcción,Jul - Sep,88.21823064866668
2020,MUJERES,Construcción,Ago - Oct,85.58199484400001
2020,MUJERES,Construcción,Sep - Nov,85.92087811533334
2020,MUJERES,Construcción,Oct - Dic,89.300540182
2020,MUJERES,Construcción,Nov - Ene,81.13782505533332
2020,MUJERES,Construcción,Dic - Feb,81.27320116666668
2021,MUJERES,Construcción,Ene - Mar,104.55161526066667
2021,MUJERES,Construcción,Feb - Abr,112.686418921
2021,MUJERES,Construcción,Mar - May,108.585235829
2021,MUJERES,Construcción,Abr - Jun,88.742424577
2021,MUJERES,Construcción,May - Jul,84.25284560066666
2021,MUJERES,Construcción,Jun - Ago,85.27268242166666
2021,MUJERES,Construcción,Jul - Sep,82.63784627733332
2021,MUJERES,Construcción,Ago - Oct,91.36459920133332
2021,MUJERES,Construcción,Sep - Nov,103.29108423366665
2021,MUJERES,Construcción,Oct - Dic,109.06199620666666
2021,MUJERES,Construcción,Nov - Ene,112.97338322
2021,MUJERES,Construcción,Dic - Feb,102.45258843200001
2022,MUJERES,Construcción,Ene - Mar,106.59417799199998
2022,MUJERES,Construcción,Feb - Abr,110.31763058199999
2022,MUJERES,Construcción,Mar - May,116.27773142000001
2022,MUJERES,Construcción,Abr - Jun,112.47808651999999
2022,MUJERES,Construcción,May - Jul,95.20896687266666
2022,MUJERES,Construcción,Jun - Ago,109.01361157933331
2022,MUJERES,Construcción,Jul - Sep,113.19440449266666
2022,MUJERES,Construcción,Ago - Oct,122.23469011000002
2022,MUJERES,Construcción,Sep - Nov,109.04063613333335
2022,MUJERES,Construcción,Oct - Dic,105.66207719
2022,MUJERES,Construcción,Nov - Ene,99.01048713366667
2022,MUJERES,Construcción,Dic - Feb,95.93518903
2023,MUJERES,Construcción,Ene - Mar,88.55246904
2023,MUJERES,Construcción,Feb - Abr,102.44430960966667
2023,MUJERES,Construcción,Mar - May,95.96656972266665
2023,MUJERES,Construcción,Abr - Jun,101.42779703933333
2023,MUJERES,Construcción,May - Jul,103.47500663599999
2023,MUJERES,Construcción,Jun - Ago,130.63223571666666
2023,MUJERES,Construcción,Jul - Sep,137.07605709666666
2023,MUJERES,Construcción,Ago - Oct,133.04714094666667
2023,MUJERES,Construcción,Sep - Nov,126.10161648333333
2023,MUJERES,Construcción,Oct - Dic,118.47173483333331
2023,MUJERES,Construcción,Nov - Ene,109.67328863566667
2023,MUJERES,Construcción,Dic - Feb,95.979197168
2024,MUJERES,Construcción,Ene - Mar,89.77227515733334
2024,MUJERES,Construcción,Feb - Abr,105.87705220166667
2024,MUJERES,Construcción,Mar - May,111.41521238266667
2024,MUJERES,Construcción,Abr - Jun,120.08077580666668
2024,MUJERES,Construcción,May - Jul,106.61504628333334
2024,MUJERES,Construcción,Jun - Ago,110.09338765333332
2024,MUJERES,Construcción,Jul - Sep,109.23294520666667
2024,MUJERES,Construcción,Ago - Oct,105.87669391933333
2024,MUJERES,Construcción,Sep - Nov,99.53150759266667
2024,MUJERES,Construcción,Oct - Dic,98.686832106
2024,MUJERES,Construcción,Nov - Ene,98.14719915033334
2024,MUJERES,Construcción,Dic - Feb,99.49882518033333
2025,MUJERES,Construcción,Ene - Mar,105.94851113033333
2025,MUJERES,Construcción,Feb - Abr,116.88967886666667
2025,MUJERES,Construcción,Mar - May,113.86405631066667
2025,MUJERES,Construcción,Abr - Jun,102.25546504333333
2025,MUJERES,Construcción,May - Jul,108.93452529333335
2025,MUJERES,Construcción,Jun - Ago,121.247504966
2025,MUJERES,Construcción,Jul - Sep,127.02170740333334
2025,MUJERES,Construcción,Ago - Oct,116.3770417
2025,MUJERES,Construcción,Sep - Nov,102.10277214533333
2025,MUJERES,Construcción,Oct - Dic,105.79042642533334
2025,MUJERES,Construcción,Nov - Ene,94.01832988866666
2025,MUJERES,Construcción,Dic - Feb,100.06676728000001
2026,MUJERES,Construcción,Ene - Mar,98.16054069
2026,MUJERES,Construcción,Feb - Abr,118.49760056999999
2026,MUJERES,Construcción,Mar - May,117.56640408333334
2026,MUJERES,Construcción,Abr - Jun,116.74496421333333
2015,MUJERES,Comercio y reparación de vehículos,Ene - Mar,1764.8170952
2015,MUJERES,Comercio y reparación de vehículos,Feb - Abr,1789.8129757666666
2015,MUJERES,Comercio y reparación de vehículos,Mar - May,1822.4528203333332
2015,MUJERES,Comercio y reparación de vehículos,Abr - Jun,1821.3560866999999
2015,MUJERES,Comercio y reparación de vehículos,May - Jul,1780.4347814
2015,MUJERES,Comercio y reparación de vehículos,Jun - Ago,1800.9385656666666
2015,MUJERES,Comercio y reparación de vehículos,Jul - Sep,1843.1622925
2015,MUJERES,Comercio y reparación de vehículos,Ago - Oct,1893.6848596333332
2015,MUJERES,Comercio y reparación de vehículos,Sep - Nov,1922.3185506666666
2015,MUJERES,Comercio y reparación de vehículos,Oct - Dic,1946.5748080666665
2015,MUJERES,Comercio y reparación de vehículos,Nov - Ene,1944.6645064000002
2015,MUJERES,Comercio y reparación de vehículos,Dic - Feb,1887.1317787333335
2016,MUJERES,Comercio y reparación de vehículos,Ene - Mar,1832.5988326666666
2016,MUJERES,Comercio y reparación de vehículos,Feb - Abr,1819.2617865333334
2016,MUJERES,Comercio y reparación de vehículos,Mar - May,1819.446134
2016,MUJERES,Comercio y reparación de vehículos,Abr - Jun,1876.9722224999998
2016,MUJERES,Comercio y reparación de vehículos,May - Jul,1885.5436034666666
2016,MUJERES,Comercio y reparación de vehículos,Jun - Ago,1923.9019986
2016,MUJERES,Comercio y reparación de vehículos,Jul - Sep,1914.7908747666668
2016,MUJERES,Comercio y reparación de vehículos,Ago - Oct,1939.9124885
2016,MUJERES,Comercio y reparación de vehículos,Sep - Nov,1940.8628770000003
2016,MUJERES,Comercio y reparación de vehículos,Oct - Dic,1927.4054851
2016,MUJERES,Comercio y reparación de vehículos,Nov - Ene,1925.7016941333334
2016,MUJERES,Comercio y reparación de vehículos,Dic - Feb,1922.3445419
2017,MUJERES,Comercio y reparación de vehículos,Ene - Mar,1907.3093290999998
2017,MUJERES,Comercio y reparación de vehículos,Feb - Abr,1853.6472227333334
2017,MUJERES,Comercio y reparación de vehículos,Mar - May,1832.5523116333334
2017,MUJERES,Comercio y reparación de vehículos,Abr - Jun,1832.7647228333335
2017,MUJERES,Comercio y reparación de vehículos,May - Jul,1857.8566994333335
2017,MUJERES,Comercio y reparación de vehículos,Jun - Ago,1861.6657668666667
2017,MUJERES,Comercio y reparación de vehículos,Jul - Sep,1836.1036549
2017,MUJERES,Comercio y reparación de vehículos,Ago - Oct,1892.4861233333331
2017,MUJERES,Comercio y reparación de vehículos,Sep - Nov,1912.0653496333334
2017,MUJERES,Comercio y reparación de vehículos,Oct - Dic,1925.6269220333334
2017,MUJERES,Comercio y reparación de vehículos,Nov - Ene,1836.1819122666666
2017,MUJERES,Comercio y reparación de vehículos,Dic - Feb,1791.326542
2018,MUJERES,Comercio y reparación de vehículos,Ene - Mar,1749.1937846666667
2018,MUJERES,Comercio y reparación de vehículos,Feb - Abr,1819.9122187
2018,MUJERES,Comercio y reparación de vehículos,Mar - May,1859.2500746666667
2018,MUJERES,Comercio y reparación de vehículos,Abr - Jun,1909.9405925666667
2018,MUJERES,Comercio y reparación de vehículos,May - Jul,1862.011410633333
2018,MUJERES,Comercio y reparación de vehículos,Jun - Ago,1849.5889544000001
2018,MUJERES,Comercio y reparación de vehículos,Jul - Sep,1894.3899844333334
2018,MUJERES,Comercio y reparación de vehículos,Ago - Oct,1936.2779006666667
2018,MUJERES,Comercio y reparación de vehículos,Sep - Nov,1919.9537592666668
2018,MUJERES,Comercio y reparación de vehículos,Oct - Dic,1857.2659334333332
2018,MUJERES,Comercio y reparación de vehículos,Nov - Ene,1826.9590439666665
2018,MUJERES,Comercio y reparación de vehículos,Dic - Feb,1856.8636457666664
2019,MUJERES,Comercio y reparación de vehículos,Ene - Mar,1856.2151594333334
2019,MUJERES,Comercio y reparación de vehículos,Feb - Abr,1838.3842687666665
2019,MUJERES,Comercio y reparación de vehículos,Mar - May,1823.4350122333333
2019,MUJERES,Comercio y reparación de vehículos,Abr - Jun,1836.8645641666665
2019,MUJERES,Comercio y reparación de vehículos,May - Jul,1844.4892290333335
2019,MUJERES,Comercio y reparación de vehículos,Jun - Ago,1847.5138785666668
2019,MUJERES,Comercio y reparación de vehículos,Jul - Sep,1825.7266587666666
2019,MUJERES,Comercio y reparación de vehículos,Ago - Oct,1845.0910743000002
2019,MUJERES,Comercio y reparación de vehículos,Sep - Nov,1857.8664972666666
2019,MUJERES,Comercio y reparación de vehículos,Oct - Dic,1921.6179184
2019,MUJERES,Comercio y reparación de vehículos,Nov - Ene,1863.186143
2019,MUJERES,Comercio y reparación de vehículos,Dic - Feb,1823.8459401
2020,MUJERES,Comercio y reparación de vehículos,Ene - Mar,1722.852141333333
2020,MUJERES,Comercio y reparación de vehículos,Feb - Abr,1596.2951266333332
2020,MUJERES,Comercio y reparación de vehículos,Mar - May,1474.2374303
2020,MUJERES,Comercio y reparación de vehículos,Abr - Jun,1443.9822816333333
2020,MUJERES,Comercio y reparación de vehículos,May - Jul,1450.8232924666665
2020,MUJERES,Comercio y reparación de vehículos,Jun - Ago,1506.9271946999997
2020,MUJERES,Comercio y reparación de vehículos,Jul - Sep,1540.1243160333333
2020,MUJERES,Comercio y reparación de vehículos,Ago - Oct,1672.1222304
2020,MUJERES,Comercio y reparación de vehículos,Sep - Nov,1734.4714338333333
2020,MUJERES,Comercio y reparación de vehículos,Oct - Dic,1795.2148805333334
2020,MUJERES,Comercio y reparación de vehículos,Nov - Ene,1756.1589260666667
2020,MUJERES,Comercio y reparación de vehículos,Dic - Feb,1726.7079419333334
2021,MUJERES,Comercio y reparación de vehículos,Ene - Mar,1644.8442747666668
2021,MUJERES,Comercio y reparación de vehículos,Feb - Abr,1634.2837634
2021,MUJERES,Comercio y reparación de vehículos,Mar - May,1604.4953680666667
2021,MUJERES,Comercio y reparación de vehículos,Abr - Jun,1605.4050859
2021,MUJERES,Comercio y reparación de vehículos,May - Jul,1595.6347129666667
2021,MUJERES,Comercio y reparación de vehículos,Jun - Ago,1625.8689021333332
2021,MUJERES,Comercio y reparación de vehículos,Jul - Sep,1610.9191591000001
2021,MUJERES,Comercio y reparación de vehículos,Ago - Oct,1638.9740624666665
2021,MUJERES,Comercio y reparación de vehículos,Sep - Nov,1678.1689479
2021,MUJERES,Comercio y reparación de vehículos,Oct - Dic,1761.2506097666665
2021,MUJERES,Comercio y reparación de vehículos,Nov - Ene,1813.1982077333332
2021,MUJERES,Comercio y reparación de vehículos,Dic - Feb,1818.1872342999998
2022,MUJERES,Comercio y reparación de vehículos,Ene - Mar,1817.8754549333335
2022,MUJERES,Comercio y reparación de vehículos,Feb - Abr,1823.4018185000002
2022,MUJERES,Comercio y reparación de vehículos,Mar - May,1793.0817423333335
2022,MUJERES,Comercio y reparación de vehículos,Abr - Jun,1800.2952392333334
2022,MUJERES,Comercio y reparación de vehículos,May - Jul,1771.1437108666667
2022,MUJERES,Comercio y reparación de vehículos,Jun - Ago,1837.6824297666665
2022,MUJERES,Comercio y reparación de vehículos,Jul - Sep,1826.0044828
2022,MUJERES,Comercio y reparación de vehículos,Ago - Oct,1891.4114205666667
2022,MUJERES,Comercio y reparación de vehículos,Sep - Nov,1885.0456556999998
2022,MUJERES,Comercio y reparación de vehículos,Oct - Dic,1898.0868451333333
2022,MUJERES,Comercio y reparación de vehículos,Nov - Ene,1829.1601395
2022,MUJERES,Comercio y reparación de vehículos,Dic - Feb,1830.9320680333333
2023,MUJERES,Comercio y reparación de vehículos,Ene - Mar,1811.0886189666664
2023,MUJERES,Comercio y reparación de vehículos,Feb - Abr,1839.0097673999999
2023,MUJERES,Comercio y reparación de vehículos,Mar - May,1851.0032968000003
2023,MUJERES,Comercio y reparación de vehículos,Abr - Jun,1876.5736783666669
2023,MUJERES,Comercio y reparación de vehículos,May - Jul,1900.3146286666667
2023,MUJERES,Comercio y reparación de vehículos,Jun - Ago,1845.8749553999999
2023,MUJERES,Comercio y reparación de vehículos,Jul - Sep,1852.467339
2023,MUJERES,Comercio y reparación de vehículos,Ago - Oct,1862.396055233333
2023,MUJERES,Comercio y reparación de vehículos,Sep - Nov,1891.3298243000002
2023,MUJERES,Comercio y reparación de vehículos,Oct - Dic,1894.4073460666666
2023,MUJERES,Comercio y reparación de vehículos,Nov - Ene,1809.5326513666666
2023,MUJERES,Comercio y reparación de vehículos,Dic - Feb,1783.8206180333334
2024,MUJERES,Comercio y reparación de vehículos,Ene - Mar,1744.4678817000001
2024,MUJERES,Comercio y reparación de vehículos,Feb - Abr,1785.9846324333332
2024,MUJERES,Comercio y reparación de vehículos,Mar - May,1805.1104716333332
2024,MUJERES,Comercio y reparación de vehículos,Abr - Jun,1811.7155630333334
2024,MUJERES,Comercio y reparación de vehículos,May - Jul,1810.7915479666665
2024,MUJERES,Comercio y reparación de vehículos,Jun - Ago,1830.3002064
2024,MUJERES,Comercio y reparación de vehículos,Jul - Sep,1845.8818380999999
2024,MUJERES,Comercio y reparación de vehículos,Ago - Oct,1877.8382440333335
2024,MUJERES,Comercio y reparación de vehículos,Sep - Nov,1869.2614085666664
2024,MUJERES,Comercio y reparación de vehículos,Oct - Dic,1900.1870563666669
2024,MUJERES,Comercio y reparación de vehículos,Nov - Ene,1925.0686594666668
2024,MUJERES,Comercio y reparación de vehículos,Dic - Feb,1935.0157813666665
2025,MUJERES,Comercio y reparación de vehículos,Ene - Mar,1916.1985419666664
2025,MUJERES,Comercio y reparación de vehículos,Feb - Abr,1877.9902304999998
2025,MUJERES,Comercio y reparación de vehículos,Mar - May,1882.4989268
2025,MUJERES,Comercio y reparación de vehículos,Abr - Jun,1876.3641048666668
2025,MUJERES,Comercio y reparación de vehículos,May - Jul,1896.0583338000004
2025,MUJERES,Comercio y reparación de vehículos,Jun - Ago,1840.6853361
2025,MUJERES,Comercio y reparación de vehículos,Jul - Sep,1834.9340422000002
2025,MUJERES,Comercio y reparación de vehículos,Ago - Oct,1819.9580716333332
2025,MUJERES,Comercio y reparación de vehículos,Sep - Nov,1866.4260981666666
2025,MUJERES,Comercio y reparación de vehículos,Oct - Dic,1888.8389344333334
2025,MUJERES,Comercio y reparación de vehículos,Nov - Ene,1898.5394404333335
2025,MUJERES,Comercio y reparación de vehículos,Dic - Feb,1866.1634748666665
2026,MUJERES,Comercio y reparación de vehículos,Ene - Mar,1880.3843240666665
2026,MUJERES,Comercio y reparación de vehículos,Feb - Abr,1860.6809627666669
2026,MUJERES,Comercio y reparación de vehículos,Mar - May,1900.0215556333333
2026,MUJERES,Comercio y reparación de vehículos,Abr - Jun,1903.3300361333334
2015,MUJERES,Alojamiento y servicios de comida,Ene - Mar,1013.9275631
2015,MUJERES,Alojamiento y servicios de comida,Feb - Abr,994.7734142533333
2015,MUJERES,Alojamiento y servicios de comida,Mar - May,978.5023887133334
2015,MUJERES,Alojamiento y servicios de comida,Abr - Jun,997.1828641466667
2015,MUJERES,Alojamiento y servicios de comida,May - Jul,1057.7713160266667
2015,MUJERES,Alojamiento y servicios de comida,Jun - Ago,1049.9793278266668
2015,MUJERES,Alojamiento y servicios de comida,Jul - Sep,1052.1230294266668
2015,MUJERES,Alojamiento y servicios de comida,Ago - Oct,1040.5852568933333
2015,MUJERES,Alojamiento y servicios de comida,Sep - Nov,1037.38990717
2015,MUJERES,Alojamiento y servicios de comida,Oct - Dic,998.89809539
2015,MUJERES,Alojamiento y servicios de comida,Nov - Ene,1000.3812139233332
2015,MUJERES,Alojamiento y servicios de comida,Dic - Feb,1036.7485649866667
2016,MUJERES,Alojamiento y servicios de comida,Ene - Mar,1069.4873904333333
2016,MUJERES,Alojamiento y servicios de comida,Feb - Abr,1081.5534069666667
2016,MUJERES,Alojamiento y servicios de comida,Mar - May,1080.3587297333333
2016,MUJERES,Alojamiento y servicios de comida,Abr - Jun,1067.1357797666667
2016,MUJERES,Alojamiento y servicios de comida,May - Jul,1052.5081373666667
2016,MUJERES,Alojamiento y servicios de comida,Jun - Ago,1024.9152202233333
2016,MUJERES,Alojamiento y servicios de comida,Jul - Sep,1017.91693739
2016,MUJERES,Alojamiento y servicios de comida,Ago - Oct,1031.0436796233334
2016,MUJERES,Alojamiento y servicios de comida,Sep - Nov,1070.9456853
2016,MUJERES,Alojamiento y servicios de comida,Oct - Dic,1086.6528202666666
2016,MUJERES,Alojamiento y servicios de comida,Nov - Ene,1042.9980736833334
2016,MUJERES,Alojamiento y servicios de comida,Dic - Feb,1012.6428432333333
2017,MUJERES,Alojamiento y servicios de comida,Ene - Mar,971.4872181866666
2017,MUJERES,Alojamiento y servicios de comida,Feb - Abr,999.8869096033333
2017,MUJERES,Alojamiento y servicios de comida,Mar - May,998.1857265366666
2017,MUJERES,Alojamiento y servicios de comida,Abr - Jun,1000.6852224266667
2017,MUJERES,Alojamiento y servicios de comida,May - Jul,1000.6415060266667
2017,MUJERES,Alojamiento y servicios de comida,Jun - Ago,999.3119954666666
2017,MUJERES,Alojamiento y servicios de comida,Jul - Sep,1027.4105364566667
2017,MUJERES,Alojamiento y servicios de comida,Ago - Oct,1056.7063761566667
2017,MUJERES,Alojamiento y servicios de comida,Sep - Nov,1063.9599849666668
2017,MUJERES,Alojamiento y servicios de comida,Oct - Dic,1075.0043386333334
2017,MUJERES,Alojamiento y servicios de comida,Nov - Ene,1064.8618259666666
2017,MUJERES,Alojamiento y servicios de comida,Dic - Feb,1077.4949663
2018,MUJERES,Alojamiento y servicios de comida,Ene - Mar,1069.3859850333333
2018,MUJERES,Alojamiento y servicios de comida,Feb - Abr,1032.1345363
2018,MUJERES,Alojamiento y servicios de comida,Mar - May,1009.21039697
2018,MUJERES,Alojamiento y servicios de comida,Abr - Jun,974.2270029933334
2018,MUJERES,Alojamiento y servicios de comida,May - Jul,963.2888464366666
2018,MUJERES,Alojamiento y servicios de comida,Jun - Ago,940.7970358333333
2018,MUJERES,Alojamiento y servicios de comida,Jul - Sep,953.61557981
2018,MUJERES,Alojamiento y servicios de comida,Ago - Oct,972.0707857666666
2018,MUJERES,Alojamiento y servicios de comida,Sep - Nov,975.0058104099999
2018,MUJERES,Alojamiento y servicios de comida,Oct - Dic,972.9787214966667
2018,MUJERES,Alojamiento y servicios de comida,Nov - Ene,974.6279217300001
2018,MUJERES,Alojamiento y servicios de comida,Dic - Feb,991.4947938533334
2019,MUJERES,Alojamiento y servicios de comida,Ene - Mar,1007.4774228000001
2019,MUJERES,Alojamiento y servicios de comida,Feb - Abr,975.4256596133333
2019,MUJERES,Alojamiento y servicios de comida,Mar - May,974.1123260766667
2019,MUJERES,Alojamiento y servicios de comida,Abr - Jun,941.4453449633334
2019,MUJERES,Alojamiento y servicios de comida,May - Jul,986.3105350833333
2019,MUJERES,Alojamiento y servicios de comida,Jun - Ago,988.7041757100001
2019,MUJERES,Alojamiento y servicios de comida,Jul - Sep,1042.1435908566666
2019,MUJERES,Alojamiento y servicios de comida,Ago - Oct,1060.60183009
2019,MUJERES,Alojamiento y servicios de comida,Sep - Nov,1144.2474435333334
2019,MUJERES,Alojamiento y servicios de comida,Oct - Dic,1156.6300046333333
2019,MUJERES,Alojamiento y servicios de comida,Nov - Ene,1171.6712484
2019,MUJERES,Alojamiento y servicios de comida,Dic - Feb,1143.1374044333334
2020,MUJERES,Alojamiento y servicios de comida,Ene - Mar,1140.9113431333333
2020,MUJERES,Alojamiento y servicios de comida,Feb - Abr,971.1124553333333
2020,MUJERES,Alojamiento y servicios de comida,Mar - May,832.9662781866667
2020,MUJERES,Alojamiento y servicios de comida,Abr - Jun,721.7851441033332
2020,MUJERES,Alojamiento y servicios de comida,May - Jul,741.0929748766666
2020,MUJERES,Alojamiento y servicios de comida,Jun - Ago,754.2573569533333
2020,MUJERES,Alojamiento y servicios de comida,Jul - Sep,781.5446728466667
2020,MUJERES,Alojamiento y servicios de comida,Ago - Oct,853.3130422099999
2020,MUJERES,Alojamiento y servicios de comida,Sep - Nov,913.9462829966668
2020,MUJERES,Alojamiento y servicios de comida,Oct - Dic,937.7422941933334
2020,MUJERES,Alojamiento y servicios de comida,Nov - Ene,870.2425808266668
2020,MUJERES,Alojamiento y servicios de comida,Dic - Feb,846.79587245
2021,MUJERES,Alojamiento y servicios de comida,Ene - Mar,806.8235469300001
2021,MUJERES,Alojamiento y servicios de comida,Feb - Abr,840.2762634133333
2021,MUJERES,Alojamiento y servicios de comida,Mar - May,803.0085306233333
2021,MUJERES,Alojamiento y servicios de comida,Abr - Jun,817.88817465
2021,MUJERES,Alojamiento y servicios de comida,May - Jul,841.2027219966667
2021,MUJERES,Alojamiento y servicios de comida,Jun - Ago,885.4891376066666
2021,MUJERES,Alojamiento y servicios de comida,Jul - Sep,876.5028269366667
2021,MUJERES,Alojamiento y servicios de comida,Ago - Oct,885.6799358633334
2021,MUJERES,Alojamiento y servicios de comida,Sep - Nov,880.8194074333334
2021,MUJERES,Alojamiento y servicios de comida,Oct - Dic,918.4772696866667
2021,MUJERES,Alojamiento y servicios de comida,Nov - Ene,879.2733569733333
2021,MUJERES,Alojamiento y servicios de comida,Dic - Feb,926.2540242433333
2022,MUJERES,Alojamiento y servicios de comida,Ene - Mar,919.8725732566667
2022,MUJERES,Alojamiento y servicios de comida,Feb - Abr,980.1410848966667
2022,MUJERES,Alojamiento y servicios de comida,Mar - May,943.9183021266667
2022,MUJERES,Alojamiento y servicios de comida,Abr - Jun,980.2282672833334
2022,MUJERES,Alojamiento y servicios de comida,May - Jul,973.1356583399998
2022,MUJERES,Alojamiento y servicios de comida,Jun - Ago,996.0978228166667
2022,MUJERES,Alojamiento y servicios de comida,Jul - Sep,1025.3267666166666
2022,MUJERES,Alojamiento y servicios de comida,Ago - Oct,1034.71031544
2022,MUJERES,Alojamiento y servicios de comida,Sep - Nov,1028.6084812433335
2022,MUJERES,Alojamiento y servicios de comida,Oct - Dic,984.65714182
2022,MUJERES,Alojamiento y servicios de comida,Nov - Ene,996.1218981866667
2022,MUJERES,Alojamiento y servicios de comida,Dic - Feb,1038.6410897766666
2023,MUJERES,Alojamiento y servicios de comida,Ene - Mar,1065.2125763000001
2023,MUJERES,Alojamiento y servicios de comida,Feb - Abr,1079.8343956
2023,MUJERES,Alojamiento y servicios de comida,Mar - May,1077.1427675666666
2023,MUJERES,Alojamiento y servicios de comida,Abr - Jun,1079.0497998
2023,MUJERES,Alojamiento y servicios de comida,May - Jul,1079.8870700333334
2023,MUJERES,Alojamiento y servicios de comida,Jun - Ago,1104.8197588333333
2023,MUJERES,Alojamiento y servicios de comida,Jul - Sep,1112.4297651
2023,MUJERES,Alojamiento y servicios de comida,Ago - Oct,1146.5192978000002
2023,MUJERES,Alojamiento y servicios de comida,Sep - Nov,1107.6206960666668
2023,MUJERES,Alojamiento y servicios de comida,Oct - Dic,1102.1761081333334
2023,MUJERES,Alojamiento y servicios de comida,Nov - Ene,1064.5127965
2023,MUJERES,Alojamiento y servicios de comida,Dic - Feb,1066.7648351666667
2024,MUJERES,Alojamiento y servicios de comida,Ene - Mar,1072.7643426333334
2024,MUJERES,Alojamiento y servicios de comida,Feb - Abr,1125.6380398333333
2024,MUJERES,Alojamiento y servicios de comida,Mar - May,1113.0274254666667
2024,MUJERES,Alojamiento y servicios de comida,Abr - Jun,1121.3404560000001
2024,MUJERES,Alojamiento y servicios de comida,May - Jul,1066.4226227000001
2024,MUJERES,Alojamiento y servicios de comida,Jun - Ago,1125.7554187333335
2024,MUJERES,Alojamiento y servicios de comida,Jul - Sep,1131.3464166
2024,MUJERES,Alojamiento y servicios de comida,Ago - Oct,1168.8235516666666
2024,MUJERES,Alojamiento y servicios de comida,Sep - Nov,1160.4574011666666
2024,MUJERES,Alojamiento y servicios de comida,Oct - Dic,1197.0330772333334
2024,MUJERES,Alojamiento y servicios de comida,Nov - Ene,1205.8265163333333
2024,MUJERES,Alojamiento y servicios de comida,Dic - Feb,1202.8171833
2025,MUJERES,Alojamiento y servicios de comida,Ene - Mar,1179.6389598
2025,MUJERES,Alojamiento y servicios de comida,Feb - Abr,1201.4376058
2025,MUJERES,Alojamiento y servicios de comida,Mar - May,1206.3893678000002
2025,MUJERES,Alojamiento y servicios de comida,Abr - Jun,1201.6144971333333
2025,MUJERES,Alojamiento y servicios de comida,May - Jul,1196.0360727666666
2025,MUJERES,Alojamiento y servicios de comida,Jun - Ago,1232.7622625666665
2025,MUJERES,Alojamiento y servicios de comida,Jul - Sep,1276.0093334
2025,MUJERES,Alojamiento y servicios de comida,Ago - Oct,1316.3855822
2025,MUJERES,Alojamiento y servicios de comida,Sep - Nov,1330.8730549999998
2025,MUJERES,Alojamiento y servicios de comida,Oct - Dic,1317.1302951333334
2025,MUJERES,Alojamiento y servicios de comida,Nov - Ene,1231.8161928
2025,MUJERES,Alojamiento y servicios de comida,Dic - Feb,1200.5655662333331
2026,MUJERES,Alojamiento y servicios de comida,Ene - Mar,1186.4207081333334
2026,MUJERES,Alojamiento y servicios de comida,Feb - Abr,1252.7978892666667
2026,MUJERES,Alojamiento y servicios de comida,Mar - May,1254.3351258333332
2026,MUJERES,Alojamiento y servicios de comida,Abr - Jun,1332.5585964333334
2015,MUJERES,Transporte y almacenamiento,Ene - Mar,125.15115813333334
2015,MUJERES,Transporte y almacenamiento,Feb - Abr,129.22009503666666
2015,MUJERES,Transporte y almacenamiento,Mar - May,131.74005647666667
2015,MUJERES,Transporte y almacenamiento,Abr - Jun,126.48910547333332
2015,MUJERES,Transporte y almacenamiento,May - Jul,119.83697542666665
2015,MUJERES,Transporte y almacenamiento,Jun - Ago,125.59641387333333
2015,MUJERES,Transporte y almacenamiento,Jul - Sep,128.44887940333334
2015,MUJERES,Transporte y almacenamiento,Ago - Oct,124.5261976
2015,MUJERES,Transporte y almacenamiento,Sep - Nov,113.76820466666668
2015,MUJERES,Transporte y almacenamiento,Oct - Dic,117.71122684
2015,MUJERES,Transporte y almacenamiento,Nov - Ene,120.74062437666667
2015,MUJERES,Transporte y almacenamiento,Dic - Feb,126.45511948000001
2016,MUJERES,Transporte y almacenamiento,Ene - Mar,125.97857546666667
2016,MUJERES,Transporte y almacenamiento,Feb - Abr,128.25540760333334
2016,MUJERES,Transporte y almacenamiento,Mar - May,136.22431112666666
2016,MUJERES,Transporte y almacenamiento,Abr - Jun,126.31855137000001
2016,MUJERES,Transporte y almacenamiento,May - Jul,129.59125320666666
2016,MUJERES,Transporte y almacenamiento,Jun - Ago,118.19338044333334
2016,MUJERES,Transporte y almacenamiento,Jul - Sep,126.77293201666667
2016,MUJERES,Transporte y almacenamiento,Ago - Oct,127.19444581
2016,MUJERES,Transporte y almacenamiento,Sep - Nov,125.07609570333334
2016,MUJERES,Transporte y almacenamiento,Oct - Dic,117.40439565000001
2016,MUJERES,Transporte y almacenamiento,Nov - Ene,116.36940613333333
2016,MUJERES,Transporte y almacenamiento,Dic - Feb,115.08627340333332
2017,MUJERES,Transporte y almacenamiento,Ene - Mar,121.70103983
2017,MUJERES,Transporte y almacenamiento,Feb - Abr,129.01458039333332
2017,MUJERES,Transporte y almacenamiento,Mar - May,138.49637593
2017,MUJERES,Transporte y almacenamiento,Abr - Jun,141.95126049666666
2017,MUJERES,Transporte y almacenamiento,May - Jul,131.09536953333335
2017,MUJERES,Transporte y almacenamiento,Jun - Ago,127.10308250666668
2017,MUJERES,Transporte y almacenamiento,Jul - Sep,113.75342459000001
2017,MUJERES,Transporte y almacenamiento,Ago - Oct,119.92103945666668
2017,MUJERES,Transporte y almacenamiento,Sep - Nov,117.79378623999999
2017,MUJERES,Transporte y almacenamiento,Oct - Dic,131.81018460666667
2017,MUJERES,Transporte y almacenamiento,Nov - Ene,125.57842435999999
2017,MUJERES,Transporte y almacenamiento,Dic - Feb,133.35194277666668
2018,MUJERES,Transporte y almacenamiento,Ene - Mar,127.38457693
2018,MUJERES,Transporte y almacenamiento,Feb - Abr,131.73754411000002
2018,MUJERES,Transporte y almacenamiento,Mar - May,122.20083364333334
2018,MUJERES,Transporte y almacenamiento,Abr - Jun,119.28226872333335
2018,MUJERES,Transporte y almacenamiento,May - Jul,125.90460078666666
2018,MUJERES,Transporte y almacenamiento,Jun - Ago,132.95640265
2018,MUJERES,Transporte y almacenamiento,Jul - Sep,134.15425048666665
2018,MUJERES,Transporte y almacenamiento,Ago - Oct,124.17238140666666
2018,MUJERES,Transporte y almacenamiento,Sep - Nov,116.43725934666666
2018,MUJERES,Transporte y almacenamiento,Oct - Dic,123.09216270999998
2018,MUJERES,Transporte y almacenamiento,Nov - Ene,124.44811321666667
2018,MUJERES,Transporte y almacenamiento,Dic - Feb,141.35460724333333
2019,MUJERES,Transporte y almacenamiento,Ene - Mar,138.89921329
2019,MUJERES,Transporte y almacenamiento,Feb - Abr,139.45475337666667
2019,MUJERES,Transporte y almacenamiento,Mar - May,132.57153799666665
2019,MUJERES,Transporte y almacenamiento,Abr - Jun,131.45213619666666
2019,MUJERES,Transporte y almacenamiento,May - Jul,140.41137655999998
2019,MUJERES,Transporte y almacenamiento,Jun - Ago,130.14433682
2019,MUJERES,Transporte y almacenamiento,Jul - Sep,132.13396927666665
2019,MUJERES,Transporte y almacenamiento,Ago - Oct,121.65807342999999
2019,MUJERES,Transporte y almacenamiento,Sep - Nov,122.43781441666665
2019,MUJERES,Transporte y almacenamiento,Oct - Dic,112.99533673
2019,MUJERES,Transporte y almacenamiento,Nov - Ene,113.30696202333333
2019,MUJERES,Transporte y almacenamiento,Dic - Feb,125.58229821333333
2020,MUJERES,Transporte y almacenamiento,Ene - Mar,147.81224246333332
2020,MUJERES,Transporte y almacenamiento,Feb - Abr,147.30264560999998
2020,MUJERES,Transporte y almacenamiento,Mar - May,131.72394787666664
2020,MUJERES,Transporte y almacenamiento,Abr - Jun,102.49781060866667
2020,MUJERES,Transporte y almacenamiento,May - Jul,93.197262379
2020,MUJERES,Transporte y almacenamiento,Jun - Ago,97.134043729
2020,MUJERES,Transporte y almacenamiento,Jul - Sep,100.75617069166667
2020,MUJERES,Transporte y almacenamiento,Ago - Oct,108.656344928
2020,MUJERES,Transporte y almacenamiento,Sep - Nov,101.81418995833333
2020,MUJERES,Transporte y almacenamiento,Oct - Dic,102.61764252500001
2020,MUJERES,Transporte y almacenamiento,Nov - Ene,102.96693440833333
2020,MUJERES,Transporte y almacenamiento,Dic - Feb,100.54942210166666
2021,MUJERES,Transporte y almacenamiento,Ene - Mar,98.74443274866667
2021,MUJERES,Transporte y almacenamiento,Feb - Abr,96.891082672
2021,MUJERES,Transporte y almacenamiento,Mar - May,111.22260706499999
2021,MUJERES,Transporte y almacenamiento,Abr - Jun,119.30157844333333
2021,MUJERES,Transporte y almacenamiento,May - Jul,124.48569209333333
2021,MUJERES,Transporte y almacenamiento,Jun - Ago,110.50957220566666
2021,MUJERES,Transporte y almacenamiento,Jul - Sep,116.43156009233333
2021,MUJERES,Transporte y almacenamiento,Ago - Oct,107.76577958633334
2021,MUJERES,Transporte y almacenamiento,Sep - Nov,116.01194540066668
2021,MUJERES,Transporte y almacenamiento,Oct - Dic,117.64004520733333
2021,MUJERES,Transporte y almacenamiento,Nov - Ene,124.40176566999999
2021,MUJERES,Transporte y almacenamiento,Dic - Feb,122.07080642999999
2022,MUJERES,Transporte y almacenamiento,Ene - Mar,120.80869905333333
2022,MUJERES,Transporte y almacenamiento,Feb - Abr,142.53200872
2022,MUJERES,Transporte y almacenamiento,Mar - May,153.51944863333333
2022,MUJERES,Transporte y almacenamiento,Abr - Jun,160.88519430666668
2022,MUJERES,Transporte y almacenamiento,May - Jul,150.72403618666667
2022,MUJERES,Transporte y almacenamiento,Jun - Ago,150.62446873333332
2022,MUJERES,Transporte y almacenamiento,Jul - Sep,155.7923673833333
2022,MUJERES,Transporte y almacenamiento,Ago - Oct,156.03950491333333
2022,MUJERES,Transporte y almacenamiento,Sep - Nov,150.33505964000003
2022,MUJERES,Transporte y almacenamiento,Oct - Dic,141.18707856333333
2022,MUJERES,Transporte y almacenamiento,Nov - Ene,139.95203199
2022,MUJERES,Transporte y almacenamiento,Dic - Feb,145.37245028333334
2023,MUJERES,Transporte y almacenamiento,Ene - Mar,139.53399326333331
2023,MUJERES,Transporte y almacenamiento,Feb - Abr,138.03989518333333
2023,MUJERES,Transporte y almacenamiento,Mar - May,152.30615693666667
2023,MUJERES,Transporte y almacenamiento,Abr - Jun,164.57731668333335
2023,MUJERES,Transporte y almacenamiento,May - Jul,162.74673797
2023,MUJERES,Transporte y almacenamiento,Jun - Ago,153.35403797
2023,MUJERES,Transporte y almacenamiento,Jul - Sep,163.7174987233333
2023,MUJERES,Transporte y almacenamiento,Ago - Oct,166.01569832333334
2023,MUJERES,Transporte y almacenamiento,Sep - Nov,164.16973909
2023,MUJERES,Transporte y almacenamiento,Oct - Dic,144.92483444666667
2023,MUJERES,Transporte y almacenamiento,Nov - Ene,146.53109636666667
2023,MUJERES,Transporte y almacenamiento,Dic - Feb,163.26475266999998
2024,MUJERES,Transporte y almacenamiento,Ene - Mar,178.50120638666667
2024,MUJERES,Transporte y almacenamiento,Feb - Abr,190.36244779666666
2024,MUJERES,Transporte y almacenamiento,Mar - May,179.76638665666667
2024,MUJERES,Transporte y almacenamiento,Abr - Jun,179.72671446666664
2024,MUJERES,Transporte y almacenamiento,May - Jul,162.76598390333334
2024,MUJERES,Transporte y almacenamiento,Jun - Ago,157.73769180333332
2024,MUJERES,Transporte y almacenamiento,Jul - Sep,153.0148034066667
2024,MUJERES,Transporte y almacenamiento,Ago - Oct,160.84653580666668
2024,MUJERES,Transporte y almacenamiento,Sep - Nov,163.09311185333334
2024,MUJERES,Transporte y almacenamiento,Oct - Dic,153.60228365666663
2024,MUJERES,Transporte y almacenamiento,Nov - Ene,152.88541770333333
2024,MUJERES,Transporte y almacenamiento,Dic - Feb,163.51978195
2025,MUJERES,Transporte y almacenamiento,Ene - Mar,182.45141705666666
2025,MUJERES,Transporte y almacenamiento,Feb - Abr,190.97451095333335
2025,MUJERES,Transporte y almacenamiento,Mar - May,178.1019382333333
2025,MUJERES,Transporte y almacenamiento,Abr - Jun,162.26777290333334
2025,MUJERES,Transporte y almacenamiento,May - Jul,166.2614774266667
2025,MUJERES,Transporte y almacenamiento,Jun - Ago,181.08110046000002
2025,MUJERES,Transporte y almacenamiento,Jul - Sep,196.18390240666668
2025,MUJERES,Transporte y almacenamiento,Ago - Oct,202.08155486666666
2025,MUJERES,Transporte y almacenamiento,Sep - Nov,204.25523639999997
2025,MUJERES,Transporte y almacenamiento,Oct - Dic,195.90858100333332
2025,MUJERES,Transporte y almacenamiento,Nov - Ene,174.87868657
2025,MUJERES,Transporte y almacenamiento,Dic - Feb,170.55131906333335
2026,MUJERES,Transporte y almacenamiento,Ene - Mar,171.5718816
2026,MUJERES,Transporte y almacenamiento,Feb - Abr,188.09695857333335
2026,MUJERES,Transporte y almacenamiento,Mar - May,186.54930472333334
2026,MUJERES,Transporte y almacenamiento,Abr - Jun,181.61648177666666
2015,MUJERES,Información y comunicaciones,Ene - Mar,170.23492096333334
2015,MUJERES,Información y comunicaciones,Feb - Abr,172.09678538666665
2015,MUJERES,Información y comunicaciones,Mar - May,179.9350827766667
2015,MUJERES,Información y comunicaciones,Abr - Jun,176.78355227666665
2015,MUJERES,Información y comunicaciones,May - Jul,179.89540754333333
2015,MUJERES,Información y comunicaciones,Jun - Ago,179.64879376666667
2015,MUJERES,Información y comunicaciones,Jul - Sep,173.0815306066667
2015,MUJERES,Información y comunicaciones,Ago - Oct,179.80436708000002
2015,MUJERES,Información y comunicaciones,Sep - Nov,186.71232759999998
2015,MUJERES,Información y comunicaciones,Oct - Dic,211.65958682
2015,MUJERES,Información y comunicaciones,Nov - Ene,195.57561056333336
2015,MUJERES,Información y comunicaciones,Dic - Feb,181.88254489666664
2016,MUJERES,Información y comunicaciones,Ene - Mar,162.37263949
2016,MUJERES,Información y comunicaciones,Feb - Abr,162.31030682999997
2016,MUJERES,Información y comunicaciones,Mar - May,161.02202310333334
2016,MUJERES,Información y comunicaciones,Abr - Jun,158.06061111666668
2016,MUJERES,Información y comunicaciones,May - Jul,149.49429216666667
2016,MUJERES,Información y comunicaciones,Jun - Ago,154.10602576
2016,MUJERES,Información y comunicaciones,Jul - Sep,156.05320417666667
2016,MUJERES,Información y comunicaciones,Ago - Oct,165.69234258999998
2016,MUJERES,Información y comunicaciones,Sep - Nov,162.26721854
2016,MUJERES,Información y comunicaciones,Oct - Dic,159.40329819
2016,MUJERES,Información y comunicaciones,Nov - Ene,140.76212870666666
2016,MUJERES,Información y comunicaciones,Dic - Feb,142.08180212666667
2017,MUJERES,Información y comunicaciones,Ene - Mar,137.31005256
2017,MUJERES,Información y comunicaciones,Feb - Abr,157.56383808666666
2017,MUJERES,Información y comunicaciones,Mar - May,150.48479274666667
2017,MUJERES,Información y comunicaciones,Abr - Jun,164.39762942000002
2017,MUJERES,Información y comunicaciones,May - Jul,167.85521177
2017,MUJERES,Información y comunicaciones,Jun - Ago,167.97733653666668
2017,MUJERES,Información y comunicaciones,Jul - Sep,167.25527976
2017,MUJERES,Información y comunicaciones,Ago - Oct,162.33730967
2017,MUJERES,Información y comunicaciones,Sep - Nov,157.08925531
2017,MUJERES,Información y comunicaciones,Oct - Dic,139.98494332333334
2017,MUJERES,Información y comunicaciones,Nov - Ene,138.20578046333335
2017,MUJERES,Información y comunicaciones,Dic - Feb,147.49858946333333
2018,MUJERES,Información y comunicaciones,Ene - Mar,156.10397806666666
2018,MUJERES,Información y comunicaciones,Feb - Abr,151.51134658666666
2018,MUJERES,Información y comunicaciones,Mar - May,149.33267383333333
2018,MUJERES,Información y comunicaciones,Abr - Jun,147.22843120333334
2018,MUJERES,Información y comunicaciones,May - Jul,142.49084754666666
2018,MUJERES,Información y comunicaciones,Jun - Ago,137.3167302966667
2018,MUJERES,Información y comunicaciones,Jul - Sep,145.59245504999998
2018,MUJERES,Información y comunicaciones,Ago - Oct,146.39764520666665
2018,MUJERES,Información y comunicaciones,Sep - Nov,142.44889344
2018,MUJERES,Información y comunicaciones,Oct - Dic,138.52114222
2018,MUJERES,Información y comunicaciones,Nov - Ene,135.2448833566667
2018,MUJERES,Información y comunicaciones,Dic - Feb,138.22849752333335
2019,MUJERES,Información y comunicaciones,Ene - Mar,134.22166415
2019,MUJERES,Información y comunicaciones,Feb - Abr,154.57517864
2019,MUJERES,Información y comunicaciones,Mar - May,154.32846877
2019,MUJERES,Información y comunicaciones,Abr - Jun,156.46766778666668
2019,MUJERES,Información y comunicaciones,May - Jul,128.38405311433334
2019,MUJERES,Información y comunicaciones,Jun - Ago,124.42269372100002
2019,MUJERES,Información y comunicaciones,Jul - Sep,127.067282141
2019,MUJERES,Información y comunicaciones,Ago - Oct,133.35449557
2019,MUJERES,Información y comunicaciones,Sep - Nov,128.21749530666668
2019,MUJERES,Información y comunicaciones,Oct - Dic,109.29861209666666
2019,MUJERES,Información y comunicaciones,Nov - Ene,117.96116493
2019,MUJERES,Información y comunicaciones,Dic - Feb,117.99680983666667
2020,MUJERES,Información y comunicaciones,Ene - Mar,122.38762171333333
2020,MUJERES,Información y comunicaciones,Feb - Abr,120.08568081333333
2020,MUJERES,Información y comunicaciones,Mar - May,111.66877583
2020,MUJERES,Información y comunicaciones,Abr - Jun,111.84775382999999
2020,MUJERES,Información y comunicaciones,May - Jul,99.57874310266665
2020,MUJERES,Información y comunicaciones,Jun - Ago,101.84571938033332
2020,MUJERES,Información y comunicaciones,Jul - Sep,98.64137883366668
2020,MUJERES,Información y comunicaciones,Ago - Oct,102.09948248433334
2020,MUJERES,Información y comunicaciones,Sep - Nov,119.05386113666667
2020,MUJERES,Información y comunicaciones,Oct - Dic,116.73583139666665
2020,MUJERES,Información y comunicaciones,Nov - Ene,133.81963684666667
2020,MUJERES,Información y comunicaciones,Dic - Feb,132.40106991333334
2021,MUJERES,Información y comunicaciones,Ene - Mar,148.47148186
2021,MUJERES,Información y comunicaciones,Feb - Abr,130.04321671
2021,MUJERES,Información y comunicaciones,Mar - May,126.84797899333334
2021,MUJERES,Información y comunicaciones,Abr - Jun,129.30783283
2021,MUJERES,Información y comunicaciones,May - Jul,140.79339890333333
2021,MUJERES,Información y comunicaciones,Jun - Ago,143.20212785333334
2021,MUJERES,Información y comunicaciones,Jul - Sep,136.70185418999998
2021,MUJERES,Información y comunicaciones,Ago - Oct,133.70157507333334
2021,MUJERES,Información y comunicaciones,Sep - Nov,135.91627577666668
2021,MUJERES,Información y comunicaciones,Oct - Dic,132.58651406333334
2021,MUJERES,Información y comunicaciones,Nov - Ene,124.1399791
2021,MUJERES,Información y comunicaciones,Dic - Feb,132.57632756333334
2022,MUJERES,Información y comunicaciones,Ene - Mar,124.49379748666665
2022,MUJERES,Información y comunicaciones,Feb - Abr,149.19039093333333
2022,MUJERES,Información y comunicaciones,Mar - May,126.95607585033333
2022,MUJERES,Información y comunicaciones,Abr - Jun,144.06536438033334
2022,MUJERES,Información y comunicaciones,May - Jul,122.95520370033331
2022,MUJERES,Información y comunicaciones,Jun - Ago,130.05939802
2022,MUJERES,Información y comunicaciones,Jul - Sep,116.82536027666667
2022,MUJERES,Información y comunicaciones,Ago - Oct,122.51043136333334
2022,MUJERES,Información y comunicaciones,Sep - Nov,118.48841253333335
2022,MUJERES,Información y comunicaciones,Oct - Dic,122.21933872333334
2022,MUJERES,Información y comunicaciones,Nov - Ene,121.75961807333333
2022,MUJERES,Información y comunicaciones,Dic - Feb,134.11736460333336
2023,MUJERES,Información y comunicaciones,Ene - Mar,147.00071523333335
2023,MUJERES,Información y comunicaciones,Feb - Abr,146.5924636133333
2023,MUJERES,Información y comunicaciones,Mar - May,149.31818682333332
2023,MUJERES,Información y comunicaciones,Abr - Jun,127.71948823666668
2023,MUJERES,Información y comunicaciones,May - Jul,123.72476072333335
2023,MUJERES,Información y comunicaciones,Jun - Ago,124.66124332
2023,MUJERES,Información y comunicaciones,Jul - Sep,148.39026767
2023,MUJERES,Información y comunicaciones,Ago - Oct,151.50873676666666
2023,MUJERES,Información y comunicaciones,Sep - Nov,156.13463998333336
2023,MUJERES,Información y comunicaciones,Oct - Dic,126.00062670233335
2023,MUJERES,Información y comunicaciones,Nov - Ene,119.18338293233334
2023,MUJERES,Información y comunicaciones,Dic - Feb,110.85559871566666
2024,MUJERES,Información y comunicaciones,Ene - Mar,126.74331928
2024,MUJERES,Información y comunicaciones,Feb - Abr,140.46854753000002
2024,MUJERES,Información y comunicaciones,Mar - May,129.04190501000002
2024,MUJERES,Información y comunicaciones,Abr - Jun,150.93044056333335
2024,MUJERES,Información y comunicaciones,May - Jul,147.61100049666666
2024,MUJERES,Información y comunicaciones,Jun - Ago,159.47128337
2024,MUJERES,Información y comunicaciones,Jul - Sep,132.18443126666668
2024,MUJERES,Información y comunicaciones,Ago - Oct,128.32148260666665
2024,MUJERES,Información y comunicaciones,Sep - Nov,141.37308778666667
2024,MUJERES,Información y comunicaciones,Oct - Dic,145.39961173999998
2024,MUJERES,Información y comunicaciones,Nov - Ene,143.15471806
2024,MUJERES,Información y comunicaciones,Dic - Feb,133.49830652333333
2025,MUJERES,Información y comunicaciones,Ene - Mar,148.03525677666664
2025,MUJERES,Información y comunicaciones,Feb - Abr,154.49892422333332
2025,MUJERES,Información y comunicaciones,Mar - May,153.08577379
2025,MUJERES,Información y comunicaciones,Abr - Jun,143.8049202166667
2025,MUJERES,Información y comunicaciones,May - Jul,130.32438424900002
2025,MUJERES,Información y comunicaciones,Jun - Ago,124.66743010233331
2025,MUJERES,Información y comunicaciones,Jul - Sep,122.83524535566666
2025,MUJERES,Información y comunicaciones,Ago - Oct,142.82104203000003
2025,MUJERES,Información y comunicaciones,Sep - Nov,151.1465514966667
2025,MUJERES,Información y comunicaciones,Oct - Dic,151.92048654333334
2025,MUJERES,Información y comunicaciones,Nov - Ene,144.66812973333333
2025,MUJERES,Información y comunicaciones,Dic - Feb,141.74153699000001
2026,MUJERES,Información y comunicaciones,Ene - Mar,145.77302801
2026,MUJERES,Información y comunicaciones,Feb - Abr,152.3365681833333
2026,MUJERES,Información y comunicaciones,Mar - May,147.61454774
2026,MUJERES,Información y comunicaciones,Abr - Jun,138.3472529866667
2015,MUJERES,Actividades financieras y de seguros,Ene - Mar,158.30343937333336
2015,MUJERES,Actividades financieras y de seguros,Feb - Abr,145.43456543666665
2015,MUJERES,Actividades financieras y de seguros,Mar - May,139.92915120333333
2015,MUJERES,Actividades financieras y de seguros,Abr - Jun,159.06630695
2015,MUJERES,Actividades financieras y de seguros,May - Jul,166.03123754333333
2015,MUJERES,Actividades financieras y de seguros,Jun - Ago,175.53643502
2015,MUJERES,Actividades financieras y de seguros,Jul - Sep,175.64236760999998
2015,MUJERES,Actividades financieras y de seguros,Ago - Oct,180.42258349333335
2015,MUJERES,Actividades financieras y de seguros,Sep - Nov,171.75884068000002
2015,MUJERES,Actividades financieras y de seguros,Oct - Dic,165.74971752333337
2015,MUJERES,Actividades financieras y de seguros,Nov - Ene,162.86975435666668
2015,MUJERES,Actividades financieras y de seguros,Dic - Feb,169.31630827666666
2016,MUJERES,Actividades financieras y de seguros,Ene - Mar,168.12554665666664
2016,MUJERES,Actividades financieras y de seguros,Feb - Abr,165.93786714666666
2016,MUJERES,Actividades financieras y de seguros,Mar - May,162.74032316999998
2016,MUJERES,Actividades financieras y de seguros,Abr - Jun,164.04385581333332
2016,MUJERES,Actividades financieras y de seguros,May - Jul,157.79573379
2016,MUJERES,Actividades financieras y de seguros,Jun - Ago,166.84474221000002
2016,MUJERES,Actividades financieras y de seguros,Jul - Sep,162.67527115
2016,MUJERES,Actividades financieras y de seguros,Ago - Oct,178.27145617333335
2016,MUJERES,Actividades financieras y de seguros,Sep - Nov,176.70296996333332
2016,MUJERES,Actividades financieras y de seguros,Oct - Dic,179.79882392666664
2016,MUJERES,Actividades financieras y de seguros,Nov - Ene,180.53171706
2016,MUJERES,Actividades financieras y de seguros,Dic - Feb,162.21339593000002
2017,MUJERES,Actividades financieras y de seguros,Ene - Mar,149.81355661
2017,MUJERES,Actividades financieras y de seguros,Feb - Abr,140.32639490333335
2017,MUJERES,Actividades financieras y de seguros,Mar - May,139.40402142666667
2017,MUJERES,Actividades financieras y de seguros,Abr - Jun,154.86838606333333
2017,MUJERES,Actividades financieras y de seguros,May - Jul,163.02008733
2017,MUJERES,Actividades financieras y de seguros,Jun - Ago,160.90307955999998
2017,MUJERES,Actividades financieras y de seguros,Jul - Sep,160.95225623
2017,MUJERES,Actividades financieras y de seguros,Ago - Oct,148.98078319
2017,MUJERES,Actividades financieras y de seguros,Sep - Nov,169.82330297666667
2017,MUJERES,Actividades financieras y de seguros,Oct - Dic,156.32191648333333
2017,MUJERES,Actividades financieras y de seguros,Nov - Ene,155.20551382333335
2017,MUJERES,Actividades financieras y de seguros,Dic - Feb,147.91335615666668
2018,MUJERES,Actividades financieras y de seguros,Ene - Mar,154.67280391
2018,MUJERES,Actividades financieras y de seguros,Feb - Abr,162.06977658666668
2018,MUJERES,Actividades financieras y de seguros,Mar - May,159.60055286
2018,MUJERES,Actividades financieras y de seguros,Abr - Jun,148.85024013666666
2018,MUJERES,Actividades financieras y de seguros,May - Jul,149.88700406666666
2018,MUJERES,Actividades financieras y de seguros,Jun - Ago,145.1635282
2018,MUJERES,Actividades financieras y de seguros,Jul - Sep,178.02090168000004
2018,MUJERES,Actividades financieras y de seguros,Ago - Oct,174.5455079666667
2018,MUJERES,Actividades financieras y de seguros,Sep - Nov,180.72004849333334
2018,MUJERES,Actividades financieras y de seguros,Oct - Dic,165.19340614666666
2018,MUJERES,Actividades financieras y de seguros,Nov - Ene,171.22962719999998
2018,MUJERES,Actividades financieras y de seguros,Dic - Feb,179.00331379666667
2019,MUJERES,Actividades financieras y de seguros,Ene - Mar,168.15460734333334
2019,MUJERES,Actividades financieras y de seguros,Feb - Abr,176.34446937666667
2019,MUJERES,Actividades financieras y de seguros,Mar - May,163.45646081666666
2019,MUJERES,Actividades financieras y de seguros,Abr - Jun,169.49816411000003
2019,MUJERES,Actividades financieras y de seguros,May - Jul,163.27810023666666
2019,MUJERES,Actividades financieras y de seguros,Jun - Ago,161.45306614333333
2019,MUJERES,Actividades financieras y de seguros,Jul - Sep,174.46756958
2019,MUJERES,Actividades financieras y de seguros,Ago - Oct,177.98927437999998
2019,MUJERES,Actividades financieras y de seguros,Sep - Nov,183.80734827666666
2019,MUJERES,Actividades financieras y de seguros,Oct - Dic,168.39873298
2019,MUJERES,Actividades financieras y de seguros,Nov - Ene,155.44087777000001
2019,MUJERES,Actividades financieras y de seguros,Dic - Feb,155.23879383666667
2020,MUJERES,Actividades financieras y de seguros,Ene - Mar,150.92466706666664
2020,MUJERES,Actividades financieras y de seguros,Feb - Abr,148.79442341
2020,MUJERES,Actividades financieras y de seguros,Mar - May,152.54119515333332
2020,MUJERES,Actividades financieras y de seguros,Abr - Jun,162.14120943999998
2020,MUJERES,Actividades financieras y de seguros,May - Jul,155.99759404333335
2020,MUJERES,Actividades financieras y de seguros,Jun - Ago,153.87004868
2020,MUJERES,Actividades financieras y de seguros,Jul - Sep,152.99438284333334
2020,MUJERES,Actividades financieras y de seguros,Ago - Oct,150.23665241666666
2020,MUJERES,Actividades financieras y de seguros,Sep - Nov,151.6985432
2020,MUJERES,Actividades financieras y de seguros,Oct - Dic,149.99537577333334
2020,MUJERES,Actividades financieras y de seguros,Nov - Ene,183.63981009333335
2020,MUJERES,Actividades financieras y de seguros,Dic - Feb,193.84901579333334
2021,MUJERES,Actividades financieras y de seguros,Ene - Mar,197.51373103666666
2021,MUJERES,Actividades financieras y de seguros,Feb - Abr,196.74280106333333
2021,MUJERES,Actividades financieras y de seguros,Mar - May,198.59939443
2021,MUJERES,Actividades financieras y de seguros,Abr - Jun,212.58371039999997
2021,MUJERES,Actividades financieras y de seguros,May - Jul,205.40273006333334
2021,MUJERES,Actividades financieras y de seguros,Jun - Ago,199.21863706333332
2021,MUJERES,Actividades financieras y de seguros,Jul - Sep,222.55783837333334
2021,MUJERES,Actividades financieras y de seguros,Ago - Oct,228.45448443666666
2021,MUJERES,Actividades financieras y de seguros,Sep - Nov,225.0576157633333
2021,MUJERES,Actividades financieras y de seguros,Oct - Dic,212.87560425333334
2021,MUJERES,Actividades financieras y de seguros,Nov - Ene,227.07845856666668
2021,MUJERES,Actividades financieras y de seguros,Dic - Feb,234.31440851333332
2022,MUJERES,Actividades financieras y de seguros,Ene - Mar,216.6077337733333
2022,MUJERES,Actividades financieras y de seguros,Feb - Abr,199.63781321666667
2022,MUJERES,Actividades financieras y de seguros,Mar - May,219.49491937333332
2022,MUJERES,Actividades financieras y de seguros,Abr - Jun,229.06749504333334
2022,MUJERES,Actividades financieras y de seguros,May - Jul,246.83956216666664
2022,MUJERES,Actividades financieras y de seguros,Jun - Ago,235.48423513333333
2022,MUJERES,Actividades financieras y de seguros,Jul - Sep,252.08235315333332
2022,MUJERES,Actividades financieras y de seguros,Ago - Oct,251.63045143
2022,MUJERES,Actividades financieras y de seguros,Sep - Nov,246.49545788999998
2022,MUJERES,Actividades financieras y de seguros,Oct - Dic,246.03618388333334
2022,MUJERES,Actividades financieras y de seguros,Nov - Ene,237.65464995666665
2022,MUJERES,Actividades financieras y de seguros,Dic - Feb,250.19755190666663
2023,MUJERES,Actividades financieras y de seguros,Ene - Mar,231.54348768
2023,MUJERES,Actividades financieras y de seguros,Feb - Abr,228.85366695666664
2023,MUJERES,Actividades financieras y de seguros,Mar - May,229.21744879666664
2023,MUJERES,Actividades financieras y de seguros,Abr - Jun,235.67609407999998
2023,MUJERES,Actividades financieras y de seguros,May - Jul,256.04261627666665
2023,MUJERES,Actividades financieras y de seguros,Jun - Ago,261.88660711
2023,MUJERES,Actividades financieras y de seguros,Jul - Sep,251.23149375333333
2023,MUJERES,Actividades financieras y de seguros,Ago - Oct,237.90327320666665
2023,MUJERES,Actividades financieras y de seguros,Sep - Nov,234.75624156
2023,MUJERES,Actividades financieras y de seguros,Oct - Dic,246.69589659
2023,MUJERES,Actividades financieras y de seguros,Nov - Ene,254.63891323333334
2023,MUJERES,Actividades financieras y de seguros,Dic - Feb,252.33370680666667
2024,MUJERES,Actividades financieras y de seguros,Ene - Mar,235.03407416333334
2024,MUJERES,Actividades financieras y de seguros,Feb - Abr,234.47495561999997
2024,MUJERES,Actividades financieras y de seguros,Mar - May,220.84142542333333
2024,MUJERES,Actividades financieras y de seguros,Abr - Jun,231.22538032333333
2024,MUJERES,Actividades financieras y de seguros,May - Jul,233.20564668666668
2024,MUJERES,Actividades financieras y de seguros,Jun - Ago,227.36349574
2024,MUJERES,Actividades financieras y de seguros,Jul - Sep,218.20386424333336
2024,MUJERES,Actividades financieras y de seguros,Ago - Oct,206.67113282666665
2024,MUJERES,Actividades financieras y de seguros,Sep - Nov,227.35038627333333
2024,MUJERES,Actividades financieras y de seguros,Oct - Dic,256.75908426333336
2024,MUJERES,Actividades financieras y de seguros,Nov - Ene,258.08257575333334
2024,MUJERES,Actividades financieras y de seguros,Dic - Feb,255.16293242333336
2025,MUJERES,Actividades financieras y de seguros,Ene - Mar,225.79894695333334
2025,MUJERES,Actividades financieras y de seguros,Feb - Abr,226.69221954666668
2025,MUJERES,Actividades financieras y de seguros,Mar - May,216.96333531333335
2025,MUJERES,Actividades financieras y de seguros,Abr - Jun,235.16681019333336
2025,MUJERES,Actividades financieras y de seguros,May - Jul,251.19049037333335
2025,MUJERES,Actividades financieras y de seguros,Jun - Ago,270.11635441333334
2025,MUJERES,Actividades financieras y de seguros,Jul - Sep,272.8811538766667
2025,MUJERES,Actividades financieras y de seguros,Ago - Oct,259.0871714
2025,MUJERES,Actividades financieras y de seguros,Sep - Nov,259.91436385
2025,MUJERES,Actividades financieras y de seguros,Oct - Dic,254.25711436333336
2025,MUJERES,Actividades financieras y de seguros,Nov - Ene,264.62151468
2025,MUJERES,Actividades financieras y de seguros,Dic - Feb,268.92802438
2026,MUJERES,Actividades financieras y de seguros,Ene - Mar,280.53729931333334
2026,MUJERES,Actividades financieras y de seguros,Feb - Abr,263.48586628333334
2026,MUJERES,Actividades financieras y de seguros,Mar - May,243.23859971000002
2026,MUJERES,Actividades financieras y de seguros,Abr - Jun,240.65721648
2015,MUJERES,Actividades inmobiliarias,Ene - Mar,74.51886332666666
2015,MUJERES,Actividades inmobiliarias,Feb - Abr,68.28309219133332
2015,MUJERES,Actividades inmobiliarias,Mar - May,64.887779048
2015,MUJERES,Actividades inmobiliarias,Abr - Jun,71.00624850066667
2015,MUJERES,Actividades inmobiliarias,May - Jul,75.67264249766667
2015,MUJERES,Actividades inmobiliarias,Jun - Ago,82.99507252133333
2015,MUJERES,Actividades inmobiliarias,Jul - Sep,76.05517907533333
2015,MUJERES,Actividades inmobiliarias,Ago - Oct,73.30811602300001
2015,MUJERES,Actividades inmobiliarias,Sep - Nov,67.55765793333333
2015,MUJERES,Actividades inmobiliarias,Oct - Dic,71.24389204833334
2015,MUJERES,Actividades inmobiliarias,Nov - Ene,77.44043299733333
2015,MUJERES,Actividades inmobiliarias,Dic - Feb,75.093734855
2016,MUJERES,Actividades inmobiliarias,Ene - Mar,71.89977166633332
2016,MUJERES,Actividades inmobiliarias,Feb - Abr,74.41664661433333
2016,MUJERES,Actividades inmobiliarias,Mar - May,71.21815406966667
2016,MUJERES,Actividades inmobiliarias,Abr - Jun,81.13241846433334
2016,MUJERES,Actividades inmobiliarias,May - Jul,68.16573485733333
2016,MUJERES,Actividades inmobiliarias,Jun - Ago,73.94383069433333
2016,MUJERES,Actividades inmobiliarias,Jul - Sep,63.00671122733334
2016,MUJERES,Actividades inmobiliarias,Ago - Oct,74.94645884066666
2016,MUJERES,Actividades inmobiliarias,Sep - Nov,71.958681879
2016,MUJERES,Actividades inmobiliarias,Oct - Dic,78.11635930866667
2016,MUJERES,Actividades inmobiliarias,Nov - Ene,79.053299254
2016,MUJERES,Actividades inmobiliarias,Dic - Feb,87.44626072766668
2017,MUJERES,Actividades inmobiliarias,Ene - Mar,84.667763616
2017,MUJERES,Actividades inmobiliarias,Feb - Abr,78.38360216566667
2017,MUJERES,Actividades inmobiliarias,Mar - May,66.99886326
2017,MUJERES,Actividades inmobiliarias,Abr - Jun,75.18642758733334
2017,MUJERES,Actividades inmobiliarias,May - Jul,72.72248497766667
2017,MUJERES,Actividades inmobiliarias,Jun - Ago,79.48361200266667
2017,MUJERES,Actividades inmobiliarias,Jul - Sep,80.86273958333334
2017,MUJERES,Actividades inmobiliarias,Ago - Oct,90.66618355833333
2017,MUJERES,Actividades inmobiliarias,Sep - Nov,91.53823839
2017,MUJERES,Actividades inmobiliarias,Oct - Dic,80.80102528633334
2017,MUJERES,Actividades inmobiliarias,Nov - Ene,73.120483948
2017,MUJERES,Actividades inmobiliarias,Dic - Feb,65.26781091933333
2018,MUJERES,Actividades inmobiliarias,Ene - Mar,74.29253439633332
2018,MUJERES,Actividades inmobiliarias,Feb - Abr,80.36209531366667
2018,MUJERES,Actividades inmobiliarias,Mar - May,88.76161170433333
2018,MUJERES,Actividades inmobiliarias,Abr - Jun,84.32560505466667
2018,MUJERES,Actividades inmobiliarias,May - Jul,78.62128482866666
2018,MUJERES,Actividades inmobiliarias,Jun - Ago,78.23758655633334
2018,MUJERES,Actividades inmobiliarias,Jul - Sep,73.27590423
2018,MUJERES,Actividades inmobiliarias,Ago - Oct,83.40179477599999
2018,MUJERES,Actividades inmobiliarias,Sep - Nov,82.44756080233334
2018,MUJERES,Actividades inmobiliarias,Oct - Dic,92.54140515233333
2018,MUJERES,Actividades inmobiliarias,Nov - Ene,87.56576984566668
2018,MUJERES,Actividades inmobiliarias,Dic - Feb,82.17463304233333
2019,MUJERES,Actividades inmobiliarias,Ene - Mar,74.69810143166667
2019,MUJERES,Actividades inmobiliarias,Feb - Abr,64.82167822633333
2019,MUJERES,Actividades inmobiliarias,Mar - May,70.54947943633333
2019,MUJERES,Actividades inmobiliarias,Abr - Jun,76.43711614
2019,MUJERES,Actividades inmobiliarias,May - Jul,86.331971275
2019,MUJERES,Actividades inmobiliarias,Jun - Ago,84.96504734766667
2019,MUJERES,Actividades inmobiliarias,Jul - Sep,85.480622387
2019,MUJERES,Actividades inmobiliarias,Ago - Oct,85.653485128
2019,MUJERES,Actividades inmobiliarias,Sep - Nov,93.375029126
2019,MUJERES,Actividades inmobiliarias,Oct - Dic,86.40950915799999
2019,MUJERES,Actividades inmobiliarias,Nov - Ene,83.06963791466666
2019,MUJERES,Actividades inmobiliarias,Dic - Feb,73.47585389666666
2020,MUJERES,Actividades inmobiliarias,Ene - Mar,80.21643150666667
2020,MUJERES,Actividades inmobiliarias,Feb - Abr,73.353247645
2020,MUJERES,Actividades inmobiliarias,Mar - May,69.45245905833333
2020,MUJERES,Actividades inmobiliarias,Abr - Jun,58.59406503833333
2020,MUJERES,Actividades inmobiliarias,May - Jul,52.14316684533333
2020,MUJERES,Actividades inmobiliarias,Jun - Ago,58.411245725666674
2020,MUJERES,Actividades inmobiliarias,Jul - Sep,65.43438870266667
2020,MUJERES,Actividades inmobiliarias,Ago - Oct,73.87439831633334
2020,MUJERES,Actividades inmobiliarias,Sep - Nov,72.24372424366666
2020,MUJERES,Actividades inmobiliarias,Oct - Dic,68.18066742433334
2020,MUJERES,Actividades inmobiliarias,Nov - Ene,62.99813678033333
2020,MUJERES,Actividades inmobiliarias,Dic - Feb,53.57016993733333
2021,MUJERES,Actividades inmobiliarias,Ene - Mar,53.68539890366666
2021,MUJERES,Actividades inmobiliarias,Feb - Abr,57.885642053999995
2021,MUJERES,Actividades inmobiliarias,Mar - May,78.89241887233334
2021,MUJERES,Actividades inmobiliarias,Abr - Jun,79.46059065166666
2021,MUJERES,Actividades inmobiliarias,May - Jul,83.62320261733333
2021,MUJERES,Actividades inmobiliarias,Jun - Ago,73.85679706500001
2021,MUJERES,Actividades inmobiliarias,Jul - Sep,73.05810857266667
2021,MUJERES,Actividades inmobiliarias,Ago - Oct,67.055584997
2021,MUJERES,Actividades inmobiliarias,Sep - Nov,61.08612032
2021,MUJERES,Actividades inmobiliarias,Oct - Dic,52.24400738366666
2021,MUJERES,Actividades inmobiliarias,Nov - Ene,58.366645997666666
2021,MUJERES,Actividades inmobiliarias,Dic - Feb,62.199075609999994
2022,MUJERES,Actividades inmobiliarias,Ene - Mar,76.453573978
2022,MUJERES,Actividades inmobiliarias,Feb - Abr,84.568102713
2022,MUJERES,Actividades inmobiliarias,Mar - May,90.36969280333334
2022,MUJERES,Actividades inmobiliarias,Abr - Jun,88.76637966533333
2022,MUJERES,Actividades inmobiliarias,May - Jul,85.91369363399998
2022,MUJERES,Actividades inmobiliarias,Jun - Ago,87.319231555
2022,MUJERES,Actividades inmobiliarias,Jul - Sep,94.67147810466668
2022,MUJERES,Actividades inmobiliarias,Ago - Oct,88.31621762466666
2022,MUJERES,Actividades inmobiliarias,Sep - Nov,84.99371643433334
2022,MUJERES,Actividades inmobiliarias,Oct - Dic,82.693407053
2022,MUJERES,Actividades inmobiliarias,Nov - Ene,83.04838039833334
2022,MUJERES,Actividades inmobiliarias,Dic - Feb,82.33394242866667
2023,MUJERES,Actividades inmobiliarias,Ene - Mar,87.13358715999999
2023,MUJERES,Actividades inmobiliarias,Feb - Abr,90.66599856333335
2023,MUJERES,Actividades inmobiliarias,Mar - May,91.72779771666667
2023,MUJERES,Actividades inmobiliarias,Abr - Jun,88.90046451333335
2023,MUJERES,Actividades inmobiliarias,May - Jul,98.164476621
2023,MUJERES,Actividades inmobiliarias,Jun - Ago,106.79872303999998
2023,MUJERES,Actividades inmobiliarias,Jul - Sep,104.184816159
2023,MUJERES,Actividades inmobiliarias,Ago - Oct,96.98545790166666
2023,MUJERES,Actividades inmobiliarias,Sep - Nov,92.14986611633333
2023,MUJERES,Actividades inmobiliarias,Oct - Dic,88.52300659966666
2023,MUJERES,Actividades inmobiliarias,Nov - Ene,97.27838314033333
2023,MUJERES,Actividades inmobiliarias,Dic - Feb,98.14677769000001
2024,MUJERES,Actividades inmobiliarias,Ene - Mar,96.806900916
2024,MUJERES,Actividades inmobiliarias,Feb - Abr,89.12236697233334
2024,MUJERES,Actividades inmobiliarias,Mar - May,94.88416768466668
2024,MUJERES,Actividades inmobiliarias,Abr - Jun,114.13345297633334
2024,MUJERES,Actividades inmobiliarias,May - Jul,123.82501649333334
2024,MUJERES,Actividades inmobiliarias,Jun - Ago,119.9860613
2024,MUJERES,Actividades inmobiliarias,Jul - Sep,103.36184042466665
2024,MUJERES,Actividades inmobiliarias,Ago - Oct,95.64912994466665
2024,MUJERES,Actividades inmobiliarias,Sep - Nov,96.35705755133334
2024,MUJERES,Actividades inmobiliarias,Oct - Dic,103.35461578999998
2024,MUJERES,Actividades inmobiliarias,Nov - Ene,113.40702377999999
2024,MUJERES,Actividades inmobiliarias,Dic - Feb,112.64936818666666
2025,MUJERES,Actividades inmobiliarias,Ene - Mar,114.06923808666666
2025,MUJERES,Actividades inmobiliarias,Feb - Abr,104.05208115066667
2025,MUJERES,Actividades inmobiliarias,Mar - May,102.670733972
2025,MUJERES,Actividades inmobiliarias,Abr - Jun,104.49180705866667
2025,MUJERES,Actividades inmobiliarias,May - Jul,108.204485918
2025,MUJERES,Actividades inmobiliarias,Jun - Ago,124.36840160666668
2025,MUJERES,Actividades inmobiliarias,Jul - Sep,105.28494461433333
2025,MUJERES,Actividades inmobiliarias,Ago - Oct,98.33930398
2025,MUJERES,Actividades inmobiliarias,Sep - Nov,92.94024589666667
2025,MUJERES,Actividades inmobiliarias,Oct - Dic,112.17866319566667
2025,MUJERES,Actividades inmobiliarias,Nov - Ene,123.65228948333333
2025,MUJERES,Actividades inmobiliarias,Dic - Feb,113.17552228066667
2026,MUJERES,Actividades inmobiliarias,Ene - Mar,113.899702164
2026,MUJERES,Actividades inmobiliarias,Feb - Abr,116.12520278733332
2026,MUJERES,Actividades inmobiliarias,Mar - May,123.42899605999999
2026,MUJERES,Actividades inmobiliarias,Abr - Jun,120.06889651666665
2015,MUJERES,"Actividades profesionales, científicas, técnicas y servicios administrativos",Ene - Mar,624.77130145
2015,MUJERES,"Actividades profesionales, científicas, técnicas y servicios administrativos",Feb - Abr,628.19757762
2015,MUJERES,"Actividades profesionales, científicas, técnicas y servicios administrativos",Mar - May,646.1754460833332
2015,MUJERES,"Actividades profesionales, científicas, técnicas y servicios administrativos",Abr - Jun,673.9080634800001
2015,MUJERES,"Actividades profesionales, científicas, técnicas y servicios administrativos",May - Jul,668.2538980766667
2015,MUJERES,"Actividades profesionales, científicas, técnicas y servicios administrativos",Jun - Ago,678.7580421233333
2015,MUJERES,"Actividades profesionales, científicas, técnicas y servicios administrativos",Jul - Sep,645.7717663166667
2015,MUJERES,"Actividades profesionales, científicas, técnicas y servicios administrativos",Ago - Oct,642.98721846
2015,MUJERES,"Actividades profesionales, científicas, técnicas y servicios administrativos",Sep - Nov,693.5547578233333
2015,MUJERES,"Actividades profesionales, científicas, técnicas y servicios administrativos",Oct - Dic,703.4963650466667
2015,MUJERES,"Actividades profesionales, científicas, técnicas y servicios administrativos",Nov - Ene,710.5282477366667
2015,MUJERES,"Actividades profesionales, científicas, técnicas y servicios administrativos",Dic - Feb,664.5789226633333
2016,MUJERES,"Actividades profesionales, científicas, técnicas y servicios administrativos",Ene - Mar,655.1797450866666
2016,MUJERES,"Actividades profesionales, científicas, técnicas y servicios administrativos",Feb - Abr,668.6191297866667
2016,MUJERES,"Actividades profesionales, científicas, técnicas y servicios administrativos",Mar - May,668.0272138933333
2016,MUJERES,"Actividades profesionales, científicas, técnicas y servicios administrativos",Abr - Jun,671.8423669566668
2016,MUJERES,"Actividades profesionales, científicas, técnicas y servicios administrativos",May - Jul,669.7972053133334
2016,MUJERES,"Actividades profesionales, científicas, técnicas y servicios administrativos",Jun - Ago,668.4080725466666
2016,MUJERES,"Actividades profesionales, científicas, técnicas y servicios administrativos",Jul - Sep,693.3954288599999
2016,MUJERES,"Actividades profesionales, científicas, técnicas y servicios administrativos",Ago - Oct,734.1675668066667
2016,MUJERES,"Actividades profesionales, científicas, técnicas y servicios administrativos",Sep - Nov,766.70538905
2016,MUJERES,"Actividades profesionales, científicas, técnicas y servicios administrativos",Oct - Dic,760.3951081866667
2016,MUJERES,"Actividades profesionales, científicas, técnicas y servicios administrativos",Nov - Ene,720.88835381
2016,MUJERES,"Actividades profesionales, científicas, técnicas y servicios administrativos",Dic - Feb,705.6694920066666
2017,MUJERES,"Actividades profesionales, científicas, técnicas y servicios administrativos",Ene - Mar,691.7995151499999
2017,MUJERES,"Actividades profesionales, científicas, técnicas y servicios administrativos",Feb - Abr,720.1971394333333
2017,MUJERES,"Actividades profesionales, científicas, técnicas y servicios administrativos",Mar - May,733.9697702933332
2017,MUJERES,"Actividades profesionales, científicas, técnicas y servicios administrativos",Abr - Jun,765.2921118366667
2017,MUJERES,"Actividades profesionales, científicas, técnicas y servicios administrativos",May - Jul,739.0599636266667
2017,MUJERES,"Actividades profesionales, científicas, técnicas y servicios administrativos",Jun - Ago,762.8699751333334
2017,MUJERES,"Actividades profesionales, científicas, técnicas y servicios administrativos",Jul - Sep,746.4006280500001
2017,MUJERES,"Actividades profesionales, científicas, técnicas y servicios administrativos",Ago - Oct,762.98971665
2017,MUJERES,"Actividades profesionales, científicas, técnicas y servicios administrativos",Sep - Nov,735.1779859333334
2017,MUJERES,"Actividades profesionales, científicas, técnicas y servicios administrativos",Oct - Dic,754.33806039
2017,MUJERES,"Actividades profesionales, científicas, técnicas y servicios administrativos",Nov - Ene,753.3412305466667
2017,MUJERES,"Actividades profesionales, científicas, técnicas y servicios administrativos",Dic - Feb,727.7109982266666
2018,MUJERES,"Actividades profesionales, científicas, técnicas y servicios administrativos",Ene - Mar,711.5035985233334
2018,MUJERES,"Actividades profesionales, científicas, técnicas y servicios administrativos",Feb - Abr,694.3695288066666
2018,MUJERES,"Actividades profesionales, científicas, técnicas y servicios administrativos",Mar - May,703.5924991166667
2018,MUJERES,"Actividades profesionales, científicas, técnicas y servicios administrativos",Abr - Jun,720.9871853733334
2018,MUJERES,"Actividades profesionales, científicas, técnicas y servicios administrativos",May - Jul,740.1958933933333
2018,MUJERES,"Actividades profesionales, científicas, técnicas y servicios administrativos",Jun - Ago,768.98878602
2018,MUJERES,"Actividades profesionales, científicas, técnicas y servicios administrativos",Jul - Sep,767.2388258133333
2018,MUJERES,"Actividades profesionales, científicas, técnicas y servicios administrativos",Ago - Oct,794.91224643
2018,MUJERES,"Actividades profesionales, científicas, técnicas y servicios administrativos",Sep - Nov,770.0380198866666
2018,MUJERES,"Actividades profesionales, científicas, técnicas y servicios administrativos",Oct - Dic,769.8907125766667
2018,MUJERES,"Actividades profesionales, científicas, técnicas y servicios administrativos",Nov - Ene,722.0777181333333
2018,MUJERES,"Actividades profesionales, científicas, técnicas y servicios administrativos",Dic - Feb,721.1416829133333
2019,MUJERES,"Actividades profesionales, científicas, técnicas y servicios administrativos",Ene - Mar,693.0401264033335
2019,MUJERES,"Actividades profesionales, científicas, técnicas y servicios administrativos",Feb - Abr,720.0441007533333
2019,MUJERES,"Actividades profesionales, científicas, técnicas y servicios administrativos",Mar - May,733.6930424366666
2019,MUJERES,"Actividades profesionales, científicas, técnicas y servicios administrativos",Abr - Jun,752.70501694
2019,MUJERES,"Actividades profesionales, científicas, técnicas y servicios administrativos",May - Jul,731.3383740099999
2019,MUJERES,"Actividades profesionales, científicas, técnicas y servicios administrativos",Jun - Ago,719.5521641566667
2019,MUJERES,"Actividades profesionales, científicas, técnicas y servicios administrativos",Jul - Sep,734.5567554566666
2019,MUJERES,"Actividades profesionales, científicas, técnicas y servicios administrativos",Ago - Oct,767.3537309566667
2019,MUJERES,"Actividades profesionales, científicas, técnicas y servicios administrativos",Sep - Nov,777.9518392766666
2019,MUJERES,"Actividades profesionales, científicas, técnicas y servicios administrativos",Oct - Dic,782.90481813
2019,MUJERES,"Actividades profesionales, científicas, técnicas y servicios administrativos",Nov - Ene,783.8584052866667
2019,MUJERES,"Actividades profesionales, científicas, técnicas y servicios administrativos",Dic - Feb,774.66651356
2020,MUJERES,"Actividades profesionales, científicas, técnicas y servicios administrativos",Ene - Mar,749.3911836000001
2020,MUJERES,"Actividades profesionales, científicas, técnicas y servicios administrativos",Feb - Abr,675.6157615166667
2020,MUJERES,"Actividades profesionales, científicas, técnicas y servicios administrativos",Mar - May,652.6037282166667
2020,MUJERES,"Actividades profesionales, científicas, técnicas y servicios administrativos",Abr - Jun,605.7162603966667
2020,MUJERES,"Actividades profesionales, científicas, técnicas y servicios administrativos",May - Jul,591.2210601266667
2020,MUJERES,"Actividades profesionales, científicas, técnicas y servicios administrativos",Jun - Ago,547.0079751266667
2020,MUJERES,"Actividades profesionales, científicas, técnicas y servicios administrativos",Jul - Sep,573.1065496866667
2020,MUJERES,"Actividades profesionales, científicas, técnicas y servicios administrativos",Ago - Oct,605.3224838900001
2020,MUJERES,"Actividades profesionales, científicas, técnicas y servicios administrativos",Sep - Nov,663.29747573
2020,MUJERES,"Actividades profesionales, científicas, técnicas y servicios administrativos",Oct - Dic,687.0817301933333
2020,MUJERES,"Actividades profesionales, científicas, técnicas y servicios administrativos",Nov - Ene,720.8351825033333
2020,MUJERES,"Actividades profesionales, científicas, técnicas y servicios administrativos",Dic - Feb,752.32593258
2021,MUJERES,"Actividades profesionales, científicas, técnicas y servicios administrativos",Ene - Mar,759.27835198
2021,MUJERES,"Actividades profesionales, científicas, técnicas y servicios administrativos",Feb - Abr,787.6532107066668
2021,MUJERES,"Actividades profesionales, científicas, técnicas y servicios administrativos",Mar - May,789.3554647033334
2021,MUJERES,"Actividades profesionales, científicas, técnicas y servicios administrativos",Abr - Jun,816.95608318
2021,MUJERES,"Actividades profesionales, científicas, técnicas y servicios administrativos",May - Jul,832.8613602899999
2021,MUJERES,"Actividades profesionales, científicas, técnicas y servicios administrativos",Jun - Ago,871.21955975
2021,MUJERES,"Actividades profesionales, científicas, técnicas y servicios administrativos",Jul - Sep,913.87617552
2021,MUJERES,"Actividades profesionales, científicas, técnicas y servicios administrativos",Ago - Oct,943.80614939
2021,MUJERES,"Actividades profesionales, científicas, técnicas y servicios administrativos",Sep - Nov,948.9265010366668
2021,MUJERES,"Actividades profesionales, científicas, técnicas y servicios administrativos",Oct - Dic,927.0713396866666
2021,MUJERES,"Actividades profesionales, científicas, técnicas y servicios administrativos",Nov - Ene,922.64371166
2021,MUJERES,"Actividades profesionales, científicas, técnicas y servicios administrativos",Dic - Feb,933.1000441900001
2022,MUJERES,"Actividades profesionales, científicas, técnicas y servicios administrativos",Ene - Mar,924.3348981
2022,MUJERES,"Actividades profesionales, científicas, técnicas y servicios administrativos",Feb - Abr,911.6701396733333
2022,MUJERES,"Actividades profesionales, científicas, técnicas y servicios administrativos",Mar - May,897.5179026366667
2022,MUJERES,"Actividades profesionales, científicas, técnicas y servicios administrativos",Abr - Jun,889.4025273533334
2022,MUJERES,"Actividades profesionales, científicas, técnicas y servicios administrativos",May - Jul,923.4146560700001
2022,MUJERES,"Actividades profesionales, científicas, técnicas y servicios administrativos",Jun - Ago,954.8443043466667
2022,MUJERES,"Actividades profesionales, científicas, técnicas y servicios administrativos",Jul - Sep,992.1738603766667
2022,MUJERES,"Actividades profesionales, científicas, técnicas y servicios administrativos",Ago - Oct,969.56425037
2022,MUJERES,"Actividades profesionales, científicas, técnicas y servicios administrativos",Sep - Nov,989.6198589033332
2022,MUJERES,"Actividades profesionales, científicas, técnicas y servicios administrativos",Oct - Dic,1002.5312397233333
2022,MUJERES,"Actividades profesionales, científicas, técnicas y servicios administrativos",Nov - Ene,1054.5059350966667
2022,MUJERES,"Actividades profesionales, científicas, técnicas y servicios administrativos",Dic - Feb,1022.9863035500001
2023,MUJERES,"Actividades profesionales, científicas, técnicas y servicios administrativos",Ene - Mar,1014.4938063433334
2023,MUJERES,"Actividades profesionales, científicas, técnicas y servicios administrativos",Feb - Abr,975.8053959633334
2023,MUJERES,"Actividades profesionales, científicas, técnicas y servicios administrativos",Mar - May,972.8897033399999
2023,MUJERES,"Actividades profesionales, científicas, técnicas y servicios administrativos",Abr - Jun,983.4649964166666
2023,MUJERES,"Actividades profesionales, científicas, técnicas y servicios administrativos",May - Jul,977.8379671399999
2023,MUJERES,"Actividades profesionales, científicas, técnicas y servicios administrativos",Jun - Ago,980.51928166
2023,MUJERES,"Actividades profesionales, científicas, técnicas y servicios administrativos",Jul - Sep,982.5908061266667
2023,MUJERES,"Actividades profesionales, científicas, técnicas y servicios administrativos",Ago - Oct,1006.98064655
2023,MUJERES,"Actividades profesionales, científicas, técnicas y servicios administrativos",Sep - Nov,1038.4785043666668
2023,MUJERES,"Actividades profesionales, científicas, técnicas y servicios administrativos",Oct - Dic,1079.4232706
2023,MUJERES,"Actividades profesionales, científicas, técnicas y servicios administrativos",Nov - Ene,1105.6773411666666
2023,MUJERES,"Actividades profesionales, científicas, técnicas y servicios administrativos",Dic - Feb,1064.6059093400002
2024,MUJERES,"Actividades profesionales, científicas, técnicas y servicios administrativos",Ene - Mar,1038.7908355066666
2024,MUJERES,"Actividades profesionales, científicas, técnicas y servicios administrativos",Feb - Abr,1016.3432121066666
2024,MUJERES,"Actividades profesionales, científicas, técnicas y servicios administrativos",Mar - May,1047.4271950666666
2024,MUJERES,"Actividades profesionales, científicas, técnicas y servicios administrativos",Abr - Jun,1011.3399573733335
2024,MUJERES,"Actividades profesionales, científicas, técnicas y servicios administrativos",May - Jul,987.2073936800001
2024,MUJERES,"Actividades profesionales, científicas, técnicas y servicios administrativos",Jun - Ago,992.0004429466667
2024,MUJERES,"Actividades profesionales, científicas, técnicas y servicios administrativos",Jul - Sep,1026.6736983733333
2024,MUJERES,"Actividades profesionales, científicas, técnicas y servicios administrativos",Ago - Oct,1021.05175591
2024,MUJERES,"Actividades profesionales, científicas, técnicas y servicios administrativos",Sep - Nov,1030.71537091
2024,MUJERES,"Actividades profesionales, científicas, técnicas y servicios administrativos",Oct - Dic,1051.46648961
2024,MUJERES,"Actividades profesionales, científicas, técnicas y servicios administrativos",Nov - Ene,1037.5565706533332
2024,MUJERES,"Actividades profesionales, científicas, técnicas y servicios administrativos",Dic - Feb,1012.3412338866665
2025,MUJERES,"Actividades profesionales, científicas, técnicas y servicios administrativos",Ene - Mar,989.8745214866667
2025,MUJERES,"Actividades profesionales, científicas, técnicas y servicios administrativos",Feb - Abr,1024.1553800333334
2025,MUJERES,"Actividades profesionales, científicas, técnicas y servicios administrativos",Mar - May,1036.4059281333332
2025,MUJERES,"Actividades profesionales, científicas, técnicas y servicios administrativos",Abr - Jun,1019.1867068599998
2025,MUJERES,"Actividades profesionales, científicas, técnicas y servicios administrativos",May - Jul,1051.0905046599999
2025,MUJERES,"Actividades profesionales, científicas, técnicas y servicios administrativos",Jun - Ago,1022.3171402133333
2025,MUJERES,"Actividades profesionales, científicas, técnicas y servicios administrativos",Jul - Sep,1006.8107360333333
2025,MUJERES,"Actividades profesionales, científicas, técnicas y servicios administrativos",Ago - Oct,972.4860096000001
2025,MUJERES,"Actividades profesionales, científicas, técnicas y servicios administrativos",Sep - Nov,991.9121373133333
2025,MUJERES,"Actividades profesionales, científicas, técnicas y servicios administrativos",Oct - Dic,1053.0374572333333
2025,MUJERES,"Actividades profesionales, científicas, técnicas y servicios administrativos",Nov - Ene,1069.4952949
2025,MUJERES,"Actividades profesionales, científicas, técnicas y servicios administrativos",Dic - Feb,1095.5744988666668
2026,MUJERES,"Actividades profesionales, científicas, técnicas y servicios administrativos",Ene - Mar,1064.3051190333333
2026,MUJERES,"Actividades profesionales, científicas, técnicas y servicios administrativos",Feb - Abr,1060.1232626
2026,MUJERES,"Actividades profesionales, científicas, técnicas y servicios administrativos",Mar - May,1057.8520387666667
2026,MUJERES,"Actividades profesionales, científicas, técnicas y servicios administrativos",Abr - Jun,1059.9391036666668
2015,MUJERES,"Administración pública y defensa, educación y atención de la salud humana",Ene - Mar,1368.0742522666667
2015,MUJERES,"Administración pública y defensa, educación y atención de la salud humana",Feb - Abr,1471.7810711666668
2015,MUJERES,"Administración pública y defensa, educación y atención de la salud humana",Mar - May,1515.4932753666665
2015,MUJERES,"Administración pública y defensa, educación y atención de la salud humana",Abr - Jun,1537.8406143333334
2015,MUJERES,"Administración pública y defensa, educación y atención de la salud humana",May - Jul,1499.2546235666666
2015,MUJERES,"Administración pública y defensa, educación y atención de la salud humana",Jun - Ago,1520.8007377000001
2015,MUJERES,"Administración pública y defensa, educación y atención de la salud humana",Jul - Sep,1530.1469436333334
2015,MUJERES,"Administración pública y defensa, educación y atención de la salud humana",Ago - Oct,1585.3509103666668
2015,MUJERES,"Administración pública y defensa, educación y atención de la salud humana",Sep - Nov,1529.7934537
2015,MUJERES,"Administración pública y defensa, educación y atención de la salud humana",Oct - Dic,1441.2505140333335
2015,MUJERES,"Administración pública y defensa, educación y atención de la salud humana",Nov - Ene,1355.6379217
2015,MUJERES,"Administración pública y defensa, educación y atención de la salud humana",Dic - Feb,1391.5102415666668
2016,MUJERES,"Administración pública y defensa, educación y atención de la salud humana",Ene - Mar,1446.1837313666667
2016,MUJERES,"Administración pública y defensa, educación y atención de la salud humana",Feb - Abr,1503.1192960666667
2016,MUJERES,"Administración pública y defensa, educación y atención de la salud humana",Mar - May,1548.9990134666666
2016,MUJERES,"Administración pública y defensa, educación y atención de la salud humana",Abr - Jun,1573.437586733333
2016,MUJERES,"Administración pública y defensa, educación y atención de la salud humana",May - Jul,1573.3819325000002
2016,MUJERES,"Administración pública y defensa, educación y atención de la salud humana",Jun - Ago,1538.8347140666665
2016,MUJERES,"Administración pública y defensa, educación y atención de la salud humana",Jul - Sep,1549.4765983999998
2016,MUJERES,"Administración pública y defensa, educación y atención de la salud humana",Ago - Oct,1565.6843442
2016,MUJERES,"Administración pública y defensa, educación y atención de la salud humana",Sep - Nov,1601.2517671666667
2016,MUJERES,"Administración pública y defensa, educación y atención de la salud humana",Oct - Dic,1543.4924313333333
2016,MUJERES,"Administración pública y defensa, educación y atención de la salud humana",Nov - Ene,1454.7854144
2016,MUJERES,"Administración pública y defensa, educación y atención de la salud humana",Dic - Feb,1387.2353188
2017,MUJERES,"Administración pública y defensa, educación y atención de la salud humana",Ene - Mar,1404.5307412666668
2017,MUJERES,"Administración pública y defensa, educación y atención de la salud humana",Feb - Abr,1500.6805610000001
2017,MUJERES,"Administración pública y defensa, educación y atención de la salud humana",Mar - May,1539.9944691666667
2017,MUJERES,"Administración pública y defensa, educación y atención de la salud humana",Abr - Jun,1600.8987224333334
2017,MUJERES,"Administración pública y defensa, educación y atención de la salud humana",May - Jul,1546.9058826
2017,MUJERES,"Administración pública y defensa, educación y atención de la salud humana",Jun - Ago,1573.3735425333332
2017,MUJERES,"Administración pública y defensa, educación y atención de la salud humana",Jul - Sep,1554.2702526666665
2017,MUJERES,"Administración pública y defensa, educación y atención de la salud humana",Ago - Oct,1592.5780713333334
2017,MUJERES,"Administración pública y defensa, educación y atención de la salud humana",Sep - Nov,1550.6171149666668
2017,MUJERES,"Administración pública y defensa, educación y atención de la salud humana",Oct - Dic,1496.9864576666666
2017,MUJERES,"Administración pública y defensa, educación y atención de la salud humana",Nov - Ene,1413.045243433333
2017,MUJERES,"Administración pública y defensa, educación y atención de la salud humana",Dic - Feb,1378.8298427666666
2018,MUJERES,"Administración pública y defensa, educación y atención de la salud humana",Ene - Mar,1414.8485638333332
2018,MUJERES,"Administración pública y defensa, educación y atención de la salud humana",Feb - Abr,1520.4497267666666
2018,MUJERES,"Administración pública y defensa, educación y atención de la salud humana",Mar - May,1577.1466667333334
2018,MUJERES,"Administración pública y defensa, educación y atención de la salud humana",Abr - Jun,1630.3807647666665
2018,MUJERES,"Administración pública y defensa, educación y atención de la salud humana",May - Jul,1597.9047914
2018,MUJERES,"Administración pública y defensa, educación y atención de la salud humana",Jun - Ago,1633.4912450333334
2018,MUJERES,"Administración pública y defensa, educación y atención de la salud humana",Jul - Sep,1574.4838599000002
2018,MUJERES,"Administración pública y defensa, educación y atención de la salud humana",Ago - Oct,1576.8376670666667
2018,MUJERES,"Administración pública y defensa, educación y atención de la salud humana",Sep - Nov,1548.3400693666665
2018,MUJERES,"Administración pública y defensa, educación y atención de la salud humana",Oct - Dic,1560.1828206666669
2018,MUJERES,"Administración pública y defensa, educación y atención de la salud humana",Nov - Ene,1480.7596211
2018,MUJERES,"Administración pública y defensa, educación y atención de la salud humana",Dic - Feb,1447.0213047
2019,MUJERES,"Administración pública y defensa, educación y atención de la salud humana",Ene - Mar,1473.3179650666668
2019,MUJERES,"Administración pública y defensa, educación y atención de la salud humana",Feb - Abr,1569.6056972666665
2019,MUJERES,"Administración pública y defensa, educación y atención de la salud humana",Mar - May,1626.2479862333332
2019,MUJERES,"Administración pública y defensa, educación y atención de la salud humana",Abr - Jun,1673.4180618999999
2019,MUJERES,"Administración pública y defensa, educación y atención de la salud humana",May - Jul,1677.2753284
2019,MUJERES,"Administración pública y defensa, educación y atención de la salud humana",Jun - Ago,1655.5440610333333
2019,MUJERES,"Administración pública y defensa, educación y atención de la salud humana",Jul - Sep,1585.6152787666663
2019,MUJERES,"Administración pública y defensa, educación y atención de la salud humana",Ago - Oct,1594.8537231999999
2019,MUJERES,"Administración pública y defensa, educación y atención de la salud humana",Sep - Nov,1613.0160352666664
2019,MUJERES,"Administración pública y defensa, educación y atención de la salud humana",Oct - Dic,1541.8554979333333
2019,MUJERES,"Administración pública y defensa, educación y atención de la salud humana",Nov - Ene,1443.0891510000001
2019,MUJERES,"Administración pública y defensa, educación y atención de la salud humana",Dic - Feb,1392.6176637
2020,MUJERES,"Administración pública y defensa, educación y atención de la salud humana",Ene - Mar,1425.5137936333333
2020,MUJERES,"Administración pública y defensa, educación y atención de la salud humana",Feb - Abr,1378.4213172
2020,MUJERES,"Administración pública y defensa, educación y atención de la salud humana",Mar - May,1282.1372902333333
2020,MUJERES,"Administración pública y defensa, educación y atención de la salud humana",Abr - Jun,1215.1851668333336
2020,MUJERES,"Administración pública y defensa, educación y atención de la salud humana",May - Jul,1244.5346122
2020,MUJERES,"Administración pública y defensa, educación y atención de la salud humana",Jun - Ago,1306.9236775666668
2020,MUJERES,"Administración pública y defensa, educación y atención de la salud humana",Jul - Sep,1344.3664973000002
2020,MUJERES,"Administración pública y defensa, educación y atención de la salud humana",Ago - Oct,1400.4378706
2020,MUJERES,"Administración pública y defensa, educación y atención de la salud humana",Sep - Nov,1430.1257847666668
2020,MUJERES,"Administración pública y defensa, educación y atención de la salud humana",Oct - Dic,1416.1236676666667
2020,MUJERES,"Administración pública y defensa, educación y atención de la salud humana",Nov - Ene,1436.2082904666668
2020,MUJERES,"Administración pública y defensa, educación y atención de la salud humana",Dic - Feb,1483.9038547
2021,MUJERES,"Administración pública y defensa, educación y atención de la salud humana",Ene - Mar,1521.6321951
2021,MUJERES,"Administración pública y defensa, educación y atención de la salud humana",Feb - Abr,1565.7240423666665
2021,MUJERES,"Administración pública y defensa, educación y atención de la salud humana",Mar - May,1537.4505990999999
2021,MUJERES,"Administración pública y defensa, educación y atención de la salud humana",Abr - Jun,1554.073135266667
2021,MUJERES,"Administración pública y defensa, educación y atención de la salud humana",May - Jul,1516.4147015666665
2021,MUJERES,"Administración pública y defensa, educación y atención de la salud humana",Jun - Ago,1485.4306046666668
2021,MUJERES,"Administración pública y defensa, educación y atención de la salud humana",Jul - Sep,1508.1741515666665
2021,MUJERES,"Administración pública y defensa, educación y atención de la salud humana",Ago - Oct,1494.4967161333334
2021,MUJERES,"Administración pública y defensa, educación y atención de la salud humana",Sep - Nov,1561.1581558666667
2021,MUJERES,"Administración pública y defensa, educación y atención de la salud humana",Oct - Dic,1510.6678203333333
2021,MUJERES,"Administración pública y defensa, educación y atención de la salud humana",Nov - Ene,1509.2973317333333
2021,MUJERES,"Administración pública y defensa, educación y atención de la salud humana",Dic - Feb,1489.0540308
2022,MUJERES,"Administración pública y defensa, educación y atención de la salud humana",Ene - Mar,1556.5208820666667
2022,MUJERES,"Administración pública y defensa, educación y atención de la salud humana",Feb - Abr,1649.2732458333332
2022,MUJERES,"Administración pública y defensa, educación y atención de la salud humana",Mar - May,1696.4435212
2022,MUJERES,"Administración pública y defensa, educación y atención de la salud humana",Abr - Jun,1692.0017205333334
2022,MUJERES,"Administración pública y defensa, educación y atención de la salud humana",May - Jul,1676.3261385333335
2022,MUJERES,"Administración pública y defensa, educación y atención de la salud humana",Jun - Ago,1670.9953439666667
2022,MUJERES,"Administración pública y defensa, educación y atención de la salud humana",Jul - Sep,1683.3073835333332
2022,MUJERES,"Administración pública y defensa, educación y atención de la salud humana",Ago - Oct,1676.6726667
2022,MUJERES,"Administración pública y defensa, educación y atención de la salud humana",Sep - Nov,1675.1627593333333
2022,MUJERES,"Administración pública y defensa, educación y atención de la salud humana",Oct - Dic,1671.4933074666667
2022,MUJERES,"Administración pública y defensa, educación y atención de la salud humana",Nov - Ene,1560.5703888666667
2022,MUJERES,"Administración pública y defensa, educación y atención de la salud humana",Dic - Feb,1504.8736761666667
2023,MUJERES,"Administración pública y defensa, educación y atención de la salud humana",Ene - Mar,1557.6414492333333
2023,MUJERES,"Administración pública y defensa, educación y atención de la salud humana",Feb - Abr,1712.4346096000002
2023,MUJERES,"Administración pública y defensa, educación y atención de la salud humana",Mar - May,1764.2009247666665
2023,MUJERES,"Administración pública y defensa, educación y atención de la salud humana",Abr - Jun,1782.4825871666665
2023,MUJERES,"Administración pública y defensa, educación y atención de la salud humana",May - Jul,1778.8808808666665
2023,MUJERES,"Administración pública y defensa, educación y atención de la salud humana",Jun - Ago,1827.9530939333333
2023,MUJERES,"Administración pública y defensa, educación y atención de la salud humana",Jul - Sep,1808.4959486999999
2023,MUJERES,"Administración pública y defensa, educación y atención de la salud humana",Ago - Oct,1793.3398851666668
2023,MUJERES,"Administración pública y defensa, educación y atención de la salud humana",Sep - Nov,1765.2011034999998
2023,MUJERES,"Administración pública y defensa, educación y atención de la salud humana",Oct - Dic,1715.4147929666667
2023,MUJERES,"Administración pública y defensa, educación y atención de la salud humana",Nov - Ene,1624.8016169666669
2023,MUJERES,"Administración pública y defensa, educación y atención de la salud humana",Dic - Feb,1568.9480918666668
2024,MUJERES,"Administración pública y defensa, educación y atención de la salud humana",Ene - Mar,1594.3920601333332
2024,MUJERES,"Administración pública y defensa, educación y atención de la salud humana",Feb - Abr,1689.4660864
2024,MUJERES,"Administración pública y defensa, educación y atención de la salud humana",Mar - May,1761.8132423666666
2024,MUJERES,"Administración pública y defensa, educación y atención de la salud humana",Abr - Jun,1751.4243448333334
2024,MUJERES,"Administración pública y defensa, educación y atención de la salud humana",May - Jul,1768.7071239666668
2024,MUJERES,"Administración pública y defensa, educación y atención de la salud humana",Jun - Ago,1767.1558632000003
2024,MUJERES,"Administración pública y defensa, educación y atención de la salud humana",Jul - Sep,1789.9096239
2024,MUJERES,"Administración pública y defensa, educación y atención de la salud humana",Ago - Oct,1751.6068823666667
2024,MUJERES,"Administración pública y defensa, educación y atención de la salud humana",Sep - Nov,1763.3285675333334
2024,MUJERES,"Administración pública y defensa, educación y atención de la salud humana",Oct - Dic,1743.4764509333334
2024,MUJERES,"Administración pública y defensa, educación y atención de la salud humana",Nov - Ene,1700.7960255666667
2024,MUJERES,"Administración pública y defensa, educación y atención de la salud humana",Dic - Feb,1665.8729428666666
2025,MUJERES,"Administración pública y defensa, educación y atención de la salud humana",Ene - Mar,1635.8268251333332
2025,MUJERES,"Administración pública y defensa, educación y atención de la salud humana",Feb - Abr,1762.3468692666665
2025,MUJERES,"Administración pública y defensa, educación y atención de la salud humana",Mar - May,1787.0448175
2025,MUJERES,"Administración pública y defensa, educación y atención de la salud humana",Abr - Jun,1865.1780939666667
2025,MUJERES,"Administración pública y defensa, educación y atención de la salud humana",May - Jul,1827.3326794666666
2025,MUJERES,"Administración pública y defensa, educación y atención de la salud humana",Jun - Ago,1865.9513998
2025,MUJERES,"Administración pública y defensa, educación y atención de la salud humana",Jul - Sep,1916.4734035000001
2025,MUJERES,"Administración pública y defensa, educación y atención de la salud humana",Ago - Oct,1940.2609635000001
2025,MUJERES,"Administración pública y defensa, educación y atención de la salud humana",Sep - Nov,1929.5496841333334
2025,MUJERES,"Administración pública y defensa, educación y atención de la salud humana",Oct - Dic,1848.1537740333333
2025,MUJERES,"Administración pública y defensa, educación y atención de la salud humana",Nov - Ene,1762.4140846333332
2025,MUJERES,"Administración pública y defensa, educación y atención de la salud humana",Dic - Feb,1780.0256631666668
2026,MUJERES,"Administración pública y defensa, educación y atención de la salud humana",Ene - Mar,1817.4605714333331
2026,MUJERES,"Administración pública y defensa, educación y atención de la salud humana",Feb - Abr,1959.9852665666665
2026,MUJERES,"Administración pública y defensa, educación y atención de la salud humana",Mar - May,1999.5130735
2026,MUJERES,"Administración pública y defensa, educación y atención de la salud humana",Abr - Jun,2018.1146118666666
2015,MUJERES,"Actividades artísticas, entretenimiento, recreación y otras actividades de servicios",Ene - Mar,1320.0973095333334
2015,MUJERES,"Actividades artísticas, entretenimiento, recreación y otras actividades de servicios",Feb - Abr,1307.9123955
2015,MUJERES,"Actividades artísticas, entretenimiento, recreación y otras actividades de servicios",Mar - May,1387.2313535
2015,MUJERES,"Actividades artísticas, entretenimiento, recreación y otras actividades de servicios",Abr - Jun,1363.7289097
2015,MUJERES,"Actividades artísticas, entretenimiento, recreación y otras actividades de servicios",May - Jul,1430.7271671
2015,MUJERES,"Actividades artísticas, entretenimiento, recreación y otras actividades de servicios",Jun - Ago,1356.3299480666667
2015,MUJERES,"Actividades artísticas, entretenimiento, recreación y otras actividades de servicios",Jul - Sep,1366.6029175
2015,MUJERES,"Actividades artísticas, entretenimiento, recreación y otras actividades de servicios",Ago - Oct,1370.6698127333332
2015,MUJERES,"Actividades artísticas, entretenimiento, recreación y otras actividades de servicios",Sep - Nov,1373.848202
2015,MUJERES,"Actividades artísticas, entretenimiento, recreación y otras actividades de servicios",Oct - Dic,1326.3858628
2015,MUJERES,"Actividades artísticas, entretenimiento, recreación y otras actividades de servicios",Nov - Ene,1266.4095759
2015,MUJERES,"Actividades artísticas, entretenimiento, recreación y otras actividades de servicios",Dic - Feb,1246.0498015333333
2016,MUJERES,"Actividades artísticas, entretenimiento, recreación y otras actividades de servicios",Ene - Mar,1279.7887805666667
2016,MUJERES,"Actividades artísticas, entretenimiento, recreación y otras actividades de servicios",Feb - Abr,1280.8598356999998
2016,MUJERES,"Actividades artísticas, entretenimiento, recreación y otras actividades de servicios",Mar - May,1296.2161236
2016,MUJERES,"Actividades artísticas, entretenimiento, recreación y otras actividades de servicios",Abr - Jun,1280.3031151333334
2016,MUJERES,"Actividades artísticas, entretenimiento, recreación y otras actividades de servicios",May - Jul,1268.0697901
2016,MUJERES,"Actividades artísticas, entretenimiento, recreación y otras actividades de servicios",Jun - Ago,1258.4416456666668
2016,MUJERES,"Actividades artísticas, entretenimiento, recreación y otras actividades de servicios",Jul - Sep,1263.8866629666666
2016,MUJERES,"Actividades artísticas, entretenimiento, recreación y otras actividades de servicios",Ago - Oct,1266.2137426666666
2016,MUJERES,"Actividades artísticas, entretenimiento, recreación y otras actividades de servicios",Sep - Nov,1251.6862944000002
2016,MUJERES,"Actividades artísticas, entretenimiento, recreación y otras actividades de servicios",Oct - Dic,1271.8036005333333
2016,MUJERES,"Actividades artísticas, entretenimiento, recreación y otras actividades de servicios",Nov - Ene,1281.8190700000002
2016,MUJERES,"Actividades artísticas, entretenimiento, recreación y otras actividades de servicios",Dic - Feb,1307.83462
2017,MUJERES,"Actividades artísticas, entretenimiento, recreación y otras actividades de servicios",Ene - Mar,1277.6215685333334
2017,MUJERES,"Actividades artísticas, entretenimiento, recreación y otras actividades de servicios",Feb - Abr,1266.3039981666666
2017,MUJERES,"Actividades artísticas, entretenimiento, recreación y otras actividades de servicios",Mar - May,1233.7543217
2017,MUJERES,"Actividades artísticas, entretenimiento, recreación y otras actividades de servicios",Abr - Jun,1261.3729897333333
2017,MUJERES,"Actividades artísticas, entretenimiento, recreación y otras actividades de servicios",May - Jul,1274.6108128
2017,MUJERES,"Actividades artísticas, entretenimiento, recreación y otras actividades de servicios",Jun - Ago,1271.0494346333332
2017,MUJERES,"Actividades artísticas, entretenimiento, recreación y otras actividades de servicios",Jul - Sep,1267.1040393
2017,MUJERES,"Actividades artísticas, entretenimiento, recreación y otras actividades de servicios",Ago - Oct,1269.2420494
2017,MUJERES,"Actividades artísticas, entretenimiento, recreación y otras actividades de servicios",Sep - Nov,1272.5232871333333
2017,MUJERES,"Actividades artísticas, entretenimiento, recreación y otras actividades de servicios",Oct - Dic,1296.1879129666665
2017,MUJERES,"Actividades artísticas, entretenimiento, recreación y otras actividades de servicios",Nov - Ene,1281.1310718333334
2017,MUJERES,"Actividades artísticas, entretenimiento, recreación y otras actividades de servicios",Dic - Feb,1277.2642883666665
2018,MUJERES,"Actividades artísticas, entretenimiento, recreación y otras actividades de servicios",Ene - Mar,1253.7980034333334
2018,MUJERES,"Actividades artísticas, entretenimiento, recreación y otras actividades de servicios",Feb - Abr,1251.6315273333332
2018,MUJERES,"Actividades artísticas, entretenimiento, recreación y otras actividades de servicios",Mar - May,1297.9392635333334
2018,MUJERES,"Actividades artísticas, entretenimiento, recreación y otras actividades de servicios",Abr - Jun,1286.4620393666667
2018,MUJERES,"Actividades artísticas, entretenimiento, recreación y otras actividades de servicios",May - Jul,1320.3084381
2018,MUJERES,"Actividades artísticas, entretenimiento, recreación y otras actividades de servicios",Jun - Ago,1280.6430497333333
2018,MUJERES,"Actividades artísticas, entretenimiento, recreación y otras actividades de servicios",Jul - Sep,1295.4653836666666
2018,MUJERES,"Actividades artísticas, entretenimiento, recreación y otras actividades de servicios",Ago - Oct,1266.5120877000002
2018,MUJERES,"Actividades artísticas, entretenimiento, recreación y otras actividades de servicios",Sep - Nov,1281.4862978666667
2018,MUJERES,"Actividades artísticas, entretenimiento, recreación y otras actividades de servicios",Oct - Dic,1276.2456702
2018,MUJERES,"Actividades artísticas, entretenimiento, recreación y otras actividades de servicios",Nov - Ene,1306.8532181333333
2018,MUJERES,"Actividades artísticas, entretenimiento, recreación y otras actividades de servicios",Dic - Feb,1319.3899294666667
2019,MUJERES,"Actividades artísticas, entretenimiento, recreación y otras actividades de servicios",Ene - Mar,1356.8223788666667
2019,MUJERES,"Actividades artísticas, entretenimiento, recreación y otras actividades de servicios",Feb - Abr,1338.7490751666667
2019,MUJERES,"Actividades artísticas, entretenimiento, recreación y otras actividades de servicios",Mar - May,1307.664529
2019,MUJERES,"Actividades artísticas, entretenimiento, recreación y otras actividades de servicios",Abr - Jun,1290.1797916333333
2019,MUJERES,"Actividades artísticas, entretenimiento, recreación y otras actividades de servicios",May - Jul,1331.4395809333334
2019,MUJERES,"Actividades artísticas, entretenimiento, recreación y otras actividades de servicios",Jun - Ago,1342.3924235666668
2019,MUJERES,"Actividades artísticas, entretenimiento, recreación y otras actividades de servicios",Jul - Sep,1314.7141057333333
2019,MUJERES,"Actividades artísticas, entretenimiento, recreación y otras actividades de servicios",Ago - Oct,1285.6012151000002
2019,MUJERES,"Actividades artísticas, entretenimiento, recreación y otras actividades de servicios",Sep - Nov,1275.0788055
2019,MUJERES,"Actividades artísticas, entretenimiento, recreación y otras actividades de servicios",Oct - Dic,1296.5887141333335
2019,MUJERES,"Actividades artísticas, entretenimiento, recreación y otras actividades de servicios",Nov - Ene,1313.5519004666667
2019,MUJERES,"Actividades artísticas, entretenimiento, recreación y otras actividades de servicios",Dic - Feb,1318.8046495666667
2020,MUJERES,"Actividades artísticas, entretenimiento, recreación y otras actividades de servicios",Ene - Mar,1214.3052236
2020,MUJERES,"Actividades artísticas, entretenimiento, recreación y otras actividades de servicios",Feb - Abr,998.1922974266666
2020,MUJERES,"Actividades artísticas, entretenimiento, recreación y otras actividades de servicios",Mar - May,855.28758152
2020,MUJERES,"Actividades artísticas, entretenimiento, recreación y otras actividades de servicios",Abr - Jun,798.10183951
2020,MUJERES,"Actividades artísticas, entretenimiento, recreación y otras actividades de servicios",May - Jul,850.2553753766666
2020,MUJERES,"Actividades artísticas, entretenimiento, recreación y otras actividades de servicios",Jun - Ago,904.5320786733333
2020,MUJERES,"Actividades artísticas, entretenimiento, recreación y otras actividades de servicios",Jul - Sep,962.2223223166666
2020,MUJERES,"Actividades artísticas, entretenimiento, recreación y otras actividades de servicios",Ago - Oct,1069.27691319
2020,MUJERES,"Actividades artísticas, entretenimiento, recreación y otras actividades de servicios",Sep - Nov,1087.9648144333335
2020,MUJERES,"Actividades artísticas, entretenimiento, recreación y otras actividades de servicios",Oct - Dic,1094.1034570666668
2020,MUJERES,"Actividades artísticas, entretenimiento, recreación y otras actividades de servicios",Nov - Ene,1017.4646709300001
2020,MUJERES,"Actividades artísticas, entretenimiento, recreación y otras actividades de servicios",Dic - Feb,1019.4321505966667
2021,MUJERES,"Actividades artísticas, entretenimiento, recreación y otras actividades de servicios",Ene - Mar,1013.2258320633333
2021,MUJERES,"Actividades artísticas, entretenimiento, recreación y otras actividades de servicios",Feb - Abr,984.9710814633332
2021,MUJERES,"Actividades artísticas, entretenimiento, recreación y otras actividades de servicios",Mar - May,958.9959323333333
2021,MUJERES,"Actividades artísticas, entretenimiento, recreación y otras actividades de servicios",Abr - Jun,932.7692505733334
2021,MUJERES,"Actividades artísticas, entretenimiento, recreación y otras actividades de servicios",May - Jul,970.5727725766666
2021,MUJERES,"Actividades artísticas, entretenimiento, recreación y otras actividades de servicios",Jun - Ago,1000.01826374
2021,MUJERES,"Actividades artísticas, entretenimiento, recreación y otras actividades de servicios",Jul - Sep,1009.2828061033333
2021,MUJERES,"Actividades artísticas, entretenimiento, recreación y otras actividades de servicios",Ago - Oct,1028.6300148033333
2021,MUJERES,"Actividades artísticas, entretenimiento, recreación y otras actividades de servicios",Sep - Nov,1051.5221536366666
2021,MUJERES,"Actividades artísticas, entretenimiento, recreación y otras actividades de servicios",Oct - Dic,1120.1529199999998
2021,MUJERES,"Actividades artísticas, entretenimiento, recreación y otras actividades de servicios",Nov - Ene,1131.2535762333334
2021,MUJERES,"Actividades artísticas, entretenimiento, recreación y otras actividades de servicios",Dic - Feb,1169.8489681666667
2022,MUJERES,"Actividades artísticas, entretenimiento, recreación y otras actividades de servicios",Ene - Mar,1171.6207852666666
2022,MUJERES,"Actividades artísticas, entretenimiento, recreación y otras actividades de servicios",Feb - Abr,1205.4743683333334
2022,MUJERES,"Actividades artísticas, entretenimiento, recreación y otras actividades de servicios",Mar - May,1223.1997327333333
2022,MUJERES,"Actividades artísticas, entretenimiento, recreación y otras actividades de servicios",Abr - Jun,1269.7802583
2022,MUJERES,"Actividades artísticas, entretenimiento, recreación y otras actividades de servicios",May - Jul,1256.3542816666666
2022,MUJERES,"Actividades artísticas, entretenimiento, recreación y otras actividades de servicios",Jun - Ago,1238.4256117
2022,MUJERES,"Actividades artísticas, entretenimiento, recreación y otras actividades de servicios",Jul - Sep,1198.726717
2022,MUJERES,"Actividades artísticas, entretenimiento, recreación y otras actividades de servicios",Ago - Oct,1231.6752358333333
2022,MUJERES,"Actividades artísticas, entretenimiento, recreación y otras actividades de servicios",Sep - Nov,1275.3706613666666
2022,MUJERES,"Actividades artísticas, entretenimiento, recreación y otras actividades de servicios",Oct - Dic,1327.1362721
2022,MUJERES,"Actividades artísticas, entretenimiento, recreación y otras actividades de servicios",Nov - Ene,1322.8827582333333
2022,MUJERES,"Actividades artísticas, entretenimiento, recreación y otras actividades de servicios",Dic - Feb,1305.6832503333335
2023,MUJERES,"Actividades artísticas, entretenimiento, recreación y otras actividades de servicios",Ene - Mar,1278.3693849333333
2023,MUJERES,"Actividades artísticas, entretenimiento, recreación y otras actividades de servicios",Feb - Abr,1269.3260167666667
2023,MUJERES,"Actividades artísticas, entretenimiento, recreación y otras actividades de servicios",Mar - May,1224.7155541333334
2023,MUJERES,"Actividades artísticas, entretenimiento, recreación y otras actividades de servicios",Abr - Jun,1242.3442622666664
2023,MUJERES,"Actividades artísticas, entretenimiento, recreación y otras actividades de servicios",May - Jul,1279.2668358333333
2023,MUJERES,"Actividades artísticas, entretenimiento, recreación y otras actividades de servicios",Jun - Ago,1343.6835467666667
2023,MUJERES,"Actividades artísticas, entretenimiento, recreación y otras actividades de servicios",Jul - Sep,1346.5919972666668
2023,MUJERES,"Actividades artísticas, entretenimiento, recreación y otras actividades de servicios",Ago - Oct,1347.4957441666668
2023,MUJERES,"Actividades artísticas, entretenimiento, recreación y otras actividades de servicios",Sep - Nov,1366.0483992
2023,MUJERES,"Actividades artísticas, entretenimiento, recreación y otras actividades de servicios",Oct - Dic,1371.5298080666664
2023,MUJERES,"Actividades artísticas, entretenimiento, recreación y otras actividades de servicios",Nov - Ene,1349.9797323333332
2023,MUJERES,"Actividades artísticas, entretenimiento, recreación y otras actividades de servicios",Dic - Feb,1330.1770853666667
2024,MUJERES,"Actividades artísticas, entretenimiento, recreación y otras actividades de servicios",Ene - Mar,1322.420793
2024,MUJERES,"Actividades artísticas, entretenimiento, recreación y otras actividades de servicios",Feb - Abr,1312.5558369
2024,MUJERES,"Actividades artísticas, entretenimiento, recreación y otras actividades de servicios",Mar - May,1299.5855433
2024,MUJERES,"Actividades artísticas, entretenimiento, recreación y otras actividades de servicios",Abr - Jun,1277.3967308333333
2024,MUJERES,"Actividades artísticas, entretenimiento, recreación y otras actividades de servicios",May - Jul,1316.4757897333334
2024,MUJERES,"Actividades artísticas, entretenimiento, recreación y otras actividades de servicios",Jun - Ago,1356.3688247666666
2024,MUJERES,"Actividades artísticas, entretenimiento, recreación y otras actividades de servicios",Jul - Sep,1394.7514487333335
2024,MUJERES,"Actividades artísticas, entretenimiento, recreación y otras actividades de servicios",Ago - Oct,1403.5328698
2024,MUJERES,"Actividades artísticas, entretenimiento, recreación y otras actividades de servicios",Sep - Nov,1388.5984538
2024,MUJERES,"Actividades artísticas, entretenimiento, recreación y otras actividades de servicios",Oct - Dic,1385.8410186666667
2024,MUJERES,"Actividades artísticas, entretenimiento, recreación y otras actividades de servicios",Nov - Ene,1351.1486979333333
2024,MUJERES,"Actividades artísticas, entretenimiento, recreación y otras actividades de servicios",Dic - Feb,1323.6794486000001
2025,MUJERES,"Actividades artísticas, entretenimiento, recreación y otras actividades de servicios",Ene - Mar,1342.0150549333334
2025,MUJERES,"Actividades artísticas, entretenimiento, recreación y otras actividades de servicios",Feb - Abr,1325.3713806333333
2025,MUJERES,"Actividades artísticas, entretenimiento, recreación y otras actividades de servicios",Mar - May,1324.6793799
2025,MUJERES,"Actividades artísticas, entretenimiento, recreación y otras actividades de servicios",Abr - Jun,1282.7787874666667
2025,MUJERES,"Actividades artísticas, entretenimiento, recreación y otras actividades de servicios",May - Jul,1322.3012094666667
2025,MUJERES,"Actividades artísticas, entretenimiento, recreación y otras actividades de servicios",Jun - Ago,1358.6543427999998
2025,MUJERES,"Actividades artísticas, entretenimiento, recreación y otras actividades de servicios",Jul - Sep,1396.2881538
2025,MUJERES,"Actividades artísticas, entretenimiento, recreación y otras actividades de servicios",Ago - Oct,1381.0992674
2025,MUJERES,"Actividades artísticas, entretenimiento, recreación y otras actividades de servicios",Sep - Nov,1399.3872958
2025,MUJERES,"Actividades artísticas, entretenimiento, recreación y otras actividades de servicios",Oct - Dic,1394.9497765666665
2025,MUJERES,"Actividades artísticas, entretenimiento, recreación y otras actividades de servicios",Nov - Ene,1405.2923390333333
2025,MUJERES,"Actividades artísticas, entretenimiento, recreación y otras actividades de servicios",Dic - Feb,1389.2729671666666
2026,MUJERES,"Actividades artísticas, entretenimiento, recreación y otras actividades de servicios",Ene - Mar,1400.4975236999999
2026,MUJERES,"Actividades artísticas, entretenimiento, recreación y otras actividades de servicios",Feb - Abr,1415.3567971666669
2026,MUJERES,"Actividades artísticas, entretenimiento, recreación y otras actividades de servicios",Mar - May,1383.0167935999998
2026,MUJERES,"Actividades artísticas, entretenimiento, recreación y otras actividades de servicios",Abr - Jun,1350.8413447333332
