Fecha,Perspectiva,Grupo,Concepto,Periodo,Valor
2021,Total nacional,Población ocupada,Población ocupada,Ene - Mar,19787.210458666665
2021,Total nacional,Población ocupada,Población ocupada,Feb - Abr,20004.15751266667
2021,Total nacional,Población ocupada,Población ocupada,Mar - May,19946.438146333337
2021,Total nacional,Población ocupada,Población ocupada,Abr - Jun,19939.257222666667
2021,Total nacional,Población ocupada,Población ocupada,May - Jul,20159.417250333336
2021,Total nacional,Población ocupada,Población ocupada,Jun - Ago,20355.450913666664
2021,Total nacional,Población ocupada,Población ocupada,Jul - Sep,20558.206703666667
2021,Total nacional,Población ocupada,Población ocupada,Ago - Oct,20780.735785333334
2021,Total nacional,Población ocupada,Población ocupada,Sep - Nov,21010.881780666667
2021,Total nacional,Población ocupada,Población ocupada,Oct - Dic,21282.291796
2021,Total nacional,Población ocupada,Población ocupada,Nov - Ene,21152.724937666666
2021,Total nacional,Población ocupada,Población ocupada,Dic - Feb,21290.670992
2022,Total nacional,Población ocupada,Población ocupada,Ene - Mar,21352.177793
2022,Total nacional,Población ocupada,Población ocupada,Feb - Abr,21772.714409333334
2022,Total nacional,Población ocupada,Población ocupada,Mar - May,21940.662028000002
2022,Total nacional,Población ocupada,Población ocupada,Abr - Jun,22054.917514999997
2022,Total nacional,Población ocupada,Población ocupada,May - Jul,22087.473180999998
2022,Total nacional,Población ocupada,Población ocupada,Jun - Ago,22079.220003666665
2022,Total nacional,Población ocupada,Población ocupada,Jul - Sep,22201.465962333332
2022,Total nacional,Población ocupada,Población ocupada,Ago - Oct,22385.128792666666
2022,Total nacional,Población ocupada,Población ocupada,Sep - Nov,22493.886424333334
2022,Total nacional,Población ocupada,Población ocupada,Oct - Dic,22520.158621666666
2022,Total nacional,Población ocupada,Población ocupada,Nov - Ene,22148.664008666663
2022,Total nacional,Población ocupada,Población ocupada,Dic - Feb,22064.135597
2023,Total nacional,Población ocupada,Población ocupada,Ene - Mar,22172.651851333332
2023,Total nacional,Población ocupada,Población ocupada,Feb - Abr,22589.448848333337
2023,Total nacional,Población ocupada,Población ocupada,Mar - May,22701.036206666668
2023,Total nacional,Población ocupada,Población ocupada,Abr - Jun,22787.22184833333
2023,Total nacional,Población ocupada,Población ocupada,May - Jul,22933.833811333334
2023,Total nacional,Población ocupada,Población ocupada,Jun - Ago,23131.70821
2023,Total nacional,Población ocupada,Población ocupada,Jul - Sep,23149.819886666664
2023,Total nacional,Población ocupada,Población ocupada,Ago - Oct,23116.482338666665
2023,Total nacional,Población ocupada,Población ocupada,Sep - Nov,23124.637365333332
2023,Total nacional,Población ocupada,Población ocupada,Oct - Dic,23043.881428666664
2023,Total nacional,Población ocupada,Población ocupada,Nov - Ene,22691.48863133333
2023,Total nacional,Población ocupada,Población ocupada,Dic - Feb,22460.620363666665
2024,Total nacional,Población ocupada,Población ocupada,Ene - Mar,22387.53679433333
2024,Total nacional,Población ocupada,Población ocupada,Feb - Abr,22667.548709333332
2024,Total nacional,Población ocupada,Población ocupada,Mar - May,22846.60044966667
2024,Total nacional,Población ocupada,Población ocupada,Abr - Jun,22938.895007
2024,Total nacional,Población ocupada,Población ocupada,May - Jul,23051.676656666667
2024,Total nacional,Población ocupada,Población ocupada,Jun - Ago,23180.937313666665
2024,Total nacional,Población ocupada,Población ocupada,Jul - Sep,23278.056746000002
2024,Total nacional,Población ocupada,Población ocupada,Ago - Oct,23341.430961333335
2024,Total nacional,Población ocupada,Población ocupada,Sep - Nov,23403.893784333337
2024,Total nacional,Población ocupada,Población ocupada,Oct - Dic,23539.682919
2024,Total nacional,Población ocupada,Población ocupada,Nov - Ene,23376.259302
2024,Total nacional,Población ocupada,Población ocupada,Dic - Feb,23330.997814
2025,Total nacional,Población ocupada,Población ocupada,Ene - Mar,23358.235019
2025,Total nacional,Población ocupada,Población ocupada,Feb - Abr,23582.649624
2025,Total nacional,Población ocupada,Población ocupada,Mar - May,23635.101319
2025,Total nacional,Población ocupada,Población ocupada,Abr - Jun,23651.954433
2025,Total nacional,Población ocupada,Población ocupada,May - Jul,23782.943116
2025,Total nacional,Población ocupada,Población ocupada,Jun - Ago,23844.278902
2025,Total nacional,Población ocupada,Población ocupada,Jul - Sep,23902.24325
2025,Total nacional,Población ocupada,Población ocupada,Ago - Oct,24035.76622
2025,Total nacional,Población ocupada,Población ocupada,Sep - Nov,24298.367977
2025,Total nacional,Población ocupada,Población ocupada,Oct - Dic,24397.302737
2025,Total nacional,Población ocupada,Población ocupada,Nov - Ene,24016.432111
2025,Total nacional,Población ocupada,Población ocupada,Dic - Feb,23848.204876
2026,Total nacional,Población ocupada,Población ocupada,Ene - Mar,23890.987975
2026,Total nacional,Población ocupada,Población ocupada,Feb - Abr,24241.02269
2021,Total nacional,Población ocupada,No informa,Ene - Mar,48.02636566666666
2021,Total nacional,Población ocupada,No informa,Feb - Abr,35.538152
2021,Total nacional,Población ocupada,No informa,Mar - May,24.916646333333333
2021,Total nacional,Población ocupada,No informa,Abr - Jun,4.135315333333334
2021,Total nacional,Población ocupada,No informa,May - Jul,3.5548116666666663
2021,Total nacional,Población ocupada,No informa,Jun - Ago,4.010594666666667
2021,Total nacional,Población ocupada,No informa,Jul - Sep,3.9846486666666667
2021,Total nacional,Población ocupada,No informa,Ago - Oct,6.6286966666666665
2021,Total nacional,Población ocupada,No informa,Sep - Nov,42.30486333333333
2021,Total nacional,Población ocupada,No informa,Oct - Dic,48.24319499999999
2021,Total nacional,Población ocupada,No informa,Nov - Ene,51.575742999999996
2021,Total nacional,Población ocupada,No informa,Dic - Feb,14.919318333333331
2022,Total nacional,Población ocupada,No informa,Ene - Mar,9.144458
2022,Total nacional,Población ocupada,No informa,Feb - Abr,6.652385
2022,Total nacional,Población ocupada,No informa,Mar - May,8.609274666666666
2022,Total nacional,Población ocupada,No informa,Abr - Jun,9.227275333333333
2022,Total nacional,Población ocupada,No informa,May - Jul,5.789558666666667
2022,Total nacional,Población ocupada,No informa,Jun - Ago,0.9846206666666667
2022,Total nacional,Población ocupada,No informa,Jul - Sep,2.9823726666666666
2022,Total nacional,Población ocupada,No informa,Ago - Oct,4.730812666666666
2022,Total nacional,Población ocupada,No informa,Sep - Nov,13.890746
2022,Total nacional,Población ocupada,No informa,Oct - Dic,12.136241
2022,Total nacional,Población ocupada,No informa,Nov - Ene,11.702301333333333
2022,Total nacional,Población ocupada,No informa,Dic - Feb,2.386025666666667
2023,Total nacional,Población ocupada,No informa,Ene - Mar,2.9797466666666668
2023,Total nacional,Población ocupada,No informa,Feb - Abr,1.6184399999999999
2023,Total nacional,Población ocupada,No informa,Mar - May,2.741006
2023,Total nacional,Población ocupada,No informa,Abr - Jun,2.106965333333333
2023,Total nacional,Población ocupada,No informa,May - Jul,2.513023
2023,Total nacional,Población ocupada,No informa,Jun - Ago,1.6921989999999998
2023,Total nacional,Población ocupada,No informa,Jul - Sep,1.3882286666666666
2023,Total nacional,Población ocupada,No informa,Ago - Oct,1.1098160000000001
2023,Total nacional,Población ocupada,No informa,Sep - Nov,1.5811233333333334
2023,Total nacional,Población ocupada,No informa,Oct - Dic,1.9669800000000002
2023,Total nacional,Población ocupada,No informa,Nov - Ene,1.965728666666667
2023,Total nacional,Población ocupada,No informa,Dic - Feb,1.4187503333333333
2024,Total nacional,Población ocupada,No informa,Ene - Mar,0.5099629999999999
2024,Total nacional,Población ocupada,No informa,Feb - Abr,0.6783733333333334
2024,Total nacional,Población ocupada,No informa,Mar - May,0.9395243333333333
2024,Total nacional,Población ocupada,No informa,Abr - Jun,0.782026
2024,Total nacional,Población ocupada,No informa,May - Jul,0.487222
2024,Total nacional,Población ocupada,No informa,Jun - Ago,0.8678629999999999
2024,Total nacional,Población ocupada,No informa,Jul - Sep,0.919274
2024,Total nacional,Población ocupada,No informa,Ago - Oct,0.919274
2024,Total nacional,Población ocupada,No informa,Sep - Nov,0.16101000000000001
2024,Total nacional,Población ocupada,No informa,Oct - Dic,0.17041399999999998
2024,Total nacional,Población ocupada,No informa,Nov - Ene,0.618706
2024,Total nacional,Población ocupada,No informa,Dic - Feb,2.598843
2025,Total nacional,Población ocupada,No informa,Ene - Mar,2.538028
2025,Total nacional,Población ocupada,No informa,Feb - Abr,2.089737
2025,Total nacional,Población ocupada,No informa,Mar - May,0.0
2025,Total nacional,Población ocupada,No informa,Abr - Jun,0.0
2025,Total nacional,Población ocupada,No informa,May - Jul,0.0
2025,Total nacional,Población ocupada,No informa,Jun - Ago,0.069714
2025,Total nacional,Población ocupada,No informa,Jul - Sep,0.069714
2025,Total nacional,Población ocupada,No informa,Ago - Oct,0.069714
2025,Total nacional,Población ocupada,No informa,Sep - Nov,0.848781
2025,Total nacional,Población ocupada,No informa,Oct - Dic,0.848781
2025,Total nacional,Población ocupada,No informa,Nov - Ene,0.848781
2025,Total nacional,Población ocupada,No informa,Dic - Feb,0.0
2026,Total nacional,Población ocupada,No informa,Ene - Mar,0.072949
2026,Total nacional,Población ocupada,No informa,Feb - Abr,0.174989
2021,Total nacional,Población ocupada,"Agricultura, ganadería, caza, silvicultura y pesca",Ene - Mar,3094.3434103333334
2021,Total nacional,Población ocupada,"Agricultura, ganadería, caza, silvicultura y pesca",Feb - Abr,3044.6065433333333
2021,Total nacional,Población ocupada,"Agricultura, ganadería, caza, silvicultura y pesca",Mar - May,3116.492306
2021,Total nacional,Población ocupada,"Agricultura, ganadería, caza, silvicultura y pesca",Abr - Jun,3071.5439506666667
2021,Total nacional,Población ocupada,"Agricultura, ganadería, caza, silvicultura y pesca",May - Jul,3208.094081333333
2021,Total nacional,Población ocupada,"Agricultura, ganadería, caza, silvicultura y pesca",Jun - Ago,3193.105836666667
2021,Total nacional,Población ocupada,"Agricultura, ganadería, caza, silvicultura y pesca",Jul - Sep,3152.477267333333
2021,Total nacional,Población ocupada,"Agricultura, ganadería, caza, silvicultura y pesca",Ago - Oct,3136.157078333333
2021,Total nacional,Población ocupada,"Agricultura, ganadería, caza, silvicultura y pesca",Sep - Nov,3137.7072606666666
2021,Total nacional,Población ocupada,"Agricultura, ganadería, caza, silvicultura y pesca",Oct - Dic,3199.1452123333333
2021,Total nacional,Población ocupada,"Agricultura, ganadería, caza, silvicultura y pesca",Nov - Ene,3097.2880920000002
2021,Total nacional,Población ocupada,"Agricultura, ganadería, caza, silvicultura y pesca",Dic - Feb,3083.839957333333
2022,Total nacional,Población ocupada,"Agricultura, ganadería, caza, silvicultura y pesca",Ene - Mar,3139.6533670000003
2022,Total nacional,Población ocupada,"Agricultura, ganadería, caza, silvicultura y pesca",Feb - Abr,3178.7150003333336
2022,Total nacional,Población ocupada,"Agricultura, ganadería, caza, silvicultura y pesca",Mar - May,3319.4595796666667
2022,Total nacional,Población ocupada,"Agricultura, ganadería, caza, silvicultura y pesca",Abr - Jun,3298.1415073333337
2022,Total nacional,Población ocupada,"Agricultura, ganadería, caza, silvicultura y pesca",May - Jul,3367.382293666667
2022,Total nacional,Población ocupada,"Agricultura, ganadería, caza, silvicultura y pesca",Jun - Ago,3229.198562666667
2022,Total nacional,Población ocupada,"Agricultura, ganadería, caza, silvicultura y pesca",Jul - Sep,3224.4185513333337
2022,Total nacional,Población ocupada,"Agricultura, ganadería, caza, silvicultura y pesca",Ago - Oct,3261.4113936666668
2022,Total nacional,Población ocupada,"Agricultura, ganadería, caza, silvicultura y pesca",Sep - Nov,3294.591236666667
2022,Total nacional,Población ocupada,"Agricultura, ganadería, caza, silvicultura y pesca",Oct - Dic,3234.3298336666667
2022,Total nacional,Población ocupada,"Agricultura, ganadería, caza, silvicultura y pesca",Nov - Ene,3087.012462
2022,Total nacional,Población ocupada,"Agricultura, ganadería, caza, silvicultura y pesca",Dic - Feb,3096.1869446666665
2023,Total nacional,Población ocupada,"Agricultura, ganadería, caza, silvicultura y pesca",Ene - Mar,3243.701885666667
2023,Total nacional,Población ocupada,"Agricultura, ganadería, caza, silvicultura y pesca",Feb - Abr,3346.1679743333334
2023,Total nacional,Población ocupada,"Agricultura, ganadería, caza, silvicultura y pesca",Mar - May,3410.8656866666665
2023,Total nacional,Población ocupada,"Agricultura, ganadería, caza, silvicultura y pesca",Abr - Jun,3325.672346
2023,Total nacional,Población ocupada,"Agricultura, ganadería, caza, silvicultura y pesca",May - Jul,3353.709961666667
2023,Total nacional,Población ocupada,"Agricultura, ganadería, caza, silvicultura y pesca",Jun - Ago,3306.0306149999997
2023,Total nacional,Población ocupada,"Agricultura, ganadería, caza, silvicultura y pesca",Jul - Sep,3271.2483726666665
2023,Total nacional,Población ocupada,"Agricultura, ganadería, caza, silvicultura y pesca",Ago - Oct,3289.1931163333334
2023,Total nacional,Población ocupada,"Agricultura, ganadería, caza, silvicultura y pesca",Sep - Nov,3293.586793
2023,Total nacional,Población ocupada,"Agricultura, ganadería, caza, silvicultura y pesca",Oct - Dic,3281.0796450000003
2023,Total nacional,Población ocupada,"Agricultura, ganadería, caza, silvicultura y pesca",Nov - Ene,3214.049890333333
2023,Total nacional,Población ocupada,"Agricultura, ganadería, caza, silvicultura y pesca",Dic - Feb,3181.280416666667
2024,Total nacional,Población ocupada,"Agricultura, ganadería, caza, silvicultura y pesca",Ene - Mar,3244.735686666667
2024,Total nacional,Población ocupada,"Agricultura, ganadería, caza, silvicultura y pesca",Feb - Abr,3229.520652333333
2024,Total nacional,Población ocupada,"Agricultura, ganadería, caza, silvicultura y pesca",Mar - May,3298.5582740000004
2024,Total nacional,Población ocupada,"Agricultura, ganadería, caza, silvicultura y pesca",Abr - Jun,3287.8649383333336
2024,Total nacional,Población ocupada,"Agricultura, ganadería, caza, silvicultura y pesca",May - Jul,3362.1023333333337
2024,Total nacional,Población ocupada,"Agricultura, ganadería, caza, silvicultura y pesca",Jun - Ago,3346.9636256666668
2024,Total nacional,Población ocupada,"Agricultura, ganadería, caza, silvicultura y pesca",Jul - Sep,3339.1617979999996
2024,Total nacional,Población ocupada,"Agricultura, ganadería, caza, silvicultura y pesca",Ago - Oct,3329.3438300000003
2024,Total nacional,Población ocupada,"Agricultura, ganadería, caza, silvicultura y pesca",Sep - Nov,3294.7119103333334
2024,Total nacional,Población ocupada,"Agricultura, ganadería, caza, silvicultura y pesca",Oct - Dic,3261.9667999999997
2024,Total nacional,Población ocupada,"Agricultura, ganadería, caza, silvicultura y pesca",Nov - Ene,3218.231481
2024,Total nacional,Población ocupada,"Agricultura, ganadería, caza, silvicultura y pesca",Dic - Feb,3242.4975
2025,Total nacional,Población ocupada,"Agricultura, ganadería, caza, silvicultura y pesca",Ene - Mar,3420.693414
2025,Total nacional,Población ocupada,"Agricultura, ganadería, caza, silvicultura y pesca",Feb - Abr,3408.108911
2025,Total nacional,Población ocupada,"Agricultura, ganadería, caza, silvicultura y pesca",Mar - May,3455.546185
2025,Total nacional,Población ocupada,"Agricultura, ganadería, caza, silvicultura y pesca",Abr - Jun,3334.038983
2025,Total nacional,Población ocupada,"Agricultura, ganadería, caza, silvicultura y pesca",May - Jul,3421.336637
2025,Total nacional,Población ocupada,"Agricultura, ganadería, caza, silvicultura y pesca",Jun - Ago,3305.309336
2025,Total nacional,Población ocupada,"Agricultura, ganadería, caza, silvicultura y pesca",Jul - Sep,3322.016359
2025,Total nacional,Población ocupada,"Agricultura, ganadería, caza, silvicultura y pesca",Ago - Oct,3406.853275
2025,Total nacional,Población ocupada,"Agricultura, ganadería, caza, silvicultura y pesca",Sep - Nov,3555.183751
2025,Total nacional,Población ocupada,"Agricultura, ganadería, caza, silvicultura y pesca",Oct - Dic,3467.6638
2025,Total nacional,Población ocupada,"Agricultura, ganadería, caza, silvicultura y pesca",Nov - Ene,3308.408296
2025,Total nacional,Población ocupada,"Agricultura, ganadería, caza, silvicultura y pesca",Dic - Feb,3107.75655
2026,Total nacional,Población ocupada,"Agricultura, ganadería, caza, silvicultura y pesca",Ene - Mar,3219.391393
2026,Total nacional,Población ocupada,"Agricultura, ganadería, caza, silvicultura y pesca",Feb - Abr,3215.288264
2021,Total nacional,Población ocupada,"Suministro de electricidad, gas, agua y gestión de desechos^",Ene - Mar,430.89967500000006
2021,Total nacional,Población ocupada,"Suministro de electricidad, gas, agua y gestión de desechos^",Feb - Abr,480.789196
2021,Total nacional,Población ocupada,"Suministro de electricidad, gas, agua y gestión de desechos^",Mar - May,486.8532493333334
2021,Total nacional,Población ocupada,"Suministro de electricidad, gas, agua y gestión de desechos^",Abr - Jun,532.615052
2021,Total nacional,Población ocupada,"Suministro de electricidad, gas, agua y gestión de desechos^",May - Jul,493.13193099999995
2021,Total nacional,Población ocupada,"Suministro de electricidad, gas, agua y gestión de desechos^",Jun - Ago,522.4364213333333
2021,Total nacional,Población ocupada,"Suministro de electricidad, gas, agua y gestión de desechos^",Jul - Sep,540.2879979999999
2021,Total nacional,Población ocupada,"Suministro de electricidad, gas, agua y gestión de desechos^",Ago - Oct,612.262963
2021,Total nacional,Población ocupada,"Suministro de electricidad, gas, agua y gestión de desechos^",Sep - Nov,586.7168156666667
2021,Total nacional,Población ocupada,"Suministro de electricidad, gas, agua y gestión de desechos^",Oct - Dic,548.4113249999999
2021,Total nacional,Población ocupada,"Suministro de electricidad, gas, agua y gestión de desechos^",Nov - Ene,544.8914066666666
2021,Total nacional,Población ocupada,"Suministro de electricidad, gas, agua y gestión de desechos^",Dic - Feb,546.048456
2022,Total nacional,Población ocupada,"Suministro de electricidad, gas, agua y gestión de desechos^",Ene - Mar,561.2756436666667
2022,Total nacional,Población ocupada,"Suministro de electricidad, gas, agua y gestión de desechos^",Feb - Abr,543.4248333333334
2022,Total nacional,Población ocupada,"Suministro de electricidad, gas, agua y gestión de desechos^",Mar - May,560.16997
2022,Total nacional,Población ocupada,"Suministro de electricidad, gas, agua y gestión de desechos^",Abr - Jun,589.3339553333334
2022,Total nacional,Población ocupada,"Suministro de electricidad, gas, agua y gestión de desechos^",May - Jul,563.0752673333333
2022,Total nacional,Población ocupada,"Suministro de electricidad, gas, agua y gestión de desechos^",Jun - Ago,583.9736546666667
2022,Total nacional,Población ocupada,"Suministro de electricidad, gas, agua y gestión de desechos^",Jul - Sep,567.7325783333333
2022,Total nacional,Población ocupada,"Suministro de electricidad, gas, agua y gestión de desechos^",Ago - Oct,624.0899956666666
2022,Total nacional,Población ocupada,"Suministro de electricidad, gas, agua y gestión de desechos^",Sep - Nov,615.5264976666667
2022,Total nacional,Población ocupada,"Suministro de electricidad, gas, agua y gestión de desechos^",Oct - Dic,632.9352523333333
2022,Total nacional,Población ocupada,"Suministro de electricidad, gas, agua y gestión de desechos^",Nov - Ene,616.938841
2022,Total nacional,Población ocupada,"Suministro de electricidad, gas, agua y gestión de desechos^",Dic - Feb,598.8425036666666
2023,Total nacional,Población ocupada,"Suministro de electricidad, gas, agua y gestión de desechos^",Ene - Mar,528.1684786666666
2023,Total nacional,Población ocupada,"Suministro de electricidad, gas, agua y gestión de desechos^",Feb - Abr,515.2922636666667
2023,Total nacional,Población ocupada,"Suministro de electricidad, gas, agua y gestión de desechos^",Mar - May,511.17440866666675
2023,Total nacional,Población ocupada,"Suministro de electricidad, gas, agua y gestión de desechos^",Abr - Jun,586.5593466666667
2023,Total nacional,Población ocupada,"Suministro de electricidad, gas, agua y gestión de desechos^",May - Jul,572.1805673333333
2023,Total nacional,Población ocupada,"Suministro de electricidad, gas, agua y gestión de desechos^",Jun - Ago,577.792798
2023,Total nacional,Población ocupada,"Suministro de electricidad, gas, agua y gestión de desechos^",Jul - Sep,565.179031
2023,Total nacional,Población ocupada,"Suministro de electricidad, gas, agua y gestión de desechos^",Ago - Oct,631.5365636666667
2023,Total nacional,Población ocupada,"Suministro de electricidad, gas, agua y gestión de desechos^",Sep - Nov,650.3125163333334
2023,Total nacional,Población ocupada,"Suministro de electricidad, gas, agua y gestión de desechos^",Oct - Dic,676.2332536666667
2023,Total nacional,Población ocupada,"Suministro de electricidad, gas, agua y gestión de desechos^",Nov - Ene,618.0636486666666
2023,Total nacional,Población ocupada,"Suministro de electricidad, gas, agua y gestión de desechos^",Dic - Feb,600.1457203333334
2024,Total nacional,Población ocupada,"Suministro de electricidad, gas, agua y gestión de desechos^",Ene - Mar,555.3904593333333
2024,Total nacional,Población ocupada,"Suministro de electricidad, gas, agua y gestión de desechos^",Feb - Abr,567.6735896666667
2024,Total nacional,Población ocupada,"Suministro de electricidad, gas, agua y gestión de desechos^",Mar - May,565.480085
2024,Total nacional,Población ocupada,"Suministro de electricidad, gas, agua y gestión de desechos^",Abr - Jun,586.9964269999999
2024,Total nacional,Población ocupada,"Suministro de electricidad, gas, agua y gestión de desechos^",May - Jul,547.8932196666666
2024,Total nacional,Población ocupada,"Suministro de electricidad, gas, agua y gestión de desechos^",Jun - Ago,564.5443036666667
2024,Total nacional,Población ocupada,"Suministro de electricidad, gas, agua y gestión de desechos^",Jul - Sep,591.4384019999999
2024,Total nacional,Población ocupada,"Suministro de electricidad, gas, agua y gestión de desechos^",Ago - Oct,684.9928413333333
2024,Total nacional,Población ocupada,"Suministro de electricidad, gas, agua y gestión de desechos^",Sep - Nov,701.9107716666666
2024,Total nacional,Población ocupada,"Suministro de electricidad, gas, agua y gestión de desechos^",Oct - Dic,675.0921716666667
2024,Total nacional,Población ocupada,"Suministro de electricidad, gas, agua y gestión de desechos^",Nov - Ene,636.463591
2024,Total nacional,Población ocupada,"Suministro de electricidad, gas, agua y gestión de desechos^",Dic - Feb,613.957667
2025,Total nacional,Población ocupada,"Suministro de electricidad, gas, agua y gestión de desechos^",Ene - Mar,593.152452
2025,Total nacional,Población ocupada,"Suministro de electricidad, gas, agua y gestión de desechos^",Feb - Abr,569.614036
2025,Total nacional,Población ocupada,"Suministro de electricidad, gas, agua y gestión de desechos^",Mar - May,559.65574
2025,Total nacional,Población ocupada,"Suministro de electricidad, gas, agua y gestión de desechos^",Abr - Jun,626.113864
2025,Total nacional,Población ocupada,"Suministro de electricidad, gas, agua y gestión de desechos^",May - Jul,612.174132
2025,Total nacional,Población ocupada,"Suministro de electricidad, gas, agua y gestión de desechos^",Jun - Ago,632.490893
2025,Total nacional,Población ocupada,"Suministro de electricidad, gas, agua y gestión de desechos^",Jul - Sep,587.270387
2025,Total nacional,Población ocupada,"Suministro de electricidad, gas, agua y gestión de desechos^",Ago - Oct,649.522432
2025,Total nacional,Población ocupada,"Suministro de electricidad, gas, agua y gestión de desechos^",Sep - Nov,672.858276
2025,Total nacional,Población ocupada,"Suministro de electricidad, gas, agua y gestión de desechos^",Oct - Dic,660.406029
2025,Total nacional,Población ocupada,"Suministro de electricidad, gas, agua y gestión de desechos^",Nov - Ene,612.490335
2025,Total nacional,Población ocupada,"Suministro de electricidad, gas, agua y gestión de desechos^",Dic - Feb,628.612154
2026,Total nacional,Población ocupada,"Suministro de electricidad, gas, agua y gestión de desechos^",Ene - Mar,661.635658
2026,Total nacional,Población ocupada,"Suministro de electricidad, gas, agua y gestión de desechos^",Feb - Abr,668.410097
2021,Total nacional,Población ocupada,Industrias manufactureras,Ene - Mar,1976.8792890000002
2021,Total nacional,Población ocupada,Industrias manufactureras,Feb - Abr,2046.9914496666668
2021,Total nacional,Población ocupada,Industrias manufactureras,Mar - May,2039.012866
2021,Total nacional,Población ocupada,Industrias manufactureras,Abr - Jun,2055.567335
2021,Total nacional,Población ocupada,Industrias manufactureras,May - Jul,2088.4277573333334
2021,Total nacional,Población ocupada,Industrias manufactureras,Jun - Ago,2075.806926333333
2021,Total nacional,Población ocupada,Industrias manufactureras,Jul - Sep,2145.578067666667
2021,Total nacional,Población ocupada,Industrias manufactureras,Ago - Oct,2154.6757686666665
2021,Total nacional,Población ocupada,Industrias manufactureras,Sep - Nov,2126.8887443333333
2021,Total nacional,Población ocupada,Industrias manufactureras,Oct - Dic,2147.910572333333
2021,Total nacional,Población ocupada,Industrias manufactureras,Nov - Ene,2101.9849513333334
2021,Total nacional,Población ocupada,Industrias manufactureras,Dic - Feb,2221.696895333333
2022,Total nacional,Población ocupada,Industrias manufactureras,Ene - Mar,2269.720989
2022,Total nacional,Población ocupada,Industrias manufactureras,Feb - Abr,2374.1529696666666
2022,Total nacional,Población ocupada,Industrias manufactureras,Mar - May,2328.7838626666667
2022,Total nacional,Población ocupada,Industrias manufactureras,Abr - Jun,2279.472278333333
2022,Total nacional,Población ocupada,Industrias manufactureras,May - Jul,2304.7446293333337
2022,Total nacional,Población ocupada,Industrias manufactureras,Jun - Ago,2318.3679639999996
2022,Total nacional,Población ocupada,Industrias manufactureras,Jul - Sep,2374.598748
2022,Total nacional,Población ocupada,Industrias manufactureras,Ago - Oct,2369.692762333333
2022,Total nacional,Población ocupada,Industrias manufactureras,Sep - Nov,2422.40596
2022,Total nacional,Población ocupada,Industrias manufactureras,Oct - Dic,2450.414437
2022,Total nacional,Población ocupada,Industrias manufactureras,Nov - Ene,2392.680316
2022,Total nacional,Población ocupada,Industrias manufactureras,Dic - Feb,2372.432007666667
2023,Total nacional,Población ocupada,Industrias manufactureras,Ene - Mar,2346.0067096666667
2023,Total nacional,Población ocupada,Industrias manufactureras,Feb - Abr,2437.5357596666668
2023,Total nacional,Población ocupada,Industrias manufactureras,Mar - May,2462.539798
2023,Total nacional,Población ocupada,Industrias manufactureras,Abr - Jun,2424.1303176666665
2023,Total nacional,Población ocupada,Industrias manufactureras,May - Jul,2407.363143666667
2023,Total nacional,Población ocupada,Industrias manufactureras,Jun - Ago,2418.440431666667
2023,Total nacional,Población ocupada,Industrias manufactureras,Jul - Sep,2468.777744
2023,Total nacional,Población ocupada,Industrias manufactureras,Ago - Oct,2415.840746
2023,Total nacional,Población ocupada,Industrias manufactureras,Sep - Nov,2396.168693
2023,Total nacional,Población ocupada,Industrias manufactureras,Oct - Dic,2365.7840936666666
2023,Total nacional,Población ocupada,Industrias manufactureras,Nov - Ene,2382.344074
2023,Total nacional,Población ocupada,Industrias manufactureras,Dic - Feb,2415.575157333333
2024,Total nacional,Población ocupada,Industrias manufactureras,Ene - Mar,2425.336945333333
2024,Total nacional,Población ocupada,Industrias manufactureras,Feb - Abr,2447.6059936666666
2024,Total nacional,Población ocupada,Industrias manufactureras,Mar - May,2452.8014609999996
2024,Total nacional,Población ocupada,Industrias manufactureras,Abr - Jun,2474.0074253333332
2024,Total nacional,Población ocupada,Industrias manufactureras,May - Jul,2510.325834333333
2024,Total nacional,Población ocupada,Industrias manufactureras,Jun - Ago,2477.1538480000004
2024,Total nacional,Población ocupada,Industrias manufactureras,Jul - Sep,2463.81998
2024,Total nacional,Población ocupada,Industrias manufactureras,Ago - Oct,2480.4114700000005
2024,Total nacional,Población ocupada,Industrias manufactureras,Sep - Nov,2524.0327926666664
2024,Total nacional,Población ocupada,Industrias manufactureras,Oct - Dic,2505.7157919999995
2024,Total nacional,Población ocupada,Industrias manufactureras,Nov - Ene,2441.276564
2024,Total nacional,Población ocupada,Industrias manufactureras,Dic - Feb,2456.802327
2025,Total nacional,Población ocupada,Industrias manufactureras,Ene - Mar,2539.75179
2025,Total nacional,Población ocupada,Industrias manufactureras,Feb - Abr,2588.776677
2025,Total nacional,Población ocupada,Industrias manufactureras,Mar - May,2522.231032
2025,Total nacional,Población ocupada,Industrias manufactureras,Abr - Jun,2576.360179
2025,Total nacional,Población ocupada,Industrias manufactureras,May - Jul,2599.570126
2025,Total nacional,Población ocupada,Industrias manufactureras,Jun - Ago,2673.235388
2025,Total nacional,Población ocupada,Industrias manufactureras,Jul - Sep,2635.96253
2025,Total nacional,Población ocupada,Industrias manufactureras,Ago - Oct,2671.517463
2025,Total nacional,Población ocupada,Industrias manufactureras,Sep - Nov,2614.89833
2025,Total nacional,Población ocupada,Industrias manufactureras,Oct - Dic,2685.221676
2025,Total nacional,Población ocupada,Industrias manufactureras,Nov - Ene,2622.173301
2025,Total nacional,Población ocupada,Industrias manufactureras,Dic - Feb,2717.323742
2026,Total nacional,Población ocupada,Industrias manufactureras,Ene - Mar,2574.723683
2026,Total nacional,Población ocupada,Industrias manufactureras,Feb - Abr,2582.87888
2021,Total nacional,Población ocupada,Construcción,Ene - Mar,1477.884661
2021,Total nacional,Población ocupada,Construcción,Feb - Abr,1507.4950033333334
2021,Total nacional,Población ocupada,Construcción,Mar - May,1519.0542693333334
2021,Total nacional,Población ocupada,Construcción,Abr - Jun,1437.5957096666664
2021,Total nacional,Población ocupada,Construcción,May - Jul,1428.9121566666665
2021,Total nacional,Población ocupada,Construcción,Jun - Ago,1490.891821
2021,Total nacional,Población ocupada,Construcción,Jul - Sep,1499.2228513333332
2021,Total nacional,Población ocupada,Construcción,Ago - Oct,1495.2597036666666
2021,Total nacional,Población ocupada,Construcción,Sep - Nov,1517.1283956666666
2021,Total nacional,Población ocupada,Construcción,Oct - Dic,1542.2894033333332
2021,Total nacional,Población ocupada,Construcción,Nov - Ene,1571.3573539999998
2021,Total nacional,Población ocupada,Construcción,Dic - Feb,1550.1913056666665
2022,Total nacional,Población ocupada,Construcción,Ene - Mar,1531.8371356666667
2022,Total nacional,Población ocupada,Construcción,Feb - Abr,1520.2238893333333
2022,Total nacional,Población ocupada,Construcción,Mar - May,1507.6393326666666
2022,Total nacional,Población ocupada,Construcción,Abr - Jun,1551.6380053333332
2022,Total nacional,Población ocupada,Construcción,May - Jul,1538.4228620000001
2022,Total nacional,Población ocupada,Construcción,Jun - Ago,1589.3206010000001
2022,Total nacional,Población ocupada,Construcción,Jul - Sep,1543.8403786666665
2022,Total nacional,Población ocupada,Construcción,Ago - Oct,1542.892415
2022,Total nacional,Población ocupada,Construcción,Sep - Nov,1493.9761526666668
2022,Total nacional,Población ocupada,Construcción,Oct - Dic,1559.2996786666665
2022,Total nacional,Población ocupada,Construcción,Nov - Ene,1535.6113043333332
2022,Total nacional,Población ocupada,Construcción,Dic - Feb,1537.0619576666666
2023,Total nacional,Población ocupada,Construcción,Ene - Mar,1512.3510306666667
2023,Total nacional,Población ocupada,Construcción,Feb - Abr,1572.9527596666667
2023,Total nacional,Población ocupada,Construcción,Mar - May,1542.1395386666666
2023,Total nacional,Población ocupada,Construcción,Abr - Jun,1547.6633843333332
2023,Total nacional,Población ocupada,Construcción,May - Jul,1589.6963956666666
2023,Total nacional,Población ocupada,Construcción,Jun - Ago,1650.8136693333333
2023,Total nacional,Población ocupada,Construcción,Jul - Sep,1617.4165693333332
2023,Total nacional,Población ocupada,Construcción,Ago - Oct,1552.062578
2023,Total nacional,Población ocupada,Construcción,Sep - Nov,1560.7993533333336
2023,Total nacional,Población ocupada,Construcción,Oct - Dic,1584.0120829999998
2023,Total nacional,Población ocupada,Construcción,Nov - Ene,1563.8516049999998
2023,Total nacional,Población ocupada,Construcción,Dic - Feb,1508.0957703333333
2024,Total nacional,Población ocupada,Construcción,Ene - Mar,1488.2853283333334
2024,Total nacional,Población ocupada,Construcción,Feb - Abr,1530.8311326666665
2024,Total nacional,Población ocupada,Construcción,Mar - May,1570.1063380000003
2024,Total nacional,Población ocupada,Construcción,Abr - Jun,1556.9376556666666
2024,Total nacional,Población ocupada,Construcción,May - Jul,1560.3537653333333
2024,Total nacional,Población ocupada,Construcción,Jun - Ago,1540.1294746666665
2024,Total nacional,Población ocupada,Construcción,Jul - Sep,1539.3917876666667
2024,Total nacional,Población ocupada,Construcción,Ago - Oct,1539.9919643333333
2024,Total nacional,Población ocupada,Construcción,Sep - Nov,1528.0628319999998
2024,Total nacional,Población ocupada,Construcción,Oct - Dic,1586.2042913333335
2024,Total nacional,Población ocupada,Construcción,Nov - Ene,1553.985655
2024,Total nacional,Población ocupada,Construcción,Dic - Feb,1619.750222
2025,Total nacional,Población ocupada,Construcción,Ene - Mar,1617.207202
2025,Total nacional,Población ocupada,Construcción,Feb - Abr,1633.959654
2025,Total nacional,Población ocupada,Construcción,Mar - May,1586.426853
2025,Total nacional,Población ocupada,Construcción,Abr - Jun,1543.312445
2025,Total nacional,Población ocupada,Construcción,May - Jul,1583.44279
2025,Total nacional,Población ocupada,Construcción,Jun - Ago,1636.529927
2025,Total nacional,Población ocupada,Construcción,Jul - Sep,1646.137811
2025,Total nacional,Población ocupada,Construcción,Ago - Oct,1598.723556
2025,Total nacional,Población ocupada,Construcción,Sep - Nov,1588.706173
2025,Total nacional,Población ocupada,Construcción,Oct - Dic,1611.770249
2025,Total nacional,Población ocupada,Construcción,Nov - Ene,1631.89942
2025,Total nacional,Población ocupada,Construcción,Dic - Feb,1623.729758
2026,Total nacional,Población ocupada,Construcción,Ene - Mar,1661.654927
2026,Total nacional,Población ocupada,Construcción,Feb - Abr,1699.841399
2021,Total nacional,Población ocupada,Comercio y reparación de vehículos,Ene - Mar,3685.232109
2021,Total nacional,Población ocupada,Comercio y reparación de vehículos,Feb - Abr,3713.999472333333
2021,Total nacional,Población ocupada,Comercio y reparación de vehículos,Mar - May,3652.508582
2021,Total nacional,Población ocupada,Comercio y reparación de vehículos,Abr - Jun,3683.6548956666666
2021,Total nacional,Población ocupada,Comercio y reparación de vehículos,May - Jul,3690.83941
2021,Total nacional,Población ocupada,Comercio y reparación de vehículos,Jun - Ago,3729.794453
2021,Total nacional,Población ocupada,Comercio y reparación de vehículos,Jul - Sep,3693.0906469999995
2021,Total nacional,Población ocupada,Comercio y reparación de vehículos,Ago - Oct,3718.5848433333326
2021,Total nacional,Población ocupada,Comercio y reparación de vehículos,Sep - Nov,3801.6426069999998
2021,Total nacional,Población ocupada,Comercio y reparación de vehículos,Oct - Dic,3881.254570333333
2021,Total nacional,Población ocupada,Comercio y reparación de vehículos,Nov - Ene,3928.884765666667
2021,Total nacional,Población ocupada,Comercio y reparación de vehículos,Dic - Feb,3966.6750073333337
2022,Total nacional,Población ocupada,Comercio y reparación de vehículos,Ene - Mar,3961.3757009999995
2022,Total nacional,Población ocupada,Comercio y reparación de vehículos,Feb - Abr,3992.5867396666667
2022,Total nacional,Población ocupada,Comercio y reparación de vehículos,Mar - May,3896.941440666667
2022,Total nacional,Población ocupada,Comercio y reparación de vehículos,Abr - Jun,3913.954391333333
2022,Total nacional,Población ocupada,Comercio y reparación de vehículos,May - Jul,3871.925841
2022,Total nacional,Población ocupada,Comercio y reparación de vehículos,Jun - Ago,3970.6599666666666
2022,Total nacional,Población ocupada,Comercio y reparación de vehículos,Jul - Sep,3990.648828
2022,Total nacional,Población ocupada,Comercio y reparación de vehículos,Ago - Oct,4068.6932790000005
2022,Total nacional,Población ocupada,Comercio y reparación de vehículos,Sep - Nov,4087.391068333333
2022,Total nacional,Población ocupada,Comercio y reparación de vehículos,Oct - Dic,4015.435558333333
2022,Total nacional,Población ocupada,Comercio y reparación de vehículos,Nov - Ene,3951.4266403333336
2022,Total nacional,Población ocupada,Comercio y reparación de vehículos,Dic - Feb,3953.0350240000002
2023,Total nacional,Población ocupada,Comercio y reparación de vehículos,Ene - Mar,4000.765283
2023,Total nacional,Población ocupada,Comercio y reparación de vehículos,Feb - Abr,4009.498001
2023,Total nacional,Población ocupada,Comercio y reparación de vehículos,Mar - May,4009.0295886666668
2023,Total nacional,Población ocupada,Comercio y reparación de vehículos,Abr - Jun,4042.5569883333333
2023,Total nacional,Población ocupada,Comercio y reparación de vehículos,May - Jul,4078.3678043333334
2023,Total nacional,Población ocupada,Comercio y reparación de vehículos,Jun - Ago,4012.0725173333335
2023,Total nacional,Población ocupada,Comercio y reparación de vehículos,Jul - Sep,4009.4281573333333
2023,Total nacional,Población ocupada,Comercio y reparación de vehículos,Ago - Oct,3983.8078356666665
2023,Total nacional,Población ocupada,Comercio y reparación de vehículos,Sep - Nov,3998.4634043333335
2023,Total nacional,Población ocupada,Comercio y reparación de vehículos,Oct - Dic,4026.0547046666666
2023,Total nacional,Población ocupada,Comercio y reparación de vehículos,Nov - Ene,4002.0947156666666
2023,Total nacional,Población ocupada,Comercio y reparación de vehículos,Dic - Feb,3998.5308370000002
2024,Total nacional,Población ocupada,Comercio y reparación de vehículos,Ene - Mar,3980.221093
2024,Total nacional,Población ocupada,Comercio y reparación de vehículos,Feb - Abr,4011.364365
2024,Total nacional,Población ocupada,Comercio y reparación de vehículos,Mar - May,4020.9831403333337
2024,Total nacional,Población ocupada,Comercio y reparación de vehículos,Abr - Jun,4003.5496120000003
2024,Total nacional,Población ocupada,Comercio y reparación de vehículos,May - Jul,3996.109951
2024,Total nacional,Población ocupada,Comercio y reparación de vehículos,Jun - Ago,4028.253134666667
2024,Total nacional,Población ocupada,Comercio y reparación de vehículos,Jul - Sep,4038.931035
2024,Total nacional,Población ocupada,Comercio y reparación de vehículos,Ago - Oct,4135.438897
2024,Total nacional,Población ocupada,Comercio y reparación de vehículos,Sep - Nov,4131.422086333334
2024,Total nacional,Población ocupada,Comercio y reparación de vehículos,Oct - Dic,4199.501847333333
2024,Total nacional,Población ocupada,Comercio y reparación de vehículos,Nov - Ene,4160.036989
2024,Total nacional,Población ocupada,Comercio y reparación de vehículos,Dic - Feb,4166.180617
2025,Total nacional,Población ocupada,Comercio y reparación de vehículos,Ene - Mar,4138.379437
2025,Total nacional,Población ocupada,Comercio y reparación de vehículos,Feb - Abr,4132.791145
2025,Total nacional,Población ocupada,Comercio y reparación de vehículos,Mar - May,4140.128
2025,Total nacional,Población ocupada,Comercio y reparación de vehículos,Abr - Jun,4124.412431
2025,Total nacional,Población ocupada,Comercio y reparación de vehículos,May - Jul,4103.742196
2025,Total nacional,Población ocupada,Comercio y reparación de vehículos,Jun - Ago,4039.423192
2025,Total nacional,Población ocupada,Comercio y reparación de vehículos,Jul - Sep,4008.328327
2025,Total nacional,Población ocupada,Comercio y reparación de vehículos,Ago - Oct,4000.306659
2025,Total nacional,Población ocupada,Comercio y reparación de vehículos,Sep - Nov,4071.971814
2025,Total nacional,Población ocupada,Comercio y reparación de vehículos,Oct - Dic,4146.492239
2025,Total nacional,Población ocupada,Comercio y reparación de vehículos,Nov - Ene,4131.045189
2025,Total nacional,Población ocupada,Comercio y reparación de vehículos,Dic - Feb,4117.88084
2026,Total nacional,Población ocupada,Comercio y reparación de vehículos,Ene - Mar,4125.369172
2026,Total nacional,Población ocupada,Comercio y reparación de vehículos,Feb - Abr,4141.259958
2021,Total nacional,Población ocupada,Alojamiento y servicios de comida,Ene - Mar,1249.0292763333334
2021,Total nacional,Población ocupada,Alojamiento y servicios de comida,Feb - Abr,1278.7390746666667
2021,Total nacional,Población ocupada,Alojamiento y servicios de comida,Mar - May,1243.7273423333334
2021,Total nacional,Población ocupada,Alojamiento y servicios de comida,Abr - Jun,1256.0928163333333
2021,Total nacional,Población ocupada,Alojamiento y servicios de comida,May - Jul,1302.9597946666665
2021,Total nacional,Población ocupada,Alojamiento y servicios de comida,Jun - Ago,1358.8338136666669
2021,Total nacional,Población ocupada,Alojamiento y servicios de comida,Jul - Sep,1364.6392573333333
2021,Total nacional,Población ocupada,Alojamiento y servicios de comida,Ago - Oct,1374.4994666666669
2021,Total nacional,Población ocupada,Alojamiento y servicios de comida,Sep - Nov,1349.94893
2021,Total nacional,Población ocupada,Alojamiento y servicios de comida,Oct - Dic,1393.2301913333333
2021,Total nacional,Población ocupada,Alojamiento y servicios de comida,Nov - Ene,1339.1305373333332
2021,Total nacional,Población ocupada,Alojamiento y servicios de comida,Dic - Feb,1392.39462
2022,Total nacional,Población ocupada,Alojamiento y servicios de comida,Ene - Mar,1400.3342889999997
2022,Total nacional,Población ocupada,Alojamiento y servicios de comida,Feb - Abr,1490.3739963333335
2022,Total nacional,Población ocupada,Alojamiento y servicios de comida,Mar - May,1465.3105213333336
2022,Total nacional,Población ocupada,Alojamiento y servicios de comida,Abr - Jun,1478.3756103333333
2022,Total nacional,Población ocupada,Alojamiento y servicios de comida,May - Jul,1461.5921870000002
2022,Total nacional,Población ocupada,Alojamiento y servicios de comida,Jun - Ago,1500.169701
2022,Total nacional,Población ocupada,Alojamiento y servicios de comida,Jul - Sep,1546.995998333333
2022,Total nacional,Población ocupada,Alojamiento y servicios de comida,Ago - Oct,1557.3622803333335
2022,Total nacional,Población ocupada,Alojamiento y servicios de comida,Sep - Nov,1537.800182
2022,Total nacional,Población ocupada,Alojamiento y servicios de comida,Oct - Dic,1504.9463643333336
2022,Total nacional,Población ocupada,Alojamiento y servicios de comida,Nov - Ene,1533.383329333333
2022,Total nacional,Población ocupada,Alojamiento y servicios de comida,Dic - Feb,1586.4235680000002
2023,Total nacional,Población ocupada,Alojamiento y servicios de comida,Ene - Mar,1625.6693626666668
2023,Total nacional,Población ocupada,Alojamiento y servicios de comida,Feb - Abr,1669.0288196666668
2023,Total nacional,Población ocupada,Alojamiento y servicios de comida,Mar - May,1642.3914590000002
2023,Total nacional,Población ocupada,Alojamiento y servicios de comida,Abr - Jun,1619.8366726666666
2023,Total nacional,Población ocupada,Alojamiento y servicios de comida,May - Jul,1592.1200426666667
2023,Total nacional,Población ocupada,Alojamiento y servicios de comida,Jun - Ago,1640.9427046666667
2023,Total nacional,Población ocupada,Alojamiento y servicios de comida,Jul - Sep,1647.6078003333332
2023,Total nacional,Población ocupada,Alojamiento y servicios de comida,Ago - Oct,1692.7351126666665
2023,Total nacional,Población ocupada,Alojamiento y servicios de comida,Sep - Nov,1654.313433
2023,Total nacional,Población ocupada,Alojamiento y servicios de comida,Oct - Dic,1662.8003713333335
2023,Total nacional,Población ocupada,Alojamiento y servicios de comida,Nov - Ene,1587.3788693333333
2023,Total nacional,Población ocupada,Alojamiento y servicios de comida,Dic - Feb,1589.7535933333336
2024,Total nacional,Población ocupada,Alojamiento y servicios de comida,Ene - Mar,1564.186578
2024,Total nacional,Población ocupada,Alojamiento y servicios de comida,Feb - Abr,1642.8442946666667
2024,Total nacional,Población ocupada,Alojamiento y servicios de comida,Mar - May,1676.5651303333334
2024,Total nacional,Población ocupada,Alojamiento y servicios de comida,Abr - Jun,1715.3971373333334
2024,Total nacional,Población ocupada,Alojamiento y servicios de comida,May - Jul,1664.281239
2024,Total nacional,Población ocupada,Alojamiento y servicios de comida,Jun - Ago,1705.3803189999999
2024,Total nacional,Población ocupada,Alojamiento y servicios de comida,Jul - Sep,1729.2923096666666
2024,Total nacional,Población ocupada,Alojamiento y servicios de comida,Ago - Oct,1746.2275469999997
2024,Total nacional,Población ocupada,Alojamiento y servicios de comida,Sep - Nov,1706.3958373333335
2024,Total nacional,Población ocupada,Alojamiento y servicios de comida,Oct - Dic,1756.4776823333334
2024,Total nacional,Población ocupada,Alojamiento y servicios de comida,Nov - Ene,1781.039645
2024,Total nacional,Población ocupada,Alojamiento y servicios de comida,Dic - Feb,1805.389459
2025,Total nacional,Población ocupada,Alojamiento y servicios de comida,Ene - Mar,1743.490429
2025,Total nacional,Población ocupada,Alojamiento y servicios de comida,Feb - Abr,1780.156892
2025,Total nacional,Población ocupada,Alojamiento y servicios de comida,Mar - May,1783.172818
2025,Total nacional,Población ocupada,Alojamiento y servicios de comida,Abr - Jun,1798.394978
2025,Total nacional,Población ocupada,Alojamiento y servicios de comida,May - Jul,1782.368023
2025,Total nacional,Población ocupada,Alojamiento y servicios de comida,Jun - Ago,1815.659019
2025,Total nacional,Población ocupada,Alojamiento y servicios de comida,Jul - Sep,1868.241964
2025,Total nacional,Población ocupada,Alojamiento y servicios de comida,Ago - Oct,1916.128728
2025,Total nacional,Población ocupada,Alojamiento y servicios de comida,Sep - Nov,1937.792879
2025,Total nacional,Población ocupada,Alojamiento y servicios de comida,Oct - Dic,1927.540471
2025,Total nacional,Población ocupada,Alojamiento y servicios de comida,Nov - Ene,1822.797979
2025,Total nacional,Población ocupada,Alojamiento y servicios de comida,Dic - Feb,1766.586549
2026,Total nacional,Población ocupada,Alojamiento y servicios de comida,Ene - Mar,1719.052385
2026,Total nacional,Población ocupada,Alojamiento y servicios de comida,Feb - Abr,1802.050124
2021,Total nacional,Población ocupada,Transporte y almacenamiento,Ene - Mar,1336.679375
2021,Total nacional,Población ocupada,Transporte y almacenamiento,Feb - Abr,1355.1227926666668
2021,Total nacional,Población ocupada,Transporte y almacenamiento,Mar - May,1355.601378
2021,Total nacional,Población ocupada,Transporte y almacenamiento,Abr - Jun,1377.1136026666666
2021,Total nacional,Población ocupada,Transporte y almacenamiento,May - Jul,1418.6886773333335
2021,Total nacional,Población ocupada,Transporte y almacenamiento,Jun - Ago,1462.2217586666666
2021,Total nacional,Población ocupada,Transporte y almacenamiento,Jul - Sep,1506.2096053333335
2021,Total nacional,Población ocupada,Transporte y almacenamiento,Ago - Oct,1533.108427
2021,Total nacional,Población ocupada,Transporte y almacenamiento,Sep - Nov,1562.7015606666666
2021,Total nacional,Población ocupada,Transporte y almacenamiento,Oct - Dic,1547.6818283333334
2021,Total nacional,Población ocupada,Transporte y almacenamiento,Nov - Ene,1524.5914733333332
2021,Total nacional,Población ocupada,Transporte y almacenamiento,Dic - Feb,1499.0710143333333
2022,Total nacional,Población ocupada,Transporte y almacenamiento,Ene - Mar,1536.6661123333333
2022,Total nacional,Población ocupada,Transporte y almacenamiento,Feb - Abr,1592.2975213333332
2022,Total nacional,Población ocupada,Transporte y almacenamiento,Mar - May,1649.2327636666666
2022,Total nacional,Población ocupada,Transporte y almacenamiento,Abr - Jun,1632.8024426666668
2022,Total nacional,Población ocupada,Transporte y almacenamiento,May - Jul,1655.7884236666666
2022,Total nacional,Población ocupada,Transporte y almacenamiento,Jun - Ago,1612.453746
2022,Total nacional,Población ocupada,Transporte y almacenamiento,Jul - Sep,1635.314732
2022,Total nacional,Población ocupada,Transporte y almacenamiento,Ago - Oct,1623.5066283333333
2022,Total nacional,Población ocupada,Transporte y almacenamiento,Sep - Nov,1595.2693916666667
2022,Total nacional,Población ocupada,Transporte y almacenamiento,Oct - Dic,1575.74184
2022,Total nacional,Población ocupada,Transporte y almacenamiento,Nov - Ene,1572.5761810000001
2022,Total nacional,Población ocupada,Transporte y almacenamiento,Dic - Feb,1652.0429763333334
2023,Total nacional,Población ocupada,Transporte y almacenamiento,Ene - Mar,1637.967152
2023,Total nacional,Población ocupada,Transporte y almacenamiento,Feb - Abr,1630.8569983333334
2023,Total nacional,Población ocupada,Transporte y almacenamiento,Mar - May,1649.0775883333333
2023,Total nacional,Población ocupada,Transporte y almacenamiento,Abr - Jun,1708.3300726666666
2023,Total nacional,Población ocupada,Transporte y almacenamiento,May - Jul,1771.028386
2023,Total nacional,Población ocupada,Transporte y almacenamiento,Jun - Ago,1728.096426
2023,Total nacional,Población ocupada,Transporte y almacenamiento,Jul - Sep,1779.8802146666667
2023,Total nacional,Población ocupada,Transporte y almacenamiento,Ago - Oct,1734.3654513333333
2023,Total nacional,Población ocupada,Transporte y almacenamiento,Sep - Nov,1778.4470756666667
2023,Total nacional,Población ocupada,Transporte y almacenamiento,Oct - Dic,1699.522678
2023,Total nacional,Población ocupada,Transporte y almacenamiento,Nov - Ene,1692.1640213333333
2023,Total nacional,Población ocupada,Transporte y almacenamiento,Dic - Feb,1709.9618003333333
2024,Total nacional,Población ocupada,Transporte y almacenamiento,Ene - Mar,1701.0522056666669
2024,Total nacional,Población ocupada,Transporte y almacenamiento,Feb - Abr,1697.5888223333334
2024,Total nacional,Población ocupada,Transporte y almacenamiento,Mar - May,1657.5327733333334
2024,Total nacional,Población ocupada,Transporte y almacenamiento,Abr - Jun,1685.3854726666668
2024,Total nacional,Población ocupada,Transporte y almacenamiento,May - Jul,1704.1895539999998
2024,Total nacional,Población ocupada,Transporte y almacenamiento,Jun - Ago,1700.989895
2024,Total nacional,Población ocupada,Transporte y almacenamiento,Jul - Sep,1722.984823
2024,Total nacional,Población ocupada,Transporte y almacenamiento,Ago - Oct,1709.8337766666666
2024,Total nacional,Población ocupada,Transporte y almacenamiento,Sep - Nov,1747.4728573333334
2024,Total nacional,Población ocupada,Transporte y almacenamiento,Oct - Dic,1723.4413903333334
2024,Total nacional,Población ocupada,Transporte y almacenamiento,Nov - Ene,1738.585199
2024,Total nacional,Población ocupada,Transporte y almacenamiento,Dic - Feb,1779.267575
2025,Total nacional,Población ocupada,Transporte y almacenamiento,Ene - Mar,1797.285121
2025,Total nacional,Población ocupada,Transporte y almacenamiento,Feb - Abr,1811.854815
2025,Total nacional,Población ocupada,Transporte y almacenamiento,Mar - May,1798.545644
2025,Total nacional,Población ocupada,Transporte y almacenamiento,Abr - Jun,1782.689326
2025,Total nacional,Población ocupada,Transporte y almacenamiento,May - Jul,1823.350806
2025,Total nacional,Población ocupada,Transporte y almacenamiento,Jun - Ago,1815.688234
2025,Total nacional,Población ocupada,Transporte y almacenamiento,Jul - Sep,1859.623826
2025,Total nacional,Población ocupada,Transporte y almacenamiento,Ago - Oct,1866.295229
2025,Total nacional,Población ocupada,Transporte y almacenamiento,Sep - Nov,1879.392173
2025,Total nacional,Población ocupada,Transporte y almacenamiento,Oct - Dic,1839.376431
2025,Total nacional,Población ocupada,Transporte y almacenamiento,Nov - Ene,1805.650231
2025,Total nacional,Población ocupada,Transporte y almacenamiento,Dic - Feb,1784.700526
2026,Total nacional,Población ocupada,Transporte y almacenamiento,Ene - Mar,1796.531309
2026,Total nacional,Población ocupada,Transporte y almacenamiento,Feb - Abr,1803.464866
2021,Total nacional,Población ocupada,Información y comunicaciones,Ene - Mar,370.199296
2021,Total nacional,Población ocupada,Información y comunicaciones,Feb - Abr,354.971076
2021,Total nacional,Población ocupada,Información y comunicaciones,Mar - May,338.55634733333335
2021,Total nacional,Población ocupada,Información y comunicaciones,Abr - Jun,341.58836933333333
2021,Total nacional,Población ocupada,Información y comunicaciones,May - Jul,344.20831933333335
2021,Total nacional,Población ocupada,Información y comunicaciones,Jun - Ago,352.18115600000004
2021,Total nacional,Población ocupada,Información y comunicaciones,Jul - Sep,350.018158
2021,Total nacional,Población ocupada,Información y comunicaciones,Ago - Oct,363.62251
2021,Total nacional,Población ocupada,Información y comunicaciones,Sep - Nov,389.5384993333334
2021,Total nacional,Población ocupada,Información y comunicaciones,Oct - Dic,396.015829
2021,Total nacional,Población ocupada,Información y comunicaciones,Nov - Ene,394.79098066666666
2021,Total nacional,Población ocupada,Información y comunicaciones,Dic - Feb,388.3562093333333
2022,Total nacional,Población ocupada,Información y comunicaciones,Ene - Mar,376.63566066666664
2022,Total nacional,Población ocupada,Información y comunicaciones,Feb - Abr,387.455208
2022,Total nacional,Población ocupada,Información y comunicaciones,Mar - May,367.030581
2022,Total nacional,Población ocupada,Información y comunicaciones,Abr - Jun,410.14930699999996
2022,Total nacional,Población ocupada,Información y comunicaciones,May - Jul,384.03374133333335
2022,Total nacional,Población ocupada,Información y comunicaciones,Jun - Ago,395.2022093333333
2022,Total nacional,Población ocupada,Información y comunicaciones,Jul - Sep,359.014048
2022,Total nacional,Población ocupada,Información y comunicaciones,Ago - Oct,363.6707016666667
2022,Total nacional,Población ocupada,Información y comunicaciones,Sep - Nov,374.0654273333333
2022,Total nacional,Población ocupada,Información y comunicaciones,Oct - Dic,385.46944833333333
2022,Total nacional,Población ocupada,Información y comunicaciones,Nov - Ene,411.0218016666667
2022,Total nacional,Población ocupada,Información y comunicaciones,Dic - Feb,395.38345166666664
2023,Total nacional,Población ocupada,Información y comunicaciones,Ene - Mar,390.65942333333334
2023,Total nacional,Población ocupada,Información y comunicaciones,Feb - Abr,389.32419966666663
2023,Total nacional,Población ocupada,Información y comunicaciones,Mar - May,408.85904933333336
2023,Total nacional,Población ocupada,Información y comunicaciones,Abr - Jun,402.54223
2023,Total nacional,Población ocupada,Información y comunicaciones,May - Jul,384.99487300000004
2023,Total nacional,Población ocupada,Información y comunicaciones,Jun - Ago,387.59190566666666
2023,Total nacional,Población ocupada,Información y comunicaciones,Jul - Sep,424.95036166666665
2023,Total nacional,Población ocupada,Información y comunicaciones,Ago - Oct,431.31482233333327
2023,Total nacional,Población ocupada,Información y comunicaciones,Sep - Nov,442.0834053333333
2023,Total nacional,Población ocupada,Información y comunicaciones,Oct - Dic,393.60210800000004
2023,Total nacional,Población ocupada,Información y comunicaciones,Nov - Ene,383.22816366666666
2023,Total nacional,Población ocupada,Información y comunicaciones,Dic - Feb,361.20189
2024,Total nacional,Población ocupada,Información y comunicaciones,Ene - Mar,360.40022633333336
2024,Total nacional,Población ocupada,Información y comunicaciones,Feb - Abr,377.266969
2024,Total nacional,Población ocupada,Información y comunicaciones,Mar - May,377.71383800000007
2024,Total nacional,Población ocupada,Información y comunicaciones,Abr - Jun,431.073441
2024,Total nacional,Población ocupada,Información y comunicaciones,May - Jul,439.1125586666667
2024,Total nacional,Población ocupada,Información y comunicaciones,Jun - Ago,448.9548536666667
2024,Total nacional,Población ocupada,Información y comunicaciones,Jul - Sep,411.93835199999995
2024,Total nacional,Población ocupada,Información y comunicaciones,Ago - Oct,382.798079
2024,Total nacional,Población ocupada,Información y comunicaciones,Sep - Nov,408.5570663333333
2024,Total nacional,Población ocupada,Información y comunicaciones,Oct - Dic,420.58371566666665
2024,Total nacional,Población ocupada,Información y comunicaciones,Nov - Ene,427.101462
2024,Total nacional,Población ocupada,Información y comunicaciones,Dic - Feb,378.655583
2025,Total nacional,Población ocupada,Información y comunicaciones,Ene - Mar,375.635435
2025,Total nacional,Población ocupada,Información y comunicaciones,Feb - Abr,410.926568
2025,Total nacional,Población ocupada,Información y comunicaciones,Mar - May,437.501787
2025,Total nacional,Población ocupada,Información y comunicaciones,Abr - Jun,424.098346
2025,Total nacional,Población ocupada,Información y comunicaciones,May - Jul,384.822693
2025,Total nacional,Población ocupada,Información y comunicaciones,Jun - Ago,377.242109
2025,Total nacional,Población ocupada,Información y comunicaciones,Jul - Sep,397.1847
2025,Total nacional,Población ocupada,Información y comunicaciones,Ago - Oct,409.457034
2025,Total nacional,Población ocupada,Información y comunicaciones,Sep - Nov,439.662046
2025,Total nacional,Población ocupada,Información y comunicaciones,Oct - Dic,427.876098
2025,Total nacional,Población ocupada,Información y comunicaciones,Nov - Ene,450.596289
2025,Total nacional,Población ocupada,Información y comunicaciones,Dic - Feb,433.408289
2026,Total nacional,Población ocupada,Información y comunicaciones,Ene - Mar,437.163837
2026,Total nacional,Población ocupada,Información y comunicaciones,Feb - Abr,430.795531
2021,Total nacional,Población ocupada,Actividades financieras y de seguros,Ene - Mar,353.05192566666665
2021,Total nacional,Población ocupada,Actividades financieras y de seguros,Feb - Abr,339.92899666666665
2021,Total nacional,Población ocupada,Actividades financieras y de seguros,Mar - May,347.6153683333334
2021,Total nacional,Población ocupada,Actividades financieras y de seguros,Abr - Jun,360.30045666666666
2021,Total nacional,Población ocupada,Actividades financieras y de seguros,May - Jul,358.3329986666666
2021,Total nacional,Población ocupada,Actividades financieras y de seguros,Jun - Ago,352.27187366666664
2021,Total nacional,Población ocupada,Actividades financieras y de seguros,Jul - Sep,387.833672
2021,Total nacional,Población ocupada,Actividades financieras y de seguros,Ago - Oct,389.8341323333334
2021,Total nacional,Población ocupada,Actividades financieras y de seguros,Sep - Nov,385.02706033333334
2021,Total nacional,Población ocupada,Actividades financieras y de seguros,Oct - Dic,363.71786900000006
2021,Total nacional,Población ocupada,Actividades financieras y de seguros,Nov - Ene,395.06332900000007
2021,Total nacional,Población ocupada,Actividades financieras y de seguros,Dic - Feb,421.7197496666667
2022,Total nacional,Población ocupada,Actividades financieras y de seguros,Ene - Mar,404.84846
2022,Total nacional,Población ocupada,Actividades financieras y de seguros,Feb - Abr,381.597661
2022,Total nacional,Población ocupada,Actividades financieras y de seguros,Mar - May,392.81984700000004
2022,Total nacional,Población ocupada,Actividades financieras y de seguros,Abr - Jun,405.37126900000004
2022,Total nacional,Población ocupada,Actividades financieras y de seguros,May - Jul,426.165417
2022,Total nacional,Población ocupada,Actividades financieras y de seguros,Jun - Ago,411.35100400000005
2022,Total nacional,Población ocupada,Actividades financieras y de seguros,Jul - Sep,434.6590613333333
2022,Total nacional,Población ocupada,Actividades financieras y de seguros,Ago - Oct,442.1084523333334
2022,Total nacional,Población ocupada,Actividades financieras y de seguros,Sep - Nov,439.7515916666666
2022,Total nacional,Población ocupada,Actividades financieras y de seguros,Oct - Dic,431.1555906666667
2022,Total nacional,Población ocupada,Actividades financieras y de seguros,Nov - Ene,403.3416073333333
2022,Total nacional,Población ocupada,Actividades financieras y de seguros,Dic - Feb,407.17661466666664
2023,Total nacional,Población ocupada,Actividades financieras y de seguros,Ene - Mar,380.3576823333333
2023,Total nacional,Población ocupada,Actividades financieras y de seguros,Feb - Abr,384.961477
2023,Total nacional,Población ocupada,Actividades financieras y de seguros,Mar - May,406.3313806666667
2023,Total nacional,Población ocupada,Actividades financieras y de seguros,Abr - Jun,429.89921533333336
2023,Total nacional,Población ocupada,Actividades financieras y de seguros,May - Jul,453.848817
2023,Total nacional,Población ocupada,Actividades financieras y de seguros,Jun - Ago,443.1434603333333
2023,Total nacional,Población ocupada,Actividades financieras y de seguros,Jul - Sep,433.56148833333333
2023,Total nacional,Población ocupada,Actividades financieras y de seguros,Ago - Oct,414.49344766666667
2023,Total nacional,Población ocupada,Actividades financieras y de seguros,Sep - Nov,431.32404433333335
2023,Total nacional,Población ocupada,Actividades financieras y de seguros,Oct - Dic,445.2090243333334
2023,Total nacional,Población ocupada,Actividades financieras y de seguros,Nov - Ene,449.85495833333334
2023,Total nacional,Población ocupada,Actividades financieras y de seguros,Dic - Feb,444.854896
2024,Total nacional,Población ocupada,Actividades financieras y de seguros,Ene - Mar,428.0622293333334
2024,Total nacional,Población ocupada,Actividades financieras y de seguros,Feb - Abr,444.0975613333333
2024,Total nacional,Población ocupada,Actividades financieras y de seguros,Mar - May,424.7253753333334
2024,Total nacional,Población ocupada,Actividades financieras y de seguros,Abr - Jun,444.1682123333333
2024,Total nacional,Población ocupada,Actividades financieras y de seguros,May - Jul,433.54205900000005
2024,Total nacional,Población ocupada,Actividades financieras y de seguros,Jun - Ago,421.298437
2024,Total nacional,Población ocupada,Actividades financieras y de seguros,Jul - Sep,387.20217900000006
2024,Total nacional,Población ocupada,Actividades financieras y de seguros,Ago - Oct,375.7279306666667
2024,Total nacional,Población ocupada,Actividades financieras y de seguros,Sep - Nov,389.6430293333333
2024,Total nacional,Población ocupada,Actividades financieras y de seguros,Oct - Dic,427.17230133333334
2024,Total nacional,Población ocupada,Actividades financieras y de seguros,Nov - Ene,453.717413
2024,Total nacional,Población ocupada,Actividades financieras y de seguros,Dic - Feb,464.45041
2025,Total nacional,Población ocupada,Actividades financieras y de seguros,Ene - Mar,417.873492
2025,Total nacional,Población ocupada,Actividades financieras y de seguros,Feb - Abr,395.518829
2025,Total nacional,Población ocupada,Actividades financieras y de seguros,Mar - May,389.894222
2025,Total nacional,Población ocupada,Actividades financieras y de seguros,Abr - Jun,428.281921
2025,Total nacional,Población ocupada,Actividades financieras y de seguros,May - Jul,447.752779
2025,Total nacional,Población ocupada,Actividades financieras y de seguros,Jun - Ago,462.847618
2025,Total nacional,Población ocupada,Actividades financieras y de seguros,Jul - Sep,462.330801
2025,Total nacional,Población ocupada,Actividades financieras y de seguros,Ago - Oct,450.916696
2025,Total nacional,Población ocupada,Actividades financieras y de seguros,Sep - Nov,441.158163
2025,Total nacional,Población ocupada,Actividades financieras y de seguros,Oct - Dic,436.364749
2025,Total nacional,Población ocupada,Actividades financieras y de seguros,Nov - Ene,452.16545
2025,Total nacional,Población ocupada,Actividades financieras y de seguros,Dic - Feb,460.766711
2026,Total nacional,Población ocupada,Actividades financieras y de seguros,Ene - Mar,507.413615
2026,Total nacional,Población ocupada,Actividades financieras y de seguros,Feb - Abr,474.798676
2021,Total nacional,Población ocupada,Actividades inmobiliarias,Ene - Mar,145.61390566666668
2021,Total nacional,Población ocupada,Actividades inmobiliarias,Feb - Abr,150.13184666666666
2021,Total nacional,Población ocupada,Actividades inmobiliarias,Mar - May,166.23972166666667
2021,Total nacional,Población ocupada,Actividades inmobiliarias,Abr - Jun,178.7892283333333
2021,Total nacional,Población ocupada,Actividades inmobiliarias,May - Jul,198.85809166666664
2021,Total nacional,Población ocupada,Actividades inmobiliarias,Jun - Ago,194.39615733333335
2021,Total nacional,Población ocupada,Actividades inmobiliarias,Jul - Sep,182.82508166666665
2021,Total nacional,Población ocupada,Actividades inmobiliarias,Ago - Oct,167.89903
2021,Total nacional,Población ocupada,Actividades inmobiliarias,Sep - Nov,173.489954
2021,Total nacional,Población ocupada,Actividades inmobiliarias,Oct - Dic,180.64540266666668
2021,Total nacional,Población ocupada,Actividades inmobiliarias,Nov - Ene,188.56874133333335
2021,Total nacional,Población ocupada,Actividades inmobiliarias,Dic - Feb,180.497733
2022,Total nacional,Población ocupada,Actividades inmobiliarias,Ene - Mar,180.97385466666665
2022,Total nacional,Población ocupada,Actividades inmobiliarias,Feb - Abr,194.136079
2022,Total nacional,Población ocupada,Actividades inmobiliarias,Mar - May,211.27618433333336
2022,Total nacional,Población ocupada,Actividades inmobiliarias,Abr - Jun,217.88396866666668
2022,Total nacional,Población ocupada,Actividades inmobiliarias,May - Jul,223.25679766666667
2022,Total nacional,Población ocupada,Actividades inmobiliarias,Jun - Ago,226.244181
2022,Total nacional,Población ocupada,Actividades inmobiliarias,Jul - Sep,238.92676600000001
2022,Total nacional,Población ocupada,Actividades inmobiliarias,Ago - Oct,234.4053463333333
2022,Total nacional,Población ocupada,Actividades inmobiliarias,Sep - Nov,237.90752133333334
2022,Total nacional,Población ocupada,Actividades inmobiliarias,Oct - Dic,247.34291166666665
2022,Total nacional,Población ocupada,Actividades inmobiliarias,Nov - Ene,253.91367466666665
2022,Total nacional,Población ocupada,Actividades inmobiliarias,Dic - Feb,253.5257
2023,Total nacional,Población ocupada,Actividades inmobiliarias,Ene - Mar,251.18290766666667
2023,Total nacional,Población ocupada,Actividades inmobiliarias,Feb - Abr,250.221825
2023,Total nacional,Población ocupada,Actividades inmobiliarias,Mar - May,250.3166643333333
2023,Total nacional,Población ocupada,Actividades inmobiliarias,Abr - Jun,252.65247133333332
2023,Total nacional,Población ocupada,Actividades inmobiliarias,May - Jul,270.7566713333333
2023,Total nacional,Población ocupada,Actividades inmobiliarias,Jun - Ago,317.78735333333333
2023,Total nacional,Población ocupada,Actividades inmobiliarias,Jul - Sep,322.516467
2023,Total nacional,Población ocupada,Actividades inmobiliarias,Ago - Oct,326.4828806666667
2023,Total nacional,Población ocupada,Actividades inmobiliarias,Sep - Nov,287.46756566666664
2023,Total nacional,Población ocupada,Actividades inmobiliarias,Oct - Dic,274.70554466666664
2023,Total nacional,Población ocupada,Actividades inmobiliarias,Nov - Ene,266.39746233333335
2023,Total nacional,Población ocupada,Actividades inmobiliarias,Dic - Feb,282.5308383333333
2024,Total nacional,Población ocupada,Actividades inmobiliarias,Ene - Mar,295.86612433333335
2024,Total nacional,Población ocupada,Actividades inmobiliarias,Feb - Abr,279.70312033333335
2024,Total nacional,Población ocupada,Actividades inmobiliarias,Mar - May,271.7406716666667
2024,Total nacional,Población ocupada,Actividades inmobiliarias,Abr - Jun,292.09949166666667
2024,Total nacional,Población ocupada,Actividades inmobiliarias,May - Jul,327.69250900000003
2024,Total nacional,Población ocupada,Actividades inmobiliarias,Jun - Ago,334.857603
2024,Total nacional,Población ocupada,Actividades inmobiliarias,Jul - Sep,304.57369033333333
2024,Total nacional,Población ocupada,Actividades inmobiliarias,Ago - Oct,291.166239
2024,Total nacional,Población ocupada,Actividades inmobiliarias,Sep - Nov,282.320551
2024,Total nacional,Población ocupada,Actividades inmobiliarias,Oct - Dic,327.2285266666667
2024,Total nacional,Población ocupada,Actividades inmobiliarias,Nov - Ene,350.224782
2024,Total nacional,Población ocupada,Actividades inmobiliarias,Dic - Feb,336.86858
2025,Total nacional,Población ocupada,Actividades inmobiliarias,Ene - Mar,316.286685
2025,Total nacional,Población ocupada,Actividades inmobiliarias,Feb - Abr,289.415956
2025,Total nacional,Población ocupada,Actividades inmobiliarias,Mar - May,318.452552
2025,Total nacional,Población ocupada,Actividades inmobiliarias,Abr - Jun,310.933095
2025,Total nacional,Población ocupada,Actividades inmobiliarias,May - Jul,328.089589
2025,Total nacional,Población ocupada,Actividades inmobiliarias,Jun - Ago,335.804359
2025,Total nacional,Población ocupada,Actividades inmobiliarias,Jul - Sep,327.995435
2025,Total nacional,Población ocupada,Actividades inmobiliarias,Ago - Oct,315.216661
2025,Total nacional,Población ocupada,Actividades inmobiliarias,Sep - Nov,308.047211
2025,Total nacional,Población ocupada,Actividades inmobiliarias,Oct - Dic,332.624045
2025,Total nacional,Población ocupada,Actividades inmobiliarias,Nov - Ene,342.033381
2025,Total nacional,Población ocupada,Actividades inmobiliarias,Dic - Feb,318.613834
2026,Total nacional,Población ocupada,Actividades inmobiliarias,Ene - Mar,310.824345
2026,Total nacional,Población ocupada,Actividades inmobiliarias,Feb - Abr,311.462831
2021,Total nacional,Población ocupada,"Actividades profesionales, científicas, técnicas y de servicios administrativos",Ene - Mar,1578.0552166666666
2021,Total nacional,Población ocupada,"Actividades profesionales, científicas, técnicas y de servicios administrativos",Feb - Abr,1616.336891
2021,Total nacional,Población ocupada,"Actividades profesionales, científicas, técnicas y de servicios administrativos",Mar - May,1588.98312
2021,Total nacional,Población ocupada,"Actividades profesionales, científicas, técnicas y de servicios administrativos",Abr - Jun,1618.1781833333334
2021,Total nacional,Población ocupada,"Actividades profesionales, científicas, técnicas y de servicios administrativos",May - Jul,1628.8146370000002
2021,Total nacional,Población ocupada,"Actividades profesionales, científicas, técnicas y de servicios administrativos",Jun - Ago,1660.5395013333334
2021,Total nacional,Población ocupada,"Actividades profesionales, científicas, técnicas y de servicios administrativos",Jul - Sep,1684.1123876666668
2021,Total nacional,Población ocupada,"Actividades profesionales, científicas, técnicas y de servicios administrativos",Ago - Oct,1718.004295
2021,Total nacional,Población ocupada,"Actividades profesionales, científicas, técnicas y de servicios administrativos",Sep - Nov,1742.376979
2021,Total nacional,Población ocupada,"Actividades profesionales, científicas, técnicas y de servicios administrativos",Oct - Dic,1795.9298440000002
2021,Total nacional,Población ocupada,"Actividades profesionales, científicas, técnicas y de servicios administrativos",Nov - Ene,1786.7689036666668
2021,Total nacional,Población ocupada,"Actividades profesionales, científicas, técnicas y de servicios administrativos",Dic - Feb,1784.1133433333334
2022,Total nacional,Población ocupada,"Actividades profesionales, científicas, técnicas y de servicios administrativos",Ene - Mar,1671.1042456666667
2022,Total nacional,Población ocupada,"Actividades profesionales, científicas, técnicas y de servicios administrativos",Feb - Abr,1678.8888033333333
2022,Total nacional,Población ocupada,"Actividades profesionales, científicas, técnicas y de servicios administrativos",Mar - May,1661.762969333333
2022,Total nacional,Población ocupada,"Actividades profesionales, científicas, técnicas y de servicios administrativos",Abr - Jun,1669.9503646666665
2022,Total nacional,Población ocupada,"Actividades profesionales, científicas, técnicas y de servicios administrativos",May - Jul,1700.562698
2022,Total nacional,Población ocupada,"Actividades profesionales, científicas, técnicas y de servicios administrativos",Jun - Ago,1726.9697000000003
2022,Total nacional,Población ocupada,"Actividades profesionales, científicas, técnicas y de servicios administrativos",Jul - Sep,1788.897422666667
2022,Total nacional,Población ocupada,"Actividades profesionales, científicas, técnicas y de servicios administrativos",Ago - Oct,1753.3969583333335
2022,Total nacional,Población ocupada,"Actividades profesionales, científicas, técnicas y de servicios administrativos",Sep - Nov,1775.2430789999999
2022,Total nacional,Población ocupada,"Actividades profesionales, científicas, técnicas y de servicios administrativos",Oct - Dic,1804.4135676666665
2022,Total nacional,Población ocupada,"Actividades profesionales, científicas, técnicas y de servicios administrativos",Nov - Ene,1870.7863506666665
2022,Total nacional,Población ocupada,"Actividades profesionales, científicas, técnicas y de servicios administrativos",Dic - Feb,1832.4269116666667
2023,Total nacional,Población ocupada,"Actividades profesionales, científicas, técnicas y de servicios administrativos",Ene - Mar,1820.9377996666665
2023,Total nacional,Población ocupada,"Actividades profesionales, científicas, técnicas y de servicios administrativos",Feb - Abr,1764.94653
2023,Total nacional,Población ocupada,"Actividades profesionales, científicas, técnicas y de servicios administrativos",Mar - May,1764.1290523333334
2023,Total nacional,Población ocupada,"Actividades profesionales, científicas, técnicas y de servicios administrativos",Abr - Jun,1773.1976109999998
2023,Total nacional,Población ocupada,"Actividades profesionales, científicas, técnicas y de servicios administrativos",May - Jul,1778.4112186666669
2023,Total nacional,Población ocupada,"Actividades profesionales, científicas, técnicas y de servicios administrativos",Jun - Ago,1825.3809596666667
2023,Total nacional,Población ocupada,"Actividades profesionales, científicas, técnicas y de servicios administrativos",Jul - Sep,1800.9735473333333
2023,Total nacional,Población ocupada,"Actividades profesionales, científicas, técnicas y de servicios administrativos",Ago - Oct,1804.1844449999999
2023,Total nacional,Población ocupada,"Actividades profesionales, científicas, técnicas y de servicios administrativos",Sep - Nov,1819.7534636666667
2023,Total nacional,Población ocupada,"Actividades profesionales, científicas, técnicas y de servicios administrativos",Oct - Dic,1892.5765346666667
2023,Total nacional,Población ocupada,"Actividades profesionales, científicas, técnicas y de servicios administrativos",Nov - Ene,1919.594624
2023,Total nacional,Población ocupada,"Actividades profesionales, científicas, técnicas y de servicios administrativos",Dic - Feb,1819.5212023333333
2024,Total nacional,Población ocupada,"Actividades profesionales, científicas, técnicas y de servicios administrativos",Ene - Mar,1773.0013943333336
2024,Total nacional,Población ocupada,"Actividades profesionales, científicas, técnicas y de servicios administrativos",Feb - Abr,1758.540019666667
2024,Total nacional,Población ocupada,"Actividades profesionales, científicas, técnicas y de servicios administrativos",Mar - May,1790.5690673333331
2024,Total nacional,Población ocupada,"Actividades profesionales, científicas, técnicas y de servicios administrativos",Abr - Jun,1752.1223196666667
2024,Total nacional,Población ocupada,"Actividades profesionales, científicas, técnicas y de servicios administrativos",May - Jul,1756.4530676666666
2024,Total nacional,Población ocupada,"Actividades profesionales, científicas, técnicas y de servicios administrativos",Jun - Ago,1789.2169133333334
2024,Total nacional,Población ocupada,"Actividades profesionales, científicas, técnicas y de servicios administrativos",Jul - Sep,1859.893618
2024,Total nacional,Población ocupada,"Actividades profesionales, científicas, técnicas y de servicios administrativos",Ago - Oct,1810.5164226666666
2024,Total nacional,Población ocupada,"Actividades profesionales, científicas, técnicas y de servicios administrativos",Sep - Nov,1829.4799366666666
2024,Total nacional,Población ocupada,"Actividades profesionales, científicas, técnicas y de servicios administrativos",Oct - Dic,1803.9029719999999
2024,Total nacional,Población ocupada,"Actividades profesionales, científicas, técnicas y de servicios administrativos",Nov - Ene,1824.1773
2024,Total nacional,Población ocupada,"Actividades profesionales, científicas, técnicas y de servicios administrativos",Dic - Feb,1776.250799
2025,Total nacional,Población ocupada,"Actividades profesionales, científicas, técnicas y de servicios administrativos",Ene - Mar,1753.501413
2025,Total nacional,Población ocupada,"Actividades profesionales, científicas, técnicas y de servicios administrativos",Feb - Abr,1771.410354
2025,Total nacional,Población ocupada,"Actividades profesionales, científicas, técnicas y de servicios administrativos",Mar - May,1813.211758
2025,Total nacional,Población ocupada,"Actividades profesionales, científicas, técnicas y de servicios administrativos",Abr - Jun,1828.046921
2025,Total nacional,Población ocupada,"Actividades profesionales, científicas, técnicas y de servicios administrativos",May - Jul,1877.513056
2025,Total nacional,Población ocupada,"Actividades profesionales, científicas, técnicas y de servicios administrativos",Jun - Ago,1846.458013
2025,Total nacional,Población ocupada,"Actividades profesionales, científicas, técnicas y de servicios administrativos",Jul - Sep,1809.387389
2025,Total nacional,Población ocupada,"Actividades profesionales, científicas, técnicas y de servicios administrativos",Ago - Oct,1767.682351
2025,Total nacional,Población ocupada,"Actividades profesionales, científicas, técnicas y de servicios administrativos",Sep - Nov,1788.418263
2025,Total nacional,Población ocupada,"Actividades profesionales, científicas, técnicas y de servicios administrativos",Oct - Dic,1856.44831
2025,Total nacional,Población ocupada,"Actividades profesionales, científicas, técnicas y de servicios administrativos",Nov - Ene,1882.380505
2025,Total nacional,Población ocupada,"Actividades profesionales, científicas, técnicas y de servicios administrativos",Dic - Feb,1934.185944
2026,Total nacional,Población ocupada,"Actividades profesionales, científicas, técnicas y de servicios administrativos",Ene - Mar,1910.621974
2026,Total nacional,Población ocupada,"Actividades profesionales, científicas, técnicas y de servicios administrativos",Feb - Abr,1914.802422
2021,Total nacional,Población ocupada,"Administración pública y defensa, educación y atención de la salud humana",Ene - Mar,2474.885410666667
2021,Total nacional,Población ocupada,"Administración pública y defensa, educación y atención de la salud humana",Feb - Abr,2543.8270113333333
2021,Total nacional,Población ocupada,"Administración pública y defensa, educación y atención de la salud humana",Mar - May,2546.7258473333336
2021,Total nacional,Población ocupada,"Administración pública y defensa, educación y atención de la salud humana",Abr - Jun,2551.6147743333336
2021,Total nacional,Población ocupada,"Administración pública y defensa, educación y atención de la salud humana",May - Jul,2493.293714
2021,Total nacional,Población ocupada,"Administración pública y defensa, educación y atención de la salud humana",Jun - Ago,2434.789711
2021,Total nacional,Población ocupada,"Administración pública y defensa, educación y atención de la salud humana",Jul - Sep,2469.8145569999997
2021,Total nacional,Población ocupada,"Administración pública y defensa, educación y atención de la salud humana",Ago - Oct,2488.7283669999997
2021,Total nacional,Población ocupada,"Administración pública y defensa, educación y atención de la salud humana",Sep - Nov,2557.9656163333334
2021,Total nacional,Población ocupada,"Administración pública y defensa, educación y atención de la salud humana",Oct - Dic,2534.248728666667
2021,Total nacional,Población ocupada,"Administración pública y defensa, educación y atención de la salud humana",Nov - Ene,2527.412969666667
2021,Total nacional,Población ocupada,"Administración pública y defensa, educación y atención de la salud humana",Dic - Feb,2487.0791753333333
2022,Total nacional,Población ocupada,"Administración pública y defensa, educación y atención de la salud humana",Ene - Mar,2572.049117
2022,Total nacional,Población ocupada,"Administración pública y defensa, educación y atención de la salud humana",Feb - Abr,2646.9493073333338
2022,Total nacional,Población ocupada,"Administración pública y defensa, educación y atención de la salud humana",Mar - May,2746.7585543333334
2022,Total nacional,Población ocupada,"Administración pública y defensa, educación y atención de la salud humana",Abr - Jun,2706.963975
2022,Total nacional,Población ocupada,"Administración pública y defensa, educación y atención de la salud humana",May - Jul,2710.750157
2022,Total nacional,Población ocupada,"Administración pública y defensa, educación y atención de la salud humana",Jun - Ago,2682.017115
2022,Total nacional,Población ocupada,"Administración pública y defensa, educación y atención de la salud humana",Jul - Sep,2693.493923
2022,Total nacional,Población ocupada,"Administración pública y defensa, educación y atención de la salud humana",Ago - Oct,2674.8075516666668
2022,Total nacional,Población ocupada,"Administración pública y defensa, educación y atención de la salud humana",Sep - Nov,2676.7929816666665
2022,Total nacional,Población ocupada,"Administración pública y defensa, educación y atención de la salud humana",Oct - Dic,2689.1046979999996
2022,Total nacional,Población ocupada,"Administración pública y defensa, educación y atención de la salud humana",Nov - Ene,2557.8857366666666
2022,Total nacional,Población ocupada,"Administración pública y defensa, educación y atención de la salud humana",Dic - Feb,2481.5542013333334
2023,Total nacional,Población ocupada,"Administración pública y defensa, educación y atención de la salud humana",Ene - Mar,2559.3653936666665
2023,Total nacional,Población ocupada,"Administración pública y defensa, educación y atención de la salud humana",Feb - Abr,2744.791391
2023,Total nacional,Población ocupada,"Administración pública y defensa, educación y atención de la salud humana",Mar - May,2803.1003356666665
2023,Total nacional,Población ocupada,"Administración pública y defensa, educación y atención de la salud humana",Abr - Jun,2791.2982193333337
2023,Total nacional,Población ocupada,"Administración pública y defensa, educación y atención de la salud humana",May - Jul,2762.6013069999995
2023,Total nacional,Población ocupada,"Administración pública y defensa, educación y atención de la salud humana",Jun - Ago,2840.0958180000002
2023,Total nacional,Población ocupada,"Administración pública y defensa, educación y atención de la salud humana",Jul - Sep,2840.5484816666667
2023,Total nacional,Población ocupada,"Administración pública y defensa, educación y atención de la salud humana",Ago - Oct,2878.568517333333
2023,Total nacional,Población ocupada,"Administración pública y defensa, educación y atención de la salud humana",Sep - Nov,2822.2833853333336
2023,Total nacional,Población ocupada,"Administración pública y defensa, educación y atención de la salud humana",Oct - Dic,2761.6563010000004
2023,Total nacional,Población ocupada,"Administración pública y defensa, educación y atención de la salud humana",Nov - Ene,2624.9313423333333
2023,Total nacional,Población ocupada,"Administración pública y defensa, educación y atención de la salud humana",Dic - Feb,2574.156305666667
2024,Total nacional,Población ocupada,"Administración pública y defensa, educación y atención de la salud humana",Ene - Mar,2620.494808
2024,Total nacional,Población ocupada,"Administración pública y defensa, educación y atención de la salud humana",Feb - Abr,2764.145536666667
2024,Total nacional,Población ocupada,"Administración pública y defensa, educación y atención de la salud humana",Mar - May,2827.1675920000002
2024,Total nacional,Población ocupada,"Administración pública y defensa, educación y atención de la salud humana",Abr - Jun,2783.6024193333337
2024,Total nacional,Población ocupada,"Administración pública y defensa, educación y atención de la salud humana",May - Jul,2793.2581993333333
2024,Total nacional,Población ocupada,"Administración pública y defensa, educación y atención de la salud humana",Jun - Ago,2812.7917400000006
2024,Total nacional,Población ocupada,"Administración pública y defensa, educación y atención de la salud humana",Jul - Sep,2855.5762993333333
2024,Total nacional,Población ocupada,"Administración pública y defensa, educación y atención de la salud humana",Ago - Oct,2803.6487233333337
2024,Total nacional,Población ocupada,"Administración pública y defensa, educación y atención de la salud humana",Sep - Nov,2834.374205666667
2024,Total nacional,Población ocupada,"Administración pública y defensa, educación y atención de la salud humana",Oct - Dic,2824.2054913333327
2024,Total nacional,Población ocupada,"Administración pública y defensa, educación y atención de la salud humana",Nov - Ene,2769.236583
2024,Total nacional,Población ocupada,"Administración pública y defensa, educación y atención de la salud humana",Dic - Feb,2728.651935
2025,Total nacional,Población ocupada,"Administración pública y defensa, educación y atención de la salud humana",Ene - Mar,2688.738228
2025,Total nacional,Población ocupada,"Administración pública y defensa, educación y atención de la salud humana",Feb - Abr,2864.468989
2025,Total nacional,Población ocupada,"Administración pública y defensa, educación y atención de la salud humana",Mar - May,2871.94708
2025,Total nacional,Población ocupada,"Administración pública y defensa, educación y atención de la salud humana",Abr - Jun,2959.73321
2025,Total nacional,Población ocupada,"Administración pública y defensa, educación y atención de la salud humana",May - Jul,2873.099675
2025,Total nacional,Población ocupada,"Administración pública y defensa, educación y atención de la salud humana",Jun - Ago,2924.559612
2025,Total nacional,Población ocupada,"Administración pública y defensa, educación y atención de la salud humana",Jul - Sep,2949.457281
2025,Total nacional,Población ocupada,"Administración pública y defensa, educación y atención de la salud humana",Ago - Oct,2972.552632
2025,Total nacional,Población ocupada,"Administración pública y defensa, educación y atención de la salud humana",Sep - Nov,2968.466269
2025,Total nacional,Población ocupada,"Administración pública y defensa, educación y atención de la salud humana",Oct - Dic,2936.065868
2025,Total nacional,Población ocupada,"Administración pública y defensa, educación y atención de la salud humana",Nov - Ene,2881.135099
2025,Total nacional,Población ocupada,"Administración pública y defensa, educación y atención de la salud humana",Dic - Feb,2907.609824
2026,Total nacional,Población ocupada,"Administración pública y defensa, educación y atención de la salud humana",Ene - Mar,2950.380142
2026,Total nacional,Población ocupada,"Administración pública y defensa, educación y atención de la salud humana",Feb - Abr,3146.943348
2021,Total nacional,Población ocupada,"Actividades artísticas, entretenimiento, recreación y otras actividades de servicios",Ene - Mar,1566.4305436666666
2021,Total nacional,Población ocupada,"Actividades artísticas, entretenimiento, recreación y otras actividades de servicios",Feb - Abr,1535.6800073333334
2021,Total nacional,Población ocupada,"Actividades artísticas, entretenimiento, recreación y otras actividades de servicios",Mar - May,1520.1511019999998
2021,Total nacional,Población ocupada,"Actividades artísticas, entretenimiento, recreación y otras actividades de servicios",Abr - Jun,1470.467533
2021,Total nacional,Población ocupada,"Actividades artísticas, entretenimiento, recreación y otras actividades de servicios",May - Jul,1501.3008696666666
2021,Total nacional,Población ocupada,"Actividades artísticas, entretenimiento, recreación y otras actividades de servicios",Jun - Ago,1524.1708893333334
2021,Total nacional,Población ocupada,"Actividades artísticas, entretenimiento, recreación y otras actividades de servicios",Jul - Sep,1578.112505
2021,Total nacional,Población ocupada,"Actividades artísticas, entretenimiento, recreación y otras actividades de servicios",Ago - Oct,1621.4705046666668
2021,Total nacional,Población ocupada,"Actividades artísticas, entretenimiento, recreación y otras actividades de servicios",Sep - Nov,1637.4444953333334
2021,Total nacional,Población ocupada,"Actividades artísticas, entretenimiento, recreación y otras actividades de servicios",Oct - Dic,1703.567825
2021,Total nacional,Población ocupada,"Actividades artísticas, entretenimiento, recreación y otras actividades de servicios",Nov - Ene,1700.4156890000002
2021,Total nacional,Población ocupada,"Actividades artísticas, entretenimiento, recreación y otras actividades de servicios",Dic - Feb,1754.0682063333334
2022,Total nacional,Población ocupada,"Actividades artísticas, entretenimiento, recreación y otras actividades de servicios",Ene - Mar,1736.5587593333332
2022,Total nacional,Población ocupada,"Actividades artísticas, entretenimiento, recreación y otras actividades de servicios",Feb - Abr,1785.260016
2022,Total nacional,Población ocupada,"Actividades artísticas, entretenimiento, recreación y otras actividades de servicios",Mar - May,1824.867147
2022,Total nacional,Población ocupada,"Actividades artísticas, entretenimiento, recreación y otras actividades de servicios",Abr - Jun,1891.653164666667
2022,Total nacional,Población ocupada,"Actividades artísticas, entretenimiento, recreación y otras actividades de servicios",May - Jul,1873.9833073333332
2022,Total nacional,Población ocupada,"Actividades artísticas, entretenimiento, recreación y otras actividades de servicios",Jun - Ago,1832.3069773333334
2022,Total nacional,Población ocupada,"Actividades artísticas, entretenimiento, recreación y otras actividades de servicios",Jul - Sep,1799.9425529999999
2022,Total nacional,Población ocupada,"Actividades artísticas, entretenimiento, recreación y otras actividades de servicios",Ago - Oct,1864.3602146666665
2022,Total nacional,Población ocupada,"Actividades artísticas, entretenimiento, recreación y otras actividades de servicios",Sep - Nov,1929.2745880000002
2022,Total nacional,Población ocupada,"Actividades artísticas, entretenimiento, recreación y otras actividades de servicios",Oct - Dic,1977.4332003333336
2022,Total nacional,Población ocupada,"Actividades artísticas, entretenimiento, recreación y otras actividades de servicios",Nov - Ene,1950.383462
2022,Total nacional,Población ocupada,"Actividades artísticas, entretenimiento, recreación y otras actividades de servicios",Dic - Feb,1895.6577089999998
2023,Total nacional,Población ocupada,"Actividades artísticas, entretenimiento, recreación y otras actividades de servicios",Ene - Mar,1872.5389953333333
2023,Total nacional,Población ocupada,"Actividades artísticas, entretenimiento, recreación y otras actividades de servicios",Feb - Abr,1872.2524093333334
2023,Total nacional,Población ocupada,"Actividades artísticas, entretenimiento, recreación y otras actividades de servicios",Mar - May,1838.3406503333333
2023,Total nacional,Población ocupada,"Actividades artísticas, entretenimiento, recreación y otras actividades de servicios",Abr - Jun,1880.7760076666666
2023,Total nacional,Población ocupada,"Actividades artísticas, entretenimiento, recreación y otras actividades de servicios",May - Jul,1916.2416
2023,Total nacional,Población ocupada,"Actividades artísticas, entretenimiento, recreación y otras actividades de servicios",Jun - Ago,1981.827352666667
2023,Total nacional,Población ocupada,"Actividades artísticas, entretenimiento, recreación y otras actividades de servicios",Jul - Sep,1966.3434223333334
2023,Total nacional,Población ocupada,"Actividades artísticas, entretenimiento, recreación y otras actividades de servicios",Ago - Oct,1960.7870056666668
2023,Total nacional,Población ocupada,"Actividades artísticas, entretenimiento, recreación y otras actividades de servicios",Sep - Nov,1988.053108
2023,Total nacional,Población ocupada,"Actividades artísticas, entretenimiento, recreación y otras actividades de servicios",Oct - Dic,1978.6781063333335
2023,Total nacional,Población ocupada,"Actividades artísticas, entretenimiento, recreación y otras actividades de servicios",Nov - Ene,1985.5695269999999
2023,Total nacional,Población ocupada,"Actividades artísticas, entretenimiento, recreación y otras actividades de servicios",Dic - Feb,1973.593185
2024,Total nacional,Población ocupada,"Actividades artísticas, entretenimiento, recreación y otras actividades de servicios",Ene - Mar,1949.993752
2024,Total nacional,Población ocupada,"Actividades artísticas, entretenimiento, recreación y otras actividades de servicios",Feb - Abr,1915.6882783333333
2024,Total nacional,Población ocupada,"Actividades artísticas, entretenimiento, recreación y otras actividades de servicios",Mar - May,1911.717179
2024,Total nacional,Población ocupada,"Actividades artísticas, entretenimiento, recreación y otras actividades de servicios",Abr - Jun,1924.9084283333334
2024,Total nacional,Población ocupada,"Actividades artísticas, entretenimiento, recreación y otras actividades de servicios",May - Jul,1955.8751439999999
2024,Total nacional,Población ocupada,"Actividades artísticas, entretenimiento, recreación y otras actividades de servicios",Jun - Ago,2009.5353026666664
2024,Total nacional,Población ocupada,"Actividades artísticas, entretenimiento, recreación y otras actividades de servicios",Jul - Sep,2032.933198
2024,Total nacional,Población ocupada,"Actividades artísticas, entretenimiento, recreación y otras actividades de servicios",Ago - Oct,2050.4139666666665
2024,Total nacional,Población ocupada,"Actividades artísticas, entretenimiento, recreación y otras actividades de servicios",Sep - Nov,2025.3488976666667
2024,Total nacional,Población ocupada,"Actividades artísticas, entretenimiento, recreación y otras actividades de servicios",Oct - Dic,2028.019523
2024,Total nacional,Población ocupada,"Actividades artísticas, entretenimiento, recreación y otras actividades de servicios",Nov - Ene,2021.563934
2024,Total nacional,Población ocupada,"Actividades artísticas, entretenimiento, recreación y otras actividades de servicios",Dic - Feb,1959.676296
2025,Total nacional,Población ocupada,"Actividades artísticas, entretenimiento, recreación y otras actividades de servicios",Ene - Mar,1953.701892
2025,Total nacional,Población ocupada,"Actividades artísticas, entretenimiento, recreación y otras actividades de servicios",Feb - Abr,1923.557061
2025,Total nacional,Población ocupada,"Actividades artísticas, entretenimiento, recreación y otras actividades de servicios",Mar - May,1958.387647
2025,Total nacional,Población ocupada,"Actividades artísticas, entretenimiento, recreación y otras actividades de servicios",Abr - Jun,1915.538734
2025,Total nacional,Población ocupada,"Actividades artísticas, entretenimiento, recreación y otras actividades de servicios",May - Jul,1945.680616
2025,Total nacional,Población ocupada,"Actividades artísticas, entretenimiento, recreación y otras actividades de servicios",Jun - Ago,1978.961487
2025,Total nacional,Población ocupada,"Actividades artísticas, entretenimiento, recreación y otras actividades de servicios",Jul - Sep,2028.236725
2025,Total nacional,Población ocupada,"Actividades artísticas, entretenimiento, recreación y otras actividades de servicios",Ago - Oct,2010.523792
2025,Total nacional,Población ocupada,"Actividades artísticas, entretenimiento, recreación y otras actividades de servicios",Sep - Nov,2030.963849
2025,Total nacional,Población ocupada,"Actividades artísticas, entretenimiento, recreación y otras actividades de servicios",Oct - Dic,2068.603991
2025,Total nacional,Población ocupada,"Actividades artísticas, entretenimiento, recreación y otras actividades de servicios",Nov - Ene,2072.807855
2025,Total nacional,Población ocupada,"Actividades artísticas, entretenimiento, recreación y otras actividades de servicios",Dic - Feb,2047.030155
2026,Total nacional,Población ocupada,"Actividades artísticas, entretenimiento, recreación y otras actividades de servicios",Ene - Mar,2016.152584
2026,Total nacional,Población ocupada,"Actividades artísticas, entretenimiento, recreación y otras actividades de servicios",Feb - Abr,2048.851306
2021,Total nacional,Formal,Formal,Ene - Mar,7785.653908666667
2021,Total nacional,Formal,Formal,Feb - Abr,7909.355157000001
2021,Total nacional,Formal,Formal,Mar - May,8072.084484
2021,Total nacional,Formal,Formal,Abr - Jun,8129.446118333333
2021,Total nacional,Formal,Formal,May - Jul,8238.332096666667
2021,Total nacional,Formal,Formal,Jun - Ago,8213.251104
2021,Total nacional,Formal,Formal,Jul - Sep,8379.499542
2021,Total nacional,Formal,Formal,Ago - Oct,8468.644289000002
2021,Total nacional,Formal,Formal,Sep - Nov,8699.100822
2021,Total nacional,Formal,Formal,Oct - Dic,8786.183250666667
2021,Total nacional,Formal,Formal,Nov - Ene,8877.007702666668
2021,Total nacional,Formal,Formal,Dic - Feb,8866.115357
2022,Total nacional,Formal,Formal,Ene - Mar,8871.164574
2022,Total nacional,Formal,Formal,Feb - Abr,8972.862147
2022,Total nacional,Formal,Formal,Mar - May,9209.821490666667
2022,Total nacional,Formal,Formal,Abr - Jun,9319.959230333334
2022,Total nacional,Formal,Formal,May - Jul,9320.579292666667
2022,Total nacional,Formal,Formal,Jun - Ago,9295.435332333333
2022,Total nacional,Formal,Formal,Jul - Sep,9317.692012
2022,Total nacional,Formal,Formal,Ago - Oct,9435.209284333332
2022,Total nacional,Formal,Formal,Sep - Nov,9449.594036333334
2022,Total nacional,Formal,Formal,Oct - Dic,9555.084776000002
2022,Total nacional,Formal,Formal,Nov - Ene,9378.897764333333
2022,Total nacional,Formal,Formal,Dic - Feb,9306.445961
2023,Total nacional,Formal,Formal,Ene - Mar,9275.529452333334
2023,Total nacional,Formal,Formal,Feb - Abr,9606.630535666665
2023,Total nacional,Formal,Formal,Mar - May,9844.298999666666
2023,Total nacional,Formal,Formal,Abr - Jun,10086.912075666667
2023,Total nacional,Formal,Formal,May - Jul,10109.484209666667
2023,Total nacional,Formal,Formal,Jun - Ago,10185.146267999999
2023,Total nacional,Formal,Formal,Jul - Sep,10163.486025
2023,Total nacional,Formal,Formal,Ago - Oct,10240.098126333332
2023,Total nacional,Formal,Formal,Sep - Nov,10298.674289
2023,Total nacional,Formal,Formal,Oct - Dic,10251.100362666666
2023,Total nacional,Formal,Formal,Nov - Ene,10054.055346000001
2023,Total nacional,Formal,Formal,Dic - Feb,9815.573713
2024,Total nacional,Formal,Formal,Ene - Mar,9792.551913333335
2024,Total nacional,Formal,Formal,Feb - Abr,9911.884756
2024,Total nacional,Formal,Formal,Mar - May,10090.831013666668
2024,Total nacional,Formal,Formal,Abr - Jun,10143.182266666667
2024,Total nacional,Formal,Formal,May - Jul,10172.497691666666
2024,Total nacional,Formal,Formal,Jun - Ago,10204.013674
2024,Total nacional,Formal,Formal,Jul - Sep,10280.891537666668
2024,Total nacional,Formal,Formal,Ago - Oct,10365.881872
2024,Total nacional,Formal,Formal,Sep - Nov,10452.200478666668
2024,Total nacional,Formal,Formal,Oct - Dic,10416.460848333334
2024,Total nacional,Formal,Formal,Nov - Ene,10278.111016
2024,Total nacional,Formal,Formal,Dic - Feb,10070.076338
2025,Total nacional,Formal,Formal,Ene - Mar,10004.248083
2025,Total nacional,Formal,Formal,Feb - Abr,10193.976907
2025,Total nacional,Formal,Formal,Mar - May,10415.646119
2025,Total nacional,Formal,Formal,Abr - Jun,10633.526133
2025,Total nacional,Formal,Formal,May - Jul,10707.799927
2025,Total nacional,Formal,Formal,Jun - Ago,10686.791196
2025,Total nacional,Formal,Formal,Jul - Sep,10754.485423
2025,Total nacional,Formal,Formal,Ago - Oct,10710.24066
2025,Total nacional,Formal,Formal,Sep - Nov,10848.084908
2025,Total nacional,Formal,Formal,Oct - Dic,10811.989069
2025,Total nacional,Formal,Formal,Nov - Ene,10726.999686
2025,Total nacional,Formal,Formal,Dic - Feb,10659.72814
2026,Total nacional,Formal,Formal,Ene - Mar,10672.697775
2026,Total nacional,Formal,Formal,Feb - Abr,10896.187587
2021,Total nacional,Formal,No informa,Ene - Mar,22.122216999999996
2021,Total nacional,Formal,No informa,Feb - Abr,17.512881333333333
2021,Total nacional,Formal,No informa,Mar - May,13.296984666666665
2021,Total nacional,Formal,No informa,Abr - Jun,2.146878
2021,Total nacional,Formal,No informa,May - Jul,1.843303
2021,Total nacional,Formal,No informa,Jun - Ago,3.9830176666666666
2021,Total nacional,Formal,No informa,Jul - Sep,3.9570716666666663
2021,Total nacional,Formal,No informa,Ago - Oct,6.224170999999999
2021,Total nacional,Formal,No informa,Sep - Nov,18.959561333333333
2021,Total nacional,Formal,No informa,Oct - Dic,20.893589666666667
2021,Total nacional,Formal,No informa,Nov - Ene,21.532918999999996
2021,Total nacional,Formal,No informa,Dic - Feb,7.545741
2022,Total nacional,Formal,No informa,Ene - Mar,5.7353966666666665
2022,Total nacional,Formal,No informa,Feb - Abr,3.4423006666666667
2022,Total nacional,Formal,No informa,Mar - May,5.518633
2022,Total nacional,Formal,No informa,Abr - Jun,6.176421
2022,Total nacional,Formal,No informa,May - Jul,5.6098946666666665
2022,Total nacional,Formal,No informa,Jun - Ago,0.9846206666666667
2022,Total nacional,Formal,No informa,Jul - Sep,1.661338
2022,Total nacional,Formal,No informa,Ago - Oct,2.9813639999999997
2022,Total nacional,Formal,No informa,Sep - Nov,11.792996333333335
2022,Total nacional,Formal,No informa,Oct - Dic,11.359526
2022,Total nacional,Formal,No informa,Nov - Ene,10.942535
2022,Total nacional,Formal,No informa,Dic - Feb,1.9745603333333335
2023,Total nacional,Formal,No informa,Ene - Mar,2.241358
2023,Total nacional,Formal,No informa,Feb - Abr,1.2915166666666666
2023,Total nacional,Formal,No informa,Mar - May,2.3848753333333335
2023,Total nacional,Formal,No informa,Abr - Jun,1.8983086666666669
2023,Total nacional,Formal,No informa,May - Jul,2.3043663333333337
2023,Total nacional,Formal,No informa,Jun - Ago,1.5127496666666664
2023,Total nacional,Formal,No informa,Jul - Sep,0.8434166666666667
2023,Total nacional,Formal,No informa,Ago - Oct,0.437359
2023,Total nacional,Formal,No informa,Sep - Nov,0.17206866666666668
2023,Total nacional,Formal,No informa,Oct - Dic,0.6031690000000001
2023,Total nacional,Formal,No informa,Nov - Ene,0.7295626666666667
2023,Total nacional,Formal,No informa,Dic - Feb,0.919182
2024,Total nacional,Formal,No informa,Ene - Mar,0.5099629999999999
2024,Total nacional,Formal,No informa,Feb - Abr,0.6783733333333334
2024,Total nacional,Formal,No informa,Mar - May,0.8175870000000001
2024,Total nacional,Formal,No informa,Abr - Jun,0.6600886666666667
2024,Total nacional,Formal,No informa,May - Jul,0.3652846666666667
2024,Total nacional,Formal,No informa,Jun - Ago,0.8678629999999999
2024,Total nacional,Formal,No informa,Jul - Sep,0.919274
2024,Total nacional,Formal,No informa,Ago - Oct,0.919274
2024,Total nacional,Formal,No informa,Sep - Nov,0.10967766666666667
2024,Total nacional,Formal,No informa,Oct - Dic,0.11908166666666668
2024,Total nacional,Formal,No informa,Nov - Ene,0.540762
2024,Total nacional,Formal,No informa,Dic - Feb,2.118324
2025,Total nacional,Formal,No informa,Ene - Mar,2.057509
2025,Total nacional,Formal,No informa,Feb - Abr,1.635829
2025,Total nacional,Formal,No informa,Mar - May,0.0
2025,Total nacional,Formal,No informa,Abr - Jun,0.0
2025,Total nacional,Formal,No informa,May - Jul,0.0
2025,Total nacional,Formal,No informa,Jun - Ago,0.0
2025,Total nacional,Formal,No informa,Jul - Sep,0.0
2025,Total nacional,Formal,No informa,Ago - Oct,0.0
2025,Total nacional,Formal,No informa,Sep - Nov,0.848781
2025,Total nacional,Formal,No informa,Oct - Dic,0.848781
2025,Total nacional,Formal,No informa,Nov - Ene,0.848781
2025,Total nacional,Formal,No informa,Dic - Feb,0.0
2026,Total nacional,Formal,No informa,Ene - Mar,0.0
2026,Total nacional,Formal,No informa,Feb - Abr,0.058288
2021,Total nacional,Formal,"Agricultura, ganadería, caza, silvicultura y pesca",Ene - Mar,364.0412063333333
2021,Total nacional,Formal,"Agricultura, ganadería, caza, silvicultura y pesca",Feb - Abr,329.9586826666666
2021,Total nacional,Formal,"Agricultura, ganadería, caza, silvicultura y pesca",Mar - May,396.451246
2021,Total nacional,Formal,"Agricultura, ganadería, caza, silvicultura y pesca",Abr - Jun,337.762033
2021,Total nacional,Formal,"Agricultura, ganadería, caza, silvicultura y pesca",May - Jul,378.467899
2021,Total nacional,Formal,"Agricultura, ganadería, caza, silvicultura y pesca",Jun - Ago,319.8142683333333
2021,Total nacional,Formal,"Agricultura, ganadería, caza, silvicultura y pesca",Jul - Sep,315.20121466666666
2021,Total nacional,Formal,"Agricultura, ganadería, caza, silvicultura y pesca",Ago - Oct,351.0041776666667
2021,Total nacional,Formal,"Agricultura, ganadería, caza, silvicultura y pesca",Sep - Nov,391.030283
2021,Total nacional,Formal,"Agricultura, ganadería, caza, silvicultura y pesca",Oct - Dic,441.47158966666666
2021,Total nacional,Formal,"Agricultura, ganadería, caza, silvicultura y pesca",Nov - Ene,423.7121673333333
2021,Total nacional,Formal,"Agricultura, ganadería, caza, silvicultura y pesca",Dic - Feb,394.308603
2022,Total nacional,Formal,"Agricultura, ganadería, caza, silvicultura y pesca",Ene - Mar,385.57937799999996
2022,Total nacional,Formal,"Agricultura, ganadería, caza, silvicultura y pesca",Feb - Abr,345.0937366666667
2022,Total nacional,Formal,"Agricultura, ganadería, caza, silvicultura y pesca",Mar - May,430.1207243333333
2022,Total nacional,Formal,"Agricultura, ganadería, caza, silvicultura y pesca",Abr - Jun,482.38582166666674
2022,Total nacional,Formal,"Agricultura, ganadería, caza, silvicultura y pesca",May - Jul,521.4429110000001
2022,Total nacional,Formal,"Agricultura, ganadería, caza, silvicultura y pesca",Jun - Ago,424.4297723333334
2022,Total nacional,Formal,"Agricultura, ganadería, caza, silvicultura y pesca",Jul - Sep,358.06218999999993
2022,Total nacional,Formal,"Agricultura, ganadería, caza, silvicultura y pesca",Ago - Oct,372.22033733333336
2022,Total nacional,Formal,"Agricultura, ganadería, caza, silvicultura y pesca",Sep - Nov,407.2475623333333
2022,Total nacional,Formal,"Agricultura, ganadería, caza, silvicultura y pesca",Oct - Dic,431.18629400000003
2022,Total nacional,Formal,"Agricultura, ganadería, caza, silvicultura y pesca",Nov - Ene,383.24785633333335
2022,Total nacional,Formal,"Agricultura, ganadería, caza, silvicultura y pesca",Dic - Feb,371.3736216666666
2023,Total nacional,Formal,"Agricultura, ganadería, caza, silvicultura y pesca",Ene - Mar,373.89556266666665
2023,Total nacional,Formal,"Agricultura, ganadería, caza, silvicultura y pesca",Feb - Abr,396.7933853333334
2023,Total nacional,Formal,"Agricultura, ganadería, caza, silvicultura y pesca",Mar - May,464.4733476666667
2023,Total nacional,Formal,"Agricultura, ganadería, caza, silvicultura y pesca",Abr - Jun,492.2485636666667
2023,Total nacional,Formal,"Agricultura, ganadería, caza, silvicultura y pesca",May - Jul,511.323167
2023,Total nacional,Formal,"Agricultura, ganadería, caza, silvicultura y pesca",Jun - Ago,454.09657666666664
2023,Total nacional,Formal,"Agricultura, ganadería, caza, silvicultura y pesca",Jul - Sep,394.25278533333335
2023,Total nacional,Formal,"Agricultura, ganadería, caza, silvicultura y pesca",Ago - Oct,436.256379
2023,Total nacional,Formal,"Agricultura, ganadería, caza, silvicultura y pesca",Sep - Nov,454.5794796666667
2023,Total nacional,Formal,"Agricultura, ganadería, caza, silvicultura y pesca",Oct - Dic,478.6494436666667
2023,Total nacional,Formal,"Agricultura, ganadería, caza, silvicultura y pesca",Nov - Ene,449.7943176666667
2023,Total nacional,Formal,"Agricultura, ganadería, caza, silvicultura y pesca",Dic - Feb,422.952657
2024,Total nacional,Formal,"Agricultura, ganadería, caza, silvicultura y pesca",Ene - Mar,447.56521933333335
2024,Total nacional,Formal,"Agricultura, ganadería, caza, silvicultura y pesca",Feb - Abr,396.86304866666666
2024,Total nacional,Formal,"Agricultura, ganadería, caza, silvicultura y pesca",Mar - May,438.87658899999997
2024,Total nacional,Formal,"Agricultura, ganadería, caza, silvicultura y pesca",Abr - Jun,414.05018500000006
2024,Total nacional,Formal,"Agricultura, ganadería, caza, silvicultura y pesca",May - Jul,437.04346133333337
2024,Total nacional,Formal,"Agricultura, ganadería, caza, silvicultura y pesca",Jun - Ago,404.73625866666663
2024,Total nacional,Formal,"Agricultura, ganadería, caza, silvicultura y pesca",Jul - Sep,378.2476816666667
2024,Total nacional,Formal,"Agricultura, ganadería, caza, silvicultura y pesca",Ago - Oct,423.31390600000003
2024,Total nacional,Formal,"Agricultura, ganadería, caza, silvicultura y pesca",Sep - Nov,433.6072806666666
2024,Total nacional,Formal,"Agricultura, ganadería, caza, silvicultura y pesca",Oct - Dic,465.918601
2024,Total nacional,Formal,"Agricultura, ganadería, caza, silvicultura y pesca",Nov - Ene,450.867722
2024,Total nacional,Formal,"Agricultura, ganadería, caza, silvicultura y pesca",Dic - Feb,430.123981
2025,Total nacional,Formal,"Agricultura, ganadería, caza, silvicultura y pesca",Ene - Mar,501.487011
2025,Total nacional,Formal,"Agricultura, ganadería, caza, silvicultura y pesca",Feb - Abr,467.263193
2025,Total nacional,Formal,"Agricultura, ganadería, caza, silvicultura y pesca",Mar - May,540.753048
2025,Total nacional,Formal,"Agricultura, ganadería, caza, silvicultura y pesca",Abr - Jun,482.65282
2025,Total nacional,Formal,"Agricultura, ganadería, caza, silvicultura y pesca",May - Jul,528.428269
2025,Total nacional,Formal,"Agricultura, ganadería, caza, silvicultura y pesca",Jun - Ago,451.628973
2025,Total nacional,Formal,"Agricultura, ganadería, caza, silvicultura y pesca",Jul - Sep,443.545284
2025,Total nacional,Formal,"Agricultura, ganadería, caza, silvicultura y pesca",Ago - Oct,478.298254
2025,Total nacional,Formal,"Agricultura, ganadería, caza, silvicultura y pesca",Sep - Nov,520.676586
2025,Total nacional,Formal,"Agricultura, ganadería, caza, silvicultura y pesca",Oct - Dic,520.440777
2025,Total nacional,Formal,"Agricultura, ganadería, caza, silvicultura y pesca",Nov - Ene,472.166508
2025,Total nacional,Formal,"Agricultura, ganadería, caza, silvicultura y pesca",Dic - Feb,443.233546
2026,Total nacional,Formal,"Agricultura, ganadería, caza, silvicultura y pesca",Ene - Mar,501.666345
2026,Total nacional,Formal,"Agricultura, ganadería, caza, silvicultura y pesca",Feb - Abr,487.346825
2021,Total nacional,Formal,"Suministro de electricidad, gas, agua y gestión de desechos^",Ene - Mar,219.158675
2021,Total nacional,Formal,"Suministro de electricidad, gas, agua y gestión de desechos^",Feb - Abr,252.16142399999998
2021,Total nacional,Formal,"Suministro de electricidad, gas, agua y gestión de desechos^",Mar - May,265.5900023333333
2021,Total nacional,Formal,"Suministro de electricidad, gas, agua y gestión de desechos^",Abr - Jun,287.701117
2021,Total nacional,Formal,"Suministro de electricidad, gas, agua y gestión de desechos^",May - Jul,253.57050700000002
2021,Total nacional,Formal,"Suministro de electricidad, gas, agua y gestión de desechos^",Jun - Ago,271.05327766666665
2021,Total nacional,Formal,"Suministro de electricidad, gas, agua y gestión de desechos^",Jul - Sep,268.4850886666666
2021,Total nacional,Formal,"Suministro de electricidad, gas, agua y gestión de desechos^",Ago - Oct,321.82427966666665
2021,Total nacional,Formal,"Suministro de electricidad, gas, agua y gestión de desechos^",Sep - Nov,313.9697043333333
2021,Total nacional,Formal,"Suministro de electricidad, gas, agua y gestión de desechos^",Oct - Dic,293.97661966666664
2021,Total nacional,Formal,"Suministro de electricidad, gas, agua y gestión de desechos^",Nov - Ene,276.63482633333336
2021,Total nacional,Formal,"Suministro de electricidad, gas, agua y gestión de desechos^",Dic - Feb,258.753712
2022,Total nacional,Formal,"Suministro de electricidad, gas, agua y gestión de desechos^",Ene - Mar,277.37782466666664
2022,Total nacional,Formal,"Suministro de electricidad, gas, agua y gestión de desechos^",Feb - Abr,261.60708100000005
2022,Total nacional,Formal,"Suministro de electricidad, gas, agua y gestión de desechos^",Mar - May,278.1735716666667
2022,Total nacional,Formal,"Suministro de electricidad, gas, agua y gestión de desechos^",Abr - Jun,275.10002966666667
2022,Total nacional,Formal,"Suministro de electricidad, gas, agua y gestión de desechos^",May - Jul,271.4232826666667
2022,Total nacional,Formal,"Suministro de electricidad, gas, agua y gestión de desechos^",Jun - Ago,286.401219
2022,Total nacional,Formal,"Suministro de electricidad, gas, agua y gestión de desechos^",Jul - Sep,276.2470983333333
2022,Total nacional,Formal,"Suministro de electricidad, gas, agua y gestión de desechos^",Ago - Oct,309.7471693333334
2022,Total nacional,Formal,"Suministro de electricidad, gas, agua y gestión de desechos^",Sep - Nov,309.94662066666666
2022,Total nacional,Formal,"Suministro de electricidad, gas, agua y gestión de desechos^",Oct - Dic,313.5312593333333
2022,Total nacional,Formal,"Suministro de electricidad, gas, agua y gestión de desechos^",Nov - Ene,296.71019533333333
2022,Total nacional,Formal,"Suministro de electricidad, gas, agua y gestión de desechos^",Dic - Feb,276.32266799999996
2023,Total nacional,Formal,"Suministro de electricidad, gas, agua y gestión de desechos^",Ene - Mar,268.43376566666666
2023,Total nacional,Formal,"Suministro de electricidad, gas, agua y gestión de desechos^",Feb - Abr,277.1416153333333
2023,Total nacional,Formal,"Suministro de electricidad, gas, agua y gestión de desechos^",Mar - May,301.37880366666667
2023,Total nacional,Formal,"Suministro de electricidad, gas, agua y gestión de desechos^",Abr - Jun,340.067666
2023,Total nacional,Formal,"Suministro de electricidad, gas, agua y gestión de desechos^",May - Jul,321.70751966666666
2023,Total nacional,Formal,"Suministro de electricidad, gas, agua y gestión de desechos^",Jun - Ago,323.51753733333334
2023,Total nacional,Formal,"Suministro de electricidad, gas, agua y gestión de desechos^",Jul - Sep,311.0563
2023,Total nacional,Formal,"Suministro de electricidad, gas, agua y gestión de desechos^",Ago - Oct,357.99166799999995
2023,Total nacional,Formal,"Suministro de electricidad, gas, agua y gestión de desechos^",Sep - Nov,351.7934440000001
2023,Total nacional,Formal,"Suministro de electricidad, gas, agua y gestión de desechos^",Oct - Dic,364.6930106666667
2023,Total nacional,Formal,"Suministro de electricidad, gas, agua y gestión de desechos^",Nov - Ene,320.8288073333333
2023,Total nacional,Formal,"Suministro de electricidad, gas, agua y gestión de desechos^",Dic - Feb,299.81277900000003
2024,Total nacional,Formal,"Suministro de electricidad, gas, agua y gestión de desechos^",Ene - Mar,287.81907133333334
2024,Total nacional,Formal,"Suministro de electricidad, gas, agua y gestión de desechos^",Feb - Abr,295.2657653333333
2024,Total nacional,Formal,"Suministro de electricidad, gas, agua y gestión de desechos^",Mar - May,312.2735993333333
2024,Total nacional,Formal,"Suministro de electricidad, gas, agua y gestión de desechos^",Abr - Jun,319.6462686666667
2024,Total nacional,Formal,"Suministro de electricidad, gas, agua y gestión de desechos^",May - Jul,302.87355533333334
2024,Total nacional,Formal,"Suministro de electricidad, gas, agua y gestión de desechos^",Jun - Ago,323.46551933333336
2024,Total nacional,Formal,"Suministro de electricidad, gas, agua y gestión de desechos^",Jul - Sep,326.935989
2024,Total nacional,Formal,"Suministro de electricidad, gas, agua y gestión de desechos^",Ago - Oct,387.92519500000003
2024,Total nacional,Formal,"Suministro de electricidad, gas, agua y gestión de desechos^",Sep - Nov,374.94922633333334
2024,Total nacional,Formal,"Suministro de electricidad, gas, agua y gestión de desechos^",Oct - Dic,369.7036593333334
2024,Total nacional,Formal,"Suministro de electricidad, gas, agua y gestión de desechos^",Nov - Ene,323.792627
2024,Total nacional,Formal,"Suministro de electricidad, gas, agua y gestión de desechos^",Dic - Feb,312.065786
2025,Total nacional,Formal,"Suministro de electricidad, gas, agua y gestión de desechos^",Ene - Mar,309.228122
2025,Total nacional,Formal,"Suministro de electricidad, gas, agua y gestión de desechos^",Feb - Abr,318.190474
2025,Total nacional,Formal,"Suministro de electricidad, gas, agua y gestión de desechos^",Mar - May,333.044938
2025,Total nacional,Formal,"Suministro de electricidad, gas, agua y gestión de desechos^",Abr - Jun,350.593455
2025,Total nacional,Formal,"Suministro de electricidad, gas, agua y gestión de desechos^",May - Jul,331.356779
2025,Total nacional,Formal,"Suministro de electricidad, gas, agua y gestión de desechos^",Jun - Ago,335.819733
2025,Total nacional,Formal,"Suministro de electricidad, gas, agua y gestión de desechos^",Jul - Sep,319.95891
2025,Total nacional,Formal,"Suministro de electricidad, gas, agua y gestión de desechos^",Ago - Oct,354.347558
2025,Total nacional,Formal,"Suministro de electricidad, gas, agua y gestión de desechos^",Sep - Nov,356.523386
2025,Total nacional,Formal,"Suministro de electricidad, gas, agua y gestión de desechos^",Oct - Dic,334.753396
2025,Total nacional,Formal,"Suministro de electricidad, gas, agua y gestión de desechos^",Nov - Ene,297.803529
2025,Total nacional,Formal,"Suministro de electricidad, gas, agua y gestión de desechos^",Dic - Feb,296.97818
2026,Total nacional,Formal,"Suministro de electricidad, gas, agua y gestión de desechos^",Ene - Mar,323.765393
2026,Total nacional,Formal,"Suministro de electricidad, gas, agua y gestión de desechos^",Feb - Abr,354.69579
2021,Total nacional,Formal,Industrias manufactureras,Ene - Mar,892.962829
2021,Total nacional,Formal,Industrias manufactureras,Feb - Abr,929.969997
2021,Total nacional,Formal,Industrias manufactureras,Mar - May,963.8185753333333
2021,Total nacional,Formal,Industrias manufactureras,Abr - Jun,1010.650877
2021,Total nacional,Formal,Industrias manufactureras,May - Jul,1027.2338623333335
2021,Total nacional,Formal,Industrias manufactureras,Jun - Ago,1015.930138
2021,Total nacional,Formal,Industrias manufactureras,Jul - Sep,1054.6460453333332
2021,Total nacional,Formal,Industrias manufactureras,Ago - Oct,1071.6972793333332
2021,Total nacional,Formal,Industrias manufactureras,Sep - Nov,1073.562886
2021,Total nacional,Formal,Industrias manufactureras,Oct - Dic,1066.1247303333332
2021,Total nacional,Formal,Industrias manufactureras,Nov - Ene,1058.724285
2021,Total nacional,Formal,Industrias manufactureras,Dic - Feb,1121.982632
2022,Total nacional,Formal,Industrias manufactureras,Ene - Mar,1151.3313573333335
2022,Total nacional,Formal,Industrias manufactureras,Feb - Abr,1204.2127463333334
2022,Total nacional,Formal,Industrias manufactureras,Mar - May,1215.4736506666668
2022,Total nacional,Formal,Industrias manufactureras,Abr - Jun,1219.1435243333335
2022,Total nacional,Formal,Industrias manufactureras,May - Jul,1233.257691
2022,Total nacional,Formal,Industrias manufactureras,Jun - Ago,1243.2966920000001
2022,Total nacional,Formal,Industrias manufactureras,Jul - Sep,1243.617418
2022,Total nacional,Formal,Industrias manufactureras,Ago - Oct,1253.804781
2022,Total nacional,Formal,Industrias manufactureras,Sep - Nov,1257.008297
2022,Total nacional,Formal,Industrias manufactureras,Oct - Dic,1264.16807
2022,Total nacional,Formal,Industrias manufactureras,Nov - Ene,1224.0733193333333
2022,Total nacional,Formal,Industrias manufactureras,Dic - Feb,1209.2514413333333
2023,Total nacional,Formal,Industrias manufactureras,Ene - Mar,1219.513699
2023,Total nacional,Formal,Industrias manufactureras,Feb - Abr,1283.092997
2023,Total nacional,Formal,Industrias manufactureras,Mar - May,1313.3006746666667
2023,Total nacional,Formal,Industrias manufactureras,Abr - Jun,1323.151511
2023,Total nacional,Formal,Industrias manufactureras,May - Jul,1302.5414733333332
2023,Total nacional,Formal,Industrias manufactureras,Jun - Ago,1292.435305
2023,Total nacional,Formal,Industrias manufactureras,Jul - Sep,1339.1946706666668
2023,Total nacional,Formal,Industrias manufactureras,Ago - Oct,1339.1117226666665
2023,Total nacional,Formal,Industrias manufactureras,Sep - Nov,1365.350709
2023,Total nacional,Formal,Industrias manufactureras,Oct - Dic,1331.358915
2023,Total nacional,Formal,Industrias manufactureras,Nov - Ene,1347.1223923333334
2023,Total nacional,Formal,Industrias manufactureras,Dic - Feb,1332.821758
2024,Total nacional,Formal,Industrias manufactureras,Ene - Mar,1308.375696
2024,Total nacional,Formal,Industrias manufactureras,Feb - Abr,1290.2304796666665
2024,Total nacional,Formal,Industrias manufactureras,Mar - May,1326.0737863333334
2024,Total nacional,Formal,Industrias manufactureras,Abr - Jun,1363.7830866666668
2024,Total nacional,Formal,Industrias manufactureras,May - Jul,1376.4896946666668
2024,Total nacional,Formal,Industrias manufactureras,Jun - Ago,1343.0515453333335
2024,Total nacional,Formal,Industrias manufactureras,Jul - Sep,1379.9483890000001
2024,Total nacional,Formal,Industrias manufactureras,Ago - Oct,1441.9289143333335
2024,Total nacional,Formal,Industrias manufactureras,Sep - Nov,1490.8867896666668
2024,Total nacional,Formal,Industrias manufactureras,Oct - Dic,1432.470231
2024,Total nacional,Formal,Industrias manufactureras,Nov - Ene,1392.392483
2024,Total nacional,Formal,Industrias manufactureras,Dic - Feb,1373.46784
2025,Total nacional,Formal,Industrias manufactureras,Ene - Mar,1402.581173
2025,Total nacional,Formal,Industrias manufactureras,Feb - Abr,1411.616387
2025,Total nacional,Formal,Industrias manufactureras,Mar - May,1402.168383
2025,Total nacional,Formal,Industrias manufactureras,Abr - Jun,1481.465655
2025,Total nacional,Formal,Industrias manufactureras,May - Jul,1500.46107
2025,Total nacional,Formal,Industrias manufactureras,Jun - Ago,1521.6949
2025,Total nacional,Formal,Industrias manufactureras,Jul - Sep,1525.421059
2025,Total nacional,Formal,Industrias manufactureras,Ago - Oct,1540.835329
2025,Total nacional,Formal,Industrias manufactureras,Sep - Nov,1536.941323
2025,Total nacional,Formal,Industrias manufactureras,Oct - Dic,1541.366153
2025,Total nacional,Formal,Industrias manufactureras,Nov - Ene,1492.182242
2025,Total nacional,Formal,Industrias manufactureras,Dic - Feb,1525.502275
2026,Total nacional,Formal,Industrias manufactureras,Ene - Mar,1415.096616
2026,Total nacional,Formal,Industrias manufactureras,Feb - Abr,1422.682791
2021,Total nacional,Formal,Construcción,Ene - Mar,411.98230366666667
2021,Total nacional,Formal,Construcción,Feb - Abr,424.386633
2021,Total nacional,Formal,Construcción,Mar - May,421.444277
2021,Total nacional,Formal,Construcción,Abr - Jun,380.90038066666665
2021,Total nacional,Formal,Construcción,May - Jul,361.8467293333333
2021,Total nacional,Formal,Construcción,Jun - Ago,402.76841966666666
2021,Total nacional,Formal,Construcción,Jul - Sep,412.17730966666676
2021,Total nacional,Formal,Construcción,Ago - Oct,433.90371766666664
2021,Total nacional,Formal,Construcción,Sep - Nov,428.4053886666666
2021,Total nacional,Formal,Construcción,Oct - Dic,438.73664933333333
2021,Total nacional,Formal,Construcción,Nov - Ene,453.49553633333335
2021,Total nacional,Formal,Construcción,Dic - Feb,458.72888166666667
2022,Total nacional,Formal,Construcción,Ene - Mar,463.3033546666666
2022,Total nacional,Formal,Construcción,Feb - Abr,457.12141833333334
2022,Total nacional,Formal,Construcción,Mar - May,471.8009306666666
2022,Total nacional,Formal,Construcción,Abr - Jun,473.729482
2022,Total nacional,Formal,Construcción,May - Jul,473.69768066666666
2022,Total nacional,Formal,Construcción,Jun - Ago,506.34181766666666
2022,Total nacional,Formal,Construcción,Jul - Sep,501.46668999999997
2022,Total nacional,Formal,Construcción,Ago - Oct,501.9496376666666
2022,Total nacional,Formal,Construcción,Sep - Nov,450.83324666666664
2022,Total nacional,Formal,Construcción,Oct - Dic,467.1645926666667
2022,Total nacional,Formal,Construcción,Nov - Ene,439.568731
2022,Total nacional,Formal,Construcción,Dic - Feb,445.00405466666666
2023,Total nacional,Formal,Construcción,Ene - Mar,432.4496463333333
2023,Total nacional,Formal,Construcción,Feb - Abr,483.5993676666667
2023,Total nacional,Formal,Construcción,Mar - May,486.948772
2023,Total nacional,Formal,Construcción,Abr - Jun,501.04534366666667
2023,Total nacional,Formal,Construcción,May - Jul,507.4839833333333
2023,Total nacional,Formal,Construcción,Jun - Ago,536.0512419999999
2023,Total nacional,Formal,Construcción,Jul - Sep,535.8776029999999
2023,Total nacional,Formal,Construcción,Ago - Oct,526.1080736666667
2023,Total nacional,Formal,Construcción,Sep - Nov,521.2690170000001
2023,Total nacional,Formal,Construcción,Oct - Dic,514.3495336666666
2023,Total nacional,Formal,Construcción,Nov - Ene,491.13329866666663
2023,Total nacional,Formal,Construcción,Dic - Feb,487.338383
2024,Total nacional,Formal,Construcción,Ene - Mar,483.49742166666664
2024,Total nacional,Formal,Construcción,Feb - Abr,520.676576
2024,Total nacional,Formal,Construcción,Mar - May,529.0021593333332
2024,Total nacional,Formal,Construcción,Abr - Jun,555.2396916666667
2024,Total nacional,Formal,Construcción,May - Jul,536.6813226666667
2024,Total nacional,Formal,Construcción,Jun - Ago,541.090905
2024,Total nacional,Formal,Construcción,Jul - Sep,522.565831
2024,Total nacional,Formal,Construcción,Ago - Oct,531.2582179999999
2024,Total nacional,Formal,Construcción,Sep - Nov,508.4127266666667
2024,Total nacional,Formal,Construcción,Oct - Dic,507.068517
2024,Total nacional,Formal,Construcción,Nov - Ene,498.114797
2024,Total nacional,Formal,Construcción,Dic - Feb,524.344789
2025,Total nacional,Formal,Construcción,Ene - Mar,508.291067
2025,Total nacional,Formal,Construcción,Feb - Abr,500.838442
2025,Total nacional,Formal,Construcción,Mar - May,470.52656
2025,Total nacional,Formal,Construcción,Abr - Jun,457.811212
2025,Total nacional,Formal,Construcción,May - Jul,486.515332
2025,Total nacional,Formal,Construcción,Jun - Ago,528.571857
2025,Total nacional,Formal,Construcción,Jul - Sep,542.736379
2025,Total nacional,Formal,Construcción,Ago - Oct,523.51256
2025,Total nacional,Formal,Construcción,Sep - Nov,489.79179
2025,Total nacional,Formal,Construcción,Oct - Dic,488.68091
2025,Total nacional,Formal,Construcción,Nov - Ene,479.697558
2025,Total nacional,Formal,Construcción,Dic - Feb,484.287628
2026,Total nacional,Formal,Construcción,Ene - Mar,500.841536
2026,Total nacional,Formal,Construcción,Feb - Abr,516.735939
2021,Total nacional,Formal,Comercio y reparación de vehículos,Ene - Mar,1294.636806
2021,Total nacional,Formal,Comercio y reparación de vehículos,Feb - Abr,1333.6376993333336
2021,Total nacional,Formal,Comercio y reparación de vehículos,Mar - May,1366.6565116666668
2021,Total nacional,Formal,Comercio y reparación de vehículos,Abr - Jun,1422.4265520000001
2021,Total nacional,Formal,Comercio y reparación de vehículos,May - Jul,1456.841265
2021,Total nacional,Formal,Comercio y reparación de vehículos,Jun - Ago,1472.69469
2021,Total nacional,Formal,Comercio y reparación de vehículos,Jul - Sep,1463.809869
2021,Total nacional,Formal,Comercio y reparación de vehículos,Ago - Oct,1435.8528236666668
2021,Total nacional,Formal,Comercio y reparación de vehículos,Sep - Nov,1470.690684
2021,Total nacional,Formal,Comercio y reparación de vehículos,Oct - Dic,1495.4345283333332
2021,Total nacional,Formal,Comercio y reparación de vehículos,Nov - Ene,1515.319466
2021,Total nacional,Formal,Comercio y reparación de vehículos,Dic - Feb,1536.517868
2022,Total nacional,Formal,Comercio y reparación de vehículos,Ene - Mar,1521.0444639999998
2022,Total nacional,Formal,Comercio y reparación de vehículos,Feb - Abr,1547.8150323333332
2022,Total nacional,Formal,Comercio y reparación de vehículos,Mar - May,1495.6776603333335
2022,Total nacional,Formal,Comercio y reparación de vehículos,Abr - Jun,1521.3552003333334
2022,Total nacional,Formal,Comercio y reparación de vehículos,May - Jul,1466.1475666666665
2022,Total nacional,Formal,Comercio y reparación de vehículos,Jun - Ago,1530.8636560000002
2022,Total nacional,Formal,Comercio y reparación de vehículos,Jul - Sep,1569.4520516666669
2022,Total nacional,Formal,Comercio y reparación de vehículos,Ago - Oct,1625.9976983333333
2022,Total nacional,Formal,Comercio y reparación de vehículos,Sep - Nov,1633.333928
2022,Total nacional,Formal,Comercio y reparación de vehículos,Oct - Dic,1624.122558
2022,Total nacional,Formal,Comercio y reparación de vehículos,Nov - Ene,1595.4677283333333
2022,Total nacional,Formal,Comercio y reparación de vehículos,Dic - Feb,1604.8617646666669
2023,Total nacional,Formal,Comercio y reparación de vehículos,Ene - Mar,1580.4184953333333
2023,Total nacional,Formal,Comercio y reparación de vehículos,Feb - Abr,1618.3414299999997
2023,Total nacional,Formal,Comercio y reparación de vehículos,Mar - May,1635.9944126666667
2023,Total nacional,Formal,Comercio y reparación de vehículos,Abr - Jun,1673.2736499999999
2023,Total nacional,Formal,Comercio y reparación de vehículos,May - Jul,1703.8049629999998
2023,Total nacional,Formal,Comercio y reparación de vehículos,Jun - Ago,1670.386985
2023,Total nacional,Formal,Comercio y reparación de vehículos,Jul - Sep,1656.1434769999998
2023,Total nacional,Formal,Comercio y reparación de vehículos,Ago - Oct,1614.356419
2023,Total nacional,Formal,Comercio y reparación de vehículos,Sep - Nov,1658.6427723333334
2023,Total nacional,Formal,Comercio y reparación de vehículos,Oct - Dic,1700.2454473333335
2023,Total nacional,Formal,Comercio y reparación de vehículos,Nov - Ene,1683.0918086666668
2023,Total nacional,Formal,Comercio y reparación de vehículos,Dic - Feb,1650.6716193333332
2024,Total nacional,Formal,Comercio y reparación de vehículos,Ene - Mar,1652.7163790000002
2024,Total nacional,Formal,Comercio y reparación de vehículos,Feb - Abr,1688.9351713333333
2024,Total nacional,Formal,Comercio y reparación de vehículos,Mar - May,1705.3012580000002
2024,Total nacional,Formal,Comercio y reparación de vehículos,Abr - Jun,1676.9597476666665
2024,Total nacional,Formal,Comercio y reparación de vehículos,May - Jul,1668.214749
2024,Total nacional,Formal,Comercio y reparación de vehículos,Jun - Ago,1671.4447696666666
2024,Total nacional,Formal,Comercio y reparación de vehículos,Jul - Sep,1690.8988906666666
2024,Total nacional,Formal,Comercio y reparación de vehículos,Ago - Oct,1724.2555703333335
2024,Total nacional,Formal,Comercio y reparación de vehículos,Sep - Nov,1739.2968886666665
2024,Total nacional,Formal,Comercio y reparación de vehículos,Oct - Dic,1770.800757
2024,Total nacional,Formal,Comercio y reparación de vehículos,Nov - Ene,1748.259077
2024,Total nacional,Formal,Comercio y reparación de vehículos,Dic - Feb,1699.367725
2025,Total nacional,Formal,Comercio y reparación de vehículos,Ene - Mar,1625.904887
2025,Total nacional,Formal,Comercio y reparación de vehículos,Feb - Abr,1647.123142
2025,Total nacional,Formal,Comercio y reparación de vehículos,Mar - May,1716.51144
2025,Total nacional,Formal,Comercio y reparación de vehículos,Abr - Jun,1804.670093
2025,Total nacional,Formal,Comercio y reparación de vehículos,May - Jul,1805.861931
2025,Total nacional,Formal,Comercio y reparación de vehículos,Jun - Ago,1749.843842
2025,Total nacional,Formal,Comercio y reparación de vehículos,Jul - Sep,1738.24719
2025,Total nacional,Formal,Comercio y reparación de vehículos,Ago - Oct,1694.581874
2025,Total nacional,Formal,Comercio y reparación de vehículos,Sep - Nov,1759.250983
2025,Total nacional,Formal,Comercio y reparación de vehículos,Oct - Dic,1790.89917
2025,Total nacional,Formal,Comercio y reparación de vehículos,Nov - Ene,1845.204674
2025,Total nacional,Formal,Comercio y reparación de vehículos,Dic - Feb,1812.0633
2026,Total nacional,Formal,Comercio y reparación de vehículos,Ene - Mar,1777.028379
2026,Total nacional,Formal,Comercio y reparación de vehículos,Feb - Abr,1798.866367
2021,Total nacional,Formal,Alojamiento y servicios de comida,Ene - Mar,243.5320836666667
2021,Total nacional,Formal,Alojamiento y servicios de comida,Feb - Abr,237.045176
2021,Total nacional,Formal,Alojamiento y servicios de comida,Mar - May,254.46818599999997
2021,Total nacional,Formal,Alojamiento y servicios de comida,Abr - Jun,252.50190233333333
2021,Total nacional,Formal,Alojamiento y servicios de comida,May - Jul,279.9276253333333
2021,Total nacional,Formal,Alojamiento y servicios de comida,Jun - Ago,280.8502716666667
2021,Total nacional,Formal,Alojamiento y servicios de comida,Jul - Sep,312.30880533333334
2021,Total nacional,Formal,Alojamiento y servicios de comida,Ago - Oct,306.05348566666663
2021,Total nacional,Formal,Alojamiento y servicios de comida,Sep - Nov,316.1976203333333
2021,Total nacional,Formal,Alojamiento y servicios de comida,Oct - Dic,316.7887896666666
2021,Total nacional,Formal,Alojamiento y servicios de comida,Nov - Ene,335.15513400000003
2021,Total nacional,Formal,Alojamiento y servicios de comida,Dic - Feb,343.22902500000004
2022,Total nacional,Formal,Alojamiento y servicios de comida,Ene - Mar,347.1592103333333
2022,Total nacional,Formal,Alojamiento y servicios de comida,Feb - Abr,347.56364333333335
2022,Total nacional,Formal,Alojamiento y servicios de comida,Mar - May,346.61622800000004
2022,Total nacional,Formal,Alojamiento y servicios de comida,Abr - Jun,352.16151099999996
2022,Total nacional,Formal,Alojamiento y servicios de comida,May - Jul,350.5169673333333
2022,Total nacional,Formal,Alojamiento y servicios de comida,Jun - Ago,351.7865279999999
2022,Total nacional,Formal,Alojamiento y servicios de comida,Jul - Sep,353.58906666666667
2022,Total nacional,Formal,Alojamiento y servicios de comida,Ago - Oct,357.1270026666666
2022,Total nacional,Formal,Alojamiento y servicios de comida,Sep - Nov,359.300629
2022,Total nacional,Formal,Alojamiento y servicios de comida,Oct - Dic,362.466699
2022,Total nacional,Formal,Alojamiento y servicios de comida,Nov - Ene,363.610039
2022,Total nacional,Formal,Alojamiento y servicios de comida,Dic - Feb,353.71829733333334
2023,Total nacional,Formal,Alojamiento y servicios de comida,Ene - Mar,355.61105066666664
2023,Total nacional,Formal,Alojamiento y servicios de comida,Feb - Abr,378.67793133333333
2023,Total nacional,Formal,Alojamiento y servicios de comida,Mar - May,394.422302
2023,Total nacional,Formal,Alojamiento y servicios de comida,Abr - Jun,398.8635133333333
2023,Total nacional,Formal,Alojamiento y servicios de comida,May - Jul,402.7172276666667
2023,Total nacional,Formal,Alojamiento y servicios de comida,Jun - Ago,419.1764553333333
2023,Total nacional,Formal,Alojamiento y servicios de comida,Jul - Sep,437.70231433333333
2023,Total nacional,Formal,Alojamiento y servicios de comida,Ago - Oct,442.01899
2023,Total nacional,Formal,Alojamiento y servicios de comida,Sep - Nov,425.2447686666667
2023,Total nacional,Formal,Alojamiento y servicios de comida,Oct - Dic,398.4244026666667
2023,Total nacional,Formal,Alojamiento y servicios de comida,Nov - Ene,382.4659993333333
2023,Total nacional,Formal,Alojamiento y servicios de comida,Dic - Feb,393.0007943333333
2024,Total nacional,Formal,Alojamiento y servicios de comida,Ene - Mar,390.1462013333333
2024,Total nacional,Formal,Alojamiento y servicios de comida,Feb - Abr,402.012107
2024,Total nacional,Formal,Alojamiento y servicios de comida,Mar - May,415.908935
2024,Total nacional,Formal,Alojamiento y servicios de comida,Abr - Jun,441.61420799999996
2024,Total nacional,Formal,Alojamiento y servicios de comida,May - Jul,439.68225333333334
2024,Total nacional,Formal,Alojamiento y servicios de comida,Jun - Ago,443.3774336666667
2024,Total nacional,Formal,Alojamiento y servicios de comida,Jul - Sep,464.950067
2024,Total nacional,Formal,Alojamiento y servicios de comida,Ago - Oct,448.96511366666664
2024,Total nacional,Formal,Alojamiento y servicios de comida,Sep - Nov,439.649547
2024,Total nacional,Formal,Alojamiento y servicios de comida,Oct - Dic,422.06388466666664
2024,Total nacional,Formal,Alojamiento y servicios de comida,Nov - Ene,431.631251
2024,Total nacional,Formal,Alojamiento y servicios de comida,Dic - Feb,432.942124
2025,Total nacional,Formal,Alojamiento y servicios de comida,Ene - Mar,423.868759
2025,Total nacional,Formal,Alojamiento y servicios de comida,Feb - Abr,443.111467
2025,Total nacional,Formal,Alojamiento y servicios de comida,Mar - May,451.432763
2025,Total nacional,Formal,Alojamiento y servicios de comida,Abr - Jun,445.138361
2025,Total nacional,Formal,Alojamiento y servicios de comida,May - Jul,462.245915
2025,Total nacional,Formal,Alojamiento y servicios de comida,Jun - Ago,470.496296
2025,Total nacional,Formal,Alojamiento y servicios de comida,Jul - Sep,497.82363
2025,Total nacional,Formal,Alojamiento y servicios de comida,Ago - Oct,468.724612
2025,Total nacional,Formal,Alojamiento y servicios de comida,Sep - Nov,475.73254
2025,Total nacional,Formal,Alojamiento y servicios de comida,Oct - Dic,458.181774
2025,Total nacional,Formal,Alojamiento y servicios de comida,Nov - Ene,433.004257
2025,Total nacional,Formal,Alojamiento y servicios de comida,Dic - Feb,391.325071
2026,Total nacional,Formal,Alojamiento y servicios de comida,Ene - Mar,384.557841
2026,Total nacional,Formal,Alojamiento y servicios de comida,Feb - Abr,402.064566
2021,Total nacional,Formal,Transporte y almacenamiento,Ene - Mar,405.11558233333335
2021,Total nacional,Formal,Transporte y almacenamiento,Feb - Abr,408.7253896666667
2021,Total nacional,Formal,Transporte y almacenamiento,Mar - May,402.1889006666667
2021,Total nacional,Formal,Transporte y almacenamiento,Abr - Jun,416.508126
2021,Total nacional,Formal,Transporte y almacenamiento,May - Jul,438.38232066666666
2021,Total nacional,Formal,Transporte y almacenamiento,Jun - Ago,438.09022566666664
2021,Total nacional,Formal,Transporte y almacenamiento,Jul - Sep,454.93562233333336
2021,Total nacional,Formal,Transporte y almacenamiento,Ago - Oct,444.4510783333333
2021,Total nacional,Formal,Transporte y almacenamiento,Sep - Nov,466.294872
2021,Total nacional,Formal,Transporte y almacenamiento,Oct - Dic,458.43267833333334
2021,Total nacional,Formal,Transporte y almacenamiento,Nov - Ene,461.5529726666667
2021,Total nacional,Formal,Transporte y almacenamiento,Dic - Feb,440.161125
2022,Total nacional,Formal,Transporte y almacenamiento,Ene - Mar,440.8398586666667
2022,Total nacional,Formal,Transporte y almacenamiento,Feb - Abr,472.62701500000003
2022,Total nacional,Formal,Transporte y almacenamiento,Mar - May,514.3081520000001
2022,Total nacional,Formal,Transporte y almacenamiento,Abr - Jun,503.27472166666666
2022,Total nacional,Formal,Transporte y almacenamiento,May - Jul,509.4320003333333
2022,Total nacional,Formal,Transporte y almacenamiento,Jun - Ago,489.4468193333333
2022,Total nacional,Formal,Transporte y almacenamiento,Jul - Sep,502.58809766666667
2022,Total nacional,Formal,Transporte y almacenamiento,Ago - Oct,489.457306
2022,Total nacional,Formal,Transporte y almacenamiento,Sep - Nov,479.00395000000003
2022,Total nacional,Formal,Transporte y almacenamiento,Oct - Dic,466.020843
2022,Total nacional,Formal,Transporte y almacenamiento,Nov - Ene,470.6441076666667
2022,Total nacional,Formal,Transporte y almacenamiento,Dic - Feb,502.41212566666667
2023,Total nacional,Formal,Transporte y almacenamiento,Ene - Mar,497.0384746666667
2023,Total nacional,Formal,Transporte y almacenamiento,Feb - Abr,510.1950003333333
2023,Total nacional,Formal,Transporte y almacenamiento,Mar - May,509.366611
2023,Total nacional,Formal,Transporte y almacenamiento,Abr - Jun,558.3975656666668
2023,Total nacional,Formal,Transporte y almacenamiento,May - Jul,567.2850783333333
2023,Total nacional,Formal,Transporte y almacenamiento,Jun - Ago,547.815994
2023,Total nacional,Formal,Transporte y almacenamiento,Jul - Sep,557.0276303333334
2023,Total nacional,Formal,Transporte y almacenamiento,Ago - Oct,542.395643
2023,Total nacional,Formal,Transporte y almacenamiento,Sep - Nov,562.6938686666666
2023,Total nacional,Formal,Transporte y almacenamiento,Oct - Dic,525.494758
2023,Total nacional,Formal,Transporte y almacenamiento,Nov - Ene,538.4730490000001
2023,Total nacional,Formal,Transporte y almacenamiento,Dic - Feb,538.0045923333333
2024,Total nacional,Formal,Transporte y almacenamiento,Ene - Mar,548.1063843333333
2024,Total nacional,Formal,Transporte y almacenamiento,Feb - Abr,556.173174
2024,Total nacional,Formal,Transporte y almacenamiento,Mar - May,548.2252926666666
2024,Total nacional,Formal,Transporte y almacenamiento,Abr - Jun,542.4290766666667
2024,Total nacional,Formal,Transporte y almacenamiento,May - Jul,517.3628646666666
2024,Total nacional,Formal,Transporte y almacenamiento,Jun - Ago,526.2476353333333
2024,Total nacional,Formal,Transporte y almacenamiento,Jul - Sep,537.3094466666666
2024,Total nacional,Formal,Transporte y almacenamiento,Ago - Oct,528.9587823333333
2024,Total nacional,Formal,Transporte y almacenamiento,Sep - Nov,537.713765
2024,Total nacional,Formal,Transporte y almacenamiento,Oct - Dic,513.5281309999999
2024,Total nacional,Formal,Transporte y almacenamiento,Nov - Ene,509.341131
2024,Total nacional,Formal,Transporte y almacenamiento,Dic - Feb,513.415425
2025,Total nacional,Formal,Transporte y almacenamiento,Ene - Mar,540.525548
2025,Total nacional,Formal,Transporte y almacenamiento,Feb - Abr,549.112508
2025,Total nacional,Formal,Transporte y almacenamiento,Mar - May,550.292422
2025,Total nacional,Formal,Transporte y almacenamiento,Abr - Jun,530.84105
2025,Total nacional,Formal,Transporte y almacenamiento,May - Jul,552.0645
2025,Total nacional,Formal,Transporte y almacenamiento,Jun - Ago,555.490304
2025,Total nacional,Formal,Transporte y almacenamiento,Jul - Sep,589.583562
2025,Total nacional,Formal,Transporte y almacenamiento,Ago - Oct,586.076193
2025,Total nacional,Formal,Transporte y almacenamiento,Sep - Nov,579.365122
2025,Total nacional,Formal,Transporte y almacenamiento,Oct - Dic,548.938524
2025,Total nacional,Formal,Transporte y almacenamiento,Nov - Ene,552.340857
2025,Total nacional,Formal,Transporte y almacenamiento,Dic - Feb,546.031857
2026,Total nacional,Formal,Transporte y almacenamiento,Ene - Mar,558.323424
2026,Total nacional,Formal,Transporte y almacenamiento,Feb - Abr,560.410102
2021,Total nacional,Formal,Información y comunicaciones,Ene - Mar,269.3318796666667
2021,Total nacional,Formal,Información y comunicaciones,Feb - Abr,249.061645
2021,Total nacional,Formal,Información y comunicaciones,Mar - May,240.53440933333331
2021,Total nacional,Formal,Información y comunicaciones,Abr - Jun,243.43917833333333
2021,Total nacional,Formal,Información y comunicaciones,May - Jul,256.52762466666667
2021,Total nacional,Formal,Información y comunicaciones,Jun - Ago,266.403739
2021,Total nacional,Formal,Información y comunicaciones,Jul - Sep,272.16840733333333
2021,Total nacional,Formal,Información y comunicaciones,Ago - Oct,291.71636166666667
2021,Total nacional,Formal,Información y comunicaciones,Sep - Nov,318.8924693333333
2021,Total nacional,Formal,Información y comunicaciones,Oct - Dic,318.1558636666667
2021,Total nacional,Formal,Información y comunicaciones,Nov - Ene,313.7936026666667
2021,Total nacional,Formal,Información y comunicaciones,Dic - Feb,309.05052700000005
2022,Total nacional,Formal,Información y comunicaciones,Ene - Mar,304.260034
2022,Total nacional,Formal,Información y comunicaciones,Feb - Abr,306.11627999999996
2022,Total nacional,Formal,Información y comunicaciones,Mar - May,290.6212013333334
2022,Total nacional,Formal,Información y comunicaciones,Abr - Jun,324.57340800000003
2022,Total nacional,Formal,Información y comunicaciones,May - Jul,306.70209366666666
2022,Total nacional,Formal,Información y comunicaciones,Jun - Ago,323.882146
2022,Total nacional,Formal,Información y comunicaciones,Jul - Sep,302.373947
2022,Total nacional,Formal,Información y comunicaciones,Ago - Oct,314.54524633333335
2022,Total nacional,Formal,Información y comunicaciones,Sep - Nov,314.72488133333337
2022,Total nacional,Formal,Información y comunicaciones,Oct - Dic,322.48860199999996
2022,Total nacional,Formal,Información y comunicaciones,Nov - Ene,341.36410499999994
2022,Total nacional,Formal,Información y comunicaciones,Dic - Feb,330.1980526666667
2023,Total nacional,Formal,Información y comunicaciones,Ene - Mar,323.0068406666667
2023,Total nacional,Formal,Información y comunicaciones,Feb - Abr,317.83376833333335
2023,Total nacional,Formal,Información y comunicaciones,Mar - May,333.19399433333336
2023,Total nacional,Formal,Información y comunicaciones,Abr - Jun,326.34930233333336
2023,Total nacional,Formal,Información y comunicaciones,May - Jul,312.6333103333333
2023,Total nacional,Formal,Información y comunicaciones,Jun - Ago,314.60909599999997
2023,Total nacional,Formal,Información y comunicaciones,Jul - Sep,350.9772783333333
2023,Total nacional,Formal,Información y comunicaciones,Ago - Oct,359.4555983333333
2023,Total nacional,Formal,Información y comunicaciones,Sep - Nov,380.14312666666666
2023,Total nacional,Formal,Información y comunicaciones,Oct - Dic,336.412077
2023,Total nacional,Formal,Información y comunicaciones,Nov - Ene,331.071008
2023,Total nacional,Formal,Información y comunicaciones,Dic - Feb,309.60461733333335
2024,Total nacional,Formal,Información y comunicaciones,Ene - Mar,318.313766
2024,Total nacional,Formal,Información y comunicaciones,Feb - Abr,332.72355366666665
2024,Total nacional,Formal,Información y comunicaciones,Mar - May,325.5408663333333
2024,Total nacional,Formal,Información y comunicaciones,Abr - Jun,362.23505500000005
2024,Total nacional,Formal,Información y comunicaciones,May - Jul,364.46211999999997
2024,Total nacional,Formal,Información y comunicaciones,Jun - Ago,380.791277
2024,Total nacional,Formal,Información y comunicaciones,Jul - Sep,352.009403
2024,Total nacional,Formal,Información y comunicaciones,Ago - Oct,329.0073823333333
2024,Total nacional,Formal,Información y comunicaciones,Sep - Nov,351.87725133333333
2024,Total nacional,Formal,Información y comunicaciones,Oct - Dic,356.8511403333334
2024,Total nacional,Formal,Información y comunicaciones,Nov - Ene,363.100472
2024,Total nacional,Formal,Información y comunicaciones,Dic - Feb,321.776009
2025,Total nacional,Formal,Información y comunicaciones,Ene - Mar,327.158354
2025,Total nacional,Formal,Información y comunicaciones,Feb - Abr,358.912794
2025,Total nacional,Formal,Información y comunicaciones,Mar - May,375.356749
2025,Total nacional,Formal,Información y comunicaciones,Abr - Jun,358.54216
2025,Total nacional,Formal,Información y comunicaciones,May - Jul,315.243494
2025,Total nacional,Formal,Información y comunicaciones,Jun - Ago,302.862364
2025,Total nacional,Formal,Información y comunicaciones,Jul - Sep,319.508155
2025,Total nacional,Formal,Información y comunicaciones,Ago - Oct,335.806259
2025,Total nacional,Formal,Información y comunicaciones,Sep - Nov,375.430251
2025,Total nacional,Formal,Información y comunicaciones,Oct - Dic,371.114601
2025,Total nacional,Formal,Información y comunicaciones,Nov - Ene,383.518696
2025,Total nacional,Formal,Información y comunicaciones,Dic - Feb,360.300932
2026,Total nacional,Formal,Información y comunicaciones,Ene - Mar,356.969658
2026,Total nacional,Formal,Información y comunicaciones,Feb - Abr,362.847315
2021,Total nacional,Formal,Actividades financieras y de seguros,Ene - Mar,291.576441
2021,Total nacional,Formal,Actividades financieras y de seguros,Feb - Abr,284.4338393333333
2021,Total nacional,Formal,Actividades financieras y de seguros,Mar - May,292.04455733333333
2021,Total nacional,Formal,Actividades financieras y de seguros,Abr - Jun,300.72428866666667
2021,Total nacional,Formal,Actividades financieras y de seguros,May - Jul,302.1588433333333
2021,Total nacional,Formal,Actividades financieras y de seguros,Jun - Ago,295.1810503333333
2021,Total nacional,Formal,Actividades financieras y de seguros,Jul - Sep,326.505772
2021,Total nacional,Formal,Actividades financieras y de seguros,Ago - Oct,330.64690833333333
2021,Total nacional,Formal,Actividades financieras y de seguros,Sep - Nov,327.5589673333333
2021,Total nacional,Formal,Actividades financieras y de seguros,Oct - Dic,313.8849156666667
2021,Total nacional,Formal,Actividades financieras y de seguros,Nov - Ene,337.28381999999993
2021,Total nacional,Formal,Actividades financieras y de seguros,Dic - Feb,356.0726816666667
2022,Total nacional,Formal,Actividades financieras y de seguros,Ene - Mar,336.67214766666666
2022,Total nacional,Formal,Actividades financieras y de seguros,Feb - Abr,322.97207766666673
2022,Total nacional,Formal,Actividades financieras y de seguros,Mar - May,339.779206
2022,Total nacional,Formal,Actividades financieras y de seguros,Abr - Jun,353.29901333333333
2022,Total nacional,Formal,Actividades financieras y de seguros,May - Jul,367.123583
2022,Total nacional,Formal,Actividades financieras y de seguros,Jun - Ago,354.4489493333333
2022,Total nacional,Formal,Actividades financieras y de seguros,Jul - Sep,377.449842
2022,Total nacional,Formal,Actividades financieras y de seguros,Ago - Oct,381.701572
2022,Total nacional,Formal,Actividades financieras y de seguros,Sep - Nov,381.527757
2022,Total nacional,Formal,Actividades financieras y de seguros,Oct - Dic,368.67072
2022,Total nacional,Formal,Actividades financieras y de seguros,Nov - Ene,349.7317556666667
2022,Total nacional,Formal,Actividades financieras y de seguros,Dic - Feb,355.2746623333333
2023,Total nacional,Formal,Actividades financieras y de seguros,Ene - Mar,338.1649796666666
2023,Total nacional,Formal,Actividades financieras y de seguros,Feb - Abr,335.59390966666666
2023,Total nacional,Formal,Actividades financieras y de seguros,Mar - May,355.921905
2023,Total nacional,Formal,Actividades financieras y de seguros,Abr - Jun,379.20375200000007
2023,Total nacional,Formal,Actividades financieras y de seguros,May - Jul,410.1769126666666
2023,Total nacional,Formal,Actividades financieras y de seguros,Jun - Ago,393.81113166666665
2023,Total nacional,Formal,Actividades financieras y de seguros,Jul - Sep,379.870882
2023,Total nacional,Formal,Actividades financieras y de seguros,Ago - Oct,359.198506
2023,Total nacional,Formal,Actividades financieras y de seguros,Sep - Nov,382.3272359999999
2023,Total nacional,Formal,Actividades financieras y de seguros,Oct - Dic,402.1908603333333
2023,Total nacional,Formal,Actividades financieras y de seguros,Nov - Ene,409.81944999999996
2023,Total nacional,Formal,Actividades financieras y de seguros,Dic - Feb,396.9847223333333
2024,Total nacional,Formal,Actividades financieras y de seguros,Ene - Mar,376.34001600000005
2024,Total nacional,Formal,Actividades financieras y de seguros,Feb - Abr,390.5647576666667
2024,Total nacional,Formal,Actividades financieras y de seguros,Mar - May,372.3793373333333
2024,Total nacional,Formal,Actividades financieras y de seguros,Abr - Jun,390.5274166666666
2024,Total nacional,Formal,Actividades financieras y de seguros,May - Jul,378.5653883333334
2024,Total nacional,Formal,Actividades financieras y de seguros,Jun - Ago,370.95756266666666
2024,Total nacional,Formal,Actividades financieras y de seguros,Jul - Sep,335.10966733333333
2024,Total nacional,Formal,Actividades financieras y de seguros,Ago - Oct,326.67585033333336
2024,Total nacional,Formal,Actividades financieras y de seguros,Sep - Nov,343.6912373333333
2024,Total nacional,Formal,Actividades financieras y de seguros,Oct - Dic,382.9893833333333
2024,Total nacional,Formal,Actividades financieras y de seguros,Nov - Ene,400.118698
2024,Total nacional,Formal,Actividades financieras y de seguros,Dic - Feb,408.863359
2025,Total nacional,Formal,Actividades financieras y de seguros,Ene - Mar,368.873928
2025,Total nacional,Formal,Actividades financieras y de seguros,Feb - Abr,351.361662
2025,Total nacional,Formal,Actividades financieras y de seguros,Mar - May,342.531195
2025,Total nacional,Formal,Actividades financieras y de seguros,Abr - Jun,375.466552
2025,Total nacional,Formal,Actividades financieras y de seguros,May - Jul,397.817703
2025,Total nacional,Formal,Actividades financieras y de seguros,Jun - Ago,416.472615
2025,Total nacional,Formal,Actividades financieras y de seguros,Jul - Sep,419.393359
2025,Total nacional,Formal,Actividades financieras y de seguros,Ago - Oct,402.807714
2025,Total nacional,Formal,Actividades financieras y de seguros,Sep - Nov,394.123121
2025,Total nacional,Formal,Actividades financieras y de seguros,Oct - Dic,381.771637
2025,Total nacional,Formal,Actividades financieras y de seguros,Nov - Ene,399.809469
2025,Total nacional,Formal,Actividades financieras y de seguros,Dic - Feb,410.634989
2026,Total nacional,Formal,Actividades financieras y de seguros,Ene - Mar,456.100211
2026,Total nacional,Formal,Actividades financieras y de seguros,Feb - Abr,423.539488
2021,Total nacional,Formal,Actividades inmobiliarias,Ene - Mar,95.97792066666666
2021,Total nacional,Formal,Actividades inmobiliarias,Feb - Abr,98.33524166666666
2021,Total nacional,Formal,Actividades inmobiliarias,Mar - May,115.94349
2021,Total nacional,Formal,Actividades inmobiliarias,Abr - Jun,129.295998
2021,Total nacional,Formal,Actividades inmobiliarias,May - Jul,148.40719166666668
2021,Total nacional,Formal,Actividades inmobiliarias,Jun - Ago,144.48394166666665
2021,Total nacional,Formal,Actividades inmobiliarias,Jul - Sep,133.06662833333334
2021,Total nacional,Formal,Actividades inmobiliarias,Ago - Oct,113.51294299999999
2021,Total nacional,Formal,Actividades inmobiliarias,Sep - Nov,118.68083466666667
2021,Total nacional,Formal,Actividades inmobiliarias,Oct - Dic,120.067896
2021,Total nacional,Formal,Actividades inmobiliarias,Nov - Ene,134.55515533333335
2021,Total nacional,Formal,Actividades inmobiliarias,Dic - Feb,125.94725933333332
2022,Total nacional,Formal,Actividades inmobiliarias,Ene - Mar,131.037367
2022,Total nacional,Formal,Actividades inmobiliarias,Feb - Abr,135.27481033333333
2022,Total nacional,Formal,Actividades inmobiliarias,Mar - May,151.55552266666666
2022,Total nacional,Formal,Actividades inmobiliarias,Abr - Jun,158.74960533333334
2022,Total nacional,Formal,Actividades inmobiliarias,May - Jul,165.54856466666666
2022,Total nacional,Formal,Actividades inmobiliarias,Jun - Ago,168.55221766666665
2022,Total nacional,Formal,Actividades inmobiliarias,Jul - Sep,178.03301466666667
2022,Total nacional,Formal,Actividades inmobiliarias,Ago - Oct,183.21082133333334
2022,Total nacional,Formal,Actividades inmobiliarias,Sep - Nov,185.8549273333333
2022,Total nacional,Formal,Actividades inmobiliarias,Oct - Dic,196.235199
2022,Total nacional,Formal,Actividades inmobiliarias,Nov - Ene,201.259502
2022,Total nacional,Formal,Actividades inmobiliarias,Dic - Feb,204.18181933333335
2023,Total nacional,Formal,Actividades inmobiliarias,Ene - Mar,204.34109333333333
2023,Total nacional,Formal,Actividades inmobiliarias,Feb - Abr,202.88218099999997
2023,Total nacional,Formal,Actividades inmobiliarias,Mar - May,200.74237766666667
2023,Total nacional,Formal,Actividades inmobiliarias,Abr - Jun,203.18528033333334
2023,Total nacional,Formal,Actividades inmobiliarias,May - Jul,214.715044
2023,Total nacional,Formal,Actividades inmobiliarias,Jun - Ago,259.9635793333333
2023,Total nacional,Formal,Actividades inmobiliarias,Jul - Sep,267.3809243333333
2023,Total nacional,Formal,Actividades inmobiliarias,Ago - Oct,273.309245
2023,Total nacional,Formal,Actividades inmobiliarias,Sep - Nov,239.37715666666668
2023,Total nacional,Formal,Actividades inmobiliarias,Oct - Dic,223.24111200000002
2023,Total nacional,Formal,Actividades inmobiliarias,Nov - Ene,221.410484
2023,Total nacional,Formal,Actividades inmobiliarias,Dic - Feb,232.055296
2024,Total nacional,Formal,Actividades inmobiliarias,Ene - Mar,240.16683166666667
2024,Total nacional,Formal,Actividades inmobiliarias,Feb - Abr,214.54180133333332
2024,Total nacional,Formal,Actividades inmobiliarias,Mar - May,208.96882466666668
2024,Total nacional,Formal,Actividades inmobiliarias,Abr - Jun,234.979192
2024,Total nacional,Formal,Actividades inmobiliarias,May - Jul,274.21609366666667
2024,Total nacional,Formal,Actividades inmobiliarias,Jun - Ago,277.8509246666667
2024,Total nacional,Formal,Actividades inmobiliarias,Jul - Sep,251.47573066666666
2024,Total nacional,Formal,Actividades inmobiliarias,Ago - Oct,242.22706700000003
2024,Total nacional,Formal,Actividades inmobiliarias,Sep - Nov,242.48026700000003
2024,Total nacional,Formal,Actividades inmobiliarias,Oct - Dic,275.2390096666666
2024,Total nacional,Formal,Actividades inmobiliarias,Nov - Ene,287.681314
2024,Total nacional,Formal,Actividades inmobiliarias,Dic - Feb,270.468984
2025,Total nacional,Formal,Actividades inmobiliarias,Ene - Mar,253.937345
2025,Total nacional,Formal,Actividades inmobiliarias,Feb - Abr,239.036209
2025,Total nacional,Formal,Actividades inmobiliarias,Mar - May,272.408863
2025,Total nacional,Formal,Actividades inmobiliarias,Abr - Jun,268.738293
2025,Total nacional,Formal,Actividades inmobiliarias,May - Jul,285.859446
2025,Total nacional,Formal,Actividades inmobiliarias,Jun - Ago,287.93223
2025,Total nacional,Formal,Actividades inmobiliarias,Jul - Sep,276.618663
2025,Total nacional,Formal,Actividades inmobiliarias,Ago - Oct,262.775535
2025,Total nacional,Formal,Actividades inmobiliarias,Sep - Nov,257.813868
2025,Total nacional,Formal,Actividades inmobiliarias,Oct - Dic,281.602815
2025,Total nacional,Formal,Actividades inmobiliarias,Nov - Ene,291.192938
2025,Total nacional,Formal,Actividades inmobiliarias,Dic - Feb,262.037751
2026,Total nacional,Formal,Actividades inmobiliarias,Ene - Mar,258.772969
2026,Total nacional,Formal,Actividades inmobiliarias,Feb - Abr,256.986491
2021,Total nacional,Formal,"Actividades profesionales, científicas, técnicas y de servicios administrativos",Ene - Mar,914.583491
2021,Total nacional,Formal,"Actividades profesionales, científicas, técnicas y de servicios administrativos",Feb - Abr,934.8304899999999
2021,Total nacional,Formal,"Actividades profesionales, científicas, técnicas y de servicios administrativos",Mar - May,903.9759346666666
2021,Total nacional,Formal,"Actividades profesionales, científicas, técnicas y de servicios administrativos",Abr - Jun,897.4983636666666
2021,Total nacional,Formal,"Actividades profesionales, científicas, técnicas y de servicios administrativos",May - Jul,890.620209
2021,Total nacional,Formal,"Actividades profesionales, científicas, técnicas y de servicios administrativos",Jun - Ago,880.1727586666666
2021,Total nacional,Formal,"Actividades profesionales, científicas, técnicas y de servicios administrativos",Jul - Sep,889.591395
2021,Total nacional,Formal,"Actividades profesionales, científicas, técnicas y de servicios administrativos",Ago - Oct,888.1367263333333
2021,Total nacional,Formal,"Actividades profesionales, científicas, técnicas y de servicios administrativos",Sep - Nov,919.7218486666667
2021,Total nacional,Formal,"Actividades profesionales, científicas, técnicas y de servicios administrativos",Oct - Dic,971.4687636666667
2021,Total nacional,Formal,"Actividades profesionales, científicas, técnicas y de servicios administrativos",Nov - Ene,973.705942
2021,Total nacional,Formal,"Actividades profesionales, científicas, técnicas y de servicios administrativos",Dic - Feb,978.1408696666667
2022,Total nacional,Formal,"Actividades profesionales, científicas, técnicas y de servicios administrativos",Ene - Mar,906.3884370000001
2022,Total nacional,Formal,"Actividades profesionales, científicas, técnicas y de servicios administrativos",Feb - Abr,908.7837063333333
2022,Total nacional,Formal,"Actividades profesionales, científicas, técnicas y de servicios administrativos",Mar - May,885.838758
2022,Total nacional,Formal,"Actividades profesionales, científicas, técnicas y de servicios administrativos",Abr - Jun,879.65825
2022,Total nacional,Formal,"Actividades profesionales, científicas, técnicas y de servicios administrativos",May - Jul,891.7959879999999
2022,Total nacional,Formal,"Actividades profesionales, científicas, técnicas y de servicios administrativos",Jun - Ago,901.4972753333333
2022,Total nacional,Formal,"Actividades profesionales, científicas, técnicas y de servicios administrativos",Jul - Sep,937.6829353333334
2022,Total nacional,Formal,"Actividades profesionales, científicas, técnicas y de servicios administrativos",Ago - Oct,931.4523136666667
2022,Total nacional,Formal,"Actividades profesionales, científicas, técnicas y de servicios administrativos",Sep - Nov,928.8087650000001
2022,Total nacional,Formal,"Actividades profesionales, científicas, técnicas y de servicios administrativos",Oct - Dic,935.574551
2022,Total nacional,Formal,"Actividades profesionales, científicas, técnicas y de servicios administrativos",Nov - Ene,973.7283523333334
2022,Total nacional,Formal,"Actividades profesionales, científicas, técnicas y de servicios administrativos",Dic - Feb,968.5918760000001
2023,Total nacional,Formal,"Actividades profesionales, científicas, técnicas y de servicios administrativos",Ene - Mar,962.766127
2023,Total nacional,Formal,"Actividades profesionales, científicas, técnicas y de servicios administrativos",Feb - Abr,909.5000180000001
2023,Total nacional,Formal,"Actividades profesionales, científicas, técnicas y de servicios administrativos",Mar - May,912.0374660000001
2023,Total nacional,Formal,"Actividades profesionales, científicas, técnicas y de servicios administrativos",Abr - Jun,928.3473596666666
2023,Total nacional,Formal,"Actividades profesionales, científicas, técnicas y de servicios administrativos",May - Jul,931.1875896666667
2023,Total nacional,Formal,"Actividades profesionales, científicas, técnicas y de servicios administrativos",Jun - Ago,959.177564
2023,Total nacional,Formal,"Actividades profesionales, científicas, técnicas y de servicios administrativos",Jul - Sep,923.273036
2023,Total nacional,Formal,"Actividades profesionales, científicas, técnicas y de servicios administrativos",Ago - Oct,943.3192556666668
2023,Total nacional,Formal,"Actividades profesionales, científicas, técnicas y de servicios administrativos",Sep - Nov,952.345275
2023,Total nacional,Formal,"Actividades profesionales, científicas, técnicas y de servicios administrativos",Oct - Dic,1000.2711576666667
2023,Total nacional,Formal,"Actividades profesionales, científicas, técnicas y de servicios administrativos",Nov - Ene,992.5406196666667
2023,Total nacional,Formal,"Actividades profesionales, científicas, técnicas y de servicios administrativos",Dic - Feb,928.4149886666668
2024,Total nacional,Formal,"Actividades profesionales, científicas, técnicas y de servicios administrativos",Ene - Mar,907.0847386666666
2024,Total nacional,Formal,"Actividades profesionales, científicas, técnicas y de servicios administrativos",Feb - Abr,918.9042593333334
2024,Total nacional,Formal,"Actividades profesionales, científicas, técnicas y de servicios administrativos",Mar - May,947.7031076666667
2024,Total nacional,Formal,"Actividades profesionales, científicas, técnicas y de servicios administrativos",Abr - Jun,936.2224426666667
2024,Total nacional,Formal,"Actividades profesionales, científicas, técnicas y de servicios administrativos",May - Jul,936.9795913333332
2024,Total nacional,Formal,"Actividades profesionales, científicas, técnicas y de servicios administrativos",Jun - Ago,944.0315140000001
2024,Total nacional,Formal,"Actividades profesionales, científicas, técnicas y de servicios administrativos",Jul - Sep,979.7275183333333
2024,Total nacional,Formal,"Actividades profesionales, científicas, técnicas y de servicios administrativos",Ago - Oct,958.2213820000001
2024,Total nacional,Formal,"Actividades profesionales, científicas, técnicas y de servicios administrativos",Sep - Nov,949.6485353333333
2024,Total nacional,Formal,"Actividades profesionales, científicas, técnicas y de servicios administrativos",Oct - Dic,897.8942093333334
2024,Total nacional,Formal,"Actividades profesionales, científicas, técnicas y de servicios administrativos",Nov - Ene,889.346715
2024,Total nacional,Formal,"Actividades profesionales, científicas, técnicas y de servicios administrativos",Dic - Feb,860.561784
2025,Total nacional,Formal,"Actividades profesionales, científicas, técnicas y de servicios administrativos",Ene - Mar,882.185558
2025,Total nacional,Formal,"Actividades profesionales, científicas, técnicas y de servicios administrativos",Feb - Abr,903.528817
2025,Total nacional,Formal,"Actividades profesionales, científicas, técnicas y de servicios administrativos",Mar - May,931.901247
2025,Total nacional,Formal,"Actividades profesionales, científicas, técnicas y de servicios administrativos",Abr - Jun,941.971116
2025,Total nacional,Formal,"Actividades profesionales, científicas, técnicas y de servicios administrativos",May - Jul,961.836319
2025,Total nacional,Formal,"Actividades profesionales, científicas, técnicas y de servicios administrativos",Jun - Ago,929.144995
2025,Total nacional,Formal,"Actividades profesionales, científicas, técnicas y de servicios administrativos",Jul - Sep,914.050532
2025,Total nacional,Formal,"Actividades profesionales, científicas, técnicas y de servicios administrativos",Ago - Oct,889.897604
2025,Total nacional,Formal,"Actividades profesionales, científicas, técnicas y de servicios administrativos",Sep - Nov,933.785923
2025,Total nacional,Formal,"Actividades profesionales, científicas, técnicas y de servicios administrativos",Oct - Dic,952.872693
2025,Total nacional,Formal,"Actividades profesionales, científicas, técnicas y de servicios administrativos",Nov - Ene,964.983497
2025,Total nacional,Formal,"Actividades profesionales, científicas, técnicas y de servicios administrativos",Dic - Feb,990.305658
2026,Total nacional,Formal,"Actividades profesionales, científicas, técnicas y de servicios administrativos",Ene - Mar,975.927537
2026,Total nacional,Formal,"Actividades profesionales, científicas, técnicas y de servicios administrativos",Feb - Abr,975.893235
2021,Total nacional,Formal,"Administración pública y defensa, educación y atención de la salud humana",Ene - Mar,2047.3673186666667
2021,Total nacional,Formal,"Administración pública y defensa, educación y atención de la salud humana",Feb - Abr,2105.1965656666666
2021,Total nacional,Formal,"Administración pública y defensa, educación y atención de la salud humana",Mar - May,2112.739823666667
2021,Total nacional,Formal,"Administración pública y defensa, educación y atención de la salud humana",Abr - Jun,2133.9356613333334
2021,Total nacional,Formal,"Administración pública y defensa, educación y atención de la salud humana",May - Jul,2107.7824233333336
2021,Total nacional,Formal,"Administración pública y defensa, educación y atención de la salud humana",Jun - Ago,2083.0881090000003
2021,Total nacional,Formal,"Administración pública y defensa, educación y atención de la salud humana",Jul - Sep,2102.1150586666668
2021,Total nacional,Formal,"Administración pública y defensa, educación y atención de la salud humana",Ago - Oct,2101.7873306666665
2021,Total nacional,Formal,"Administración pública y defensa, educación y atención de la salud humana",Sep - Nov,2147.875112333333
2021,Total nacional,Formal,"Administración pública y defensa, educación y atención de la salud humana",Oct - Dic,2149.4235919999996
2021,Total nacional,Formal,"Administración pública y defensa, educación y atención de la salud humana",Nov - Ene,2173.88258
2021,Total nacional,Formal,"Administración pública y defensa, educación y atención de la salud humana",Dic - Feb,2143.9069923333336
2022,Total nacional,Formal,"Administración pública y defensa, educación y atención de la salud humana",Ene - Mar,2190.129066
2022,Total nacional,Formal,"Administración pública y defensa, educación y atención de la salud humana",Feb - Abr,2229.6381406666665
2022,Total nacional,Formal,"Administración pública y defensa, educación y atención de la salud humana",Mar - May,2320.574673333333
2022,Total nacional,Formal,"Administración pública y defensa, educación y atención de la salud humana",Abr - Jun,2311.313808
2022,Total nacional,Formal,"Administración pública y defensa, educación y atención de la salud humana",May - Jul,2313.582785333333
2022,Total nacional,Formal,"Administración pública y defensa, educación y atención de la salud humana",Jun - Ago,2263.755555333333
2022,Total nacional,Formal,"Administración pública y defensa, educación y atención de la salud humana",Jul - Sep,2263.261744
2022,Total nacional,Formal,"Administración pública y defensa, educación y atención de la salud humana",Ago - Oct,2253.3295613333335
2022,Total nacional,Formal,"Administración pública y defensa, educación y atención de la salud humana",Sep - Nov,2284.9614420000003
2022,Total nacional,Formal,"Administración pública y defensa, educación y atención de la salud humana",Oct - Dic,2309.7188293333334
2022,Total nacional,Formal,"Administración pública y defensa, educación y atención de la salud humana",Nov - Ene,2227.9225526666664
2022,Total nacional,Formal,"Administración pública y defensa, educación y atención de la salud humana",Dic - Feb,2176.6326526666667
2023,Total nacional,Formal,"Administración pública y defensa, educación y atención de la salud humana",Ene - Mar,2239.719767666667
2023,Total nacional,Formal,"Administración pública y defensa, educación y atención de la salud humana",Feb - Abr,2406.558104333333
2023,Total nacional,Formal,"Administración pública y defensa, educación y atención de la salud humana",Mar - May,2451.603919333333
2023,Total nacional,Formal,"Administración pública y defensa, educación y atención de la salud humana",Abr - Jun,2462.4220363333334
2023,Total nacional,Formal,"Administración pública y defensa, educación y atención de la salud humana",May - Jul,2421.240674
2023,Total nacional,Formal,"Administración pública y defensa, educación y atención de la salud humana",Jun - Ago,2493.201594333333
2023,Total nacional,Formal,"Administración pública y defensa, educación y atención de la salud humana",Jul - Sep,2484.1785773333336
2023,Total nacional,Formal,"Administración pública y defensa, educación y atención de la salud humana",Ago - Oct,2524.606433333334
2023,Total nacional,Formal,"Administración pública y defensa, educación y atención de la salud humana",Sep - Nov,2456.439824
2023,Total nacional,Formal,"Administración pública y defensa, educación y atención de la salud humana",Oct - Dic,2421.0824049999997
2023,Total nacional,Formal,"Administración pública y defensa, educación y atención de la salud humana",Nov - Ene,2310.919243
2023,Total nacional,Formal,"Administración pública y defensa, educación y atención de la salud humana",Dic - Feb,2282.5117056666663
2024,Total nacional,Formal,"Administración pública y defensa, educación y atención de la salud humana",Ene - Mar,2295.9180109999998
2024,Total nacional,Formal,"Administración pública y defensa, educación y atención de la salud humana",Feb - Abr,2402.206426
2024,Total nacional,Formal,"Administración pública y defensa, educación y atención de la salud humana",Mar - May,2447.491833
2024,Total nacional,Formal,"Administración pública y defensa, educación y atención de la salud humana",Abr - Jun,2409.8014463333334
2024,Total nacional,Formal,"Administración pública y defensa, educación y atención de la salud humana",May - Jul,2422.989126666667
2024,Total nacional,Formal,"Administración pública y defensa, educación y atención de la salud humana",Jun - Ago,2437.7829626666667
2024,Total nacional,Formal,"Administración pública y defensa, educación y atención de la salud humana",Jul - Sep,2497.8380506666667
2024,Total nacional,Formal,"Administración pública y defensa, educación y atención de la salud humana",Ago - Oct,2456.885469333333
2024,Total nacional,Formal,"Administración pública y defensa, educación y atención de la salud humana",Sep - Nov,2497.535961
2024,Total nacional,Formal,"Administración pública y defensa, educación y atención de la salud humana",Oct - Dic,2484.689045333333
2024,Total nacional,Formal,"Administración pública y defensa, educación y atención de la salud humana",Nov - Ene,2447.276855
2024,Total nacional,Formal,"Administración pública y defensa, educación y atención de la salud humana",Dic - Feb,2408.589305
2025,Total nacional,Formal,"Administración pública y defensa, educación y atención de la salud humana",Ene - Mar,2358.419849
2025,Total nacional,Formal,"Administración pública y defensa, educación y atención de la salud humana",Feb - Abr,2503.022019
2025,Total nacional,Formal,"Administración pública y defensa, educación y atención de la salud humana",Mar - May,2502.193666
2025,Total nacional,Formal,"Administración pública y defensa, educación y atención de la salud humana",Abr - Jun,2600.310205
2025,Total nacional,Formal,"Administración pública y defensa, educación y atención de la salud humana",May - Jul,2536.25609
2025,Total nacional,Formal,"Administración pública y defensa, educación y atención de la salud humana",Jun - Ago,2597.502276
2025,Total nacional,Formal,"Administración pública y defensa, educación y atención de la salud humana",Jul - Sep,2618.973063
2025,Total nacional,Formal,"Administración pública y defensa, educación y atención de la salud humana",Ago - Oct,2632.944695
2025,Total nacional,Formal,"Administración pública y defensa, educación y atención de la salud humana",Sep - Nov,2619.303029
2025,Total nacional,Formal,"Administración pública y defensa, educación y atención de la salud humana",Oct - Dic,2586.300545
2025,Total nacional,Formal,"Administración pública y defensa, educación y atención de la salud humana",Nov - Ene,2557.505977
2025,Total nacional,Formal,"Administración pública y defensa, educación y atención de la salud humana",Dic - Feb,2589.55975
2026,Total nacional,Formal,"Administración pública y defensa, educación y atención de la salud humana",Ene - Mar,2625.169711
2026,Total nacional,Formal,"Administración pública y defensa, educación y atención de la salud humana",Feb - Abr,2782.786314
2021,Total nacional,Formal,"Actividades artísticas, entretenimiento, recreación y otras actividades de servicios",Ene - Mar,313.2651536666667
2021,Total nacional,Formal,"Actividades artísticas, entretenimiento, recreación y otras actividades de servicios",Feb - Abr,304.09949166666667
2021,Total nacional,Formal,"Actividades artísticas, entretenimiento, recreación y otras actividades de servicios",Mar - May,322.93158466666665
2021,Total nacional,Formal,"Actividades artísticas, entretenimiento, recreación y otras actividades de servicios",Abr - Jun,313.9547626666667
2021,Total nacional,Formal,"Actividades artísticas, entretenimiento, recreación y otras actividades de servicios",May - Jul,334.722293
2021,Total nacional,Formal,"Actividades artísticas, entretenimiento, recreación y otras actividades de servicios",Jun - Ago,338.737197
2021,Total nacional,Formal,"Actividades artísticas, entretenimiento, recreación y otras actividades de servicios",Jul - Sep,370.5312533333333
2021,Total nacional,Formal,"Actividades artísticas, entretenimiento, recreación y otras actividades de servicios",Ago - Oct,371.8330056666667
2021,Total nacional,Formal,"Actividades artísticas, entretenimiento, recreación y otras actividades de servicios",Sep - Nov,387.260589
2021,Total nacional,Formal,"Actividades artísticas, entretenimiento, recreación y otras actividades de servicios",Oct - Dic,381.323044
2021,Total nacional,Formal,"Actividades artísticas, entretenimiento, recreación y otras actividades de servicios",Nov - Ene,397.65929566666665
2021,Total nacional,Formal,"Actividades artísticas, entretenimiento, recreación y otras actividades de servicios",Dic - Feb,391.76943966666664
2022,Total nacional,Formal,"Actividades artísticas, entretenimiento, recreación y otras actividades de servicios",Ene - Mar,410.306678
2022,Total nacional,Formal,"Actividades artísticas, entretenimiento, recreación y otras actividades de servicios",Feb - Abr,430.59415733333327
2022,Total nacional,Formal,"Actividades artísticas, entretenimiento, recreación y otras actividades de servicios",Mar - May,463.76257699999996
2022,Total nacional,Formal,"Actividades artísticas, entretenimiento, recreación y otras actividades de servicios",Abr - Jun,459.038432
2022,Total nacional,Formal,"Actividades artísticas, entretenimiento, recreación y otras actividades de servicios",May - Jul,444.298282
2022,Total nacional,Formal,"Actividades artísticas, entretenimiento, recreación y otras actividades de servicios",Jun - Ago,449.7480626666667
2022,Total nacional,Formal,"Actividades artísticas, entretenimiento, recreación y otras actividades de servicios",Jul - Sep,452.2065783333333
2022,Total nacional,Formal,"Actividades artísticas, entretenimiento, recreación y otras actividades de servicios",Ago - Oct,457.6844733333333
2022,Total nacional,Formal,"Actividades artísticas, entretenimiento, recreación y otras actividades de servicios",Sep - Nov,445.249034
2022,Total nacional,Formal,"Actividades artísticas, entretenimiento, recreación y otras actividades de servicios",Oct - Dic,482.3770326666666
2022,Total nacional,Formal,"Actividades artísticas, entretenimiento, recreación y otras actividades de servicios",Nov - Ene,500.62698433333327
2022,Total nacional,Formal,"Actividades artísticas, entretenimiento, recreación y otras actividades de servicios",Dic - Feb,506.64836399999996
2023,Total nacional,Formal,"Actividades artísticas, entretenimiento, recreación y otras actividades de servicios",Ene - Mar,477.9285916666667
2023,Total nacional,Formal,"Actividades artísticas, entretenimiento, recreación y otras actividades de servicios",Feb - Abr,485.1293106666667
2023,Total nacional,Formal,"Actividades artísticas, entretenimiento, recreación y otras actividades de servicios",Mar - May,482.52953866666667
2023,Total nacional,Formal,"Actividades artísticas, entretenimiento, recreación y otras actividades de servicios",Abr - Jun,498.4582229999999
2023,Total nacional,Formal,"Actividades artísticas, entretenimiento, recreación y otras actividades de servicios",May - Jul,500.3629
2023,Total nacional,Formal,"Actividades artísticas, entretenimiento, recreación y otras actividades de servicios",Jun - Ago,519.3904566666666
2023,Total nacional,Formal,"Actividades artísticas, entretenimiento, recreación y otras actividades de servicios",Jul - Sep,525.7071296666667
2023,Total nacional,Formal,"Actividades artísticas, entretenimiento, recreación y otras actividades de servicios",Ago - Oct,521.532835
2023,Total nacional,Formal,"Actividades artísticas, entretenimiento, recreación y otras actividades de servicios",Sep - Nov,548.295544
2023,Total nacional,Formal,"Actividades artísticas, entretenimiento, recreación y otras actividades de servicios",Oct - Dic,554.0840703333333
2023,Total nacional,Formal,"Actividades artísticas, entretenimiento, recreación y otras actividades de servicios",Nov - Ene,574.655305
2023,Total nacional,Formal,"Actividades artísticas, entretenimiento, recreación y otras actividades de servicios",Dic - Feb,540.4806166666667
2024,Total nacional,Formal,"Actividades artísticas, entretenimiento, recreación y otras actividades de servicios",Ene - Mar,535.992214
2024,Total nacional,Formal,"Actividades artísticas, entretenimiento, recreación y otras actividades de servicios",Feb - Abr,502.10926233333333
2024,Total nacional,Formal,"Actividades artísticas, entretenimiento, recreación y otras actividades de servicios",Mar - May,512.2678383333333
2024,Total nacional,Formal,"Actividades artísticas, entretenimiento, recreación y otras actividades de servicios",Abr - Jun,495.034361
2024,Total nacional,Formal,"Actividades artísticas, entretenimiento, recreación y otras actividades de servicios",May - Jul,516.5721863333333
2024,Total nacional,Formal,"Actividades artísticas, entretenimiento, recreación y otras actividades de servicios",Jun - Ago,538.317503
2024,Total nacional,Formal,"Actividades artísticas, entretenimiento, recreación y otras actividades de servicios",Jul - Sep,562.9555986666666
2024,Total nacional,Formal,"Actividades artísticas, entretenimiento, recreación y otras actividades de servicios",Ago - Oct,565.3397473333333
2024,Total nacional,Formal,"Actividades artísticas, entretenimiento, recreación y otras actividades de servicios",Sep - Nov,542.3413246666668
2024,Total nacional,Formal,"Actividades artísticas, entretenimiento, recreación y otras actividades de servicios",Oct - Dic,537.1251976666666
2024,Total nacional,Formal,"Actividades artísticas, entretenimiento, recreación y otras actividades de servicios",Nov - Ene,535.647112
2024,Total nacional,Formal,"Actividades artísticas, entretenimiento, recreación y otras actividades de servicios",Dic - Feb,511.970904
2025,Total nacional,Formal,"Actividades artísticas, entretenimiento, recreación y otras actividades de servicios",Ene - Mar,499.728972
2025,Total nacional,Formal,"Actividades artísticas, entretenimiento, recreación y otras actividades de servicios",Feb - Abr,499.223964
2025,Total nacional,Formal,"Actividades artísticas, entretenimiento, recreación y otras actividades de servicios",Mar - May,526.524845
2025,Total nacional,Formal,"Actividades artísticas, entretenimiento, recreación y otras actividades de servicios",Abr - Jun,535.32516
2025,Total nacional,Formal,"Actividades artísticas, entretenimiento, recreación y otras actividades de servicios",May - Jul,543.853078
2025,Total nacional,Formal,"Actividades artísticas, entretenimiento, recreación y otras actividades de servicios",Jun - Ago,539.330811
2025,Total nacional,Formal,"Actividades artísticas, entretenimiento, recreación y otras actividades de servicios",Jul - Sep,548.625638
2025,Total nacional,Formal,"Actividades artísticas, entretenimiento, recreación y otras actividades de servicios",Ago - Oct,539.632472
2025,Total nacional,Formal,"Actividades artísticas, entretenimiento, recreación y otras actividades de servicios",Sep - Nov,548.498206
2025,Total nacional,Formal,"Actividades artísticas, entretenimiento, recreación y otras actividades de servicios",Oct - Dic,554.217293
2025,Total nacional,Formal,"Actividades artísticas, entretenimiento, recreación y otras actividades de servicios",Nov - Ene,556.740702
2025,Total nacional,Formal,"Actividades artísticas, entretenimiento, recreación y otras actividades de servicios",Dic - Feb,547.467203
2026,Total nacional,Formal,"Actividades artísticas, entretenimiento, recreación y otras actividades de servicios",Ene - Mar,538.478155
2026,Total nacional,Formal,"Actividades artísticas, entretenimiento, recreación y otras actividades de servicios",Feb - Abr,551.274076
2021,Total nacional,Informal,Informal,Ene - Mar,12001.55655
2021,Total nacional,Informal,Informal,Feb - Abr,12094.802355666665
2021,Total nacional,Informal,Informal,Mar - May,11874.353662333333
2021,Total nacional,Informal,Informal,Abr - Jun,11809.811104
2021,Total nacional,Informal,Informal,May - Jul,11921.085153666665
2021,Total nacional,Informal,Informal,Jun - Ago,12142.199809666665
2021,Total nacional,Informal,Informal,Jul - Sep,12178.707161999999
2021,Total nacional,Informal,Informal,Ago - Oct,12312.091496333334
2021,Total nacional,Informal,Informal,Sep - Nov,12311.780958666668
2021,Total nacional,Informal,Informal,Oct - Dic,12496.108545333334
2021,Total nacional,Informal,Informal,Nov - Ene,12275.717234999998
2021,Total nacional,Informal,Informal,Dic - Feb,12424.555634999999
2022,Total nacional,Informal,Informal,Ene - Mar,12481.013219
2022,Total nacional,Informal,Informal,Feb - Abr,12799.852262333334
2022,Total nacional,Informal,Informal,Mar - May,12730.840537333332
2022,Total nacional,Informal,Informal,Abr - Jun,12734.958284666667
2022,Total nacional,Informal,Informal,May - Jul,12766.893888333332
2022,Total nacional,Informal,Informal,Jun - Ago,12783.784671333333
2022,Total nacional,Informal,Informal,Jul - Sep,12883.773950333334
2022,Total nacional,Informal,Informal,Ago - Oct,12949.919508666666
2022,Total nacional,Informal,Informal,Sep - Nov,13044.292388666669
2022,Total nacional,Informal,Informal,Oct - Dic,12965.073846666666
2022,Total nacional,Informal,Informal,Nov - Ene,12769.766245
2022,Total nacional,Informal,Informal,Dic - Feb,12757.689636333334
2023,Total nacional,Informal,Informal,Ene - Mar,12897.122399
2023,Total nacional,Informal,Informal,Feb - Abr,12982.818312666664
2023,Total nacional,Informal,Informal,Mar - May,12856.737207
2023,Total nacional,Informal,Informal,Abr - Jun,12700.309772666666
2023,Total nacional,Informal,Informal,May - Jul,12824.349602
2023,Total nacional,Informal,Informal,Jun - Ago,12946.561942333332
2023,Total nacional,Informal,Informal,Jul - Sep,12986.333862
2023,Total nacional,Informal,Informal,Ago - Oct,12876.384211999999
2023,Total nacional,Informal,Informal,Sep - Nov,12825.963076
2023,Total nacional,Informal,Informal,Oct - Dic,12792.781065666668
2023,Total nacional,Informal,Informal,Nov - Ene,12637.433285333333
2023,Total nacional,Informal,Informal,Dic - Feb,12645.046650666665
2024,Total nacional,Informal,Informal,Ene - Mar,12594.984881333336
2024,Total nacional,Informal,Informal,Feb - Abr,12755.663953333331
2024,Total nacional,Informal,Informal,Mar - May,12755.769436
2024,Total nacional,Informal,Informal,Abr - Jun,12795.712739666667
2024,Total nacional,Informal,Informal,May - Jul,12879.178965
2024,Total nacional,Informal,Informal,Jun - Ago,12976.923639666667
2024,Total nacional,Informal,Informal,Jul - Sep,12997.165208666667
2024,Total nacional,Informal,Informal,Ago - Oct,12975.549089333334
2024,Total nacional,Informal,Informal,Sep - Nov,12951.693305666668
2024,Total nacional,Informal,Informal,Oct - Dic,13123.222070666665
2024,Total nacional,Informal,Informal,Nov - Ene,13098.148286
2024,Total nacional,Informal,Informal,Dic - Feb,13260.921476
2025,Total nacional,Informal,Informal,Ene - Mar,13353.986936
2025,Total nacional,Informal,Informal,Feb - Abr,13388.672717
2025,Total nacional,Informal,Informal,Mar - May,13219.455199
2025,Total nacional,Informal,Informal,Abr - Jun,13018.4283
2025,Total nacional,Informal,Informal,May - Jul,13075.14319
2025,Total nacional,Informal,Informal,Jun - Ago,13157.487706
2025,Total nacional,Informal,Informal,Jul - Sep,13147.757827
2025,Total nacional,Informal,Informal,Ago - Oct,13325.525561
2025,Total nacional,Informal,Informal,Sep - Nov,13450.283069
2025,Total nacional,Informal,Informal,Oct - Dic,13585.313668
2025,Total nacional,Informal,Informal,Nov - Ene,13289.432426
2025,Total nacional,Informal,Informal,Dic - Feb,13188.476735
2026,Total nacional,Informal,Informal,Ene - Mar,13218.2902
2026,Total nacional,Informal,Informal,Feb - Abr,13344.835103
2021,Total nacional,Informal,No informa,Ene - Mar,25.904148666666668
2021,Total nacional,Informal,No informa,Feb - Abr,18.02527033333333
2021,Total nacional,Informal,No informa,Mar - May,11.619661333333333
2021,Total nacional,Informal,No informa,Abr - Jun,1.988437
2021,Total nacional,Informal,No informa,May - Jul,1.7115086666666668
2021,Total nacional,Informal,No informa,Jun - Ago,0.027577
2021,Total nacional,Informal,No informa,Jul - Sep,0.027577
2021,Total nacional,Informal,No informa,Ago - Oct,0.4045256666666666
2021,Total nacional,Informal,No informa,Sep - Nov,23.345302000000004
2021,Total nacional,Informal,No informa,Oct - Dic,27.34960533333334
2021,Total nacional,Informal,No informa,Nov - Ene,30.042824000000007
2021,Total nacional,Informal,No informa,Dic - Feb,7.373577333333333
2022,Total nacional,Informal,No informa,Ene - Mar,3.4090613333333337
2022,Total nacional,Informal,No informa,Feb - Abr,3.210084333333333
2022,Total nacional,Informal,No informa,Mar - May,3.090641666666667
2022,Total nacional,Informal,No informa,Abr - Jun,3.0508543333333336
2022,Total nacional,Informal,No informa,May - Jul,0.17966400000000002
2022,Total nacional,Informal,No informa,Jun - Ago,0.0
2022,Total nacional,Informal,No informa,Jul - Sep,1.3210346666666666
2022,Total nacional,Informal,No informa,Ago - Oct,1.7494483333333335
2022,Total nacional,Informal,No informa,Sep - Nov,2.0977490000000003
2022,Total nacional,Informal,No informa,Oct - Dic,0.7767143333333334
2022,Total nacional,Informal,No informa,Nov - Ene,0.7597659999999999
2022,Total nacional,Informal,No informa,Dic - Feb,0.41146533333333335
2023,Total nacional,Informal,No informa,Ene - Mar,0.7383886666666667
2023,Total nacional,Informal,No informa,Feb - Abr,0.32692333333333334
2023,Total nacional,Informal,No informa,Mar - May,0.356131
2023,Total nacional,Informal,No informa,Abr - Jun,0.20865666666666668
2023,Total nacional,Informal,No informa,May - Jul,0.20865666666666668
2023,Total nacional,Informal,No informa,Jun - Ago,0.179449
2023,Total nacional,Informal,No informa,Jul - Sep,0.544812
2023,Total nacional,Informal,No informa,Ago - Oct,0.672457
2023,Total nacional,Informal,No informa,Sep - Nov,1.4090546666666668
2023,Total nacional,Informal,No informa,Oct - Dic,1.3638106666666667
2023,Total nacional,Informal,No informa,Nov - Ene,1.2361656666666667
2023,Total nacional,Informal,No informa,Dic - Feb,0.499568
2024,Total nacional,Informal,No informa,Ene - Mar,0.0
2024,Total nacional,Informal,No informa,Feb - Abr,0.0
2024,Total nacional,Informal,No informa,Mar - May,0.12193733333333334
2024,Total nacional,Informal,No informa,Abr - Jun,0.12193733333333334
2024,Total nacional,Informal,No informa,May - Jul,0.12193733333333334
2024,Total nacional,Informal,No informa,Jun - Ago,0.0
2024,Total nacional,Informal,No informa,Jul - Sep,0.0
2024,Total nacional,Informal,No informa,Ago - Oct,0.0
2024,Total nacional,Informal,No informa,Sep - Nov,0.051332333333333334
2024,Total nacional,Informal,No informa,Oct - Dic,0.051332333333333334
2024,Total nacional,Informal,No informa,Nov - Ene,0.077944
2024,Total nacional,Informal,No informa,Dic - Feb,0.480519
2025,Total nacional,Informal,No informa,Ene - Mar,0.480519
2025,Total nacional,Informal,No informa,Feb - Abr,0.453908
2025,Total nacional,Informal,No informa,Mar - May,0.0
2025,Total nacional,Informal,No informa,Abr - Jun,0.0
2025,Total nacional,Informal,No informa,May - Jul,0.0
2025,Total nacional,Informal,No informa,Jun - Ago,0.069714
2025,Total nacional,Informal,No informa,Jul - Sep,0.069714
2025,Total nacional,Informal,No informa,Ago - Oct,0.069714
2025,Total nacional,Informal,No informa,Sep - Nov,0.0
2025,Total nacional,Informal,No informa,Oct - Dic,0.0
2025,Total nacional,Informal,No informa,Nov - Ene,0.0
2025,Total nacional,Informal,No informa,Dic - Feb,0.0
2026,Total nacional,Informal,No informa,Ene - Mar,0.072949
2026,Total nacional,Informal,No informa,Feb - Abr,0.116701
2021,Total nacional,Informal,"Agricultura, ganadería, caza, silvicultura y pesca",Ene - Mar,2730.3022036666666
2021,Total nacional,Informal,"Agricultura, ganadería, caza, silvicultura y pesca",Feb - Abr,2714.6478606666665
2021,Total nacional,Informal,"Agricultura, ganadería, caza, silvicultura y pesca",Mar - May,2720.0410596666666
2021,Total nacional,Informal,"Agricultura, ganadería, caza, silvicultura y pesca",Abr - Jun,2733.7819176666667
2021,Total nacional,Informal,"Agricultura, ganadería, caza, silvicultura y pesca",May - Jul,2829.626182
2021,Total nacional,Informal,"Agricultura, ganadería, caza, silvicultura y pesca",Jun - Ago,2873.291568666666
2021,Total nacional,Informal,"Agricultura, ganadería, caza, silvicultura y pesca",Jul - Sep,2837.276053
2021,Total nacional,Informal,"Agricultura, ganadería, caza, silvicultura y pesca",Ago - Oct,2785.152901
2021,Total nacional,Informal,"Agricultura, ganadería, caza, silvicultura y pesca",Sep - Nov,2746.6769776666665
2021,Total nacional,Informal,"Agricultura, ganadería, caza, silvicultura y pesca",Oct - Dic,2757.6736226666667
2021,Total nacional,Informal,"Agricultura, ganadería, caza, silvicultura y pesca",Nov - Ene,2673.5759246666667
2021,Total nacional,Informal,"Agricultura, ganadería, caza, silvicultura y pesca",Dic - Feb,2689.531354333333
2022,Total nacional,Informal,"Agricultura, ganadería, caza, silvicultura y pesca",Ene - Mar,2754.0739886666665
2022,Total nacional,Informal,"Agricultura, ganadería, caza, silvicultura y pesca",Feb - Abr,2833.6212629999995
2022,Total nacional,Informal,"Agricultura, ganadería, caza, silvicultura y pesca",Mar - May,2889.3388543333335
2022,Total nacional,Informal,"Agricultura, ganadería, caza, silvicultura y pesca",Abr - Jun,2815.755685
2022,Total nacional,Informal,"Agricultura, ganadería, caza, silvicultura y pesca",May - Jul,2845.9393823333335
2022,Total nacional,Informal,"Agricultura, ganadería, caza, silvicultura y pesca",Jun - Ago,2804.7687906666665
2022,Total nacional,Informal,"Agricultura, ganadería, caza, silvicultura y pesca",Jul - Sep,2866.3563616666665
2022,Total nacional,Informal,"Agricultura, ganadería, caza, silvicultura y pesca",Ago - Oct,2889.191057
2022,Total nacional,Informal,"Agricultura, ganadería, caza, silvicultura y pesca",Sep - Nov,2887.3436746666666
2022,Total nacional,Informal,"Agricultura, ganadería, caza, silvicultura y pesca",Oct - Dic,2803.1435399999996
2022,Total nacional,Informal,"Agricultura, ganadería, caza, silvicultura y pesca",Nov - Ene,2703.7646056666667
2022,Total nacional,Informal,"Agricultura, ganadería, caza, silvicultura y pesca",Dic - Feb,2724.8133233333333
2023,Total nacional,Informal,"Agricultura, ganadería, caza, silvicultura y pesca",Ene - Mar,2869.8063230000002
2023,Total nacional,Informal,"Agricultura, ganadería, caza, silvicultura y pesca",Feb - Abr,2949.3745889999996
2023,Total nacional,Informal,"Agricultura, ganadería, caza, silvicultura y pesca",Mar - May,2946.3923386666665
2023,Total nacional,Informal,"Agricultura, ganadería, caza, silvicultura y pesca",Abr - Jun,2833.423782
2023,Total nacional,Informal,"Agricultura, ganadería, caza, silvicultura y pesca",May - Jul,2842.3867943333335
2023,Total nacional,Informal,"Agricultura, ganadería, caza, silvicultura y pesca",Jun - Ago,2851.934038
2023,Total nacional,Informal,"Agricultura, ganadería, caza, silvicultura y pesca",Jul - Sep,2876.9955873333333
2023,Total nacional,Informal,"Agricultura, ganadería, caza, silvicultura y pesca",Ago - Oct,2852.9367373333334
2023,Total nacional,Informal,"Agricultura, ganadería, caza, silvicultura y pesca",Sep - Nov,2839.007313666667
2023,Total nacional,Informal,"Agricultura, ganadería, caza, silvicultura y pesca",Oct - Dic,2802.430201333333
2023,Total nacional,Informal,"Agricultura, ganadería, caza, silvicultura y pesca",Nov - Ene,2764.2555726666665
2023,Total nacional,Informal,"Agricultura, ganadería, caza, silvicultura y pesca",Dic - Feb,2758.3277593333332
2024,Total nacional,Informal,"Agricultura, ganadería, caza, silvicultura y pesca",Ene - Mar,2797.1704673333334
2024,Total nacional,Informal,"Agricultura, ganadería, caza, silvicultura y pesca",Feb - Abr,2832.6576033333336
2024,Total nacional,Informal,"Agricultura, ganadería, caza, silvicultura y pesca",Mar - May,2859.681685
2024,Total nacional,Informal,"Agricultura, ganadería, caza, silvicultura y pesca",Abr - Jun,2873.8147533333336
2024,Total nacional,Informal,"Agricultura, ganadería, caza, silvicultura y pesca",May - Jul,2925.058872333333
2024,Total nacional,Informal,"Agricultura, ganadería, caza, silvicultura y pesca",Jun - Ago,2942.227367
2024,Total nacional,Informal,"Agricultura, ganadería, caza, silvicultura y pesca",Jul - Sep,2960.9141163333334
2024,Total nacional,Informal,"Agricultura, ganadería, caza, silvicultura y pesca",Ago - Oct,2906.029924
2024,Total nacional,Informal,"Agricultura, ganadería, caza, silvicultura y pesca",Sep - Nov,2861.1046296666664
2024,Total nacional,Informal,"Agricultura, ganadería, caza, silvicultura y pesca",Oct - Dic,2796.0481990000003
2024,Total nacional,Informal,"Agricultura, ganadería, caza, silvicultura y pesca",Nov - Ene,2767.363759
2024,Total nacional,Informal,"Agricultura, ganadería, caza, silvicultura y pesca",Dic - Feb,2812.373519
2025,Total nacional,Informal,"Agricultura, ganadería, caza, silvicultura y pesca",Ene - Mar,2919.206403
2025,Total nacional,Informal,"Agricultura, ganadería, caza, silvicultura y pesca",Feb - Abr,2940.845718
2025,Total nacional,Informal,"Agricultura, ganadería, caza, silvicultura y pesca",Mar - May,2914.793136
2025,Total nacional,Informal,"Agricultura, ganadería, caza, silvicultura y pesca",Abr - Jun,2851.386163
2025,Total nacional,Informal,"Agricultura, ganadería, caza, silvicultura y pesca",May - Jul,2892.908368
2025,Total nacional,Informal,"Agricultura, ganadería, caza, silvicultura y pesca",Jun - Ago,2853.680363
2025,Total nacional,Informal,"Agricultura, ganadería, caza, silvicultura y pesca",Jul - Sep,2878.471075
2025,Total nacional,Informal,"Agricultura, ganadería, caza, silvicultura y pesca",Ago - Oct,2928.555021
2025,Total nacional,Informal,"Agricultura, ganadería, caza, silvicultura y pesca",Sep - Nov,3034.507165
2025,Total nacional,Informal,"Agricultura, ganadería, caza, silvicultura y pesca",Oct - Dic,2947.223023
2025,Total nacional,Informal,"Agricultura, ganadería, caza, silvicultura y pesca",Nov - Ene,2836.241787
2025,Total nacional,Informal,"Agricultura, ganadería, caza, silvicultura y pesca",Dic - Feb,2664.523004
2026,Total nacional,Informal,"Agricultura, ganadería, caza, silvicultura y pesca",Ene - Mar,2717.725048
2026,Total nacional,Informal,"Agricultura, ganadería, caza, silvicultura y pesca",Feb - Abr,2727.941439
2021,Total nacional,Informal,"Suministro de electricidad, gas, agua y gestión de desechos^",Ene - Mar,211.74099999999999
2021,Total nacional,Informal,"Suministro de electricidad, gas, agua y gestión de desechos^",Feb - Abr,228.62777200000002
2021,Total nacional,Informal,"Suministro de electricidad, gas, agua y gestión de desechos^",Mar - May,221.263247
2021,Total nacional,Informal,"Suministro de electricidad, gas, agua y gestión de desechos^",Abr - Jun,244.91393500000004
2021,Total nacional,Informal,"Suministro de electricidad, gas, agua y gestión de desechos^",May - Jul,239.561424
2021,Total nacional,Informal,"Suministro de electricidad, gas, agua y gestión de desechos^",Jun - Ago,251.38314366666668
2021,Total nacional,Informal,"Suministro de electricidad, gas, agua y gestión de desechos^",Jul - Sep,271.80290933333333
2021,Total nacional,Informal,"Suministro de electricidad, gas, agua y gestión de desechos^",Ago - Oct,290.43868333333336
2021,Total nacional,Informal,"Suministro de electricidad, gas, agua y gestión de desechos^",Sep - Nov,272.74711133333335
2021,Total nacional,Informal,"Suministro de electricidad, gas, agua y gestión de desechos^",Oct - Dic,254.43470533333334
2021,Total nacional,Informal,"Suministro de electricidad, gas, agua y gestión de desechos^",Nov - Ene,268.25658066666665
2021,Total nacional,Informal,"Suministro de electricidad, gas, agua y gestión de desechos^",Dic - Feb,287.2947443333333
2022,Total nacional,Informal,"Suministro de electricidad, gas, agua y gestión de desechos^",Ene - Mar,283.8978196666667
2022,Total nacional,Informal,"Suministro de electricidad, gas, agua y gestión de desechos^",Feb - Abr,281.8177523333333
2022,Total nacional,Informal,"Suministro de electricidad, gas, agua y gestión de desechos^",Mar - May,281.996398
2022,Total nacional,Informal,"Suministro de electricidad, gas, agua y gestión de desechos^",Abr - Jun,314.233925
2022,Total nacional,Informal,"Suministro de electricidad, gas, agua y gestión de desechos^",May - Jul,291.651984
2022,Total nacional,Informal,"Suministro de electricidad, gas, agua y gestión de desechos^",Jun - Ago,297.5724353333333
2022,Total nacional,Informal,"Suministro de electricidad, gas, agua y gestión de desechos^",Jul - Sep,291.48547966666666
2022,Total nacional,Informal,"Suministro de electricidad, gas, agua y gestión de desechos^",Ago - Oct,314.34282633333333
2022,Total nacional,Informal,"Suministro de electricidad, gas, agua y gestión de desechos^",Sep - Nov,305.57987699999995
2022,Total nacional,Informal,"Suministro de electricidad, gas, agua y gestión de desechos^",Oct - Dic,319.40399333333335
2022,Total nacional,Informal,"Suministro de electricidad, gas, agua y gestión de desechos^",Nov - Ene,320.228646
2022,Total nacional,Informal,"Suministro de electricidad, gas, agua y gestión de desechos^",Dic - Feb,322.519836
2023,Total nacional,Informal,"Suministro de electricidad, gas, agua y gestión de desechos^",Ene - Mar,259.734713
2023,Total nacional,Informal,"Suministro de electricidad, gas, agua y gestión de desechos^",Feb - Abr,238.15064833333335
2023,Total nacional,Informal,"Suministro de electricidad, gas, agua y gestión de desechos^",Mar - May,209.79560500000002
2023,Total nacional,Informal,"Suministro de electricidad, gas, agua y gestión de desechos^",Abr - Jun,246.49168066666667
2023,Total nacional,Informal,"Suministro de electricidad, gas, agua y gestión de desechos^",May - Jul,250.4730476666667
2023,Total nacional,Informal,"Suministro de electricidad, gas, agua y gestión de desechos^",Jun - Ago,254.27526066666667
2023,Total nacional,Informal,"Suministro de electricidad, gas, agua y gestión de desechos^",Jul - Sep,254.12273100000002
2023,Total nacional,Informal,"Suministro de electricidad, gas, agua y gestión de desechos^",Ago - Oct,273.54489566666666
2023,Total nacional,Informal,"Suministro de electricidad, gas, agua y gestión de desechos^",Sep - Nov,298.5190723333333
2023,Total nacional,Informal,"Suministro de electricidad, gas, agua y gestión de desechos^",Oct - Dic,311.54024266666664
2023,Total nacional,Informal,"Suministro de electricidad, gas, agua y gestión de desechos^",Nov - Ene,297.2348406666667
2023,Total nacional,Informal,"Suministro de electricidad, gas, agua y gestión de desechos^",Dic - Feb,300.3329406666667
2024,Total nacional,Informal,"Suministro de electricidad, gas, agua y gestión de desechos^",Ene - Mar,267.571388
2024,Total nacional,Informal,"Suministro de electricidad, gas, agua y gestión de desechos^",Feb - Abr,272.4078246666666
2024,Total nacional,Informal,"Suministro de electricidad, gas, agua y gestión de desechos^",Mar - May,253.20648566666668
2024,Total nacional,Informal,"Suministro de electricidad, gas, agua y gestión de desechos^",Abr - Jun,267.350158
2024,Total nacional,Informal,"Suministro de electricidad, gas, agua y gestión de desechos^",May - Jul,245.019664
2024,Total nacional,Informal,"Suministro de electricidad, gas, agua y gestión de desechos^",Jun - Ago,241.07878399999996
2024,Total nacional,Informal,"Suministro de electricidad, gas, agua y gestión de desechos^",Jul - Sep,264.50241266666666
2024,Total nacional,Informal,"Suministro de electricidad, gas, agua y gestión de desechos^",Ago - Oct,297.06764599999997
2024,Total nacional,Informal,"Suministro de electricidad, gas, agua y gestión de desechos^",Sep - Nov,326.96154499999994
2024,Total nacional,Informal,"Suministro de electricidad, gas, agua y gestión de desechos^",Oct - Dic,305.388512
2024,Total nacional,Informal,"Suministro de electricidad, gas, agua y gestión de desechos^",Nov - Ene,312.670964
2024,Total nacional,Informal,"Suministro de electricidad, gas, agua y gestión de desechos^",Dic - Feb,301.891881
2025,Total nacional,Informal,"Suministro de electricidad, gas, agua y gestión de desechos^",Ene - Mar,283.92433
2025,Total nacional,Informal,"Suministro de electricidad, gas, agua y gestión de desechos^",Feb - Abr,251.423562
2025,Total nacional,Informal,"Suministro de electricidad, gas, agua y gestión de desechos^",Mar - May,226.610802
2025,Total nacional,Informal,"Suministro de electricidad, gas, agua y gestión de desechos^",Abr - Jun,275.520409
2025,Total nacional,Informal,"Suministro de electricidad, gas, agua y gestión de desechos^",May - Jul,280.817353
2025,Total nacional,Informal,"Suministro de electricidad, gas, agua y gestión de desechos^",Jun - Ago,296.671161
2025,Total nacional,Informal,"Suministro de electricidad, gas, agua y gestión de desechos^",Jul - Sep,267.311477
2025,Total nacional,Informal,"Suministro de electricidad, gas, agua y gestión de desechos^",Ago - Oct,295.174874
2025,Total nacional,Informal,"Suministro de electricidad, gas, agua y gestión de desechos^",Sep - Nov,316.334889
2025,Total nacional,Informal,"Suministro de electricidad, gas, agua y gestión de desechos^",Oct - Dic,325.652633
2025,Total nacional,Informal,"Suministro de electricidad, gas, agua y gestión de desechos^",Nov - Ene,314.686806
2025,Total nacional,Informal,"Suministro de electricidad, gas, agua y gestión de desechos^",Dic - Feb,331.633974
2026,Total nacional,Informal,"Suministro de electricidad, gas, agua y gestión de desechos^",Ene - Mar,337.870265
2026,Total nacional,Informal,"Suministro de electricidad, gas, agua y gestión de desechos^",Feb - Abr,313.714307
2021,Total nacional,Informal,Industrias manufactureras,Ene - Mar,1083.9164596666667
2021,Total nacional,Informal,Industrias manufactureras,Feb - Abr,1117.0214526666666
2021,Total nacional,Informal,Industrias manufactureras,Mar - May,1075.194291
2021,Total nacional,Informal,Industrias manufactureras,Abr - Jun,1044.916458
2021,Total nacional,Informal,Industrias manufactureras,May - Jul,1061.1938943333332
2021,Total nacional,Informal,Industrias manufactureras,Jun - Ago,1059.8767876666666
2021,Total nacional,Informal,Industrias manufactureras,Jul - Sep,1090.932022
2021,Total nacional,Informal,Industrias manufactureras,Ago - Oct,1082.9784893333335
2021,Total nacional,Informal,Industrias manufactureras,Sep - Nov,1053.3258583333334
2021,Total nacional,Informal,Industrias manufactureras,Oct - Dic,1081.7858416666668
2021,Total nacional,Informal,Industrias manufactureras,Nov - Ene,1043.2606660000001
2021,Total nacional,Informal,Industrias manufactureras,Dic - Feb,1099.714263
2022,Total nacional,Informal,Industrias manufactureras,Ene - Mar,1118.3896313333335
2022,Total nacional,Informal,Industrias manufactureras,Feb - Abr,1169.940223
2022,Total nacional,Informal,Industrias manufactureras,Mar - May,1113.3102116666666
2022,Total nacional,Informal,Industrias manufactureras,Abr - Jun,1060.3287536666667
2022,Total nacional,Informal,Industrias manufactureras,May - Jul,1071.4869383333332
2022,Total nacional,Informal,Industrias manufactureras,Jun - Ago,1075.071272
2022,Total nacional,Informal,Industrias manufactureras,Jul - Sep,1130.9813306666667
2022,Total nacional,Informal,Industrias manufactureras,Ago - Oct,1115.8879813333333
2022,Total nacional,Informal,Industrias manufactureras,Sep - Nov,1165.397663
2022,Total nacional,Informal,Industrias manufactureras,Oct - Dic,1186.2463666666665
2022,Total nacional,Informal,Industrias manufactureras,Nov - Ene,1168.6069966666666
2022,Total nacional,Informal,Industrias manufactureras,Dic - Feb,1163.1805663333334
2023,Total nacional,Informal,Industrias manufactureras,Ene - Mar,1126.4930106666668
2023,Total nacional,Informal,Industrias manufactureras,Feb - Abr,1154.442763
2023,Total nacional,Informal,Industrias manufactureras,Mar - May,1149.2391236666665
2023,Total nacional,Informal,Industrias manufactureras,Abr - Jun,1100.9788069999997
2023,Total nacional,Informal,Industrias manufactureras,May - Jul,1104.8216703333333
2023,Total nacional,Informal,Industrias manufactureras,Jun - Ago,1126.0051270000001
2023,Total nacional,Informal,Industrias manufactureras,Jul - Sep,1129.583074
2023,Total nacional,Informal,Industrias manufactureras,Ago - Oct,1076.729024
2023,Total nacional,Informal,Industrias manufactureras,Sep - Nov,1030.817984
2023,Total nacional,Informal,Industrias manufactureras,Oct - Dic,1034.4251783333332
2023,Total nacional,Informal,Industrias manufactureras,Nov - Ene,1035.2216813333332
2023,Total nacional,Informal,Industrias manufactureras,Dic - Feb,1082.7533996666666
2024,Total nacional,Informal,Industrias manufactureras,Ene - Mar,1116.9612496666666
2024,Total nacional,Informal,Industrias manufactureras,Feb - Abr,1157.3755143333335
2024,Total nacional,Informal,Industrias manufactureras,Mar - May,1126.7276749999999
2024,Total nacional,Informal,Industrias manufactureras,Abr - Jun,1110.224339
2024,Total nacional,Informal,Industrias manufactureras,May - Jul,1133.8361400000001
2024,Total nacional,Informal,Industrias manufactureras,Jun - Ago,1134.102302666667
2024,Total nacional,Informal,Industrias manufactureras,Jul - Sep,1083.871591
2024,Total nacional,Informal,Industrias manufactureras,Ago - Oct,1038.4825556666667
2024,Total nacional,Informal,Industrias manufactureras,Sep - Nov,1033.146003
2024,Total nacional,Informal,Industrias manufactureras,Oct - Dic,1073.245561
2024,Total nacional,Informal,Industrias manufactureras,Nov - Ene,1048.884081
2024,Total nacional,Informal,Industrias manufactureras,Dic - Feb,1083.334487
2025,Total nacional,Informal,Industrias manufactureras,Ene - Mar,1137.170617
2025,Total nacional,Informal,Industrias manufactureras,Feb - Abr,1177.16029
2025,Total nacional,Informal,Industrias manufactureras,Mar - May,1120.062649
2025,Total nacional,Informal,Industrias manufactureras,Abr - Jun,1094.894524
2025,Total nacional,Informal,Industrias manufactureras,May - Jul,1099.109056
2025,Total nacional,Informal,Industrias manufactureras,Jun - Ago,1151.540488
2025,Total nacional,Informal,Industrias manufactureras,Jul - Sep,1110.541471
2025,Total nacional,Informal,Industrias manufactureras,Ago - Oct,1130.682134
2025,Total nacional,Informal,Industrias manufactureras,Sep - Nov,1077.957007
2025,Total nacional,Informal,Industrias manufactureras,Oct - Dic,1143.855523
2025,Total nacional,Informal,Industrias manufactureras,Nov - Ene,1129.991059
2025,Total nacional,Informal,Industrias manufactureras,Dic - Feb,1191.821467
2026,Total nacional,Informal,Industrias manufactureras,Ene - Mar,1159.627067
2026,Total nacional,Informal,Industrias manufactureras,Feb - Abr,1160.196089
2021,Total nacional,Informal,Construcción,Ene - Mar,1065.9023573333334
2021,Total nacional,Informal,Construcción,Feb - Abr,1083.108371
2021,Total nacional,Informal,Construcción,Mar - May,1097.609993
2021,Total nacional,Informal,Construcción,Abr - Jun,1056.6953293333333
2021,Total nacional,Informal,Construcción,May - Jul,1067.0654273333332
2021,Total nacional,Informal,Construcción,Jun - Ago,1088.1234013333333
2021,Total nacional,Informal,Construcción,Jul - Sep,1087.0455419999998
2021,Total nacional,Informal,Construcción,Ago - Oct,1061.3559863333332
2021,Total nacional,Informal,Construcción,Sep - Nov,1088.7230073333333
2021,Total nacional,Informal,Construcción,Oct - Dic,1103.552754
2021,Total nacional,Informal,Construcción,Nov - Ene,1117.8618173333332
2021,Total nacional,Informal,Construcción,Dic - Feb,1091.4624236666666
2022,Total nacional,Informal,Construcción,Ene - Mar,1068.5337803333334
2022,Total nacional,Informal,Construcción,Feb - Abr,1063.1024706666667
2022,Total nacional,Informal,Construcción,Mar - May,1035.8384013333334
2022,Total nacional,Informal,Construcción,Abr - Jun,1077.9085229999998
2022,Total nacional,Informal,Construcción,May - Jul,1064.725181
2022,Total nacional,Informal,Construcción,Jun - Ago,1082.9787833333332
2022,Total nacional,Informal,Construcción,Jul - Sep,1042.3736886666666
2022,Total nacional,Informal,Construcción,Ago - Oct,1040.9427773333334
2022,Total nacional,Informal,Construcción,Sep - Nov,1043.142906
2022,Total nacional,Informal,Construcción,Oct - Dic,1092.135086
2022,Total nacional,Informal,Construcción,Nov - Ene,1096.0425736666666
2022,Total nacional,Informal,Construcción,Dic - Feb,1092.0579033333333
2023,Total nacional,Informal,Construcción,Ene - Mar,1079.9013850000001
2023,Total nacional,Informal,Construcción,Feb - Abr,1089.3533923333332
2023,Total nacional,Informal,Construcción,Mar - May,1055.1907669999998
2023,Total nacional,Informal,Construcción,Abr - Jun,1046.6180406666665
2023,Total nacional,Informal,Construcción,May - Jul,1082.212412
2023,Total nacional,Informal,Construcción,Jun - Ago,1114.762427
2023,Total nacional,Informal,Construcción,Jul - Sep,1081.5389663333333
2023,Total nacional,Informal,Construcción,Ago - Oct,1025.9545046666667
2023,Total nacional,Informal,Construcción,Sep - Nov,1039.530337
2023,Total nacional,Informal,Construcción,Oct - Dic,1069.6625493333333
2023,Total nacional,Informal,Construcción,Nov - Ene,1072.7183066666666
2023,Total nacional,Informal,Construcción,Dic - Feb,1020.7573873333332
2024,Total nacional,Informal,Construcción,Ene - Mar,1004.7879069999999
2024,Total nacional,Informal,Construcción,Feb - Abr,1010.154557
2024,Total nacional,Informal,Construcción,Mar - May,1041.1041786666667
2024,Total nacional,Informal,Construcción,Abr - Jun,1001.6979643333334
2024,Total nacional,Informal,Construcción,May - Jul,1023.6724426666666
2024,Total nacional,Informal,Construcción,Jun - Ago,999.03857
2024,Total nacional,Informal,Construcción,Jul - Sep,1016.8259566666667
2024,Total nacional,Informal,Construcción,Ago - Oct,1008.7337463333333
2024,Total nacional,Informal,Construcción,Sep - Nov,1019.6501053333333
2024,Total nacional,Informal,Construcción,Oct - Dic,1079.135774
2024,Total nacional,Informal,Construcción,Nov - Ene,1055.870857
2024,Total nacional,Informal,Construcción,Dic - Feb,1095.405433
2025,Total nacional,Informal,Construcción,Ene - Mar,1108.916135
2025,Total nacional,Informal,Construcción,Feb - Abr,1133.121213
2025,Total nacional,Informal,Construcción,Mar - May,1115.900293
2025,Total nacional,Informal,Construcción,Abr - Jun,1085.501233
2025,Total nacional,Informal,Construcción,May - Jul,1096.927457
2025,Total nacional,Informal,Construcción,Jun - Ago,1107.95807
2025,Total nacional,Informal,Construcción,Jul - Sep,1103.401433
2025,Total nacional,Informal,Construcción,Ago - Oct,1075.210996
2025,Total nacional,Informal,Construcción,Sep - Nov,1098.914383
2025,Total nacional,Informal,Construcción,Oct - Dic,1123.089339
2025,Total nacional,Informal,Construcción,Nov - Ene,1152.201862
2025,Total nacional,Informal,Construcción,Dic - Feb,1139.44213
2026,Total nacional,Informal,Construcción,Ene - Mar,1160.813391
2026,Total nacional,Informal,Construcción,Feb - Abr,1183.105459
2021,Total nacional,Informal,Comercio y reparación de vehículos,Ene - Mar,2390.595303
2021,Total nacional,Informal,Comercio y reparación de vehículos,Feb - Abr,2380.361773
2021,Total nacional,Informal,Comercio y reparación de vehículos,Mar - May,2285.852070333333
2021,Total nacional,Informal,Comercio y reparación de vehículos,Abr - Jun,2261.228343666667
2021,Total nacional,Informal,Comercio y reparación de vehículos,May - Jul,2233.9981446666666
2021,Total nacional,Informal,Comercio y reparación de vehículos,Jun - Ago,2257.0997629999997
2021,Total nacional,Informal,Comercio y reparación de vehículos,Jul - Sep,2229.2807780000003
2021,Total nacional,Informal,Comercio y reparación de vehículos,Ago - Oct,2282.7320196666665
2021,Total nacional,Informal,Comercio y reparación de vehículos,Sep - Nov,2330.951922333333
2021,Total nacional,Informal,Comercio y reparación de vehículos,Oct - Dic,2385.8200413333334
2021,Total nacional,Informal,Comercio y reparación de vehículos,Nov - Ene,2413.5652993333333
2021,Total nacional,Informal,Comercio y reparación de vehículos,Dic - Feb,2430.1571393333334
2022,Total nacional,Informal,Comercio y reparación de vehículos,Ene - Mar,2440.331237
2022,Total nacional,Informal,Comercio y reparación de vehículos,Feb - Abr,2444.7717073333333
2022,Total nacional,Informal,Comercio y reparación de vehículos,Mar - May,2401.2637799999998
2022,Total nacional,Informal,Comercio y reparación de vehículos,Abr - Jun,2392.5991906666663
2022,Total nacional,Informal,Comercio y reparación de vehículos,May - Jul,2405.7782740000002
2022,Total nacional,Informal,Comercio y reparación de vehículos,Jun - Ago,2439.796311
2022,Total nacional,Informal,Comercio y reparación de vehículos,Jul - Sep,2421.196776666666
2022,Total nacional,Informal,Comercio y reparación de vehículos,Ago - Oct,2442.695581
2022,Total nacional,Informal,Comercio y reparación de vehículos,Sep - Nov,2454.057140333334
2022,Total nacional,Informal,Comercio y reparación de vehículos,Oct - Dic,2391.313
2022,Total nacional,Informal,Comercio y reparación de vehículos,Nov - Ene,2355.9589116666666
2022,Total nacional,Informal,Comercio y reparación de vehículos,Dic - Feb,2348.1732586666667
2023,Total nacional,Informal,Comercio y reparación de vehículos,Ene - Mar,2420.3467873333334
2023,Total nacional,Informal,Comercio y reparación de vehículos,Feb - Abr,2391.1565706666665
2023,Total nacional,Informal,Comercio y reparación de vehículos,Mar - May,2373.035176
2023,Total nacional,Informal,Comercio y reparación de vehículos,Abr - Jun,2369.283338333333
2023,Total nacional,Informal,Comercio y reparación de vehículos,May - Jul,2374.562841
2023,Total nacional,Informal,Comercio y reparación de vehículos,Jun - Ago,2341.6855316666665
2023,Total nacional,Informal,Comercio y reparación de vehículos,Jul - Sep,2353.2846796666668
2023,Total nacional,Informal,Comercio y reparación de vehículos,Ago - Oct,2369.4514163333333
2023,Total nacional,Informal,Comercio y reparación de vehículos,Sep - Nov,2339.8206323333334
2023,Total nacional,Informal,Comercio y reparación de vehículos,Oct - Dic,2325.809257666667
2023,Total nacional,Informal,Comercio y reparación de vehículos,Nov - Ene,2319.0029073333335
2023,Total nacional,Informal,Comercio y reparación de vehículos,Dic - Feb,2347.8592176666666
2024,Total nacional,Informal,Comercio y reparación de vehículos,Ene - Mar,2327.5047143333336
2024,Total nacional,Informal,Comercio y reparación de vehículos,Feb - Abr,2322.4291940000003
2024,Total nacional,Informal,Comercio y reparación de vehículos,Mar - May,2315.6818830000007
2024,Total nacional,Informal,Comercio y reparación de vehículos,Abr - Jun,2326.589864666667
2024,Total nacional,Informal,Comercio y reparación de vehículos,May - Jul,2327.895202333333
2024,Total nacional,Informal,Comercio y reparación de vehículos,Jun - Ago,2356.808365
2024,Total nacional,Informal,Comercio y reparación de vehículos,Jul - Sep,2348.0321443333332
2024,Total nacional,Informal,Comercio y reparación de vehículos,Ago - Oct,2411.183327
2024,Total nacional,Informal,Comercio y reparación de vehículos,Sep - Nov,2392.125198
2024,Total nacional,Informal,Comercio y reparación de vehículos,Oct - Dic,2428.7010903333335
2024,Total nacional,Informal,Comercio y reparación de vehículos,Nov - Ene,2411.777912
2024,Total nacional,Informal,Comercio y reparación de vehículos,Dic - Feb,2466.812892
2025,Total nacional,Informal,Comercio y reparación de vehículos,Ene - Mar,2512.474551
2025,Total nacional,Informal,Comercio y reparación de vehículos,Feb - Abr,2485.668002
2025,Total nacional,Informal,Comercio y reparación de vehículos,Mar - May,2423.61656
2025,Total nacional,Informal,Comercio y reparación de vehículos,Abr - Jun,2319.742338
2025,Total nacional,Informal,Comercio y reparación de vehículos,May - Jul,2297.880264
2025,Total nacional,Informal,Comercio y reparación de vehículos,Jun - Ago,2289.579349
2025,Total nacional,Informal,Comercio y reparación de vehículos,Jul - Sep,2270.081137
2025,Total nacional,Informal,Comercio y reparación de vehículos,Ago - Oct,2305.724785
2025,Total nacional,Informal,Comercio y reparación de vehículos,Sep - Nov,2312.720831
2025,Total nacional,Informal,Comercio y reparación de vehículos,Oct - Dic,2355.593069
2025,Total nacional,Informal,Comercio y reparación de vehículos,Nov - Ene,2285.840516
2025,Total nacional,Informal,Comercio y reparación de vehículos,Dic - Feb,2305.81754
2026,Total nacional,Informal,Comercio y reparación de vehículos,Ene - Mar,2348.340794
2026,Total nacional,Informal,Comercio y reparación de vehículos,Feb - Abr,2342.393591
2021,Total nacional,Informal,Alojamiento y servicios de comida,Ene - Mar,1005.4971923333333
2021,Total nacional,Informal,Alojamiento y servicios de comida,Feb - Abr,1041.6938983333332
2021,Total nacional,Informal,Alojamiento y servicios de comida,Mar - May,989.2591556666666
2021,Total nacional,Informal,Alojamiento y servicios de comida,Abr - Jun,1003.5909136666666
2021,Total nacional,Informal,Alojamiento y servicios de comida,May - Jul,1023.0321693333332
2021,Total nacional,Informal,Alojamiento y servicios de comida,Jun - Ago,1077.983542
2021,Total nacional,Informal,Alojamiento y servicios de comida,Jul - Sep,1052.330452
2021,Total nacional,Informal,Alojamiento y servicios de comida,Ago - Oct,1068.445981
2021,Total nacional,Informal,Alojamiento y servicios de comida,Sep - Nov,1033.7513096666669
2021,Total nacional,Informal,Alojamiento y servicios de comida,Oct - Dic,1076.4414016666667
2021,Total nacional,Informal,Alojamiento y servicios de comida,Nov - Ene,1003.9754033333334
2021,Total nacional,Informal,Alojamiento y servicios de comida,Dic - Feb,1049.1655950000002
2022,Total nacional,Informal,Alojamiento y servicios de comida,Ene - Mar,1053.1750786666666
2022,Total nacional,Informal,Alojamiento y servicios de comida,Feb - Abr,1142.810353
2022,Total nacional,Informal,Alojamiento y servicios de comida,Mar - May,1118.6942933333332
2022,Total nacional,Informal,Alojamiento y servicios de comida,Abr - Jun,1126.2140993333333
2022,Total nacional,Informal,Alojamiento y servicios de comida,May - Jul,1111.0752196666665
2022,Total nacional,Informal,Alojamiento y servicios de comida,Jun - Ago,1148.383173
2022,Total nacional,Informal,Alojamiento y servicios de comida,Jul - Sep,1193.4069316666667
2022,Total nacional,Informal,Alojamiento y servicios de comida,Ago - Oct,1200.2352776666667
2022,Total nacional,Informal,Alojamiento y servicios de comida,Sep - Nov,1178.4995529999999
2022,Total nacional,Informal,Alojamiento y servicios de comida,Oct - Dic,1142.4796653333333
2022,Total nacional,Informal,Alojamiento y servicios de comida,Nov - Ene,1169.7732903333333
2022,Total nacional,Informal,Alojamiento y servicios de comida,Dic - Feb,1232.7052706666666
2023,Total nacional,Informal,Alojamiento y servicios de comida,Ene - Mar,1270.058312
2023,Total nacional,Informal,Alojamiento y servicios de comida,Feb - Abr,1290.3508883333332
2023,Total nacional,Informal,Alojamiento y servicios de comida,Mar - May,1247.9691570000002
2023,Total nacional,Informal,Alojamiento y servicios de comida,Abr - Jun,1220.9731593333333
2023,Total nacional,Informal,Alojamiento y servicios de comida,May - Jul,1189.4028150000001
2023,Total nacional,Informal,Alojamiento y servicios de comida,Jun - Ago,1221.7662493333335
2023,Total nacional,Informal,Alojamiento y servicios de comida,Jul - Sep,1209.9054863333333
2023,Total nacional,Informal,Alojamiento y servicios de comida,Ago - Oct,1250.7161233333334
2023,Total nacional,Informal,Alojamiento y servicios de comida,Sep - Nov,1229.068665
2023,Total nacional,Informal,Alojamiento y servicios de comida,Oct - Dic,1264.375969
2023,Total nacional,Informal,Alojamiento y servicios de comida,Nov - Ene,1204.9128699999999
2023,Total nacional,Informal,Alojamiento y servicios de comida,Dic - Feb,1196.7527989999999
2024,Total nacional,Informal,Alojamiento y servicios de comida,Ene - Mar,1174.0403766666668
2024,Total nacional,Informal,Alojamiento y servicios de comida,Feb - Abr,1240.8321876666666
2024,Total nacional,Informal,Alojamiento y servicios de comida,Mar - May,1260.6561953333332
2024,Total nacional,Informal,Alojamiento y servicios de comida,Abr - Jun,1273.7829293333334
2024,Total nacional,Informal,Alojamiento y servicios de comida,May - Jul,1224.598986
2024,Total nacional,Informal,Alojamiento y servicios de comida,Jun - Ago,1262.0028856666665
2024,Total nacional,Informal,Alojamiento y servicios de comida,Jul - Sep,1264.342243
2024,Total nacional,Informal,Alojamiento y servicios de comida,Ago - Oct,1297.262433
2024,Total nacional,Informal,Alojamiento y servicios de comida,Sep - Nov,1266.74629
2024,Total nacional,Informal,Alojamiento y servicios de comida,Oct - Dic,1334.4137973333334
2024,Total nacional,Informal,Alojamiento y servicios de comida,Nov - Ene,1349.408393
2024,Total nacional,Informal,Alojamiento y servicios de comida,Dic - Feb,1372.447335
2025,Total nacional,Informal,Alojamiento y servicios de comida,Ene - Mar,1319.62167
2025,Total nacional,Informal,Alojamiento y servicios de comida,Feb - Abr,1337.045425
2025,Total nacional,Informal,Alojamiento y servicios de comida,Mar - May,1331.740055
2025,Total nacional,Informal,Alojamiento y servicios de comida,Abr - Jun,1353.256617
2025,Total nacional,Informal,Alojamiento y servicios de comida,May - Jul,1320.122107
2025,Total nacional,Informal,Alojamiento y servicios de comida,Jun - Ago,1345.162723
2025,Total nacional,Informal,Alojamiento y servicios de comida,Jul - Sep,1370.418334
2025,Total nacional,Informal,Alojamiento y servicios de comida,Ago - Oct,1447.404116
2025,Total nacional,Informal,Alojamiento y servicios de comida,Sep - Nov,1462.060339
2025,Total nacional,Informal,Alojamiento y servicios de comida,Oct - Dic,1469.358697
2025,Total nacional,Informal,Alojamiento y servicios de comida,Nov - Ene,1389.793721
2025,Total nacional,Informal,Alojamiento y servicios de comida,Dic - Feb,1375.261478
2026,Total nacional,Informal,Alojamiento y servicios de comida,Ene - Mar,1334.494544
2026,Total nacional,Informal,Alojamiento y servicios de comida,Feb - Abr,1399.985558
2021,Total nacional,Informal,Transporte y almacenamiento,Ene - Mar,931.5637923333334
2021,Total nacional,Informal,Transporte y almacenamiento,Feb - Abr,946.3974026666666
2021,Total nacional,Informal,Transporte y almacenamiento,Mar - May,953.4124773333333
2021,Total nacional,Informal,Transporte y almacenamiento,Abr - Jun,960.6054766666666
2021,Total nacional,Informal,Transporte y almacenamiento,May - Jul,980.3063566666666
2021,Total nacional,Informal,Transporte y almacenamiento,Jun - Ago,1024.131533
2021,Total nacional,Informal,Transporte y almacenamiento,Jul - Sep,1051.273983
2021,Total nacional,Informal,Transporte y almacenamiento,Ago - Oct,1088.6573486666666
2021,Total nacional,Informal,Transporte y almacenamiento,Sep - Nov,1096.4066886666667
2021,Total nacional,Informal,Transporte y almacenamiento,Oct - Dic,1089.2491496666669
2021,Total nacional,Informal,Transporte y almacenamiento,Nov - Ene,1063.0385006666668
2021,Total nacional,Informal,Transporte y almacenamiento,Dic - Feb,1058.9098893333332
2022,Total nacional,Informal,Transporte y almacenamiento,Ene - Mar,1095.826254
2022,Total nacional,Informal,Transporte y almacenamiento,Feb - Abr,1119.6705063333336
2022,Total nacional,Informal,Transporte y almacenamiento,Mar - May,1134.9246113333331
2022,Total nacional,Informal,Transporte y almacenamiento,Abr - Jun,1129.5277210000002
2022,Total nacional,Informal,Transporte y almacenamiento,May - Jul,1146.3564233333334
2022,Total nacional,Informal,Transporte y almacenamiento,Jun - Ago,1123.0069266666667
2022,Total nacional,Informal,Transporte y almacenamiento,Jul - Sep,1132.7266336666667
2022,Total nacional,Informal,Transporte y almacenamiento,Ago - Oct,1134.049322
2022,Total nacional,Informal,Transporte y almacenamiento,Sep - Nov,1116.2654416666667
2022,Total nacional,Informal,Transporte y almacenamiento,Oct - Dic,1109.7209973333336
2022,Total nacional,Informal,Transporte y almacenamiento,Nov - Ene,1101.9320733333334
2022,Total nacional,Informal,Transporte y almacenamiento,Dic - Feb,1149.630851
2023,Total nacional,Informal,Transporte y almacenamiento,Ene - Mar,1140.9286773333333
2023,Total nacional,Informal,Transporte y almacenamiento,Feb - Abr,1120.661998
2023,Total nacional,Informal,Transporte y almacenamiento,Mar - May,1139.710977
2023,Total nacional,Informal,Transporte y almacenamiento,Abr - Jun,1149.9325066666665
2023,Total nacional,Informal,Transporte y almacenamiento,May - Jul,1203.7433073333332
2023,Total nacional,Informal,Transporte y almacenamiento,Jun - Ago,1180.2804316666668
2023,Total nacional,Informal,Transporte y almacenamiento,Jul - Sep,1222.8525846666664
2023,Total nacional,Informal,Transporte y almacenamiento,Ago - Oct,1191.9698086666665
2023,Total nacional,Informal,Transporte y almacenamiento,Sep - Nov,1215.7532073333334
2023,Total nacional,Informal,Transporte y almacenamiento,Oct - Dic,1174.0279199999998
2023,Total nacional,Informal,Transporte y almacenamiento,Nov - Ene,1153.690972
2023,Total nacional,Informal,Transporte y almacenamiento,Dic - Feb,1171.9572076666666
2024,Total nacional,Informal,Transporte y almacenamiento,Ene - Mar,1152.945821
2024,Total nacional,Informal,Transporte y almacenamiento,Feb - Abr,1141.4156483333334
2024,Total nacional,Informal,Transporte y almacenamiento,Mar - May,1109.3074806666666
2024,Total nacional,Informal,Transporte y almacenamiento,Abr - Jun,1142.9563963333333
2024,Total nacional,Informal,Transporte y almacenamiento,May - Jul,1186.8266899999999
2024,Total nacional,Informal,Transporte y almacenamiento,Jun - Ago,1174.7422603333334
2024,Total nacional,Informal,Transporte y almacenamiento,Jul - Sep,1185.6753766666668
2024,Total nacional,Informal,Transporte y almacenamiento,Ago - Oct,1180.874994
2024,Total nacional,Informal,Transporte y almacenamiento,Sep - Nov,1209.759092
2024,Total nacional,Informal,Transporte y almacenamiento,Oct - Dic,1209.9132590000002
2024,Total nacional,Informal,Transporte y almacenamiento,Nov - Ene,1229.244068
2024,Total nacional,Informal,Transporte y almacenamiento,Dic - Feb,1265.85215
2025,Total nacional,Informal,Transporte y almacenamiento,Ene - Mar,1256.759573
2025,Total nacional,Informal,Transporte y almacenamiento,Feb - Abr,1262.742307
2025,Total nacional,Informal,Transporte y almacenamiento,Mar - May,1248.253222
2025,Total nacional,Informal,Transporte y almacenamiento,Abr - Jun,1251.848277
2025,Total nacional,Informal,Transporte y almacenamiento,May - Jul,1271.286306
2025,Total nacional,Informal,Transporte y almacenamiento,Jun - Ago,1260.197929
2025,Total nacional,Informal,Transporte y almacenamiento,Jul - Sep,1270.040264
2025,Total nacional,Informal,Transporte y almacenamiento,Ago - Oct,1280.219037
2025,Total nacional,Informal,Transporte y almacenamiento,Sep - Nov,1300.027051
2025,Total nacional,Informal,Transporte y almacenamiento,Oct - Dic,1290.437907
2025,Total nacional,Informal,Transporte y almacenamiento,Nov - Ene,1253.309374
2025,Total nacional,Informal,Transporte y almacenamiento,Dic - Feb,1238.66867
2026,Total nacional,Informal,Transporte y almacenamiento,Ene - Mar,1238.207885
2026,Total nacional,Informal,Transporte y almacenamiento,Feb - Abr,1243.054764
2021,Total nacional,Informal,Información y comunicaciones,Ene - Mar,100.86741633333334
2021,Total nacional,Informal,Información y comunicaciones,Feb - Abr,105.909431
2021,Total nacional,Informal,Información y comunicaciones,Mar - May,98.02193799999999
2021,Total nacional,Informal,Información y comunicaciones,Abr - Jun,98.14919133333332
2021,Total nacional,Informal,Información y comunicaciones,May - Jul,87.68069466666667
2021,Total nacional,Informal,Información y comunicaciones,Jun - Ago,85.777417
2021,Total nacional,Informal,Información y comunicaciones,Jul - Sep,77.84975033333333
2021,Total nacional,Informal,Información y comunicaciones,Ago - Oct,71.90614833333332
2021,Total nacional,Informal,Información y comunicaciones,Sep - Nov,70.64603
2021,Total nacional,Informal,Información y comunicaciones,Oct - Dic,77.85996533333334
2021,Total nacional,Informal,Información y comunicaciones,Nov - Ene,80.99737799999998
2021,Total nacional,Informal,Información y comunicaciones,Dic - Feb,79.30568233333334
2022,Total nacional,Informal,Información y comunicaciones,Ene - Mar,72.37562666666668
2022,Total nacional,Informal,Información y comunicaciones,Feb - Abr,81.338928
2022,Total nacional,Informal,Información y comunicaciones,Mar - May,76.40937966666667
2022,Total nacional,Informal,Información y comunicaciones,Abr - Jun,85.57589899999999
2022,Total nacional,Informal,Información y comunicaciones,May - Jul,77.33164766666665
2022,Total nacional,Informal,Información y comunicaciones,Jun - Ago,71.32006333333334
2022,Total nacional,Informal,Información y comunicaciones,Jul - Sep,56.640100999999994
2022,Total nacional,Informal,Información y comunicaciones,Ago - Oct,49.125454999999995
2022,Total nacional,Informal,Información y comunicaciones,Sep - Nov,59.340545666666664
2022,Total nacional,Informal,Información y comunicaciones,Oct - Dic,62.980845666666674
2022,Total nacional,Informal,Información y comunicaciones,Nov - Ene,69.65769633333333
2022,Total nacional,Informal,Información y comunicaciones,Dic - Feb,65.18539866666667
2023,Total nacional,Informal,Información y comunicaciones,Ene - Mar,67.65258266666667
2023,Total nacional,Informal,Información y comunicaciones,Feb - Abr,71.49043133333333
2023,Total nacional,Informal,Información y comunicaciones,Mar - May,75.66505533333334
2023,Total nacional,Informal,Información y comunicaciones,Abr - Jun,76.19292800000001
2023,Total nacional,Informal,Información y comunicaciones,May - Jul,72.36156266666667
2023,Total nacional,Informal,Información y comunicaciones,Jun - Ago,72.98280899999999
2023,Total nacional,Informal,Información y comunicaciones,Jul - Sep,73.97308266666667
2023,Total nacional,Informal,Información y comunicaciones,Ago - Oct,71.85922366666667
2023,Total nacional,Informal,Información y comunicaciones,Sep - Nov,61.940278666666664
2023,Total nacional,Informal,Información y comunicaciones,Oct - Dic,57.190031
2023,Total nacional,Informal,Información y comunicaciones,Nov - Ene,52.15715566666666
2023,Total nacional,Informal,Información y comunicaciones,Dic - Feb,51.59727266666667
2024,Total nacional,Informal,Información y comunicaciones,Ene - Mar,42.086460333333335
2024,Total nacional,Informal,Información y comunicaciones,Feb - Abr,44.543415333333336
2024,Total nacional,Informal,Información y comunicaciones,Mar - May,52.17297166666666
2024,Total nacional,Informal,Información y comunicaciones,Abr - Jun,68.838386
2024,Total nacional,Informal,Información y comunicaciones,May - Jul,74.65043866666667
2024,Total nacional,Informal,Información y comunicaciones,Jun - Ago,68.16357666666666
2024,Total nacional,Informal,Información y comunicaciones,Jul - Sep,59.92894900000001
2024,Total nacional,Informal,Información y comunicaciones,Ago - Oct,53.79069666666667
2024,Total nacional,Informal,Información y comunicaciones,Sep - Nov,56.679815
2024,Total nacional,Informal,Información y comunicaciones,Oct - Dic,63.73257566666666
2024,Total nacional,Informal,Información y comunicaciones,Nov - Ene,64.00099
2024,Total nacional,Informal,Información y comunicaciones,Dic - Feb,56.879575
2025,Total nacional,Informal,Información y comunicaciones,Ene - Mar,48.477081
2025,Total nacional,Informal,Información y comunicaciones,Feb - Abr,52.013774
2025,Total nacional,Informal,Información y comunicaciones,Mar - May,62.145038
2025,Total nacional,Informal,Información y comunicaciones,Abr - Jun,65.556186
2025,Total nacional,Informal,Información y comunicaciones,May - Jul,69.579199
2025,Total nacional,Informal,Información y comunicaciones,Jun - Ago,74.379745
2025,Total nacional,Informal,Información y comunicaciones,Jul - Sep,77.676545
2025,Total nacional,Informal,Información y comunicaciones,Ago - Oct,73.650775
2025,Total nacional,Informal,Información y comunicaciones,Sep - Nov,64.231795
2025,Total nacional,Informal,Información y comunicaciones,Oct - Dic,56.761497
2025,Total nacional,Informal,Información y comunicaciones,Nov - Ene,67.077593
2025,Total nacional,Informal,Información y comunicaciones,Dic - Feb,73.107357
2026,Total nacional,Informal,Información y comunicaciones,Ene - Mar,80.194179
2026,Total nacional,Informal,Información y comunicaciones,Feb - Abr,67.948216
2021,Total nacional,Informal,Actividades financieras y de seguros,Ene - Mar,61.475484333333334
2021,Total nacional,Informal,Actividades financieras y de seguros,Feb - Abr,55.495157
2021,Total nacional,Informal,Actividades financieras y de seguros,Mar - May,55.57081133333333
2021,Total nacional,Informal,Actividades financieras y de seguros,Abr - Jun,59.57616833333333
2021,Total nacional,Informal,Actividades financieras y de seguros,May - Jul,56.17415566666667
2021,Total nacional,Informal,Actividades financieras y de seguros,Jun - Ago,57.09082333333333
2021,Total nacional,Informal,Actividades financieras y de seguros,Jul - Sep,61.32789966666667
2021,Total nacional,Informal,Actividades financieras y de seguros,Ago - Oct,59.18722333333333
2021,Total nacional,Informal,Actividades financieras y de seguros,Sep - Nov,57.46809233333334
2021,Total nacional,Informal,Actividades financieras y de seguros,Oct - Dic,49.832952999999996
2021,Total nacional,Informal,Actividades financieras y de seguros,Nov - Ene,57.77950933333333
2021,Total nacional,Informal,Actividades financieras y de seguros,Dic - Feb,65.64706799999999
2022,Total nacional,Informal,Actividades financieras y de seguros,Ene - Mar,68.17631233333333
2022,Total nacional,Informal,Actividades financieras y de seguros,Feb - Abr,58.625583
2022,Total nacional,Informal,Actividades financieras y de seguros,Mar - May,53.040640999999994
2022,Total nacional,Informal,Actividades financieras y de seguros,Abr - Jun,52.07225566666667
2022,Total nacional,Informal,Actividades financieras y de seguros,May - Jul,59.041834333333334
2022,Total nacional,Informal,Actividades financieras y de seguros,Jun - Ago,56.902055
2022,Total nacional,Informal,Actividades financieras y de seguros,Jul - Sep,57.20921966666666
2022,Total nacional,Informal,Actividades financieras y de seguros,Ago - Oct,60.40688033333333
2022,Total nacional,Informal,Actividades financieras y de seguros,Sep - Nov,58.22383466666667
2022,Total nacional,Informal,Actividades financieras y de seguros,Oct - Dic,62.484870666666666
2022,Total nacional,Informal,Actividades financieras y de seguros,Nov - Ene,53.609851666666664
2022,Total nacional,Informal,Actividades financieras y de seguros,Dic - Feb,51.90195233333333
2023,Total nacional,Informal,Actividades financieras y de seguros,Ene - Mar,42.19270266666666
2023,Total nacional,Informal,Actividades financieras y de seguros,Feb - Abr,49.367567333333334
2023,Total nacional,Informal,Actividades financieras y de seguros,Mar - May,50.40947566666667
2023,Total nacional,Informal,Actividades financieras y de seguros,Abr - Jun,50.69546333333333
2023,Total nacional,Informal,Actividades financieras y de seguros,May - Jul,43.67190433333334
2023,Total nacional,Informal,Actividades financieras y de seguros,Jun - Ago,49.33232866666666
2023,Total nacional,Informal,Actividades financieras y de seguros,Jul - Sep,53.690606333333335
2023,Total nacional,Informal,Actividades financieras y de seguros,Ago - Oct,55.294941666666666
2023,Total nacional,Informal,Actividades financieras y de seguros,Sep - Nov,48.99680833333334
2023,Total nacional,Informal,Actividades financieras y de seguros,Oct - Dic,43.01816433333334
2023,Total nacional,Informal,Actividades financieras y de seguros,Nov - Ene,40.035508666666665
2023,Total nacional,Informal,Actividades financieras y de seguros,Dic - Feb,47.870174
2024,Total nacional,Informal,Actividades financieras y de seguros,Ene - Mar,51.722213333333336
2024,Total nacional,Informal,Actividades financieras y de seguros,Feb - Abr,53.532804
2024,Total nacional,Informal,Actividades financieras y de seguros,Mar - May,52.34603833333333
2024,Total nacional,Informal,Actividades financieras y de seguros,Abr - Jun,53.640796
2024,Total nacional,Informal,Actividades financieras y de seguros,May - Jul,54.97667066666667
2024,Total nacional,Informal,Actividades financieras y de seguros,Jun - Ago,50.34087466666667
2024,Total nacional,Informal,Actividades financieras y de seguros,Jul - Sep,52.09251166666667
2024,Total nacional,Informal,Actividades financieras y de seguros,Ago - Oct,49.05208033333333
2024,Total nacional,Informal,Actividades financieras y de seguros,Sep - Nov,45.95179166666667
2024,Total nacional,Informal,Actividades financieras y de seguros,Oct - Dic,44.182918
2024,Total nacional,Informal,Actividades financieras y de seguros,Nov - Ene,53.598715
2024,Total nacional,Informal,Actividades financieras y de seguros,Dic - Feb,55.587052
2025,Total nacional,Informal,Actividades financieras y de seguros,Ene - Mar,48.999564
2025,Total nacional,Informal,Actividades financieras y de seguros,Feb - Abr,44.157167
2025,Total nacional,Informal,Actividades financieras y de seguros,Mar - May,47.363027
2025,Total nacional,Informal,Actividades financieras y de seguros,Abr - Jun,52.815369
2025,Total nacional,Informal,Actividades financieras y de seguros,May - Jul,49.935076
2025,Total nacional,Informal,Actividades financieras y de seguros,Jun - Ago,46.375003
2025,Total nacional,Informal,Actividades financieras y de seguros,Jul - Sep,42.937442
2025,Total nacional,Informal,Actividades financieras y de seguros,Ago - Oct,48.108982
2025,Total nacional,Informal,Actividades financieras y de seguros,Sep - Nov,47.035042
2025,Total nacional,Informal,Actividades financieras y de seguros,Oct - Dic,54.593112
2025,Total nacional,Informal,Actividades financieras y de seguros,Nov - Ene,52.35598
2025,Total nacional,Informal,Actividades financieras y de seguros,Dic - Feb,50.131721
2026,Total nacional,Informal,Actividades financieras y de seguros,Ene - Mar,51.313404
2026,Total nacional,Informal,Actividades financieras y de seguros,Feb - Abr,51.259188
2021,Total nacional,Informal,Actividades inmobiliarias,Ene - Mar,49.635985000000005
2021,Total nacional,Informal,Actividades inmobiliarias,Feb - Abr,51.79660466666667
2021,Total nacional,Informal,Actividades inmobiliarias,Mar - May,50.29623133333334
2021,Total nacional,Informal,Actividades inmobiliarias,Abr - Jun,49.493230000000004
2021,Total nacional,Informal,Actividades inmobiliarias,May - Jul,50.450900333333344
2021,Total nacional,Informal,Actividades inmobiliarias,Jun - Ago,49.91221566666667
2021,Total nacional,Informal,Actividades inmobiliarias,Jul - Sep,49.758453
2021,Total nacional,Informal,Actividades inmobiliarias,Ago - Oct,54.38608633333333
2021,Total nacional,Informal,Actividades inmobiliarias,Sep - Nov,54.809119
2021,Total nacional,Informal,Actividades inmobiliarias,Oct - Dic,60.577507
2021,Total nacional,Informal,Actividades inmobiliarias,Nov - Ene,54.013586333333336
2021,Total nacional,Informal,Actividades inmobiliarias,Dic - Feb,54.550474
2022,Total nacional,Informal,Actividades inmobiliarias,Ene - Mar,49.936487666666665
2022,Total nacional,Informal,Actividades inmobiliarias,Feb - Abr,58.86126866666666
2022,Total nacional,Informal,Actividades inmobiliarias,Mar - May,59.720661666666665
2022,Total nacional,Informal,Actividades inmobiliarias,Abr - Jun,59.13436333333333
2022,Total nacional,Informal,Actividades inmobiliarias,May - Jul,57.708233
2022,Total nacional,Informal,Actividades inmobiliarias,Jun - Ago,57.69196333333333
2022,Total nacional,Informal,Actividades inmobiliarias,Jul - Sep,60.893751333333334
2022,Total nacional,Informal,Actividades inmobiliarias,Ago - Oct,51.194525
2022,Total nacional,Informal,Actividades inmobiliarias,Sep - Nov,52.052594
2022,Total nacional,Informal,Actividades inmobiliarias,Oct - Dic,51.107712666666664
2022,Total nacional,Informal,Actividades inmobiliarias,Nov - Ene,52.65417266666666
2022,Total nacional,Informal,Actividades inmobiliarias,Dic - Feb,49.34388066666667
2023,Total nacional,Informal,Actividades inmobiliarias,Ene - Mar,46.841814666666664
2023,Total nacional,Informal,Actividades inmobiliarias,Feb - Abr,47.33964433333333
2023,Total nacional,Informal,Actividades inmobiliarias,Mar - May,49.574287
2023,Total nacional,Informal,Actividades inmobiliarias,Abr - Jun,49.46719099999999
2023,Total nacional,Informal,Actividades inmobiliarias,May - Jul,56.04162733333334
2023,Total nacional,Informal,Actividades inmobiliarias,Jun - Ago,57.82377399999999
2023,Total nacional,Informal,Actividades inmobiliarias,Jul - Sep,55.13554266666667
2023,Total nacional,Informal,Actividades inmobiliarias,Ago - Oct,53.17363566666666
2023,Total nacional,Informal,Actividades inmobiliarias,Sep - Nov,48.090408999999994
2023,Total nacional,Informal,Actividades inmobiliarias,Oct - Dic,51.464432666666674
2023,Total nacional,Informal,Actividades inmobiliarias,Nov - Ene,44.98697833333333
2023,Total nacional,Informal,Actividades inmobiliarias,Dic - Feb,50.475542
2024,Total nacional,Informal,Actividades inmobiliarias,Ene - Mar,55.69929233333334
2024,Total nacional,Informal,Actividades inmobiliarias,Feb - Abr,65.16131833333334
2024,Total nacional,Informal,Actividades inmobiliarias,Mar - May,62.77184666666667
2024,Total nacional,Informal,Actividades inmobiliarias,Abr - Jun,57.12029966666666
2024,Total nacional,Informal,Actividades inmobiliarias,May - Jul,53.47641566666666
2024,Total nacional,Informal,Actividades inmobiliarias,Jun - Ago,57.006678666666666
2024,Total nacional,Informal,Actividades inmobiliarias,Jul - Sep,53.09795966666667
2024,Total nacional,Informal,Actividades inmobiliarias,Ago - Oct,48.93917199999999
2024,Total nacional,Informal,Actividades inmobiliarias,Sep - Nov,39.840284
2024,Total nacional,Informal,Actividades inmobiliarias,Oct - Dic,51.989517
2024,Total nacional,Informal,Actividades inmobiliarias,Nov - Ene,62.543468
2024,Total nacional,Informal,Actividades inmobiliarias,Dic - Feb,66.399596
2025,Total nacional,Informal,Actividades inmobiliarias,Ene - Mar,62.349339
2025,Total nacional,Informal,Actividades inmobiliarias,Feb - Abr,50.379748
2025,Total nacional,Informal,Actividades inmobiliarias,Mar - May,46.04369
2025,Total nacional,Informal,Actividades inmobiliarias,Abr - Jun,42.194801
2025,Total nacional,Informal,Actividades inmobiliarias,May - Jul,42.230143
2025,Total nacional,Informal,Actividades inmobiliarias,Jun - Ago,47.872129
2025,Total nacional,Informal,Actividades inmobiliarias,Jul - Sep,51.376772
2025,Total nacional,Informal,Actividades inmobiliarias,Ago - Oct,52.441126
2025,Total nacional,Informal,Actividades inmobiliarias,Sep - Nov,50.233344
2025,Total nacional,Informal,Actividades inmobiliarias,Oct - Dic,51.02123
2025,Total nacional,Informal,Actividades inmobiliarias,Nov - Ene,50.840443
2025,Total nacional,Informal,Actividades inmobiliarias,Dic - Feb,56.576083
2026,Total nacional,Informal,Actividades inmobiliarias,Ene - Mar,52.051376
2026,Total nacional,Informal,Actividades inmobiliarias,Feb - Abr,54.47634
2021,Total nacional,Informal,"Actividades profesionales, científicas, técnicas y de servicios administrativos",Ene - Mar,663.4717256666667
2021,Total nacional,Informal,"Actividades profesionales, científicas, técnicas y de servicios administrativos",Feb - Abr,681.506401
2021,Total nacional,Informal,"Actividades profesionales, científicas, técnicas y de servicios administrativos",Mar - May,685.007185
2021,Total nacional,Informal,"Actividades profesionales, científicas, técnicas y de servicios administrativos",Abr - Jun,720.67982
2021,Total nacional,Informal,"Actividades profesionales, científicas, técnicas y de servicios administrativos",May - Jul,738.1944283333333
2021,Total nacional,Informal,"Actividades profesionales, científicas, técnicas y de servicios administrativos",Jun - Ago,780.366743
2021,Total nacional,Informal,"Actividades profesionales, científicas, técnicas y de servicios administrativos",Jul - Sep,794.5209930000001
2021,Total nacional,Informal,"Actividades profesionales, científicas, técnicas y de servicios administrativos",Ago - Oct,829.867569
2021,Total nacional,Informal,"Actividades profesionales, científicas, técnicas y de servicios administrativos",Sep - Nov,822.6551303333334
2021,Total nacional,Informal,"Actividades profesionales, científicas, técnicas y de servicios administrativos",Oct - Dic,824.46108
2021,Total nacional,Informal,"Actividades profesionales, científicas, técnicas y de servicios administrativos",Nov - Ene,813.062961
2021,Total nacional,Informal,"Actividades profesionales, científicas, técnicas y de servicios administrativos",Dic - Feb,805.9724733333333
2022,Total nacional,Informal,"Actividades profesionales, científicas, técnicas y de servicios administrativos",Ene - Mar,764.7158083333334
2022,Total nacional,Informal,"Actividades profesionales, científicas, técnicas y de servicios administrativos",Feb - Abr,770.105097
2022,Total nacional,Informal,"Actividades profesionales, científicas, técnicas y de servicios administrativos",Mar - May,775.9242113333333
2022,Total nacional,Informal,"Actividades profesionales, científicas, técnicas y de servicios administrativos",Abr - Jun,790.2921150000001
2022,Total nacional,Informal,"Actividades profesionales, científicas, técnicas y de servicios administrativos",May - Jul,808.76671
2022,Total nacional,Informal,"Actividades profesionales, científicas, técnicas y de servicios administrativos",Jun - Ago,825.4724246666666
2022,Total nacional,Informal,"Actividades profesionales, científicas, técnicas y de servicios administrativos",Jul - Sep,851.2144870000001
2022,Total nacional,Informal,"Actividades profesionales, científicas, técnicas y de servicios administrativos",Ago - Oct,821.944645
2022,Total nacional,Informal,"Actividades profesionales, científicas, técnicas y de servicios administrativos",Sep - Nov,846.4343146666666
2022,Total nacional,Informal,"Actividades profesionales, científicas, técnicas y de servicios administrativos",Oct - Dic,868.8390176666667
2022,Total nacional,Informal,"Actividades profesionales, científicas, técnicas y de servicios administrativos",Nov - Ene,897.0579993333332
2022,Total nacional,Informal,"Actividades profesionales, científicas, técnicas y de servicios administrativos",Dic - Feb,863.8350366666667
2023,Total nacional,Informal,"Actividades profesionales, científicas, técnicas y de servicios administrativos",Ene - Mar,858.1716733333333
2023,Total nacional,Informal,"Actividades profesionales, científicas, técnicas y de servicios administrativos",Feb - Abr,855.446512
2023,Total nacional,Informal,"Actividades profesionales, científicas, técnicas y de servicios administrativos",Mar - May,852.0915863333333
2023,Total nacional,Informal,"Actividades profesionales, científicas, técnicas y de servicios administrativos",Abr - Jun,844.850251
2023,Total nacional,Informal,"Actividades profesionales, científicas, técnicas y de servicios administrativos",May - Jul,847.2236290000001
2023,Total nacional,Informal,"Actividades profesionales, científicas, técnicas y de servicios administrativos",Jun - Ago,866.2033956666666
2023,Total nacional,Informal,"Actividades profesionales, científicas, técnicas y de servicios administrativos",Jul - Sep,877.7005116666668
2023,Total nacional,Informal,"Actividades profesionales, científicas, técnicas y de servicios administrativos",Ago - Oct,860.86519
2023,Total nacional,Informal,"Actividades profesionales, científicas, técnicas y de servicios administrativos",Sep - Nov,867.4081893333333
2023,Total nacional,Informal,"Actividades profesionales, científicas, técnicas y de servicios administrativos",Oct - Dic,892.3053776666666
2023,Total nacional,Informal,"Actividades profesionales, científicas, técnicas y de servicios administrativos",Nov - Ene,927.054005
2023,Total nacional,Informal,"Actividades profesionales, científicas, técnicas y de servicios administrativos",Dic - Feb,891.1062139999999
2024,Total nacional,Informal,"Actividades profesionales, científicas, técnicas y de servicios administrativos",Ene - Mar,865.916656
2024,Total nacional,Informal,"Actividades profesionales, científicas, técnicas y de servicios administrativos",Feb - Abr,839.6357606666667
2024,Total nacional,Informal,"Actividades profesionales, científicas, técnicas y de servicios administrativos",Mar - May,842.8659600000001
2024,Total nacional,Informal,"Actividades profesionales, científicas, técnicas y de servicios administrativos",Abr - Jun,815.899877
2024,Total nacional,Informal,"Actividades profesionales, científicas, técnicas y de servicios administrativos",May - Jul,819.4734756666667
2024,Total nacional,Informal,"Actividades profesionales, científicas, técnicas y de servicios administrativos",Jun - Ago,845.1853986666666
2024,Total nacional,Informal,"Actividades profesionales, científicas, técnicas y de servicios administrativos",Jul - Sep,880.1660993333334
2024,Total nacional,Informal,"Actividades profesionales, científicas, técnicas y de servicios administrativos",Ago - Oct,852.2950406666668
2024,Total nacional,Informal,"Actividades profesionales, científicas, técnicas y de servicios administrativos",Sep - Nov,879.8314013333334
2024,Total nacional,Informal,"Actividades profesionales, científicas, técnicas y de servicios administrativos",Oct - Dic,906.0087629999999
2024,Total nacional,Informal,"Actividades profesionales, científicas, técnicas y de servicios administrativos",Nov - Ene,934.830584
2024,Total nacional,Informal,"Actividades profesionales, científicas, técnicas y de servicios administrativos",Dic - Feb,915.689015
2025,Total nacional,Informal,"Actividades profesionales, científicas, técnicas y de servicios administrativos",Ene - Mar,871.315855
2025,Total nacional,Informal,"Actividades profesionales, científicas, técnicas y de servicios administrativos",Feb - Abr,867.881537
2025,Total nacional,Informal,"Actividades profesionales, científicas, técnicas y de servicios administrativos",Mar - May,881.310512
2025,Total nacional,Informal,"Actividades profesionales, científicas, técnicas y de servicios administrativos",Abr - Jun,886.075805
2025,Total nacional,Informal,"Actividades profesionales, científicas, técnicas y de servicios administrativos",May - Jul,915.676737
2025,Total nacional,Informal,"Actividades profesionales, científicas, técnicas y de servicios administrativos",Jun - Ago,917.313018
2025,Total nacional,Informal,"Actividades profesionales, científicas, técnicas y de servicios administrativos",Jul - Sep,895.336857
2025,Total nacional,Informal,"Actividades profesionales, científicas, técnicas y de servicios administrativos",Ago - Oct,877.784747
2025,Total nacional,Informal,"Actividades profesionales, científicas, técnicas y de servicios administrativos",Sep - Nov,854.63234
2025,Total nacional,Informal,"Actividades profesionales, científicas, técnicas y de servicios administrativos",Oct - Dic,903.575617
2025,Total nacional,Informal,"Actividades profesionales, científicas, técnicas y de servicios administrativos",Nov - Ene,917.397009
2025,Total nacional,Informal,"Actividades profesionales, científicas, técnicas y de servicios administrativos",Dic - Feb,943.880286
2026,Total nacional,Informal,"Actividades profesionales, científicas, técnicas y de servicios administrativos",Ene - Mar,934.694437
2026,Total nacional,Informal,"Actividades profesionales, científicas, técnicas y de servicios administrativos",Feb - Abr,938.909187
2021,Total nacional,Informal,"Administración pública y defensa, educación y atención de la salud humana",Ene - Mar,427.5180923333333
2021,Total nacional,Informal,"Administración pública y defensa, educación y atención de la salud humana",Feb - Abr,438.63044599999995
2021,Total nacional,Informal,"Administración pública y defensa, educación y atención de la salud humana",Mar - May,433.986024
2021,Total nacional,Informal,"Administración pública y defensa, educación y atención de la salud humana",Abr - Jun,417.67911333333336
2021,Total nacional,Informal,"Administración pública y defensa, educación y atención de la salud humana",May - Jul,385.51129099999997
2021,Total nacional,Informal,"Administración pública y defensa, educación y atención de la salud humana",Jun - Ago,351.7016023333333
2021,Total nacional,Informal,"Administración pública y defensa, educación y atención de la salud humana",Jul - Sep,367.69949833333334
2021,Total nacional,Informal,"Administración pública y defensa, educación y atención de la salud humana",Ago - Oct,386.94103633333333
2021,Total nacional,Informal,"Administración pública y defensa, educación y atención de la salud humana",Sep - Nov,410.090504
2021,Total nacional,Informal,"Administración pública y defensa, educación y atención de la salud humana",Oct - Dic,384.825137
2021,Total nacional,Informal,"Administración pública y defensa, educación y atención de la salud humana",Nov - Ene,353.53038999999995
2021,Total nacional,Informal,"Administración pública y defensa, educación y atención de la salud humana",Dic - Feb,343.17218333333335
2022,Total nacional,Informal,"Administración pública y defensa, educación y atención de la salud humana",Ene - Mar,381.920051
2022,Total nacional,Informal,"Administración pública y defensa, educación y atención de la salud humana",Feb - Abr,417.3111666666667
2022,Total nacional,Informal,"Administración pública y defensa, educación y atención de la salud humana",Mar - May,426.183881
2022,Total nacional,Informal,"Administración pública y defensa, educación y atención de la salud humana",Abr - Jun,395.650167
2022,Total nacional,Informal,"Administración pública y defensa, educación y atención de la salud humana",May - Jul,397.16737166666667
2022,Total nacional,Informal,"Administración pública y defensa, educación y atención de la salud humana",Jun - Ago,418.26155966666664
2022,Total nacional,Informal,"Administración pública y defensa, educación y atención de la salud humana",Jul - Sep,430.23217900000003
2022,Total nacional,Informal,"Administración pública y defensa, educación y atención de la salud humana",Ago - Oct,421.4779906666667
2022,Total nacional,Informal,"Administración pública y defensa, educación y atención de la salud humana",Sep - Nov,391.83153999999996
2022,Total nacional,Informal,"Administración pública y defensa, educación y atención de la salud humana",Oct - Dic,379.38586933333335
2022,Total nacional,Informal,"Administración pública y defensa, educación y atención de la salud humana",Nov - Ene,329.96318433333334
2022,Total nacional,Informal,"Administración pública y defensa, educación y atención de la salud humana",Dic - Feb,304.92154899999997
2023,Total nacional,Informal,"Administración pública y defensa, educación y atención de la salud humana",Ene - Mar,319.64562633333327
2023,Total nacional,Informal,"Administración pública y defensa, educación y atención de la salud humana",Feb - Abr,338.233287
2023,Total nacional,Informal,"Administración pública y defensa, educación y atención de la salud humana",Mar - May,351.4964166666667
2023,Total nacional,Informal,"Administración pública y defensa, educación y atención de la salud humana",Abr - Jun,328.876183
2023,Total nacional,Informal,"Administración pública y defensa, educación y atención de la salud humana",May - Jul,341.3606333333334
2023,Total nacional,Informal,"Administración pública y defensa, educación y atención de la salud humana",Jun - Ago,346.89422399999995
2023,Total nacional,Informal,"Administración pública y defensa, educación y atención de la salud humana",Jul - Sep,356.36990466666674
2023,Total nacional,Informal,"Administración pública y defensa, educación y atención de la salud humana",Ago - Oct,353.962084
2023,Total nacional,Informal,"Administración pública y defensa, educación y atención de la salud humana",Sep - Nov,365.84356133333335
2023,Total nacional,Informal,"Administración pública y defensa, educación y atención de la salud humana",Oct - Dic,340.57389599999993
2023,Total nacional,Informal,"Administración pública y defensa, educación y atención de la salud humana",Nov - Ene,314.0120993333333
2023,Total nacional,Informal,"Administración pública y defensa, educación y atención de la salud humana",Dic - Feb,291.6446
2024,Total nacional,Informal,"Administración pública y defensa, educación y atención de la salud humana",Ene - Mar,324.576797
2024,Total nacional,Informal,"Administración pública y defensa, educación y atención de la salud humana",Feb - Abr,361.9391103333333
2024,Total nacional,Informal,"Administración pública y defensa, educación y atención de la salud humana",Mar - May,379.6757583333333
2024,Total nacional,Informal,"Administración pública y defensa, educación y atención de la salud humana",Abr - Jun,373.8009723333333
2024,Total nacional,Informal,"Administración pública y defensa, educación y atención de la salud humana",May - Jul,370.2690723333333
2024,Total nacional,Informal,"Administración pública y defensa, educación y atención de la salud humana",Jun - Ago,375.0087773333333
2024,Total nacional,Informal,"Administración pública y defensa, educación y atención de la salud humana",Jul - Sep,357.7382486666667
2024,Total nacional,Informal,"Administración pública y defensa, educación y atención de la salud humana",Ago - Oct,346.7632536666667
2024,Total nacional,Informal,"Administración pública y defensa, educación y atención de la salud humana",Sep - Nov,336.8382443333333
2024,Total nacional,Informal,"Administración pública y defensa, educación y atención de la salud humana",Oct - Dic,339.5164456666667
2024,Total nacional,Informal,"Administración pública y defensa, educación y atención de la salud humana",Nov - Ene,321.959728
2024,Total nacional,Informal,"Administración pública y defensa, educación y atención de la salud humana",Dic - Feb,320.06263
2025,Total nacional,Informal,"Administración pública y defensa, educación y atención de la salud humana",Ene - Mar,330.318379
2025,Total nacional,Informal,"Administración pública y defensa, educación y atención de la salud humana",Feb - Abr,361.44697
2025,Total nacional,Informal,"Administración pública y defensa, educación y atención de la salud humana",Mar - May,369.753414
2025,Total nacional,Informal,"Administración pública y defensa, educación y atención de la salud humana",Abr - Jun,359.423005
2025,Total nacional,Informal,"Administración pública y defensa, educación y atención de la salud humana",May - Jul,336.843585
2025,Total nacional,Informal,"Administración pública y defensa, educación y atención de la salud humana",Jun - Ago,327.057337
2025,Total nacional,Informal,"Administración pública y defensa, educación y atención de la salud humana",Jul - Sep,330.484218
2025,Total nacional,Informal,"Administración pública y defensa, educación y atención de la salud humana",Ago - Oct,339.607936
2025,Total nacional,Informal,"Administración pública y defensa, educación y atención de la salud humana",Sep - Nov,349.16324
2025,Total nacional,Informal,"Administración pública y defensa, educación y atención de la salud humana",Oct - Dic,349.765323
2025,Total nacional,Informal,"Administración pública y defensa, educación y atención de la salud humana",Nov - Ene,323.629122
2025,Total nacional,Informal,"Administración pública y defensa, educación y atención de la salud humana",Dic - Feb,318.050074
2026,Total nacional,Informal,"Administración pública y defensa, educación y atención de la salud humana",Ene - Mar,325.210431
2026,Total nacional,Informal,"Administración pública y defensa, educación y atención de la salud humana",Feb - Abr,364.157034
2021,Total nacional,Informal,"Actividades artísticas, entretenimiento, recreación y otras actividades de servicios",Ene - Mar,1253.16539
2021,Total nacional,Informal,"Actividades artísticas, entretenimiento, recreación y otras actividades de servicios",Feb - Abr,1231.5805156666668
2021,Total nacional,Informal,"Actividades artísticas, entretenimiento, recreación y otras actividades de servicios",Mar - May,1197.2195173333332
2021,Total nacional,Informal,"Actividades artísticas, entretenimiento, recreación y otras actividades de servicios",Abr - Jun,1156.5127703333335
2021,Total nacional,Informal,"Actividades artísticas, entretenimiento, recreación y otras actividades de servicios",May - Jul,1166.5785766666668
2021,Total nacional,Informal,"Actividades artísticas, entretenimiento, recreación y otras actividades de servicios",Jun - Ago,1185.4336926666667
2021,Total nacional,Informal,"Actividades artísticas, entretenimiento, recreación y otras actividades de servicios",Jul - Sep,1207.581252
2021,Total nacional,Informal,"Actividades artísticas, entretenimiento, recreación y otras actividades de servicios",Ago - Oct,1249.6374990000002
2021,Total nacional,Informal,"Actividades artísticas, entretenimiento, recreación y otras actividades de servicios",Sep - Nov,1250.1839056666668
2021,Total nacional,Informal,"Actividades artísticas, entretenimiento, recreación y otras actividades de servicios",Oct - Dic,1322.2447803333334
2021,Total nacional,Informal,"Actividades artísticas, entretenimiento, recreación y otras actividades de servicios",Nov - Ene,1302.7563933333333
2021,Total nacional,Informal,"Actividades artísticas, entretenimiento, recreación y otras actividades de servicios",Dic - Feb,1362.298767
2022,Total nacional,Informal,"Actividades artísticas, entretenimiento, recreación y otras actividades de servicios",Ene - Mar,1326.2520816666665
2022,Total nacional,Informal,"Actividades artísticas, entretenimiento, recreación y otras actividades de servicios",Feb - Abr,1354.6658586666665
2022,Total nacional,Informal,"Actividades artísticas, entretenimiento, recreación y otras actividades de servicios",Mar - May,1361.1045703333332
2022,Total nacional,Informal,"Actividades artísticas, entretenimiento, recreación y otras actividades de servicios",Abr - Jun,1432.6147326666667
2022,Total nacional,Informal,"Actividades artísticas, entretenimiento, recreación y otras actividades de servicios",May - Jul,1429.685025
2022,Total nacional,Informal,"Actividades artísticas, entretenimiento, recreación y otras actividades de servicios",Jun - Ago,1382.558914
2022,Total nacional,Informal,"Actividades artísticas, entretenimiento, recreación y otras actividades de servicios",Jul - Sep,1347.7359743333334
2022,Total nacional,Informal,"Actividades artísticas, entretenimiento, recreación y otras actividades de servicios",Ago - Oct,1406.6757413333335
2022,Total nacional,Informal,"Actividades artísticas, entretenimiento, recreación y otras actividades de servicios",Sep - Nov,1484.025554
2022,Total nacional,Informal,"Actividades artísticas, entretenimiento, recreación y otras actividades de servicios",Oct - Dic,1495.0561676666666
2022,Total nacional,Informal,"Actividades artísticas, entretenimiento, recreación y otras actividades de servicios",Nov - Ene,1449.7564776666666
2022,Total nacional,Informal,"Actividades artísticas, entretenimiento, recreación y otras actividades de servicios",Dic - Feb,1389.0093453333332
2023,Total nacional,Informal,"Actividades artísticas, entretenimiento, recreación y otras actividades de servicios",Ene - Mar,1394.6104043333332
2023,Total nacional,Informal,"Actividades artísticas, entretenimiento, recreación y otras actividades de servicios",Feb - Abr,1387.1230993333331
2023,Total nacional,Informal,"Actividades artísticas, entretenimiento, recreación y otras actividades de servicios",Mar - May,1355.811112
2023,Total nacional,Informal,"Actividades artísticas, entretenimiento, recreación y otras actividades de servicios",Abr - Jun,1382.3177846666667
2023,Total nacional,Informal,"Actividades artísticas, entretenimiento, recreación y otras actividades de servicios",May - Jul,1415.8786996666668
2023,Total nacional,Informal,"Actividades artísticas, entretenimiento, recreación y otras actividades de servicios",Jun - Ago,1462.4368956666667
2023,Total nacional,Informal,"Actividades artísticas, entretenimiento, recreación y otras actividades de servicios",Jul - Sep,1440.6362926666668
2023,Total nacional,Informal,"Actividades artísticas, entretenimiento, recreación y otras actividades de servicios",Ago - Oct,1439.2541713333333
2023,Total nacional,Informal,"Actividades artísticas, entretenimiento, recreación y otras actividades de servicios",Sep - Nov,1439.7575646666667
2023,Total nacional,Informal,"Actividades artísticas, entretenimiento, recreación y otras actividades de servicios",Oct - Dic,1424.5940359999997
2023,Total nacional,Informal,"Actividades artísticas, entretenimiento, recreación y otras actividades de servicios",Nov - Ene,1410.9142216666667
2023,Total nacional,Informal,"Actividades artísticas, entretenimiento, recreación y otras actividades de servicios",Dic - Feb,1433.1125679999998
2024,Total nacional,Informal,"Actividades artísticas, entretenimiento, recreación y otras actividades de servicios",Ene - Mar,1414.0015376666668
2024,Total nacional,Informal,"Actividades artísticas, entretenimiento, recreación y otras actividades de servicios",Feb - Abr,1413.5790153333335
2024,Total nacional,Informal,"Actividades artísticas, entretenimiento, recreación y otras actividades de servicios",Mar - May,1399.4493403333333
2024,Total nacional,Informal,"Actividades artísticas, entretenimiento, recreación y otras actividades de servicios",Abr - Jun,1429.8740673333334
2024,Total nacional,Informal,"Actividades artísticas, entretenimiento, recreación y otras actividades de servicios",May - Jul,1439.302958
2024,Total nacional,Informal,"Actividades artísticas, entretenimiento, recreación y otras actividades de servicios",Jun - Ago,1471.2177996666667
2024,Total nacional,Informal,"Actividades artísticas, entretenimiento, recreación y otras actividades de servicios",Jul - Sep,1469.9775993333333
2024,Total nacional,Informal,"Actividades artísticas, entretenimiento, recreación y otras actividades de servicios",Ago - Oct,1485.074219
2024,Total nacional,Informal,"Actividades artísticas, entretenimiento, recreación y otras actividades de servicios",Sep - Nov,1483.0075726666666
2024,Total nacional,Informal,"Actividades artísticas, entretenimiento, recreación y otras actividades de servicios",Oct - Dic,1490.894325
2024,Total nacional,Informal,"Actividades artísticas, entretenimiento, recreación y otras actividades de servicios",Nov - Ene,1485.916822
2024,Total nacional,Informal,"Actividades artísticas, entretenimiento, recreación y otras actividades de servicios",Dic - Feb,1447.705392
2025,Total nacional,Informal,"Actividades artísticas, entretenimiento, recreación y otras actividades de servicios",Ene - Mar,1453.97292
2025,Total nacional,Informal,"Actividades artísticas, entretenimiento, recreación y otras actividades de servicios",Feb - Abr,1424.333097
2025,Total nacional,Informal,"Actividades artísticas, entretenimiento, recreación y otras actividades de servicios",Mar - May,1431.862802
2025,Total nacional,Informal,"Actividades artísticas, entretenimiento, recreación y otras actividades de servicios",Abr - Jun,1380.213573
2025,Total nacional,Informal,"Actividades artísticas, entretenimiento, recreación y otras actividades de servicios",May - Jul,1401.827537
2025,Total nacional,Informal,"Actividades artísticas, entretenimiento, recreación y otras actividades de servicios",Jun - Ago,1439.630676
2025,Total nacional,Informal,"Actividades artísticas, entretenimiento, recreación y otras actividades de servicios",Jul - Sep,1479.611088
2025,Total nacional,Informal,"Actividades artísticas, entretenimiento, recreación y otras actividades de servicios",Ago - Oct,1470.89132
2025,Total nacional,Informal,"Actividades artísticas, entretenimiento, recreación y otras actividades de servicios",Sep - Nov,1482.465643
2025,Total nacional,Informal,"Actividades artísticas, entretenimiento, recreación y otras actividades de servicios",Oct - Dic,1514.386698
2025,Total nacional,Informal,"Actividades artísticas, entretenimiento, recreación y otras actividades de servicios",Nov - Ene,1516.067153
2025,Total nacional,Informal,"Actividades artísticas, entretenimiento, recreación y otras actividades de servicios",Dic - Feb,1499.562953
2026,Total nacional,Informal,"Actividades artísticas, entretenimiento, recreación y otras actividades de servicios",Ene - Mar,1477.67443
2026,Total nacional,Informal,"Actividades artísticas, entretenimiento, recreación y otras actividades de servicios",Feb - Abr,1497.57723
2021,13 Ciudades y áreas metropolitanas,Población ocupada,Población ocupada,Ene - Mar,9226.413326333335
2021,13 Ciudades y áreas metropolitanas,Población ocupada,Población ocupada,Feb - Abr,9320.446573000001
2021,13 Ciudades y áreas metropolitanas,Población ocupada,Población ocupada,Mar - May,9341.646440999999
2021,13 Ciudades y áreas metropolitanas,Población ocupada,Población ocupada,Abr - Jun,9363.296156666665
2021,13 Ciudades y áreas metropolitanas,Población ocupada,Población ocupada,May - Jul,9458.353572
2021,13 Ciudades y áreas metropolitanas,Población ocupada,Población ocupada,Jun - Ago,9571.040949333334
2021,13 Ciudades y áreas metropolitanas,Población ocupada,Población ocupada,Jul - Sep,9635.599743
2021,13 Ciudades y áreas metropolitanas,Población ocupada,Población ocupada,Ago - Oct,9682.477314666667
2021,13 Ciudades y áreas metropolitanas,Población ocupada,Población ocupada,Sep - Nov,9739.247104333333
2021,13 Ciudades y áreas metropolitanas,Población ocupada,Población ocupada,Oct - Dic,9791.785053
2021,13 Ciudades y áreas metropolitanas,Población ocupada,Población ocupada,Nov - Ene,9830.614035999999
2021,13 Ciudades y áreas metropolitanas,Población ocupada,Población ocupada,Dic - Feb,9932.701805333332
2022,13 Ciudades y áreas metropolitanas,Población ocupada,Población ocupada,Ene - Mar,10076.746925333333
2022,13 Ciudades y áreas metropolitanas,Población ocupada,Población ocupada,Feb - Abr,10284.429300333333
2022,13 Ciudades y áreas metropolitanas,Población ocupada,Población ocupada,Mar - May,10340.785037666667
2022,13 Ciudades y áreas metropolitanas,Población ocupada,Población ocupada,Abr - Jun,10353.216290666665
2022,13 Ciudades y áreas metropolitanas,Población ocupada,Población ocupada,May - Jul,10334.141717333334
2022,13 Ciudades y áreas metropolitanas,Población ocupada,Población ocupada,Jun - Ago,10351.432730333334
2022,13 Ciudades y áreas metropolitanas,Población ocupada,Población ocupada,Jul - Sep,10482.682782000002
2022,13 Ciudades y áreas metropolitanas,Población ocupada,Población ocupada,Ago - Oct,10583.102656000001
2022,13 Ciudades y áreas metropolitanas,Población ocupada,Población ocupada,Sep - Nov,10682.913694333334
2022,13 Ciudades y áreas metropolitanas,Población ocupada,Población ocupada,Oct - Dic,10641.614803999999
2022,13 Ciudades y áreas metropolitanas,Población ocupada,Población ocupada,Nov - Ene,10458.330681333333
2022,13 Ciudades y áreas metropolitanas,Población ocupada,Población ocupada,Dic - Feb,10358.300228333334
2023,13 Ciudades y áreas metropolitanas,Población ocupada,Población ocupada,Ene - Mar,10427.190396333333
2023,13 Ciudades y áreas metropolitanas,Población ocupada,Población ocupada,Feb - Abr,10598.516089000002
2023,13 Ciudades y áreas metropolitanas,Población ocupada,Población ocupada,Mar - May,10647.422422000001
2023,13 Ciudades y áreas metropolitanas,Población ocupada,Población ocupada,Abr - Jun,10714.183590666667
2023,13 Ciudades y áreas metropolitanas,Población ocupada,Población ocupada,May - Jul,10838.801381666666
2023,13 Ciudades y áreas metropolitanas,Población ocupada,Población ocupada,Jun - Ago,10955.436066333334
2023,13 Ciudades y áreas metropolitanas,Población ocupada,Población ocupada,Jul - Sep,10940.145749333335
2023,13 Ciudades y áreas metropolitanas,Población ocupada,Población ocupada,Ago - Oct,10967.878106000002
2023,13 Ciudades y áreas metropolitanas,Población ocupada,Población ocupada,Sep - Nov,11065.704729333333
2023,13 Ciudades y áreas metropolitanas,Población ocupada,Población ocupada,Oct - Dic,11032.853552
2023,13 Ciudades y áreas metropolitanas,Población ocupada,Población ocupada,Nov - Ene,10862.561842000001
2023,13 Ciudades y áreas metropolitanas,Población ocupada,Población ocupada,Dic - Feb,10712.449294666667
2024,13 Ciudades y áreas metropolitanas,Población ocupada,Población ocupada,Ene - Mar,10749.074610666668
2024,13 Ciudades y áreas metropolitanas,Población ocupada,Población ocupada,Feb - Abr,10880.318776666667
2024,13 Ciudades y áreas metropolitanas,Población ocupada,Población ocupada,Mar - May,10978.210743333335
2024,13 Ciudades y áreas metropolitanas,Población ocupada,Población ocupada,Abr - Jun,11006.381083333334
2024,13 Ciudades y áreas metropolitanas,Población ocupada,Población ocupada,May - Jul,11045.467115000001
2024,13 Ciudades y áreas metropolitanas,Población ocupada,Población ocupada,Jun - Ago,11079.693612000001
2024,13 Ciudades y áreas metropolitanas,Población ocupada,Población ocupada,Jul - Sep,11092.936601
2024,13 Ciudades y áreas metropolitanas,Población ocupada,Población ocupada,Ago - Oct,11121.628596333334
2024,13 Ciudades y áreas metropolitanas,Población ocupada,Población ocupada,Sep - Nov,11187.507835333332
2024,13 Ciudades y áreas metropolitanas,Población ocupada,Población ocupada,Oct - Dic,11195.437479333332
2024,13 Ciudades y áreas metropolitanas,Población ocupada,Población ocupada,Nov - Ene,11082.729261
2024,13 Ciudades y áreas metropolitanas,Población ocupada,Población ocupada,Dic - Feb,11027.648431
2025,13 Ciudades y áreas metropolitanas,Población ocupada,Población ocupada,Ene - Mar,11102.831287
2025,13 Ciudades y áreas metropolitanas,Población ocupada,Población ocupada,Feb - Abr,11222.503855
2025,13 Ciudades y áreas metropolitanas,Población ocupada,Población ocupada,Mar - May,11253.949323
2025,13 Ciudades y áreas metropolitanas,Población ocupada,Población ocupada,Abr - Jun,11254.18152
2025,13 Ciudades y áreas metropolitanas,Población ocupada,Población ocupada,May - Jul,11343.053505
2025,13 Ciudades y áreas metropolitanas,Población ocupada,Población ocupada,Jun - Ago,11413.15094
2025,13 Ciudades y áreas metropolitanas,Población ocupada,Población ocupada,Jul - Sep,11430.239366
2025,13 Ciudades y áreas metropolitanas,Población ocupada,Población ocupada,Ago - Oct,11497.298445
2025,13 Ciudades y áreas metropolitanas,Población ocupada,Población ocupada,Sep - Nov,11566.757859
2025,13 Ciudades y áreas metropolitanas,Población ocupada,Población ocupada,Oct - Dic,11613.486667
2025,13 Ciudades y áreas metropolitanas,Población ocupada,Población ocupada,Nov - Ene,11384.962974
2025,13 Ciudades y áreas metropolitanas,Población ocupada,Población ocupada,Dic - Feb,11260.998726
2026,13 Ciudades y áreas metropolitanas,Población ocupada,Población ocupada,Ene - Mar,11227.725964
2026,13 Ciudades y áreas metropolitanas,Población ocupada,Población ocupada,Feb - Abr,11386.328947
2021,13 Ciudades y áreas metropolitanas,Población ocupada,No informa,Ene - Mar,38.698622666666665
2021,13 Ciudades y áreas metropolitanas,Población ocupada,No informa,Feb - Abr,28.83518433333333
2021,13 Ciudades y áreas metropolitanas,Población ocupada,No informa,Mar - May,21.226693666666666
2021,13 Ciudades y áreas metropolitanas,Población ocupada,No informa,Abr - Jun,3.8031390000000003
2021,13 Ciudades y áreas metropolitanas,Población ocupada,No informa,May - Jul,3.2226353333333333
2021,13 Ciudades y áreas metropolitanas,Población ocupada,No informa,Jun - Ago,3.929494666666667
2021,13 Ciudades y áreas metropolitanas,Población ocupada,No informa,Jul - Sep,3.929494666666667
2021,13 Ciudades y áreas metropolitanas,Población ocupada,No informa,Ago - Oct,5.351361666666667
2021,13 Ciudades y áreas metropolitanas,Población ocupada,No informa,Sep - Nov,19.914142
2021,13 Ciudades y áreas metropolitanas,Población ocupada,No informa,Oct - Dic,23.954433666666663
2021,13 Ciudades y áreas metropolitanas,Población ocupada,No informa,Nov - Ene,25.55592466666667
2021,13 Ciudades y áreas metropolitanas,Población ocupada,No informa,Dic - Feb,9.779617
2022,13 Ciudades y áreas metropolitanas,Población ocupada,No informa,Ene - Mar,5.777038999999999
2022,13 Ciudades y áreas metropolitanas,Población ocupada,No informa,Feb - Abr,4.751362333333334
2022,13 Ciudades y áreas metropolitanas,Población ocupada,No informa,Mar - May,6.763912666666667
2022,13 Ciudades y áreas metropolitanas,Población ocupada,No informa,Abr - Jun,7.507670999999999
2022,13 Ciudades y áreas metropolitanas,Población ocupada,No informa,May - Jul,5.509989666666667
2022,13 Ciudades y áreas metropolitanas,Población ocupada,No informa,Jun - Ago,0.9378143333333333
2022,13 Ciudades y áreas metropolitanas,Población ocupada,No informa,Jul - Sep,2.5752
2022,13 Ciudades y áreas metropolitanas,Población ocupada,No informa,Ago - Oct,4.370446333333334
2022,13 Ciudades y áreas metropolitanas,Población ocupada,No informa,Sep - Nov,13.128594999999999
2022,13 Ciudades y áreas metropolitanas,Población ocupada,No informa,Oct - Dic,11.734456333333334
2022,13 Ciudades y áreas metropolitanas,Población ocupada,No informa,Nov - Ene,10.882184
2022,13 Ciudades y áreas metropolitanas,Población ocupada,No informa,Dic - Feb,1.967693
2023,13 Ciudades y áreas metropolitanas,Población ocupada,No informa,Ene - Mar,2.296798666666666
2023,13 Ciudades y áreas metropolitanas,Población ocupada,No informa,Feb - Abr,1.3538246666666665
2023,13 Ciudades y áreas metropolitanas,Población ocupada,No informa,Mar - May,2.2578816666666666
2023,13 Ciudades y áreas metropolitanas,Población ocupada,No informa,Abr - Jun,1.0404613333333332
2023,13 Ciudades y áreas metropolitanas,Población ocupada,No informa,May - Jul,1.432476
2023,13 Ciudades y áreas metropolitanas,Población ocupada,No informa,Jun - Ago,0.7333166666666667
2023,13 Ciudades y áreas metropolitanas,Población ocupada,No informa,Jul - Sep,0.5969123333333334
2023,13 Ciudades y áreas metropolitanas,Población ocupada,No informa,Ago - Oct,0.20489766666666667
2023,13 Ciudades y áreas metropolitanas,Población ocupada,No informa,Sep - Nov,0.03645166666666667
2023,13 Ciudades y áreas metropolitanas,Población ocupada,No informa,Oct - Dic,0.15190133333333333
2023,13 Ciudades y áreas metropolitanas,Población ocupada,No informa,Nov - Ene,0.15190133333333333
2023,13 Ciudades y áreas metropolitanas,Población ocupada,No informa,Dic - Feb,0.11544966666666667
2024,13 Ciudades y áreas metropolitanas,Población ocupada,No informa,Ene - Mar,0.0
2024,13 Ciudades y áreas metropolitanas,Población ocupada,No informa,Feb - Abr,0.294804
2024,13 Ciudades y áreas metropolitanas,Población ocupada,No informa,Mar - May,0.294804
2024,13 Ciudades y áreas metropolitanas,Población ocupada,No informa,Abr - Jun,0.294804
2024,13 Ciudades y áreas metropolitanas,Población ocupada,No informa,May - Jul,0.0
2024,13 Ciudades y áreas metropolitanas,Población ocupada,No informa,Jun - Ago,0.760358
2024,13 Ciudades y áreas metropolitanas,Población ocupada,No informa,Jul - Sep,0.760358
2024,13 Ciudades y áreas metropolitanas,Población ocupada,No informa,Ago - Oct,0.760358
2024,13 Ciudades y áreas metropolitanas,Población ocupada,No informa,Sep - Nov,0.0
2024,13 Ciudades y áreas metropolitanas,Población ocupada,No informa,Oct - Dic,0.0
2024,13 Ciudades y áreas metropolitanas,Población ocupada,No informa,Nov - Ene,0.0
2024,13 Ciudades y áreas metropolitanas,Población ocupada,No informa,Dic - Feb,0.453908
2025,13 Ciudades y áreas metropolitanas,Población ocupada,No informa,Ene - Mar,0.453908
2025,13 Ciudades y áreas metropolitanas,Población ocupada,No informa,Feb - Abr,0.453908
2025,13 Ciudades y áreas metropolitanas,Población ocupada,No informa,Mar - May,0.0
2025,13 Ciudades y áreas metropolitanas,Población ocupada,No informa,Abr - Jun,0.0
2025,13 Ciudades y áreas metropolitanas,Población ocupada,No informa,May - Jul,0.0
2025,13 Ciudades y áreas metropolitanas,Población ocupada,No informa,Jun - Ago,0.0
2025,13 Ciudades y áreas metropolitanas,Población ocupada,No informa,Jul - Sep,0.0
2025,13 Ciudades y áreas metropolitanas,Población ocupada,No informa,Ago - Oct,0.0
2025,13 Ciudades y áreas metropolitanas,Población ocupada,No informa,Sep - Nov,0.0
2025,13 Ciudades y áreas metropolitanas,Población ocupada,No informa,Oct - Dic,0.0
2025,13 Ciudades y áreas metropolitanas,Población ocupada,No informa,Nov - Ene,0.0
2025,13 Ciudades y áreas metropolitanas,Población ocupada,No informa,Dic - Feb,0.0
2026,13 Ciudades y áreas metropolitanas,Población ocupada,No informa,Ene - Mar,0.072949
2026,13 Ciudades y áreas metropolitanas,Población ocupada,No informa,Feb - Abr,0.131237
2021,13 Ciudades y áreas metropolitanas,Población ocupada,Otras ramas*,Ene - Mar,228.15924333333336
2021,13 Ciudades y áreas metropolitanas,Población ocupada,Otras ramas*,Feb - Abr,233.61107833333335
2021,13 Ciudades y áreas metropolitanas,Población ocupada,Otras ramas*,Mar - May,255.18824966666668
2021,13 Ciudades y áreas metropolitanas,Población ocupada,Otras ramas*,Abr - Jun,241.872743
2021,13 Ciudades y áreas metropolitanas,Población ocupada,Otras ramas*,May - Jul,228.29898033333333
2021,13 Ciudades y áreas metropolitanas,Población ocupada,Otras ramas*,Jun - Ago,230.95925266666666
2021,13 Ciudades y áreas metropolitanas,Población ocupada,Otras ramas*,Jul - Sep,240.45931800000002
2021,13 Ciudades y áreas metropolitanas,Población ocupada,Otras ramas*,Ago - Oct,251.3208086666667
2021,13 Ciudades y áreas metropolitanas,Población ocupada,Otras ramas*,Sep - Nov,259.36727733333333
2021,13 Ciudades y áreas metropolitanas,Población ocupada,Otras ramas*,Oct - Dic,269.26473400000003
2021,13 Ciudades y áreas metropolitanas,Población ocupada,Otras ramas*,Nov - Ene,286.57818733333335
2021,13 Ciudades y áreas metropolitanas,Población ocupada,Otras ramas*,Dic - Feb,281.9797943333333
2022,13 Ciudades y áreas metropolitanas,Población ocupada,Otras ramas*,Ene - Mar,278.9221773333333
2022,13 Ciudades y áreas metropolitanas,Población ocupada,Otras ramas*,Feb - Abr,276.6660116666667
2022,13 Ciudades y áreas metropolitanas,Población ocupada,Otras ramas*,Mar - May,272.996427
2022,13 Ciudades y áreas metropolitanas,Población ocupada,Otras ramas*,Abr - Jun,270.75091
2022,13 Ciudades y áreas metropolitanas,Población ocupada,Otras ramas*,May - Jul,275.4935003333333
2022,13 Ciudades y áreas metropolitanas,Población ocupada,Otras ramas*,Jun - Ago,285.51605233333333
2022,13 Ciudades y áreas metropolitanas,Población ocupada,Otras ramas*,Jul - Sep,289.53263066666665
2022,13 Ciudades y áreas metropolitanas,Población ocupada,Otras ramas*,Ago - Oct,286.24313266666667
2022,13 Ciudades y áreas metropolitanas,Población ocupada,Otras ramas*,Sep - Nov,285.68579
2022,13 Ciudades y áreas metropolitanas,Población ocupada,Otras ramas*,Oct - Dic,297.59510700000004
2022,13 Ciudades y áreas metropolitanas,Población ocupada,Otras ramas*,Nov - Ene,296.78489766666667
2022,13 Ciudades y áreas metropolitanas,Población ocupada,Otras ramas*,Dic - Feb,293.51742233333334
2023,13 Ciudades y áreas metropolitanas,Población ocupada,Otras ramas*,Ene - Mar,269.071052
2023,13 Ciudades y áreas metropolitanas,Población ocupada,Otras ramas*,Feb - Abr,262.0572066666667
2023,13 Ciudades y áreas metropolitanas,Población ocupada,Otras ramas*,Mar - May,259.8429106666667
2023,13 Ciudades y áreas metropolitanas,Población ocupada,Otras ramas*,Abr - Jun,284.16306299999997
2023,13 Ciudades y áreas metropolitanas,Población ocupada,Otras ramas*,May - Jul,314.466489
2023,13 Ciudades y áreas metropolitanas,Población ocupada,Otras ramas*,Jun - Ago,323.90340033333337
2023,13 Ciudades y áreas metropolitanas,Población ocupada,Otras ramas*,Jul - Sep,303.2116076666666
2023,13 Ciudades y áreas metropolitanas,Población ocupada,Otras ramas*,Ago - Oct,273.7635803333333
2023,13 Ciudades y áreas metropolitanas,Población ocupada,Otras ramas*,Sep - Nov,269.6502483333333
2023,13 Ciudades y áreas metropolitanas,Población ocupada,Otras ramas*,Oct - Dic,288.581982
2023,13 Ciudades y áreas metropolitanas,Población ocupada,Otras ramas*,Nov - Ene,301.052829
2023,13 Ciudades y áreas metropolitanas,Población ocupada,Otras ramas*,Dic - Feb,296.0458146666667
2024,13 Ciudades y áreas metropolitanas,Población ocupada,Otras ramas*,Ene - Mar,281.91150366666665
2024,13 Ciudades y áreas metropolitanas,Población ocupada,Otras ramas*,Feb - Abr,260.19906799999995
2024,13 Ciudades y áreas metropolitanas,Población ocupada,Otras ramas*,Mar - May,265.4423766666667
2024,13 Ciudades y áreas metropolitanas,Población ocupada,Otras ramas*,Abr - Jun,259.28021533333333
2024,13 Ciudades y áreas metropolitanas,Población ocupada,Otras ramas*,May - Jul,267.263821
2024,13 Ciudades y áreas metropolitanas,Población ocupada,Otras ramas*,Jun - Ago,277.88191266666666
2024,13 Ciudades y áreas metropolitanas,Población ocupada,Otras ramas*,Jul - Sep,291.86702499999996
2024,13 Ciudades y áreas metropolitanas,Población ocupada,Otras ramas*,Ago - Oct,304.77047066666665
2024,13 Ciudades y áreas metropolitanas,Población ocupada,Otras ramas*,Sep - Nov,298.5969983333333
2024,13 Ciudades y áreas metropolitanas,Población ocupada,Otras ramas*,Oct - Dic,298.3771423333333
2024,13 Ciudades y áreas metropolitanas,Población ocupada,Otras ramas*,Nov - Ene,287.955017
2024,13 Ciudades y áreas metropolitanas,Población ocupada,Otras ramas*,Dic - Feb,291.905917
2025,13 Ciudades y áreas metropolitanas,Población ocupada,Otras ramas*,Ene - Mar,304.181752
2025,13 Ciudades y áreas metropolitanas,Población ocupada,Otras ramas*,Feb - Abr,289.456114
2025,13 Ciudades y áreas metropolitanas,Población ocupada,Otras ramas*,Mar - May,265.460374
2025,13 Ciudades y áreas metropolitanas,Población ocupada,Otras ramas*,Abr - Jun,267.451558
2025,13 Ciudades y áreas metropolitanas,Población ocupada,Otras ramas*,May - Jul,295.801845
2025,13 Ciudades y áreas metropolitanas,Población ocupada,Otras ramas*,Jun - Ago,328.93464
2025,13 Ciudades y áreas metropolitanas,Población ocupada,Otras ramas*,Jul - Sep,314.683905
2025,13 Ciudades y áreas metropolitanas,Población ocupada,Otras ramas*,Ago - Oct,316.621898
2025,13 Ciudades y áreas metropolitanas,Población ocupada,Otras ramas*,Sep - Nov,308.3604
2025,13 Ciudades y áreas metropolitanas,Población ocupada,Otras ramas*,Oct - Dic,289.25494
2025,13 Ciudades y áreas metropolitanas,Población ocupada,Otras ramas*,Nov - Ene,279.487164
2025,13 Ciudades y áreas metropolitanas,Población ocupada,Otras ramas*,Dic - Feb,271.435022
2026,13 Ciudades y áreas metropolitanas,Población ocupada,Otras ramas*,Ene - Mar,296.57168
2026,13 Ciudades y áreas metropolitanas,Población ocupada,Otras ramas*,Feb - Abr,303.752502
2021,13 Ciudades y áreas metropolitanas,Población ocupada,Industrias manufactureras,Ene - Mar,1099.9955120000002
2021,13 Ciudades y áreas metropolitanas,Población ocupada,Industrias manufactureras,Feb - Abr,1066.7212929999998
2021,13 Ciudades y áreas metropolitanas,Población ocupada,Industrias manufactureras,Mar - May,1081.56649
2021,13 Ciudades y áreas metropolitanas,Población ocupada,Industrias manufactureras,Abr - Jun,1139.2171656666667
2021,13 Ciudades y áreas metropolitanas,Población ocupada,Industrias manufactureras,May - Jul,1196.8792489999998
2021,13 Ciudades y áreas metropolitanas,Población ocupada,Industrias manufactureras,Jun - Ago,1208.7470663333334
2021,13 Ciudades y áreas metropolitanas,Población ocupada,Industrias manufactureras,Jul - Sep,1211.300612
2021,13 Ciudades y áreas metropolitanas,Población ocupada,Industrias manufactureras,Ago - Oct,1216.48354
2021,13 Ciudades y áreas metropolitanas,Población ocupada,Industrias manufactureras,Sep - Nov,1199.3792626666666
2021,13 Ciudades y áreas metropolitanas,Población ocupada,Industrias manufactureras,Oct - Dic,1202.9527026666665
2021,13 Ciudades y áreas metropolitanas,Población ocupada,Industrias manufactureras,Nov - Ene,1208.1306313333332
2021,13 Ciudades y áreas metropolitanas,Población ocupada,Industrias manufactureras,Dic - Feb,1234.9691663333333
2022,13 Ciudades y áreas metropolitanas,Población ocupada,Industrias manufactureras,Ene - Mar,1287.837696
2022,13 Ciudades y áreas metropolitanas,Población ocupada,Industrias manufactureras,Feb - Abr,1327.8578243333332
2022,13 Ciudades y áreas metropolitanas,Población ocupada,Industrias manufactureras,Mar - May,1326.2472796666668
2022,13 Ciudades y áreas metropolitanas,Población ocupada,Industrias manufactureras,Abr - Jun,1308.6731303333333
2022,13 Ciudades y áreas metropolitanas,Población ocupada,Industrias manufactureras,May - Jul,1326.5602373333334
2022,13 Ciudades y áreas metropolitanas,Población ocupada,Industrias manufactureras,Jun - Ago,1346.189071
2022,13 Ciudades y áreas metropolitanas,Población ocupada,Industrias manufactureras,Jul - Sep,1383.6988533333333
2022,13 Ciudades y áreas metropolitanas,Población ocupada,Industrias manufactureras,Ago - Oct,1382.0687466666666
2022,13 Ciudades y áreas metropolitanas,Población ocupada,Industrias manufactureras,Sep - Nov,1443.416714
2022,13 Ciudades y áreas metropolitanas,Población ocupada,Industrias manufactureras,Oct - Dic,1426.2948686666666
2022,13 Ciudades y áreas metropolitanas,Población ocupada,Industrias manufactureras,Nov - Ene,1409.0131520000002
2022,13 Ciudades y áreas metropolitanas,Población ocupada,Industrias manufactureras,Dic - Feb,1324.2558583333332
2023,13 Ciudades y áreas metropolitanas,Población ocupada,Industrias manufactureras,Ene - Mar,1288.3454716666668
2023,13 Ciudades y áreas metropolitanas,Población ocupada,Industrias manufactureras,Feb - Abr,1339.0754996666667
2023,13 Ciudades y áreas metropolitanas,Población ocupada,Industrias manufactureras,Mar - May,1382.8892313333333
2023,13 Ciudades y áreas metropolitanas,Población ocupada,Industrias manufactureras,Abr - Jun,1400.9826303333332
2023,13 Ciudades y áreas metropolitanas,Población ocupada,Industrias manufactureras,May - Jul,1363.5497859999998
2023,13 Ciudades y áreas metropolitanas,Población ocupada,Industrias manufactureras,Jun - Ago,1384.331883
2023,13 Ciudades y áreas metropolitanas,Población ocupada,Industrias manufactureras,Jul - Sep,1395.3021410000001
2023,13 Ciudades y áreas metropolitanas,Población ocupada,Industrias manufactureras,Ago - Oct,1404.7702353333334
2023,13 Ciudades y áreas metropolitanas,Población ocupada,Industrias manufactureras,Sep - Nov,1392.5102470000002
2023,13 Ciudades y áreas metropolitanas,Población ocupada,Industrias manufactureras,Oct - Dic,1384.9924493333335
2023,13 Ciudades y áreas metropolitanas,Población ocupada,Industrias manufactureras,Nov - Ene,1404.78043
2023,13 Ciudades y áreas metropolitanas,Población ocupada,Industrias manufactureras,Dic - Feb,1402.3750683333335
2024,13 Ciudades y áreas metropolitanas,Población ocupada,Industrias manufactureras,Ene - Mar,1401.1524310000002
2024,13 Ciudades y áreas metropolitanas,Población ocupada,Industrias manufactureras,Feb - Abr,1377.7296703333334
2024,13 Ciudades y áreas metropolitanas,Población ocupada,Industrias manufactureras,Mar - May,1409.4160113333335
2024,13 Ciudades y áreas metropolitanas,Población ocupada,Industrias manufactureras,Abr - Jun,1418.584868
2024,13 Ciudades y áreas metropolitanas,Población ocupada,Industrias manufactureras,May - Jul,1430.9708480000002
2024,13 Ciudades y áreas metropolitanas,Población ocupada,Industrias manufactureras,Jun - Ago,1409.1924576666668
2024,13 Ciudades y áreas metropolitanas,Población ocupada,Industrias manufactureras,Jul - Sep,1401.8553670000001
2024,13 Ciudades y áreas metropolitanas,Población ocupada,Industrias manufactureras,Ago - Oct,1429.6771959999999
2024,13 Ciudades y áreas metropolitanas,Población ocupada,Industrias manufactureras,Sep - Nov,1467.9249963333332
2024,13 Ciudades y áreas metropolitanas,Población ocupada,Industrias manufactureras,Oct - Dic,1472.021027
2024,13 Ciudades y áreas metropolitanas,Población ocupada,Industrias manufactureras,Nov - Ene,1426.099185
2024,13 Ciudades y áreas metropolitanas,Población ocupada,Industrias manufactureras,Dic - Feb,1415.020541
2025,13 Ciudades y áreas metropolitanas,Población ocupada,Industrias manufactureras,Ene - Mar,1452.315254
2025,13 Ciudades y áreas metropolitanas,Población ocupada,Industrias manufactureras,Feb - Abr,1522.560277
2025,13 Ciudades y áreas metropolitanas,Población ocupada,Industrias manufactureras,Mar - May,1502.671192
2025,13 Ciudades y áreas metropolitanas,Población ocupada,Industrias manufactureras,Abr - Jun,1561.551882
2025,13 Ciudades y áreas metropolitanas,Población ocupada,Industrias manufactureras,May - Jul,1555.880361
2025,13 Ciudades y áreas metropolitanas,Población ocupada,Industrias manufactureras,Jun - Ago,1593.891446
2025,13 Ciudades y áreas metropolitanas,Población ocupada,Industrias manufactureras,Jul - Sep,1541.814758
2025,13 Ciudades y áreas metropolitanas,Población ocupada,Industrias manufactureras,Ago - Oct,1581.901617
2025,13 Ciudades y áreas metropolitanas,Población ocupada,Industrias manufactureras,Sep - Nov,1557.42892
2025,13 Ciudades y áreas metropolitanas,Población ocupada,Industrias manufactureras,Oct - Dic,1605.745011
2025,13 Ciudades y áreas metropolitanas,Población ocupada,Industrias manufactureras,Nov - Ene,1523.478901
2025,13 Ciudades y áreas metropolitanas,Población ocupada,Industrias manufactureras,Dic - Feb,1504.09549
2026,13 Ciudades y áreas metropolitanas,Población ocupada,Industrias manufactureras,Ene - Mar,1390.287999
2026,13 Ciudades y áreas metropolitanas,Población ocupada,Industrias manufactureras,Feb - Abr,1438.209054
2021,13 Ciudades y áreas metropolitanas,Población ocupada,Construcción,Ene - Mar,673.4520663333333
2021,13 Ciudades y áreas metropolitanas,Población ocupada,Construcción,Feb - Abr,691.3225900000001
2021,13 Ciudades y áreas metropolitanas,Población ocupada,Construcción,Mar - May,711.3933996666666
2021,13 Ciudades y áreas metropolitanas,Población ocupada,Construcción,Abr - Jun,658.639505
2021,13 Ciudades y áreas metropolitanas,Población ocupada,Construcción,May - Jul,641.9546023333334
2021,13 Ciudades y áreas metropolitanas,Población ocupada,Construcción,Jun - Ago,669.2511893333333
2021,13 Ciudades y áreas metropolitanas,Población ocupada,Construcción,Jul - Sep,672.8428303333334
2021,13 Ciudades y áreas metropolitanas,Población ocupada,Construcción,Ago - Oct,669.327189
2021,13 Ciudades y áreas metropolitanas,Población ocupada,Construcción,Sep - Nov,691.8729416666666
2021,13 Ciudades y áreas metropolitanas,Población ocupada,Construcción,Oct - Dic,670.9589513333334
2021,13 Ciudades y áreas metropolitanas,Población ocupada,Construcción,Nov - Ene,686.9123153333334
2021,13 Ciudades y áreas metropolitanas,Población ocupada,Construcción,Dic - Feb,667.083769
2022,13 Ciudades y áreas metropolitanas,Población ocupada,Construcción,Ene - Mar,697.1701343333334
2022,13 Ciudades y áreas metropolitanas,Población ocupada,Construcción,Feb - Abr,706.9772153333333
2022,13 Ciudades y áreas metropolitanas,Población ocupada,Construcción,Mar - May,726.077594
2022,13 Ciudades y áreas metropolitanas,Población ocupada,Construcción,Abr - Jun,717.4580849999999
2022,13 Ciudades y áreas metropolitanas,Población ocupada,Construcción,May - Jul,679.6249613333333
2022,13 Ciudades y áreas metropolitanas,Población ocupada,Construcción,Jun - Ago,677.7866686666666
2022,13 Ciudades y áreas metropolitanas,Población ocupada,Construcción,Jul - Sep,676.6724033333334
2022,13 Ciudades y áreas metropolitanas,Población ocupada,Construcción,Ago - Oct,701.1828643333333
2022,13 Ciudades y áreas metropolitanas,Población ocupada,Construcción,Sep - Nov,663.0887299999999
2022,13 Ciudades y áreas metropolitanas,Población ocupada,Construcción,Oct - Dic,673.3817129999999
2022,13 Ciudades y áreas metropolitanas,Población ocupada,Construcción,Nov - Ene,648.1346866666667
2022,13 Ciudades y áreas metropolitanas,Población ocupada,Construcción,Dic - Feb,686.3604353333334
2023,13 Ciudades y áreas metropolitanas,Población ocupada,Construcción,Ene - Mar,688.6651036666667
2023,13 Ciudades y áreas metropolitanas,Población ocupada,Construcción,Feb - Abr,718.994787
2023,13 Ciudades y áreas metropolitanas,Población ocupada,Construcción,Mar - May,671.4425633333334
2023,13 Ciudades y áreas metropolitanas,Población ocupada,Construcción,Abr - Jun,667.8394626666667
2023,13 Ciudades y áreas metropolitanas,Población ocupada,Construcción,May - Jul,680.4330936666667
2023,13 Ciudades y áreas metropolitanas,Población ocupada,Construcción,Jun - Ago,714.248673
2023,13 Ciudades y áreas metropolitanas,Población ocupada,Construcción,Jul - Sep,719.226861
2023,13 Ciudades y áreas metropolitanas,Población ocupada,Construcción,Ago - Oct,705.4682576666668
2023,13 Ciudades y áreas metropolitanas,Población ocupada,Construcción,Sep - Nov,717.1702806666667
2023,13 Ciudades y áreas metropolitanas,Población ocupada,Construcción,Oct - Dic,710.647893
2023,13 Ciudades y áreas metropolitanas,Población ocupada,Construcción,Nov - Ene,687.9080183333334
2023,13 Ciudades y áreas metropolitanas,Población ocupada,Construcción,Dic - Feb,682.5347313333333
2024,13 Ciudades y áreas metropolitanas,Población ocupada,Construcción,Ene - Mar,666.333041
2024,13 Ciudades y áreas metropolitanas,Población ocupada,Construcción,Feb - Abr,720.7536416666667
2024,13 Ciudades y áreas metropolitanas,Población ocupada,Construcción,Mar - May,735.9858136666666
2024,13 Ciudades y áreas metropolitanas,Población ocupada,Construcción,Abr - Jun,749.0422296666666
2024,13 Ciudades y áreas metropolitanas,Población ocupada,Construcción,May - Jul,719.1786696666667
2024,13 Ciudades y áreas metropolitanas,Población ocupada,Construcción,Jun - Ago,684.8656286666668
2024,13 Ciudades y áreas metropolitanas,Población ocupada,Construcción,Jul - Sep,688.9431536666667
2024,13 Ciudades y áreas metropolitanas,Población ocupada,Construcción,Ago - Oct,698.4992723333334
2024,13 Ciudades y áreas metropolitanas,Población ocupada,Construcción,Sep - Nov,714.0486773333332
2024,13 Ciudades y áreas metropolitanas,Población ocupada,Construcción,Oct - Dic,708.8574600000001
2024,13 Ciudades y áreas metropolitanas,Población ocupada,Construcción,Nov - Ene,709.837718
2024,13 Ciudades y áreas metropolitanas,Población ocupada,Construcción,Dic - Feb,754.164613
2025,13 Ciudades y áreas metropolitanas,Población ocupada,Construcción,Ene - Mar,775.239279
2025,13 Ciudades y áreas metropolitanas,Población ocupada,Construcción,Feb - Abr,772.369749
2025,13 Ciudades y áreas metropolitanas,Población ocupada,Construcción,Mar - May,730.594813
2025,13 Ciudades y áreas metropolitanas,Población ocupada,Construcción,Abr - Jun,706.703502
2025,13 Ciudades y áreas metropolitanas,Población ocupada,Construcción,May - Jul,721.229051
2025,13 Ciudades y áreas metropolitanas,Población ocupada,Construcción,Jun - Ago,749.462333
2025,13 Ciudades y áreas metropolitanas,Población ocupada,Construcción,Jul - Sep,760.920352
2025,13 Ciudades y áreas metropolitanas,Población ocupada,Construcción,Ago - Oct,732.138987
2025,13 Ciudades y áreas metropolitanas,Población ocupada,Construcción,Sep - Nov,731.766511
2025,13 Ciudades y áreas metropolitanas,Población ocupada,Construcción,Oct - Dic,726.057972
2025,13 Ciudades y áreas metropolitanas,Población ocupada,Construcción,Nov - Ene,729.970409
2025,13 Ciudades y áreas metropolitanas,Población ocupada,Construcción,Dic - Feb,718.706778
2026,13 Ciudades y áreas metropolitanas,Población ocupada,Construcción,Ene - Mar,741.222761
2026,13 Ciudades y áreas metropolitanas,Población ocupada,Construcción,Feb - Abr,757.813912
2021,13 Ciudades y áreas metropolitanas,Población ocupada,Comercio y reparación de vehículos,Ene - Mar,1896.812603
2021,13 Ciudades y áreas metropolitanas,Población ocupada,Comercio y reparación de vehículos,Feb - Abr,1976.7216173333334
2021,13 Ciudades y áreas metropolitanas,Población ocupada,Comercio y reparación de vehículos,Mar - May,1983.457922333333
2021,13 Ciudades y áreas metropolitanas,Población ocupada,Comercio y reparación de vehículos,Abr - Jun,2038.1742056666665
2021,13 Ciudades y áreas metropolitanas,Población ocupada,Comercio y reparación de vehículos,May - Jul,2062.1425586666664
2021,13 Ciudades y áreas metropolitanas,Población ocupada,Comercio y reparación de vehículos,Jun - Ago,2067.7964143333334
2021,13 Ciudades y áreas metropolitanas,Población ocupada,Comercio y reparación de vehículos,Jul - Sep,2034.9745456666667
2021,13 Ciudades y áreas metropolitanas,Población ocupada,Comercio y reparación de vehículos,Ago - Oct,1990.0850973333334
2021,13 Ciudades y áreas metropolitanas,Población ocupada,Comercio y reparación de vehículos,Sep - Nov,2010.770128
2021,13 Ciudades y áreas metropolitanas,Población ocupada,Comercio y reparación de vehículos,Oct - Dic,2030.288375
2021,13 Ciudades y áreas metropolitanas,Población ocupada,Comercio y reparación de vehículos,Nov - Ene,2051.418115
2021,13 Ciudades y áreas metropolitanas,Población ocupada,Comercio y reparación de vehículos,Dic - Feb,2090.938972666667
2022,13 Ciudades y áreas metropolitanas,Población ocupada,Comercio y reparación de vehículos,Ene - Mar,2095.2981503333335
2022,13 Ciudades y áreas metropolitanas,Población ocupada,Comercio y reparación de vehículos,Feb - Abr,2145.5917833333333
2022,13 Ciudades y áreas metropolitanas,Población ocupada,Comercio y reparación de vehículos,Mar - May,2080.2685046666666
2022,13 Ciudades y áreas metropolitanas,Población ocupada,Comercio y reparación de vehículos,Abr - Jun,2068.0260839999996
2022,13 Ciudades y áreas metropolitanas,Población ocupada,Comercio y reparación de vehículos,May - Jul,2038.8346073333332
2022,13 Ciudades y áreas metropolitanas,Población ocupada,Comercio y reparación de vehículos,Jun - Ago,2094.9664246666666
2022,13 Ciudades y áreas metropolitanas,Población ocupada,Comercio y reparación de vehículos,Jul - Sep,2161.766647666667
2022,13 Ciudades y áreas metropolitanas,Población ocupada,Comercio y reparación de vehículos,Ago - Oct,2179.7620493333334
2022,13 Ciudades y áreas metropolitanas,Población ocupada,Comercio y reparación de vehículos,Sep - Nov,2198.102453666667
2022,13 Ciudades y áreas metropolitanas,Población ocupada,Comercio y reparación de vehículos,Oct - Dic,2128.5269816666664
2022,13 Ciudades y áreas metropolitanas,Población ocupada,Comercio y reparación de vehículos,Nov - Ene,2093.124402666667
2022,13 Ciudades y áreas metropolitanas,Población ocupada,Comercio y reparación de vehículos,Dic - Feb,2101.4531563333335
2023,13 Ciudades y áreas metropolitanas,Población ocupada,Comercio y reparación de vehículos,Ene - Mar,2173.044201
2023,13 Ciudades y áreas metropolitanas,Población ocupada,Comercio y reparación de vehículos,Feb - Abr,2201.3490906666666
2023,13 Ciudades y áreas metropolitanas,Población ocupada,Comercio y reparación de vehículos,Mar - May,2169.3657470000003
2023,13 Ciudades y áreas metropolitanas,Población ocupada,Comercio y reparación de vehículos,Abr - Jun,2165.589168666667
2023,13 Ciudades y áreas metropolitanas,Población ocupada,Comercio y reparación de vehículos,May - Jul,2213.492201
2023,13 Ciudades y áreas metropolitanas,Población ocupada,Comercio y reparación de vehículos,Jun - Ago,2210.232928
2023,13 Ciudades y áreas metropolitanas,Población ocupada,Comercio y reparación de vehículos,Jul - Sep,2183.291123333333
2023,13 Ciudades y áreas metropolitanas,Población ocupada,Comercio y reparación de vehículos,Ago - Oct,2131.2044113333336
2023,13 Ciudades y áreas metropolitanas,Población ocupada,Comercio y reparación de vehículos,Sep - Nov,2191.518642666667
2023,13 Ciudades y áreas metropolitanas,Población ocupada,Comercio y reparación de vehículos,Oct - Dic,2203.592502666667
2023,13 Ciudades y áreas metropolitanas,Población ocupada,Comercio y reparación de vehículos,Nov - Ene,2193.043432666667
2023,13 Ciudades y áreas metropolitanas,Población ocupada,Comercio y reparación de vehículos,Dic - Feb,2115.799529666667
2024,13 Ciudades y áreas metropolitanas,Población ocupada,Comercio y reparación de vehículos,Ene - Mar,2137.0181596666666
2024,13 Ciudades y áreas metropolitanas,Población ocupada,Comercio y reparación de vehículos,Feb - Abr,2157.577193333333
2024,13 Ciudades y áreas metropolitanas,Población ocupada,Comercio y reparación de vehículos,Mar - May,2206.4650836666665
2024,13 Ciudades y áreas metropolitanas,Población ocupada,Comercio y reparación de vehículos,Abr - Jun,2181.6604373333334
2024,13 Ciudades y áreas metropolitanas,Población ocupada,Comercio y reparación de vehículos,May - Jul,2184.833708333333
2024,13 Ciudades y áreas metropolitanas,Población ocupada,Comercio y reparación de vehículos,Jun - Ago,2202.633796
2024,13 Ciudades y áreas metropolitanas,Población ocupada,Comercio y reparación de vehículos,Jul - Sep,2194.863890666667
2024,13 Ciudades y áreas metropolitanas,Población ocupada,Comercio y reparación de vehículos,Ago - Oct,2238.0382056666667
2024,13 Ciudades y áreas metropolitanas,Población ocupada,Comercio y reparación de vehículos,Sep - Nov,2213.671879666667
2024,13 Ciudades y áreas metropolitanas,Población ocupada,Comercio y reparación de vehículos,Oct - Dic,2268.9067576666666
2024,13 Ciudades y áreas metropolitanas,Población ocupada,Comercio y reparación de vehículos,Nov - Ene,2234.477378
2024,13 Ciudades y áreas metropolitanas,Población ocupada,Comercio y reparación de vehículos,Dic - Feb,2204.72882
2025,13 Ciudades y áreas metropolitanas,Población ocupada,Comercio y reparación de vehículos,Ene - Mar,2164.028243
2025,13 Ciudades y áreas metropolitanas,Población ocupada,Comercio y reparación de vehículos,Feb - Abr,2147.618646
2025,13 Ciudades y áreas metropolitanas,Población ocupada,Comercio y reparación de vehículos,Mar - May,2217.26517
2025,13 Ciudades y áreas metropolitanas,Población ocupada,Comercio y reparación de vehículos,Abr - Jun,2246.05203
2025,13 Ciudades y áreas metropolitanas,Población ocupada,Comercio y reparación de vehículos,May - Jul,2263.421194
2025,13 Ciudades y áreas metropolitanas,Población ocupada,Comercio y reparación de vehículos,Jun - Ago,2192.543987
2025,13 Ciudades y áreas metropolitanas,Población ocupada,Comercio y reparación de vehículos,Jul - Sep,2136.293006
2025,13 Ciudades y áreas metropolitanas,Población ocupada,Comercio y reparación de vehículos,Ago - Oct,2142.672256
2025,13 Ciudades y áreas metropolitanas,Población ocupada,Comercio y reparación de vehículos,Sep - Nov,2205.040571
2025,13 Ciudades y áreas metropolitanas,Población ocupada,Comercio y reparación de vehículos,Oct - Dic,2274.993214
2025,13 Ciudades y áreas metropolitanas,Población ocupada,Comercio y reparación de vehículos,Nov - Ene,2248.02317
2025,13 Ciudades y áreas metropolitanas,Población ocupada,Comercio y reparación de vehículos,Dic - Feb,2189.902331
2026,13 Ciudades y áreas metropolitanas,Población ocupada,Comercio y reparación de vehículos,Ene - Mar,2156.816833
2026,13 Ciudades y áreas metropolitanas,Población ocupada,Comercio y reparación de vehículos,Feb - Abr,2170.102417
2021,13 Ciudades y áreas metropolitanas,Población ocupada,Alojamiento y servicios de comida,Ene - Mar,595.2457053333334
2021,13 Ciudades y áreas metropolitanas,Población ocupada,Alojamiento y servicios de comida,Feb - Abr,624.9279353333333
2021,13 Ciudades y áreas metropolitanas,Población ocupada,Alojamiento y servicios de comida,Mar - May,610.166666
2021,13 Ciudades y áreas metropolitanas,Población ocupada,Alojamiento y servicios de comida,Abr - Jun,619.91133
2021,13 Ciudades y áreas metropolitanas,Población ocupada,Alojamiento y servicios de comida,May - Jul,637.4372736666667
2021,13 Ciudades y áreas metropolitanas,Población ocupada,Alojamiento y servicios de comida,Jun - Ago,650.5891096666667
2021,13 Ciudades y áreas metropolitanas,Población ocupada,Alojamiento y servicios de comida,Jul - Sep,641.0990969999999
2021,13 Ciudades y áreas metropolitanas,Población ocupada,Alojamiento y servicios de comida,Ago - Oct,628.3988103333332
2021,13 Ciudades y áreas metropolitanas,Población ocupada,Alojamiento y servicios de comida,Sep - Nov,613.4144433333333
2021,13 Ciudades y áreas metropolitanas,Población ocupada,Alojamiento y servicios de comida,Oct - Dic,609.1978273333333
2021,13 Ciudades y áreas metropolitanas,Población ocupada,Alojamiento y servicios de comida,Nov - Ene,591.5854863333333
2021,13 Ciudades y áreas metropolitanas,Población ocupada,Alojamiento y servicios de comida,Dic - Feb,611.9581843333334
2022,13 Ciudades y áreas metropolitanas,Población ocupada,Alojamiento y servicios de comida,Ene - Mar,645.799117
2022,13 Ciudades y áreas metropolitanas,Población ocupada,Alojamiento y servicios de comida,Feb - Abr,669.4295506666667
2022,13 Ciudades y áreas metropolitanas,Población ocupada,Alojamiento y servicios de comida,Mar - May,680.627181
2022,13 Ciudades y áreas metropolitanas,Población ocupada,Alojamiento y servicios de comida,Abr - Jun,675.2548780000001
2022,13 Ciudades y áreas metropolitanas,Población ocupada,Alojamiento y servicios de comida,May - Jul,682.4426866666666
2022,13 Ciudades y áreas metropolitanas,Población ocupada,Alojamiento y servicios de comida,Jun - Ago,674.952375
2022,13 Ciudades y áreas metropolitanas,Población ocupada,Alojamiento y servicios de comida,Jul - Sep,677.3576963333334
2022,13 Ciudades y áreas metropolitanas,Población ocupada,Alojamiento y servicios de comida,Ago - Oct,685.8596436666667
2022,13 Ciudades y áreas metropolitanas,Población ocupada,Alojamiento y servicios de comida,Sep - Nov,658.5798363333333
2022,13 Ciudades y áreas metropolitanas,Población ocupada,Alojamiento y servicios de comida,Oct - Dic,655.6105116666666
2022,13 Ciudades y áreas metropolitanas,Población ocupada,Alojamiento y servicios de comida,Nov - Ene,657.063453
2022,13 Ciudades y áreas metropolitanas,Población ocupada,Alojamiento y servicios de comida,Dic - Feb,698.3685089999999
2023,13 Ciudades y áreas metropolitanas,Población ocupada,Alojamiento y servicios de comida,Ene - Mar,735.9423946666666
2023,13 Ciudades y áreas metropolitanas,Población ocupada,Alojamiento y servicios de comida,Feb - Abr,748.646925
2023,13 Ciudades y áreas metropolitanas,Población ocupada,Alojamiento y servicios de comida,Mar - May,741.8730223333333
2023,13 Ciudades y áreas metropolitanas,Población ocupada,Alojamiento y servicios de comida,Abr - Jun,716.5838473333333
2023,13 Ciudades y áreas metropolitanas,Población ocupada,Alojamiento y servicios de comida,May - Jul,706.981044
2023,13 Ciudades y áreas metropolitanas,Población ocupada,Alojamiento y servicios de comida,Jun - Ago,726.0198236666666
2023,13 Ciudades y áreas metropolitanas,Población ocupada,Alojamiento y servicios de comida,Jul - Sep,750.2598263333334
2023,13 Ciudades y áreas metropolitanas,Población ocupada,Alojamiento y servicios de comida,Ago - Oct,800.6708666666667
2023,13 Ciudades y áreas metropolitanas,Población ocupada,Alojamiento y servicios de comida,Sep - Nov,798.6321353333333
2023,13 Ciudades y áreas metropolitanas,Población ocupada,Alojamiento y servicios de comida,Oct - Dic,776.1221693333333
2023,13 Ciudades y áreas metropolitanas,Población ocupada,Alojamiento y servicios de comida,Nov - Ene,710.5705629999999
2023,13 Ciudades y áreas metropolitanas,Población ocupada,Alojamiento y servicios de comida,Dic - Feb,703.731668
2024,13 Ciudades y áreas metropolitanas,Población ocupada,Alojamiento y servicios de comida,Ene - Mar,703.7654706666667
2024,13 Ciudades y áreas metropolitanas,Población ocupada,Alojamiento y servicios de comida,Feb - Abr,741.5176953333333
2024,13 Ciudades y áreas metropolitanas,Población ocupada,Alojamiento y servicios de comida,Mar - May,776.2652923333334
2024,13 Ciudades y áreas metropolitanas,Población ocupada,Alojamiento y servicios de comida,Abr - Jun,815.817948
2024,13 Ciudades y áreas metropolitanas,Población ocupada,Alojamiento y servicios de comida,May - Jul,818.9772143333333
2024,13 Ciudades y áreas metropolitanas,Población ocupada,Alojamiento y servicios de comida,Jun - Ago,816.5692103333334
2024,13 Ciudades y áreas metropolitanas,Población ocupada,Alojamiento y servicios de comida,Jul - Sep,809.51058
2024,13 Ciudades y áreas metropolitanas,Población ocupada,Alojamiento y servicios de comida,Ago - Oct,814.3309786666667
2024,13 Ciudades y áreas metropolitanas,Población ocupada,Alojamiento y servicios de comida,Sep - Nov,801.8257176666666
2024,13 Ciudades y áreas metropolitanas,Población ocupada,Alojamiento y servicios de comida,Oct - Dic,803.6508356666667
2024,13 Ciudades y áreas metropolitanas,Población ocupada,Alojamiento y servicios de comida,Nov - Ene,804.151077
2024,13 Ciudades y áreas metropolitanas,Población ocupada,Alojamiento y servicios de comida,Dic - Feb,815.641706
2025,13 Ciudades y áreas metropolitanas,Población ocupada,Alojamiento y servicios de comida,Ene - Mar,827.466528
2025,13 Ciudades y áreas metropolitanas,Población ocupada,Alojamiento y servicios de comida,Feb - Abr,820.110075
2025,13 Ciudades y áreas metropolitanas,Población ocupada,Alojamiento y servicios de comida,Mar - May,836.980336
2025,13 Ciudades y áreas metropolitanas,Población ocupada,Alojamiento y servicios de comida,Abr - Jun,819.932516
2025,13 Ciudades y áreas metropolitanas,Población ocupada,Alojamiento y servicios de comida,May - Jul,834.089987
2025,13 Ciudades y áreas metropolitanas,Población ocupada,Alojamiento y servicios de comida,Jun - Ago,847.056042
2025,13 Ciudades y áreas metropolitanas,Población ocupada,Alojamiento y servicios de comida,Jul - Sep,887.945802
2025,13 Ciudades y áreas metropolitanas,Población ocupada,Alojamiento y servicios de comida,Ago - Oct,932.786822
2025,13 Ciudades y áreas metropolitanas,Población ocupada,Alojamiento y servicios de comida,Sep - Nov,939.529705
2025,13 Ciudades y áreas metropolitanas,Población ocupada,Alojamiento y servicios de comida,Oct - Dic,927.183785
2025,13 Ciudades y áreas metropolitanas,Población ocupada,Alojamiento y servicios de comida,Nov - Ene,855.395044
2025,13 Ciudades y áreas metropolitanas,Población ocupada,Alojamiento y servicios de comida,Dic - Feb,798.513486
2026,13 Ciudades y áreas metropolitanas,Población ocupada,Alojamiento y servicios de comida,Ene - Mar,769.982987
2026,13 Ciudades y áreas metropolitanas,Población ocupada,Alojamiento y servicios de comida,Feb - Abr,785.035582
2021,13 Ciudades y áreas metropolitanas,Población ocupada,Transporte y almacenamiento,Ene - Mar,685.434431
2021,13 Ciudades y áreas metropolitanas,Población ocupada,Transporte y almacenamiento,Feb - Abr,683.2986673333334
2021,13 Ciudades y áreas metropolitanas,Población ocupada,Transporte y almacenamiento,Mar - May,677.608033
2021,13 Ciudades y áreas metropolitanas,Población ocupada,Transporte y almacenamiento,Abr - Jun,681.3463056666666
2021,13 Ciudades y áreas metropolitanas,Población ocupada,Transporte y almacenamiento,May - Jul,714.3029333333334
2021,13 Ciudades y áreas metropolitanas,Población ocupada,Transporte y almacenamiento,Jun - Ago,740.527536
2021,13 Ciudades y áreas metropolitanas,Población ocupada,Transporte y almacenamiento,Jul - Sep,752.3695776666667
2021,13 Ciudades y áreas metropolitanas,Población ocupada,Transporte y almacenamiento,Ago - Oct,765.1551713333333
2021,13 Ciudades y áreas metropolitanas,Población ocupada,Transporte y almacenamiento,Sep - Nov,773.293865
2021,13 Ciudades y áreas metropolitanas,Población ocupada,Transporte y almacenamiento,Oct - Dic,788.3782770000001
2021,13 Ciudades y áreas metropolitanas,Población ocupada,Transporte y almacenamiento,Nov - Ene,789.5099446666667
2021,13 Ciudades y áreas metropolitanas,Población ocupada,Transporte y almacenamiento,Dic - Feb,783.004462
2022,13 Ciudades y áreas metropolitanas,Población ocupada,Transporte y almacenamiento,Ene - Mar,807.1882346666666
2022,13 Ciudades y áreas metropolitanas,Población ocupada,Transporte y almacenamiento,Feb - Abr,834.8410463333333
2022,13 Ciudades y áreas metropolitanas,Población ocupada,Transporte y almacenamiento,Mar - May,871.7535026666666
2022,13 Ciudades y áreas metropolitanas,Población ocupada,Transporte y almacenamiento,Abr - Jun,857.7208233333332
2022,13 Ciudades y áreas metropolitanas,Población ocupada,Transporte y almacenamiento,May - Jul,865.5141223333334
2022,13 Ciudades y áreas metropolitanas,Población ocupada,Transporte y almacenamiento,Jun - Ago,842.498223
2022,13 Ciudades y áreas metropolitanas,Población ocupada,Transporte y almacenamiento,Jul - Sep,866.3685486666667
2022,13 Ciudades y áreas metropolitanas,Población ocupada,Transporte y almacenamiento,Ago - Oct,873.0525346666667
2022,13 Ciudades y áreas metropolitanas,Población ocupada,Transporte y almacenamiento,Sep - Nov,855.2869753333333
2022,13 Ciudades y áreas metropolitanas,Población ocupada,Transporte y almacenamiento,Oct - Dic,838.244957
2022,13 Ciudades y áreas metropolitanas,Población ocupada,Transporte y almacenamiento,Nov - Ene,799.9277826666666
2022,13 Ciudades y áreas metropolitanas,Población ocupada,Transporte y almacenamiento,Dic - Feb,856.1280556666667
2023,13 Ciudades y áreas metropolitanas,Población ocupada,Transporte y almacenamiento,Ene - Mar,856.8141750000001
2023,13 Ciudades y áreas metropolitanas,Población ocupada,Transporte y almacenamiento,Feb - Abr,864.1645060000001
2023,13 Ciudades y áreas metropolitanas,Población ocupada,Transporte y almacenamiento,Mar - May,858.7673263333332
2023,13 Ciudades y áreas metropolitanas,Población ocupada,Transporte y almacenamiento,Abr - Jun,891.866063
2023,13 Ciudades y áreas metropolitanas,Población ocupada,Transporte y almacenamiento,May - Jul,946.799189
2023,13 Ciudades y áreas metropolitanas,Población ocupada,Transporte y almacenamiento,Jun - Ago,917.7702696666666
2023,13 Ciudades y áreas metropolitanas,Población ocupada,Transporte y almacenamiento,Jul - Sep,947.1327676666666
2023,13 Ciudades y áreas metropolitanas,Población ocupada,Transporte y almacenamiento,Ago - Oct,930.5039613333333
2023,13 Ciudades y áreas metropolitanas,Población ocupada,Transporte y almacenamiento,Sep - Nov,976.2689803333333
2023,13 Ciudades y áreas metropolitanas,Población ocupada,Transporte y almacenamiento,Oct - Dic,918.6724656666667
2023,13 Ciudades y áreas metropolitanas,Población ocupada,Transporte y almacenamiento,Nov - Ene,907.5078193333334
2023,13 Ciudades y áreas metropolitanas,Población ocupada,Transporte y almacenamiento,Dic - Feb,927.8159396666666
2024,13 Ciudades y áreas metropolitanas,Población ocupada,Transporte y almacenamiento,Ene - Mar,941.7714696666667
2024,13 Ciudades y áreas metropolitanas,Población ocupada,Transporte y almacenamiento,Feb - Abr,944.1018663333334
2024,13 Ciudades y áreas metropolitanas,Población ocupada,Transporte y almacenamiento,Mar - May,914.0816586666666
2024,13 Ciudades y áreas metropolitanas,Población ocupada,Transporte y almacenamiento,Abr - Jun,934.812646
2024,13 Ciudades y áreas metropolitanas,Población ocupada,Transporte y almacenamiento,May - Jul,929.9786353333333
2024,13 Ciudades y áreas metropolitanas,Población ocupada,Transporte y almacenamiento,Jun - Ago,923.9266726666666
2024,13 Ciudades y áreas metropolitanas,Población ocupada,Transporte y almacenamiento,Jul - Sep,914.6841016666666
2024,13 Ciudades y áreas metropolitanas,Población ocupada,Transporte y almacenamiento,Ago - Oct,925.927615
2024,13 Ciudades y áreas metropolitanas,Población ocupada,Transporte y almacenamiento,Sep - Nov,948.120565
2024,13 Ciudades y áreas metropolitanas,Población ocupada,Transporte y almacenamiento,Oct - Dic,935.9853603333335
2024,13 Ciudades y áreas metropolitanas,Población ocupada,Transporte y almacenamiento,Nov - Ene,922.384889
2024,13 Ciudades y áreas metropolitanas,Población ocupada,Transporte y almacenamiento,Dic - Feb,925.677186
2025,13 Ciudades y áreas metropolitanas,Población ocupada,Transporte y almacenamiento,Ene - Mar,963.423714
2025,13 Ciudades y áreas metropolitanas,Población ocupada,Transporte y almacenamiento,Feb - Abr,971.277302
2025,13 Ciudades y áreas metropolitanas,Población ocupada,Transporte y almacenamiento,Mar - May,955.244924
2025,13 Ciudades y áreas metropolitanas,Población ocupada,Transporte y almacenamiento,Abr - Jun,932.960894
2025,13 Ciudades y áreas metropolitanas,Población ocupada,Transporte y almacenamiento,May - Jul,967.918663
2025,13 Ciudades y áreas metropolitanas,Población ocupada,Transporte y almacenamiento,Jun - Ago,980.438589
2025,13 Ciudades y áreas metropolitanas,Población ocupada,Transporte y almacenamiento,Jul - Sep,1003.437691
2025,13 Ciudades y áreas metropolitanas,Población ocupada,Transporte y almacenamiento,Ago - Oct,1011.374529
2025,13 Ciudades y áreas metropolitanas,Población ocupada,Transporte y almacenamiento,Sep - Nov,1031.918634
2025,13 Ciudades y áreas metropolitanas,Población ocupada,Transporte y almacenamiento,Oct - Dic,990.569114
2025,13 Ciudades y áreas metropolitanas,Población ocupada,Transporte y almacenamiento,Nov - Ene,971.565163
2025,13 Ciudades y áreas metropolitanas,Población ocupada,Transporte y almacenamiento,Dic - Feb,955.68547
2026,13 Ciudades y áreas metropolitanas,Población ocupada,Transporte y almacenamiento,Ene - Mar,976.311738
2026,13 Ciudades y áreas metropolitanas,Población ocupada,Transporte y almacenamiento,Feb - Abr,956.972923
2021,13 Ciudades y áreas metropolitanas,Población ocupada,Información y comunicaciones,Ene - Mar,284.56457099999994
2021,13 Ciudades y áreas metropolitanas,Población ocupada,Información y comunicaciones,Feb - Abr,268.5080046666667
2021,13 Ciudades y áreas metropolitanas,Población ocupada,Información y comunicaciones,Mar - May,262.071178
2021,13 Ciudades y áreas metropolitanas,Población ocupada,Información y comunicaciones,Abr - Jun,249.43666466666664
2021,13 Ciudades y áreas metropolitanas,Población ocupada,Información y comunicaciones,May - Jul,258.962956
2021,13 Ciudades y áreas metropolitanas,Población ocupada,Información y comunicaciones,Jun - Ago,267.69301233333334
2021,13 Ciudades y áreas metropolitanas,Población ocupada,Información y comunicaciones,Jul - Sep,266.08890533333334
2021,13 Ciudades y áreas metropolitanas,Población ocupada,Información y comunicaciones,Ago - Oct,279.5261786666667
2021,13 Ciudades y áreas metropolitanas,Población ocupada,Información y comunicaciones,Sep - Nov,283.86967200000004
2021,13 Ciudades y áreas metropolitanas,Población ocupada,Información y comunicaciones,Oct - Dic,299.232931
2021,13 Ciudades y áreas metropolitanas,Población ocupada,Información y comunicaciones,Nov - Ene,289.19584733333335
2021,13 Ciudades y áreas metropolitanas,Población ocupada,Información y comunicaciones,Dic - Feb,290.5354496666667
2022,13 Ciudades y áreas metropolitanas,Población ocupada,Información y comunicaciones,Ene - Mar,278.220728
2022,13 Ciudades y áreas metropolitanas,Población ocupada,Información y comunicaciones,Feb - Abr,285.481586
2022,13 Ciudades y áreas metropolitanas,Población ocupada,Información y comunicaciones,Mar - May,275.33356266666664
2022,13 Ciudades y áreas metropolitanas,Población ocupada,Información y comunicaciones,Abr - Jun,307.429323
2022,13 Ciudades y áreas metropolitanas,Población ocupada,Información y comunicaciones,May - Jul,296.7477503333334
2022,13 Ciudades y áreas metropolitanas,Población ocupada,Información y comunicaciones,Jun - Ago,307.857257
2022,13 Ciudades y áreas metropolitanas,Población ocupada,Información y comunicaciones,Jul - Sep,284.747761
2022,13 Ciudades y áreas metropolitanas,Población ocupada,Información y comunicaciones,Ago - Oct,284.85198199999996
2022,13 Ciudades y áreas metropolitanas,Población ocupada,Información y comunicaciones,Sep - Nov,289.747778
2022,13 Ciudades y áreas metropolitanas,Población ocupada,Información y comunicaciones,Oct - Dic,295.09711933333335
2022,13 Ciudades y áreas metropolitanas,Población ocupada,Información y comunicaciones,Nov - Ene,298.6216703333333
2022,13 Ciudades y áreas metropolitanas,Población ocupada,Información y comunicaciones,Dic - Feb,281.41889599999996
2023,13 Ciudades y áreas metropolitanas,Población ocupada,Información y comunicaciones,Ene - Mar,290.078609
2023,13 Ciudades y áreas metropolitanas,Población ocupada,Información y comunicaciones,Feb - Abr,300.61720233333335
2023,13 Ciudades y áreas metropolitanas,Población ocupada,Información y comunicaciones,Mar - May,322.1141676666667
2023,13 Ciudades y áreas metropolitanas,Población ocupada,Información y comunicaciones,Abr - Jun,309.503626
2023,13 Ciudades y áreas metropolitanas,Población ocupada,Información y comunicaciones,May - Jul,300.67240133333337
2023,13 Ciudades y áreas metropolitanas,Población ocupada,Información y comunicaciones,Jun - Ago,290.74077900000003
2023,13 Ciudades y áreas metropolitanas,Población ocupada,Información y comunicaciones,Jul - Sep,298.54781833333334
2023,13 Ciudades y áreas metropolitanas,Población ocupada,Información y comunicaciones,Ago - Oct,306.651718
2023,13 Ciudades y áreas metropolitanas,Población ocupada,Información y comunicaciones,Sep - Nov,319.2837123333333
2023,13 Ciudades y áreas metropolitanas,Población ocupada,Información y comunicaciones,Oct - Dic,303.37193299999996
2023,13 Ciudades y áreas metropolitanas,Población ocupada,Información y comunicaciones,Nov - Ene,298.346099
2023,13 Ciudades y áreas metropolitanas,Población ocupada,Información y comunicaciones,Dic - Feb,281.8842936666667
2024,13 Ciudades y áreas metropolitanas,Población ocupada,Información y comunicaciones,Ene - Mar,280.83424766666667
2024,13 Ciudades y áreas metropolitanas,Población ocupada,Información y comunicaciones,Feb - Abr,280.5244956666667
2024,13 Ciudades y áreas metropolitanas,Población ocupada,Información y comunicaciones,Mar - May,287.10455333333334
2024,13 Ciudades y áreas metropolitanas,Población ocupada,Información y comunicaciones,Abr - Jun,332.88372899999996
2024,13 Ciudades y áreas metropolitanas,Población ocupada,Información y comunicaciones,May - Jul,343.23435766666665
2024,13 Ciudades y áreas metropolitanas,Población ocupada,Información y comunicaciones,Jun - Ago,334.84801999999996
2024,13 Ciudades y áreas metropolitanas,Población ocupada,Información y comunicaciones,Jul - Sep,293.722414
2024,13 Ciudades y áreas metropolitanas,Población ocupada,Información y comunicaciones,Ago - Oct,280.32571233333334
2024,13 Ciudades y áreas metropolitanas,Población ocupada,Información y comunicaciones,Sep - Nov,312.7962136666667
2024,13 Ciudades y áreas metropolitanas,Población ocupada,Información y comunicaciones,Oct - Dic,333.3048556666667
2024,13 Ciudades y áreas metropolitanas,Población ocupada,Información y comunicaciones,Nov - Ene,336.040943
2024,13 Ciudades y áreas metropolitanas,Población ocupada,Información y comunicaciones,Dic - Feb,297.515993
2025,13 Ciudades y áreas metropolitanas,Población ocupada,Información y comunicaciones,Ene - Mar,295.86216
2025,13 Ciudades y áreas metropolitanas,Población ocupada,Información y comunicaciones,Feb - Abr,319.765184
2025,13 Ciudades y áreas metropolitanas,Población ocupada,Información y comunicaciones,Mar - May,342.714023
2025,13 Ciudades y áreas metropolitanas,Población ocupada,Información y comunicaciones,Abr - Jun,326.136228
2025,13 Ciudades y áreas metropolitanas,Población ocupada,Información y comunicaciones,May - Jul,299.203474
2025,13 Ciudades y áreas metropolitanas,Población ocupada,Información y comunicaciones,Jun - Ago,285.350211
2025,13 Ciudades y áreas metropolitanas,Población ocupada,Información y comunicaciones,Jul - Sep,295.964842
2025,13 Ciudades y áreas metropolitanas,Población ocupada,Información y comunicaciones,Ago - Oct,305.367883
2025,13 Ciudades y áreas metropolitanas,Población ocupada,Información y comunicaciones,Sep - Nov,330.061169
2025,13 Ciudades y áreas metropolitanas,Población ocupada,Información y comunicaciones,Oct - Dic,319.414549
2025,13 Ciudades y áreas metropolitanas,Población ocupada,Información y comunicaciones,Nov - Ene,324.077377
2025,13 Ciudades y áreas metropolitanas,Población ocupada,Información y comunicaciones,Dic - Feb,309.019746
2026,13 Ciudades y áreas metropolitanas,Población ocupada,Información y comunicaciones,Ene - Mar,323.123867
2026,13 Ciudades y áreas metropolitanas,Población ocupada,Información y comunicaciones,Feb - Abr,333.455509
2021,13 Ciudades y áreas metropolitanas,Población ocupada,Actividades financieras y de seguros,Ene - Mar,274.58994800000005
2021,13 Ciudades y áreas metropolitanas,Población ocupada,Actividades financieras y de seguros,Feb - Abr,257.97754499999996
2021,13 Ciudades y áreas metropolitanas,Población ocupada,Actividades financieras y de seguros,Mar - May,268.97679266666665
2021,13 Ciudades y áreas metropolitanas,Población ocupada,Actividades financieras y de seguros,Abr - Jun,274.9995843333333
2021,13 Ciudades y áreas metropolitanas,Población ocupada,Actividades financieras y de seguros,May - Jul,273.37758766666667
2021,13 Ciudades y áreas metropolitanas,Población ocupada,Actividades financieras y de seguros,Jun - Ago,264.66577533333333
2021,13 Ciudades y áreas metropolitanas,Población ocupada,Actividades financieras y de seguros,Jul - Sep,291.25914233333333
2021,13 Ciudades y áreas metropolitanas,Población ocupada,Actividades financieras y de seguros,Ago - Oct,301.27936600000004
2021,13 Ciudades y áreas metropolitanas,Población ocupada,Actividades financieras y de seguros,Sep - Nov,298.599062
2021,13 Ciudades y áreas metropolitanas,Población ocupada,Actividades financieras y de seguros,Oct - Dic,281.57025233333337
2021,13 Ciudades y áreas metropolitanas,Población ocupada,Actividades financieras y de seguros,Nov - Ene,287.19167466666664
2021,13 Ciudades y áreas metropolitanas,Población ocupada,Actividades financieras y de seguros,Dic - Feb,299.8429866666667
2022,13 Ciudades y áreas metropolitanas,Población ocupada,Actividades financieras y de seguros,Ene - Mar,289.01754166666666
2022,13 Ciudades y áreas metropolitanas,Población ocupada,Actividades financieras y de seguros,Feb - Abr,286.51311166666665
2022,13 Ciudades y áreas metropolitanas,Población ocupada,Actividades financieras y de seguros,Mar - May,286.96510133333334
2022,13 Ciudades y áreas metropolitanas,Población ocupada,Actividades financieras y de seguros,Abr - Jun,292.79718299999996
2022,13 Ciudades y áreas metropolitanas,Población ocupada,Actividades financieras y de seguros,May - Jul,297.5594183333333
2022,13 Ciudades y áreas metropolitanas,Población ocupada,Actividades financieras y de seguros,Jun - Ago,294.5740346666667
2022,13 Ciudades y áreas metropolitanas,Población ocupada,Actividades financieras y de seguros,Jul - Sep,304.64594766666664
2022,13 Ciudades y áreas metropolitanas,Población ocupada,Actividades financieras y de seguros,Ago - Oct,317.36826433333334
2022,13 Ciudades y áreas metropolitanas,Población ocupada,Actividades financieras y de seguros,Sep - Nov,325.565801
2022,13 Ciudades y áreas metropolitanas,Población ocupada,Actividades financieras y de seguros,Oct - Dic,334.3034963333334
2022,13 Ciudades y áreas metropolitanas,Población ocupada,Actividades financieras y de seguros,Nov - Ene,311.19309433333336
2022,13 Ciudades y áreas metropolitanas,Población ocupada,Actividades financieras y de seguros,Dic - Feb,302.8955866666667
2023,13 Ciudades y áreas metropolitanas,Población ocupada,Actividades financieras y de seguros,Ene - Mar,276.37068733333336
2023,13 Ciudades y áreas metropolitanas,Población ocupada,Actividades financieras y de seguros,Feb - Abr,281.203304
2023,13 Ciudades y áreas metropolitanas,Población ocupada,Actividades financieras y de seguros,Mar - May,302.7093256666667
2023,13 Ciudades y áreas metropolitanas,Población ocupada,Actividades financieras y de seguros,Abr - Jun,320.55259700000005
2023,13 Ciudades y áreas metropolitanas,Población ocupada,Actividades financieras y de seguros,May - Jul,325.7072
2023,13 Ciudades y áreas metropolitanas,Población ocupada,Actividades financieras y de seguros,Jun - Ago,309.1607373333333
2023,13 Ciudades y áreas metropolitanas,Población ocupada,Actividades financieras y de seguros,Jul - Sep,305.1873183333334
2023,13 Ciudades y áreas metropolitanas,Población ocupada,Actividades financieras y de seguros,Ago - Oct,306.0696056666667
2023,13 Ciudades y áreas metropolitanas,Población ocupada,Actividades financieras y de seguros,Sep - Nov,327.1295023333333
2023,13 Ciudades y áreas metropolitanas,Población ocupada,Actividades financieras y de seguros,Oct - Dic,339.3775996666667
2023,13 Ciudades y áreas metropolitanas,Población ocupada,Actividades financieras y de seguros,Nov - Ene,332.1459066666667
2023,13 Ciudades y áreas metropolitanas,Población ocupada,Actividades financieras y de seguros,Dic - Feb,326.903025
2024,13 Ciudades y áreas metropolitanas,Población ocupada,Actividades financieras y de seguros,Ene - Mar,313.7873736666667
2024,13 Ciudades y áreas metropolitanas,Población ocupada,Actividades financieras y de seguros,Feb - Abr,329.220163
2024,13 Ciudades y áreas metropolitanas,Población ocupada,Actividades financieras y de seguros,Mar - May,313.17409466666663
2024,13 Ciudades y áreas metropolitanas,Población ocupada,Actividades financieras y de seguros,Abr - Jun,315.49615466666665
2024,13 Ciudades y áreas metropolitanas,Población ocupada,Actividades financieras y de seguros,May - Jul,316.55383333333333
2024,13 Ciudades y áreas metropolitanas,Población ocupada,Actividades financieras y de seguros,Jun - Ago,311.11436733333335
2024,13 Ciudades y áreas metropolitanas,Población ocupada,Actividades financieras y de seguros,Jul - Sep,284.19019833333334
2024,13 Ciudades y áreas metropolitanas,Población ocupada,Actividades financieras y de seguros,Ago - Oct,266.976245
2024,13 Ciudades y áreas metropolitanas,Población ocupada,Actividades financieras y de seguros,Sep - Nov,282.87578866666666
2024,13 Ciudades y áreas metropolitanas,Población ocupada,Actividades financieras y de seguros,Oct - Dic,319.7374703333333
2024,13 Ciudades y áreas metropolitanas,Población ocupada,Actividades financieras y de seguros,Nov - Ene,324.06567
2024,13 Ciudades y áreas metropolitanas,Población ocupada,Actividades financieras y de seguros,Dic - Feb,334.876384
2025,13 Ciudades y áreas metropolitanas,Población ocupada,Actividades financieras y de seguros,Ene - Mar,298.790109
2025,13 Ciudades y áreas metropolitanas,Población ocupada,Actividades financieras y de seguros,Feb - Abr,299.347747
2025,13 Ciudades y áreas metropolitanas,Población ocupada,Actividades financieras y de seguros,Mar - May,285.052695
2025,13 Ciudades y áreas metropolitanas,Población ocupada,Actividades financieras y de seguros,Abr - Jun,306.735479
2025,13 Ciudades y áreas metropolitanas,Población ocupada,Actividades financieras y de seguros,May - Jul,321.737196
2025,13 Ciudades y áreas metropolitanas,Población ocupada,Actividades financieras y de seguros,Jun - Ago,339.914591
2025,13 Ciudades y áreas metropolitanas,Población ocupada,Actividades financieras y de seguros,Jul - Sep,352.586753
2025,13 Ciudades y áreas metropolitanas,Población ocupada,Actividades financieras y de seguros,Ago - Oct,347.781231
2025,13 Ciudades y áreas metropolitanas,Población ocupada,Actividades financieras y de seguros,Sep - Nov,335.420624
2025,13 Ciudades y áreas metropolitanas,Población ocupada,Actividades financieras y de seguros,Oct - Dic,322.025654
2025,13 Ciudades y áreas metropolitanas,Población ocupada,Actividades financieras y de seguros,Nov - Ene,314.733432
2025,13 Ciudades y áreas metropolitanas,Población ocupada,Actividades financieras y de seguros,Dic - Feb,326.356474
2026,13 Ciudades y áreas metropolitanas,Población ocupada,Actividades financieras y de seguros,Ene - Mar,362.998674
2026,13 Ciudades y áreas metropolitanas,Población ocupada,Actividades financieras y de seguros,Feb - Abr,350.795129
2021,13 Ciudades y áreas metropolitanas,Población ocupada,Actividades inmobiliarias,Ene - Mar,101.40402866666666
2021,13 Ciudades y áreas metropolitanas,Población ocupada,Actividades inmobiliarias,Feb - Abr,108.00963266666668
2021,13 Ciudades y áreas metropolitanas,Población ocupada,Actividades inmobiliarias,Mar - May,114.981583
2021,13 Ciudades y áreas metropolitanas,Población ocupada,Actividades inmobiliarias,Abr - Jun,118.57984066666666
2021,13 Ciudades y áreas metropolitanas,Población ocupada,Actividades inmobiliarias,May - Jul,130.97322333333332
2021,13 Ciudades y áreas metropolitanas,Población ocupada,Actividades inmobiliarias,Jun - Ago,136.11068699999998
2021,13 Ciudades y áreas metropolitanas,Población ocupada,Actividades inmobiliarias,Jul - Sep,131.359542
2021,13 Ciudades y áreas metropolitanas,Población ocupada,Actividades inmobiliarias,Ago - Oct,118.79285699999998
2021,13 Ciudades y áreas metropolitanas,Población ocupada,Actividades inmobiliarias,Sep - Nov,120.63614666666666
2021,13 Ciudades y áreas metropolitanas,Población ocupada,Actividades inmobiliarias,Oct - Dic,123.343456
2021,13 Ciudades y áreas metropolitanas,Población ocupada,Actividades inmobiliarias,Nov - Ene,134.07780166666666
2021,13 Ciudades y áreas metropolitanas,Población ocupada,Actividades inmobiliarias,Dic - Feb,132.0294736666667
2022,13 Ciudades y áreas metropolitanas,Población ocupada,Actividades inmobiliarias,Ene - Mar,135.80861866666666
2022,13 Ciudades y áreas metropolitanas,Población ocupada,Actividades inmobiliarias,Feb - Abr,146.798729
2022,13 Ciudades y áreas metropolitanas,Población ocupada,Actividades inmobiliarias,Mar - May,156.74435966666667
2022,13 Ciudades y áreas metropolitanas,Población ocupada,Actividades inmobiliarias,Abr - Jun,164.349731
2022,13 Ciudades y áreas metropolitanas,Población ocupada,Actividades inmobiliarias,May - Jul,161.23898799999998
2022,13 Ciudades y áreas metropolitanas,Población ocupada,Actividades inmobiliarias,Jun - Ago,164.68128533333334
2022,13 Ciudades y áreas metropolitanas,Población ocupada,Actividades inmobiliarias,Jul - Sep,178.577988
2022,13 Ciudades y áreas metropolitanas,Población ocupada,Actividades inmobiliarias,Ago - Oct,177.42731133333334
2022,13 Ciudades y áreas metropolitanas,Población ocupada,Actividades inmobiliarias,Sep - Nov,178.68919533333334
2022,13 Ciudades y áreas metropolitanas,Población ocupada,Actividades inmobiliarias,Oct - Dic,173.42109966666666
2022,13 Ciudades y áreas metropolitanas,Población ocupada,Actividades inmobiliarias,Nov - Ene,184.31466266666666
2022,13 Ciudades y áreas metropolitanas,Población ocupada,Actividades inmobiliarias,Dic - Feb,177.2462443333333
2023,13 Ciudades y áreas metropolitanas,Población ocupada,Actividades inmobiliarias,Ene - Mar,180.16077066666665
2023,13 Ciudades y áreas metropolitanas,Población ocupada,Actividades inmobiliarias,Feb - Abr,177.92521933333333
2023,13 Ciudades y áreas metropolitanas,Población ocupada,Actividades inmobiliarias,Mar - May,183.756454
2023,13 Ciudades y áreas metropolitanas,Población ocupada,Actividades inmobiliarias,Abr - Jun,178.3216766666667
2023,13 Ciudades y áreas metropolitanas,Población ocupada,Actividades inmobiliarias,May - Jul,194.70136466666668
2023,13 Ciudades y áreas metropolitanas,Población ocupada,Actividades inmobiliarias,Jun - Ago,217.611909
2023,13 Ciudades y áreas metropolitanas,Población ocupada,Actividades inmobiliarias,Jul - Sep,230.44138833333332
2023,13 Ciudades y áreas metropolitanas,Población ocupada,Actividades inmobiliarias,Ago - Oct,230.463208
2023,13 Ciudades y áreas metropolitanas,Población ocupada,Actividades inmobiliarias,Sep - Nov,214.77862933333336
2023,13 Ciudades y áreas metropolitanas,Población ocupada,Actividades inmobiliarias,Oct - Dic,201.3966946666667
2023,13 Ciudades y áreas metropolitanas,Población ocupada,Actividades inmobiliarias,Nov - Ene,196.89499133333334
2023,13 Ciudades y áreas metropolitanas,Población ocupada,Actividades inmobiliarias,Dic - Feb,217.38509333333332
2024,13 Ciudades y áreas metropolitanas,Población ocupada,Actividades inmobiliarias,Ene - Mar,232.15266333333332
2024,13 Ciudades y áreas metropolitanas,Población ocupada,Actividades inmobiliarias,Feb - Abr,220.25392233333332
2024,13 Ciudades y áreas metropolitanas,Población ocupada,Actividades inmobiliarias,Mar - May,199.98353033333333
2024,13 Ciudades y áreas metropolitanas,Población ocupada,Actividades inmobiliarias,Abr - Jun,221.632784
2024,13 Ciudades y áreas metropolitanas,Población ocupada,Actividades inmobiliarias,May - Jul,237.28080733333334
2024,13 Ciudades y áreas metropolitanas,Población ocupada,Actividades inmobiliarias,Jun - Ago,248.26046766666664
2024,13 Ciudades y áreas metropolitanas,Población ocupada,Actividades inmobiliarias,Jul - Sep,212.87984266666663
2024,13 Ciudades y áreas metropolitanas,Población ocupada,Actividades inmobiliarias,Ago - Oct,210.38543366666667
2024,13 Ciudades y áreas metropolitanas,Población ocupada,Actividades inmobiliarias,Sep - Nov,205.86876100000003
2024,13 Ciudades y áreas metropolitanas,Población ocupada,Actividades inmobiliarias,Oct - Dic,242.6733846666667
2024,13 Ciudades y áreas metropolitanas,Población ocupada,Actividades inmobiliarias,Nov - Ene,262.247921
2024,13 Ciudades y áreas metropolitanas,Población ocupada,Actividades inmobiliarias,Dic - Feb,252.765806
2025,13 Ciudades y áreas metropolitanas,Población ocupada,Actividades inmobiliarias,Ene - Mar,242.96661
2025,13 Ciudades y áreas metropolitanas,Población ocupada,Actividades inmobiliarias,Feb - Abr,220.361212
2025,13 Ciudades y áreas metropolitanas,Población ocupada,Actividades inmobiliarias,Mar - May,230.760898
2025,13 Ciudades y áreas metropolitanas,Población ocupada,Actividades inmobiliarias,Abr - Jun,216.840546
2025,13 Ciudades y áreas metropolitanas,Población ocupada,Actividades inmobiliarias,May - Jul,222.912224
2025,13 Ciudades y áreas metropolitanas,Población ocupada,Actividades inmobiliarias,Jun - Ago,230.850497
2025,13 Ciudades y áreas metropolitanas,Población ocupada,Actividades inmobiliarias,Jul - Sep,223.345403
2025,13 Ciudades y áreas metropolitanas,Población ocupada,Actividades inmobiliarias,Ago - Oct,222.106104
2025,13 Ciudades y áreas metropolitanas,Población ocupada,Actividades inmobiliarias,Sep - Nov,220.656709
2025,13 Ciudades y áreas metropolitanas,Población ocupada,Actividades inmobiliarias,Oct - Dic,234.862879
2025,13 Ciudades y áreas metropolitanas,Población ocupada,Actividades inmobiliarias,Nov - Ene,239.052404
2025,13 Ciudades y áreas metropolitanas,Población ocupada,Actividades inmobiliarias,Dic - Feb,225.858254
2026,13 Ciudades y áreas metropolitanas,Población ocupada,Actividades inmobiliarias,Ene - Mar,235.092027
2026,13 Ciudades y áreas metropolitanas,Población ocupada,Actividades inmobiliarias,Feb - Abr,227.424532
2021,13 Ciudades y áreas metropolitanas,Población ocupada,"Actividades profesionales, científicas, técnicas y de servicios administrativos",Ene - Mar,1142.870765
2021,13 Ciudades y áreas metropolitanas,Población ocupada,"Actividades profesionales, científicas, técnicas y de servicios administrativos",Feb - Abr,1167.9876036666667
2021,13 Ciudades y áreas metropolitanas,Población ocupada,"Actividades profesionales, científicas, técnicas y de servicios administrativos",Mar - May,1128.6689003333333
2021,13 Ciudades y áreas metropolitanas,Población ocupada,"Actividades profesionales, científicas, técnicas y de servicios administrativos",Abr - Jun,1121.6221939999998
2021,13 Ciudades y áreas metropolitanas,Población ocupada,"Actividades profesionales, científicas, técnicas y de servicios administrativos",May - Jul,1117.8997356666666
2021,13 Ciudades y áreas metropolitanas,Población ocupada,"Actividades profesionales, científicas, técnicas y de servicios administrativos",Jun - Ago,1143.8319626666664
2021,13 Ciudades y áreas metropolitanas,Población ocupada,"Actividades profesionales, científicas, técnicas y de servicios administrativos",Jul - Sep,1156.3922076666668
2021,13 Ciudades y áreas metropolitanas,Población ocupada,"Actividades profesionales, científicas, técnicas y de servicios administrativos",Ago - Oct,1183.3621436666665
2021,13 Ciudades y áreas metropolitanas,Población ocupada,"Actividades profesionales, científicas, técnicas y de servicios administrativos",Sep - Nov,1182.5475206666667
2021,13 Ciudades y áreas metropolitanas,Población ocupada,"Actividades profesionales, científicas, técnicas y de servicios administrativos",Oct - Dic,1220.61596
2021,13 Ciudades y áreas metropolitanas,Población ocupada,"Actividades profesionales, científicas, técnicas y de servicios administrativos",Nov - Ene,1206.9287366666667
2021,13 Ciudades y áreas metropolitanas,Población ocupada,"Actividades profesionales, científicas, técnicas y de servicios administrativos",Dic - Feb,1222.2992016666667
2022,13 Ciudades y áreas metropolitanas,Población ocupada,"Actividades profesionales, científicas, técnicas y de servicios administrativos",Ene - Mar,1157.4841486666667
2022,13 Ciudades y áreas metropolitanas,Población ocupada,"Actividades profesionales, científicas, técnicas y de servicios administrativos",Feb - Abr,1166.4878230000002
2022,13 Ciudades y áreas metropolitanas,Población ocupada,"Actividades profesionales, científicas, técnicas y de servicios administrativos",Mar - May,1158.5990610000001
2022,13 Ciudades y áreas metropolitanas,Población ocupada,"Actividades profesionales, científicas, técnicas y de servicios administrativos",Abr - Jun,1178.0653903333334
2022,13 Ciudades y áreas metropolitanas,Población ocupada,"Actividades profesionales, científicas, técnicas y de servicios administrativos",May - Jul,1182.996383
2022,13 Ciudades y áreas metropolitanas,Población ocupada,"Actividades profesionales, científicas, técnicas y de servicios administrativos",Jun - Ago,1187.0357506666667
2022,13 Ciudades y áreas metropolitanas,Población ocupada,"Actividades profesionales, científicas, técnicas y de servicios administrativos",Jul - Sep,1216.7885239999998
2022,13 Ciudades y áreas metropolitanas,Población ocupada,"Actividades profesionales, científicas, técnicas y de servicios administrativos",Ago - Oct,1208.317335
2022,13 Ciudades y áreas metropolitanas,Población ocupada,"Actividades profesionales, científicas, técnicas y de servicios administrativos",Sep - Nov,1224.887183
2022,13 Ciudades y áreas metropolitanas,Población ocupada,"Actividades profesionales, científicas, técnicas y de servicios administrativos",Oct - Dic,1231.2405523333334
2022,13 Ciudades y áreas metropolitanas,Población ocupada,"Actividades profesionales, científicas, técnicas y de servicios administrativos",Nov - Ene,1271.6909493333333
2022,13 Ciudades y áreas metropolitanas,Población ocupada,"Actividades profesionales, científicas, técnicas y de servicios administrativos",Dic - Feb,1232.5064543333335
2023,13 Ciudades y áreas metropolitanas,Población ocupada,"Actividades profesionales, científicas, técnicas y de servicios administrativos",Ene - Mar,1224.870913
2023,13 Ciudades y áreas metropolitanas,Población ocupada,"Actividades profesionales, científicas, técnicas y de servicios administrativos",Feb - Abr,1163.9167953333333
2023,13 Ciudades y áreas metropolitanas,Población ocupada,"Actividades profesionales, científicas, técnicas y de servicios administrativos",Mar - May,1181.9414846666666
2023,13 Ciudades y áreas metropolitanas,Población ocupada,"Actividades profesionales, científicas, técnicas y de servicios administrativos",Abr - Jun,1180.4496159999999
2023,13 Ciudades y áreas metropolitanas,Población ocupada,"Actividades profesionales, científicas, técnicas y de servicios administrativos",May - Jul,1189.361426
2023,13 Ciudades y áreas metropolitanas,Población ocupada,"Actividades profesionales, científicas, técnicas y de servicios administrativos",Jun - Ago,1197.0292003333334
2023,13 Ciudades y áreas metropolitanas,Población ocupada,"Actividades profesionales, científicas, técnicas y de servicios administrativos",Jul - Sep,1166.5572666666667
2023,13 Ciudades y áreas metropolitanas,Población ocupada,"Actividades profesionales, científicas, técnicas y de servicios administrativos",Ago - Oct,1174.4895093333334
2023,13 Ciudades y áreas metropolitanas,Población ocupada,"Actividades profesionales, científicas, técnicas y de servicios administrativos",Sep - Nov,1208.2290236666668
2023,13 Ciudades y áreas metropolitanas,Población ocupada,"Actividades profesionales, científicas, técnicas y de servicios administrativos",Oct - Dic,1289.1012433333333
2023,13 Ciudades y áreas metropolitanas,Población ocupada,"Actividades profesionales, científicas, técnicas y de servicios administrativos",Nov - Ene,1291.613062
2023,13 Ciudades y áreas metropolitanas,Población ocupada,"Actividades profesionales, científicas, técnicas y de servicios administrativos",Dic - Feb,1207.1155853333332
2024,13 Ciudades y áreas metropolitanas,Población ocupada,"Actividades profesionales, científicas, técnicas y de servicios administrativos",Ene - Mar,1187.4040133333333
2024,13 Ciudades y áreas metropolitanas,Población ocupada,"Actividades profesionales, científicas, técnicas y de servicios administrativos",Feb - Abr,1203.0320503333332
2024,13 Ciudades y áreas metropolitanas,Población ocupada,"Actividades profesionales, científicas, técnicas y de servicios administrativos",Mar - May,1218.3599000000002
2024,13 Ciudades y áreas metropolitanas,Población ocupada,"Actividades profesionales, científicas, técnicas y de servicios administrativos",Abr - Jun,1193.9983283333333
2024,13 Ciudades y áreas metropolitanas,Población ocupada,"Actividades profesionales, científicas, técnicas y de servicios administrativos",May - Jul,1205.2318320000002
2024,13 Ciudades y áreas metropolitanas,Población ocupada,"Actividades profesionales, científicas, técnicas y de servicios administrativos",Jun - Ago,1232.4077263333334
2024,13 Ciudades y áreas metropolitanas,Población ocupada,"Actividades profesionales, científicas, técnicas y de servicios administrativos",Jul - Sep,1284.2748583333334
2024,13 Ciudades y áreas metropolitanas,Población ocupada,"Actividades profesionales, científicas, técnicas y de servicios administrativos",Ago - Oct,1246.5468736666664
2024,13 Ciudades y áreas metropolitanas,Población ocupada,"Actividades profesionales, científicas, técnicas y de servicios administrativos",Sep - Nov,1258.5867523333334
2024,13 Ciudades y áreas metropolitanas,Población ocupada,"Actividades profesionales, científicas, técnicas y de servicios administrativos",Oct - Dic,1195.4855973333333
2024,13 Ciudades y áreas metropolitanas,Población ocupada,"Actividades profesionales, científicas, técnicas y de servicios administrativos",Nov - Ene,1209.073329
2024,13 Ciudades y áreas metropolitanas,Población ocupada,"Actividades profesionales, científicas, técnicas y de servicios administrativos",Dic - Feb,1173.258878
2025,13 Ciudades y áreas metropolitanas,Población ocupada,"Actividades profesionales, científicas, técnicas y de servicios administrativos",Ene - Mar,1195.30372
2025,13 Ciudades y áreas metropolitanas,Población ocupada,"Actividades profesionales, científicas, técnicas y de servicios administrativos",Feb - Abr,1193.1331
2025,13 Ciudades y áreas metropolitanas,Población ocupada,"Actividades profesionales, científicas, técnicas y de servicios administrativos",Mar - May,1237.916686
2025,13 Ciudades y áreas metropolitanas,Población ocupada,"Actividades profesionales, científicas, técnicas y de servicios administrativos",Abr - Jun,1233.987379
2025,13 Ciudades y áreas metropolitanas,Población ocupada,"Actividades profesionales, científicas, técnicas y de servicios administrativos",May - Jul,1258.924464
2025,13 Ciudades y áreas metropolitanas,Población ocupada,"Actividades profesionales, científicas, técnicas y de servicios administrativos",Jun - Ago,1212.888709
2025,13 Ciudades y áreas metropolitanas,Población ocupada,"Actividades profesionales, científicas, técnicas y de servicios administrativos",Jul - Sep,1195.863297
2025,13 Ciudades y áreas metropolitanas,Población ocupada,"Actividades profesionales, científicas, técnicas y de servicios administrativos",Ago - Oct,1182.075016
2025,13 Ciudades y áreas metropolitanas,Población ocupada,"Actividades profesionales, científicas, técnicas y de servicios administrativos",Sep - Nov,1201.538688
2025,13 Ciudades y áreas metropolitanas,Población ocupada,"Actividades profesionales, científicas, técnicas y de servicios administrativos",Oct - Dic,1206.839444
2025,13 Ciudades y áreas metropolitanas,Población ocupada,"Actividades profesionales, científicas, técnicas y de servicios administrativos",Nov - Ene,1216.5075
2025,13 Ciudades y áreas metropolitanas,Población ocupada,"Actividades profesionales, científicas, técnicas y de servicios administrativos",Dic - Feb,1256.408417
2026,13 Ciudades y áreas metropolitanas,Población ocupada,"Actividades profesionales, científicas, técnicas y de servicios administrativos",Ene - Mar,1270.299372
2026,13 Ciudades y áreas metropolitanas,Población ocupada,"Actividades profesionales, científicas, técnicas y de servicios administrativos",Feb - Abr,1276.582803
2021,13 Ciudades y áreas metropolitanas,Población ocupada,"Administración pública y defensa, educación y atención de la salud humana",Ene - Mar,1446.7581013333331
2021,13 Ciudades y áreas metropolitanas,Población ocupada,"Administración pública y defensa, educación y atención de la salud humana",Feb - Abr,1464.1181933333335
2021,13 Ciudades y áreas metropolitanas,Población ocupada,"Administración pública y defensa, educación y atención de la salud humana",Mar - May,1471.1214536666666
2021,13 Ciudades y áreas metropolitanas,Población ocupada,"Administración pública y defensa, educación y atención de la salud humana",Abr - Jun,1476.314129
2021,13 Ciudades y áreas metropolitanas,Población ocupada,"Administración pública y defensa, educación y atención de la salud humana",May - Jul,1446.7888543333331
2021,13 Ciudades y áreas metropolitanas,Población ocupada,"Administración pública y defensa, educación y atención de la salud humana",Jun - Ago,1419.2411593333334
2021,13 Ciudades y áreas metropolitanas,Población ocupada,"Administración pública y defensa, educación y atención de la salud humana",Jul - Sep,1437.6764640000001
2021,13 Ciudades y áreas metropolitanas,Población ocupada,"Administración pública y defensa, educación y atención de la salud humana",Ago - Oct,1442.4750063333333
2021,13 Ciudades y áreas metropolitanas,Población ocupada,"Administración pública y defensa, educación y atención de la salud humana",Sep - Nov,1466.8058583333332
2021,13 Ciudades y áreas metropolitanas,Población ocupada,"Administración pública y defensa, educación y atención de la salud humana",Oct - Dic,1439.6864683333333
2021,13 Ciudades y áreas metropolitanas,Población ocupada,"Administración pública y defensa, educación y atención de la salud humana",Nov - Ene,1446.5347743333332
2021,13 Ciudades y áreas metropolitanas,Población ocupada,"Administración pública y defensa, educación y atención de la salud humana",Dic - Feb,1438.4412306666666
2022,13 Ciudades y áreas metropolitanas,Población ocupada,"Administración pública y defensa, educación y atención de la salud humana",Ene - Mar,1513.971061
2022,13 Ciudades y áreas metropolitanas,Población ocupada,"Administración pública y defensa, educación y atención de la salud humana",Feb - Abr,1515.318555
2022,13 Ciudades y áreas metropolitanas,Población ocupada,"Administración pública y defensa, educación y atención de la salud humana",Mar - May,1568.8819706666666
2022,13 Ciudades y áreas metropolitanas,Población ocupada,"Administración pública y defensa, educación y atención de la salud humana",Abr - Jun,1544.723398
2022,13 Ciudades y áreas metropolitanas,Población ocupada,"Administración pública y defensa, educación y atención de la salud humana",May - Jul,1586.3126300000001
2022,13 Ciudades y áreas metropolitanas,Población ocupada,"Administración pública y defensa, educación y atención de la salud humana",Jun - Ago,1545.5170563333334
2022,13 Ciudades y áreas metropolitanas,Población ocupada,"Administración pública y defensa, educación y atención de la salud humana",Jul - Sep,1519.599183666667
2022,13 Ciudades y áreas metropolitanas,Población ocupada,"Administración pública y defensa, educación y atención de la salud humana",Ago - Oct,1519.9377006666666
2022,13 Ciudades y áreas metropolitanas,Población ocupada,"Administración pública y defensa, educación y atención de la salud humana",Sep - Nov,1566.458603
2022,13 Ciudades y áreas metropolitanas,Población ocupada,"Administración pública y defensa, educación y atención de la salud humana",Oct - Dic,1590.5561383333334
2022,13 Ciudades y áreas metropolitanas,Población ocupada,"Administración pública y defensa, educación y atención de la salud humana",Nov - Ene,1508.2393763333332
2022,13 Ciudades y áreas metropolitanas,Población ocupada,"Administración pública y defensa, educación y atención de la salud humana",Dic - Feb,1466.335346
2023,13 Ciudades y áreas metropolitanas,Población ocupada,"Administración pública y defensa, educación y atención de la salud humana",Ene - Mar,1500.376802
2023,13 Ciudades y áreas metropolitanas,Población ocupada,"Administración pública y defensa, educación y atención de la salud humana",Feb - Abr,1583.1477573333334
2023,13 Ciudades y áreas metropolitanas,Población ocupada,"Administración pública y defensa, educación y atención de la salud humana",Mar - May,1596.3440503333334
2023,13 Ciudades y áreas metropolitanas,Población ocupada,"Administración pública y defensa, educación y atención de la salud humana",Abr - Jun,1616.3751190000003
2023,13 Ciudades y áreas metropolitanas,Población ocupada,"Administración pública y defensa, educación y atención de la salud humana",May - Jul,1615.4165490000003
2023,13 Ciudades y áreas metropolitanas,Población ocupada,"Administración pública y defensa, educación y atención de la salud humana",Jun - Ago,1650.6911933333333
2023,13 Ciudades y áreas metropolitanas,Población ocupada,"Administración pública y defensa, educación y atención de la salud humana",Jul - Sep,1634.1117513333331
2023,13 Ciudades y áreas metropolitanas,Población ocupada,"Administración pública y defensa, educación y atención de la salud humana",Ago - Oct,1678.3265543333334
2023,13 Ciudades y áreas metropolitanas,Población ocupada,"Administración pública y defensa, educación y atención de la salud humana",Sep - Nov,1650.5470183333334
2023,13 Ciudades y áreas metropolitanas,Población ocupada,"Administración pública y defensa, educación y atención de la salud humana",Oct - Dic,1621.147737
2023,13 Ciudades y áreas metropolitanas,Población ocupada,"Administración pública y defensa, educación y atención de la salud humana",Nov - Ene,1559.925158
2023,13 Ciudades y áreas metropolitanas,Población ocupada,"Administración pública y defensa, educación y atención de la salud humana",Dic - Feb,1547.709879
2024,13 Ciudades y áreas metropolitanas,Población ocupada,"Administración pública y defensa, educación y atención de la salud humana",Ene - Mar,1602.3367076666666
2024,13 Ciudades y áreas metropolitanas,Población ocupada,"Administración pública y defensa, educación y atención de la salud humana",Feb - Abr,1658.0343573333332
2024,13 Ciudades y áreas metropolitanas,Población ocupada,"Administración pública y defensa, educación y atención de la salud humana",Mar - May,1664.5378943333333
2024,13 Ciudades y áreas metropolitanas,Población ocupada,"Administración pública y defensa, educación y atención de la salud humana",Abr - Jun,1605.4630146666666
2024,13 Ciudades y áreas metropolitanas,Población ocupada,"Administración pública y defensa, educación y atención de la salud humana",May - Jul,1600.182869
2024,13 Ciudades y áreas metropolitanas,Población ocupada,"Administración pública y defensa, educación y atención de la salud humana",Jun - Ago,1637.9358953333333
2024,13 Ciudades y áreas metropolitanas,Población ocupada,"Administración pública y defensa, educación y atención de la salud humana",Jul - Sep,1678.2271383333336
2024,13 Ciudades y áreas metropolitanas,Población ocupada,"Administración pública y defensa, educación y atención de la salud humana",Ago - Oct,1656.8275816666667
2024,13 Ciudades y áreas metropolitanas,Población ocupada,"Administración pública y defensa, educación y atención de la salud humana",Sep - Nov,1641.4388263333333
2024,13 Ciudades y áreas metropolitanas,Población ocupada,"Administración pública y defensa, educación y atención de la salud humana",Oct - Dic,1609.1153926666666
2024,13 Ciudades y áreas metropolitanas,Población ocupada,"Administración pública y defensa, educación y atención de la salud humana",Nov - Ene,1560.402109
2024,13 Ciudades y áreas metropolitanas,Población ocupada,"Administración pública y defensa, educación y atención de la salud humana",Dic - Feb,1576.743987
2025,13 Ciudades y áreas metropolitanas,Población ocupada,"Administración pública y defensa, educación y atención de la salud humana",Ene - Mar,1576.425757
2025,13 Ciudades y áreas metropolitanas,Población ocupada,"Administración pública y defensa, educación y atención de la salud humana",Feb - Abr,1699.12242
2025,13 Ciudades y áreas metropolitanas,Población ocupada,"Administración pública y defensa, educación y atención de la salud humana",Mar - May,1659.142842
2025,13 Ciudades y áreas metropolitanas,Población ocupada,"Administración pública y defensa, educación y atención de la salud humana",Abr - Jun,1680.625826
2025,13 Ciudades y áreas metropolitanas,Población ocupada,"Administración pública y defensa, educación y atención de la salud humana",May - Jul,1599.04002
2025,13 Ciudades y áreas metropolitanas,Población ocupada,"Administración pública y defensa, educación y atención de la salud humana",Jun - Ago,1638.147942
2025,13 Ciudades y áreas metropolitanas,Población ocupada,"Administración pública y defensa, educación y atención de la salud humana",Jul - Sep,1653.511594
2025,13 Ciudades y áreas metropolitanas,Población ocupada,"Administración pública y defensa, educación y atención de la salud humana",Ago - Oct,1690.411784
2025,13 Ciudades y áreas metropolitanas,Población ocupada,"Administración pública y defensa, educación y atención de la salud humana",Sep - Nov,1670.060579
2025,13 Ciudades y áreas metropolitanas,Población ocupada,"Administración pública y defensa, educación y atención de la salud humana",Oct - Dic,1668.058717
2025,13 Ciudades y áreas metropolitanas,Población ocupada,"Administración pública y defensa, educación y atención de la salud humana",Nov - Ene,1640.035622
2025,13 Ciudades y áreas metropolitanas,Población ocupada,"Administración pública y defensa, educación y atención de la salud humana",Dic - Feb,1689.527451
2026,13 Ciudades y áreas metropolitanas,Población ocupada,"Administración pública y defensa, educación y atención de la salud humana",Ene - Mar,1720.650723
2026,13 Ciudades y áreas metropolitanas,Población ocupada,"Administración pública y defensa, educación y atención de la salud humana",Feb - Abr,1782.123568
2021,13 Ciudades y áreas metropolitanas,Población ocupada,"Actividades artísticas, entretenimiento, recreación y otras actividades de servicios",Ene - Mar,758.427728
2021,13 Ciudades y áreas metropolitanas,Población ocupada,"Actividades artísticas, entretenimiento, recreación y otras actividades de servicios",Feb - Abr,748.4072276666667
2021,13 Ciudades y áreas metropolitanas,Población ocupada,"Actividades artísticas, entretenimiento, recreación y otras actividades de servicios",Mar - May,755.219079
2021,13 Ciudades y áreas metropolitanas,Población ocupada,"Actividades artísticas, entretenimiento, recreación y otras actividades de servicios",Abr - Jun,739.37935
2021,13 Ciudades y áreas metropolitanas,Población ocupada,"Actividades artísticas, entretenimiento, recreación y otras actividades de servicios",May - Jul,746.1129826666667
2021,13 Ciudades y áreas metropolitanas,Población ocupada,"Actividades artísticas, entretenimiento, recreación y otras actividades de servicios",Jun - Ago,767.6982896666667
2021,13 Ciudades y áreas metropolitanas,Población ocupada,"Actividades artísticas, entretenimiento, recreación y otras actividades de servicios",Jul - Sep,795.8480066666666
2021,13 Ciudades y áreas metropolitanas,Población ocupada,"Actividades artísticas, entretenimiento, recreación y otras actividades de servicios",Ago - Oct,830.9197846666667
2021,13 Ciudades y áreas metropolitanas,Población ocupada,"Actividades artísticas, entretenimiento, recreación y otras actividades de servicios",Sep - Nov,818.7767856666666
2021,13 Ciudades y áreas metropolitanas,Población ocupada,"Actividades artísticas, entretenimiento, recreación y otras actividades de servicios",Oct - Dic,832.3406846666667
2021,13 Ciudades y áreas metropolitanas,Población ocupada,"Actividades artísticas, entretenimiento, recreación y otras actividades de servicios",Nov - Ene,826.9945963333333
2021,13 Ciudades y áreas metropolitanas,Población ocupada,"Actividades artísticas, entretenimiento, recreación y otras actividades de servicios",Dic - Feb,869.8394963333334
2022,13 Ciudades y áreas metropolitanas,Población ocupada,"Actividades artísticas, entretenimiento, recreación y otras actividades de servicios",Ene - Mar,884.2522786666667
2022,13 Ciudades y áreas metropolitanas,Población ocupada,"Actividades artísticas, entretenimiento, recreación y otras actividades de servicios",Feb - Abr,917.7147020000001
2022,13 Ciudades y áreas metropolitanas,Población ocupada,"Actividades artísticas, entretenimiento, recreación y otras actividades de servicios",Mar - May,929.5265810000001
2022,13 Ciudades y áreas metropolitanas,Población ocupada,"Actividades artísticas, entretenimiento, recreación y otras actividades de servicios",Abr - Jun,960.4596833333334
2022,13 Ciudades y áreas metropolitanas,Población ocupada,"Actividades artísticas, entretenimiento, recreación y otras actividades de servicios",May - Jul,935.306443
2022,13 Ciudades y áreas metropolitanas,Población ocupada,"Actividades artísticas, entretenimiento, recreación y otras actividades de servicios",Jun - Ago,928.920718
2022,13 Ciudades y áreas metropolitanas,Población ocupada,"Actividades artísticas, entretenimiento, recreación y otras actividades de servicios",Jul - Sep,920.3513983333332
2022,13 Ciudades y áreas metropolitanas,Población ocupada,"Actividades artísticas, entretenimiento, recreación y otras actividades de servicios",Ago - Oct,962.6606453333334
2022,13 Ciudades y áreas metropolitanas,Población ocupada,"Actividades artísticas, entretenimiento, recreación y otras actividades de servicios",Sep - Nov,980.2760393333333
2022,13 Ciudades y áreas metropolitanas,Población ocupada,"Actividades artísticas, entretenimiento, recreación y otras actividades de servicios",Oct - Dic,985.6078023333333
2022,13 Ciudades y áreas metropolitanas,Población ocupada,"Actividades artísticas, entretenimiento, recreación y otras actividades de servicios",Nov - Ene,969.340369
2022,13 Ciudades y áreas metropolitanas,Población ocupada,"Actividades artísticas, entretenimiento, recreación y otras actividades de servicios",Dic - Feb,935.846571
2023,13 Ciudades y áreas metropolitanas,Población ocupada,"Actividades artísticas, entretenimiento, recreación y otras actividades de servicios",Ene - Mar,941.1534170000001
2023,13 Ciudades y áreas metropolitanas,Población ocupada,"Actividades artísticas, entretenimiento, recreación y otras actividades de servicios",Feb - Abr,956.063971
2023,13 Ciudades y áreas metropolitanas,Población ocupada,"Actividades artísticas, entretenimiento, recreación y otras actividades de servicios",Mar - May,974.1182563333333
2023,13 Ciudades y áreas metropolitanas,Población ocupada,"Actividades artísticas, entretenimiento, recreación y otras actividades de servicios",Abr - Jun,980.9162596666666
2023,13 Ciudades y áreas metropolitanas,Población ocupada,"Actividades artísticas, entretenimiento, recreación y otras actividades de servicios",May - Jul,985.7881613333333
2023,13 Ciudades y áreas metropolitanas,Población ocupada,"Actividades artísticas, entretenimiento, recreación y otras actividades de servicios",Jun - Ago,1012.9619523333334
2023,13 Ciudades y áreas metropolitanas,Población ocupada,"Actividades artísticas, entretenimiento, recreación y otras actividades de servicios",Jul - Sep,1006.278966
2023,13 Ciudades y áreas metropolitanas,Población ocupada,"Actividades artísticas, entretenimiento, recreación y otras actividades de servicios",Ago - Oct,1025.2912996666666
2023,13 Ciudades y áreas metropolitanas,Población ocupada,"Actividades artísticas, entretenimiento, recreación y otras actividades de servicios",Sep - Nov,999.9498570000001
2023,13 Ciudades y áreas metropolitanas,Población ocupada,"Actividades artísticas, entretenimiento, recreación y otras actividades de servicios",Oct - Dic,995.6969806666667
2023,13 Ciudades y áreas metropolitanas,Población ocupada,"Actividades artísticas, entretenimiento, recreación y otras actividades de servicios",Nov - Ene,978.621631
2023,13 Ciudades y áreas metropolitanas,Población ocupada,"Actividades artísticas, entretenimiento, recreación y otras actividades de servicios",Dic - Feb,1003.0332163333333
2024,13 Ciudades y áreas metropolitanas,Población ocupada,"Actividades artísticas, entretenimiento, recreación y otras actividades de servicios",Ene - Mar,1000.607529
2024,13 Ciudades y áreas metropolitanas,Población ocupada,"Actividades artísticas, entretenimiento, recreación y otras actividades de servicios",Feb - Abr,987.0798483333333
2024,13 Ciudades y áreas metropolitanas,Población ocupada,"Actividades artísticas, entretenimiento, recreación y otras actividades de servicios",Mar - May,987.0997303333334
2024,13 Ciudades y áreas metropolitanas,Población ocupada,"Actividades artísticas, entretenimiento, recreación y otras actividades de servicios",Abr - Jun,977.4139236666666
2024,13 Ciudades y áreas metropolitanas,Población ocupada,"Actividades artísticas, entretenimiento, recreación y otras actividades de servicios",May - Jul,991.7805189999999
2024,13 Ciudades y áreas metropolitanas,Población ocupada,"Actividades artísticas, entretenimiento, recreación y otras actividades de servicios",Jun - Ago,999.2970986666668
2024,13 Ciudades y áreas metropolitanas,Población ocupada,"Actividades artísticas, entretenimiento, recreación y otras actividades de servicios",Jul - Sep,1037.157673
2024,13 Ciudades y áreas metropolitanas,Población ocupada,"Actividades artísticas, entretenimiento, recreación y otras actividades de servicios",Ago - Oct,1048.5626530000002
2024,13 Ciudades y áreas metropolitanas,Población ocupada,"Actividades artísticas, entretenimiento, recreación y otras actividades de servicios",Sep - Nov,1041.752658333333
2024,13 Ciudades y áreas metropolitanas,Población ocupada,"Actividades artísticas, entretenimiento, recreación y otras actividades de servicios",Oct - Dic,1007.3221956666667
2024,13 Ciudades y áreas metropolitanas,Población ocupada,"Actividades artísticas, entretenimiento, recreación y otras actividades de servicios",Nov - Ene,1005.994025
2024,13 Ciudades y áreas metropolitanas,Población ocupada,"Actividades artísticas, entretenimiento, recreación y otras actividades de servicios",Dic - Feb,984.894693
2025,13 Ciudades y áreas metropolitanas,Población ocupada,"Actividades artísticas, entretenimiento, recreación y otras actividades de servicios",Ene - Mar,1006.374254
2025,13 Ciudades y áreas metropolitanas,Población ocupada,"Actividades artísticas, entretenimiento, recreación y otras actividades de servicios",Feb - Abr,966.928122
2025,13 Ciudades y áreas metropolitanas,Población ocupada,"Actividades artísticas, entretenimiento, recreación y otras actividades de servicios",Mar - May,990.145371
2025,13 Ciudades y áreas metropolitanas,Población ocupada,"Actividades artísticas, entretenimiento, recreación y otras actividades de servicios",Abr - Jun,955.20368
2025,13 Ciudades y áreas metropolitanas,Población ocupada,"Actividades artísticas, entretenimiento, recreación y otras actividades de servicios",May - Jul,1002.895026
2025,13 Ciudades y áreas metropolitanas,Población ocupada,"Actividades artísticas, entretenimiento, recreación y otras actividades de servicios",Jun - Ago,1013.671954
2025,13 Ciudades y áreas metropolitanas,Población ocupada,"Actividades artísticas, entretenimiento, recreación y otras actividades de servicios",Jul - Sep,1063.871963
2025,13 Ciudades y áreas metropolitanas,Población ocupada,"Actividades artísticas, entretenimiento, recreación y otras actividades de servicios",Ago - Oct,1032.060317
2025,13 Ciudades y áreas metropolitanas,Población ocupada,"Actividades artísticas, entretenimiento, recreación y otras actividades de servicios",Sep - Nov,1034.975349
2025,13 Ciudades y áreas metropolitanas,Población ocupada,"Actividades artísticas, entretenimiento, recreación y otras actividades de servicios",Oct - Dic,1048.481389
2025,13 Ciudades y áreas metropolitanas,Población ocupada,"Actividades artísticas, entretenimiento, recreación y otras actividades de servicios",Nov - Ene,1042.636789
2025,13 Ciudades y áreas metropolitanas,Población ocupada,"Actividades artísticas, entretenimiento, recreación y otras actividades de servicios",Dic - Feb,1015.489804
2026,13 Ciudades y áreas metropolitanas,Población ocupada,"Actividades artísticas, entretenimiento, recreación y otras actividades de servicios",Ene - Mar,984.294353
2026,13 Ciudades y áreas metropolitanas,Población ocupada,"Actividades artísticas, entretenimiento, recreación y otras actividades de servicios",Feb - Abr,1003.929778
2021,13 Ciudades y áreas metropolitanas,Formal,Formal,Ene - Mar,4990.366199666666
2021,13 Ciudades y áreas metropolitanas,Formal,Formal,Feb - Abr,4999.7586716666665
2021,13 Ciudades y áreas metropolitanas,Formal,Formal,Mar - May,5089.547187333334
2021,13 Ciudades y áreas metropolitanas,Formal,Formal,Abr - Jun,5125.978807333334
2021,13 Ciudades y áreas metropolitanas,Formal,Formal,May - Jul,5245.425084333334
2021,13 Ciudades y áreas metropolitanas,Formal,Formal,Jun - Ago,5265.836126666666
2021,13 Ciudades y áreas metropolitanas,Formal,Formal,Jul - Sep,5347.999793333333
2021,13 Ciudades y áreas metropolitanas,Formal,Formal,Ago - Oct,5330.884890666666
2021,13 Ciudades y áreas metropolitanas,Formal,Formal,Sep - Nov,5423.541088
2021,13 Ciudades y áreas metropolitanas,Formal,Formal,Oct - Dic,5462.111764
2021,13 Ciudades y áreas metropolitanas,Formal,Formal,Nov - Ene,5580.1614156666665
2021,13 Ciudades y áreas metropolitanas,Formal,Formal,Dic - Feb,5648.548136333334
2022,13 Ciudades y áreas metropolitanas,Formal,Formal,Ene - Mar,5696.609560333333
2022,13 Ciudades y áreas metropolitanas,Formal,Formal,Feb - Abr,5740.594314999999
2022,13 Ciudades y áreas metropolitanas,Formal,Formal,Mar - May,5779.928718666667
2022,13 Ciudades y áreas metropolitanas,Formal,Formal,Abr - Jun,5800.781322
2022,13 Ciudades y áreas metropolitanas,Formal,Formal,May - Jul,5801.583500666667
2022,13 Ciudades y áreas metropolitanas,Formal,Formal,Jun - Ago,5855.774466666667
2022,13 Ciudades y áreas metropolitanas,Formal,Formal,Jul - Sep,5905.064518333334
2022,13 Ciudades y áreas metropolitanas,Formal,Formal,Ago - Oct,5952.018709
2022,13 Ciudades y áreas metropolitanas,Formal,Formal,Sep - Nov,6032.460235
2022,13 Ciudades y áreas metropolitanas,Formal,Formal,Oct - Dic,6096.159396
2022,13 Ciudades y áreas metropolitanas,Formal,Formal,Nov - Ene,6064.332979
2022,13 Ciudades y áreas metropolitanas,Formal,Formal,Dic - Feb,5951.079268666667
2023,13 Ciudades y áreas metropolitanas,Formal,Formal,Ene - Mar,5966.552101333334
2023,13 Ciudades y áreas metropolitanas,Formal,Formal,Feb - Abr,6107.266349666667
2023,13 Ciudades y áreas metropolitanas,Formal,Formal,Mar - May,6193.680729
2023,13 Ciudades y áreas metropolitanas,Formal,Formal,Abr - Jun,6295.985500333333
2023,13 Ciudades y áreas metropolitanas,Formal,Formal,May - Jul,6338.882661333334
2023,13 Ciudades y áreas metropolitanas,Formal,Formal,Jun - Ago,6424.596729666667
2023,13 Ciudades y áreas metropolitanas,Formal,Formal,Jul - Sep,6412.3373016666665
2023,13 Ciudades y áreas metropolitanas,Formal,Formal,Ago - Oct,6431.267966666667
2023,13 Ciudades y áreas metropolitanas,Formal,Formal,Sep - Nov,6481.037841
2023,13 Ciudades y áreas metropolitanas,Formal,Formal,Oct - Dic,6456.013361
2023,13 Ciudades y áreas metropolitanas,Formal,Formal,Nov - Ene,6389.975009666666
2023,13 Ciudades y áreas metropolitanas,Formal,Formal,Dic - Feb,6263.269738999999
2024,13 Ciudades y áreas metropolitanas,Formal,Formal,Ene - Mar,6301.315023666666
2024,13 Ciudades y áreas metropolitanas,Formal,Formal,Feb - Abr,6354.550313666667
2024,13 Ciudades y áreas metropolitanas,Formal,Formal,Mar - May,6424.420041
2024,13 Ciudades y áreas metropolitanas,Formal,Formal,Abr - Jun,6424.724372333333
2024,13 Ciudades y áreas metropolitanas,Formal,Formal,May - Jul,6420.547809000001
2024,13 Ciudades y áreas metropolitanas,Formal,Formal,Jun - Ago,6445.787558333333
2024,13 Ciudades y áreas metropolitanas,Formal,Formal,Jul - Sep,6434.520501999999
2024,13 Ciudades y áreas metropolitanas,Formal,Formal,Ago - Oct,6399.182674333333
2024,13 Ciudades y áreas metropolitanas,Formal,Formal,Sep - Nov,6440.5805900000005
2024,13 Ciudades y áreas metropolitanas,Formal,Formal,Oct - Dic,6440.307237666667
2024,13 Ciudades y áreas metropolitanas,Formal,Formal,Nov - Ene,6416.90062
2024,13 Ciudades y áreas metropolitanas,Formal,Formal,Dic - Feb,6330.035846
2025,13 Ciudades y áreas metropolitanas,Formal,Formal,Ene - Mar,6313.062359
2025,13 Ciudades y áreas metropolitanas,Formal,Formal,Feb - Abr,6449.160654
2025,13 Ciudades y áreas metropolitanas,Formal,Formal,Mar - May,6494.988623
2025,13 Ciudades y áreas metropolitanas,Formal,Formal,Abr - Jun,6561.385748
2025,13 Ciudades y áreas metropolitanas,Formal,Formal,May - Jul,6580.870101
2025,13 Ciudades y áreas metropolitanas,Formal,Formal,Jun - Ago,6629.239017
2025,13 Ciudades y áreas metropolitanas,Formal,Formal,Jul - Sep,6673.952803
2025,13 Ciudades y áreas metropolitanas,Formal,Formal,Ago - Oct,6616.207533
2025,13 Ciudades y áreas metropolitanas,Formal,Formal,Sep - Nov,6677.690246
2025,13 Ciudades y áreas metropolitanas,Formal,Formal,Oct - Dic,6701.28994
2025,13 Ciudades y áreas metropolitanas,Formal,Formal,Nov - Ene,6713.179559
2025,13 Ciudades y áreas metropolitanas,Formal,Formal,Dic - Feb,6634.691589
2026,13 Ciudades y áreas metropolitanas,Formal,Formal,Ene - Mar,6625.45175
2026,13 Ciudades y áreas metropolitanas,Formal,Formal,Feb - Abr,6698.7158
2021,13 Ciudades y áreas metropolitanas,Formal,No informa,Ene - Mar,19.711936666666666
2021,13 Ciudades y áreas metropolitanas,Formal,No informa,Feb - Abr,15.165641
2021,13 Ciudades y áreas metropolitanas,Formal,No informa,Mar - May,11.443108666666667
2021,13 Ciudades y áreas metropolitanas,Formal,No informa,Abr - Jun,1.8240966666666667
2021,13 Ciudades y áreas metropolitanas,Formal,No informa,May - Jul,1.5205216666666665
2021,13 Ciudades y áreas metropolitanas,Formal,No informa,Jun - Ago,3.929494666666667
2021,13 Ciudades y áreas metropolitanas,Formal,No informa,Jul - Sep,3.929494666666667
2021,13 Ciudades y áreas metropolitanas,Formal,No informa,Ago - Oct,5.351361666666667
2021,13 Ciudades y áreas metropolitanas,Formal,No informa,Sep - Nov,12.196289666666667
2021,13 Ciudades y áreas metropolitanas,Formal,No informa,Oct - Dic,13.776705000000002
2021,13 Ciudades y áreas metropolitanas,Formal,No informa,Nov - Ene,14.975104333333334
2021,13 Ciudades y áreas metropolitanas,Formal,No informa,Dic - Feb,6.848721
2022,13 Ciudades y áreas metropolitanas,Formal,No informa,Ene - Mar,5.306019333333333
2022,13 Ciudades y áreas metropolitanas,Formal,No informa,Feb - Abr,3.1337093333333335
2022,13 Ciudades y áreas metropolitanas,Formal,No informa,Mar - May,5.168902
2022,13 Ciudades y áreas metropolitanas,Formal,No informa,Abr - Jun,5.912660333333334
2022,13 Ciudades y áreas metropolitanas,Formal,No informa,May - Jul,5.464704
2022,13 Ciudades y áreas metropolitanas,Formal,No informa,Jun - Ago,0.9378143333333333
2022,13 Ciudades y áreas metropolitanas,Formal,No informa,Jul - Sep,1.6009403333333332
2022,13 Ciudades y áreas metropolitanas,Formal,No informa,Ago - Oct,2.9677726666666664
2022,13 Ciudades y áreas metropolitanas,Formal,No informa,Sep - Nov,11.725921333333334
2022,13 Ciudades y áreas metropolitanas,Formal,No informa,Oct - Dic,11.306042333333336
2022,13 Ciudades y áreas metropolitanas,Formal,No informa,Nov - Ene,10.882184
2022,13 Ciudades y áreas metropolitanas,Formal,No informa,Dic - Feb,1.967693
2023,13 Ciudades y áreas metropolitanas,Formal,No informa,Ene - Mar,2.2344906666666664
2023,13 Ciudades y áreas metropolitanas,Formal,No informa,Feb - Abr,1.2915166666666666
2023,13 Ciudades y áreas metropolitanas,Formal,No informa,Mar - May,2.1955736666666668
2023,13 Ciudades y áreas metropolitanas,Formal,No informa,Abr - Jun,0.904057
2023,13 Ciudades y áreas metropolitanas,Formal,No informa,May - Jul,1.2960716666666667
2023,13 Ciudades y áreas metropolitanas,Formal,No informa,Jun - Ago,0.5969123333333334
2023,13 Ciudades y áreas metropolitanas,Formal,No informa,Jul - Sep,0.5969123333333334
2023,13 Ciudades y áreas metropolitanas,Formal,No informa,Ago - Oct,0.20489766666666667
2023,13 Ciudades y áreas metropolitanas,Formal,No informa,Sep - Nov,0.03645166666666667
2023,13 Ciudades y áreas metropolitanas,Formal,No informa,Oct - Dic,0.03645166666666667
2023,13 Ciudades y áreas metropolitanas,Formal,No informa,Nov - Ene,0.03645166666666667
2023,13 Ciudades y áreas metropolitanas,Formal,No informa,Dic - Feb,0.0
2024,13 Ciudades y áreas metropolitanas,Formal,No informa,Ene - Mar,0.0
2024,13 Ciudades y áreas metropolitanas,Formal,No informa,Feb - Abr,0.294804
2024,13 Ciudades y áreas metropolitanas,Formal,No informa,Mar - May,0.294804
2024,13 Ciudades y áreas metropolitanas,Formal,No informa,Abr - Jun,0.294804
2024,13 Ciudades y áreas metropolitanas,Formal,No informa,May - Jul,0.0
2024,13 Ciudades y áreas metropolitanas,Formal,No informa,Jun - Ago,0.760358
2024,13 Ciudades y áreas metropolitanas,Formal,No informa,Jul - Sep,0.760358
2024,13 Ciudades y áreas metropolitanas,Formal,No informa,Ago - Oct,0.760358
2024,13 Ciudades y áreas metropolitanas,Formal,No informa,Sep - Nov,0.0
2024,13 Ciudades y áreas metropolitanas,Formal,No informa,Oct - Dic,0.0
2024,13 Ciudades y áreas metropolitanas,Formal,No informa,Nov - Ene,0.0
2024,13 Ciudades y áreas metropolitanas,Formal,No informa,Dic - Feb,0.0
2025,13 Ciudades y áreas metropolitanas,Formal,No informa,Ene - Mar,0.0
2025,13 Ciudades y áreas metropolitanas,Formal,No informa,Feb - Abr,0.0
2025,13 Ciudades y áreas metropolitanas,Formal,No informa,Mar - May,0.0
2025,13 Ciudades y áreas metropolitanas,Formal,No informa,Abr - Jun,0.0
2025,13 Ciudades y áreas metropolitanas,Formal,No informa,May - Jul,0.0
2025,13 Ciudades y áreas metropolitanas,Formal,No informa,Jun - Ago,0.0
2025,13 Ciudades y áreas metropolitanas,Formal,No informa,Jul - Sep,0.0
2025,13 Ciudades y áreas metropolitanas,Formal,No informa,Ago - Oct,0.0
2025,13 Ciudades y áreas metropolitanas,Formal,No informa,Sep - Nov,0.0
2025,13 Ciudades y áreas metropolitanas,Formal,No informa,Oct - Dic,0.0
2025,13 Ciudades y áreas metropolitanas,Formal,No informa,Nov - Ene,0.0
2025,13 Ciudades y áreas metropolitanas,Formal,No informa,Dic - Feb,0.0
2026,13 Ciudades y áreas metropolitanas,Formal,No informa,Ene - Mar,0.0
2026,13 Ciudades y áreas metropolitanas,Formal,No informa,Feb - Abr,0.058288
2021,13 Ciudades y áreas metropolitanas,Formal,Otras ramas*,Ene - Mar,132.98492833333333
2021,13 Ciudades y áreas metropolitanas,Formal,Otras ramas*,Feb - Abr,133.48018166666668
2021,13 Ciudades y áreas metropolitanas,Formal,Otras ramas*,Mar - May,149.65559366666665
2021,13 Ciudades y áreas metropolitanas,Formal,Otras ramas*,Abr - Jun,140.53599866666664
2021,13 Ciudades y áreas metropolitanas,Formal,Otras ramas*,May - Jul,134.034842
2021,13 Ciudades y áreas metropolitanas,Formal,Otras ramas*,Jun - Ago,138.418196
2021,13 Ciudades y áreas metropolitanas,Formal,Otras ramas*,Jul - Sep,143.364867
2021,13 Ciudades y áreas metropolitanas,Formal,Otras ramas*,Ago - Oct,158.765095
2021,13 Ciudades y áreas metropolitanas,Formal,Otras ramas*,Sep - Nov,162.20176766666668
2021,13 Ciudades y áreas metropolitanas,Formal,Otras ramas*,Oct - Dic,163.06619833333335
2021,13 Ciudades y áreas metropolitanas,Formal,Otras ramas*,Nov - Ene,164.83769133333334
2021,13 Ciudades y áreas metropolitanas,Formal,Otras ramas*,Dic - Feb,156.23137533333335
2022,13 Ciudades y áreas metropolitanas,Formal,Otras ramas*,Ene - Mar,160.57761633333334
2022,13 Ciudades y áreas metropolitanas,Formal,Otras ramas*,Feb - Abr,162.66444533333333
2022,13 Ciudades y áreas metropolitanas,Formal,Otras ramas*,Mar - May,167.75407733333336
2022,13 Ciudades y áreas metropolitanas,Formal,Otras ramas*,Abr - Jun,161.49760466666666
2022,13 Ciudades y áreas metropolitanas,Formal,Otras ramas*,May - Jul,161.92610933333336
2022,13 Ciudades y áreas metropolitanas,Formal,Otras ramas*,Jun - Ago,169.20179066666665
2022,13 Ciudades y áreas metropolitanas,Formal,Otras ramas*,Jul - Sep,166.30200533333334
2022,13 Ciudades y áreas metropolitanas,Formal,Otras ramas*,Ago - Oct,162.53264633333333
2022,13 Ciudades y áreas metropolitanas,Formal,Otras ramas*,Sep - Nov,166.87679466666668
2022,13 Ciudades y áreas metropolitanas,Formal,Otras ramas*,Oct - Dic,178.60911533333334
2022,13 Ciudades y áreas metropolitanas,Formal,Otras ramas*,Nov - Ene,188.61098466666667
2022,13 Ciudades y áreas metropolitanas,Formal,Otras ramas*,Dic - Feb,174.69365266666668
2023,13 Ciudades y áreas metropolitanas,Formal,Otras ramas*,Ene - Mar,165.2417156666667
2023,13 Ciudades y áreas metropolitanas,Formal,Otras ramas*,Feb - Abr,161.53931500000002
2023,13 Ciudades y áreas metropolitanas,Formal,Otras ramas*,Mar - May,169.17948533333333
2023,13 Ciudades y áreas metropolitanas,Formal,Otras ramas*,Abr - Jun,184.175579
2023,13 Ciudades y áreas metropolitanas,Formal,Otras ramas*,May - Jul,194.77215233333334
2023,13 Ciudades y áreas metropolitanas,Formal,Otras ramas*,Jun - Ago,200.86433333333335
2023,13 Ciudades y áreas metropolitanas,Formal,Otras ramas*,Jul - Sep,189.620547
2023,13 Ciudades y áreas metropolitanas,Formal,Otras ramas*,Ago - Oct,176.94974966666666
2023,13 Ciudades y áreas metropolitanas,Formal,Otras ramas*,Sep - Nov,174.85974633333333
2023,13 Ciudades y áreas metropolitanas,Formal,Otras ramas*,Oct - Dic,182.88882233333334
2023,13 Ciudades y áreas metropolitanas,Formal,Otras ramas*,Nov - Ene,190.08848133333333
2023,13 Ciudades y áreas metropolitanas,Formal,Otras ramas*,Dic - Feb,179.13084800000001
2024,13 Ciudades y áreas metropolitanas,Formal,Otras ramas*,Ene - Mar,174.63023066666665
2024,13 Ciudades y áreas metropolitanas,Formal,Otras ramas*,Feb - Abr,162.15541633333333
2024,13 Ciudades y áreas metropolitanas,Formal,Otras ramas*,Mar - May,171.03018333333333
2024,13 Ciudades y áreas metropolitanas,Formal,Otras ramas*,Abr - Jun,165.09870766666668
2024,13 Ciudades y áreas metropolitanas,Formal,Otras ramas*,May - Jul,163.310855
2024,13 Ciudades y áreas metropolitanas,Formal,Otras ramas*,Jun - Ago,170.68703366666668
2024,13 Ciudades y áreas metropolitanas,Formal,Otras ramas*,Jul - Sep,181.21293999999997
2024,13 Ciudades y áreas metropolitanas,Formal,Otras ramas*,Ago - Oct,198.15451299999998
2024,13 Ciudades y áreas metropolitanas,Formal,Otras ramas*,Sep - Nov,191.650517
2024,13 Ciudades y áreas metropolitanas,Formal,Otras ramas*,Oct - Dic,189.8171166666667
2024,13 Ciudades y áreas metropolitanas,Formal,Otras ramas*,Nov - Ene,177.946943
2024,13 Ciudades y áreas metropolitanas,Formal,Otras ramas*,Dic - Feb,182.863914
2025,13 Ciudades y áreas metropolitanas,Formal,Otras ramas*,Ene - Mar,198.660958
2025,13 Ciudades y áreas metropolitanas,Formal,Otras ramas*,Feb - Abr,195.224038
2025,13 Ciudades y áreas metropolitanas,Formal,Otras ramas*,Mar - May,177.435452
2025,13 Ciudades y áreas metropolitanas,Formal,Otras ramas*,Abr - Jun,164.912178
2025,13 Ciudades y áreas metropolitanas,Formal,Otras ramas*,May - Jul,184.848166
2025,13 Ciudades y áreas metropolitanas,Formal,Otras ramas*,Jun - Ago,212.18785
2025,13 Ciudades y áreas metropolitanas,Formal,Otras ramas*,Jul - Sep,211.684602
2025,13 Ciudades y áreas metropolitanas,Formal,Otras ramas*,Ago - Oct,213.859633
2025,13 Ciudades y áreas metropolitanas,Formal,Otras ramas*,Sep - Nov,211.896139
2025,13 Ciudades y áreas metropolitanas,Formal,Otras ramas*,Oct - Dic,195.242316
2025,13 Ciudades y áreas metropolitanas,Formal,Otras ramas*,Nov - Ene,179.114983
2025,13 Ciudades y áreas metropolitanas,Formal,Otras ramas*,Dic - Feb,170.995871
2026,13 Ciudades y áreas metropolitanas,Formal,Otras ramas*,Ene - Mar,191.659796
2026,13 Ciudades y áreas metropolitanas,Formal,Otras ramas*,Feb - Abr,210.986959
2021,13 Ciudades y áreas metropolitanas,Formal,Industrias manufactureras,Ene - Mar,628.5612536666667
2021,13 Ciudades y áreas metropolitanas,Formal,Industrias manufactureras,Feb - Abr,616.497417
2021,13 Ciudades y áreas metropolitanas,Formal,Industrias manufactureras,Mar - May,639.674209
2021,13 Ciudades y áreas metropolitanas,Formal,Industrias manufactureras,Abr - Jun,686.179567
2021,13 Ciudades y áreas metropolitanas,Formal,Industrias manufactureras,May - Jul,729.182563
2021,13 Ciudades y áreas metropolitanas,Formal,Industrias manufactureras,Jun - Ago,731.4182736666667
2021,13 Ciudades y áreas metropolitanas,Formal,Industrias manufactureras,Jul - Sep,724.3777263333333
2021,13 Ciudades y áreas metropolitanas,Formal,Industrias manufactureras,Ago - Oct,705.7203266666667
2021,13 Ciudades y áreas metropolitanas,Formal,Industrias manufactureras,Sep - Nov,701.7116496666667
2021,13 Ciudades y áreas metropolitanas,Formal,Industrias manufactureras,Oct - Dic,714.932005
2021,13 Ciudades y áreas metropolitanas,Formal,Industrias manufactureras,Nov - Ene,744.6908309999999
2021,13 Ciudades y áreas metropolitanas,Formal,Industrias manufactureras,Dic - Feb,765.5181269999999
2022,13 Ciudades y áreas metropolitanas,Formal,Industrias manufactureras,Ene - Mar,781.0828756666666
2022,13 Ciudades y áreas metropolitanas,Formal,Industrias manufactureras,Feb - Abr,797.4132720000001
2022,13 Ciudades y áreas metropolitanas,Formal,Industrias manufactureras,Mar - May,822.24179
2022,13 Ciudades y áreas metropolitanas,Formal,Industrias manufactureras,Abr - Jun,828.634981
2022,13 Ciudades y áreas metropolitanas,Formal,Industrias manufactureras,May - Jul,840.4857526666666
2022,13 Ciudades y áreas metropolitanas,Formal,Industrias manufactureras,Jun - Ago,853.0087476666667
2022,13 Ciudades y áreas metropolitanas,Formal,Industrias manufactureras,Jul - Sep,852.5113253333334
2022,13 Ciudades y áreas metropolitanas,Formal,Industrias manufactureras,Ago - Oct,851.1817873333334
2022,13 Ciudades y áreas metropolitanas,Formal,Industrias manufactureras,Sep - Nov,861.6217633333334
2022,13 Ciudades y áreas metropolitanas,Formal,Industrias manufactureras,Oct - Dic,875.4905236666667
2022,13 Ciudades y áreas metropolitanas,Formal,Industrias manufactureras,Nov - Ene,874.9886013333333
2022,13 Ciudades y áreas metropolitanas,Formal,Industrias manufactureras,Dic - Feb,833.2605189999999
2023,13 Ciudades y áreas metropolitanas,Formal,Industrias manufactureras,Ene - Mar,821.2958779999999
2023,13 Ciudades y áreas metropolitanas,Formal,Industrias manufactureras,Feb - Abr,872.5100523333334
2023,13 Ciudades y áreas metropolitanas,Formal,Industrias manufactureras,Mar - May,910.9164793333333
2023,13 Ciudades y áreas metropolitanas,Formal,Industrias manufactureras,Abr - Jun,933.3369923333333
2023,13 Ciudades y áreas metropolitanas,Formal,Industrias manufactureras,May - Jul,890.6780506666665
2023,13 Ciudades y áreas metropolitanas,Formal,Industrias manufactureras,Jun - Ago,891.4248493333333
2023,13 Ciudades y áreas metropolitanas,Formal,Industrias manufactureras,Jul - Sep,896.0667063333334
2023,13 Ciudades y áreas metropolitanas,Formal,Industrias manufactureras,Ago - Oct,894.7366066666667
2023,13 Ciudades y áreas metropolitanas,Formal,Industrias manufactureras,Sep - Nov,888.7708596666666
2023,13 Ciudades y áreas metropolitanas,Formal,Industrias manufactureras,Oct - Dic,881.9313786666667
2023,13 Ciudades y áreas metropolitanas,Formal,Industrias manufactureras,Nov - Ene,913.6539720000001
2023,13 Ciudades y áreas metropolitanas,Formal,Industrias manufactureras,Dic - Feb,911.585643
2024,13 Ciudades y áreas metropolitanas,Formal,Industrias manufactureras,Ene - Mar,903.8785966666666
2024,13 Ciudades y áreas metropolitanas,Formal,Industrias manufactureras,Feb - Abr,875.1518130000001
2024,13 Ciudades y áreas metropolitanas,Formal,Industrias manufactureras,Mar - May,906.2198113333334
2024,13 Ciudades y áreas metropolitanas,Formal,Industrias manufactureras,Abr - Jun,919.4595643333333
2024,13 Ciudades y áreas metropolitanas,Formal,Industrias manufactureras,May - Jul,932.5633386666667
2024,13 Ciudades y áreas metropolitanas,Formal,Industrias manufactureras,Jun - Ago,908.8798463333333
2024,13 Ciudades y áreas metropolitanas,Formal,Industrias manufactureras,Jul - Sep,908.683097
2024,13 Ciudades y áreas metropolitanas,Formal,Industrias manufactureras,Ago - Oct,914.7974576666666
2024,13 Ciudades y áreas metropolitanas,Formal,Industrias manufactureras,Sep - Nov,940.6345976666667
2024,13 Ciudades y áreas metropolitanas,Formal,Industrias manufactureras,Oct - Dic,950.4048793333335
2024,13 Ciudades y áreas metropolitanas,Formal,Industrias manufactureras,Nov - Ene,954.925475
2024,13 Ciudades y áreas metropolitanas,Formal,Industrias manufactureras,Dic - Feb,946.934261
2025,13 Ciudades y áreas metropolitanas,Formal,Industrias manufactureras,Ene - Mar,951.488571
2025,13 Ciudades y áreas metropolitanas,Formal,Industrias manufactureras,Feb - Abr,981.04618
2025,13 Ciudades y áreas metropolitanas,Formal,Industrias manufactureras,Mar - May,1001.715784
2025,13 Ciudades y áreas metropolitanas,Formal,Industrias manufactureras,Abr - Jun,1046.268379
2025,13 Ciudades y áreas metropolitanas,Formal,Industrias manufactureras,May - Jul,1046.482917
2025,13 Ciudades y áreas metropolitanas,Formal,Industrias manufactureras,Jun - Ago,1053.384378
2025,13 Ciudades y áreas metropolitanas,Formal,Industrias manufactureras,Jul - Sep,1035.071801
2025,13 Ciudades y áreas metropolitanas,Formal,Industrias manufactureras,Ago - Oct,1042.1021
2025,13 Ciudades y áreas metropolitanas,Formal,Industrias manufactureras,Sep - Nov,1039.252943
2025,13 Ciudades y áreas metropolitanas,Formal,Industrias manufactureras,Oct - Dic,1060.380436
2025,13 Ciudades y áreas metropolitanas,Formal,Industrias manufactureras,Nov - Ene,1027.365661
2025,13 Ciudades y áreas metropolitanas,Formal,Industrias manufactureras,Dic - Feb,1004.167537
2026,13 Ciudades y áreas metropolitanas,Formal,Industrias manufactureras,Ene - Mar,929.010787
2026,13 Ciudades y áreas metropolitanas,Formal,Industrias manufactureras,Feb - Abr,943.685748
2021,13 Ciudades y áreas metropolitanas,Formal,Construcción,Ene - Mar,267.707934
2021,13 Ciudades y áreas metropolitanas,Formal,Construcción,Feb - Abr,281.943612
2021,13 Ciudades y áreas metropolitanas,Formal,Construcción,Mar - May,283.965131
2021,13 Ciudades y áreas metropolitanas,Formal,Construcción,Abr - Jun,254.77928366666666
2021,13 Ciudades y áreas metropolitanas,Formal,Construcción,May - Jul,236.92730599999996
2021,13 Ciudades y áreas metropolitanas,Formal,Construcción,Jun - Ago,245.26790099999997
2021,13 Ciudades y áreas metropolitanas,Formal,Construcción,Jul - Sep,242.76605833333335
2021,13 Ciudades y áreas metropolitanas,Formal,Construcción,Ago - Oct,245.74303366666666
2021,13 Ciudades y áreas metropolitanas,Formal,Construcción,Sep - Nov,263.877628
2021,13 Ciudades y áreas metropolitanas,Formal,Construcción,Oct - Dic,270.06028833333335
2021,13 Ciudades y áreas metropolitanas,Formal,Construcción,Nov - Ene,286.9006796666667
2021,13 Ciudades y áreas metropolitanas,Formal,Construcción,Dic - Feb,290.9027996666667
2022,13 Ciudades y áreas metropolitanas,Formal,Construcción,Ene - Mar,296.41455933333333
2022,13 Ciudades y áreas metropolitanas,Formal,Construcción,Feb - Abr,290.67759333333333
2022,13 Ciudades y áreas metropolitanas,Formal,Construcción,Mar - May,298.8224783333333
2022,13 Ciudades y áreas metropolitanas,Formal,Construcción,Abr - Jun,295.5087446666667
2022,13 Ciudades y áreas metropolitanas,Formal,Construcción,May - Jul,287.089162
2022,13 Ciudades y áreas metropolitanas,Formal,Construcción,Jun - Ago,287.147913
2022,13 Ciudades y áreas metropolitanas,Formal,Construcción,Jul - Sep,284.70288733333336
2022,13 Ciudades y áreas metropolitanas,Formal,Construcción,Ago - Oct,293.5423686666667
2022,13 Ciudades y áreas metropolitanas,Formal,Construcción,Sep - Nov,272.4104913333333
2022,13 Ciudades y áreas metropolitanas,Formal,Construcción,Oct - Dic,279.321815
2022,13 Ciudades y áreas metropolitanas,Formal,Construcción,Nov - Ene,264.8329966666667
2022,13 Ciudades y áreas metropolitanas,Formal,Construcción,Dic - Feb,276.7600476666667
2023,13 Ciudades y áreas metropolitanas,Formal,Construcción,Ene - Mar,275.583285
2023,13 Ciudades y áreas metropolitanas,Formal,Construcción,Feb - Abr,297.31461800000005
2023,13 Ciudades y áreas metropolitanas,Formal,Construcción,Mar - May,282.7772773333333
2023,13 Ciudades y áreas metropolitanas,Formal,Construcción,Abr - Jun,297.8068766666667
2023,13 Ciudades y áreas metropolitanas,Formal,Construcción,May - Jul,309.0735816666667
2023,13 Ciudades y áreas metropolitanas,Formal,Construcción,Jun - Ago,334.1531053333333
2023,13 Ciudades y áreas metropolitanas,Formal,Construcción,Jul - Sep,337.7215816666667
2023,13 Ciudades y áreas metropolitanas,Formal,Construcción,Ago - Oct,334.158099
2023,13 Ciudades y áreas metropolitanas,Formal,Construcción,Sep - Nov,335.06450333333333
2023,13 Ciudades y áreas metropolitanas,Formal,Construcción,Oct - Dic,318.53064266666667
2023,13 Ciudades y áreas metropolitanas,Formal,Construcción,Nov - Ene,302.7657106666667
2023,13 Ciudades y áreas metropolitanas,Formal,Construcción,Dic - Feb,307.3028286666667
2024,13 Ciudades y áreas metropolitanas,Formal,Construcción,Ene - Mar,303.031605
2024,13 Ciudades y áreas metropolitanas,Formal,Construcción,Feb - Abr,338.769559
2024,13 Ciudades y áreas metropolitanas,Formal,Construcción,Mar - May,339.90879
2024,13 Ciudades y áreas metropolitanas,Formal,Construcción,Abr - Jun,367.42039866666664
2024,13 Ciudades y áreas metropolitanas,Formal,Construcción,May - Jul,340.61313133333334
2024,13 Ciudades y áreas metropolitanas,Formal,Construcción,Jun - Ago,337.0723986666667
2024,13 Ciudades y áreas metropolitanas,Formal,Construcción,Jul - Sep,324.18423866666666
2024,13 Ciudades y áreas metropolitanas,Formal,Construcción,Ago - Oct,330.2508036666667
2024,13 Ciudades y áreas metropolitanas,Formal,Construcción,Sep - Nov,323.31571299999996
2024,13 Ciudades y áreas metropolitanas,Formal,Construcción,Oct - Dic,306.33323133333334
2024,13 Ciudades y áreas metropolitanas,Formal,Construcción,Nov - Ene,308.11729
2024,13 Ciudades y áreas metropolitanas,Formal,Construcción,Dic - Feb,330.873604
2025,13 Ciudades y áreas metropolitanas,Formal,Construcción,Ene - Mar,331.664466
2025,13 Ciudades y áreas metropolitanas,Formal,Construcción,Feb - Abr,329.842921
2025,13 Ciudades y áreas metropolitanas,Formal,Construcción,Mar - May,287.247721
2025,13 Ciudades y áreas metropolitanas,Formal,Construcción,Abr - Jun,266.786826
2025,13 Ciudades y áreas metropolitanas,Formal,Construcción,May - Jul,278.527386
2025,13 Ciudades y áreas metropolitanas,Formal,Construcción,Jun - Ago,308.38872
2025,13 Ciudades y áreas metropolitanas,Formal,Construcción,Jul - Sep,333.346054
2025,13 Ciudades y áreas metropolitanas,Formal,Construcción,Ago - Oct,307.957601
2025,13 Ciudades y áreas metropolitanas,Formal,Construcción,Sep - Nov,308.449203
2025,13 Ciudades y áreas metropolitanas,Formal,Construcción,Oct - Dic,314.280614
2025,13 Ciudades y áreas metropolitanas,Formal,Construcción,Nov - Ene,319.915353
2025,13 Ciudades y áreas metropolitanas,Formal,Construcción,Dic - Feb,313.508299
2026,13 Ciudades y áreas metropolitanas,Formal,Construcción,Ene - Mar,313.870726
2026,13 Ciudades y áreas metropolitanas,Formal,Construcción,Feb - Abr,324.928151
2021,13 Ciudades y áreas metropolitanas,Formal,Comercio y reparación de vehículos,Ene - Mar,830.057284
2021,13 Ciudades y áreas metropolitanas,Formal,Comercio y reparación de vehículos,Feb - Abr,869.949897
2021,13 Ciudades y áreas metropolitanas,Formal,Comercio y reparación de vehículos,Mar - May,930.3869343333334
2021,13 Ciudades y áreas metropolitanas,Formal,Comercio y reparación de vehículos,Abr - Jun,954.4694173333334
2021,13 Ciudades y áreas metropolitanas,Formal,Comercio y reparación de vehículos,May - Jul,980.793873
2021,13 Ciudades y áreas metropolitanas,Formal,Comercio y reparación de vehículos,Jun - Ago,972.314506
2021,13 Ciudades y áreas metropolitanas,Formal,Comercio y reparación de vehículos,Jul - Sep,976.6125843333333
2021,13 Ciudades y áreas metropolitanas,Formal,Comercio y reparación de vehículos,Ago - Oct,947.9333856666667
2021,13 Ciudades y áreas metropolitanas,Formal,Comercio y reparación de vehículos,Sep - Nov,974.268356
2021,13 Ciudades y áreas metropolitanas,Formal,Comercio y reparación de vehículos,Oct - Dic,983.6597956666666
2021,13 Ciudades y áreas metropolitanas,Formal,Comercio y reparación de vehículos,Nov - Ene,999.1589610000001
2021,13 Ciudades y áreas metropolitanas,Formal,Comercio y reparación de vehículos,Dic - Feb,1018.4589483333333
2022,13 Ciudades y áreas metropolitanas,Formal,Comercio y reparación de vehículos,Ene - Mar,1019.2073526666667
2022,13 Ciudades y áreas metropolitanas,Formal,Comercio y reparación de vehículos,Feb - Abr,1034.2564416666667
2022,13 Ciudades y áreas metropolitanas,Formal,Comercio y reparación de vehículos,Mar - May,993.1152326666667
2022,13 Ciudades y áreas metropolitanas,Formal,Comercio y reparación de vehículos,Abr - Jun,990.7396933333333
2022,13 Ciudades y áreas metropolitanas,Formal,Comercio y reparación de vehículos,May - Jul,958.5839946666666
2022,13 Ciudades y áreas metropolitanas,Formal,Comercio y reparación de vehículos,Jun - Ago,1012.6510593333333
2022,13 Ciudades y áreas metropolitanas,Formal,Comercio y reparación de vehículos,Jul - Sep,1057.8973613333333
2022,13 Ciudades y áreas metropolitanas,Formal,Comercio y reparación de vehículos,Ago - Oct,1057.1595086666666
2022,13 Ciudades y áreas metropolitanas,Formal,Comercio y reparación de vehículos,Sep - Nov,1081.9647699999998
2022,13 Ciudades y áreas metropolitanas,Formal,Comercio y reparación de vehículos,Oct - Dic,1061.7769006666667
2022,13 Ciudades y áreas metropolitanas,Formal,Comercio y reparación de vehículos,Nov - Ene,1074.2169436666666
2022,13 Ciudades y áreas metropolitanas,Formal,Comercio y reparación de vehículos,Dic - Feb,1059.8605610000002
2023,13 Ciudades y áreas metropolitanas,Formal,Comercio y reparación de vehículos,Ene - Mar,1071.0384243333333
2023,13 Ciudades y áreas metropolitanas,Formal,Comercio y reparación de vehículos,Feb - Abr,1091.9361340000003
2023,13 Ciudades y áreas metropolitanas,Formal,Comercio y reparación de vehículos,Mar - May,1088.0113910000002
2023,13 Ciudades y áreas metropolitanas,Formal,Comercio y reparación de vehículos,Abr - Jun,1094.859713
2023,13 Ciudades y áreas metropolitanas,Formal,Comercio y reparación de vehículos,May - Jul,1134.7795783333333
2023,13 Ciudades y áreas metropolitanas,Formal,Comercio y reparación de vehículos,Jun - Ago,1114.4236616666665
2023,13 Ciudades y áreas metropolitanas,Formal,Comercio y reparación de vehículos,Jul - Sep,1098.738394
2023,13 Ciudades y áreas metropolitanas,Formal,Comercio y reparación de vehículos,Ago - Oct,1055.7526913333334
2023,13 Ciudades y áreas metropolitanas,Formal,Comercio y reparación de vehículos,Sep - Nov,1106.4337963333335
2023,13 Ciudades y áreas metropolitanas,Formal,Comercio y reparación de vehículos,Oct - Dic,1124.4364756666666
2023,13 Ciudades y áreas metropolitanas,Formal,Comercio y reparación de vehículos,Nov - Ene,1114.1155683333334
2023,13 Ciudades y áreas metropolitanas,Formal,Comercio y reparación de vehículos,Dic - Feb,1071.7786693333335
2024,13 Ciudades y áreas metropolitanas,Formal,Comercio y reparación de vehículos,Ene - Mar,1099.4411216666667
2024,13 Ciudades y áreas metropolitanas,Formal,Comercio y reparación de vehículos,Feb - Abr,1104.527007
2024,13 Ciudades y áreas metropolitanas,Formal,Comercio y reparación de vehículos,Mar - May,1125.6955970000001
2024,13 Ciudades y áreas metropolitanas,Formal,Comercio y reparación de vehículos,Abr - Jun,1081.7500223333334
2024,13 Ciudades y áreas metropolitanas,Formal,Comercio y reparación de vehículos,May - Jul,1080.9992956666665
2024,13 Ciudades y áreas metropolitanas,Formal,Comercio y reparación de vehículos,Jun - Ago,1087.2402816666665
2024,13 Ciudades y áreas metropolitanas,Formal,Comercio y reparación de vehículos,Jul - Sep,1098.3135146666666
2024,13 Ciudades y áreas metropolitanas,Formal,Comercio y reparación de vehículos,Ago - Oct,1108.0258503333332
2024,13 Ciudades y áreas metropolitanas,Formal,Comercio y reparación de vehículos,Sep - Nov,1103.9177929999998
2024,13 Ciudades y áreas metropolitanas,Formal,Comercio y reparación de vehículos,Oct - Dic,1133.2663096666668
2024,13 Ciudades y áreas metropolitanas,Formal,Comercio y reparación de vehículos,Nov - Ene,1121.974966
2024,13 Ciudades y áreas metropolitanas,Formal,Comercio y reparación de vehículos,Dic - Feb,1083.407812
2025,13 Ciudades y áreas metropolitanas,Formal,Comercio y reparación de vehículos,Ene - Mar,1032.155371
2025,13 Ciudades y áreas metropolitanas,Formal,Comercio y reparación de vehículos,Feb - Abr,1050.30208
2025,13 Ciudades y áreas metropolitanas,Formal,Comercio y reparación de vehículos,Mar - May,1102.959692
2025,13 Ciudades y áreas metropolitanas,Formal,Comercio y reparación de vehículos,Abr - Jun,1179.224342
2025,13 Ciudades y áreas metropolitanas,Formal,Comercio y reparación de vehículos,May - Jul,1172.282353
2025,13 Ciudades y áreas metropolitanas,Formal,Comercio y reparación de vehículos,Jun - Ago,1133.99135
2025,13 Ciudades y áreas metropolitanas,Formal,Comercio y reparación de vehículos,Jul - Sep,1092.624852
2025,13 Ciudades y áreas metropolitanas,Formal,Comercio y reparación de vehículos,Ago - Oct,1074.323123
2025,13 Ciudades y áreas metropolitanas,Formal,Comercio y reparación de vehículos,Sep - Nov,1119.752768
2025,13 Ciudades y áreas metropolitanas,Formal,Comercio y reparación de vehículos,Oct - Dic,1169.411357
2025,13 Ciudades y áreas metropolitanas,Formal,Comercio y reparación de vehículos,Nov - Ene,1214.371108
2025,13 Ciudades y áreas metropolitanas,Formal,Comercio y reparación de vehículos,Dic - Feb,1169.911287
2026,13 Ciudades y áreas metropolitanas,Formal,Comercio y reparación de vehículos,Ene - Mar,1123.707249
2026,13 Ciudades y áreas metropolitanas,Formal,Comercio y reparación de vehículos,Feb - Abr,1120.105442
2021,13 Ciudades y áreas metropolitanas,Formal,Alojamiento y servicios de comida,Ene - Mar,151.0422563333333
2021,13 Ciudades y áreas metropolitanas,Formal,Alojamiento y servicios de comida,Feb - Abr,152.042086
2021,13 Ciudades y áreas metropolitanas,Formal,Alojamiento y servicios de comida,Mar - May,171.50882366666667
2021,13 Ciudades y áreas metropolitanas,Formal,Alojamiento y servicios de comida,Abr - Jun,170.866807
2021,13 Ciudades y áreas metropolitanas,Formal,Alojamiento y servicios de comida,May - Jul,186.00553
2021,13 Ciudades y áreas metropolitanas,Formal,Alojamiento y servicios de comida,Jun - Ago,188.54385233333332
2021,13 Ciudades y áreas metropolitanas,Formal,Alojamiento y servicios de comida,Jul - Sep,216.27185266666666
2021,13 Ciudades y áreas metropolitanas,Formal,Alojamiento y servicios de comida,Ago - Oct,210.27748633333331
2021,13 Ciudades y áreas metropolitanas,Formal,Alojamiento y servicios de comida,Sep - Nov,203.6077006666667
2021,13 Ciudades y áreas metropolitanas,Formal,Alojamiento y servicios de comida,Oct - Dic,196.34834466666666
2021,13 Ciudades y áreas metropolitanas,Formal,Alojamiento y servicios de comida,Nov - Ene,216.90179066666667
2021,13 Ciudades y áreas metropolitanas,Formal,Alojamiento y servicios de comida,Dic - Feb,234.816177
2022,13 Ciudades y áreas metropolitanas,Formal,Alojamiento y servicios de comida,Ene - Mar,241.8440896666667
2022,13 Ciudades y áreas metropolitanas,Formal,Alojamiento y servicios de comida,Feb - Abr,228.36720766666667
2022,13 Ciudades y áreas metropolitanas,Formal,Alojamiento y servicios de comida,Mar - May,221.31781933333332
2022,13 Ciudades y áreas metropolitanas,Formal,Alojamiento y servicios de comida,Abr - Jun,218.58044266666664
2022,13 Ciudades y áreas metropolitanas,Formal,Alojamiento y servicios de comida,May - Jul,219.132689
2022,13 Ciudades y áreas metropolitanas,Formal,Alojamiento y servicios de comida,Jun - Ago,210.78494999999998
2022,13 Ciudades y áreas metropolitanas,Formal,Alojamiento y servicios de comida,Jul - Sep,208.65212233333332
2022,13 Ciudades y áreas metropolitanas,Formal,Alojamiento y servicios de comida,Ago - Oct,210.746294
2022,13 Ciudades y áreas metropolitanas,Formal,Alojamiento y servicios de comida,Sep - Nov,206.89657366666665
2022,13 Ciudades y áreas metropolitanas,Formal,Alojamiento y servicios de comida,Oct - Dic,204.051418
2022,13 Ciudades y áreas metropolitanas,Formal,Alojamiento y servicios de comida,Nov - Ene,211.45738500000002
2022,13 Ciudades y áreas metropolitanas,Formal,Alojamiento y servicios de comida,Dic - Feb,218.492197
2023,13 Ciudades y áreas metropolitanas,Formal,Alojamiento y servicios de comida,Ene - Mar,236.22038199999997
2023,13 Ciudades y áreas metropolitanas,Formal,Alojamiento y servicios de comida,Feb - Abr,241.00482899999997
2023,13 Ciudades y áreas metropolitanas,Formal,Alojamiento y servicios de comida,Mar - May,248.32961533333332
2023,13 Ciudades y áreas metropolitanas,Formal,Alojamiento y servicios de comida,Abr - Jun,241.21659300000002
2023,13 Ciudades y áreas metropolitanas,Formal,Alojamiento y servicios de comida,May - Jul,235.62493966666668
2023,13 Ciudades y áreas metropolitanas,Formal,Alojamiento y servicios de comida,Jun - Ago,250.1504616666667
2023,13 Ciudades y áreas metropolitanas,Formal,Alojamiento y servicios de comida,Jul - Sep,261.99051833333334
2023,13 Ciudades y áreas metropolitanas,Formal,Alojamiento y servicios de comida,Ago - Oct,284.3218643333334
2023,13 Ciudades y áreas metropolitanas,Formal,Alojamiento y servicios de comida,Sep - Nov,276.3375806666667
2023,13 Ciudades y áreas metropolitanas,Formal,Alojamiento y servicios de comida,Oct - Dic,255.01699233333338
2023,13 Ciudades y áreas metropolitanas,Formal,Alojamiento y servicios de comida,Nov - Ene,235.24442766666667
2023,13 Ciudades y áreas metropolitanas,Formal,Alojamiento y servicios de comida,Dic - Feb,237.5946256666667
2024,13 Ciudades y áreas metropolitanas,Formal,Alojamiento y servicios de comida,Ene - Mar,246.06300466666667
2024,13 Ciudades y áreas metropolitanas,Formal,Alojamiento y servicios de comida,Feb - Abr,253.23617566666667
2024,13 Ciudades y áreas metropolitanas,Formal,Alojamiento y servicios de comida,Mar - May,265.291197
2024,13 Ciudades y áreas metropolitanas,Formal,Alojamiento y servicios de comida,Abr - Jun,289.3406076666667
2024,13 Ciudades y áreas metropolitanas,Formal,Alojamiento y servicios de comida,May - Jul,288.620007
2024,13 Ciudades y áreas metropolitanas,Formal,Alojamiento y servicios de comida,Jun - Ago,295.91122033333335
2024,13 Ciudades y áreas metropolitanas,Formal,Alojamiento y servicios de comida,Jul - Sep,290.7785523333333
2024,13 Ciudades y áreas metropolitanas,Formal,Alojamiento y servicios de comida,Ago - Oct,291.174512
2024,13 Ciudades y áreas metropolitanas,Formal,Alojamiento y servicios de comida,Sep - Nov,271.645186
2024,13 Ciudades y áreas metropolitanas,Formal,Alojamiento y servicios de comida,Oct - Dic,256.03894833333334
2024,13 Ciudades y áreas metropolitanas,Formal,Alojamiento y servicios de comida,Nov - Ene,263.864609
2024,13 Ciudades y áreas metropolitanas,Formal,Alojamiento y servicios de comida,Dic - Feb,264.668412
2025,13 Ciudades y áreas metropolitanas,Formal,Alojamiento y servicios de comida,Ene - Mar,280.169698
2025,13 Ciudades y áreas metropolitanas,Formal,Alojamiento y servicios de comida,Feb - Abr,271.26533
2025,13 Ciudades y áreas metropolitanas,Formal,Alojamiento y servicios de comida,Mar - May,284.026839
2025,13 Ciudades y áreas metropolitanas,Formal,Alojamiento y servicios de comida,Abr - Jun,267.147048
2025,13 Ciudades y áreas metropolitanas,Formal,Alojamiento y servicios de comida,May - Jul,280.519156
2025,13 Ciudades y áreas metropolitanas,Formal,Alojamiento y servicios de comida,Jun - Ago,278.730713
2025,13 Ciudades y áreas metropolitanas,Formal,Alojamiento y servicios de comida,Jul - Sep,297.464744
2025,13 Ciudades y áreas metropolitanas,Formal,Alojamiento y servicios de comida,Ago - Oct,293.661176
2025,13 Ciudades y áreas metropolitanas,Formal,Alojamiento y servicios de comida,Sep - Nov,305.856023
2025,13 Ciudades y áreas metropolitanas,Formal,Alojamiento y servicios de comida,Oct - Dic,299.938687
2025,13 Ciudades y áreas metropolitanas,Formal,Alojamiento y servicios de comida,Nov - Ene,283.209158
2025,13 Ciudades y áreas metropolitanas,Formal,Alojamiento y servicios de comida,Dic - Feb,251.108446
2026,13 Ciudades y áreas metropolitanas,Formal,Alojamiento y servicios de comida,Ene - Mar,248.043215
2026,13 Ciudades y áreas metropolitanas,Formal,Alojamiento y servicios de comida,Feb - Abr,258.473627
2021,13 Ciudades y áreas metropolitanas,Formal,Transporte y almacenamiento,Ene - Mar,276.13653400000004
2021,13 Ciudades y áreas metropolitanas,Formal,Transporte y almacenamiento,Feb - Abr,263.849833
2021,13 Ciudades y áreas metropolitanas,Formal,Transporte y almacenamiento,Mar - May,252.62707533333332
2021,13 Ciudades y áreas metropolitanas,Formal,Transporte y almacenamiento,Abr - Jun,270.7721966666666
2021,13 Ciudades y áreas metropolitanas,Formal,Transporte y almacenamiento,May - Jul,299.38818466666663
2021,13 Ciudades y áreas metropolitanas,Formal,Transporte y almacenamiento,Jun - Ago,308.57319866666666
2021,13 Ciudades y áreas metropolitanas,Formal,Transporte y almacenamiento,Jul - Sep,302.479631
2021,13 Ciudades y áreas metropolitanas,Formal,Transporte y almacenamiento,Ago - Oct,280.9849766666667
2021,13 Ciudades y áreas metropolitanas,Formal,Transporte y almacenamiento,Sep - Nov,289.973372
2021,13 Ciudades y áreas metropolitanas,Formal,Transporte y almacenamiento,Oct - Dic,299.06103
2021,13 Ciudades y áreas metropolitanas,Formal,Transporte y almacenamiento,Nov - Ene,306.87051833333334
2021,13 Ciudades y áreas metropolitanas,Formal,Transporte y almacenamiento,Dic - Feb,294.86333833333333
2022,13 Ciudades y áreas metropolitanas,Formal,Transporte y almacenamiento,Ene - Mar,296.22966033333336
2022,13 Ciudades y áreas metropolitanas,Formal,Transporte y almacenamiento,Feb - Abr,309.303654
2022,13 Ciudades y áreas metropolitanas,Formal,Transporte y almacenamiento,Mar - May,325.520527
2022,13 Ciudades y áreas metropolitanas,Formal,Transporte y almacenamiento,Abr - Jun,315.324459
2022,13 Ciudades y áreas metropolitanas,Formal,Transporte y almacenamiento,May - Jul,326.6275273333333
2022,13 Ciudades y áreas metropolitanas,Formal,Transporte y almacenamiento,Jun - Ago,325.81182
2022,13 Ciudades y áreas metropolitanas,Formal,Transporte y almacenamiento,Jul - Sep,327.366003
2022,13 Ciudades y áreas metropolitanas,Formal,Transporte y almacenamiento,Ago - Oct,328.76771
2022,13 Ciudades y áreas metropolitanas,Formal,Transporte y almacenamiento,Sep - Nov,314.2118946666667
2022,13 Ciudades y áreas metropolitanas,Formal,Transporte y almacenamiento,Oct - Dic,316.988579
2022,13 Ciudades y áreas metropolitanas,Formal,Transporte y almacenamiento,Nov - Ene,288.8046836666667
2022,13 Ciudades y áreas metropolitanas,Formal,Transporte y almacenamiento,Dic - Feb,313.600235
2023,13 Ciudades y áreas metropolitanas,Formal,Transporte y almacenamiento,Ene - Mar,306.3257516666667
2023,13 Ciudades y áreas metropolitanas,Formal,Transporte y almacenamiento,Feb - Abr,321.03304833333334
2023,13 Ciudades y áreas metropolitanas,Formal,Transporte y almacenamiento,Mar - May,313.10108
2023,13 Ciudades y áreas metropolitanas,Formal,Transporte y almacenamiento,Abr - Jun,352.8253946666667
2023,13 Ciudades y áreas metropolitanas,Formal,Transporte y almacenamiento,May - Jul,375.744617
2023,13 Ciudades y áreas metropolitanas,Formal,Transporte y almacenamiento,Jun - Ago,369.813977
2023,13 Ciudades y áreas metropolitanas,Formal,Transporte y almacenamiento,Jul - Sep,376.73750466666667
2023,13 Ciudades y áreas metropolitanas,Formal,Transporte y almacenamiento,Ago - Oct,369.12037133333337
2023,13 Ciudades y áreas metropolitanas,Formal,Transporte y almacenamiento,Sep - Nov,382.03691333333336
2023,13 Ciudades y áreas metropolitanas,Formal,Transporte y almacenamiento,Oct - Dic,353.65518199999997
2023,13 Ciudades y áreas metropolitanas,Formal,Transporte y almacenamiento,Nov - Ene,353.1398206666666
2023,13 Ciudades y áreas metropolitanas,Formal,Transporte y almacenamiento,Dic - Feb,361.01219633333335
2024,13 Ciudades y áreas metropolitanas,Formal,Transporte y almacenamiento,Ene - Mar,355.245075
2024,13 Ciudades y áreas metropolitanas,Formal,Transporte y almacenamiento,Feb - Abr,366.3657733333334
2024,13 Ciudades y áreas metropolitanas,Formal,Transporte y almacenamiento,Mar - May,343.1916403333333
2024,13 Ciudades y áreas metropolitanas,Formal,Transporte y almacenamiento,Abr - Jun,349.14380366666666
2024,13 Ciudades y áreas metropolitanas,Formal,Transporte y almacenamiento,May - Jul,324.93066366666665
2024,13 Ciudades y áreas metropolitanas,Formal,Transporte y almacenamiento,Jun - Ago,340.87282799999997
2024,13 Ciudades y áreas metropolitanas,Formal,Transporte y almacenamiento,Jul - Sep,331.82717866666667
2024,13 Ciudades y áreas metropolitanas,Formal,Transporte y almacenamiento,Ago - Oct,331.39756733333337
2024,13 Ciudades y áreas metropolitanas,Formal,Transporte y almacenamiento,Sep - Nov,339.6937643333333
2024,13 Ciudades y áreas metropolitanas,Formal,Transporte y almacenamiento,Oct - Dic,345.26636866666666
2024,13 Ciudades y áreas metropolitanas,Formal,Transporte y almacenamiento,Nov - Ene,340.950777
2024,13 Ciudades y áreas metropolitanas,Formal,Transporte y almacenamiento,Dic - Feb,331.046075
2025,13 Ciudades y áreas metropolitanas,Formal,Transporte y almacenamiento,Ene - Mar,346.285978
2025,13 Ciudades y áreas metropolitanas,Formal,Transporte y almacenamiento,Feb - Abr,346.059131
2025,13 Ciudades y áreas metropolitanas,Formal,Transporte y almacenamiento,Mar - May,345.765034
2025,13 Ciudades y áreas metropolitanas,Formal,Transporte y almacenamiento,Abr - Jun,336.562135
2025,13 Ciudades y áreas metropolitanas,Formal,Transporte y almacenamiento,May - Jul,350.93076
2025,13 Ciudades y áreas metropolitanas,Formal,Transporte y almacenamiento,Jun - Ago,354.722659
2025,13 Ciudades y áreas metropolitanas,Formal,Transporte y almacenamiento,Jul - Sep,366.197915
2025,13 Ciudades y áreas metropolitanas,Formal,Transporte y almacenamiento,Ago - Oct,364.3332
2025,13 Ciudades y áreas metropolitanas,Formal,Transporte y almacenamiento,Sep - Nov,361.996609
2025,13 Ciudades y áreas metropolitanas,Formal,Transporte y almacenamiento,Oct - Dic,347.519387
2025,13 Ciudades y áreas metropolitanas,Formal,Transporte y almacenamiento,Nov - Ene,357.27169
2025,13 Ciudades y áreas metropolitanas,Formal,Transporte y almacenamiento,Dic - Feb,359.095626
2026,13 Ciudades y áreas metropolitanas,Formal,Transporte y almacenamiento,Ene - Mar,362.509275
2026,13 Ciudades y áreas metropolitanas,Formal,Transporte y almacenamiento,Feb - Abr,358.82163
2021,13 Ciudades y áreas metropolitanas,Formal,Información y comunicaciones,Ene - Mar,223.49286933333335
2021,13 Ciudades y áreas metropolitanas,Formal,Información y comunicaciones,Feb - Abr,204.65333866666666
2021,13 Ciudades y áreas metropolitanas,Formal,Información y comunicaciones,Mar - May,197.93178899999998
2021,13 Ciudades y áreas metropolitanas,Formal,Información y comunicaciones,Abr - Jun,184.73267499999997
2021,13 Ciudades y áreas metropolitanas,Formal,Información y comunicaciones,May - Jul,200.49315633333333
2021,13 Ciudades y áreas metropolitanas,Formal,Información y comunicaciones,Jun - Ago,210.04452433333336
2021,13 Ciudades y áreas metropolitanas,Formal,Información y comunicaciones,Jul - Sep,216.86052866666668
2021,13 Ciudades y áreas metropolitanas,Formal,Información y comunicaciones,Ago - Oct,233.13007166666668
2021,13 Ciudades y áreas metropolitanas,Formal,Información y comunicaciones,Sep - Nov,244.26794733333335
2021,13 Ciudades y áreas metropolitanas,Formal,Información y comunicaciones,Oct - Dic,254.576279
2021,13 Ciudades y áreas metropolitanas,Formal,Información y comunicaciones,Nov - Ene,243.30742766666665
2021,13 Ciudades y áreas metropolitanas,Formal,Información y comunicaciones,Dic - Feb,241.54980866666665
2022,13 Ciudades y áreas metropolitanas,Formal,Información y comunicaciones,Ene - Mar,230.52842333333334
2022,13 Ciudades y áreas metropolitanas,Formal,Información y comunicaciones,Feb - Abr,231.3340913333333
2022,13 Ciudades y áreas metropolitanas,Formal,Información y comunicaciones,Mar - May,221.41153633333332
2022,13 Ciudades y áreas metropolitanas,Formal,Información y comunicaciones,Abr - Jun,248.918241
2022,13 Ciudades y áreas metropolitanas,Formal,Información y comunicaciones,May - Jul,244.59398366666665
2022,13 Ciudades y áreas metropolitanas,Formal,Información y comunicaciones,Jun - Ago,263.73883433333333
2022,13 Ciudades y áreas metropolitanas,Formal,Información y comunicaciones,Jul - Sep,251.86381833333334
2022,13 Ciudades y áreas metropolitanas,Formal,Información y comunicaciones,Ago - Oct,255.32982066666668
2022,13 Ciudades y áreas metropolitanas,Formal,Información y comunicaciones,Sep - Nov,251.879473
2022,13 Ciudades y áreas metropolitanas,Formal,Información y comunicaciones,Oct - Dic,253.61830133333333
2022,13 Ciudades y áreas metropolitanas,Formal,Información y comunicaciones,Nov - Ene,257.779931
2022,13 Ciudades y áreas metropolitanas,Formal,Información y comunicaciones,Dic - Feb,241.09265633333334
2023,13 Ciudades y áreas metropolitanas,Formal,Información y comunicaciones,Ene - Mar,247.29139899999998
2023,13 Ciudades y áreas metropolitanas,Formal,Información y comunicaciones,Feb - Abr,249.567679
2023,13 Ciudades y áreas metropolitanas,Formal,Información y comunicaciones,Mar - May,267.20366800000005
2023,13 Ciudades y áreas metropolitanas,Formal,Información y comunicaciones,Abr - Jun,249.922968
2023,13 Ciudades y áreas metropolitanas,Formal,Información y comunicaciones,May - Jul,243.773923
2023,13 Ciudades y áreas metropolitanas,Formal,Información y comunicaciones,Jun - Ago,239.6487516666667
2023,13 Ciudades y áreas metropolitanas,Formal,Información y comunicaciones,Jul - Sep,257.945833
2023,13 Ciudades y áreas metropolitanas,Formal,Información y comunicaciones,Ago - Oct,264.289375
2023,13 Ciudades y áreas metropolitanas,Formal,Información y comunicaciones,Sep - Nov,279.95294433333333
2023,13 Ciudades y áreas metropolitanas,Formal,Información y comunicaciones,Oct - Dic,263.01931666666667
2023,13 Ciudades y áreas metropolitanas,Formal,Información y comunicaciones,Nov - Ene,265.12948066666667
2023,13 Ciudades y áreas metropolitanas,Formal,Información y comunicaciones,Dic - Feb,249.48962100000003
2024,13 Ciudades y áreas metropolitanas,Formal,Información y comunicaciones,Ene - Mar,253.4130593333333
2024,13 Ciudades y áreas metropolitanas,Formal,Información y comunicaciones,Feb - Abr,253.9769306666667
2024,13 Ciudades y áreas metropolitanas,Formal,Información y comunicaciones,Mar - May,253.40985600000002
2024,13 Ciudades y áreas metropolitanas,Formal,Información y comunicaciones,Abr - Jun,284.99442633333337
2024,13 Ciudades y áreas metropolitanas,Formal,Información y comunicaciones,May - Jul,289.38803133333334
2024,13 Ciudades y áreas metropolitanas,Formal,Información y comunicaciones,Jun - Ago,291.509169
2024,13 Ciudades y áreas metropolitanas,Formal,Información y comunicaciones,Jul - Sep,258.5711516666667
2024,13 Ciudades y áreas metropolitanas,Formal,Información y comunicaciones,Ago - Oct,246.13493233333335
2024,13 Ciudades y áreas metropolitanas,Formal,Información y comunicaciones,Sep - Nov,274.863324
2024,13 Ciudades y áreas metropolitanas,Formal,Información y comunicaciones,Oct - Dic,288.351252
2024,13 Ciudades y áreas metropolitanas,Formal,Información y comunicaciones,Nov - Ene,293.703135
2024,13 Ciudades y áreas metropolitanas,Formal,Información y comunicaciones,Dic - Feb,258.410802
2025,13 Ciudades y áreas metropolitanas,Formal,Información y comunicaciones,Ene - Mar,264.867341
2025,13 Ciudades y áreas metropolitanas,Formal,Información y comunicaciones,Feb - Abr,286.394295
2025,13 Ciudades y áreas metropolitanas,Formal,Información y comunicaciones,Mar - May,300.18419
2025,13 Ciudades y áreas metropolitanas,Formal,Información y comunicaciones,Abr - Jun,283.320862
2025,13 Ciudades y áreas metropolitanas,Formal,Información y comunicaciones,May - Jul,251.31656
2025,13 Ciudades y áreas metropolitanas,Formal,Información y comunicaciones,Jun - Ago,234.271335
2025,13 Ciudades y áreas metropolitanas,Formal,Información y comunicaciones,Jul - Sep,242.156242
2025,13 Ciudades y áreas metropolitanas,Formal,Información y comunicaciones,Ago - Oct,252.612946
2025,13 Ciudades y áreas metropolitanas,Formal,Información y comunicaciones,Sep - Nov,284.0345
2025,13 Ciudades y áreas metropolitanas,Formal,Información y comunicaciones,Oct - Dic,275.708886
2025,13 Ciudades y áreas metropolitanas,Formal,Información y comunicaciones,Nov - Ene,279.991749
2025,13 Ciudades y áreas metropolitanas,Formal,Información y comunicaciones,Dic - Feb,260.11802
2026,13 Ciudades y áreas metropolitanas,Formal,Información y comunicaciones,Ene - Mar,268.818346
2026,13 Ciudades y áreas metropolitanas,Formal,Información y comunicaciones,Feb - Abr,285.836062
2021,13 Ciudades y áreas metropolitanas,Formal,Actividades financieras y de seguros,Ene - Mar,234.31029966666668
2021,13 Ciudades y áreas metropolitanas,Formal,Actividades financieras y de seguros,Feb - Abr,222.457851
2021,13 Ciudades y áreas metropolitanas,Formal,Actividades financieras y de seguros,Mar - May,233.41617766666664
2021,13 Ciudades y áreas metropolitanas,Formal,Actividades financieras y de seguros,Abr - Jun,237.96511766666666
2021,13 Ciudades y áreas metropolitanas,Formal,Actividades financieras y de seguros,May - Jul,240.31518533333335
2021,13 Ciudades y áreas metropolitanas,Formal,Actividades financieras y de seguros,Jun - Ago,228.20927833333334
2021,13 Ciudades y áreas metropolitanas,Formal,Actividades financieras y de seguros,Jul - Sep,249.458512
2021,13 Ciudades y áreas metropolitanas,Formal,Actividades financieras y de seguros,Ago - Oct,259.3003926666666
2021,13 Ciudades y áreas metropolitanas,Formal,Actividades financieras y de seguros,Sep - Nov,261.2018713333333
2021,13 Ciudades y áreas metropolitanas,Formal,Actividades financieras y de seguros,Oct - Dic,251.13768966666666
2021,13 Ciudades y áreas metropolitanas,Formal,Actividades financieras y de seguros,Nov - Ene,252.1337116666667
2021,13 Ciudades y áreas metropolitanas,Formal,Actividades financieras y de seguros,Dic - Feb,263.4156256666667
2022,13 Ciudades y áreas metropolitanas,Formal,Actividades financieras y de seguros,Ene - Mar,249.243295
2022,13 Ciudades y áreas metropolitanas,Formal,Actividades financieras y de seguros,Feb - Abr,253.90216933333332
2022,13 Ciudades y áreas metropolitanas,Formal,Actividades financieras y de seguros,Mar - May,255.03374833333336
2022,13 Ciudades y áreas metropolitanas,Formal,Actividades financieras y de seguros,Abr - Jun,262.622857
2022,13 Ciudades y áreas metropolitanas,Formal,Actividades financieras y de seguros,May - Jul,266.91543599999994
2022,13 Ciudades y áreas metropolitanas,Formal,Actividades financieras y de seguros,Jun - Ago,267.769497
2022,13 Ciudades y áreas metropolitanas,Formal,Actividades financieras y de seguros,Jul - Sep,278.36524366666663
2022,13 Ciudades y áreas metropolitanas,Formal,Actividades financieras y de seguros,Ago - Oct,283.284869
2022,13 Ciudades y áreas metropolitanas,Formal,Actividades financieras y de seguros,Sep - Nov,290.8564143333333
2022,13 Ciudades y áreas metropolitanas,Formal,Actividades financieras y de seguros,Oct - Dic,293.58436800000004
2022,13 Ciudades y áreas metropolitanas,Formal,Actividades financieras y de seguros,Nov - Ene,277.36806666666666
2022,13 Ciudades y áreas metropolitanas,Formal,Actividades financieras y de seguros,Dic - Feb,268.19183033333337
2023,13 Ciudades y áreas metropolitanas,Formal,Actividades financieras y de seguros,Ene - Mar,252.91369266666666
2023,13 Ciudades y áreas metropolitanas,Formal,Actividades financieras y de seguros,Feb - Abr,249.714574
2023,13 Ciudades y áreas metropolitanas,Formal,Actividades financieras y de seguros,Mar - May,271.43756333333334
2023,13 Ciudades y áreas metropolitanas,Formal,Actividades financieras y de seguros,Abr - Jun,290.2945803333334
2023,13 Ciudades y áreas metropolitanas,Formal,Actividades financieras y de seguros,May - Jul,304.464681
2023,13 Ciudades y áreas metropolitanas,Formal,Actividades financieras y de seguros,Jun - Ago,286.651379
2023,13 Ciudades y áreas metropolitanas,Formal,Actividades financieras y de seguros,Jul - Sep,280.0115333333333
2023,13 Ciudades y áreas metropolitanas,Formal,Actividades financieras y de seguros,Ago - Oct,281.231743
2023,13 Ciudades y áreas metropolitanas,Formal,Actividades financieras y de seguros,Sep - Nov,305.689239
2023,13 Ciudades y áreas metropolitanas,Formal,Actividades financieras y de seguros,Oct - Dic,321.67192066666667
2023,13 Ciudades y áreas metropolitanas,Formal,Actividades financieras y de seguros,Nov - Ene,316.7560076666667
2023,13 Ciudades y áreas metropolitanas,Formal,Actividades financieras y de seguros,Dic - Feb,304.35818966666665
2024,13 Ciudades y áreas metropolitanas,Formal,Actividades financieras y de seguros,Ene - Mar,287.07813733333336
2024,13 Ciudades y áreas metropolitanas,Formal,Actividades financieras y de seguros,Feb - Abr,301.06678933333336
2024,13 Ciudades y áreas metropolitanas,Formal,Actividades financieras y de seguros,Mar - May,289.089197
2024,13 Ciudades y áreas metropolitanas,Formal,Actividades financieras y de seguros,Abr - Jun,289.202328
2024,13 Ciudades y áreas metropolitanas,Formal,Actividades financieras y de seguros,May - Jul,289.33493599999997
2024,13 Ciudades y áreas metropolitanas,Formal,Actividades financieras y de seguros,Jun - Ago,285.00253233333336
2024,13 Ciudades y áreas metropolitanas,Formal,Actividades financieras y de seguros,Jul - Sep,258.33725899999996
2024,13 Ciudades y áreas metropolitanas,Formal,Actividades financieras y de seguros,Ago - Oct,239.7133723333333
2024,13 Ciudades y áreas metropolitanas,Formal,Actividades financieras y de seguros,Sep - Nov,256.47404033333333
2024,13 Ciudades y áreas metropolitanas,Formal,Actividades financieras y de seguros,Oct - Dic,293.14459933333336
2024,13 Ciudades y áreas metropolitanas,Formal,Actividades financieras y de seguros,Nov - Ene,293.104522
2024,13 Ciudades y áreas metropolitanas,Formal,Actividades financieras y de seguros,Dic - Feb,303.53539
2025,13 Ciudades y áreas metropolitanas,Formal,Actividades financieras y de seguros,Ene - Mar,272.169476
2025,13 Ciudades y áreas metropolitanas,Formal,Actividades financieras y de seguros,Feb - Abr,276.070928
2025,13 Ciudades y áreas metropolitanas,Formal,Actividades financieras y de seguros,Mar - May,262.166354
2025,13 Ciudades y áreas metropolitanas,Formal,Actividades financieras y de seguros,Abr - Jun,283.193245
2025,13 Ciudades y áreas metropolitanas,Formal,Actividades financieras y de seguros,May - Jul,296.674909
2025,13 Ciudades y áreas metropolitanas,Formal,Actividades financieras y de seguros,Jun - Ago,314.380505
2025,13 Ciudades y áreas metropolitanas,Formal,Actividades financieras y de seguros,Jul - Sep,325.298064
2025,13 Ciudades y áreas metropolitanas,Formal,Actividades financieras y de seguros,Ago - Oct,321.14931
2025,13 Ciudades y áreas metropolitanas,Formal,Actividades financieras y de seguros,Sep - Nov,310.964502
2025,13 Ciudades y áreas metropolitanas,Formal,Actividades financieras y de seguros,Oct - Dic,297.164093
2025,13 Ciudades y áreas metropolitanas,Formal,Actividades financieras y de seguros,Nov - Ene,292.441993
2025,13 Ciudades y áreas metropolitanas,Formal,Actividades financieras y de seguros,Dic - Feb,303.347413
2026,13 Ciudades y áreas metropolitanas,Formal,Actividades financieras y de seguros,Ene - Mar,336.955592
2026,13 Ciudades y áreas metropolitanas,Formal,Actividades financieras y de seguros,Feb - Abr,324.997328
2021,13 Ciudades y áreas metropolitanas,Formal,Actividades inmobiliarias,Ene - Mar,70.19846733333333
2021,13 Ciudades y áreas metropolitanas,Formal,Actividades inmobiliarias,Feb - Abr,73.49396766666666
2021,13 Ciudades y áreas metropolitanas,Formal,Actividades inmobiliarias,Mar - May,82.244288
2021,13 Ciudades y áreas metropolitanas,Formal,Actividades inmobiliarias,Abr - Jun,86.82605333333333
2021,13 Ciudades y áreas metropolitanas,Formal,Actividades inmobiliarias,May - Jul,96.38352766666667
2021,13 Ciudades y áreas metropolitanas,Formal,Actividades inmobiliarias,Jun - Ago,98.45274133333334
2021,13 Ciudades y áreas metropolitanas,Formal,Actividades inmobiliarias,Jul - Sep,95.93798399999999
2021,13 Ciudades y áreas metropolitanas,Formal,Actividades inmobiliarias,Ago - Oct,82.543271
2021,13 Ciudades y áreas metropolitanas,Formal,Actividades inmobiliarias,Sep - Nov,85.56824999999999
2021,13 Ciudades y áreas metropolitanas,Formal,Actividades inmobiliarias,Oct - Dic,84.45400333333333
2021,13 Ciudades y áreas metropolitanas,Formal,Actividades inmobiliarias,Nov - Ene,97.68233866666667
2021,13 Ciudades y áreas metropolitanas,Formal,Actividades inmobiliarias,Dic - Feb,96.08904933333334
2022,13 Ciudades y áreas metropolitanas,Formal,Actividades inmobiliarias,Ene - Mar,103.04599966666666
2022,13 Ciudades y áreas metropolitanas,Formal,Actividades inmobiliarias,Feb - Abr,106.92456233333333
2022,13 Ciudades y áreas metropolitanas,Formal,Actividades inmobiliarias,Mar - May,112.65241366666667
2022,13 Ciudades y áreas metropolitanas,Formal,Actividades inmobiliarias,Abr - Jun,118.96805666666667
2022,13 Ciudades y áreas metropolitanas,Formal,Actividades inmobiliarias,May - Jul,124.16198066666668
2022,13 Ciudades y áreas metropolitanas,Formal,Actividades inmobiliarias,Jun - Ago,129.976255
2022,13 Ciudades y áreas metropolitanas,Formal,Actividades inmobiliarias,Jul - Sep,139.800015
2022,13 Ciudades y áreas metropolitanas,Formal,Actividades inmobiliarias,Ago - Oct,139.39185933333334
2022,13 Ciudades y áreas metropolitanas,Formal,Actividades inmobiliarias,Sep - Nov,138.59268733333337
2022,13 Ciudades y áreas metropolitanas,Formal,Actividades inmobiliarias,Oct - Dic,139.39153866666666
2022,13 Ciudades y áreas metropolitanas,Formal,Actividades inmobiliarias,Nov - Ene,148.27491066666667
2022,13 Ciudades y áreas metropolitanas,Formal,Actividades inmobiliarias,Dic - Feb,146.54187366666667
2023,13 Ciudades y áreas metropolitanas,Formal,Actividades inmobiliarias,Ene - Mar,148.94798166666666
2023,13 Ciudades y áreas metropolitanas,Formal,Actividades inmobiliarias,Feb - Abr,148.449053
2023,13 Ciudades y áreas metropolitanas,Formal,Actividades inmobiliarias,Mar - May,150.651879
2023,13 Ciudades y áreas metropolitanas,Formal,Actividades inmobiliarias,Abr - Jun,144.9439623333333
2023,13 Ciudades y áreas metropolitanas,Formal,Actividades inmobiliarias,May - Jul,154.31147566666667
2023,13 Ciudades y áreas metropolitanas,Formal,Actividades inmobiliarias,Jun - Ago,177.1170646666667
2023,13 Ciudades y áreas metropolitanas,Formal,Actividades inmobiliarias,Jul - Sep,193.147752
2023,13 Ciudades y áreas metropolitanas,Formal,Actividades inmobiliarias,Ago - Oct,197.26560166666664
2023,13 Ciudades y áreas metropolitanas,Formal,Actividades inmobiliarias,Sep - Nov,183.62151833333334
2023,13 Ciudades y áreas metropolitanas,Formal,Actividades inmobiliarias,Oct - Dic,165.37233166666667
2023,13 Ciudades y áreas metropolitanas,Formal,Actividades inmobiliarias,Nov - Ene,163.47336099999998
2023,13 Ciudades y áreas metropolitanas,Formal,Actividades inmobiliarias,Dic - Feb,179.15164366666667
2024,13 Ciudades y áreas metropolitanas,Formal,Actividades inmobiliarias,Ene - Mar,193.74218133333332
2024,13 Ciudades y áreas metropolitanas,Formal,Actividades inmobiliarias,Feb - Abr,174.50645900000004
2024,13 Ciudades y áreas metropolitanas,Formal,Actividades inmobiliarias,Mar - May,158.39676966666664
2024,13 Ciudades y áreas metropolitanas,Formal,Actividades inmobiliarias,Abr - Jun,181.245499
2024,13 Ciudades y áreas metropolitanas,Formal,Actividades inmobiliarias,May - Jul,203.98544700000002
2024,13 Ciudades y áreas metropolitanas,Formal,Actividades inmobiliarias,Jun - Ago,210.48894600000003
2024,13 Ciudades y áreas metropolitanas,Formal,Actividades inmobiliarias,Jul - Sep,178.94491733333334
2024,13 Ciudades y áreas metropolitanas,Formal,Actividades inmobiliarias,Ago - Oct,175.762831
2024,13 Ciudades y áreas metropolitanas,Formal,Actividades inmobiliarias,Sep - Nov,178.83963000000003
2024,13 Ciudades y áreas metropolitanas,Formal,Actividades inmobiliarias,Oct - Dic,209.69833199999997
2024,13 Ciudades y áreas metropolitanas,Formal,Actividades inmobiliarias,Nov - Ene,224.188842
2024,13 Ciudades y áreas metropolitanas,Formal,Actividades inmobiliarias,Dic - Feb,212.85293
2025,13 Ciudades y áreas metropolitanas,Formal,Actividades inmobiliarias,Ene - Mar,200.016571
2025,13 Ciudades y áreas metropolitanas,Formal,Actividades inmobiliarias,Feb - Abr,185.081952
2025,13 Ciudades y áreas metropolitanas,Formal,Actividades inmobiliarias,Mar - May,199.403242
2025,13 Ciudades y áreas metropolitanas,Formal,Actividades inmobiliarias,Abr - Jun,192.85771
2025,13 Ciudades y áreas metropolitanas,Formal,Actividades inmobiliarias,May - Jul,200.240901
2025,13 Ciudades y áreas metropolitanas,Formal,Actividades inmobiliarias,Jun - Ago,204.829115
2025,13 Ciudades y áreas metropolitanas,Formal,Actividades inmobiliarias,Jul - Sep,194.36431
2025,13 Ciudades y áreas metropolitanas,Formal,Actividades inmobiliarias,Ago - Oct,188.470539
2025,13 Ciudades y áreas metropolitanas,Formal,Actividades inmobiliarias,Sep - Nov,184.974793
2025,13 Ciudades y áreas metropolitanas,Formal,Actividades inmobiliarias,Oct - Dic,202.309224
2025,13 Ciudades y áreas metropolitanas,Formal,Actividades inmobiliarias,Nov - Ene,209.460856
2025,13 Ciudades y áreas metropolitanas,Formal,Actividades inmobiliarias,Dic - Feb,192.322009
2026,13 Ciudades y áreas metropolitanas,Formal,Actividades inmobiliarias,Ene - Mar,198.356422
2026,13 Ciudades y áreas metropolitanas,Formal,Actividades inmobiliarias,Feb - Abr,189.800887
2021,13 Ciudades y áreas metropolitanas,Formal,"Actividades profesionales, científicas, técnicas y de servicios administrativos",Ene - Mar,743.6904223333335
2021,13 Ciudades y áreas metropolitanas,Formal,"Actividades profesionales, científicas, técnicas y de servicios administrativos",Feb - Abr,753.9388906666667
2021,13 Ciudades y áreas metropolitanas,Formal,"Actividades profesionales, científicas, técnicas y de servicios administrativos",Mar - May,713.436797
2021,13 Ciudades y áreas metropolitanas,Formal,"Actividades profesionales, científicas, técnicas y de servicios administrativos",Abr - Jun,703.258841
2021,13 Ciudades y áreas metropolitanas,Formal,"Actividades profesionales, científicas, técnicas y de servicios administrativos",May - Jul,699.6475783333334
2021,13 Ciudades y áreas metropolitanas,Formal,"Actividades profesionales, científicas, técnicas y de servicios administrativos",Jun - Ago,694.9532626666668
2021,13 Ciudades y áreas metropolitanas,Formal,"Actividades profesionales, científicas, técnicas y de servicios administrativos",Jul - Sep,700.9479913333333
2021,13 Ciudades y áreas metropolitanas,Formal,"Actividades profesionales, científicas, técnicas y de servicios administrativos",Ago - Oct,710.7512740000001
2021,13 Ciudades y áreas metropolitanas,Formal,"Actividades profesionales, científicas, técnicas y de servicios administrativos",Sep - Nov,726.5419496666667
2021,13 Ciudades y áreas metropolitanas,Formal,"Actividades profesionales, científicas, técnicas y de servicios administrativos",Oct - Dic,762.8173030000002
2021,13 Ciudades y áreas metropolitanas,Formal,"Actividades profesionales, científicas, técnicas y de servicios administrativos",Nov - Ene,760.1820103333333
2021,13 Ciudades y áreas metropolitanas,Formal,"Actividades profesionales, científicas, técnicas y de servicios administrativos",Dic - Feb,784.7833883333333
2022,13 Ciudades y áreas metropolitanas,Formal,"Actividades profesionales, científicas, técnicas y de servicios administrativos",Ene - Mar,733.3577306666666
2022,13 Ciudades y áreas metropolitanas,Formal,"Actividades profesionales, científicas, técnicas y de servicios administrativos",Feb - Abr,737.9978653333334
2022,13 Ciudades y áreas metropolitanas,Formal,"Actividades profesionales, científicas, técnicas y de servicios administrativos",Mar - May,707.8063976666666
2022,13 Ciudades y áreas metropolitanas,Formal,"Actividades profesionales, científicas, técnicas y de servicios administrativos",Abr - Jun,709.3740753333333
2022,13 Ciudades y áreas metropolitanas,Formal,"Actividades profesionales, científicas, técnicas y de servicios administrativos",May - Jul,706.9994523333334
2022,13 Ciudades y áreas metropolitanas,Formal,"Actividades profesionales, científicas, técnicas y de servicios administrativos",Jun - Ago,711.201729
2022,13 Ciudades y áreas metropolitanas,Formal,"Actividades profesionales, científicas, técnicas y de servicios administrativos",Jul - Sep,737.3430933333334
2022,13 Ciudades y áreas metropolitanas,Formal,"Actividades profesionales, científicas, técnicas y de servicios administrativos",Ago - Oct,740.810327
2022,13 Ciudades y áreas metropolitanas,Formal,"Actividades profesionales, científicas, técnicas y de servicios administrativos",Sep - Nov,745.7737739999999
2022,13 Ciudades y áreas metropolitanas,Formal,"Actividades profesionales, científicas, técnicas y de servicios administrativos",Oct - Dic,749.2017476666666
2022,13 Ciudades y áreas metropolitanas,Formal,"Actividades profesionales, científicas, técnicas y de servicios administrativos",Nov - Ene,789.1640083333335
2022,13 Ciudades y áreas metropolitanas,Formal,"Actividades profesionales, científicas, técnicas y de servicios administrativos",Dic - Feb,785.7098263333334
2023,13 Ciudades y áreas metropolitanas,Formal,"Actividades profesionales, científicas, técnicas y de servicios administrativos",Ene - Mar,788.6261846666666
2023,13 Ciudades y áreas metropolitanas,Formal,"Actividades profesionales, científicas, técnicas y de servicios administrativos",Feb - Abr,738.425453
2023,13 Ciudades y áreas metropolitanas,Formal,"Actividades profesionales, científicas, técnicas y de servicios administrativos",Mar - May,741.9433206666666
2023,13 Ciudades y áreas metropolitanas,Formal,"Actividades profesionales, científicas, técnicas y de servicios administrativos",Abr - Jun,743.8507343333334
2023,13 Ciudades y áreas metropolitanas,Formal,"Actividades profesionales, científicas, técnicas y de servicios administrativos",May - Jul,743.865122
2023,13 Ciudades y áreas metropolitanas,Formal,"Actividades profesionales, científicas, técnicas y de servicios administrativos",Jun - Ago,758.8264846666667
2023,13 Ciudades y áreas metropolitanas,Formal,"Actividades profesionales, científicas, técnicas y de servicios administrativos",Jul - Sep,724.569269
2023,13 Ciudades y áreas metropolitanas,Formal,"Actividades profesionales, científicas, técnicas y de servicios administrativos",Ago - Oct,733.0384260000001
2023,13 Ciudades y áreas metropolitanas,Formal,"Actividades profesionales, científicas, técnicas y de servicios administrativos",Sep - Nov,745.1937166666667
2023,13 Ciudades y áreas metropolitanas,Formal,"Actividades profesionales, científicas, técnicas y de servicios administrativos",Oct - Dic,791.7021483333334
2023,13 Ciudades y áreas metropolitanas,Formal,"Actividades profesionales, científicas, técnicas y de servicios administrativos",Nov - Ene,784.2907600000002
2023,13 Ciudades y áreas metropolitanas,Formal,"Actividades profesionales, científicas, técnicas y de servicios administrativos",Dic - Feb,722.5721096666666
2024,13 Ciudades y áreas metropolitanas,Formal,"Actividades profesionales, científicas, técnicas y de servicios administrativos",Ene - Mar,711.6167943333334
2024,13 Ciudades y áreas metropolitanas,Formal,"Actividades profesionales, científicas, técnicas y de servicios administrativos",Feb - Abr,727.0079423333333
2024,13 Ciudades y áreas metropolitanas,Formal,"Actividades profesionales, científicas, técnicas y de servicios administrativos",Mar - May,754.9666496666667
2024,13 Ciudades y áreas metropolitanas,Formal,"Actividades profesionales, científicas, técnicas y de servicios administrativos",Abr - Jun,749.8553263333333
2024,13 Ciudades y áreas metropolitanas,Formal,"Actividades profesionales, científicas, técnicas y de servicios administrativos",May - Jul,755.7019516666668
2024,13 Ciudades y áreas metropolitanas,Formal,"Actividades profesionales, científicas, técnicas y de servicios administrativos",Jun - Ago,756.9758390000001
2024,13 Ciudades y áreas metropolitanas,Formal,"Actividades profesionales, científicas, técnicas y de servicios administrativos",Jul - Sep,773.9030066666668
2024,13 Ciudades y áreas metropolitanas,Formal,"Actividades profesionales, científicas, técnicas y de servicios administrativos",Ago - Oct,753.917957
2024,13 Ciudades y áreas metropolitanas,Formal,"Actividades profesionales, científicas, técnicas y de servicios administrativos",Sep - Nov,752.1880110000001
2024,13 Ciudades y áreas metropolitanas,Formal,"Actividades profesionales, científicas, técnicas y de servicios administrativos",Oct - Dic,707.8716776666666
2024,13 Ciudades y áreas metropolitanas,Formal,"Actividades profesionales, científicas, técnicas y de servicios administrativos",Nov - Ene,704.414012
2024,13 Ciudades y áreas metropolitanas,Formal,"Actividades profesionales, científicas, técnicas y de servicios administrativos",Dic - Feb,679.951036
2025,13 Ciudades y áreas metropolitanas,Formal,"Actividades profesionales, científicas, técnicas y de servicios administrativos",Ene - Mar,706.554008
2025,13 Ciudades y áreas metropolitanas,Formal,"Actividades profesionales, científicas, técnicas y de servicios administrativos",Feb - Abr,713.99114
2025,13 Ciudades y áreas metropolitanas,Formal,"Actividades profesionales, científicas, técnicas y de servicios administrativos",Mar - May,738.269644
2025,13 Ciudades y áreas metropolitanas,Formal,"Actividades profesionales, científicas, técnicas y de servicios administrativos",Abr - Jun,726.257489
2025,13 Ciudades y áreas metropolitanas,Formal,"Actividades profesionales, científicas, técnicas y de servicios administrativos",May - Jul,747.998267
2025,13 Ciudades y áreas metropolitanas,Formal,"Actividades profesionales, científicas, técnicas y de servicios administrativos",Jun - Ago,720.198979
2025,13 Ciudades y áreas metropolitanas,Formal,"Actividades profesionales, científicas, técnicas y de servicios administrativos",Jul - Sep,720.180099
2025,13 Ciudades y áreas metropolitanas,Formal,"Actividades profesionales, científicas, técnicas y de servicios administrativos",Ago - Oct,690.918877
2025,13 Ciudades y áreas metropolitanas,Formal,"Actividades profesionales, científicas, técnicas y de servicios administrativos",Sep - Nov,714.939482
2025,13 Ciudades y áreas metropolitanas,Formal,"Actividades profesionales, científicas, técnicas y de servicios administrativos",Oct - Dic,716.458425
2025,13 Ciudades y áreas metropolitanas,Formal,"Actividades profesionales, científicas, técnicas y de servicios administrativos",Nov - Ene,730.570265
2025,13 Ciudades y áreas metropolitanas,Formal,"Actividades profesionales, científicas, técnicas y de servicios administrativos",Dic - Feb,759.310921
2026,13 Ciudades y áreas metropolitanas,Formal,"Actividades profesionales, científicas, técnicas y de servicios administrativos",Ene - Mar,765.323077
2026,13 Ciudades y áreas metropolitanas,Formal,"Actividades profesionales, científicas, técnicas y de servicios administrativos",Feb - Abr,760.281958
2021,13 Ciudades y áreas metropolitanas,Formal,"Administración pública y defensa, educación y atención de la salud humana",Ene - Mar,1209.4335503333334
2021,13 Ciudades y áreas metropolitanas,Formal,"Administración pública y defensa, educación y atención de la salud humana",Feb - Abr,1218.9587276666666
2021,13 Ciudades y áreas metropolitanas,Formal,"Administración pública y defensa, educación y atención de la salud humana",Mar - May,1213.4022676666666
2021,13 Ciudades y áreas metropolitanas,Formal,"Administración pública y defensa, educación y atención de la salud humana",Abr - Jun,1224.3983476666665
2021,13 Ciudades y áreas metropolitanas,Formal,"Administración pública y defensa, educación y atención de la salud humana",May - Jul,1216.579458
2021,13 Ciudades y áreas metropolitanas,Formal,"Administración pública y defensa, educación y atención de la salud humana",Jun - Ago,1211.2227593333334
2021,13 Ciudades y áreas metropolitanas,Formal,"Administración pública y defensa, educación y atención de la salud humana",Jul - Sep,1223.1360379999999
2021,13 Ciudades y áreas metropolitanas,Formal,"Administración pública y defensa, educación y atención de la salud humana",Ago - Oct,1227.359923
2021,13 Ciudades y áreas metropolitanas,Formal,"Administración pública y defensa, educación y atención de la salud humana",Sep - Nov,1238.8394233333331
2021,13 Ciudades y áreas metropolitanas,Formal,"Administración pública y defensa, educación y atención de la salud humana",Oct - Dic,1225.1449883333335
2021,13 Ciudades y áreas metropolitanas,Formal,"Administración pública y defensa, educación y atención de la salud humana",Nov - Ene,1240.011645
2021,13 Ciudades y áreas metropolitanas,Formal,"Administración pública y defensa, educación y atención de la salud humana",Dic - Feb,1236.3975073333334
2022,13 Ciudades y áreas metropolitanas,Formal,"Administración pública y defensa, educación y atención de la salud humana",Ene - Mar,1295.1261273333332
2022,13 Ciudades y áreas metropolitanas,Formal,"Administración pública y defensa, educación y atención de la salud humana",Feb - Abr,1289.0458776666667
2022,13 Ciudades y áreas metropolitanas,Formal,"Administración pública y defensa, educación y atención de la salud humana",Mar - May,1342.079399
2022,13 Ciudades y áreas metropolitanas,Formal,"Administración pública y defensa, educación y atención de la salud humana",Abr - Jun,1336.5614183333334
2022,13 Ciudades y áreas metropolitanas,Formal,"Administración pública y defensa, educación y atención de la salud humana",May - Jul,1368.9812516666668
2022,13 Ciudades y áreas metropolitanas,Formal,"Administración pública y defensa, educación y atención de la salud humana",Jun - Ago,1329.0892796666667
2022,13 Ciudades y áreas metropolitanas,Formal,"Administración pública y defensa, educación y atención de la salud humana",Jul - Sep,1305.7670353333333
2022,13 Ciudades y áreas metropolitanas,Formal,"Administración pública y defensa, educación y atención de la salud humana",Ago - Oct,1318.0371896666668
2022,13 Ciudades y áreas metropolitanas,Formal,"Administración pública y defensa, educación y atención de la salud humana",Sep - Nov,1381.8786966666667
2022,13 Ciudades y áreas metropolitanas,Formal,"Administración pública y defensa, educación y atención de la salud humana",Oct - Dic,1407.4794986666666
2022,13 Ciudades y áreas metropolitanas,Formal,"Administración pública y defensa, educación y atención de la salud humana",Nov - Ene,1344.275345
2022,13 Ciudades y áreas metropolitanas,Formal,"Administración pública y defensa, educación y atención de la salud humana",Dic - Feb,1298.3344036666667
2023,13 Ciudades y áreas metropolitanas,Formal,"Administración pública y defensa, educación y atención de la salud humana",Ene - Mar,1319.7379726666666
2023,13 Ciudades y áreas metropolitanas,Formal,"Administración pública y defensa, educación y atención de la salud humana",Feb - Abr,1396.5289556666667
2023,13 Ciudades y áreas metropolitanas,Formal,"Administración pública y defensa, educación y atención de la salud humana",Mar - May,1409.0803763333333
2023,13 Ciudades y áreas metropolitanas,Formal,"Administración pública y defensa, educación y atención de la salud humana",Abr - Jun,1436.2530696666665
2023,13 Ciudades y áreas metropolitanas,Formal,"Administración pública y defensa, educación y atención de la salud humana",May - Jul,1428.898313
2023,13 Ciudades y áreas metropolitanas,Formal,"Administración pública y defensa, educación y atención de la salud humana",Jun - Ago,1463.6198713333333
2023,13 Ciudades y áreas metropolitanas,Formal,"Administración pública y defensa, educación y atención de la salud humana",Jul - Sep,1447.9752513333333
2023,13 Ciudades y áreas metropolitanas,Formal,"Administración pública y defensa, educación y atención de la salud humana",Ago - Oct,1493.1341146666666
2023,13 Ciudades y áreas metropolitanas,Formal,"Administración pública y defensa, educación y atención de la salud humana",Sep - Nov,1455.887328
2023,13 Ciudades y áreas metropolitanas,Formal,"Administración pública y defensa, educación y atención de la salud humana",Oct - Dic,1438.9054743333334
2023,13 Ciudades y áreas metropolitanas,Formal,"Administración pública y defensa, educación y atención de la salud humana",Nov - Ene,1380.6472396666668
2023,13 Ciudades y áreas metropolitanas,Formal,"Administración pública y defensa, educación y atención de la salud humana",Dic - Feb,1373.5647263333333
2024,13 Ciudades y áreas metropolitanas,Formal,"Administración pública y defensa, educación y atención de la salud humana",Ene - Mar,1405.3397716666668
2024,13 Ciudades y áreas metropolitanas,Formal,"Administración pública y defensa, educación y atención de la salud humana",Feb - Abr,1448.81135
2024,13 Ciudades y áreas metropolitanas,Formal,"Administración pública y defensa, educación y atención de la salud humana",Mar - May,1464.5656239999998
2024,13 Ciudades y áreas metropolitanas,Formal,"Administración pública y defensa, educación y atención de la salud humana",Abr - Jun,1411.3862396666666
2024,13 Ciudades y áreas metropolitanas,Formal,"Administración pública y defensa, educación y atención de la salud humana",May - Jul,1410.0832010000001
2024,13 Ciudades y áreas metropolitanas,Formal,"Administración pública y defensa, educación y atención de la salud humana",Jun - Ago,1427.8912813333334
2024,13 Ciudades y áreas metropolitanas,Formal,"Administración pública y defensa, educación y atención de la salud humana",Jul - Sep,1474.6666273333333
2024,13 Ciudades y áreas metropolitanas,Formal,"Administración pública y defensa, educación y atención de la salud humana",Ago - Oct,1455.7892273333334
2024,13 Ciudades y áreas metropolitanas,Formal,"Administración pública y defensa, educación y atención de la salud humana",Sep - Nov,1453.5303046666666
2024,13 Ciudades y áreas metropolitanas,Formal,"Administración pública y defensa, educación y atención de la salud humana",Oct - Dic,1420.608263
2024,13 Ciudades y áreas metropolitanas,Formal,"Administración pública y defensa, educación y atención de la salud humana",Nov - Ene,1386.648567
2024,13 Ciudades y áreas metropolitanas,Formal,"Administración pública y defensa, educación y atención de la salud humana",Dic - Feb,1398.962231
2025,13 Ciudades y áreas metropolitanas,Formal,"Administración pública y defensa, educación y atención de la salud humana",Ene - Mar,1396.862735
2025,13 Ciudades y áreas metropolitanas,Formal,"Administración pública y defensa, educación y atención de la salud humana",Feb - Abr,1490.721016
2025,13 Ciudades y áreas metropolitanas,Formal,"Administración pública y defensa, educación y atención de la salud humana",Mar - May,1459.085248
2025,13 Ciudades y áreas metropolitanas,Formal,"Administración pública y defensa, educación y atención de la salud humana",Abr - Jun,1480.775953
2025,13 Ciudades y áreas metropolitanas,Formal,"Administración pública y defensa, educación y atención de la salud humana",May - Jul,1419.238368
2025,13 Ciudades y áreas metropolitanas,Formal,"Administración pública y defensa, educación y atención de la salud humana",Jun - Ago,1460.645269
2025,13 Ciudades y áreas metropolitanas,Formal,"Administración pública y defensa, educación y atención de la salud humana",Jul - Sep,1486.344443
2025,13 Ciudades y áreas metropolitanas,Formal,"Administración pública y defensa, educación y atención de la salud humana",Ago - Oct,1521.048966
2025,13 Ciudades y áreas metropolitanas,Formal,"Administración pública y defensa, educación y atención de la salud humana",Sep - Nov,1484.054875
2025,13 Ciudades y áreas metropolitanas,Formal,"Administración pública y defensa, educación y atención de la salud humana",Oct - Dic,1476.276377
2025,13 Ciudades y áreas metropolitanas,Formal,"Administración pública y defensa, educación y atención de la salud humana",Nov - Ene,1452.869082
2025,13 Ciudades y áreas metropolitanas,Formal,"Administración pública y defensa, educación y atención de la salud humana",Dic - Feb,1509.573237
2026,13 Ciudades y áreas metropolitanas,Formal,"Administración pública y defensa, educación y atención de la salud humana",Ene - Mar,1536.132032
2026,13 Ciudades y áreas metropolitanas,Formal,"Administración pública y defensa, educación y atención de la salud humana",Feb - Abr,1576.685454
2021,13 Ciudades y áreas metropolitanas,Formal,"Actividades artísticas, entretenimiento, recreación y otras actividades de servicios",Ene - Mar,203.03846433333334
2021,13 Ciudades y áreas metropolitanas,Formal,"Actividades artísticas, entretenimiento, recreación y otras actividades de servicios",Feb - Abr,193.32722833333332
2021,13 Ciudades y áreas metropolitanas,Formal,"Actividades artísticas, entretenimiento, recreación y otras actividades de servicios",Mar - May,209.854993
2021,13 Ciudades y áreas metropolitanas,Formal,"Actividades artísticas, entretenimiento, recreación y otras actividades de servicios",Abr - Jun,209.370406
2021,13 Ciudades y áreas metropolitanas,Formal,"Actividades artísticas, entretenimiento, recreación y otras actividades de servicios",May - Jul,224.15335966666666
2021,13 Ciudades y áreas metropolitanas,Formal,"Actividades artísticas, entretenimiento, recreación y otras actividades de servicios",Jun - Ago,234.48813933333335
2021,13 Ciudades y áreas metropolitanas,Formal,"Actividades artísticas, entretenimiento, recreación y otras actividades de servicios",Jul - Sep,251.85652533333334
2021,13 Ciudades y áreas metropolitanas,Formal,"Actividades artísticas, entretenimiento, recreación y otras actividades de servicios",Ago - Oct,263.024292
2021,13 Ciudades y áreas metropolitanas,Formal,"Actividades artísticas, entretenimiento, recreación y otras actividades de servicios",Sep - Nov,259.28488166666665
2021,13 Ciudades y áreas metropolitanas,Formal,"Actividades artísticas, entretenimiento, recreación y otras actividades de servicios",Oct - Dic,243.0771336666667
2021,13 Ciudades y áreas metropolitanas,Formal,"Actividades artísticas, entretenimiento, recreación y otras actividades de servicios",Nov - Ene,252.50870633333338
2021,13 Ciudades y áreas metropolitanas,Formal,"Actividades artísticas, entretenimiento, recreación y otras actividades de servicios",Dic - Feb,258.67327033333333
2022,13 Ciudades y áreas metropolitanas,Formal,"Actividades artísticas, entretenimiento, recreación y otras actividades de servicios",Ene - Mar,284.6458103333334
2022,13 Ciudades y áreas metropolitanas,Formal,"Actividades artísticas, entretenimiento, recreación y otras actividades de servicios",Feb - Abr,295.573425
2022,13 Ciudades y áreas metropolitanas,Formal,"Actividades artísticas, entretenimiento, recreación y otras actividades de servicios",Mar - May,307.00439666666665
2022,13 Ciudades y áreas metropolitanas,Formal,"Actividades artísticas, entretenimiento, recreación y otras actividades de servicios",Abr - Jun,308.13808833333337
2022,13 Ciudades y áreas metropolitanas,Formal,"Actividades artísticas, entretenimiento, recreación y otras actividades de servicios",May - Jul,290.621458
2022,13 Ciudades y áreas metropolitanas,Formal,"Actividades artísticas, entretenimiento, recreación y otras actividades de servicios",Jun - Ago,294.4547766666667
2022,13 Ciudades y áreas metropolitanas,Formal,"Actividades artísticas, entretenimiento, recreación y otras actividades de servicios",Jul - Sep,292.892668
2022,13 Ciudades y áreas metropolitanas,Formal,"Actividades artísticas, entretenimiento, recreación y otras actividades de servicios",Ago - Oct,308.266556
2022,13 Ciudades y áreas metropolitanas,Formal,"Actividades artísticas, entretenimiento, recreación y otras actividades de servicios",Sep - Nov,307.7709823333333
2022,13 Ciudades y áreas metropolitanas,Formal,"Actividades artísticas, entretenimiento, recreación y otras actividades de servicios",Oct - Dic,325.3395483333333
2022,13 Ciudades y áreas metropolitanas,Formal,"Actividades artísticas, entretenimiento, recreación y otras actividades de servicios",Nov - Ene,333.6769386666667
2022,13 Ciudades y áreas metropolitanas,Formal,"Actividades artísticas, entretenimiento, recreación y otras actividades de servicios",Dic - Feb,332.5737726666666
2023,13 Ciudades y áreas metropolitanas,Formal,"Actividades artísticas, entretenimiento, recreación y otras actividades de servicios",Ene - Mar,331.09494333333333
2023,13 Ciudades y áreas metropolitanas,Formal,"Actividades artísticas, entretenimiento, recreación y otras actividades de servicios",Feb - Abr,337.951122
2023,13 Ciudades y áreas metropolitanas,Formal,"Actividades artísticas, entretenimiento, recreación y otras actividades de servicios",Mar - May,338.8530196666666
2023,13 Ciudades y áreas metropolitanas,Formal,"Actividades artísticas, entretenimiento, recreación y otras actividades de servicios",Abr - Jun,325.5949806666667
2023,13 Ciudades y áreas metropolitanas,Formal,"Actividades artísticas, entretenimiento, recreación y otras actividades de servicios",May - Jul,321.6001556666667
2023,13 Ciudades y áreas metropolitanas,Formal,"Actividades artísticas, entretenimiento, recreación y otras actividades de servicios",Jun - Ago,337.30587799999995
2023,13 Ciudades y áreas metropolitanas,Formal,"Actividades artísticas, entretenimiento, recreación y otras actividades de servicios",Jul - Sep,347.2154983333333
2023,13 Ciudades y áreas metropolitanas,Formal,"Actividades artísticas, entretenimiento, recreación y otras actividades de servicios",Ago - Oct,347.0644256666667
2023,13 Ciudades y áreas metropolitanas,Formal,"Actividades artísticas, entretenimiento, recreación y otras actividades de servicios",Sep - Nov,347.15324300000003
2023,13 Ciudades y áreas metropolitanas,Formal,"Actividades artísticas, entretenimiento, recreación y otras actividades de servicios",Oct - Dic,358.846223
2023,13 Ciudades y áreas metropolitanas,Formal,"Actividades artísticas, entretenimiento, recreación y otras actividades de servicios",Nov - Ene,370.63372766666663
2023,13 Ciudades y áreas metropolitanas,Formal,"Actividades artísticas, entretenimiento, recreación y otras actividades de servicios",Dic - Feb,365.728637
2024,13 Ciudades y áreas metropolitanas,Formal,"Actividades artísticas, entretenimiento, recreación y otras actividades de servicios",Ene - Mar,367.8354463333333
2024,13 Ciudades y áreas metropolitanas,Formal,"Actividades artísticas, entretenimiento, recreación y otras actividades de servicios",Feb - Abr,348.680294
2024,13 Ciudades y áreas metropolitanas,Formal,"Actividades artísticas, entretenimiento, recreación y otras actividades de servicios",Mar - May,352.359921
2024,13 Ciudades y áreas metropolitanas,Formal,"Actividades artísticas, entretenimiento, recreación y otras actividades de servicios",Abr - Jun,335.532644
2024,13 Ciudades y áreas metropolitanas,Formal,"Actividades artísticas, entretenimiento, recreación y otras actividades de servicios",May - Jul,341.01695033333334
2024,13 Ciudades y áreas metropolitanas,Formal,"Actividades artísticas, entretenimiento, recreación y otras actividades de servicios",Jun - Ago,332.495824
2024,13 Ciudades y áreas metropolitanas,Formal,"Actividades artísticas, entretenimiento, recreación y otras actividades de servicios",Jul - Sep,354.33766033333336
2024,13 Ciudades y áreas metropolitanas,Formal,"Actividades artísticas, entretenimiento, recreación y otras actividades de servicios",Ago - Oct,353.30329166666667
2024,13 Ciudades y áreas metropolitanas,Formal,"Actividades artísticas, entretenimiento, recreación y otras actividades de servicios",Sep - Nov,353.8277083333333
2024,13 Ciudades y áreas metropolitanas,Formal,"Actividades artísticas, entretenimiento, recreación y otras actividades de servicios",Oct - Dic,339.50625933333333
2024,13 Ciudades y áreas metropolitanas,Formal,"Actividades artísticas, entretenimiento, recreación y otras actividades de servicios",Nov - Ene,347.061483
2024,13 Ciudades y áreas metropolitanas,Formal,"Actividades artísticas, entretenimiento, recreación y otras actividades de servicios",Dic - Feb,336.529379
2025,13 Ciudades y áreas metropolitanas,Formal,"Actividades artísticas, entretenimiento, recreación y otras actividades de servicios",Ene - Mar,332.167185
2025,13 Ciudades y áreas metropolitanas,Formal,"Actividades artísticas, entretenimiento, recreación y otras actividades de servicios",Feb - Abr,323.161644
2025,13 Ciudades y áreas metropolitanas,Formal,"Actividades artísticas, entretenimiento, recreación y otras actividades de servicios",Mar - May,336.729424
2025,13 Ciudades y áreas metropolitanas,Formal,"Actividades artísticas, entretenimiento, recreación y otras actividades de servicios",Abr - Jun,334.079582
2025,13 Ciudades y áreas metropolitanas,Formal,"Actividades artísticas, entretenimiento, recreación y otras actividades de servicios",May - Jul,351.810359
2025,13 Ciudades y áreas metropolitanas,Formal,"Actividades artísticas, entretenimiento, recreación y otras actividades de servicios",Jun - Ago,353.508144
2025,13 Ciudades y áreas metropolitanas,Formal,"Actividades artísticas, entretenimiento, recreación y otras actividades de servicios",Jul - Sep,369.219677
2025,13 Ciudades y áreas metropolitanas,Formal,"Actividades artísticas, entretenimiento, recreación y otras actividades de servicios",Ago - Oct,345.770062
2025,13 Ciudades y áreas metropolitanas,Formal,"Actividades artísticas, entretenimiento, recreación y otras actividades de servicios",Sep - Nov,351.518409
2025,13 Ciudades y áreas metropolitanas,Formal,"Actividades artísticas, entretenimiento, recreación y otras actividades de servicios",Oct - Dic,346.600139
2025,13 Ciudades y áreas metropolitanas,Formal,"Actividades artísticas, entretenimiento, recreación y otras actividades de servicios",Nov - Ene,366.597663
2025,13 Ciudades y áreas metropolitanas,Formal,"Actividades artísticas, entretenimiento, recreación y otras actividades de servicios",Dic - Feb,341.232923
2026,13 Ciudades y áreas metropolitanas,Formal,"Actividades artísticas, entretenimiento, recreación y otras actividades de servicios",Ene - Mar,351.065232
2026,13 Ciudades y áreas metropolitanas,Formal,"Actividades artísticas, entretenimiento, recreación y otras actividades de servicios",Feb - Abr,344.054267
2021,13 Ciudades y áreas metropolitanas,Informal,Informal,Ene - Mar,4236.047126666667
2021,13 Ciudades y áreas metropolitanas,Informal,Informal,Feb - Abr,4320.687901333334
2021,13 Ciudades y áreas metropolitanas,Informal,Informal,Mar - May,4252.099253666666
2021,13 Ciudades y áreas metropolitanas,Informal,Informal,Abr - Jun,4237.317349333333
2021,13 Ciudades y áreas metropolitanas,Informal,Informal,May - Jul,4212.928487666667
2021,13 Ciudades y áreas metropolitanas,Informal,Informal,Jun - Ago,4305.204822666667
2021,13 Ciudades y áreas metropolitanas,Informal,Informal,Jul - Sep,4287.599949666666
2021,13 Ciudades y áreas metropolitanas,Informal,Informal,Ago - Oct,4351.592424
2021,13 Ciudades y áreas metropolitanas,Informal,Informal,Sep - Nov,4315.7060163333335
2021,13 Ciudades y áreas metropolitanas,Informal,Informal,Oct - Dic,4329.673288999999
2021,13 Ciudades y áreas metropolitanas,Informal,Informal,Nov - Ene,4250.4526203333335
2021,13 Ciudades y áreas metropolitanas,Informal,Informal,Dic - Feb,4284.153669333333
2022,13 Ciudades y áreas metropolitanas,Informal,Informal,Ene - Mar,4380.1373656666665
2022,13 Ciudades y áreas metropolitanas,Informal,Informal,Feb - Abr,4543.834986333334
2022,13 Ciudades y áreas metropolitanas,Informal,Informal,Mar - May,4560.856319333333
2022,13 Ciudades y áreas metropolitanas,Informal,Informal,Abr - Jun,4552.434968666667
2022,13 Ciudades y áreas metropolitanas,Informal,Informal,May - Jul,4532.558216333334
2022,13 Ciudades y áreas metropolitanas,Informal,Informal,Jun - Ago,4495.658263666667
2022,13 Ciudades y áreas metropolitanas,Informal,Informal,Jul - Sep,4577.618263333334
2022,13 Ciudades y áreas metropolitanas,Informal,Informal,Ago - Oct,4631.083946666667
2022,13 Ciudades y áreas metropolitanas,Informal,Informal,Sep - Nov,4650.453458666667
2022,13 Ciudades y áreas metropolitanas,Informal,Informal,Oct - Dic,4545.455407333334
2022,13 Ciudades y áreas metropolitanas,Informal,Informal,Nov - Ene,4393.997701666667
2022,13 Ciudades y áreas metropolitanas,Informal,Informal,Dic - Feb,4407.220959333334
2023,13 Ciudades y áreas metropolitanas,Informal,Informal,Ene - Mar,4460.638295
2023,13 Ciudades y áreas metropolitanas,Informal,Informal,Feb - Abr,4491.249739333333
2023,13 Ciudades y áreas metropolitanas,Informal,Informal,Mar - May,4453.741693
2023,13 Ciudades y áreas metropolitanas,Informal,Informal,Abr - Jun,4418.198090333334
2023,13 Ciudades y áreas metropolitanas,Informal,Informal,May - Jul,4499.918720333334
2023,13 Ciudades y áreas metropolitanas,Informal,Informal,Jun - Ago,4530.839336666667
2023,13 Ciudades y áreas metropolitanas,Informal,Informal,Jul - Sep,4527.808447333333
2023,13 Ciudades y áreas metropolitanas,Informal,Informal,Ago - Oct,4536.610139
2023,13 Ciudades y áreas metropolitanas,Informal,Informal,Sep - Nov,4584.666888000001
2023,13 Ciudades y áreas metropolitanas,Informal,Informal,Oct - Dic,4576.840190999999
2023,13 Ciudades y áreas metropolitanas,Informal,Informal,Nov - Ene,4472.586832333333
2023,13 Ciudades y áreas metropolitanas,Informal,Informal,Dic - Feb,4449.179555666667
2024,13 Ciudades y áreas metropolitanas,Informal,Informal,Ene - Mar,4447.7595870000005
2024,13 Ciudades y áreas metropolitanas,Informal,Informal,Feb - Abr,4525.768463333334
2024,13 Ciudades y áreas metropolitanas,Informal,Informal,Mar - May,4553.790702666666
2024,13 Ciudades y áreas metropolitanas,Informal,Informal,Abr - Jun,4581.656711333333
2024,13 Ciudades y áreas metropolitanas,Informal,Informal,May - Jul,4624.919306333333
2024,13 Ciudades y áreas metropolitanas,Informal,Informal,Jun - Ago,4633.906054
2024,13 Ciudades y áreas metropolitanas,Informal,Informal,Jul - Sep,4658.416099666666
2024,13 Ciudades y áreas metropolitanas,Informal,Informal,Ago - Oct,4722.445922333333
2024,13 Ciudades y áreas metropolitanas,Informal,Informal,Sep - Nov,4746.927245666667
2024,13 Ciudades y áreas metropolitanas,Informal,Informal,Oct - Dic,4755.130241666667
2024,13 Ciudades y áreas metropolitanas,Informal,Informal,Nov - Ene,4665.828641
2024,13 Ciudades y áreas metropolitanas,Informal,Informal,Dic - Feb,4697.612586
2025,13 Ciudades y áreas metropolitanas,Informal,Informal,Ene - Mar,4789.768929
2025,13 Ciudades y áreas metropolitanas,Informal,Informal,Feb - Abr,4773.343201
2025,13 Ciudades y áreas metropolitanas,Informal,Informal,Mar - May,4758.9607
2025,13 Ciudades y áreas metropolitanas,Informal,Informal,Abr - Jun,4692.795772
2025,13 Ciudades y áreas metropolitanas,Informal,Informal,May - Jul,4762.183404
2025,13 Ciudades y áreas metropolitanas,Informal,Informal,Jun - Ago,4783.911923
2025,13 Ciudades y áreas metropolitanas,Informal,Informal,Jul - Sep,4756.286562
2025,13 Ciudades y áreas metropolitanas,Informal,Informal,Ago - Oct,4881.090912
2025,13 Ciudades y áreas metropolitanas,Informal,Informal,Sep - Nov,4889.067612
2025,13 Ciudades y áreas metropolitanas,Informal,Informal,Oct - Dic,4912.196727
2025,13 Ciudades y áreas metropolitanas,Informal,Informal,Nov - Ene,4671.783415
2025,13 Ciudades y áreas metropolitanas,Informal,Informal,Dic - Feb,4626.307137
2026,13 Ciudades y áreas metropolitanas,Informal,Informal,Ene - Mar,4602.274214
2026,13 Ciudades y áreas metropolitanas,Informal,Informal,Feb - Abr,4687.613147
2021,13 Ciudades y áreas metropolitanas,Informal,No informa,Ene - Mar,18.986686333333335
2021,13 Ciudades y áreas metropolitanas,Informal,No informa,Feb - Abr,13.669542999999999
2021,13 Ciudades y áreas metropolitanas,Informal,No informa,Mar - May,9.783584666666666
2021,13 Ciudades y áreas metropolitanas,Informal,No informa,Abr - Jun,1.9790419999999997
2021,13 Ciudades y áreas metropolitanas,Informal,No informa,May - Jul,1.7021136666666665
2021,13 Ciudades y áreas metropolitanas,Informal,No informa,Jun - Ago,0.0
2021,13 Ciudades y áreas metropolitanas,Informal,No informa,Jul - Sep,0.0
2021,13 Ciudades y áreas metropolitanas,Informal,No informa,Ago - Oct,0.0
2021,13 Ciudades y áreas metropolitanas,Informal,No informa,Sep - Nov,7.717852333333333
2021,13 Ciudades y áreas metropolitanas,Informal,No informa,Oct - Dic,10.177728666666667
2021,13 Ciudades y áreas metropolitanas,Informal,No informa,Nov - Ene,10.580820333333333
2021,13 Ciudades y áreas metropolitanas,Informal,No informa,Dic - Feb,2.9308960000000006
2022,13 Ciudades y áreas metropolitanas,Informal,No informa,Ene - Mar,0.47101966666666667
2022,13 Ciudades y áreas metropolitanas,Informal,No informa,Feb - Abr,1.6176529999999998
2022,13 Ciudades y áreas metropolitanas,Informal,No informa,Mar - May,1.5950106666666664
2022,13 Ciudades y áreas metropolitanas,Informal,No informa,Abr - Jun,1.5950106666666664
2022,13 Ciudades y áreas metropolitanas,Informal,No informa,May - Jul,0.04528566666666667
2022,13 Ciudades y áreas metropolitanas,Informal,No informa,Jun - Ago,0.0
2022,13 Ciudades y áreas metropolitanas,Informal,No informa,Jul - Sep,0.9742596666666666
2022,13 Ciudades y áreas metropolitanas,Informal,No informa,Ago - Oct,1.4026733333333332
2022,13 Ciudades y áreas metropolitanas,Informal,No informa,Sep - Nov,1.4026733333333332
2022,13 Ciudades y áreas metropolitanas,Informal,No informa,Oct - Dic,0.4284136666666667
2022,13 Ciudades y áreas metropolitanas,Informal,No informa,Nov - Ene,0.0
2022,13 Ciudades y áreas metropolitanas,Informal,No informa,Dic - Feb,0.0
2023,13 Ciudades y áreas metropolitanas,Informal,No informa,Ene - Mar,0.062308
2023,13 Ciudades y áreas metropolitanas,Informal,No informa,Feb - Abr,0.062308
2023,13 Ciudades y áreas metropolitanas,Informal,No informa,Mar - May,0.062308
2023,13 Ciudades y áreas metropolitanas,Informal,No informa,Abr - Jun,0.13640433333333332
2023,13 Ciudades y áreas metropolitanas,Informal,No informa,May - Jul,0.13640433333333332
2023,13 Ciudades y áreas metropolitanas,Informal,No informa,Jun - Ago,0.13640433333333332
2023,13 Ciudades y áreas metropolitanas,Informal,No informa,Jul - Sep,0.0
2023,13 Ciudades y áreas metropolitanas,Informal,No informa,Ago - Oct,0.0
2023,13 Ciudades y áreas metropolitanas,Informal,No informa,Sep - Nov,0.0
2023,13 Ciudades y áreas metropolitanas,Informal,No informa,Oct - Dic,0.11544966666666667
2023,13 Ciudades y áreas metropolitanas,Informal,No informa,Nov - Ene,0.11544966666666667
2023,13 Ciudades y áreas metropolitanas,Informal,No informa,Dic - Feb,0.11544966666666667
2024,13 Ciudades y áreas metropolitanas,Informal,No informa,Ene - Mar,0.0
2024,13 Ciudades y áreas metropolitanas,Informal,No informa,Feb - Abr,0.0
2024,13 Ciudades y áreas metropolitanas,Informal,No informa,Mar - May,0.0
2024,13 Ciudades y áreas metropolitanas,Informal,No informa,Abr - Jun,0.0
2024,13 Ciudades y áreas metropolitanas,Informal,No informa,May - Jul,0.0
2024,13 Ciudades y áreas metropolitanas,Informal,No informa,Jun - Ago,0.0
2024,13 Ciudades y áreas metropolitanas,Informal,No informa,Jul - Sep,0.0
2024,13 Ciudades y áreas metropolitanas,Informal,No informa,Ago - Oct,0.0
2024,13 Ciudades y áreas metropolitanas,Informal,No informa,Sep - Nov,0.0
2024,13 Ciudades y áreas metropolitanas,Informal,No informa,Oct - Dic,0.0
2024,13 Ciudades y áreas metropolitanas,Informal,No informa,Nov - Ene,0.0
2024,13 Ciudades y áreas metropolitanas,Informal,No informa,Dic - Feb,0.453908
2025,13 Ciudades y áreas metropolitanas,Informal,No informa,Ene - Mar,0.453908
2025,13 Ciudades y áreas metropolitanas,Informal,No informa,Feb - Abr,0.453908
2025,13 Ciudades y áreas metropolitanas,Informal,No informa,Mar - May,0.0
2025,13 Ciudades y áreas metropolitanas,Informal,No informa,Abr - Jun,0.0
2025,13 Ciudades y áreas metropolitanas,Informal,No informa,May - Jul,0.0
2025,13 Ciudades y áreas metropolitanas,Informal,No informa,Jun - Ago,0.0
2025,13 Ciudades y áreas metropolitanas,Informal,No informa,Jul - Sep,0.0
2025,13 Ciudades y áreas metropolitanas,Informal,No informa,Ago - Oct,0.0
2025,13 Ciudades y áreas metropolitanas,Informal,No informa,Sep - Nov,0.0
2025,13 Ciudades y áreas metropolitanas,Informal,No informa,Oct - Dic,0.0
2025,13 Ciudades y áreas metropolitanas,Informal,No informa,Nov - Ene,0.0
2025,13 Ciudades y áreas metropolitanas,Informal,No informa,Dic - Feb,0.0
2026,13 Ciudades y áreas metropolitanas,Informal,No informa,Ene - Mar,0.072949
2026,13 Ciudades y áreas metropolitanas,Informal,No informa,Feb - Abr,0.072949
2021,13 Ciudades y áreas metropolitanas,Informal,Otras ramas*,Ene - Mar,95.17431466666666
2021,13 Ciudades y áreas metropolitanas,Informal,Otras ramas*,Feb - Abr,100.130896
2021,13 Ciudades y áreas metropolitanas,Informal,Otras ramas*,Mar - May,105.53265533333332
2021,13 Ciudades y áreas metropolitanas,Informal,Otras ramas*,Abr - Jun,101.336744
2021,13 Ciudades y áreas metropolitanas,Informal,Otras ramas*,May - Jul,94.26413833333334
2021,13 Ciudades y áreas metropolitanas,Informal,Otras ramas*,Jun - Ago,92.54105666666665
2021,13 Ciudades y áreas metropolitanas,Informal,Otras ramas*,Jul - Sep,97.09445066666666
2021,13 Ciudades y áreas metropolitanas,Informal,Otras ramas*,Ago - Oct,92.55571333333334
2021,13 Ciudades y áreas metropolitanas,Informal,Otras ramas*,Sep - Nov,97.16550933333333
2021,13 Ciudades y áreas metropolitanas,Informal,Otras ramas*,Oct - Dic,106.19853533333334
2021,13 Ciudades y áreas metropolitanas,Informal,Otras ramas*,Nov - Ene,121.74049566666667
2021,13 Ciudades y áreas metropolitanas,Informal,Otras ramas*,Dic - Feb,125.74841900000001
2022,13 Ciudades y áreas metropolitanas,Informal,Otras ramas*,Ene - Mar,118.34456133333333
2022,13 Ciudades y áreas metropolitanas,Informal,Otras ramas*,Feb - Abr,114.00156666666668
2022,13 Ciudades y áreas metropolitanas,Informal,Otras ramas*,Mar - May,105.24234966666666
2022,13 Ciudades y áreas metropolitanas,Informal,Otras ramas*,Abr - Jun,109.25330533333333
2022,13 Ciudades y áreas metropolitanas,Informal,Otras ramas*,May - Jul,113.567391
2022,13 Ciudades y áreas metropolitanas,Informal,Otras ramas*,Jun - Ago,116.31426166666667
2022,13 Ciudades y áreas metropolitanas,Informal,Otras ramas*,Jul - Sep,123.23062533333332
2022,13 Ciudades y áreas metropolitanas,Informal,Otras ramas*,Ago - Oct,123.71048666666665
2022,13 Ciudades y áreas metropolitanas,Informal,Otras ramas*,Sep - Nov,118.80899566666669
2022,13 Ciudades y áreas metropolitanas,Informal,Otras ramas*,Oct - Dic,118.98599166666668
2022,13 Ciudades y áreas metropolitanas,Informal,Otras ramas*,Nov - Ene,108.17391300000001
2022,13 Ciudades y áreas metropolitanas,Informal,Otras ramas*,Dic - Feb,118.82376966666668
2023,13 Ciudades y áreas metropolitanas,Informal,Otras ramas*,Ene - Mar,103.82933666666666
2023,13 Ciudades y áreas metropolitanas,Informal,Otras ramas*,Feb - Abr,100.517892
2023,13 Ciudades y áreas metropolitanas,Informal,Otras ramas*,Mar - May,90.66342533333334
2023,13 Ciudades y áreas metropolitanas,Informal,Otras ramas*,Abr - Jun,99.98748433333333
2023,13 Ciudades y áreas metropolitanas,Informal,Otras ramas*,May - Jul,119.69433666666667
2023,13 Ciudades y áreas metropolitanas,Informal,Otras ramas*,Jun - Ago,123.03906733333332
2023,13 Ciudades y áreas metropolitanas,Informal,Otras ramas*,Jul - Sep,113.59106066666668
2023,13 Ciudades y áreas metropolitanas,Informal,Otras ramas*,Ago - Oct,96.81383066666668
2023,13 Ciudades y áreas metropolitanas,Informal,Otras ramas*,Sep - Nov,94.790502
2023,13 Ciudades y áreas metropolitanas,Informal,Otras ramas*,Oct - Dic,105.69315966666666
2023,13 Ciudades y áreas metropolitanas,Informal,Otras ramas*,Nov - Ene,110.96434800000002
2023,13 Ciudades y áreas metropolitanas,Informal,Otras ramas*,Dic - Feb,116.914967
2024,13 Ciudades y áreas metropolitanas,Informal,Otras ramas*,Ene - Mar,107.28127333333333
2024,13 Ciudades y áreas metropolitanas,Informal,Otras ramas*,Feb - Abr,98.04365166666666
2024,13 Ciudades y áreas metropolitanas,Informal,Otras ramas*,Mar - May,94.41219333333333
2024,13 Ciudades y áreas metropolitanas,Informal,Otras ramas*,Abr - Jun,94.18150766666668
2024,13 Ciudades y áreas metropolitanas,Informal,Otras ramas*,May - Jul,103.95296566666666
2024,13 Ciudades y áreas metropolitanas,Informal,Otras ramas*,Jun - Ago,107.19487866666667
2024,13 Ciudades y áreas metropolitanas,Informal,Otras ramas*,Jul - Sep,110.65408466666666
2024,13 Ciudades y áreas metropolitanas,Informal,Otras ramas*,Ago - Oct,106.61595766666666
2024,13 Ciudades y áreas metropolitanas,Informal,Otras ramas*,Sep - Nov,106.94648133333334
2024,13 Ciudades y áreas metropolitanas,Informal,Otras ramas*,Oct - Dic,108.560026
2024,13 Ciudades y áreas metropolitanas,Informal,Otras ramas*,Nov - Ene,110.008075
2024,13 Ciudades y áreas metropolitanas,Informal,Otras ramas*,Dic - Feb,109.042003
2025,13 Ciudades y áreas metropolitanas,Informal,Otras ramas*,Ene - Mar,105.520794
2025,13 Ciudades y áreas metropolitanas,Informal,Otras ramas*,Feb - Abr,94.232076
2025,13 Ciudades y áreas metropolitanas,Informal,Otras ramas*,Mar - May,88.024922
2025,13 Ciudades y áreas metropolitanas,Informal,Otras ramas*,Abr - Jun,102.53938
2025,13 Ciudades y áreas metropolitanas,Informal,Otras ramas*,May - Jul,110.953679
2025,13 Ciudades y áreas metropolitanas,Informal,Otras ramas*,Jun - Ago,116.74679
2025,13 Ciudades y áreas metropolitanas,Informal,Otras ramas*,Jul - Sep,102.999303
2025,13 Ciudades y áreas metropolitanas,Informal,Otras ramas*,Ago - Oct,102.762265
2025,13 Ciudades y áreas metropolitanas,Informal,Otras ramas*,Sep - Nov,96.464261
2025,13 Ciudades y áreas metropolitanas,Informal,Otras ramas*,Oct - Dic,94.012624
2025,13 Ciudades y áreas metropolitanas,Informal,Otras ramas*,Nov - Ene,100.372181
2025,13 Ciudades y áreas metropolitanas,Informal,Otras ramas*,Dic - Feb,100.439152
2026,13 Ciudades y áreas metropolitanas,Informal,Otras ramas*,Ene - Mar,104.911884
2026,13 Ciudades y áreas metropolitanas,Informal,Otras ramas*,Feb - Abr,92.765543
2021,13 Ciudades y áreas metropolitanas,Informal,Industrias manufactureras,Ene - Mar,471.43425866666666
2021,13 Ciudades y áreas metropolitanas,Informal,Industrias manufactureras,Feb - Abr,450.2238763333333
2021,13 Ciudades y áreas metropolitanas,Informal,Industrias manufactureras,Mar - May,441.89228099999997
2021,13 Ciudades y áreas metropolitanas,Informal,Industrias manufactureras,Abr - Jun,453.0375986666666
2021,13 Ciudades y áreas metropolitanas,Informal,Industrias manufactureras,May - Jul,467.696686
2021,13 Ciudades y áreas metropolitanas,Informal,Industrias manufactureras,Jun - Ago,477.3287926666667
2021,13 Ciudades y áreas metropolitanas,Informal,Industrias manufactureras,Jul - Sep,486.9228856666667
2021,13 Ciudades y áreas metropolitanas,Informal,Industrias manufactureras,Ago - Oct,510.7632136666666
2021,13 Ciudades y áreas metropolitanas,Informal,Industrias manufactureras,Sep - Nov,497.66761333333335
2021,13 Ciudades y áreas metropolitanas,Informal,Industrias manufactureras,Oct - Dic,488.02069800000004
2021,13 Ciudades y áreas metropolitanas,Informal,Industrias manufactureras,Nov - Ene,463.4398003333333
2021,13 Ciudades y áreas metropolitanas,Informal,Industrias manufactureras,Dic - Feb,469.4510393333333
2022,13 Ciudades y áreas metropolitanas,Informal,Industrias manufactureras,Ene - Mar,506.75481999999994
2022,13 Ciudades y áreas metropolitanas,Informal,Industrias manufactureras,Feb - Abr,530.4445523333334
2022,13 Ciudades y áreas metropolitanas,Informal,Industrias manufactureras,Mar - May,504.00548966666673
2022,13 Ciudades y áreas metropolitanas,Informal,Industrias manufactureras,Abr - Jun,480.03814933333337
2022,13 Ciudades y áreas metropolitanas,Informal,Industrias manufactureras,May - Jul,486.07448400000004
2022,13 Ciudades y áreas metropolitanas,Informal,Industrias manufactureras,Jun - Ago,493.18032300000004
2022,13 Ciudades y áreas metropolitanas,Informal,Industrias manufactureras,Jul - Sep,531.1875283333334
2022,13 Ciudades y áreas metropolitanas,Informal,Industrias manufactureras,Ago - Oct,530.88696
2022,13 Ciudades y áreas metropolitanas,Informal,Industrias manufactureras,Sep - Nov,581.794951
2022,13 Ciudades y áreas metropolitanas,Informal,Industrias manufactureras,Oct - Dic,550.804345
2022,13 Ciudades y áreas metropolitanas,Informal,Industrias manufactureras,Nov - Ene,534.0245506666666
2022,13 Ciudades y áreas metropolitanas,Informal,Industrias manufactureras,Dic - Feb,490.995339
2023,13 Ciudades y áreas metropolitanas,Informal,Industrias manufactureras,Ene - Mar,467.04959333333335
2023,13 Ciudades y áreas metropolitanas,Informal,Industrias manufactureras,Feb - Abr,466.56544699999995
2023,13 Ciudades y áreas metropolitanas,Informal,Industrias manufactureras,Mar - May,471.97275199999996
2023,13 Ciudades y áreas metropolitanas,Informal,Industrias manufactureras,Abr - Jun,467.645638
2023,13 Ciudades y áreas metropolitanas,Informal,Industrias manufactureras,May - Jul,472.87173533333333
2023,13 Ciudades y áreas metropolitanas,Informal,Industrias manufactureras,Jun - Ago,492.9070336666667
2023,13 Ciudades y áreas metropolitanas,Informal,Industrias manufactureras,Jul - Sep,499.23543466666666
2023,13 Ciudades y áreas metropolitanas,Informal,Industrias manufactureras,Ago - Oct,510.03362866666663
2023,13 Ciudades y áreas metropolitanas,Informal,Industrias manufactureras,Sep - Nov,503.7393873333333
2023,13 Ciudades y áreas metropolitanas,Informal,Industrias manufactureras,Oct - Dic,503.06107066666664
2023,13 Ciudades y áreas metropolitanas,Informal,Industrias manufactureras,Nov - Ene,491.12645833333335
2023,13 Ciudades y áreas metropolitanas,Informal,Industrias manufactureras,Dic - Feb,490.789426
2024,13 Ciudades y áreas metropolitanas,Informal,Industrias manufactureras,Ene - Mar,497.273835
2024,13 Ciudades y áreas metropolitanas,Informal,Industrias manufactureras,Feb - Abr,502.57785766666666
2024,13 Ciudades y áreas metropolitanas,Informal,Industrias manufactureras,Mar - May,503.19620000000003
2024,13 Ciudades y áreas metropolitanas,Informal,Industrias manufactureras,Abr - Jun,499.1253036666667
2024,13 Ciudades y áreas metropolitanas,Informal,Industrias manufactureras,May - Jul,498.40750933333334
2024,13 Ciudades y áreas metropolitanas,Informal,Industrias manufactureras,Jun - Ago,500.31261166666667
2024,13 Ciudades y áreas metropolitanas,Informal,Industrias manufactureras,Jul - Sep,493.17227066666663
2024,13 Ciudades y áreas metropolitanas,Informal,Industrias manufactureras,Ago - Oct,514.879739
2024,13 Ciudades y áreas metropolitanas,Informal,Industrias manufactureras,Sep - Nov,527.290399
2024,13 Ciudades y áreas metropolitanas,Informal,Industrias manufactureras,Oct - Dic,521.6161476666666
2024,13 Ciudades y áreas metropolitanas,Informal,Industrias manufactureras,Nov - Ene,471.17371
2024,13 Ciudades y áreas metropolitanas,Informal,Industrias manufactureras,Dic - Feb,468.086281
2025,13 Ciudades y áreas metropolitanas,Informal,Industrias manufactureras,Ene - Mar,500.826683
2025,13 Ciudades y áreas metropolitanas,Informal,Industrias manufactureras,Feb - Abr,541.514097
2025,13 Ciudades y áreas metropolitanas,Informal,Industrias manufactureras,Mar - May,500.955408
2025,13 Ciudades y áreas metropolitanas,Informal,Industrias manufactureras,Abr - Jun,515.283504
2025,13 Ciudades y áreas metropolitanas,Informal,Industrias manufactureras,May - Jul,509.397444
2025,13 Ciudades y áreas metropolitanas,Informal,Industrias manufactureras,Jun - Ago,540.507068
2025,13 Ciudades y áreas metropolitanas,Informal,Industrias manufactureras,Jul - Sep,506.742958
2025,13 Ciudades y áreas metropolitanas,Informal,Industrias manufactureras,Ago - Oct,539.799517
2025,13 Ciudades y áreas metropolitanas,Informal,Industrias manufactureras,Sep - Nov,518.175977
2025,13 Ciudades y áreas metropolitanas,Informal,Industrias manufactureras,Oct - Dic,545.364575
2025,13 Ciudades y áreas metropolitanas,Informal,Industrias manufactureras,Nov - Ene,496.11324
2025,13 Ciudades y áreas metropolitanas,Informal,Industrias manufactureras,Dic - Feb,499.927953
2026,13 Ciudades y áreas metropolitanas,Informal,Industrias manufactureras,Ene - Mar,461.277212
2026,13 Ciudades y áreas metropolitanas,Informal,Industrias manufactureras,Feb - Abr,494.523306
2021,13 Ciudades y áreas metropolitanas,Informal,Construcción,Ene - Mar,405.74413266666664
2021,13 Ciudades y áreas metropolitanas,Informal,Construcción,Feb - Abr,409.37897833333335
2021,13 Ciudades y áreas metropolitanas,Informal,Construcción,Mar - May,427.4282686666666
2021,13 Ciudades y áreas metropolitanas,Informal,Construcción,Abr - Jun,403.86022133333336
2021,13 Ciudades y áreas metropolitanas,Informal,Construcción,May - Jul,405.02729633333337
2021,13 Ciudades y áreas metropolitanas,Informal,Construcción,Jun - Ago,423.98328833333335
2021,13 Ciudades y áreas metropolitanas,Informal,Construcción,Jul - Sep,430.07677199999995
2021,13 Ciudades y áreas metropolitanas,Informal,Construcción,Ago - Oct,423.5841553333333
2021,13 Ciudades y áreas metropolitanas,Informal,Construcción,Sep - Nov,427.9953136666666
2021,13 Ciudades y áreas metropolitanas,Informal,Construcción,Oct - Dic,400.89866299999994
2021,13 Ciudades y áreas metropolitanas,Informal,Construcción,Nov - Ene,400.0116356666667
2021,13 Ciudades y áreas metropolitanas,Informal,Construcción,Dic - Feb,376.180969
2022,13 Ciudades y áreas metropolitanas,Informal,Construcción,Ene - Mar,400.7555743333333
2022,13 Ciudades y áreas metropolitanas,Informal,Construcción,Feb - Abr,416.29962133333333
2022,13 Ciudades y áreas metropolitanas,Informal,Construcción,Mar - May,427.255115
2022,13 Ciudades y áreas metropolitanas,Informal,Construcción,Abr - Jun,421.94933999999995
2022,13 Ciudades y áreas metropolitanas,Informal,Construcción,May - Jul,392.535799
2022,13 Ciudades y áreas metropolitanas,Informal,Construcción,Jun - Ago,390.63875566666667
2022,13 Ciudades y áreas metropolitanas,Informal,Construcción,Jul - Sep,391.96951599999994
2022,13 Ciudades y áreas metropolitanas,Informal,Construcción,Ago - Oct,407.6404953333333
2022,13 Ciudades y áreas metropolitanas,Informal,Construcción,Sep - Nov,390.67823833333335
2022,13 Ciudades y áreas metropolitanas,Informal,Construcción,Oct - Dic,394.0598976666667
2022,13 Ciudades y áreas metropolitanas,Informal,Construcción,Nov - Ene,383.30169
2022,13 Ciudades y áreas metropolitanas,Informal,Construcción,Dic - Feb,409.600388
2023,13 Ciudades y áreas metropolitanas,Informal,Construcción,Ene - Mar,413.081819
2023,13 Ciudades y áreas metropolitanas,Informal,Construcción,Feb - Abr,421.68016933333337
2023,13 Ciudades y áreas metropolitanas,Informal,Construcción,Mar - May,388.66528566666665
2023,13 Ciudades y áreas metropolitanas,Informal,Construcción,Abr - Jun,370.03258566666665
2023,13 Ciudades y áreas metropolitanas,Informal,Construcción,May - Jul,371.3595116666667
2023,13 Ciudades y áreas metropolitanas,Informal,Construcción,Jun - Ago,380.0955676666667
2023,13 Ciudades y áreas metropolitanas,Informal,Construcción,Jul - Sep,381.50527966666664
2023,13 Ciudades y áreas metropolitanas,Informal,Construcción,Ago - Oct,371.31015899999994
2023,13 Ciudades y áreas metropolitanas,Informal,Construcción,Sep - Nov,382.10577766666665
2023,13 Ciudades y áreas metropolitanas,Informal,Construcción,Oct - Dic,392.11725
2023,13 Ciudades y áreas metropolitanas,Informal,Construcción,Nov - Ene,385.14230733333335
2023,13 Ciudades y áreas metropolitanas,Informal,Construcción,Dic - Feb,375.23190266666666
2024,13 Ciudades y áreas metropolitanas,Informal,Construcción,Ene - Mar,363.30143633333336
2024,13 Ciudades y áreas metropolitanas,Informal,Construcción,Feb - Abr,381.984083
2024,13 Ciudades y áreas metropolitanas,Informal,Construcción,Mar - May,396.07702366666666
2024,13 Ciudades y áreas metropolitanas,Informal,Construcción,Abr - Jun,381.621831
2024,13 Ciudades y áreas metropolitanas,Informal,Construcción,May - Jul,378.56553833333334
2024,13 Ciudades y áreas metropolitanas,Informal,Construcción,Jun - Ago,347.7932296666666
2024,13 Ciudades y áreas metropolitanas,Informal,Construcción,Jul - Sep,364.75891466666667
2024,13 Ciudades y áreas metropolitanas,Informal,Construcción,Ago - Oct,368.24846866666667
2024,13 Ciudades y áreas metropolitanas,Informal,Construcción,Sep - Nov,390.7329646666667
2024,13 Ciudades y áreas metropolitanas,Informal,Construcción,Oct - Dic,402.52422899999993
2024,13 Ciudades y áreas metropolitanas,Informal,Construcción,Nov - Ene,401.720428
2024,13 Ciudades y áreas metropolitanas,Informal,Construcción,Dic - Feb,423.291008
2025,13 Ciudades y áreas metropolitanas,Informal,Construcción,Ene - Mar,443.574813
2025,13 Ciudades y áreas metropolitanas,Informal,Construcción,Feb - Abr,442.526828
2025,13 Ciudades y áreas metropolitanas,Informal,Construcción,Mar - May,443.347091
2025,13 Ciudades y áreas metropolitanas,Informal,Construcción,Abr - Jun,439.916676
2025,13 Ciudades y áreas metropolitanas,Informal,Construcción,May - Jul,442.701665
2025,13 Ciudades y áreas metropolitanas,Informal,Construcción,Jun - Ago,441.073614
2025,13 Ciudades y áreas metropolitanas,Informal,Construcción,Jul - Sep,427.574298
2025,13 Ciudades y áreas metropolitanas,Informal,Construcción,Ago - Oct,424.181386
2025,13 Ciudades y áreas metropolitanas,Informal,Construcción,Sep - Nov,423.317308
2025,13 Ciudades y áreas metropolitanas,Informal,Construcción,Oct - Dic,411.777357
2025,13 Ciudades y áreas metropolitanas,Informal,Construcción,Nov - Ene,410.055056
2025,13 Ciudades y áreas metropolitanas,Informal,Construcción,Dic - Feb,405.198479
2026,13 Ciudades y áreas metropolitanas,Informal,Construcción,Ene - Mar,427.352035
2026,13 Ciudades y áreas metropolitanas,Informal,Construcción,Feb - Abr,432.885761
2021,13 Ciudades y áreas metropolitanas,Informal,Comercio y reparación de vehículos,Ene - Mar,1066.7553193333333
2021,13 Ciudades y áreas metropolitanas,Informal,Comercio y reparación de vehículos,Feb - Abr,1106.7717206666666
2021,13 Ciudades y áreas metropolitanas,Informal,Comercio y reparación de vehículos,Mar - May,1053.0709883333332
2021,13 Ciudades y áreas metropolitanas,Informal,Comercio y reparación de vehículos,Abr - Jun,1083.7047883333335
2021,13 Ciudades y áreas metropolitanas,Informal,Comercio y reparación de vehículos,May - Jul,1081.348686
2021,13 Ciudades y áreas metropolitanas,Informal,Comercio y reparación de vehículos,Jun - Ago,1095.4819086666666
2021,13 Ciudades y áreas metropolitanas,Informal,Comercio y reparación de vehículos,Jul - Sep,1058.3619616666665
2021,13 Ciudades y áreas metropolitanas,Informal,Comercio y reparación de vehículos,Ago - Oct,1042.1517116666666
2021,13 Ciudades y áreas metropolitanas,Informal,Comercio y reparación de vehículos,Sep - Nov,1036.5017719999998
2021,13 Ciudades y áreas metropolitanas,Informal,Comercio y reparación de vehículos,Oct - Dic,1046.6285793333334
2021,13 Ciudades y áreas metropolitanas,Informal,Comercio y reparación de vehículos,Nov - Ene,1052.259154
2021,13 Ciudades y áreas metropolitanas,Informal,Comercio y reparación de vehículos,Dic - Feb,1072.4800243333332
2022,13 Ciudades y áreas metropolitanas,Informal,Comercio y reparación de vehículos,Ene - Mar,1076.0907976666665
2022,13 Ciudades y áreas metropolitanas,Informal,Comercio y reparación de vehículos,Feb - Abr,1111.3353416666666
2022,13 Ciudades y áreas metropolitanas,Informal,Comercio y reparación de vehículos,Mar - May,1087.153272
2022,13 Ciudades y áreas metropolitanas,Informal,Comercio y reparación de vehículos,Abr - Jun,1077.2863906666666
2022,13 Ciudades y áreas metropolitanas,Informal,Comercio y reparación de vehículos,May - Jul,1080.2506126666667
2022,13 Ciudades y áreas metropolitanas,Informal,Comercio y reparación de vehículos,Jun - Ago,1082.3153649999997
2022,13 Ciudades y áreas metropolitanas,Informal,Comercio y reparación de vehículos,Jul - Sep,1103.8692859999999
2022,13 Ciudades y áreas metropolitanas,Informal,Comercio y reparación de vehículos,Ago - Oct,1122.6025403333333
2022,13 Ciudades y áreas metropolitanas,Informal,Comercio y reparación de vehículos,Sep - Nov,1116.137684
2022,13 Ciudades y áreas metropolitanas,Informal,Comercio y reparación de vehículos,Oct - Dic,1066.7500813333334
2022,13 Ciudades y áreas metropolitanas,Informal,Comercio y reparación de vehículos,Nov - Ene,1018.9074593333333
2022,13 Ciudades y áreas metropolitanas,Informal,Comercio y reparación de vehículos,Dic - Feb,1041.5925953333333
2023,13 Ciudades y áreas metropolitanas,Informal,Comercio y reparación de vehículos,Ene - Mar,1102.005777
2023,13 Ciudades y áreas metropolitanas,Informal,Comercio y reparación de vehículos,Feb - Abr,1109.4129569999998
2023,13 Ciudades y áreas metropolitanas,Informal,Comercio y reparación de vehículos,Mar - May,1081.3543563333333
2023,13 Ciudades y áreas metropolitanas,Informal,Comercio y reparación de vehículos,Abr - Jun,1070.7294556666666
2023,13 Ciudades y áreas metropolitanas,Informal,Comercio y reparación de vehículos,May - Jul,1078.7126230000001
2023,13 Ciudades y áreas metropolitanas,Informal,Comercio y reparación de vehículos,Jun - Ago,1095.8092669999999
2023,13 Ciudades y áreas metropolitanas,Informal,Comercio y reparación de vehículos,Jul - Sep,1084.55273
2023,13 Ciudades y áreas metropolitanas,Informal,Comercio y reparación de vehículos,Ago - Oct,1075.4517203333332
2023,13 Ciudades y áreas metropolitanas,Informal,Comercio y reparación de vehículos,Sep - Nov,1085.0848463333334
2023,13 Ciudades y áreas metropolitanas,Informal,Comercio y reparación de vehículos,Oct - Dic,1079.1560270000002
2023,13 Ciudades y áreas metropolitanas,Informal,Comercio y reparación de vehículos,Nov - Ene,1078.9278643333334
2023,13 Ciudades y áreas metropolitanas,Informal,Comercio y reparación de vehículos,Dic - Feb,1044.02086
2024,13 Ciudades y áreas metropolitanas,Informal,Comercio y reparación de vehículos,Ene - Mar,1037.5770376666667
2024,13 Ciudades y áreas metropolitanas,Informal,Comercio y reparación de vehículos,Feb - Abr,1053.0501860000002
2024,13 Ciudades y áreas metropolitanas,Informal,Comercio y reparación de vehículos,Mar - May,1080.7694863333334
2024,13 Ciudades y áreas metropolitanas,Informal,Comercio y reparación de vehículos,Abr - Jun,1099.9104146666668
2024,13 Ciudades y áreas metropolitanas,Informal,Comercio y reparación de vehículos,May - Jul,1103.8344120000002
2024,13 Ciudades y áreas metropolitanas,Informal,Comercio y reparación de vehículos,Jun - Ago,1115.393514
2024,13 Ciudades y áreas metropolitanas,Informal,Comercio y reparación de vehículos,Jul - Sep,1096.5503756666667
2024,13 Ciudades y áreas metropolitanas,Informal,Comercio y reparación de vehículos,Ago - Oct,1130.0123553333333
2024,13 Ciudades y áreas metropolitanas,Informal,Comercio y reparación de vehículos,Sep - Nov,1109.754087
2024,13 Ciudades y áreas metropolitanas,Informal,Comercio y reparación de vehículos,Oct - Dic,1135.6404483333333
2024,13 Ciudades y áreas metropolitanas,Informal,Comercio y reparación de vehículos,Nov - Ene,1112.502412
2024,13 Ciudades y áreas metropolitanas,Informal,Comercio y reparación de vehículos,Dic - Feb,1121.321008
2025,13 Ciudades y áreas metropolitanas,Informal,Comercio y reparación de vehículos,Ene - Mar,1131.872873
2025,13 Ciudades y áreas metropolitanas,Informal,Comercio y reparación de vehículos,Feb - Abr,1097.316566
2025,13 Ciudades y áreas metropolitanas,Informal,Comercio y reparación de vehículos,Mar - May,1114.305478
2025,13 Ciudades y áreas metropolitanas,Informal,Comercio y reparación de vehículos,Abr - Jun,1066.827688
2025,13 Ciudades y áreas metropolitanas,Informal,Comercio y reparación de vehículos,May - Jul,1091.138842
2025,13 Ciudades y áreas metropolitanas,Informal,Comercio y reparación de vehículos,Jun - Ago,1058.552637
2025,13 Ciudades y áreas metropolitanas,Informal,Comercio y reparación de vehículos,Jul - Sep,1043.668153
2025,13 Ciudades y áreas metropolitanas,Informal,Comercio y reparación de vehículos,Ago - Oct,1068.349133
2025,13 Ciudades y áreas metropolitanas,Informal,Comercio y reparación de vehículos,Sep - Nov,1085.287803
2025,13 Ciudades y áreas metropolitanas,Informal,Comercio y reparación de vehículos,Oct - Dic,1105.581857
2025,13 Ciudades y áreas metropolitanas,Informal,Comercio y reparación de vehículos,Nov - Ene,1033.652061
2025,13 Ciudades y áreas metropolitanas,Informal,Comercio y reparación de vehículos,Dic - Feb,1019.991044
2026,13 Ciudades y áreas metropolitanas,Informal,Comercio y reparación de vehículos,Ene - Mar,1033.109584
2026,13 Ciudades y áreas metropolitanas,Informal,Comercio y reparación de vehículos,Feb - Abr,1049.996976
2021,13 Ciudades y áreas metropolitanas,Informal,Alojamiento y servicios de comida,Ene - Mar,444.20344900000003
2021,13 Ciudades y áreas metropolitanas,Informal,Alojamiento y servicios de comida,Feb - Abr,472.885849
2021,13 Ciudades y áreas metropolitanas,Informal,Alojamiento y servicios de comida,Mar - May,438.65784233333335
2021,13 Ciudades y áreas metropolitanas,Informal,Alojamiento y servicios de comida,Abr - Jun,449.04452299999997
2021,13 Ciudades y áreas metropolitanas,Informal,Alojamiento y servicios de comida,May - Jul,451.4317436666667
2021,13 Ciudades y áreas metropolitanas,Informal,Alojamiento y servicios de comida,Jun - Ago,462.04525766666666
2021,13 Ciudades y áreas metropolitanas,Informal,Alojamiento y servicios de comida,Jul - Sep,424.8272446666667
2021,13 Ciudades y áreas metropolitanas,Informal,Alojamiento y servicios de comida,Ago - Oct,418.1213246666666
2021,13 Ciudades y áreas metropolitanas,Informal,Alojamiento y servicios de comida,Sep - Nov,409.80674300000004
2021,13 Ciudades y áreas metropolitanas,Informal,Alojamiento y servicios de comida,Oct - Dic,412.84948333333335
2021,13 Ciudades y áreas metropolitanas,Informal,Alojamiento y servicios de comida,Nov - Ene,374.68369566666667
2021,13 Ciudades y áreas metropolitanas,Informal,Alojamiento y servicios de comida,Dic - Feb,377.14200733333337
2022,13 Ciudades y áreas metropolitanas,Informal,Alojamiento y servicios de comida,Ene - Mar,403.955027
2022,13 Ciudades y áreas metropolitanas,Informal,Alojamiento y servicios de comida,Feb - Abr,441.06234333333333
2022,13 Ciudades y áreas metropolitanas,Informal,Alojamiento y servicios de comida,Mar - May,459.30936199999996
2022,13 Ciudades y áreas metropolitanas,Informal,Alojamiento y servicios de comida,Abr - Jun,456.674436
2022,13 Ciudades y áreas metropolitanas,Informal,Alojamiento y servicios de comida,May - Jul,463.30999799999995
2022,13 Ciudades y áreas metropolitanas,Informal,Alojamiento y servicios de comida,Jun - Ago,464.1674249999999
2022,13 Ciudades y áreas metropolitanas,Informal,Alojamiento y servicios de comida,Jul - Sep,468.7055736666667
2022,13 Ciudades y áreas metropolitanas,Informal,Alojamiento y servicios de comida,Ago - Oct,475.11334899999997
2022,13 Ciudades y áreas metropolitanas,Informal,Alojamiento y servicios de comida,Sep - Nov,451.6832623333333
2022,13 Ciudades y áreas metropolitanas,Informal,Alojamiento y servicios de comida,Oct - Dic,451.559093
2022,13 Ciudades y áreas metropolitanas,Informal,Alojamiento y servicios de comida,Nov - Ene,445.60606766666666
2022,13 Ciudades y áreas metropolitanas,Informal,Alojamiento y servicios de comida,Dic - Feb,479.87631166666665
2023,13 Ciudades y áreas metropolitanas,Informal,Alojamiento y servicios de comida,Ene - Mar,499.72201266666667
2023,13 Ciudades y áreas metropolitanas,Informal,Alojamiento y servicios de comida,Feb - Abr,507.64209600000004
2023,13 Ciudades y áreas metropolitanas,Informal,Alojamiento y servicios de comida,Mar - May,493.54340700000006
2023,13 Ciudades y áreas metropolitanas,Informal,Alojamiento y servicios de comida,Abr - Jun,475.3672543333333
2023,13 Ciudades y áreas metropolitanas,Informal,Alojamiento y servicios de comida,May - Jul,471.35610433333335
2023,13 Ciudades y áreas metropolitanas,Informal,Alojamiento y servicios de comida,Jun - Ago,475.86936199999997
2023,13 Ciudades y áreas metropolitanas,Informal,Alojamiento y servicios de comida,Jul - Sep,488.26930799999997
2023,13 Ciudades y áreas metropolitanas,Informal,Alojamiento y servicios de comida,Ago - Oct,516.349002
2023,13 Ciudades y áreas metropolitanas,Informal,Alojamiento y servicios de comida,Sep - Nov,522.2945543333334
2023,13 Ciudades y áreas metropolitanas,Informal,Alojamiento y servicios de comida,Oct - Dic,521.1051766666667
2023,13 Ciudades y áreas metropolitanas,Informal,Alojamiento y servicios de comida,Nov - Ene,475.3261353333333
2023,13 Ciudades y áreas metropolitanas,Informal,Alojamiento y servicios de comida,Dic - Feb,466.137042
2024,13 Ciudades y áreas metropolitanas,Informal,Alojamiento y servicios de comida,Ene - Mar,457.702466
2024,13 Ciudades y áreas metropolitanas,Informal,Alojamiento y servicios de comida,Feb - Abr,488.28151933333334
2024,13 Ciudades y áreas metropolitanas,Informal,Alojamiento y servicios de comida,Mar - May,510.97409500000003
2024,13 Ciudades y áreas metropolitanas,Informal,Alojamiento y servicios de comida,Abr - Jun,526.47734
2024,13 Ciudades y áreas metropolitanas,Informal,Alojamiento y servicios de comida,May - Jul,530.3572076666668
2024,13 Ciudades y áreas metropolitanas,Informal,Alojamiento y servicios de comida,Jun - Ago,520.657991
2024,13 Ciudades y áreas metropolitanas,Informal,Alojamiento y servicios de comida,Jul - Sep,518.7320286666667
2024,13 Ciudades y áreas metropolitanas,Informal,Alojamiento y servicios de comida,Ago - Oct,523.1564673333332
2024,13 Ciudades y áreas metropolitanas,Informal,Alojamiento y servicios de comida,Sep - Nov,530.180532
2024,13 Ciudades y áreas metropolitanas,Informal,Alojamiento y servicios de comida,Oct - Dic,547.611887
2024,13 Ciudades y áreas metropolitanas,Informal,Alojamiento y servicios de comida,Nov - Ene,540.286468
2024,13 Ciudades y áreas metropolitanas,Informal,Alojamiento y servicios de comida,Dic - Feb,550.973293
2025,13 Ciudades y áreas metropolitanas,Informal,Alojamiento y servicios de comida,Ene - Mar,547.29683
2025,13 Ciudades y áreas metropolitanas,Informal,Alojamiento y servicios de comida,Feb - Abr,548.844745
2025,13 Ciudades y áreas metropolitanas,Informal,Alojamiento y servicios de comida,Mar - May,552.953496
2025,13 Ciudades y áreas metropolitanas,Informal,Alojamiento y servicios de comida,Abr - Jun,552.785468
2025,13 Ciudades y áreas metropolitanas,Informal,Alojamiento y servicios de comida,May - Jul,553.570831
2025,13 Ciudades y áreas metropolitanas,Informal,Alojamiento y servicios de comida,Jun - Ago,568.325329
2025,13 Ciudades y áreas metropolitanas,Informal,Alojamiento y servicios de comida,Jul - Sep,590.481058
2025,13 Ciudades y áreas metropolitanas,Informal,Alojamiento y servicios de comida,Ago - Oct,639.125646
2025,13 Ciudades y áreas metropolitanas,Informal,Alojamiento y servicios de comida,Sep - Nov,633.673682
2025,13 Ciudades y áreas metropolitanas,Informal,Alojamiento y servicios de comida,Oct - Dic,627.245097
2025,13 Ciudades y áreas metropolitanas,Informal,Alojamiento y servicios de comida,Nov - Ene,572.185886
2025,13 Ciudades y áreas metropolitanas,Informal,Alojamiento y servicios de comida,Dic - Feb,547.405041
2026,13 Ciudades y áreas metropolitanas,Informal,Alojamiento y servicios de comida,Ene - Mar,521.939772
2026,13 Ciudades y áreas metropolitanas,Informal,Alojamiento y servicios de comida,Feb - Abr,526.561955
2021,13 Ciudades y áreas metropolitanas,Informal,Transporte y almacenamiento,Ene - Mar,409.2978966666667
2021,13 Ciudades y áreas metropolitanas,Informal,Transporte y almacenamiento,Feb - Abr,419.44883400000003
2021,13 Ciudades y áreas metropolitanas,Informal,Transporte y almacenamiento,Mar - May,424.9809573333334
2021,13 Ciudades y áreas metropolitanas,Informal,Transporte y almacenamiento,Abr - Jun,410.57410899999996
2021,13 Ciudades y áreas metropolitanas,Informal,Transporte y almacenamiento,May - Jul,414.91474866666664
2021,13 Ciudades y áreas metropolitanas,Informal,Transporte y almacenamiento,Jun - Ago,431.9543373333333
2021,13 Ciudades y áreas metropolitanas,Informal,Transporte y almacenamiento,Jul - Sep,449.8899466666667
2021,13 Ciudades y áreas metropolitanas,Informal,Transporte y almacenamiento,Ago - Oct,484.17019433333326
2021,13 Ciudades y áreas metropolitanas,Informal,Transporte y almacenamiento,Sep - Nov,483.32049266666667
2021,13 Ciudades y áreas metropolitanas,Informal,Transporte y almacenamiento,Oct - Dic,489.3172466666667
2021,13 Ciudades y áreas metropolitanas,Informal,Transporte y almacenamiento,Nov - Ene,482.6394266666666
2021,13 Ciudades y áreas metropolitanas,Informal,Transporte y almacenamiento,Dic - Feb,488.141124
2022,13 Ciudades y áreas metropolitanas,Informal,Transporte y almacenamiento,Ene - Mar,510.9585743333334
2022,13 Ciudades y áreas metropolitanas,Informal,Transporte y almacenamiento,Feb - Abr,525.5373920000001
2022,13 Ciudades y áreas metropolitanas,Informal,Transporte y almacenamiento,Mar - May,546.2329753333333
2022,13 Ciudades y áreas metropolitanas,Informal,Transporte y almacenamiento,Abr - Jun,542.3963643333333
2022,13 Ciudades y áreas metropolitanas,Informal,Transporte y almacenamiento,May - Jul,538.886595
2022,13 Ciudades y áreas metropolitanas,Informal,Transporte y almacenamiento,Jun - Ago,516.686403
2022,13 Ciudades y áreas metropolitanas,Informal,Transporte y almacenamiento,Jul - Sep,539.0025456666667
2022,13 Ciudades y áreas metropolitanas,Informal,Transporte y almacenamiento,Ago - Oct,544.284825
2022,13 Ciudades y áreas metropolitanas,Informal,Transporte y almacenamiento,Sep - Nov,541.075081
2022,13 Ciudades y áreas metropolitanas,Informal,Transporte y almacenamiento,Oct - Dic,521.2563783333334
2022,13 Ciudades y áreas metropolitanas,Informal,Transporte y almacenamiento,Nov - Ene,511.12309899999997
2022,13 Ciudades y áreas metropolitanas,Informal,Transporte y almacenamiento,Dic - Feb,542.5278206666667
2023,13 Ciudades y áreas metropolitanas,Informal,Transporte y almacenamiento,Ene - Mar,550.4884233333332
2023,13 Ciudades y áreas metropolitanas,Informal,Transporte y almacenamiento,Feb - Abr,543.131458
2023,13 Ciudades y áreas metropolitanas,Informal,Transporte y almacenamiento,Mar - May,545.6662466666667
2023,13 Ciudades y áreas metropolitanas,Informal,Transporte y almacenamiento,Abr - Jun,539.0406690000001
2023,13 Ciudades y áreas metropolitanas,Informal,Transporte y almacenamiento,May - Jul,571.0545723333333
2023,13 Ciudades y áreas metropolitanas,Informal,Transporte y almacenamiento,Jun - Ago,547.9562930000001
2023,13 Ciudades y áreas metropolitanas,Informal,Transporte y almacenamiento,Jul - Sep,570.395263
2023,13 Ciudades y áreas metropolitanas,Informal,Transporte y almacenamiento,Ago - Oct,561.3835903333334
2023,13 Ciudades y áreas metropolitanas,Informal,Transporte y almacenamiento,Sep - Nov,594.2320673333334
2023,13 Ciudades y áreas metropolitanas,Informal,Transporte y almacenamiento,Oct - Dic,565.017284
2023,13 Ciudades y áreas metropolitanas,Informal,Transporte y almacenamiento,Nov - Ene,554.3679986666666
2023,13 Ciudades y áreas metropolitanas,Informal,Transporte y almacenamiento,Dic - Feb,566.8037433333334
2024,13 Ciudades y áreas metropolitanas,Informal,Transporte y almacenamiento,Ene - Mar,586.5263946666666
2024,13 Ciudades y áreas metropolitanas,Informal,Transporte y almacenamiento,Feb - Abr,577.7360933333333
2024,13 Ciudades y áreas metropolitanas,Informal,Transporte y almacenamiento,Mar - May,570.8900186666666
2024,13 Ciudades y áreas metropolitanas,Informal,Transporte y almacenamiento,Abr - Jun,585.6688426666667
2024,13 Ciudades y áreas metropolitanas,Informal,Transporte y almacenamiento,May - Jul,605.047972
2024,13 Ciudades y áreas metropolitanas,Informal,Transporte y almacenamiento,Jun - Ago,583.0538446666666
2024,13 Ciudades y áreas metropolitanas,Informal,Transporte y almacenamiento,Jul - Sep,582.856923
2024,13 Ciudades y áreas metropolitanas,Informal,Transporte y almacenamiento,Ago - Oct,594.5300473333333
2024,13 Ciudades y áreas metropolitanas,Informal,Transporte y almacenamiento,Sep - Nov,608.4268006666667
2024,13 Ciudades y áreas metropolitanas,Informal,Transporte y almacenamiento,Oct - Dic,590.7189920000001
2024,13 Ciudades y áreas metropolitanas,Informal,Transporte y almacenamiento,Nov - Ene,581.434112
2024,13 Ciudades y áreas metropolitanas,Informal,Transporte y almacenamiento,Dic - Feb,594.631111
2025,13 Ciudades y áreas metropolitanas,Informal,Transporte y almacenamiento,Ene - Mar,617.137737
2025,13 Ciudades y áreas metropolitanas,Informal,Transporte y almacenamiento,Feb - Abr,625.218171
2025,13 Ciudades y áreas metropolitanas,Informal,Transporte y almacenamiento,Mar - May,609.47989
2025,13 Ciudades y áreas metropolitanas,Informal,Transporte y almacenamiento,Abr - Jun,596.39876
2025,13 Ciudades y áreas metropolitanas,Informal,Transporte y almacenamiento,May - Jul,616.987904
2025,13 Ciudades y áreas metropolitanas,Informal,Transporte y almacenamiento,Jun - Ago,625.71593
2025,13 Ciudades y áreas metropolitanas,Informal,Transporte y almacenamiento,Jul - Sep,637.239776
2025,13 Ciudades y áreas metropolitanas,Informal,Transporte y almacenamiento,Ago - Oct,647.041329
2025,13 Ciudades y áreas metropolitanas,Informal,Transporte y almacenamiento,Sep - Nov,669.922026
2025,13 Ciudades y áreas metropolitanas,Informal,Transporte y almacenamiento,Oct - Dic,643.049727
2025,13 Ciudades y áreas metropolitanas,Informal,Transporte y almacenamiento,Nov - Ene,614.293473
2025,13 Ciudades y áreas metropolitanas,Informal,Transporte y almacenamiento,Dic - Feb,596.589844
2026,13 Ciudades y áreas metropolitanas,Informal,Transporte y almacenamiento,Ene - Mar,613.802463
2026,13 Ciudades y áreas metropolitanas,Informal,Transporte y almacenamiento,Feb - Abr,598.151294
2021,13 Ciudades y áreas metropolitanas,Informal,Información y comunicaciones,Ene - Mar,61.071701999999995
2021,13 Ciudades y áreas metropolitanas,Informal,Información y comunicaciones,Feb - Abr,63.854666
2021,13 Ciudades y áreas metropolitanas,Informal,Información y comunicaciones,Mar - May,64.139389
2021,13 Ciudades y áreas metropolitanas,Informal,Información y comunicaciones,Abr - Jun,64.70398966666666
2021,13 Ciudades y áreas metropolitanas,Informal,Información y comunicaciones,May - Jul,58.46979933333333
2021,13 Ciudades y áreas metropolitanas,Informal,Información y comunicaciones,Jun - Ago,57.648487666666675
2021,13 Ciudades y áreas metropolitanas,Informal,Información y comunicaciones,Jul - Sep,49.22837633333333
2021,13 Ciudades y áreas metropolitanas,Informal,Información y comunicaciones,Ago - Oct,46.39610666666667
2021,13 Ciudades y áreas metropolitanas,Informal,Información y comunicaciones,Sep - Nov,39.60172433333333
2021,13 Ciudades y áreas metropolitanas,Informal,Información y comunicaciones,Oct - Dic,44.65665166666667
2021,13 Ciudades y áreas metropolitanas,Informal,Información y comunicaciones,Nov - Ene,45.888419666666664
2021,13 Ciudades y áreas metropolitanas,Informal,Información y comunicaciones,Dic - Feb,48.985640999999994
2022,13 Ciudades y áreas metropolitanas,Informal,Información y comunicaciones,Ene - Mar,47.692304666666665
2022,13 Ciudades y áreas metropolitanas,Informal,Información y comunicaciones,Feb - Abr,54.14749466666667
2022,13 Ciudades y áreas metropolitanas,Informal,Información y comunicaciones,Mar - May,53.92202666666666
2022,13 Ciudades y áreas metropolitanas,Informal,Información y comunicaciones,Abr - Jun,58.51108233333333
2022,13 Ciudades y áreas metropolitanas,Informal,Información y comunicaciones,May - Jul,52.153766999999995
2022,13 Ciudades y áreas metropolitanas,Informal,Información y comunicaciones,Jun - Ago,44.118422333333335
2022,13 Ciudades y áreas metropolitanas,Informal,Información y comunicaciones,Jul - Sep,32.88394233333333
2022,13 Ciudades y áreas metropolitanas,Informal,Información y comunicaciones,Ago - Oct,29.522161
2022,13 Ciudades y áreas metropolitanas,Informal,Información y comunicaciones,Sep - Nov,37.868305
2022,13 Ciudades y áreas metropolitanas,Informal,Información y comunicaciones,Oct - Dic,41.478818
2022,13 Ciudades y áreas metropolitanas,Informal,Información y comunicaciones,Nov - Ene,40.84173933333333
2022,13 Ciudades y áreas metropolitanas,Informal,Información y comunicaciones,Dic - Feb,40.326239666666666
2023,13 Ciudades y áreas metropolitanas,Informal,Información y comunicaciones,Ene - Mar,42.787209999999995
2023,13 Ciudades y áreas metropolitanas,Informal,Información y comunicaciones,Feb - Abr,51.04952299999999
2023,13 Ciudades y áreas metropolitanas,Informal,Información y comunicaciones,Mar - May,54.91049933333333
2023,13 Ciudades y áreas metropolitanas,Informal,Información y comunicaciones,Abr - Jun,59.58065766666667
2023,13 Ciudades y áreas metropolitanas,Informal,Información y comunicaciones,May - Jul,56.89847833333334
2023,13 Ciudades y áreas metropolitanas,Informal,Información y comunicaciones,Jun - Ago,51.092027333333334
2023,13 Ciudades y áreas metropolitanas,Informal,Información y comunicaciones,Jul - Sep,40.601985666666664
2023,13 Ciudades y áreas metropolitanas,Informal,Información y comunicaciones,Ago - Oct,42.362343333333335
2023,13 Ciudades y áreas metropolitanas,Informal,Información y comunicaciones,Sep - Nov,39.33076833333333
2023,13 Ciudades y áreas metropolitanas,Informal,Información y comunicaciones,Oct - Dic,40.35261633333334
2023,13 Ciudades y áreas metropolitanas,Informal,Información y comunicaciones,Nov - Ene,33.21661833333333
2023,13 Ciudades y áreas metropolitanas,Informal,Información y comunicaciones,Dic - Feb,32.394672666666665
2024,13 Ciudades y áreas metropolitanas,Informal,Información y comunicaciones,Ene - Mar,27.421188666666666
2024,13 Ciudades y áreas metropolitanas,Informal,Información y comunicaciones,Feb - Abr,26.547565000000002
2024,13 Ciudades y áreas metropolitanas,Informal,Información y comunicaciones,Mar - May,33.69469733333333
2024,13 Ciudades y áreas metropolitanas,Informal,Información y comunicaciones,Abr - Jun,47.88930266666667
2024,13 Ciudades y áreas metropolitanas,Informal,Información y comunicaciones,May - Jul,53.846326999999995
2024,13 Ciudades y áreas metropolitanas,Informal,Información y comunicaciones,Jun - Ago,43.33885166666667
2024,13 Ciudades y áreas metropolitanas,Informal,Información y comunicaciones,Jul - Sep,35.15126266666667
2024,13 Ciudades y áreas metropolitanas,Informal,Información y comunicaciones,Ago - Oct,34.19078
2024,13 Ciudades y áreas metropolitanas,Informal,Información y comunicaciones,Sep - Nov,37.93288966666666
2024,13 Ciudades y áreas metropolitanas,Informal,Información y comunicaciones,Oct - Dic,44.95360333333334
2024,13 Ciudades y áreas metropolitanas,Informal,Información y comunicaciones,Nov - Ene,42.337808
2024,13 Ciudades y áreas metropolitanas,Informal,Información y comunicaciones,Dic - Feb,39.105191
2025,13 Ciudades y áreas metropolitanas,Informal,Información y comunicaciones,Ene - Mar,30.994819
2025,13 Ciudades y áreas metropolitanas,Informal,Información y comunicaciones,Feb - Abr,33.370889
2025,13 Ciudades y áreas metropolitanas,Informal,Información y comunicaciones,Mar - May,42.529833
2025,13 Ciudades y áreas metropolitanas,Informal,Información y comunicaciones,Abr - Jun,42.815367
2025,13 Ciudades y áreas metropolitanas,Informal,Información y comunicaciones,May - Jul,47.886914
2025,13 Ciudades y áreas metropolitanas,Informal,Información y comunicaciones,Jun - Ago,51.078876
2025,13 Ciudades y áreas metropolitanas,Informal,Información y comunicaciones,Jul - Sep,53.8086
2025,13 Ciudades y áreas metropolitanas,Informal,Información y comunicaciones,Ago - Oct,52.754936
2025,13 Ciudades y áreas metropolitanas,Informal,Información y comunicaciones,Sep - Nov,46.026669
2025,13 Ciudades y áreas metropolitanas,Informal,Información y comunicaciones,Oct - Dic,43.705663
2025,13 Ciudades y áreas metropolitanas,Informal,Información y comunicaciones,Nov - Ene,44.085629
2025,13 Ciudades y áreas metropolitanas,Informal,Información y comunicaciones,Dic - Feb,48.901726
2026,13 Ciudades y áreas metropolitanas,Informal,Información y comunicaciones,Ene - Mar,54.305521
2026,13 Ciudades y áreas metropolitanas,Informal,Información y comunicaciones,Feb - Abr,47.619447
2021,13 Ciudades y áreas metropolitanas,Informal,Actividades financieras y de seguros,Ene - Mar,40.27964866666667
2021,13 Ciudades y áreas metropolitanas,Informal,Actividades financieras y de seguros,Feb - Abr,35.519694333333334
2021,13 Ciudades y áreas metropolitanas,Informal,Actividades financieras y de seguros,Mar - May,35.56061533333334
2021,13 Ciudades y áreas metropolitanas,Informal,Actividades financieras y de seguros,Abr - Jun,37.03446666666667
2021,13 Ciudades y áreas metropolitanas,Informal,Actividades financieras y de seguros,May - Jul,33.06240233333333
2021,13 Ciudades y áreas metropolitanas,Informal,Actividades financieras y de seguros,Jun - Ago,36.45649733333334
2021,13 Ciudades y áreas metropolitanas,Informal,Actividades financieras y de seguros,Jul - Sep,41.80063066666666
2021,13 Ciudades y áreas metropolitanas,Informal,Actividades financieras y de seguros,Ago - Oct,41.978974
2021,13 Ciudades y áreas metropolitanas,Informal,Actividades financieras y de seguros,Sep - Nov,37.397191
2021,13 Ciudades y áreas metropolitanas,Informal,Actividades financieras y de seguros,Oct - Dic,30.432563333333334
2021,13 Ciudades y áreas metropolitanas,Informal,Actividades financieras y de seguros,Nov - Ene,35.05796333333333
2021,13 Ciudades y áreas metropolitanas,Informal,Actividades financieras y de seguros,Dic - Feb,36.42736166666667
2022,13 Ciudades y áreas metropolitanas,Informal,Actividades financieras y de seguros,Ene - Mar,39.774247
2022,13 Ciudades y áreas metropolitanas,Informal,Actividades financieras y de seguros,Feb - Abr,32.610942666666666
2022,13 Ciudades y áreas metropolitanas,Informal,Actividades financieras y de seguros,Mar - May,31.931353
2022,13 Ciudades y áreas metropolitanas,Informal,Actividades financieras y de seguros,Abr - Jun,30.174325999999997
2022,13 Ciudades y áreas metropolitanas,Informal,Actividades financieras y de seguros,May - Jul,30.64398266666667
2022,13 Ciudades y áreas metropolitanas,Informal,Actividades financieras y de seguros,Jun - Ago,26.804538000000004
2022,13 Ciudades y áreas metropolitanas,Informal,Actividades financieras y de seguros,Jul - Sep,26.280704333333336
2022,13 Ciudades y áreas metropolitanas,Informal,Actividades financieras y de seguros,Ago - Oct,34.083395333333335
2022,13 Ciudades y áreas metropolitanas,Informal,Actividades financieras y de seguros,Sep - Nov,34.70938666666667
2022,13 Ciudades y áreas metropolitanas,Informal,Actividades financieras y de seguros,Oct - Dic,40.71912833333333
2022,13 Ciudades y áreas metropolitanas,Informal,Actividades financieras y de seguros,Nov - Ene,33.825027666666664
2022,13 Ciudades y áreas metropolitanas,Informal,Actividades financieras y de seguros,Dic - Feb,34.70375633333333
2023,13 Ciudades y áreas metropolitanas,Informal,Actividades financieras y de seguros,Ene - Mar,23.456994666666663
2023,13 Ciudades y áreas metropolitanas,Informal,Actividades financieras y de seguros,Feb - Abr,31.488729999999993
2023,13 Ciudades y áreas metropolitanas,Informal,Actividades financieras y de seguros,Mar - May,31.271762333333328
2023,13 Ciudades y áreas metropolitanas,Informal,Actividades financieras y de seguros,Abr - Jun,30.258016666666666
2023,13 Ciudades y áreas metropolitanas,Informal,Actividades financieras y de seguros,May - Jul,21.242518999999998
2023,13 Ciudades y áreas metropolitanas,Informal,Actividades financieras y de seguros,Jun - Ago,22.509358333333335
2023,13 Ciudades y áreas metropolitanas,Informal,Actividades financieras y de seguros,Jul - Sep,25.175785
2023,13 Ciudades y áreas metropolitanas,Informal,Actividades financieras y de seguros,Ago - Oct,24.837862666666666
2023,13 Ciudades y áreas metropolitanas,Informal,Actividades financieras y de seguros,Sep - Nov,21.440262999999998
2023,13 Ciudades y áreas metropolitanas,Informal,Actividades financieras y de seguros,Oct - Dic,17.705678666666667
2023,13 Ciudades y áreas metropolitanas,Informal,Actividades financieras y de seguros,Nov - Ene,15.389898666666666
2023,13 Ciudades y áreas metropolitanas,Informal,Actividades financieras y de seguros,Dic - Feb,22.544835666666668
2024,13 Ciudades y áreas metropolitanas,Informal,Actividades financieras y de seguros,Ene - Mar,26.70923666666667
2024,13 Ciudades y áreas metropolitanas,Informal,Actividades financieras y de seguros,Feb - Abr,28.153374
2024,13 Ciudades y áreas metropolitanas,Informal,Actividades financieras y de seguros,Mar - May,24.084897666666667
2024,13 Ciudades y áreas metropolitanas,Informal,Actividades financieras y de seguros,Abr - Jun,26.29382633333333
2024,13 Ciudades y áreas metropolitanas,Informal,Actividades financieras y de seguros,May - Jul,27.21889733333333
2024,13 Ciudades y áreas metropolitanas,Informal,Actividades financieras y de seguros,Jun - Ago,26.111835
2024,13 Ciudades y áreas metropolitanas,Informal,Actividades financieras y de seguros,Jul - Sep,25.852939666666668
2024,13 Ciudades y áreas metropolitanas,Informal,Actividades financieras y de seguros,Ago - Oct,27.262872666666667
2024,13 Ciudades y áreas metropolitanas,Informal,Actividades financieras y de seguros,Sep - Nov,26.401748333333334
2024,13 Ciudades y áreas metropolitanas,Informal,Actividades financieras y de seguros,Oct - Dic,26.592871000000002
2024,13 Ciudades y áreas metropolitanas,Informal,Actividades financieras y de seguros,Nov - Ene,30.961148
2024,13 Ciudades y áreas metropolitanas,Informal,Actividades financieras y de seguros,Dic - Feb,31.340994
2025,13 Ciudades y áreas metropolitanas,Informal,Actividades financieras y de seguros,Ene - Mar,26.620632
2025,13 Ciudades y áreas metropolitanas,Informal,Actividades financieras y de seguros,Feb - Abr,23.276819
2025,13 Ciudades y áreas metropolitanas,Informal,Actividades financieras y de seguros,Mar - May,22.886341
2025,13 Ciudades y áreas metropolitanas,Informal,Actividades financieras y de seguros,Abr - Jun,23.542235
2025,13 Ciudades y áreas metropolitanas,Informal,Actividades financieras y de seguros,May - Jul,25.062287
2025,13 Ciudades y áreas metropolitanas,Informal,Actividades financieras y de seguros,Jun - Ago,25.534086
2025,13 Ciudades y áreas metropolitanas,Informal,Actividades financieras y de seguros,Jul - Sep,27.288689
2025,13 Ciudades y áreas metropolitanas,Informal,Actividades financieras y de seguros,Ago - Oct,26.631921
2025,13 Ciudades y áreas metropolitanas,Informal,Actividades financieras y de seguros,Sep - Nov,24.456121
2025,13 Ciudades y áreas metropolitanas,Informal,Actividades financieras y de seguros,Oct - Dic,24.861562
2025,13 Ciudades y áreas metropolitanas,Informal,Actividades financieras y de seguros,Nov - Ene,22.291439
2025,13 Ciudades y áreas metropolitanas,Informal,Actividades financieras y de seguros,Dic - Feb,23.009061
2026,13 Ciudades y áreas metropolitanas,Informal,Actividades financieras y de seguros,Ene - Mar,26.043082
2026,13 Ciudades y áreas metropolitanas,Informal,Actividades financieras y de seguros,Feb - Abr,25.797801
2021,13 Ciudades y áreas metropolitanas,Informal,Actividades inmobiliarias,Ene - Mar,31.205561666666668
2021,13 Ciudades y áreas metropolitanas,Informal,Actividades inmobiliarias,Feb - Abr,34.51566533333334
2021,13 Ciudades y áreas metropolitanas,Informal,Actividades inmobiliarias,Mar - May,32.737295333333336
2021,13 Ciudades y áreas metropolitanas,Informal,Actividades inmobiliarias,Abr - Jun,31.753787000000003
2021,13 Ciudades y áreas metropolitanas,Informal,Actividades inmobiliarias,May - Jul,34.58969533333334
2021,13 Ciudades y áreas metropolitanas,Informal,Actividades inmobiliarias,Jun - Ago,37.65794533333334
2021,13 Ciudades y áreas metropolitanas,Informal,Actividades inmobiliarias,Jul - Sep,35.421558
2021,13 Ciudades y áreas metropolitanas,Informal,Actividades inmobiliarias,Ago - Oct,36.24958566666666
2021,13 Ciudades y áreas metropolitanas,Informal,Actividades inmobiliarias,Sep - Nov,35.06789633333333
2021,13 Ciudades y áreas metropolitanas,Informal,Actividades inmobiliarias,Oct - Dic,38.889452666666664
2021,13 Ciudades y áreas metropolitanas,Informal,Actividades inmobiliarias,Nov - Ene,36.395463666666664
2021,13 Ciudades y áreas metropolitanas,Informal,Actividades inmobiliarias,Dic - Feb,35.940425000000005
2022,13 Ciudades y áreas metropolitanas,Informal,Actividades inmobiliarias,Ene - Mar,32.76261933333333
2022,13 Ciudades y áreas metropolitanas,Informal,Actividades inmobiliarias,Feb - Abr,39.87416666666667
2022,13 Ciudades y áreas metropolitanas,Informal,Actividades inmobiliarias,Mar - May,44.091946
2022,13 Ciudades y áreas metropolitanas,Informal,Actividades inmobiliarias,Abr - Jun,45.38167433333333
2022,13 Ciudades y áreas metropolitanas,Informal,Actividades inmobiliarias,May - Jul,37.077007333333334
2022,13 Ciudades y áreas metropolitanas,Informal,Actividades inmobiliarias,Jun - Ago,34.70503033333333
2022,13 Ciudades y áreas metropolitanas,Informal,Actividades inmobiliarias,Jul - Sep,38.777972999999996
2022,13 Ciudades y áreas metropolitanas,Informal,Actividades inmobiliarias,Ago - Oct,38.035452
2022,13 Ciudades y áreas metropolitanas,Informal,Actividades inmobiliarias,Sep - Nov,40.09650833333333
2022,13 Ciudades y áreas metropolitanas,Informal,Actividades inmobiliarias,Oct - Dic,34.02956133333333
2022,13 Ciudades y áreas metropolitanas,Informal,Actividades inmobiliarias,Nov - Ene,36.03975233333333
2022,13 Ciudades y áreas metropolitanas,Informal,Actividades inmobiliarias,Dic - Feb,30.704370666666666
2023,13 Ciudades y áreas metropolitanas,Informal,Actividades inmobiliarias,Ene - Mar,31.212788999999997
2023,13 Ciudades y áreas metropolitanas,Informal,Actividades inmobiliarias,Feb - Abr,29.476166333333335
2023,13 Ciudades y áreas metropolitanas,Informal,Actividades inmobiliarias,Mar - May,33.104575000000004
2023,13 Ciudades y áreas metropolitanas,Informal,Actividades inmobiliarias,Abr - Jun,33.37771433333333
2023,13 Ciudades y áreas metropolitanas,Informal,Actividades inmobiliarias,May - Jul,40.389889000000004
2023,13 Ciudades y áreas metropolitanas,Informal,Actividades inmobiliarias,Jun - Ago,40.49484433333333
2023,13 Ciudades y áreas metropolitanas,Informal,Actividades inmobiliarias,Jul - Sep,37.29363633333333
2023,13 Ciudades y áreas metropolitanas,Informal,Actividades inmobiliarias,Ago - Oct,33.19760633333333
2023,13 Ciudades y áreas metropolitanas,Informal,Actividades inmobiliarias,Sep - Nov,31.157111
2023,13 Ciudades y áreas metropolitanas,Informal,Actividades inmobiliarias,Oct - Dic,36.024363
2023,13 Ciudades y áreas metropolitanas,Informal,Actividades inmobiliarias,Nov - Ene,33.42163033333333
2023,13 Ciudades y áreas metropolitanas,Informal,Actividades inmobiliarias,Dic - Feb,38.233449666666665
2024,13 Ciudades y áreas metropolitanas,Informal,Actividades inmobiliarias,Ene - Mar,38.410482
2024,13 Ciudades y áreas metropolitanas,Informal,Actividades inmobiliarias,Feb - Abr,45.747463333333336
2024,13 Ciudades y áreas metropolitanas,Informal,Actividades inmobiliarias,Mar - May,41.58676066666666
2024,13 Ciudades y áreas metropolitanas,Informal,Actividades inmobiliarias,Abr - Jun,40.38728533333333
2024,13 Ciudades y áreas metropolitanas,Informal,Actividades inmobiliarias,May - Jul,33.29536033333333
2024,13 Ciudades y áreas metropolitanas,Informal,Actividades inmobiliarias,Jun - Ago,37.771521666666665
2024,13 Ciudades y áreas metropolitanas,Informal,Actividades inmobiliarias,Jul - Sep,33.934925
2024,13 Ciudades y áreas metropolitanas,Informal,Actividades inmobiliarias,Ago - Oct,34.62260266666667
2024,13 Ciudades y áreas metropolitanas,Informal,Actividades inmobiliarias,Sep - Nov,27.029130999999996
2024,13 Ciudades y áreas metropolitanas,Informal,Actividades inmobiliarias,Oct - Dic,32.97505266666666
2024,13 Ciudades y áreas metropolitanas,Informal,Actividades inmobiliarias,Nov - Ene,38.059079
2024,13 Ciudades y áreas metropolitanas,Informal,Actividades inmobiliarias,Dic - Feb,39.912876
2025,13 Ciudades y áreas metropolitanas,Informal,Actividades inmobiliarias,Ene - Mar,42.950039
2025,13 Ciudades y áreas metropolitanas,Informal,Actividades inmobiliarias,Feb - Abr,35.27926
2025,13 Ciudades y áreas metropolitanas,Informal,Actividades inmobiliarias,Mar - May,31.357657
2025,13 Ciudades y áreas metropolitanas,Informal,Actividades inmobiliarias,Abr - Jun,23.982836
2025,13 Ciudades y áreas metropolitanas,Informal,Actividades inmobiliarias,May - Jul,22.671324
2025,13 Ciudades y áreas metropolitanas,Informal,Actividades inmobiliarias,Jun - Ago,26.021382
2025,13 Ciudades y áreas metropolitanas,Informal,Actividades inmobiliarias,Jul - Sep,28.981093
2025,13 Ciudades y áreas metropolitanas,Informal,Actividades inmobiliarias,Ago - Oct,33.635565
2025,13 Ciudades y áreas metropolitanas,Informal,Actividades inmobiliarias,Sep - Nov,35.681916
2025,13 Ciudades y áreas metropolitanas,Informal,Actividades inmobiliarias,Oct - Dic,32.553655
2025,13 Ciudades y áreas metropolitanas,Informal,Actividades inmobiliarias,Nov - Ene,29.591549
2025,13 Ciudades y áreas metropolitanas,Informal,Actividades inmobiliarias,Dic - Feb,33.536245
2026,13 Ciudades y áreas metropolitanas,Informal,Actividades inmobiliarias,Ene - Mar,36.735605
2026,13 Ciudades y áreas metropolitanas,Informal,Actividades inmobiliarias,Feb - Abr,37.623645
2021,13 Ciudades y áreas metropolitanas,Informal,"Actividades profesionales, científicas, técnicas y de servicios administrativos",Ene - Mar,399.1803426666667
2021,13 Ciudades y áreas metropolitanas,Informal,"Actividades profesionales, científicas, técnicas y de servicios administrativos",Feb - Abr,414.04871299999996
2021,13 Ciudades y áreas metropolitanas,Informal,"Actividades profesionales, científicas, técnicas y de servicios administrativos",Mar - May,415.2321036666667
2021,13 Ciudades y áreas metropolitanas,Informal,"Actividades profesionales, científicas, técnicas y de servicios administrativos",Abr - Jun,418.36335333333335
2021,13 Ciudades y áreas metropolitanas,Informal,"Actividades profesionales, científicas, técnicas y de servicios administrativos",May - Jul,418.2521576666666
2021,13 Ciudades y áreas metropolitanas,Informal,"Actividades profesionales, científicas, técnicas y de servicios administrativos",Jun - Ago,448.87870033333337
2021,13 Ciudades y áreas metropolitanas,Informal,"Actividades profesionales, científicas, técnicas y de servicios administrativos",Jul - Sep,455.4442166666666
2021,13 Ciudades y áreas metropolitanas,Informal,"Actividades profesionales, científicas, técnicas y de servicios administrativos",Ago - Oct,472.6108696666667
2021,13 Ciudades y áreas metropolitanas,Informal,"Actividades profesionales, científicas, técnicas y de servicios administrativos",Sep - Nov,456.0055703333333
2021,13 Ciudades y áreas metropolitanas,Informal,"Actividades profesionales, científicas, técnicas y de servicios administrativos",Oct - Dic,457.7986563333334
2021,13 Ciudades y áreas metropolitanas,Informal,"Actividades profesionales, científicas, técnicas y de servicios administrativos",Nov - Ene,446.746726
2021,13 Ciudades y áreas metropolitanas,Informal,"Actividades profesionales, científicas, técnicas y de servicios administrativos",Dic - Feb,437.51581333333337
2022,13 Ciudades y áreas metropolitanas,Informal,"Actividades profesionales, científicas, técnicas y de servicios administrativos",Ene - Mar,424.126418
2022,13 Ciudades y áreas metropolitanas,Informal,"Actividades profesionales, científicas, técnicas y de servicios administrativos",Feb - Abr,428.4899573333334
2022,13 Ciudades y áreas metropolitanas,Informal,"Actividades profesionales, científicas, técnicas y de servicios administrativos",Mar - May,450.79266333333334
2022,13 Ciudades y áreas metropolitanas,Informal,"Actividades profesionales, científicas, técnicas y de servicios administrativos",Abr - Jun,468.69131500000003
2022,13 Ciudades y áreas metropolitanas,Informal,"Actividades profesionales, científicas, técnicas y de servicios administrativos",May - Jul,475.99693099999996
2022,13 Ciudades y áreas metropolitanas,Informal,"Actividades profesionales, científicas, técnicas y de servicios administrativos",Jun - Ago,475.83402166666673
2022,13 Ciudades y áreas metropolitanas,Informal,"Actividades profesionales, científicas, técnicas y de servicios administrativos",Jul - Sep,479.44543066666665
2022,13 Ciudades y áreas metropolitanas,Informal,"Actividades profesionales, científicas, técnicas y de servicios administrativos",Ago - Oct,467.50700800000004
2022,13 Ciudades y áreas metropolitanas,Informal,"Actividades profesionales, científicas, técnicas y de servicios administrativos",Sep - Nov,479.11340900000005
2022,13 Ciudades y áreas metropolitanas,Informal,"Actividades profesionales, científicas, técnicas y de servicios administrativos",Oct - Dic,482.0388046666667
2022,13 Ciudades y áreas metropolitanas,Informal,"Actividades profesionales, científicas, técnicas y de servicios administrativos",Nov - Ene,482.526941
2022,13 Ciudades y áreas metropolitanas,Informal,"Actividades profesionales, científicas, técnicas y de servicios administrativos",Dic - Feb,446.796628
2023,13 Ciudades y áreas metropolitanas,Informal,"Actividades profesionales, científicas, técnicas y de servicios administrativos",Ene - Mar,436.24472833333334
2023,13 Ciudades y áreas metropolitanas,Informal,"Actividades profesionales, científicas, técnicas y de servicios administrativos",Feb - Abr,425.4913423333333
2023,13 Ciudades y áreas metropolitanas,Informal,"Actividades profesionales, científicas, técnicas y de servicios administrativos",Mar - May,439.99816400000003
2023,13 Ciudades y áreas metropolitanas,Informal,"Actividades profesionales, científicas, técnicas y de servicios administrativos",Abr - Jun,436.598882
2023,13 Ciudades y áreas metropolitanas,Informal,"Actividades profesionales, científicas, técnicas y de servicios administrativos",May - Jul,445.4963046666667
2023,13 Ciudades y áreas metropolitanas,Informal,"Actividades profesionales, científicas, técnicas y de servicios administrativos",Jun - Ago,438.2027163333333
2023,13 Ciudades y áreas metropolitanas,Informal,"Actividades profesionales, científicas, técnicas y de servicios administrativos",Jul - Sep,441.987998
2023,13 Ciudades y áreas metropolitanas,Informal,"Actividades profesionales, científicas, técnicas y de servicios administrativos",Ago - Oct,441.4510833333333
2023,13 Ciudades y áreas metropolitanas,Informal,"Actividades profesionales, científicas, técnicas y de servicios administrativos",Sep - Nov,463.03530699999993
2023,13 Ciudades y áreas metropolitanas,Informal,"Actividades profesionales, científicas, técnicas y de servicios administrativos",Oct - Dic,497.39909500000005
2023,13 Ciudades y áreas metropolitanas,Informal,"Actividades profesionales, científicas, técnicas y de servicios administrativos",Nov - Ene,507.32230200000004
2023,13 Ciudades y áreas metropolitanas,Informal,"Actividades profesionales, científicas, técnicas y de servicios administrativos",Dic - Feb,484.54347566666667
2024,13 Ciudades y áreas metropolitanas,Informal,"Actividades profesionales, científicas, técnicas y de servicios administrativos",Ene - Mar,475.787219
2024,13 Ciudades y áreas metropolitanas,Informal,"Actividades profesionales, científicas, técnicas y de servicios administrativos",Feb - Abr,476.024108
2024,13 Ciudades y áreas metropolitanas,Informal,"Actividades profesionales, científicas, técnicas y de servicios administrativos",Mar - May,463.3932503333333
2024,13 Ciudades y áreas metropolitanas,Informal,"Actividades profesionales, científicas, técnicas y de servicios administrativos",Abr - Jun,444.14300199999997
2024,13 Ciudades y áreas metropolitanas,Informal,"Actividades profesionales, científicas, técnicas y de servicios administrativos",May - Jul,449.5298803333333
2024,13 Ciudades y áreas metropolitanas,Informal,"Actividades profesionales, científicas, técnicas y de servicios administrativos",Jun - Ago,475.431887
2024,13 Ciudades y áreas metropolitanas,Informal,"Actividades profesionales, científicas, técnicas y de servicios administrativos",Jul - Sep,510.3718513333333
2024,13 Ciudades y áreas metropolitanas,Informal,"Actividades profesionales, científicas, técnicas y de servicios administrativos",Ago - Oct,492.62891600000006
2024,13 Ciudades y áreas metropolitanas,Informal,"Actividades profesionales, científicas, técnicas y de servicios administrativos",Sep - Nov,506.398741
2024,13 Ciudades y áreas metropolitanas,Informal,"Actividades profesionales, científicas, técnicas y de servicios administrativos",Oct - Dic,487.61391933333334
2024,13 Ciudades y áreas metropolitanas,Informal,"Actividades profesionales, científicas, técnicas y de servicios administrativos",Nov - Ene,504.659317
2024,13 Ciudades y áreas metropolitanas,Informal,"Actividades profesionales, científicas, técnicas y de servicios administrativos",Dic - Feb,493.307842
2025,13 Ciudades y áreas metropolitanas,Informal,"Actividades profesionales, científicas, técnicas y de servicios administrativos",Ene - Mar,488.749711
2025,13 Ciudades y áreas metropolitanas,Informal,"Actividades profesionales, científicas, técnicas y de servicios administrativos",Feb - Abr,479.14196
2025,13 Ciudades y áreas metropolitanas,Informal,"Actividades profesionales, científicas, técnicas y de servicios administrativos",Mar - May,499.647042
2025,13 Ciudades y áreas metropolitanas,Informal,"Actividades profesionales, científicas, técnicas y de servicios administrativos",Abr - Jun,507.729889
2025,13 Ciudades y áreas metropolitanas,Informal,"Actividades profesionales, científicas, técnicas y de servicios administrativos",May - Jul,510.926197
2025,13 Ciudades y áreas metropolitanas,Informal,"Actividades profesionales, científicas, técnicas y de servicios administrativos",Jun - Ago,492.68973
2025,13 Ciudades y áreas metropolitanas,Informal,"Actividades profesionales, científicas, técnicas y de servicios administrativos",Jul - Sep,475.683198
2025,13 Ciudades y áreas metropolitanas,Informal,"Actividades profesionales, científicas, técnicas y de servicios administrativos",Ago - Oct,491.156138
2025,13 Ciudades y áreas metropolitanas,Informal,"Actividades profesionales, científicas, técnicas y de servicios administrativos",Sep - Nov,486.599206
2025,13 Ciudades y áreas metropolitanas,Informal,"Actividades profesionales, científicas, técnicas y de servicios administrativos",Oct - Dic,490.381019
2025,13 Ciudades y áreas metropolitanas,Informal,"Actividades profesionales, científicas, técnicas y de servicios administrativos",Nov - Ene,485.937235
2025,13 Ciudades y áreas metropolitanas,Informal,"Actividades profesionales, científicas, técnicas y de servicios administrativos",Dic - Feb,497.097496
2026,13 Ciudades y áreas metropolitanas,Informal,"Actividades profesionales, científicas, técnicas y de servicios administrativos",Ene - Mar,504.976294
2026,13 Ciudades y áreas metropolitanas,Informal,"Actividades profesionales, científicas, técnicas y de servicios administrativos",Feb - Abr,516.300845
2021,13 Ciudades y áreas metropolitanas,Informal,"Administración pública y defensa, educación y atención de la salud humana",Ene - Mar,237.324551
2021,13 Ciudades y áreas metropolitanas,Informal,"Administración pública y defensa, educación y atención de la salud humana",Feb - Abr,245.1594656666667
2021,13 Ciudades y áreas metropolitanas,Informal,"Administración pública y defensa, educación y atención de la salud humana",Mar - May,257.7191863333333
2021,13 Ciudades y áreas metropolitanas,Informal,"Administración pública y defensa, educación y atención de la salud humana",Abr - Jun,251.91578166666667
2021,13 Ciudades y áreas metropolitanas,Informal,"Administración pública y defensa, educación y atención de la salud humana",May - Jul,230.209397
2021,13 Ciudades y áreas metropolitanas,Informal,"Administración pública y defensa, educación y atención de la salud humana",Jun - Ago,208.01840033333335
2021,13 Ciudades y áreas metropolitanas,Informal,"Administración pública y defensa, educación y atención de la salud humana",Jul - Sep,214.54042633333333
2021,13 Ciudades y áreas metropolitanas,Informal,"Administración pública y defensa, educación y atención de la salud humana",Ago - Oct,215.11508333333336
2021,13 Ciudades y áreas metropolitanas,Informal,"Administración pública y defensa, educación y atención de la salud humana",Sep - Nov,227.96643500000002
2021,13 Ciudades y áreas metropolitanas,Informal,"Administración pública y defensa, educación y atención de la salud humana",Oct - Dic,214.54148
2021,13 Ciudades y áreas metropolitanas,Informal,"Administración pública y defensa, educación y atención de la salud humana",Nov - Ene,206.52312933333334
2021,13 Ciudades y áreas metropolitanas,Informal,"Administración pública y defensa, educación y atención de la salud humana",Dic - Feb,202.04372333333333
2022,13 Ciudades y áreas metropolitanas,Informal,"Administración pública y defensa, educación y atención de la salud humana",Ene - Mar,218.84493366666666
2022,13 Ciudades y áreas metropolitanas,Informal,"Administración pública y defensa, educación y atención de la salud humana",Feb - Abr,226.27267733333335
2022,13 Ciudades y áreas metropolitanas,Informal,"Administración pública y defensa, educación y atención de la salud humana",Mar - May,226.80257133333336
2022,13 Ciudades y áreas metropolitanas,Informal,"Administración pública y defensa, educación y atención de la salud humana",Abr - Jun,208.16197933333333
2022,13 Ciudades y áreas metropolitanas,Informal,"Administración pública y defensa, educación y atención de la salud humana",May - Jul,217.33137766666667
2022,13 Ciudades y áreas metropolitanas,Informal,"Administración pública y defensa, educación y atención de la salud humana",Jun - Ago,216.427776
2022,13 Ciudades y áreas metropolitanas,Informal,"Administración pública y defensa, educación y atención de la salud humana",Jul - Sep,213.83214766666666
2022,13 Ciudades y áreas metropolitanas,Informal,"Administración pública y defensa, educación y atención de la salud humana",Ago - Oct,201.90051099999997
2022,13 Ciudades y áreas metropolitanas,Informal,"Administración pública y defensa, educación y atención de la salud humana",Sep - Nov,184.5799066666667
2022,13 Ciudades y áreas metropolitanas,Informal,"Administración pública y defensa, educación y atención de la salud humana",Oct - Dic,183.07664
2022,13 Ciudades y áreas metropolitanas,Informal,"Administración pública y defensa, educación y atención de la salud humana",Nov - Ene,163.96403133333334
2022,13 Ciudades y áreas metropolitanas,Informal,"Administración pública y defensa, educación y atención de la salud humana",Dic - Feb,168.000942
2023,13 Ciudades y áreas metropolitanas,Informal,"Administración pública y defensa, educación y atención de la salud humana",Ene - Mar,180.63882933333332
2023,13 Ciudades y áreas metropolitanas,Informal,"Administración pública y defensa, educación y atención de la salud humana",Feb - Abr,186.61880166666666
2023,13 Ciudades y áreas metropolitanas,Informal,"Administración pública y defensa, educación y atención de la salud humana",Mar - May,187.26367466666667
2023,13 Ciudades y áreas metropolitanas,Informal,"Administración pública y defensa, educación y atención de la salud humana",Abr - Jun,180.12204966666664
2023,13 Ciudades y áreas metropolitanas,Informal,"Administración pública y defensa, educación y atención de la salud humana",May - Jul,186.51823633333333
2023,13 Ciudades y áreas metropolitanas,Informal,"Administración pública y defensa, educación y atención de la salud humana",Jun - Ago,187.07132233333334
2023,13 Ciudades y áreas metropolitanas,Informal,"Administración pública y defensa, educación y atención de la salud humana",Jul - Sep,186.13650033333332
2023,13 Ciudades y áreas metropolitanas,Informal,"Administración pública y defensa, educación y atención de la salud humana",Ago - Oct,185.19244
2023,13 Ciudades y áreas metropolitanas,Informal,"Administración pública y defensa, educación y atención de la salud humana",Sep - Nov,194.65969033333332
2023,13 Ciudades y áreas metropolitanas,Informal,"Administración pública y defensa, educación y atención de la salud humana",Oct - Dic,182.24226266666665
2023,13 Ciudades y áreas metropolitanas,Informal,"Administración pública y defensa, educación y atención de la salud humana",Nov - Ene,179.27791833333333
2023,13 Ciudades y áreas metropolitanas,Informal,"Administración pública y defensa, educación y atención de la salud humana",Dic - Feb,174.1451526666667
2024,13 Ciudades y áreas metropolitanas,Informal,"Administración pública y defensa, educación y atención de la salud humana",Ene - Mar,196.996936
2024,13 Ciudades y áreas metropolitanas,Informal,"Administración pública y defensa, educación y atención de la salud humana",Feb - Abr,209.22300733333336
2024,13 Ciudades y áreas metropolitanas,Informal,"Administración pública y defensa, educación y atención de la salud humana",Mar - May,199.97227033333334
2024,13 Ciudades y áreas metropolitanas,Informal,"Administración pública y defensa, educación y atención de la salud humana",Abr - Jun,194.07677533333333
2024,13 Ciudades y áreas metropolitanas,Informal,"Administración pública y defensa, educación y atención de la salud humana",May - Jul,190.09966799999998
2024,13 Ciudades y áreas metropolitanas,Informal,"Administración pública y defensa, educación y atención de la salud humana",Jun - Ago,210.044614
2024,13 Ciudades y áreas metropolitanas,Informal,"Administración pública y defensa, educación y atención de la salud humana",Jul - Sep,203.5605106666667
2024,13 Ciudades y áreas metropolitanas,Informal,"Administración pública y defensa, educación y atención de la salud humana",Ago - Oct,201.03835433333333
2024,13 Ciudades y áreas metropolitanas,Informal,"Administración pública y defensa, educación y atención de la salud humana",Sep - Nov,187.90852166666664
2024,13 Ciudades y áreas metropolitanas,Informal,"Administración pública y defensa, educación y atención de la salud humana",Oct - Dic,188.50712966666666
2024,13 Ciudades y áreas metropolitanas,Informal,"Administración pública y defensa, educación y atención de la salud humana",Nov - Ene,173.753542
2024,13 Ciudades y áreas metropolitanas,Informal,"Administración pública y defensa, educación y atención de la salud humana",Dic - Feb,177.781756
2025,13 Ciudades y áreas metropolitanas,Informal,"Administración pública y defensa, educación y atención de la salud humana",Ene - Mar,179.563022
2025,13 Ciudades y áreas metropolitanas,Informal,"Administración pública y defensa, educación y atención de la salud humana",Feb - Abr,208.401404
2025,13 Ciudades y áreas metropolitanas,Informal,"Administración pública y defensa, educación y atención de la salud humana",Mar - May,200.057593
2025,13 Ciudades y áreas metropolitanas,Informal,"Administración pública y defensa, educación y atención de la salud humana",Abr - Jun,199.849872
2025,13 Ciudades y áreas metropolitanas,Informal,"Administración pública y defensa, educación y atención de la salud humana",May - Jul,179.801651
2025,13 Ciudades y áreas metropolitanas,Informal,"Administración pública y defensa, educación y atención de la salud humana",Jun - Ago,177.502673
2025,13 Ciudades y áreas metropolitanas,Informal,"Administración pública y defensa, educación y atención de la salud humana",Jul - Sep,167.167151
2025,13 Ciudades y áreas metropolitanas,Informal,"Administración pública y defensa, educación y atención de la salud humana",Ago - Oct,169.362819
2025,13 Ciudades y áreas metropolitanas,Informal,"Administración pública y defensa, educación y atención de la salud humana",Sep - Nov,186.005703
2025,13 Ciudades y áreas metropolitanas,Informal,"Administración pública y defensa, educación y atención de la salud humana",Oct - Dic,191.78234
2025,13 Ciudades y áreas metropolitanas,Informal,"Administración pública y defensa, educación y atención de la salud humana",Nov - Ene,187.16654
2025,13 Ciudades y áreas metropolitanas,Informal,"Administración pública y defensa, educación y atención de la salud humana",Dic - Feb,179.954215
2026,13 Ciudades y áreas metropolitanas,Informal,"Administración pública y defensa, educación y atención de la salud humana",Ene - Mar,184.518691
2026,13 Ciudades y áreas metropolitanas,Informal,"Administración pública y defensa, educación y atención de la salud humana",Feb - Abr,205.438114
2021,13 Ciudades y áreas metropolitanas,Informal,"Actividades artísticas, entretenimiento, recreación y otras actividades de servicios",Ene - Mar,555.3892636666666
2021,13 Ciudades y áreas metropolitanas,Informal,"Actividades artísticas, entretenimiento, recreación y otras actividades de servicios",Feb - Abr,555.0799993333334
2021,13 Ciudades y áreas metropolitanas,Informal,"Actividades artísticas, entretenimiento, recreación y otras actividades de servicios",Mar - May,545.3640859999999
2021,13 Ciudades y áreas metropolitanas,Informal,"Actividades artísticas, entretenimiento, recreación y otras actividades de servicios",Abr - Jun,530.008944
2021,13 Ciudades y áreas metropolitanas,Informal,"Actividades artísticas, entretenimiento, recreación y otras actividades de servicios",May - Jul,521.959623
2021,13 Ciudades y áreas metropolitanas,Informal,"Actividades artísticas, entretenimiento, recreación y otras actividades de servicios",Jun - Ago,533.2101503333334
2021,13 Ciudades y áreas metropolitanas,Informal,"Actividades artísticas, entretenimiento, recreación y otras actividades de servicios",Jul - Sep,543.9914813333334
2021,13 Ciudades y áreas metropolitanas,Informal,"Actividades artísticas, entretenimiento, recreación y otras actividades de servicios",Ago - Oct,567.8954926666667
2021,13 Ciudades y áreas metropolitanas,Informal,"Actividades artísticas, entretenimiento, recreación y otras actividades de servicios",Sep - Nov,559.4919043333333
2021,13 Ciudades y áreas metropolitanas,Informal,"Actividades artísticas, entretenimiento, recreación y otras actividades de servicios",Oct - Dic,589.2635513333333
2021,13 Ciudades y áreas metropolitanas,Informal,"Actividades artísticas, entretenimiento, recreación y otras actividades de servicios",Nov - Ene,574.4858903333334
2021,13 Ciudades y áreas metropolitanas,Informal,"Actividades artísticas, entretenimiento, recreación y otras actividades de servicios",Dic - Feb,611.1662256666667
2022,13 Ciudades y áreas metropolitanas,Informal,"Actividades artísticas, entretenimiento, recreación y otras actividades de servicios",Ene - Mar,599.6064676666666
2022,13 Ciudades y áreas metropolitanas,Informal,"Actividades artísticas, entretenimiento, recreación y otras actividades de servicios",Feb - Abr,622.1412763333334
2022,13 Ciudades y áreas metropolitanas,Informal,"Actividades artísticas, entretenimiento, recreación y otras actividades de servicios",Mar - May,622.5221836666666
2022,13 Ciudades y áreas metropolitanas,Informal,"Actividades artísticas, entretenimiento, recreación y otras actividades de servicios",Abr - Jun,652.321595
2022,13 Ciudades y áreas metropolitanas,Informal,"Actividades artísticas, entretenimiento, recreación y otras actividades de servicios",May - Jul,644.684985
2022,13 Ciudades y áreas metropolitanas,Informal,"Actividades artísticas, entretenimiento, recreación y otras actividades de servicios",Jun - Ago,634.4659413333334
2022,13 Ciudades y áreas metropolitanas,Informal,"Actividades artísticas, entretenimiento, recreación y otras actividades de servicios",Jul - Sep,627.45873
2022,13 Ciudades y áreas metropolitanas,Informal,"Actividades artísticas, entretenimiento, recreación y otras actividades de servicios",Ago - Oct,654.394089
2022,13 Ciudades y áreas metropolitanas,Informal,"Actividades artísticas, entretenimiento, recreación y otras actividades de servicios",Sep - Nov,672.5050573333334
2022,13 Ciudades y áreas metropolitanas,Informal,"Actividades artísticas, entretenimiento, recreación y otras actividades de servicios",Oct - Dic,660.2682543333334
2022,13 Ciudades y áreas metropolitanas,Informal,"Actividades artísticas, entretenimiento, recreación y otras actividades de servicios",Nov - Ene,635.6634306666666
2022,13 Ciudades y áreas metropolitanas,Informal,"Actividades artísticas, entretenimiento, recreación y otras actividades de servicios",Dic - Feb,603.2727983333334
2023,13 Ciudades y áreas metropolitanas,Informal,"Actividades artísticas, entretenimiento, recreación y otras actividades de servicios",Ene - Mar,610.0584736666666
2023,13 Ciudades y áreas metropolitanas,Informal,"Actividades artísticas, entretenimiento, recreación y otras actividades de servicios",Feb - Abr,618.1128486666667
2023,13 Ciudades y áreas metropolitanas,Informal,"Actividades artísticas, entretenimiento, recreación y otras actividades de servicios",Mar - May,635.2652366666666
2023,13 Ciudades y áreas metropolitanas,Informal,"Actividades artísticas, entretenimiento, recreación y otras actividades de servicios",Abr - Jun,655.321279
2023,13 Ciudades y áreas metropolitanas,Informal,"Actividades artísticas, entretenimiento, recreación y otras actividades de servicios",May - Jul,664.188006
2023,13 Ciudades y áreas metropolitanas,Informal,"Actividades artísticas, entretenimiento, recreación y otras actividades de servicios",Jun - Ago,675.6560743333333
2023,13 Ciudades y áreas metropolitanas,Informal,"Actividades artísticas, entretenimiento, recreación y otras actividades de servicios",Jul - Sep,659.0634676666667
2023,13 Ciudades y áreas metropolitanas,Informal,"Actividades artísticas, entretenimiento, recreación y otras actividades de servicios",Ago - Oct,678.226874
2023,13 Ciudades y áreas metropolitanas,Informal,"Actividades artísticas, entretenimiento, recreación y otras actividades de servicios",Sep - Nov,652.796614
2023,13 Ciudades y áreas metropolitanas,Informal,"Actividades artísticas, entretenimiento, recreación y otras actividades de servicios",Oct - Dic,636.8507576666667
2023,13 Ciudades y áreas metropolitanas,Informal,"Actividades artísticas, entretenimiento, recreación y otras actividades de servicios",Nov - Ene,607.9879033333334
2023,13 Ciudades y áreas metropolitanas,Informal,"Actividades artísticas, entretenimiento, recreación y otras actividades de servicios",Dic - Feb,637.3045793333333
2024,13 Ciudades y áreas metropolitanas,Informal,"Actividades artísticas, entretenimiento, recreación y otras actividades de servicios",Ene - Mar,632.7720823333334
2024,13 Ciudades y áreas metropolitanas,Informal,"Actividades artísticas, entretenimiento, recreación y otras actividades de servicios",Feb - Abr,638.3995543333333
2024,13 Ciudades y áreas metropolitanas,Informal,"Actividades artísticas, entretenimiento, recreación y otras actividades de servicios",Mar - May,634.739809
2024,13 Ciudades y áreas metropolitanas,Informal,"Actividades artísticas, entretenimiento, recreación y otras actividades de servicios",Abr - Jun,641.8812796666666
2024,13 Ciudades y áreas metropolitanas,Informal,"Actividades artísticas, entretenimiento, recreación y otras actividades de servicios",May - Jul,650.7635683333334
2024,13 Ciudades y áreas metropolitanas,Informal,"Actividades artísticas, entretenimiento, recreación y otras actividades de servicios",Jun - Ago,666.8012743333334
2024,13 Ciudades y áreas metropolitanas,Informal,"Actividades artísticas, entretenimiento, recreación y otras actividades de servicios",Jul - Sep,682.8200123333332
2024,13 Ciudades y áreas metropolitanas,Informal,"Actividades artísticas, entretenimiento, recreación y otras actividades de servicios",Ago - Oct,695.259361
2024,13 Ciudades y áreas metropolitanas,Informal,"Actividades artísticas, entretenimiento, recreación y otras actividades de servicios",Sep - Nov,687.92495
2024,13 Ciudades y áreas metropolitanas,Informal,"Actividades artísticas, entretenimiento, recreación y otras actividades de servicios",Oct - Dic,667.815936
2024,13 Ciudades y áreas metropolitanas,Informal,"Actividades artísticas, entretenimiento, recreación y otras actividades de servicios",Nov - Ene,658.932542
2024,13 Ciudades y áreas metropolitanas,Informal,"Actividades artísticas, entretenimiento, recreación y otras actividades de servicios",Dic - Feb,648.365314
2025,13 Ciudades y áreas metropolitanas,Informal,"Actividades artísticas, entretenimiento, recreación y otras actividades de servicios",Ene - Mar,674.207069
2025,13 Ciudades y áreas metropolitanas,Informal,"Actividades artísticas, entretenimiento, recreación y otras actividades de servicios",Feb - Abr,643.766478
2025,13 Ciudades y áreas metropolitanas,Informal,"Actividades artísticas, entretenimiento, recreación y otras actividades de servicios",Mar - May,653.415948
2025,13 Ciudades y áreas metropolitanas,Informal,"Actividades artísticas, entretenimiento, recreación y otras actividades de servicios",Abr - Jun,621.124097
2025,13 Ciudades y áreas metropolitanas,Informal,"Actividades artísticas, entretenimiento, recreación y otras actividades de servicios",May - Jul,651.084667
2025,13 Ciudades y áreas metropolitanas,Informal,"Actividades artísticas, entretenimiento, recreación y otras actividades de servicios",Jun - Ago,660.16381
2025,13 Ciudades y áreas metropolitanas,Informal,"Actividades artísticas, entretenimiento, recreación y otras actividades de servicios",Jul - Sep,694.652286
2025,13 Ciudades y áreas metropolitanas,Informal,"Actividades artísticas, entretenimiento, recreación y otras actividades de servicios",Ago - Oct,686.290256
2025,13 Ciudades y áreas metropolitanas,Informal,"Actividades artísticas, entretenimiento, recreación y otras actividades de servicios",Sep - Nov,683.45694
2025,13 Ciudades y áreas metropolitanas,Informal,"Actividades artísticas, entretenimiento, recreación y otras actividades de servicios",Oct - Dic,701.88125
2025,13 Ciudades y áreas metropolitanas,Informal,"Actividades artísticas, entretenimiento, recreación y otras actividades de servicios",Nov - Ene,676.039126
2025,13 Ciudades y áreas metropolitanas,Informal,"Actividades artísticas, entretenimiento, recreación y otras actividades de servicios",Dic - Feb,674.256881
2026,13 Ciudades y áreas metropolitanas,Informal,"Actividades artísticas, entretenimiento, recreación y otras actividades de servicios",Ene - Mar,633.229121
2026,13 Ciudades y áreas metropolitanas,Informal,"Actividades artísticas, entretenimiento, recreación y otras actividades de servicios",Feb - Abr,659.875511
2021,23 Ciudades y áreas metropolitanas,Población ocupada,Población ocupada,Ene - Mar,10207.340572
2021,23 Ciudades y áreas metropolitanas,Población ocupada,Población ocupada,Feb - Abr,10314.171929333332
2021,23 Ciudades y áreas metropolitanas,Población ocupada,Población ocupada,Mar - May,10331.821430333332
2021,23 Ciudades y áreas metropolitanas,Población ocupada,Población ocupada,Abr - Jun,10347.146649
2021,23 Ciudades y áreas metropolitanas,Población ocupada,Población ocupada,May - Jul,10449.413783666669
2021,23 Ciudades y áreas metropolitanas,Población ocupada,Población ocupada,Jun - Ago,10574.868798000001
2021,23 Ciudades y áreas metropolitanas,Población ocupada,Población ocupada,Jul - Sep,10655.821353
2021,23 Ciudades y áreas metropolitanas,Población ocupada,Población ocupada,Ago - Oct,10702.589261666666
2021,23 Ciudades y áreas metropolitanas,Población ocupada,Población ocupada,Sep - Nov,10779.31586
2021,23 Ciudades y áreas metropolitanas,Población ocupada,Población ocupada,Oct - Dic,10848.345590333332
2021,23 Ciudades y áreas metropolitanas,Población ocupada,Población ocupada,Nov - Ene,10902.707086
2021,23 Ciudades y áreas metropolitanas,Población ocupada,Población ocupada,Dic - Feb,11011.355844999998
2022,23 Ciudades y áreas metropolitanas,Población ocupada,Población ocupada,Ene - Mar,11162.760618333332
2022,23 Ciudades y áreas metropolitanas,Población ocupada,Población ocupada,Feb - Abr,11378.000644
2022,23 Ciudades y áreas metropolitanas,Población ocupada,Población ocupada,Mar - May,11439.402495666667
2022,23 Ciudades y áreas metropolitanas,Población ocupada,Población ocupada,Abr - Jun,11459.504878
2022,23 Ciudades y áreas metropolitanas,Población ocupada,Población ocupada,May - Jul,11439.922237666668
2022,23 Ciudades y áreas metropolitanas,Población ocupada,Población ocupada,Jun - Ago,11449.306667333332
2022,23 Ciudades y áreas metropolitanas,Población ocupada,Población ocupada,Jul - Sep,11579.020379333335
2022,23 Ciudades y áreas metropolitanas,Población ocupada,Población ocupada,Ago - Oct,11682.576954999999
2022,23 Ciudades y áreas metropolitanas,Población ocupada,Población ocupada,Sep - Nov,11795.358530666666
2022,23 Ciudades y áreas metropolitanas,Población ocupada,Población ocupada,Oct - Dic,11756.368381666667
2022,23 Ciudades y áreas metropolitanas,Población ocupada,Población ocupada,Nov - Ene,11569.591984666666
2022,23 Ciudades y áreas metropolitanas,Población ocupada,Población ocupada,Dic - Feb,11461.349134000002
2023,23 Ciudades y áreas metropolitanas,Población ocupada,Población ocupada,Ene - Mar,11530.651008666668
2023,23 Ciudades y áreas metropolitanas,Población ocupada,Población ocupada,Feb - Abr,11714.832621666668
2023,23 Ciudades y áreas metropolitanas,Población ocupada,Población ocupada,Mar - May,11775.823848333335
2023,23 Ciudades y áreas metropolitanas,Población ocupada,Población ocupada,Abr - Jun,11846.743603333334
2023,23 Ciudades y áreas metropolitanas,Población ocupada,Población ocupada,May - Jul,11983.672198999999
2023,23 Ciudades y áreas metropolitanas,Población ocupada,Población ocupada,Jun - Ago,12111.015122666666
2023,23 Ciudades y áreas metropolitanas,Población ocupada,Población ocupada,Jul - Sep,12107.891424333333
2023,23 Ciudades y áreas metropolitanas,Población ocupada,Población ocupada,Ago - Oct,12135.745354
2023,23 Ciudades y áreas metropolitanas,Población ocupada,Población ocupada,Sep - Nov,12231.298793
2023,23 Ciudades y áreas metropolitanas,Población ocupada,Población ocupada,Oct - Dic,12190.331298333333
2023,23 Ciudades y áreas metropolitanas,Población ocupada,Población ocupada,Nov - Ene,11995.477210666666
2023,23 Ciudades y áreas metropolitanas,Población ocupada,Población ocupada,Dic - Feb,11830.173333666666
2024,23 Ciudades y áreas metropolitanas,Población ocupada,Población ocupada,Ene - Mar,11857.361929
2024,23 Ciudades y áreas metropolitanas,Población ocupada,Población ocupada,Feb - Abr,12002.824188666666
2024,23 Ciudades y áreas metropolitanas,Población ocupada,Población ocupada,Mar - May,12109.160166666667
2024,23 Ciudades y áreas metropolitanas,Población ocupada,Población ocupada,Abr - Jun,12143.724945
2024,23 Ciudades y áreas metropolitanas,Población ocupada,Población ocupada,May - Jul,12187.925706
2024,23 Ciudades y áreas metropolitanas,Población ocupada,Población ocupada,Jun - Ago,12235.695790666667
2024,23 Ciudades y áreas metropolitanas,Población ocupada,Población ocupada,Jul - Sep,12252.889955666667
2024,23 Ciudades y áreas metropolitanas,Población ocupada,Población ocupada,Ago - Oct,12276.383967000002
2024,23 Ciudades y áreas metropolitanas,Población ocupada,Población ocupada,Sep - Nov,12338.194133666666
2024,23 Ciudades y áreas metropolitanas,Población ocupada,Población ocupada,Oct - Dic,12357.403506333334
2024,23 Ciudades y áreas metropolitanas,Población ocupada,Población ocupada,Nov - Ene,12245.800395
2024,23 Ciudades y áreas metropolitanas,Población ocupada,Población ocupada,Dic - Feb,12182.654422
2025,23 Ciudades y áreas metropolitanas,Población ocupada,Población ocupada,Ene - Mar,12248.376113
2025,23 Ciudades y áreas metropolitanas,Población ocupada,Población ocupada,Feb - Abr,12376.421972
2025,23 Ciudades y áreas metropolitanas,Población ocupada,Población ocupada,Mar - May,12413.643334
2025,23 Ciudades y áreas metropolitanas,Población ocupada,Población ocupada,Abr - Jun,12421.268307
2025,23 Ciudades y áreas metropolitanas,Población ocupada,Población ocupada,May - Jul,12519.907935
2025,23 Ciudades y áreas metropolitanas,Población ocupada,Población ocupada,Jun - Ago,12604.566365
2025,23 Ciudades y áreas metropolitanas,Población ocupada,Población ocupada,Jul - Sep,12630.061425
2025,23 Ciudades y áreas metropolitanas,Población ocupada,Población ocupada,Ago - Oct,12699.154455
2025,23 Ciudades y áreas metropolitanas,Población ocupada,Población ocupada,Sep - Nov,12774.461218
2025,23 Ciudades y áreas metropolitanas,Población ocupada,Población ocupada,Oct - Dic,12813.274178
2025,23 Ciudades y áreas metropolitanas,Población ocupada,Población ocupada,Nov - Ene,12564.239348
2025,23 Ciudades y áreas metropolitanas,Población ocupada,Población ocupada,Dic - Feb,12429.285203
2026,23 Ciudades y áreas metropolitanas,Población ocupada,Población ocupada,Ene - Mar,12402.357556
2026,23 Ciudades y áreas metropolitanas,Población ocupada,Población ocupada,Feb - Abr,12582.268196
2021,23 Ciudades y áreas metropolitanas,Población ocupada,No informa,Ene - Mar,41.043386999999996
2021,23 Ciudades y áreas metropolitanas,Población ocupada,No informa,Feb - Abr,30.730439666666665
2021,23 Ciudades y áreas metropolitanas,Población ocupada,No informa,Mar - May,22.529017999999997
2021,23 Ciudades y áreas metropolitanas,Población ocupada,No informa,Abr - Jun,3.8290850000000005
2021,23 Ciudades y áreas metropolitanas,Población ocupada,No informa,May - Jul,3.2485813333333335
2021,23 Ciudades y áreas metropolitanas,Población ocupada,No informa,Jun - Ago,4.010594666666667
2021,23 Ciudades y áreas metropolitanas,Población ocupada,No informa,Jul - Sep,3.9846486666666667
2021,23 Ciudades y áreas metropolitanas,Población ocupada,No informa,Ago - Oct,5.508038
2021,23 Ciudades y áreas metropolitanas,Población ocupada,No informa,Sep - Nov,22.486538333333332
2021,23 Ciudades y áreas metropolitanas,Población ocupada,No informa,Oct - Dic,27.14244933333333
2021,23 Ciudades y áreas metropolitanas,Población ocupada,No informa,Nov - Ene,29.497718333333335
2021,23 Ciudades y áreas metropolitanas,Población ocupada,No informa,Dic - Feb,11.518161999999998
2022,23 Ciudades y áreas metropolitanas,Población ocupada,No informa,Ene - Mar,7.025722333333334
2022,23 Ciudades y áreas metropolitanas,Población ocupada,No informa,Feb - Abr,5.424989
2022,23 Ciudades y áreas metropolitanas,Población ocupada,No informa,Mar - May,7.402676666666667
2022,23 Ciudades y áreas metropolitanas,Población ocupada,No informa,Abr - Jun,8.020677333333333
2022,23 Ciudades y áreas metropolitanas,Población ocupada,No informa,May - Jul,5.789558666666667
2022,23 Ciudades y áreas metropolitanas,Población ocupada,No informa,Jun - Ago,0.9846206666666667
2022,23 Ciudades y áreas metropolitanas,Población ocupada,No informa,Jul - Sep,2.6220063333333337
2022,23 Ciudades y áreas metropolitanas,Población ocupada,No informa,Ago - Oct,4.370446333333334
2022,23 Ciudades y áreas metropolitanas,Población ocupada,No informa,Sep - Nov,13.182078666666667
2022,23 Ciudades y áreas metropolitanas,Población ocupada,No informa,Oct - Dic,11.787939999999999
2022,23 Ciudades y áreas metropolitanas,Población ocupada,No informa,Nov - Ene,10.935667666666667
2022,23 Ciudades y áreas metropolitanas,Población ocupada,No informa,Dic - Feb,1.967693
2023,23 Ciudades y áreas metropolitanas,Población ocupada,No informa,Ene - Mar,2.296798666666666
2023,23 Ciudades y áreas metropolitanas,Población ocupada,No informa,Feb - Abr,1.3538246666666665
2023,23 Ciudades y áreas metropolitanas,Población ocupada,No informa,Mar - May,2.4763906666666666
2023,23 Ciudades y áreas metropolitanas,Población ocupada,No informa,Abr - Jun,1.4310513333333332
2023,23 Ciudades y áreas metropolitanas,Población ocupada,No informa,May - Jul,1.8371089999999999
2023,23 Ciudades y áreas metropolitanas,Población ocupada,No informa,Jun - Ago,1.0162849999999999
2023,23 Ciudades y áreas metropolitanas,Población ocupada,No informa,Jul - Sep,0.8792153333333333
2023,23 Ciudades y áreas metropolitanas,Población ocupada,No informa,Ago - Oct,0.6008026666666667
2023,23 Ciudades y áreas metropolitanas,Población ocupada,No informa,Sep - Nov,0.4081926666666667
2023,23 Ciudades y áreas metropolitanas,Población ocupada,No informa,Oct - Dic,0.45715733333333336
2023,23 Ciudades y áreas metropolitanas,Población ocupada,No informa,Nov - Ene,0.455906
2023,23 Ciudades y áreas metropolitanas,Población ocupada,No informa,Dic - Feb,0.5728449999999999
2024,23 Ciudades y áreas metropolitanas,Población ocupada,No informa,Ene - Mar,0.5099629999999999
2024,23 Ciudades y áreas metropolitanas,Población ocupada,No informa,Feb - Abr,0.6783733333333334
2024,23 Ciudades y áreas metropolitanas,Población ocupada,No informa,Mar - May,0.9395243333333333
2024,23 Ciudades y áreas metropolitanas,Población ocupada,No informa,Abr - Jun,0.782026
2024,23 Ciudades y áreas metropolitanas,Población ocupada,No informa,May - Jul,0.487222
2024,23 Ciudades y áreas metropolitanas,Población ocupada,No informa,Jun - Ago,0.8678629999999999
2024,23 Ciudades y áreas metropolitanas,Población ocupada,No informa,Jul - Sep,0.919274
2024,23 Ciudades y áreas metropolitanas,Población ocupada,No informa,Ago - Oct,0.919274
2024,23 Ciudades y áreas metropolitanas,Población ocupada,No informa,Sep - Nov,0.16101000000000001
2024,23 Ciudades y áreas metropolitanas,Población ocupada,No informa,Oct - Dic,0.17041399999999998
2024,23 Ciudades y áreas metropolitanas,Población ocupada,No informa,Nov - Ene,0.197025
2024,23 Ciudades y áreas metropolitanas,Población ocupada,No informa,Dic - Feb,0.541334
2025,23 Ciudades y áreas metropolitanas,Población ocupada,No informa,Ene - Mar,0.480519
2025,23 Ciudades y áreas metropolitanas,Población ocupada,No informa,Feb - Abr,0.453908
2025,23 Ciudades y áreas metropolitanas,Población ocupada,No informa,Mar - May,0.0
2025,23 Ciudades y áreas metropolitanas,Población ocupada,No informa,Abr - Jun,0.0
2025,23 Ciudades y áreas metropolitanas,Población ocupada,No informa,May - Jul,0.0
2025,23 Ciudades y áreas metropolitanas,Población ocupada,No informa,Jun - Ago,0.069714
2025,23 Ciudades y áreas metropolitanas,Población ocupada,No informa,Jul - Sep,0.069714
2025,23 Ciudades y áreas metropolitanas,Población ocupada,No informa,Ago - Oct,0.069714
2025,23 Ciudades y áreas metropolitanas,Población ocupada,No informa,Sep - Nov,0.0
2025,23 Ciudades y áreas metropolitanas,Población ocupada,No informa,Oct - Dic,0.0
2025,23 Ciudades y áreas metropolitanas,Población ocupada,No informa,Nov - Ene,0.0
2025,23 Ciudades y áreas metropolitanas,Población ocupada,No informa,Dic - Feb,0.0
2026,23 Ciudades y áreas metropolitanas,Población ocupada,No informa,Ene - Mar,0.072949
2026,23 Ciudades y áreas metropolitanas,Población ocupada,No informa,Feb - Abr,0.174989
2021,23 Ciudades y áreas metropolitanas,Población ocupada,Otras ramas*,Ene - Mar,271.99395400000003
2021,23 Ciudades y áreas metropolitanas,Población ocupada,Otras ramas*,Feb - Abr,275.24420233333336
2021,23 Ciudades y áreas metropolitanas,Población ocupada,Otras ramas*,Mar - May,298.48993
2021,23 Ciudades y áreas metropolitanas,Población ocupada,Otras ramas*,Abr - Jun,283.374703
2021,23 Ciudades y áreas metropolitanas,Población ocupada,Otras ramas*,May - Jul,269.3929173333333
2021,23 Ciudades y áreas metropolitanas,Población ocupada,Otras ramas*,Jun - Ago,270.70297966666664
2021,23 Ciudades y áreas metropolitanas,Población ocupada,Otras ramas*,Jul - Sep,281.4227173333333
2021,23 Ciudades y áreas metropolitanas,Población ocupada,Otras ramas*,Ago - Oct,292.389293
2021,23 Ciudades y áreas metropolitanas,Población ocupada,Otras ramas*,Sep - Nov,301.1726606666667
2021,23 Ciudades y áreas metropolitanas,Población ocupada,Otras ramas*,Oct - Dic,311.505015
2021,23 Ciudades y áreas metropolitanas,Población ocupada,Otras ramas*,Nov - Ene,330.28892866666666
2021,23 Ciudades y áreas metropolitanas,Población ocupada,Otras ramas*,Dic - Feb,327.15649666666667
2022,23 Ciudades y áreas metropolitanas,Población ocupada,Otras ramas*,Ene - Mar,324.0523173333333
2022,23 Ciudades y áreas metropolitanas,Población ocupada,Otras ramas*,Feb - Abr,321.8893596666667
2022,23 Ciudades y áreas metropolitanas,Población ocupada,Otras ramas*,Mar - May,319.96524466666665
2022,23 Ciudades y áreas metropolitanas,Población ocupada,Otras ramas*,Abr - Jun,317.4247296666667
2022,23 Ciudades y áreas metropolitanas,Población ocupada,Otras ramas*,May - Jul,320.80375466666663
2022,23 Ciudades y áreas metropolitanas,Población ocupada,Otras ramas*,Jun - Ago,328.7211546666667
2022,23 Ciudades y áreas metropolitanas,Población ocupada,Otras ramas*,Jul - Sep,336.02276133333334
2022,23 Ciudades y áreas metropolitanas,Población ocupada,Otras ramas*,Ago - Oct,334.38115999999997
2022,23 Ciudades y áreas metropolitanas,Población ocupada,Otras ramas*,Sep - Nov,336.8246676666667
2022,23 Ciudades y áreas metropolitanas,Población ocupada,Otras ramas*,Oct - Dic,346.7359523333333
2022,23 Ciudades y áreas metropolitanas,Población ocupada,Otras ramas*,Nov - Ene,347.241182
2022,23 Ciudades y áreas metropolitanas,Población ocupada,Otras ramas*,Dic - Feb,342.5880026666667
2023,23 Ciudades y áreas metropolitanas,Población ocupada,Otras ramas*,Ene - Mar,318.1039866666667
2023,23 Ciudades y áreas metropolitanas,Población ocupada,Otras ramas*,Feb - Abr,310.56076233333334
2023,23 Ciudades y áreas metropolitanas,Población ocupada,Otras ramas*,Mar - May,306.93202033333336
2023,23 Ciudades y áreas metropolitanas,Población ocupada,Otras ramas*,Abr - Jun,332.0065293333333
2023,23 Ciudades y áreas metropolitanas,Población ocupada,Otras ramas*,May - Jul,360.95018066666665
2023,23 Ciudades y áreas metropolitanas,Población ocupada,Otras ramas*,Jun - Ago,370.8114616666667
2023,23 Ciudades y áreas metropolitanas,Población ocupada,Otras ramas*,Jul - Sep,348.4704326666667
2023,23 Ciudades y áreas metropolitanas,Población ocupada,Otras ramas*,Ago - Oct,319.41988999999995
2023,23 Ciudades y áreas metropolitanas,Población ocupada,Otras ramas*,Sep - Nov,314.34487433333334
2023,23 Ciudades y áreas metropolitanas,Población ocupada,Otras ramas*,Oct - Dic,333.677221
2023,23 Ciudades y áreas metropolitanas,Población ocupada,Otras ramas*,Nov - Ene,346.152014
2023,23 Ciudades y áreas metropolitanas,Población ocupada,Otras ramas*,Dic - Feb,340.87801633333333
2024,23 Ciudades y áreas metropolitanas,Población ocupada,Otras ramas*,Ene - Mar,327.710959
2024,23 Ciudades y áreas metropolitanas,Población ocupada,Otras ramas*,Feb - Abr,305.69145333333336
2024,23 Ciudades y áreas metropolitanas,Población ocupada,Otras ramas*,Mar - May,313.560859
2024,23 Ciudades y áreas metropolitanas,Población ocupada,Otras ramas*,Abr - Jun,306.49982
2024,23 Ciudades y áreas metropolitanas,Población ocupada,Otras ramas*,May - Jul,313.2032663333334
2024,23 Ciudades y áreas metropolitanas,Población ocupada,Otras ramas*,Jun - Ago,321.57710533333335
2024,23 Ciudades y áreas metropolitanas,Población ocupada,Otras ramas*,Jul - Sep,334.557229
2024,23 Ciudades y áreas metropolitanas,Población ocupada,Otras ramas*,Ago - Oct,348.859459
2024,23 Ciudades y áreas metropolitanas,Población ocupada,Otras ramas*,Sep - Nov,341.78842499999996
2024,23 Ciudades y áreas metropolitanas,Población ocupada,Otras ramas*,Oct - Dic,342.59406800000005
2024,23 Ciudades y áreas metropolitanas,Población ocupada,Otras ramas*,Nov - Ene,330.21585
2024,23 Ciudades y áreas metropolitanas,Población ocupada,Otras ramas*,Dic - Feb,334.729257
2025,23 Ciudades y áreas metropolitanas,Población ocupada,Otras ramas*,Ene - Mar,346.558931
2025,23 Ciudades y áreas metropolitanas,Población ocupada,Otras ramas*,Feb - Abr,334.594258
2025,23 Ciudades y áreas metropolitanas,Población ocupada,Otras ramas*,Mar - May,311.752441
2025,23 Ciudades y áreas metropolitanas,Población ocupada,Otras ramas*,Abr - Jun,312.945994
2025,23 Ciudades y áreas metropolitanas,Población ocupada,Otras ramas*,May - Jul,340.658504
2025,23 Ciudades y áreas metropolitanas,Población ocupada,Otras ramas*,Jun - Ago,375.639887
2025,23 Ciudades y áreas metropolitanas,Población ocupada,Otras ramas*,Jul - Sep,363.205934
2025,23 Ciudades y áreas metropolitanas,Población ocupada,Otras ramas*,Ago - Oct,364.378656
2025,23 Ciudades y áreas metropolitanas,Población ocupada,Otras ramas*,Sep - Nov,351.842594
2025,23 Ciudades y áreas metropolitanas,Población ocupada,Otras ramas*,Oct - Dic,330.481256
2025,23 Ciudades y áreas metropolitanas,Población ocupada,Otras ramas*,Nov - Ene,320.655254
2025,23 Ciudades y áreas metropolitanas,Población ocupada,Otras ramas*,Dic - Feb,316.006498
2026,23 Ciudades y áreas metropolitanas,Población ocupada,Otras ramas*,Ene - Mar,344.343219
2026,23 Ciudades y áreas metropolitanas,Población ocupada,Otras ramas*,Feb - Abr,353.189197
2021,23 Ciudades y áreas metropolitanas,Población ocupada,Industrias manufactureras,Ene - Mar,1167.0505533333333
2021,23 Ciudades y áreas metropolitanas,Población ocupada,Industrias manufactureras,Feb - Abr,1131.832269
2021,23 Ciudades y áreas metropolitanas,Población ocupada,Industrias manufactureras,Mar - May,1145.683876
2021,23 Ciudades y áreas metropolitanas,Población ocupada,Industrias manufactureras,Abr - Jun,1202.5838110000002
2021,23 Ciudades y áreas metropolitanas,Población ocupada,Industrias manufactureras,May - Jul,1258.5443043333332
2021,23 Ciudades y áreas metropolitanas,Población ocupada,Industrias manufactureras,Jun - Ago,1268.0166523333335
2021,23 Ciudades y áreas metropolitanas,Población ocupada,Industrias manufactureras,Jul - Sep,1271.3867503333333
2021,23 Ciudades y áreas metropolitanas,Población ocupada,Industrias manufactureras,Ago - Oct,1276.1701986666665
2021,23 Ciudades y áreas metropolitanas,Población ocupada,Industrias manufactureras,Sep - Nov,1260.0710043333333
2021,23 Ciudades y áreas metropolitanas,Población ocupada,Industrias manufactureras,Oct - Dic,1263.3307123333334
2021,23 Ciudades y áreas metropolitanas,Población ocupada,Industrias manufactureras,Nov - Ene,1270.5792663333332
2021,23 Ciudades y áreas metropolitanas,Población ocupada,Industrias manufactureras,Dic - Feb,1297.7489429999998
2022,23 Ciudades y áreas metropolitanas,Población ocupada,Industrias manufactureras,Ene - Mar,1353.002382
2022,23 Ciudades y áreas metropolitanas,Población ocupada,Industrias manufactureras,Feb - Abr,1393.8603293333333
2022,23 Ciudades y áreas metropolitanas,Población ocupada,Industrias manufactureras,Mar - May,1395.1934716666667
2022,23 Ciudades y áreas metropolitanas,Población ocupada,Industrias manufactureras,Abr - Jun,1380.1515783333334
2022,23 Ciudades y áreas metropolitanas,Población ocupada,Industrias manufactureras,May - Jul,1398.7728656666666
2022,23 Ciudades y áreas metropolitanas,Población ocupada,Industrias manufactureras,Jun - Ago,1418.1457336666665
2022,23 Ciudades y áreas metropolitanas,Población ocupada,Industrias manufactureras,Jul - Sep,1455.4295213333335
2022,23 Ciudades y áreas metropolitanas,Población ocupada,Industrias manufactureras,Ago - Oct,1453.6459183333334
2022,23 Ciudades y áreas metropolitanas,Población ocupada,Industrias manufactureras,Sep - Nov,1517.4575446666665
2022,23 Ciudades y áreas metropolitanas,Población ocupada,Industrias manufactureras,Oct - Dic,1499.7786483333332
2022,23 Ciudades y áreas metropolitanas,Población ocupada,Industrias manufactureras,Nov - Ene,1481.8093426666665
2022,23 Ciudades y áreas metropolitanas,Población ocupada,Industrias manufactureras,Dic - Feb,1394.342427333333
2023,23 Ciudades y áreas metropolitanas,Población ocupada,Industrias manufactureras,Ene - Mar,1359.3386796666666
2023,23 Ciudades y áreas metropolitanas,Población ocupada,Industrias manufactureras,Feb - Abr,1409.8555663333334
2023,23 Ciudades y áreas metropolitanas,Población ocupada,Industrias manufactureras,Mar - May,1454.7724226666667
2023,23 Ciudades y áreas metropolitanas,Población ocupada,Industrias manufactureras,Abr - Jun,1472.5650916666666
2023,23 Ciudades y áreas metropolitanas,Población ocupada,Industrias manufactureras,May - Jul,1438.0774686666666
2023,23 Ciudades y áreas metropolitanas,Población ocupada,Industrias manufactureras,Jun - Ago,1458.8845456666666
2023,23 Ciudades y áreas metropolitanas,Población ocupada,Industrias manufactureras,Jul - Sep,1470.0083426666667
2023,23 Ciudades y áreas metropolitanas,Población ocupada,Industrias manufactureras,Ago - Oct,1478.8283963333333
2023,23 Ciudades y áreas metropolitanas,Población ocupada,Industrias manufactureras,Sep - Nov,1467.4915776666667
2023,23 Ciudades y áreas metropolitanas,Población ocupada,Industrias manufactureras,Oct - Dic,1459.4355476666667
2023,23 Ciudades y áreas metropolitanas,Población ocupada,Industrias manufactureras,Nov - Ene,1476.1434090000002
2023,23 Ciudades y áreas metropolitanas,Población ocupada,Industrias manufactureras,Dic - Feb,1474.153911666667
2024,23 Ciudades y áreas metropolitanas,Población ocupada,Industrias manufactureras,Ene - Mar,1471.8496186666664
2024,23 Ciudades y áreas metropolitanas,Población ocupada,Industrias manufactureras,Feb - Abr,1452.2167446666665
2024,23 Ciudades y áreas metropolitanas,Población ocupada,Industrias manufactureras,Mar - May,1483.6707723333336
2024,23 Ciudades y áreas metropolitanas,Población ocupada,Industrias manufactureras,Abr - Jun,1493.436633666667
2024,23 Ciudades y áreas metropolitanas,Población ocupada,Industrias manufactureras,May - Jul,1503.3816829999998
2024,23 Ciudades y áreas metropolitanas,Población ocupada,Industrias manufactureras,Jun - Ago,1481.2390713333334
2024,23 Ciudades y áreas metropolitanas,Población ocupada,Industrias manufactureras,Jul - Sep,1473.2652976666668
2024,23 Ciudades y áreas metropolitanas,Población ocupada,Industrias manufactureras,Ago - Oct,1501.9590006666667
2024,23 Ciudades y áreas metropolitanas,Población ocupada,Industrias manufactureras,Sep - Nov,1540.2139020000002
2024,23 Ciudades y áreas metropolitanas,Población ocupada,Industrias manufactureras,Oct - Dic,1544.1233963333334
2024,23 Ciudades y áreas metropolitanas,Población ocupada,Industrias manufactureras,Nov - Ene,1502.538257
2024,23 Ciudades y áreas metropolitanas,Población ocupada,Industrias manufactureras,Dic - Feb,1491.703446
2025,23 Ciudades y áreas metropolitanas,Población ocupada,Industrias manufactureras,Ene - Mar,1533.1374
2025,23 Ciudades y áreas metropolitanas,Población ocupada,Industrias manufactureras,Feb - Abr,1600.47953
2025,23 Ciudades y áreas metropolitanas,Población ocupada,Industrias manufactureras,Mar - May,1583.496624
2025,23 Ciudades y áreas metropolitanas,Población ocupada,Industrias manufactureras,Abr - Jun,1640.458499
2025,23 Ciudades y áreas metropolitanas,Población ocupada,Industrias manufactureras,May - Jul,1636.912666
2025,23 Ciudades y áreas metropolitanas,Población ocupada,Industrias manufactureras,Jun - Ago,1672.711963
2025,23 Ciudades y áreas metropolitanas,Población ocupada,Industrias manufactureras,Jul - Sep,1620.08687
2025,23 Ciudades y áreas metropolitanas,Población ocupada,Industrias manufactureras,Ago - Oct,1658.066351
2025,23 Ciudades y áreas metropolitanas,Población ocupada,Industrias manufactureras,Sep - Nov,1636.140145
2025,23 Ciudades y áreas metropolitanas,Población ocupada,Industrias manufactureras,Oct - Dic,1689.130898
2025,23 Ciudades y áreas metropolitanas,Población ocupada,Industrias manufactureras,Nov - Ene,1610.620958
2025,23 Ciudades y áreas metropolitanas,Población ocupada,Industrias manufactureras,Dic - Feb,1587.959614
2026,23 Ciudades y áreas metropolitanas,Población ocupada,Industrias manufactureras,Ene - Mar,1469.926408
2026,23 Ciudades y áreas metropolitanas,Población ocupada,Industrias manufactureras,Feb - Abr,1516.516391
2021,23 Ciudades y áreas metropolitanas,Población ocupada,Construcción,Ene - Mar,756.5541313333333
2021,23 Ciudades y áreas metropolitanas,Población ocupada,Construcción,Feb - Abr,781.7365739999999
2021,23 Ciudades y áreas metropolitanas,Población ocupada,Construcción,Mar - May,800.6272560000001
2021,23 Ciudades y áreas metropolitanas,Población ocupada,Construcción,Abr - Jun,746.7864776666665
2021,23 Ciudades y áreas metropolitanas,Población ocupada,Construcción,May - Jul,729.4343143333332
2021,23 Ciudades y áreas metropolitanas,Población ocupada,Construcción,Jun - Ago,762.60313
2021,23 Ciudades y áreas metropolitanas,Población ocupada,Construcción,Jul - Sep,769.5282740000001
2021,23 Ciudades y áreas metropolitanas,Población ocupada,Construcción,Ago - Oct,766.6634770000001
2021,23 Ciudades y áreas metropolitanas,Población ocupada,Construcción,Sep - Nov,787.7240886666667
2021,23 Ciudades y áreas metropolitanas,Población ocupada,Construcción,Oct - Dic,767.472032
2021,23 Ciudades y áreas metropolitanas,Población ocupada,Construcción,Nov - Ene,781.6916113333333
2021,23 Ciudades y áreas metropolitanas,Población ocupada,Construcción,Dic - Feb,761.4801196666667
2022,23 Ciudades y áreas metropolitanas,Población ocupada,Construcción,Ene - Mar,793.328861
2022,23 Ciudades y áreas metropolitanas,Población ocupada,Construcción,Feb - Abr,800.8303613333334
2022,23 Ciudades y áreas metropolitanas,Población ocupada,Construcción,Mar - May,822.7586203333334
2022,23 Ciudades y áreas metropolitanas,Población ocupada,Construcción,Abr - Jun,810.0940623333332
2022,23 Ciudades y áreas metropolitanas,Población ocupada,Construcción,May - Jul,774.5599286666667
2022,23 Ciudades y áreas metropolitanas,Población ocupada,Construcción,Jun - Ago,767.6840253333334
2022,23 Ciudades y áreas metropolitanas,Población ocupada,Construcción,Jul - Sep,769.953627
2022,23 Ciudades y áreas metropolitanas,Población ocupada,Construcción,Ago - Oct,796.1077166666668
2022,23 Ciudades y áreas metropolitanas,Población ocupada,Construcción,Sep - Nov,760.3213053333334
2022,23 Ciudades y áreas metropolitanas,Población ocupada,Construcción,Oct - Dic,769.9731333333334
2022,23 Ciudades y áreas metropolitanas,Población ocupada,Construcción,Nov - Ene,742.7175016666666
2022,23 Ciudades y áreas metropolitanas,Población ocupada,Construcción,Dic - Feb,777.8004603333334
2023,23 Ciudades y áreas metropolitanas,Población ocupada,Construcción,Ene - Mar,778.4048750000001
2023,23 Ciudades y áreas metropolitanas,Población ocupada,Construcción,Feb - Abr,810.8009940000001
2023,23 Ciudades y áreas metropolitanas,Población ocupada,Construcción,Mar - May,762.906721
2023,23 Ciudades y áreas metropolitanas,Población ocupada,Construcción,Abr - Jun,759.5092410000001
2023,23 Ciudades y áreas metropolitanas,Población ocupada,Construcción,May - Jul,772.5158413333334
2023,23 Ciudades y áreas metropolitanas,Población ocupada,Construcción,Jun - Ago,807.2847419999999
2023,23 Ciudades y áreas metropolitanas,Población ocupada,Construcción,Jul - Sep,809.2509709999999
2023,23 Ciudades y áreas metropolitanas,Población ocupada,Construcción,Ago - Oct,794.8841323333332
2023,23 Ciudades y áreas metropolitanas,Población ocupada,Construcción,Sep - Nov,812.287382
2023,23 Ciudades y áreas metropolitanas,Población ocupada,Construcción,Oct - Dic,810.2089129999999
2023,23 Ciudades y áreas metropolitanas,Población ocupada,Construcción,Nov - Ene,782.4579239999999
2023,23 Ciudades y áreas metropolitanas,Población ocupada,Construcción,Dic - Feb,771.8746216666667
2024,23 Ciudades y áreas metropolitanas,Población ocupada,Construcción,Ene - Mar,752.914136
2024,23 Ciudades y áreas metropolitanas,Población ocupada,Construcción,Feb - Abr,810.0113386666667
2024,23 Ciudades y áreas metropolitanas,Población ocupada,Construcción,Mar - May,824.9863286666667
2024,23 Ciudades y áreas metropolitanas,Población ocupada,Construcción,Abr - Jun,838.71209
2024,23 Ciudades y áreas metropolitanas,Población ocupada,Construcción,May - Jul,810.1721483333334
2024,23 Ciudades y áreas metropolitanas,Población ocupada,Construcción,Jun - Ago,777.8901333333333
2024,23 Ciudades y áreas metropolitanas,Población ocupada,Construcción,Jul - Sep,780.5739566666667
2024,23 Ciudades y áreas metropolitanas,Población ocupada,Construcción,Ago - Oct,788.1794193333334
2024,23 Ciudades y áreas metropolitanas,Población ocupada,Construcción,Sep - Nov,804.336441
2024,23 Ciudades y áreas metropolitanas,Población ocupada,Construcción,Oct - Dic,803.478491
2024,23 Ciudades y áreas metropolitanas,Población ocupada,Construcción,Nov - Ene,807.224694
2024,23 Ciudades y áreas metropolitanas,Población ocupada,Construcción,Dic - Feb,852.060521
2025,23 Ciudades y áreas metropolitanas,Población ocupada,Construcción,Ene - Mar,872.952807
2025,23 Ciudades y áreas metropolitanas,Población ocupada,Construcción,Feb - Abr,872.504607
2025,23 Ciudades y áreas metropolitanas,Población ocupada,Construcción,Mar - May,829.982009
2025,23 Ciudades y áreas metropolitanas,Población ocupada,Construcción,Abr - Jun,802.762161
2025,23 Ciudades y áreas metropolitanas,Población ocupada,Construcción,May - Jul,818.645365
2025,23 Ciudades y áreas metropolitanas,Población ocupada,Construcción,Jun - Ago,847.248169
2025,23 Ciudades y áreas metropolitanas,Población ocupada,Construcción,Jul - Sep,862.52892
2025,23 Ciudades y áreas metropolitanas,Población ocupada,Construcción,Ago - Oct,832.45012
2025,23 Ciudades y áreas metropolitanas,Población ocupada,Construcción,Sep - Nov,836.058787
2025,23 Ciudades y áreas metropolitanas,Población ocupada,Construcción,Oct - Dic,825.342167
2025,23 Ciudades y áreas metropolitanas,Población ocupada,Construcción,Nov - Ene,827.039937
2025,23 Ciudades y áreas metropolitanas,Población ocupada,Construcción,Dic - Feb,809.325712
2026,23 Ciudades y áreas metropolitanas,Población ocupada,Construcción,Ene - Mar,833.290087
2026,23 Ciudades y áreas metropolitanas,Población ocupada,Construcción,Feb - Abr,849.09032
2021,23 Ciudades y áreas metropolitanas,Población ocupada,Comercio y reparación de vehículos,Ene - Mar,2121.5063116666665
2021,23 Ciudades y áreas metropolitanas,Población ocupada,Comercio y reparación de vehículos,Feb - Abr,2204.5812276666666
2021,23 Ciudades y áreas metropolitanas,Población ocupada,Comercio y reparación de vehículos,Mar - May,2202.9482976666663
2021,23 Ciudades y áreas metropolitanas,Población ocupada,Comercio y reparación de vehículos,Abr - Jun,2253.6684499999997
2021,23 Ciudades y áreas metropolitanas,Población ocupada,Comercio y reparación de vehículos,May - Jul,2276.2405526666666
2021,23 Ciudades y áreas metropolitanas,Población ocupada,Comercio y reparación de vehículos,Jun - Ago,2287.5203463333332
2021,23 Ciudades y áreas metropolitanas,Población ocupada,Comercio y reparación de vehículos,Jul - Sep,2258.3677676666666
2021,23 Ciudades y áreas metropolitanas,Población ocupada,Comercio y reparación de vehículos,Ago - Oct,2214.7695273333334
2021,23 Ciudades y áreas metropolitanas,Población ocupada,Comercio y reparación de vehículos,Sep - Nov,2245.110681333333
2021,23 Ciudades y áreas metropolitanas,Población ocupada,Comercio y reparación de vehículos,Oct - Dic,2274.1268186666666
2021,23 Ciudades y áreas metropolitanas,Población ocupada,Comercio y reparación de vehículos,Nov - Ene,2299.7640203333335
2021,23 Ciudades y áreas metropolitanas,Población ocupada,Comercio y reparación de vehículos,Dic - Feb,2334.557547666667
2022,23 Ciudades y áreas metropolitanas,Población ocupada,Comercio y reparación de vehículos,Ene - Mar,2334.137202666667
2022,23 Ciudades y áreas metropolitanas,Población ocupada,Comercio y reparación de vehículos,Feb - Abr,2381.1902576666666
2022,23 Ciudades y áreas metropolitanas,Población ocupada,Comercio y reparación de vehículos,Mar - May,2315.632885666667
2022,23 Ciudades y áreas metropolitanas,Población ocupada,Comercio y reparación de vehículos,Abr - Jun,2308.7223106666665
2022,23 Ciudades y áreas metropolitanas,Población ocupada,Comercio y reparación de vehículos,May - Jul,2282.750636
2022,23 Ciudades y áreas metropolitanas,Población ocupada,Comercio y reparación de vehículos,Jun - Ago,2336.1276753333336
2022,23 Ciudades y áreas metropolitanas,Población ocupada,Comercio y reparación de vehículos,Jul - Sep,2398.113477333334
2022,23 Ciudades y áreas metropolitanas,Población ocupada,Comercio y reparación de vehículos,Ago - Oct,2414.8983523333336
2022,23 Ciudades y áreas metropolitanas,Población ocupada,Comercio y reparación de vehículos,Sep - Nov,2438.962110666667
2022,23 Ciudades y áreas metropolitanas,Población ocupada,Comercio y reparación de vehículos,Oct - Dic,2371.920991333333
2022,23 Ciudades y áreas metropolitanas,Población ocupada,Comercio y reparación de vehículos,Nov - Ene,2336.485309
2022,23 Ciudades y áreas metropolitanas,Población ocupada,Comercio y reparación de vehículos,Dic - Feb,2341.6636956666666
2023,23 Ciudades y áreas metropolitanas,Población ocupada,Comercio y reparación de vehículos,Ene - Mar,2408.3506646666665
2023,23 Ciudades y áreas metropolitanas,Población ocupada,Comercio y reparación de vehículos,Feb - Abr,2437.136663333333
2023,23 Ciudades y áreas metropolitanas,Población ocupada,Comercio y reparación de vehículos,Mar - May,2412.780710333333
2023,23 Ciudades y áreas metropolitanas,Población ocupada,Comercio y reparación de vehículos,Abr - Jun,2412.629244
2023,23 Ciudades y áreas metropolitanas,Población ocupada,Comercio y reparación de vehículos,May - Jul,2463.346224333334
2023,23 Ciudades y áreas metropolitanas,Población ocupada,Comercio y reparación de vehículos,Jun - Ago,2458.216297666667
2023,23 Ciudades y áreas metropolitanas,Población ocupada,Comercio y reparación de vehículos,Jul - Sep,2437.5408899999998
2023,23 Ciudades y áreas metropolitanas,Población ocupada,Comercio y reparación de vehículos,Ago - Oct,2388.4100626666664
2023,23 Ciudades y áreas metropolitanas,Población ocupada,Comercio y reparación de vehículos,Sep - Nov,2449.709702
2023,23 Ciudades y áreas metropolitanas,Población ocupada,Comercio y reparación de vehículos,Oct - Dic,2462.770169666667
2023,23 Ciudades y áreas metropolitanas,Población ocupada,Comercio y reparación de vehículos,Nov - Ene,2446.131115333333
2023,23 Ciudades y áreas metropolitanas,Población ocupada,Comercio y reparación de vehículos,Dic - Feb,2361.84676
2024,23 Ciudades y áreas metropolitanas,Población ocupada,Comercio y reparación de vehículos,Ene - Mar,2370.8982683333334
2024,23 Ciudades y áreas metropolitanas,Población ocupada,Comercio y reparación de vehículos,Feb - Abr,2393.882743333333
2024,23 Ciudades y áreas metropolitanas,Población ocupada,Comercio y reparación de vehículos,Mar - May,2442.2209176666665
2024,23 Ciudades y áreas metropolitanas,Población ocupada,Comercio y reparación de vehículos,Abr - Jun,2425.2933909999997
2024,23 Ciudades y áreas metropolitanas,Población ocupada,Comercio y reparación de vehículos,May - Jul,2431.922630333333
2024,23 Ciudades y áreas metropolitanas,Población ocupada,Comercio y reparación de vehículos,Jun - Ago,2459.609112333333
2024,23 Ciudades y áreas metropolitanas,Población ocupada,Comercio y reparación de vehículos,Jul - Sep,2450.9487833333333
2024,23 Ciudades y áreas metropolitanas,Población ocupada,Comercio y reparación de vehículos,Ago - Oct,2485.9075296666665
2024,23 Ciudades y áreas metropolitanas,Población ocupada,Comercio y reparación de vehículos,Sep - Nov,2456.699738
2024,23 Ciudades y áreas metropolitanas,Población ocupada,Comercio y reparación de vehículos,Oct - Dic,2518.0958066666667
2024,23 Ciudades y áreas metropolitanas,Población ocupada,Comercio y reparación de vehículos,Nov - Ene,2491.012507
2024,23 Ciudades y áreas metropolitanas,Población ocupada,Comercio y reparación de vehículos,Dic - Feb,2461.411225
2025,23 Ciudades y áreas metropolitanas,Población ocupada,Comercio y reparación de vehículos,Ene - Mar,2416.096924
2025,23 Ciudades y áreas metropolitanas,Población ocupada,Comercio y reparación de vehículos,Feb - Abr,2394.495685
2025,23 Ciudades y áreas metropolitanas,Población ocupada,Comercio y reparación de vehículos,Mar - May,2461.605628
2025,23 Ciudades y áreas metropolitanas,Población ocupada,Comercio y reparación de vehículos,Abr - Jun,2491.30056
2025,23 Ciudades y áreas metropolitanas,Población ocupada,Comercio y reparación de vehículos,May - Jul,2511.546236
2025,23 Ciudades y áreas metropolitanas,Población ocupada,Comercio y reparación de vehículos,Jun - Ago,2444.28706
2025,23 Ciudades y áreas metropolitanas,Población ocupada,Comercio y reparación de vehículos,Jul - Sep,2388.424293
2025,23 Ciudades y áreas metropolitanas,Población ocupada,Comercio y reparación de vehículos,Ago - Oct,2395.169122
2025,23 Ciudades y áreas metropolitanas,Población ocupada,Comercio y reparación de vehículos,Sep - Nov,2459.821952
2025,23 Ciudades y áreas metropolitanas,Población ocupada,Comercio y reparación de vehículos,Oct - Dic,2531.068584
2025,23 Ciudades y áreas metropolitanas,Población ocupada,Comercio y reparación de vehículos,Nov - Ene,2495.783402
2025,23 Ciudades y áreas metropolitanas,Población ocupada,Comercio y reparación de vehículos,Dic - Feb,2436.090354
2026,23 Ciudades y áreas metropolitanas,Población ocupada,Comercio y reparación de vehículos,Ene - Mar,2399.783893
2026,23 Ciudades y áreas metropolitanas,Población ocupada,Comercio y reparación de vehículos,Feb - Abr,2422.332419
2021,23 Ciudades y áreas metropolitanas,Población ocupada,Alojamiento y servicios de comida,Ene - Mar,677.4423333333334
2021,23 Ciudades y áreas metropolitanas,Población ocupada,Alojamiento y servicios de comida,Feb - Abr,703.6928996666667
2021,23 Ciudades y áreas metropolitanas,Población ocupada,Alojamiento y servicios de comida,Mar - May,684.7807313333333
2021,23 Ciudades y áreas metropolitanas,Población ocupada,Alojamiento y servicios de comida,Abr - Jun,693.0487403333333
2021,23 Ciudades y áreas metropolitanas,Población ocupada,Alojamiento y servicios de comida,May - Jul,711.3789863333333
2021,23 Ciudades y áreas metropolitanas,Población ocupada,Alojamiento y servicios de comida,Jun - Ago,725.0724313333334
2021,23 Ciudades y áreas metropolitanas,Población ocupada,Alojamiento y servicios de comida,Jul - Sep,718.3061429999999
2021,23 Ciudades y áreas metropolitanas,Población ocupada,Alojamiento y servicios de comida,Ago - Oct,704.8181023333333
2021,23 Ciudades y áreas metropolitanas,Población ocupada,Alojamiento y servicios de comida,Sep - Nov,690.5844953333334
2021,23 Ciudades y áreas metropolitanas,Población ocupada,Alojamiento y servicios de comida,Oct - Dic,685.6152896666666
2021,23 Ciudades y áreas metropolitanas,Población ocupada,Alojamiento y servicios de comida,Nov - Ene,671.9690406666667
2021,23 Ciudades y áreas metropolitanas,Población ocupada,Alojamiento y servicios de comida,Dic - Feb,696.9539599999999
2022,23 Ciudades y áreas metropolitanas,Población ocupada,Alojamiento y servicios de comida,Ene - Mar,731.7638343333334
2022,23 Ciudades y áreas metropolitanas,Población ocupada,Alojamiento y servicios de comida,Feb - Abr,754.9034223333333
2022,23 Ciudades y áreas metropolitanas,Población ocupada,Alojamiento y servicios de comida,Mar - May,763.1738803333334
2022,23 Ciudades y áreas metropolitanas,Población ocupada,Alojamiento y servicios de comida,Abr - Jun,760.8996226666667
2022,23 Ciudades y áreas metropolitanas,Población ocupada,Alojamiento y servicios de comida,May - Jul,769.0681073333334
2022,23 Ciudades y áreas metropolitanas,Población ocupada,Alojamiento y servicios de comida,Jun - Ago,763.3545763333333
2022,23 Ciudades y áreas metropolitanas,Población ocupada,Alojamiento y servicios de comida,Jul - Sep,764.7737946666666
2022,23 Ciudades y áreas metropolitanas,Población ocupada,Alojamiento y servicios de comida,Ago - Oct,772.1365556666666
2022,23 Ciudades y áreas metropolitanas,Población ocupada,Alojamiento y servicios de comida,Sep - Nov,748.8731993333334
2022,23 Ciudades y áreas metropolitanas,Población ocupada,Alojamiento y servicios de comida,Oct - Dic,749.1440849999999
2022,23 Ciudades y áreas metropolitanas,Población ocupada,Alojamiento y servicios de comida,Nov - Ene,752.3713103333333
2022,23 Ciudades y áreas metropolitanas,Población ocupada,Alojamiento y servicios de comida,Dic - Feb,794.3298906666665
2023,23 Ciudades y áreas metropolitanas,Población ocupada,Alojamiento y servicios de comida,Ene - Mar,830.6856963333333
2023,23 Ciudades y áreas metropolitanas,Población ocupada,Alojamiento y servicios de comida,Feb - Abr,846.7951883333335
2023,23 Ciudades y áreas metropolitanas,Población ocupada,Alojamiento y servicios de comida,Mar - May,834.7236833333335
2023,23 Ciudades y áreas metropolitanas,Población ocupada,Alojamiento y servicios de comida,Abr - Jun,810.1453746666666
2023,23 Ciudades y áreas metropolitanas,Población ocupada,Alojamiento y servicios de comida,May - Jul,800.9281056666667
2023,23 Ciudades y áreas metropolitanas,Población ocupada,Alojamiento y servicios de comida,Jun - Ago,825.0760886666667
2023,23 Ciudades y áreas metropolitanas,Población ocupada,Alojamiento y servicios de comida,Jul - Sep,849.715098
2023,23 Ciudades y áreas metropolitanas,Población ocupada,Alojamiento y servicios de comida,Ago - Oct,897.5802323333334
2023,23 Ciudades y áreas metropolitanas,Población ocupada,Alojamiento y servicios de comida,Sep - Nov,895.0169083333334
2023,23 Ciudades y áreas metropolitanas,Población ocupada,Alojamiento y servicios de comida,Oct - Dic,872.0801846666667
2023,23 Ciudades y áreas metropolitanas,Población ocupada,Alojamiento y servicios de comida,Nov - Ene,809.764534
2023,23 Ciudades y áreas metropolitanas,Población ocupada,Alojamiento y servicios de comida,Dic - Feb,803.649912
2024,23 Ciudades y áreas metropolitanas,Población ocupada,Alojamiento y servicios de comida,Ene - Mar,804.6939013333334
2024,23 Ciudades y áreas metropolitanas,Población ocupada,Alojamiento y servicios de comida,Feb - Abr,839.957027
2024,23 Ciudades y áreas metropolitanas,Población ocupada,Alojamiento y servicios de comida,Mar - May,874.755901
2024,23 Ciudades y áreas metropolitanas,Población ocupada,Alojamiento y servicios de comida,Abr - Jun,912.036388
2024,23 Ciudades y áreas metropolitanas,Población ocupada,Alojamiento y servicios de comida,May - Jul,917.5065579999999
2024,23 Ciudades y áreas metropolitanas,Población ocupada,Alojamiento y servicios de comida,Jun - Ago,917.4875646666666
2024,23 Ciudades y áreas metropolitanas,Población ocupada,Alojamiento y servicios de comida,Jul - Sep,918.1649146666667
2024,23 Ciudades y áreas metropolitanas,Población ocupada,Alojamiento y servicios de comida,Ago - Oct,919.8949573333333
2024,23 Ciudades y áreas metropolitanas,Población ocupada,Alojamiento y servicios de comida,Sep - Nov,907.1511406666667
2024,23 Ciudades y áreas metropolitanas,Población ocupada,Alojamiento y servicios de comida,Oct - Dic,906.675924
2024,23 Ciudades y áreas metropolitanas,Población ocupada,Alojamiento y servicios de comida,Nov - Ene,910.573733
2024,23 Ciudades y áreas metropolitanas,Población ocupada,Alojamiento y servicios de comida,Dic - Feb,921.475571
2025,23 Ciudades y áreas metropolitanas,Población ocupada,Alojamiento y servicios de comida,Ene - Mar,931.670541
2025,23 Ciudades y áreas metropolitanas,Población ocupada,Alojamiento y servicios de comida,Feb - Abr,923.970889
2025,23 Ciudades y áreas metropolitanas,Población ocupada,Alojamiento y servicios de comida,Mar - May,939.74405
2025,23 Ciudades y áreas metropolitanas,Población ocupada,Alojamiento y servicios de comida,Abr - Jun,925.628242
2025,23 Ciudades y áreas metropolitanas,Población ocupada,Alojamiento y servicios de comida,May - Jul,942.583994
2025,23 Ciudades y áreas metropolitanas,Población ocupada,Alojamiento y servicios de comida,Jun - Ago,958.438899
2025,23 Ciudades y áreas metropolitanas,Población ocupada,Alojamiento y servicios de comida,Jul - Sep,998.743397
2025,23 Ciudades y áreas metropolitanas,Población ocupada,Alojamiento y servicios de comida,Ago - Oct,1046.989643
2025,23 Ciudades y áreas metropolitanas,Población ocupada,Alojamiento y servicios de comida,Sep - Nov,1053.054137
2025,23 Ciudades y áreas metropolitanas,Población ocupada,Alojamiento y servicios de comida,Oct - Dic,1041.516809
2025,23 Ciudades y áreas metropolitanas,Población ocupada,Alojamiento y servicios de comida,Nov - Ene,962.453076
2025,23 Ciudades y áreas metropolitanas,Población ocupada,Alojamiento y servicios de comida,Dic - Feb,903.357476
2026,23 Ciudades y áreas metropolitanas,Población ocupada,Alojamiento y servicios de comida,Ene - Mar,872.440645
2026,23 Ciudades y áreas metropolitanas,Población ocupada,Alojamiento y servicios de comida,Feb - Abr,890.461266
2021,23 Ciudades y áreas metropolitanas,Población ocupada,Transporte y almacenamiento,Ene - Mar,780.2096973333333
2021,23 Ciudades y áreas metropolitanas,Población ocupada,Transporte y almacenamiento,Feb - Abr,775.2726973333333
2021,23 Ciudades y áreas metropolitanas,Población ocupada,Transporte y almacenamiento,Mar - May,772.4575176666667
2021,23 Ciudades y áreas metropolitanas,Población ocupada,Transporte y almacenamiento,Abr - Jun,777.5047583333334
2021,23 Ciudades y áreas metropolitanas,Población ocupada,Transporte y almacenamiento,May - Jul,817.6110843333332
2021,23 Ciudades y áreas metropolitanas,Población ocupada,Transporte y almacenamiento,Jun - Ago,845.975098
2021,23 Ciudades y áreas metropolitanas,Población ocupada,Transporte y almacenamiento,Jul - Sep,860.0685043333333
2021,23 Ciudades y áreas metropolitanas,Población ocupada,Transporte y almacenamiento,Ago - Oct,870.6263103333332
2021,23 Ciudades y áreas metropolitanas,Población ocupada,Transporte y almacenamiento,Sep - Nov,879.0162489999999
2021,23 Ciudades y áreas metropolitanas,Población ocupada,Transporte y almacenamiento,Oct - Dic,891.6588193333333
2021,23 Ciudades y áreas metropolitanas,Población ocupada,Transporte y almacenamiento,Nov - Ene,893.5256330000001
2021,23 Ciudades y áreas metropolitanas,Población ocupada,Transporte y almacenamiento,Dic - Feb,887.9298956666667
2022,23 Ciudades y áreas metropolitanas,Población ocupada,Transporte y almacenamiento,Ene - Mar,916.755075
2022,23 Ciudades y áreas metropolitanas,Población ocupada,Transporte y almacenamiento,Feb - Abr,949.1987226666666
2022,23 Ciudades y áreas metropolitanas,Población ocupada,Transporte y almacenamiento,Mar - May,982.3723793333334
2022,23 Ciudades y áreas metropolitanas,Población ocupada,Transporte y almacenamiento,Abr - Jun,965.431258
2022,23 Ciudades y áreas metropolitanas,Población ocupada,Transporte y almacenamiento,May - Jul,968.7063469999999
2022,23 Ciudades y áreas metropolitanas,Población ocupada,Transporte y almacenamiento,Jun - Ago,950.2484993333333
2022,23 Ciudades y áreas metropolitanas,Población ocupada,Transporte y almacenamiento,Jul - Sep,974.284377
2022,23 Ciudades y áreas metropolitanas,Población ocupada,Transporte y almacenamiento,Ago - Oct,983.5815326666667
2022,23 Ciudades y áreas metropolitanas,Población ocupada,Transporte y almacenamiento,Sep - Nov,965.2908773333334
2022,23 Ciudades y áreas metropolitanas,Población ocupada,Transporte y almacenamiento,Oct - Dic,948.1460400000001
2022,23 Ciudades y áreas metropolitanas,Población ocupada,Transporte y almacenamiento,Nov - Ene,912.0022863333334
2022,23 Ciudades y áreas metropolitanas,Población ocupada,Transporte y almacenamiento,Dic - Feb,968.4823343333334
2023,23 Ciudades y áreas metropolitanas,Población ocupada,Transporte y almacenamiento,Ene - Mar,970.433524
2023,23 Ciudades y áreas metropolitanas,Población ocupada,Transporte y almacenamiento,Feb - Abr,974.1550656666667
2023,23 Ciudades y áreas metropolitanas,Población ocupada,Transporte y almacenamiento,Mar - May,970.5509696666667
2023,23 Ciudades y áreas metropolitanas,Población ocupada,Transporte y almacenamiento,Abr - Jun,1001.9250863333333
2023,23 Ciudades y áreas metropolitanas,Población ocupada,Transporte y almacenamiento,May - Jul,1059.329245
2023,23 Ciudades y áreas metropolitanas,Población ocupada,Transporte y almacenamiento,Jun - Ago,1034.3624593333334
2023,23 Ciudades y áreas metropolitanas,Población ocupada,Transporte y almacenamiento,Jul - Sep,1066.9492106666667
2023,23 Ciudades y áreas metropolitanas,Población ocupada,Transporte y almacenamiento,Ago - Oct,1051.3017406666668
2023,23 Ciudades y áreas metropolitanas,Población ocupada,Transporte y almacenamiento,Sep - Nov,1092.8080803333335
2023,23 Ciudades y áreas metropolitanas,Población ocupada,Transporte y almacenamiento,Oct - Dic,1035.1848763333332
2023,23 Ciudades y áreas metropolitanas,Población ocupada,Transporte y almacenamiento,Nov - Ene,1021.9237546666667
2023,23 Ciudades y áreas metropolitanas,Población ocupada,Transporte y almacenamiento,Dic - Feb,1039.6408823333334
2024,23 Ciudades y áreas metropolitanas,Población ocupada,Transporte y almacenamiento,Ene - Mar,1054.7383896666668
2024,23 Ciudades y áreas metropolitanas,Población ocupada,Transporte y almacenamiento,Feb - Abr,1054.1041400000001
2024,23 Ciudades y áreas metropolitanas,Población ocupada,Transporte y almacenamiento,Mar - May,1026.252514
2024,23 Ciudades y áreas metropolitanas,Población ocupada,Transporte y almacenamiento,Abr - Jun,1042.0559810000002
2024,23 Ciudades y áreas metropolitanas,Población ocupada,Transporte y almacenamiento,May - Jul,1038.7841023333333
2024,23 Ciudades y áreas metropolitanas,Población ocupada,Transporte y almacenamiento,Jun - Ago,1033.6695333333334
2024,23 Ciudades y áreas metropolitanas,Población ocupada,Transporte y almacenamiento,Jul - Sep,1026.425528
2024,23 Ciudades y áreas metropolitanas,Población ocupada,Transporte y almacenamiento,Ago - Oct,1039.3842396666669
2024,23 Ciudades y áreas metropolitanas,Población ocupada,Transporte y almacenamiento,Sep - Nov,1061.6310733333332
2024,23 Ciudades y áreas metropolitanas,Población ocupada,Transporte y almacenamiento,Oct - Dic,1051.8985420000001
2024,23 Ciudades y áreas metropolitanas,Población ocupada,Transporte y almacenamiento,Nov - Ene,1038.967707
2024,23 Ciudades y áreas metropolitanas,Población ocupada,Transporte y almacenamiento,Dic - Feb,1040.318504
2025,23 Ciudades y áreas metropolitanas,Población ocupada,Transporte y almacenamiento,Ene - Mar,1077.1416
2025,23 Ciudades y áreas metropolitanas,Población ocupada,Transporte y almacenamiento,Feb - Abr,1087.075486
2025,23 Ciudades y áreas metropolitanas,Población ocupada,Transporte y almacenamiento,Mar - May,1071.145971
2025,23 Ciudades y áreas metropolitanas,Población ocupada,Transporte y almacenamiento,Abr - Jun,1048.402792
2025,23 Ciudades y áreas metropolitanas,Población ocupada,Transporte y almacenamiento,May - Jul,1080.957203
2025,23 Ciudades y áreas metropolitanas,Población ocupada,Transporte y almacenamiento,Jun - Ago,1094.33531
2025,23 Ciudades y áreas metropolitanas,Población ocupada,Transporte y almacenamiento,Jul - Sep,1119.297736
2025,23 Ciudades y áreas metropolitanas,Población ocupada,Transporte y almacenamiento,Ago - Oct,1128.474451
2025,23 Ciudades y áreas metropolitanas,Población ocupada,Transporte y almacenamiento,Sep - Nov,1150.577961
2025,23 Ciudades y áreas metropolitanas,Población ocupada,Transporte y almacenamiento,Oct - Dic,1107.025028
2025,23 Ciudades y áreas metropolitanas,Población ocupada,Transporte y almacenamiento,Nov - Ene,1085.845335
2025,23 Ciudades y áreas metropolitanas,Población ocupada,Transporte y almacenamiento,Dic - Feb,1067.206827
2026,23 Ciudades y áreas metropolitanas,Población ocupada,Transporte y almacenamiento,Ene - Mar,1089.972038
2026,23 Ciudades y áreas metropolitanas,Población ocupada,Transporte y almacenamiento,Feb - Abr,1073.212254
2021,23 Ciudades y áreas metropolitanas,Población ocupada,Información y comunicaciones,Ene - Mar,296.8734293333334
2021,23 Ciudades y áreas metropolitanas,Población ocupada,Información y comunicaciones,Feb - Abr,281.60652833333336
2021,23 Ciudades y áreas metropolitanas,Población ocupada,Información y comunicaciones,Mar - May,276.46750733333334
2021,23 Ciudades y áreas metropolitanas,Población ocupada,Información y comunicaciones,Abr - Jun,264.6151816666667
2021,23 Ciudades y áreas metropolitanas,Población ocupada,Información y comunicaciones,May - Jul,274.10268533333334
2021,23 Ciudades y áreas metropolitanas,Población ocupada,Información y comunicaciones,Jun - Ago,282.40970866666663
2021,23 Ciudades y áreas metropolitanas,Población ocupada,Información y comunicaciones,Jul - Sep,280.698426
2021,23 Ciudades y áreas metropolitanas,Población ocupada,Información y comunicaciones,Ago - Oct,294.72852866666665
2021,23 Ciudades y áreas metropolitanas,Población ocupada,Información y comunicaciones,Sep - Nov,300.1025153333333
2021,23 Ciudades y áreas metropolitanas,Población ocupada,Información y comunicaciones,Oct - Dic,315.16589200000004
2021,23 Ciudades y áreas metropolitanas,Población ocupada,Información y comunicaciones,Nov - Ene,303.78307266666667
2021,23 Ciudades y áreas metropolitanas,Población ocupada,Información y comunicaciones,Dic - Feb,304.462407
2022,23 Ciudades y áreas metropolitanas,Población ocupada,Información y comunicaciones,Ene - Mar,291.9578626666667
2022,23 Ciudades y áreas metropolitanas,Población ocupada,Información y comunicaciones,Feb - Abr,301.2707883333333
2022,23 Ciudades y áreas metropolitanas,Población ocupada,Información y comunicaciones,Mar - May,291.63331166666666
2022,23 Ciudades y áreas metropolitanas,Población ocupada,Información y comunicaciones,Abr - Jun,324.8791323333333
2022,23 Ciudades y áreas metropolitanas,Población ocupada,Información y comunicaciones,May - Jul,312.84323166666667
2022,23 Ciudades y áreas metropolitanas,Población ocupada,Información y comunicaciones,Jun - Ago,323.90257033333336
2022,23 Ciudades y áreas metropolitanas,Población ocupada,Información y comunicaciones,Jul - Sep,300.1029536666667
2022,23 Ciudades y áreas metropolitanas,Población ocupada,Información y comunicaciones,Ago - Oct,300.9724533333333
2022,23 Ciudades y áreas metropolitanas,Población ocupada,Información y comunicaciones,Sep - Nov,305.41627
2022,23 Ciudades y áreas metropolitanas,Población ocupada,Información y comunicaciones,Oct - Dic,311.273385
2022,23 Ciudades y áreas metropolitanas,Población ocupada,Información y comunicaciones,Nov - Ene,315.20321366666667
2022,23 Ciudades y áreas metropolitanas,Población ocupada,Información y comunicaciones,Dic - Feb,297.1133066666667
2023,23 Ciudades y áreas metropolitanas,Población ocupada,Información y comunicaciones,Ene - Mar,305.81505999999996
2023,23 Ciudades y áreas metropolitanas,Población ocupada,Información y comunicaciones,Feb - Abr,317.386742
2023,23 Ciudades y áreas metropolitanas,Población ocupada,Información y comunicaciones,Mar - May,340.98474333333337
2023,23 Ciudades y áreas metropolitanas,Población ocupada,Información y comunicaciones,Abr - Jun,328.9318186666667
2023,23 Ciudades y áreas metropolitanas,Población ocupada,Información y comunicaciones,May - Jul,318.9505583333333
2023,23 Ciudades y áreas metropolitanas,Población ocupada,Información y comunicaciones,Jun - Ago,309.80627
2023,23 Ciudades y áreas metropolitanas,Población ocupada,Información y comunicaciones,Jul - Sep,317.417743
2023,23 Ciudades y áreas metropolitanas,Población ocupada,Información y comunicaciones,Ago - Oct,326.274295
2023,23 Ciudades y áreas metropolitanas,Población ocupada,Información y comunicaciones,Sep - Nov,336.84183233333334
2023,23 Ciudades y áreas metropolitanas,Población ocupada,Información y comunicaciones,Oct - Dic,320.1475286666667
2023,23 Ciudades y áreas metropolitanas,Población ocupada,Información y comunicaciones,Nov - Ene,314.5655033333333
2023,23 Ciudades y áreas metropolitanas,Población ocupada,Información y comunicaciones,Dic - Feb,298.206751
2024,23 Ciudades y áreas metropolitanas,Población ocupada,Información y comunicaciones,Ene - Mar,296.26204766666666
2024,23 Ciudades y áreas metropolitanas,Población ocupada,Información y comunicaciones,Feb - Abr,295.393825
2024,23 Ciudades y áreas metropolitanas,Población ocupada,Información y comunicaciones,Mar - May,303.2678133333334
2024,23 Ciudades y áreas metropolitanas,Población ocupada,Información y comunicaciones,Abr - Jun,349.9796933333334
2024,23 Ciudades y áreas metropolitanas,Población ocupada,Información y comunicaciones,May - Jul,360.02784933333334
2024,23 Ciudades y áreas metropolitanas,Población ocupada,Información y comunicaciones,Jun - Ago,351.3677923333333
2024,23 Ciudades y áreas metropolitanas,Población ocupada,Información y comunicaciones,Jul - Sep,310.3180463333333
2024,23 Ciudades y áreas metropolitanas,Población ocupada,Información y comunicaciones,Ago - Oct,296.774048
2024,23 Ciudades y áreas metropolitanas,Población ocupada,Información y comunicaciones,Sep - Nov,328.2081963333333
2024,23 Ciudades y áreas metropolitanas,Población ocupada,Información y comunicaciones,Oct - Dic,347.865184
2024,23 Ciudades y áreas metropolitanas,Población ocupada,Información y comunicaciones,Nov - Ene,351.459591
2024,23 Ciudades y áreas metropolitanas,Población ocupada,Información y comunicaciones,Dic - Feb,313.851812
2025,23 Ciudades y áreas metropolitanas,Población ocupada,Información y comunicaciones,Ene - Mar,312.622648
2025,23 Ciudades y áreas metropolitanas,Población ocupada,Información y comunicaciones,Feb - Abr,335.567366
2025,23 Ciudades y áreas metropolitanas,Población ocupada,Información y comunicaciones,Mar - May,358.179137
2025,23 Ciudades y áreas metropolitanas,Población ocupada,Información y comunicaciones,Abr - Jun,341.932501
2025,23 Ciudades y áreas metropolitanas,Población ocupada,Información y comunicaciones,May - Jul,316.342732
2025,23 Ciudades y áreas metropolitanas,Población ocupada,Información y comunicaciones,Jun - Ago,303.094881
2025,23 Ciudades y áreas metropolitanas,Población ocupada,Información y comunicaciones,Jul - Sep,313.637988
2025,23 Ciudades y áreas metropolitanas,Población ocupada,Información y comunicaciones,Ago - Oct,322.953248
2025,23 Ciudades y áreas metropolitanas,Población ocupada,Información y comunicaciones,Sep - Nov,346.839053
2025,23 Ciudades y áreas metropolitanas,Población ocupada,Información y comunicaciones,Oct - Dic,337.7901
2025,23 Ciudades y áreas metropolitanas,Población ocupada,Información y comunicaciones,Nov - Ene,342.860154
2025,23 Ciudades y áreas metropolitanas,Población ocupada,Información y comunicaciones,Dic - Feb,328.197913
2026,23 Ciudades y áreas metropolitanas,Población ocupada,Información y comunicaciones,Ene - Mar,340.553323
2026,23 Ciudades y áreas metropolitanas,Población ocupada,Información y comunicaciones,Feb - Abr,349.080474
2021,23 Ciudades y áreas metropolitanas,Población ocupada,Actividades financieras y de seguros,Ene - Mar,291.9210053333333
2021,23 Ciudades y áreas metropolitanas,Población ocupada,Actividades financieras y de seguros,Feb - Abr,275.4185133333333
2021,23 Ciudades y áreas metropolitanas,Población ocupada,Actividades financieras y de seguros,Mar - May,284.46560266666665
2021,23 Ciudades y áreas metropolitanas,Población ocupada,Actividades financieras y de seguros,Abr - Jun,290.380107
2021,23 Ciudades y áreas metropolitanas,Población ocupada,Actividades financieras y de seguros,May - Jul,288.16701566666666
2021,23 Ciudades y áreas metropolitanas,Población ocupada,Actividades financieras y de seguros,Jun - Ago,280.6214013333333
2021,23 Ciudades y áreas metropolitanas,Población ocupada,Actividades financieras y de seguros,Jul - Sep,307.37958699999996
2021,23 Ciudades y áreas metropolitanas,Población ocupada,Actividades financieras y de seguros,Ago - Oct,318.03686633333336
2021,23 Ciudades y áreas metropolitanas,Población ocupada,Actividades financieras y de seguros,Sep - Nov,316.1725806666667
2021,23 Ciudades y áreas metropolitanas,Población ocupada,Actividades financieras y de seguros,Oct - Dic,298.786337
2021,23 Ciudades y áreas metropolitanas,Población ocupada,Actividades financieras y de seguros,Nov - Ene,305.47423933333334
2021,23 Ciudades y áreas metropolitanas,Población ocupada,Actividades financieras y de seguros,Dic - Feb,318.5851686666667
2022,23 Ciudades y áreas metropolitanas,Población ocupada,Actividades financieras y de seguros,Ene - Mar,308.6789186666667
2022,23 Ciudades y áreas metropolitanas,Población ocupada,Actividades financieras y de seguros,Feb - Abr,305.5921136666667
2022,23 Ciudades y áreas metropolitanas,Población ocupada,Actividades financieras y de seguros,Mar - May,306.2702933333333
2022,23 Ciudades y áreas metropolitanas,Población ocupada,Actividades financieras y de seguros,Abr - Jun,312.389783
2022,23 Ciudades y áreas metropolitanas,Población ocupada,Actividades financieras y de seguros,May - Jul,317.79285966666663
2022,23 Ciudades y áreas metropolitanas,Población ocupada,Actividades financieras y de seguros,Jun - Ago,313.53245566666664
2022,23 Ciudades y áreas metropolitanas,Población ocupada,Actividades financieras y de seguros,Jul - Sep,323.08543133333336
2022,23 Ciudades y áreas metropolitanas,Población ocupada,Actividades financieras y de seguros,Ago - Oct,336.1995646666667
2022,23 Ciudades y áreas metropolitanas,Población ocupada,Actividades financieras y de seguros,Sep - Nov,344.84844433333336
2022,23 Ciudades y áreas metropolitanas,Población ocupada,Actividades financieras y de seguros,Oct - Dic,354.3875256666667
2022,23 Ciudades y áreas metropolitanas,Población ocupada,Actividades financieras y de seguros,Nov - Ene,331.5058343333333
2022,23 Ciudades y áreas metropolitanas,Población ocupada,Actividades financieras y de seguros,Dic - Feb,323.91239533333334
2023,23 Ciudades y áreas metropolitanas,Población ocupada,Actividades financieras y de seguros,Ene - Mar,298.40747333333337
2023,23 Ciudades y áreas metropolitanas,Población ocupada,Actividades financieras y de seguros,Feb - Abr,303.2617813333333
2023,23 Ciudades y áreas metropolitanas,Población ocupada,Actividades financieras y de seguros,Mar - May,324.54033733333335
2023,23 Ciudades y áreas metropolitanas,Población ocupada,Actividades financieras y de seguros,Abr - Jun,342.518203
2023,23 Ciudades y áreas metropolitanas,Población ocupada,Actividades financieras y de seguros,May - Jul,348.64823700000005
2023,23 Ciudades y áreas metropolitanas,Población ocupada,Actividades financieras y de seguros,Jun - Ago,332.1383676666667
2023,23 Ciudades y áreas metropolitanas,Población ocupada,Actividades financieras y de seguros,Jul - Sep,327.0576826666667
2023,23 Ciudades y áreas metropolitanas,Población ocupada,Actividades financieras y de seguros,Ago - Oct,326.4801453333334
2023,23 Ciudades y áreas metropolitanas,Población ocupada,Actividades financieras y de seguros,Sep - Nov,346.35558366666663
2023,23 Ciudades y áreas metropolitanas,Población ocupada,Actividades financieras y de seguros,Oct - Dic,358.4745226666667
2023,23 Ciudades y áreas metropolitanas,Población ocupada,Actividades financieras y de seguros,Nov - Ene,351.727932
2023,23 Ciudades y áreas metropolitanas,Población ocupada,Actividades financieras y de seguros,Dic - Feb,347.45264433333335
2024,23 Ciudades y áreas metropolitanas,Población ocupada,Actividades financieras y de seguros,Ene - Mar,334.25914933333337
2024,23 Ciudades y áreas metropolitanas,Población ocupada,Actividades financieras y de seguros,Feb - Abr,351.1706243333333
2024,23 Ciudades y áreas metropolitanas,Población ocupada,Actividades financieras y de seguros,Mar - May,335.28753133333333
2024,23 Ciudades y áreas metropolitanas,Población ocupada,Actividades financieras y de seguros,Abr - Jun,339.64352333333335
2024,23 Ciudades y áreas metropolitanas,Población ocupada,Actividades financieras y de seguros,May - Jul,337.78031899999996
2024,23 Ciudades y áreas metropolitanas,Población ocupada,Actividades financieras y de seguros,Jun - Ago,331.1766196666667
2024,23 Ciudades y áreas metropolitanas,Población ocupada,Actividades financieras y de seguros,Jul - Sep,302.66744866666664
2024,23 Ciudades y áreas metropolitanas,Población ocupada,Actividades financieras y de seguros,Ago - Oct,288.1525466666667
2024,23 Ciudades y áreas metropolitanas,Población ocupada,Actividades financieras y de seguros,Sep - Nov,305.852592
2024,23 Ciudades y áreas metropolitanas,Población ocupada,Actividades financieras y de seguros,Oct - Dic,342.368649
2024,23 Ciudades y áreas metropolitanas,Población ocupada,Actividades financieras y de seguros,Nov - Ene,345.122784
2024,23 Ciudades y áreas metropolitanas,Población ocupada,Actividades financieras y de seguros,Dic - Feb,355.051232
2025,23 Ciudades y áreas metropolitanas,Población ocupada,Actividades financieras y de seguros,Ene - Mar,319.475738
2025,23 Ciudades y áreas metropolitanas,Población ocupada,Actividades financieras y de seguros,Feb - Abr,319.062317
2025,23 Ciudades y áreas metropolitanas,Población ocupada,Actividades financieras y de seguros,Mar - May,305.834047
2025,23 Ciudades y áreas metropolitanas,Población ocupada,Actividades financieras y de seguros,Abr - Jun,328.034796
2025,23 Ciudades y áreas metropolitanas,Población ocupada,Actividades financieras y de seguros,May - Jul,345.843319
2025,23 Ciudades y áreas metropolitanas,Población ocupada,Actividades financieras y de seguros,Jun - Ago,363.819988
2025,23 Ciudades y áreas metropolitanas,Población ocupada,Actividades financieras y de seguros,Jul - Sep,375.076909
2025,23 Ciudades y áreas metropolitanas,Población ocupada,Actividades financieras y de seguros,Ago - Oct,367.570906
2025,23 Ciudades y áreas metropolitanas,Población ocupada,Actividades financieras y de seguros,Sep - Nov,354.785126
2025,23 Ciudades y áreas metropolitanas,Población ocupada,Actividades financieras y de seguros,Oct - Dic,341.682008
2025,23 Ciudades y áreas metropolitanas,Población ocupada,Actividades financieras y de seguros,Nov - Ene,335.609917
2025,23 Ciudades y áreas metropolitanas,Población ocupada,Actividades financieras y de seguros,Dic - Feb,347.668148
2026,23 Ciudades y áreas metropolitanas,Población ocupada,Actividades financieras y de seguros,Ene - Mar,385.632021
2026,23 Ciudades y áreas metropolitanas,Población ocupada,Actividades financieras y de seguros,Feb - Abr,373.705302
2021,23 Ciudades y áreas metropolitanas,Población ocupada,Actividades inmobiliarias,Ene - Mar,109.369478
2021,23 Ciudades y áreas metropolitanas,Población ocupada,Actividades inmobiliarias,Feb - Abr,115.07393566666667
2021,23 Ciudades y áreas metropolitanas,Población ocupada,Actividades inmobiliarias,Mar - May,120.84135133333332
2021,23 Ciudades y áreas metropolitanas,Población ocupada,Actividades inmobiliarias,Abr - Jun,125.06016566666666
2021,23 Ciudades y áreas metropolitanas,Población ocupada,Actividades inmobiliarias,May - Jul,138.23720666666668
2021,23 Ciudades y áreas metropolitanas,Población ocupada,Actividades inmobiliarias,Jun - Ago,143.6655056666667
2021,23 Ciudades y áreas metropolitanas,Población ocupada,Actividades inmobiliarias,Jul - Sep,138.66416233333334
2021,23 Ciudades y áreas metropolitanas,Población ocupada,Actividades inmobiliarias,Ago - Oct,125.87355666666667
2021,23 Ciudades y áreas metropolitanas,Población ocupada,Actividades inmobiliarias,Sep - Nov,128.18932733333335
2021,23 Ciudades y áreas metropolitanas,Población ocupada,Actividades inmobiliarias,Oct - Dic,131.71437866666668
2021,23 Ciudades y áreas metropolitanas,Población ocupada,Actividades inmobiliarias,Nov - Ene,143.032209
2021,23 Ciudades y áreas metropolitanas,Población ocupada,Actividades inmobiliarias,Dic - Feb,141.10915433333332
2022,23 Ciudades y áreas metropolitanas,Población ocupada,Actividades inmobiliarias,Ene - Mar,144.43874966666667
2022,23 Ciudades y áreas metropolitanas,Población ocupada,Actividades inmobiliarias,Feb - Abr,155.18695666666667
2022,23 Ciudades y áreas metropolitanas,Población ocupada,Actividades inmobiliarias,Mar - May,165.80044633333333
2022,23 Ciudades y áreas metropolitanas,Población ocupada,Actividades inmobiliarias,Abr - Jun,173.71636666666666
2022,23 Ciudades y áreas metropolitanas,Población ocupada,Actividades inmobiliarias,May - Jul,171.36906199999999
2022,23 Ciudades y áreas metropolitanas,Población ocupada,Actividades inmobiliarias,Jun - Ago,174.28498933333333
2022,23 Ciudades y áreas metropolitanas,Población ocupada,Actividades inmobiliarias,Jul - Sep,188.143597
2022,23 Ciudades y áreas metropolitanas,Población ocupada,Actividades inmobiliarias,Ago - Oct,186.41740266666667
2022,23 Ciudades y áreas metropolitanas,Población ocupada,Actividades inmobiliarias,Sep - Nov,188.59843266666667
2022,23 Ciudades y áreas metropolitanas,Población ocupada,Actividades inmobiliarias,Oct - Dic,183.764499
2022,23 Ciudades y áreas metropolitanas,Población ocupada,Actividades inmobiliarias,Nov - Ene,195.56328266666665
2022,23 Ciudades y áreas metropolitanas,Población ocupada,Actividades inmobiliarias,Dic - Feb,188.68969466666667
2023,23 Ciudades y áreas metropolitanas,Población ocupada,Actividades inmobiliarias,Ene - Mar,192.33734966666668
2023,23 Ciudades y áreas metropolitanas,Población ocupada,Actividades inmobiliarias,Feb - Abr,190.32467033333333
2023,23 Ciudades y áreas metropolitanas,Población ocupada,Actividades inmobiliarias,Mar - May,196.26469333333333
2023,23 Ciudades y áreas metropolitanas,Población ocupada,Actividades inmobiliarias,Abr - Jun,190.41429433333334
2023,23 Ciudades y áreas metropolitanas,Población ocupada,Actividades inmobiliarias,May - Jul,207.23114633333333
2023,23 Ciudades y áreas metropolitanas,Población ocupada,Actividades inmobiliarias,Jun - Ago,229.75260133333336
2023,23 Ciudades y áreas metropolitanas,Población ocupada,Actividades inmobiliarias,Jul - Sep,241.88332966666667
2023,23 Ciudades y áreas metropolitanas,Población ocupada,Actividades inmobiliarias,Ago - Oct,240.472067
2023,23 Ciudades y áreas metropolitanas,Población ocupada,Actividades inmobiliarias,Sep - Nov,224.784586
2023,23 Ciudades y áreas metropolitanas,Población ocupada,Actividades inmobiliarias,Oct - Dic,211.977786
2023,23 Ciudades y áreas metropolitanas,Población ocupada,Actividades inmobiliarias,Nov - Ene,207.68128266666668
2023,23 Ciudades y áreas metropolitanas,Población ocupada,Actividades inmobiliarias,Dic - Feb,228.49094233333335
2024,23 Ciudades y áreas metropolitanas,Población ocupada,Actividades inmobiliarias,Ene - Mar,243.94900966666668
2024,23 Ciudades y áreas metropolitanas,Población ocupada,Actividades inmobiliarias,Feb - Abr,232.7850863333333
2024,23 Ciudades y áreas metropolitanas,Población ocupada,Actividades inmobiliarias,Mar - May,212.88774766666666
2024,23 Ciudades y áreas metropolitanas,Población ocupada,Actividades inmobiliarias,Abr - Jun,235.025966
2024,23 Ciudades y áreas metropolitanas,Población ocupada,Actividades inmobiliarias,May - Jul,251.91089333333335
2024,23 Ciudades y áreas metropolitanas,Población ocupada,Actividades inmobiliarias,Jun - Ago,261.585869
2024,23 Ciudades y áreas metropolitanas,Población ocupada,Actividades inmobiliarias,Jul - Sep,225.05502033333332
2024,23 Ciudades y áreas metropolitanas,Población ocupada,Actividades inmobiliarias,Ago - Oct,222.22846033333335
2024,23 Ciudades y áreas metropolitanas,Población ocupada,Actividades inmobiliarias,Sep - Nov,218.53126266666666
2024,23 Ciudades y áreas metropolitanas,Población ocupada,Actividades inmobiliarias,Oct - Dic,256.38353333333333
2024,23 Ciudades y áreas metropolitanas,Población ocupada,Actividades inmobiliarias,Nov - Ene,274.32596
2024,23 Ciudades y áreas metropolitanas,Población ocupada,Actividades inmobiliarias,Dic - Feb,265.308362
2025,23 Ciudades y áreas metropolitanas,Población ocupada,Actividades inmobiliarias,Ene - Mar,255.238668
2025,23 Ciudades y áreas metropolitanas,Población ocupada,Actividades inmobiliarias,Feb - Abr,234.952092
2025,23 Ciudades y áreas metropolitanas,Población ocupada,Actividades inmobiliarias,Mar - May,246.007166
2025,23 Ciudades y áreas metropolitanas,Población ocupada,Actividades inmobiliarias,Abr - Jun,231.830671
2025,23 Ciudades y áreas metropolitanas,Población ocupada,Actividades inmobiliarias,May - Jul,237.5968
2025,23 Ciudades y áreas metropolitanas,Población ocupada,Actividades inmobiliarias,Jun - Ago,245.272915
2025,23 Ciudades y áreas metropolitanas,Población ocupada,Actividades inmobiliarias,Jul - Sep,238.633334
2025,23 Ciudades y áreas metropolitanas,Población ocupada,Actividades inmobiliarias,Ago - Oct,237.604417
2025,23 Ciudades y áreas metropolitanas,Población ocupada,Actividades inmobiliarias,Sep - Nov,236.597009
2025,23 Ciudades y áreas metropolitanas,Población ocupada,Actividades inmobiliarias,Oct - Dic,249.645212
2025,23 Ciudades y áreas metropolitanas,Población ocupada,Actividades inmobiliarias,Nov - Ene,252.798163
2025,23 Ciudades y áreas metropolitanas,Población ocupada,Actividades inmobiliarias,Dic - Feb,237.73654
2026,23 Ciudades y áreas metropolitanas,Población ocupada,Actividades inmobiliarias,Ene - Mar,247.028356
2026,23 Ciudades y áreas metropolitanas,Población ocupada,Actividades inmobiliarias,Feb - Abr,238.620658
2021,23 Ciudades y áreas metropolitanas,Población ocupada,"Actividades profesionales, científicas, técnicas y de servicios administrativos",Ene - Mar,1216.1331673333334
2021,23 Ciudades y áreas metropolitanas,Población ocupada,"Actividades profesionales, científicas, técnicas y de servicios administrativos",Feb - Abr,1244.8823430000002
2021,23 Ciudades y áreas metropolitanas,Población ocupada,"Actividades profesionales, científicas, técnicas y de servicios administrativos",Mar - May,1210.5417126666669
2021,23 Ciudades y áreas metropolitanas,Población ocupada,"Actividades profesionales, científicas, técnicas y de servicios administrativos",Abr - Jun,1204.8203110000002
2021,23 Ciudades y áreas metropolitanas,Población ocupada,"Actividades profesionales, científicas, técnicas y de servicios administrativos",May - Jul,1204.3406269999998
2021,23 Ciudades y áreas metropolitanas,Población ocupada,"Actividades profesionales, científicas, técnicas y de servicios administrativos",Jun - Ago,1231.1900926666665
2021,23 Ciudades y áreas metropolitanas,Población ocupada,"Actividades profesionales, científicas, técnicas y de servicios administrativos",Jul - Sep,1242.3988393333332
2021,23 Ciudades y áreas metropolitanas,Población ocupada,"Actividades profesionales, científicas, técnicas y de servicios administrativos",Ago - Oct,1270.5368070000002
2021,23 Ciudades y áreas metropolitanas,Población ocupada,"Actividades profesionales, científicas, técnicas y de servicios administrativos",Sep - Nov,1270.9740513333334
2021,23 Ciudades y áreas metropolitanas,Población ocupada,"Actividades profesionales, científicas, técnicas y de servicios administrativos",Oct - Dic,1316.0900863333334
2021,23 Ciudades y áreas metropolitanas,Población ocupada,"Actividades profesionales, científicas, técnicas y de servicios administrativos",Nov - Ene,1304.4822429999997
2021,23 Ciudades y áreas metropolitanas,Población ocupada,"Actividades profesionales, científicas, técnicas y de servicios administrativos",Dic - Feb,1321.3626183333333
2022,23 Ciudades y áreas metropolitanas,Población ocupada,"Actividades profesionales, científicas, técnicas y de servicios administrativos",Ene - Mar,1252.764323
2022,23 Ciudades y áreas metropolitanas,Población ocupada,"Actividades profesionales, científicas, técnicas y de servicios administrativos",Feb - Abr,1259.1531876666666
2022,23 Ciudades y áreas metropolitanas,Población ocupada,"Actividades profesionales, científicas, técnicas y de servicios administrativos",Mar - May,1247.1597993333332
2022,23 Ciudades y áreas metropolitanas,Población ocupada,"Actividades profesionales, científicas, técnicas y de servicios administrativos",Abr - Jun,1266.8981393333333
2022,23 Ciudades y áreas metropolitanas,Población ocupada,"Actividades profesionales, científicas, técnicas y de servicios administrativos",May - Jul,1271.9648326666668
2022,23 Ciudades y áreas metropolitanas,Población ocupada,"Actividades profesionales, científicas, técnicas y de servicios administrativos",Jun - Ago,1278.5981363333333
2022,23 Ciudades y áreas metropolitanas,Población ocupada,"Actividades profesionales, científicas, técnicas y de servicios administrativos",Jul - Sep,1308.311473
2022,23 Ciudades y áreas metropolitanas,Población ocupada,"Actividades profesionales, científicas, técnicas y de servicios administrativos",Ago - Oct,1300.5112193333332
2022,23 Ciudades y áreas metropolitanas,Población ocupada,"Actividades profesionales, científicas, técnicas y de servicios administrativos",Sep - Nov,1313.6681946666665
2022,23 Ciudades y áreas metropolitanas,Población ocupada,"Actividades profesionales, científicas, técnicas y de servicios administrativos",Oct - Dic,1319.62197
2022,23 Ciudades y áreas metropolitanas,Población ocupada,"Actividades profesionales, científicas, técnicas y de servicios administrativos",Nov - Ene,1361.1540753333331
2022,23 Ciudades y áreas metropolitanas,Población ocupada,"Actividades profesionales, científicas, técnicas y de servicios administrativos",Dic - Feb,1323.4705726666664
2023,23 Ciudades y áreas metropolitanas,Población ocupada,"Actividades profesionales, científicas, técnicas y de servicios administrativos",Ene - Mar,1319.0677603333334
2023,23 Ciudades y áreas metropolitanas,Población ocupada,"Actividades profesionales, científicas, técnicas y de servicios administrativos",Feb - Abr,1256.6586416666667
2023,23 Ciudades y áreas metropolitanas,Población ocupada,"Actividades profesionales, científicas, técnicas y de servicios administrativos",Mar - May,1277.4226273333334
2023,23 Ciudades y áreas metropolitanas,Población ocupada,"Actividades profesionales, científicas, técnicas y de servicios administrativos",Abr - Jun,1273.7897923333333
2023,23 Ciudades y áreas metropolitanas,Población ocupada,"Actividades profesionales, científicas, técnicas y de servicios administrativos",May - Jul,1284.752314
2023,23 Ciudades y áreas metropolitanas,Población ocupada,"Actividades profesionales, científicas, técnicas y de servicios administrativos",Jun - Ago,1290.544838
2023,23 Ciudades y áreas metropolitanas,Población ocupada,"Actividades profesionales, científicas, técnicas y de servicios administrativos",Jul - Sep,1260.977234
2023,23 Ciudades y áreas metropolitanas,Población ocupada,"Actividades profesionales, científicas, técnicas y de servicios administrativos",Ago - Oct,1268.4735383333334
2023,23 Ciudades y áreas metropolitanas,Población ocupada,"Actividades profesionales, científicas, técnicas y de servicios administrativos",Sep - Nov,1305.7192703333333
2023,23 Ciudades y áreas metropolitanas,Población ocupada,"Actividades profesionales, científicas, técnicas y de servicios administrativos",Oct - Dic,1386.5816776666668
2023,23 Ciudades y áreas metropolitanas,Población ocupada,"Actividades profesionales, científicas, técnicas y de servicios administrativos",Nov - Ene,1391.1070836666665
2023,23 Ciudades y áreas metropolitanas,Población ocupada,"Actividades profesionales, científicas, técnicas y de servicios administrativos",Dic - Feb,1304.9365396666665
2024,23 Ciudades y áreas metropolitanas,Población ocupada,"Actividades profesionales, científicas, técnicas y de servicios administrativos",Ene - Mar,1284.8685936666668
2024,23 Ciudades y áreas metropolitanas,Población ocupada,"Actividades profesionales, científicas, técnicas y de servicios administrativos",Feb - Abr,1297.4384326666666
2024,23 Ciudades y áreas metropolitanas,Población ocupada,"Actividades profesionales, científicas, técnicas y de servicios administrativos",Mar - May,1310.431929333333
2024,23 Ciudades y áreas metropolitanas,Población ocupada,"Actividades profesionales, científicas, técnicas y de servicios administrativos",Abr - Jun,1284.7978293333333
2024,23 Ciudades y áreas metropolitanas,Población ocupada,"Actividades profesionales, científicas, técnicas y de servicios administrativos",May - Jul,1298.2013993333333
2024,23 Ciudades y áreas metropolitanas,Población ocupada,"Actividades profesionales, científicas, técnicas y de servicios administrativos",Jun - Ago,1326.818972
2024,23 Ciudades y áreas metropolitanas,Población ocupada,"Actividades profesionales, científicas, técnicas y de servicios administrativos",Jul - Sep,1381.4202196666665
2024,23 Ciudades y áreas metropolitanas,Población ocupada,"Actividades profesionales, científicas, técnicas y de servicios administrativos",Ago - Oct,1343.1471196666669
2024,23 Ciudades y áreas metropolitanas,Población ocupada,"Actividades profesionales, científicas, técnicas y de servicios administrativos",Sep - Nov,1357.8482333333332
2024,23 Ciudades y áreas metropolitanas,Población ocupada,"Actividades profesionales, científicas, técnicas y de servicios administrativos",Oct - Dic,1294.7339516666668
2024,23 Ciudades y áreas metropolitanas,Población ocupada,"Actividades profesionales, científicas, técnicas y de servicios administrativos",Nov - Ene,1305.098548
2024,23 Ciudades y áreas metropolitanas,Población ocupada,"Actividades profesionales, científicas, técnicas y de servicios administrativos",Dic - Feb,1269.226075
2025,23 Ciudades y áreas metropolitanas,Población ocupada,"Actividades profesionales, científicas, técnicas y de servicios administrativos",Ene - Mar,1292.728139
2025,23 Ciudades y áreas metropolitanas,Población ocupada,"Actividades profesionales, científicas, técnicas y de servicios administrativos",Feb - Abr,1295.32117
2025,23 Ciudades y áreas metropolitanas,Población ocupada,"Actividades profesionales, científicas, técnicas y de servicios administrativos",Mar - May,1338.36956
2025,23 Ciudades y áreas metropolitanas,Población ocupada,"Actividades profesionales, científicas, técnicas y de servicios administrativos",Abr - Jun,1332.650493
2025,23 Ciudades y áreas metropolitanas,Población ocupada,"Actividades profesionales, científicas, técnicas y de servicios administrativos",May - Jul,1356.87685
2025,23 Ciudades y áreas metropolitanas,Población ocupada,"Actividades profesionales, científicas, técnicas y de servicios administrativos",Jun - Ago,1311.304631
2025,23 Ciudades y áreas metropolitanas,Población ocupada,"Actividades profesionales, científicas, técnicas y de servicios administrativos",Jul - Sep,1293.358319
2025,23 Ciudades y áreas metropolitanas,Población ocupada,"Actividades profesionales, científicas, técnicas y de servicios administrativos",Ago - Oct,1277.852507
2025,23 Ciudades y áreas metropolitanas,Población ocupada,"Actividades profesionales, científicas, técnicas y de servicios administrativos",Sep - Nov,1299.678861
2025,23 Ciudades y áreas metropolitanas,Población ocupada,"Actividades profesionales, científicas, técnicas y de servicios administrativos",Oct - Dic,1303.990508
2025,23 Ciudades y áreas metropolitanas,Población ocupada,"Actividades profesionales, científicas, técnicas y de servicios administrativos",Nov - Ene,1314.497292
2025,23 Ciudades y áreas metropolitanas,Población ocupada,"Actividades profesionales, científicas, técnicas y de servicios administrativos",Dic - Feb,1352.497701
2026,23 Ciudades y áreas metropolitanas,Población ocupada,"Actividades profesionales, científicas, técnicas y de servicios administrativos",Ene - Mar,1367.490774
2026,23 Ciudades y áreas metropolitanas,Población ocupada,"Actividades profesionales, científicas, técnicas y de servicios administrativos",Feb - Abr,1369.923394
2021,23 Ciudades y áreas metropolitanas,Población ocupada,"Administración pública y defensa, educación y atención de la salud humana",Ene - Mar,1624.134053
2021,23 Ciudades y áreas metropolitanas,Población ocupada,"Administración pública y defensa, educación y atención de la salud humana",Feb - Abr,1649.865734
2021,23 Ciudades y áreas metropolitanas,Población ocupada,"Administración pública y defensa, educación y atención de la salud humana",Mar - May,1659.1700043333333
2021,23 Ciudades y áreas metropolitanas,Población ocupada,"Administración pública y defensa, educación y atención de la salud humana",Abr - Jun,1665.0596319999997
2021,23 Ciudades y áreas metropolitanas,Población ocupada,"Administración pública y defensa, educación y atención de la salud humana",May - Jul,1636.3463726666666
2021,23 Ciudades y áreas metropolitanas,Población ocupada,"Administración pública y defensa, educación y atención de la salud humana",Jun - Ago,1608.3272966666666
2021,23 Ciudades y áreas metropolitanas,Población ocupada,"Administración pública y defensa, educación y atención de la salud humana",Jul - Sep,1623.270342
2021,23 Ciudades y áreas metropolitanas,Población ocupada,"Administración pública y defensa, educación y atención de la salud humana",Ago - Oct,1627.6065096666669
2021,23 Ciudades y áreas metropolitanas,Población ocupada,"Administración pública y defensa, educación y atención de la salud humana",Sep - Nov,1653.5347746666666
2021,23 Ciudades y áreas metropolitanas,Población ocupada,"Administración pública y defensa, educación y atención de la salud humana",Oct - Dic,1632.6017836666667
2021,23 Ciudades y áreas metropolitanas,Población ocupada,"Administración pública y defensa, educación y atención de la salud humana",Nov - Ene,1638.4248183333332
2021,23 Ciudades y áreas metropolitanas,Población ocupada,"Administración pública y defensa, educación y atención de la salud humana",Dic - Feb,1630.0190473333332
2022,23 Ciudades y áreas metropolitanas,Población ocupada,"Administración pública y defensa, educación y atención de la salud humana",Ene - Mar,1707.9924446666666
2022,23 Ciudades y áreas metropolitanas,Población ocupada,"Administración pública y defensa, educación y atención de la salud humana",Feb - Abr,1715.044658
2022,23 Ciudades y áreas metropolitanas,Población ocupada,"Administración pública y defensa, educación y atención de la salud humana",Mar - May,1775.6380500000002
2022,23 Ciudades y áreas metropolitanas,Población ocupada,"Administración pública y defensa, educación y atención de la salud humana",Abr - Jun,1752.2490286666668
2022,23 Ciudades y áreas metropolitanas,Población ocupada,"Administración pública y defensa, educación y atención de la salud humana",May - Jul,1794.7173673333334
2022,23 Ciudades y áreas metropolitanas,Población ocupada,"Administración pública y defensa, educación y atención de la salud humana",Jun - Ago,1751.112069
2022,23 Ciudades y áreas metropolitanas,Población ocupada,"Administración pública y defensa, educación y atención de la salud humana",Jul - Sep,1722.4743063333335
2022,23 Ciudades y áreas metropolitanas,Población ocupada,"Administración pública y defensa, educación y atención de la salud humana",Ago - Oct,1720.7541433333333
2022,23 Ciudades y áreas metropolitanas,Población ocupada,"Administración pública y defensa, educación y atención de la salud humana",Sep - Nov,1765.7123696666667
2022,23 Ciudades y áreas metropolitanas,Población ocupada,"Administración pública y defensa, educación y atención de la salud humana",Oct - Dic,1790.038724
2022,23 Ciudades y áreas metropolitanas,Población ocupada,"Administración pública y defensa, educación y atención de la salud humana",Nov - Ene,1699.4726663333333
2022,23 Ciudades y áreas metropolitanas,Población ocupada,"Administración pública y defensa, educación y atención de la salud humana",Dic - Feb,1656.703058
2023,23 Ciudades y áreas metropolitanas,Población ocupada,"Administración pública y defensa, educación y atención de la salud humana",Ene - Mar,1692.9117816666667
2023,23 Ciudades y áreas metropolitanas,Población ocupada,"Administración pública y defensa, educación y atención de la salud humana",Feb - Abr,1783.8508623333335
2023,23 Ciudades y áreas metropolitanas,Población ocupada,"Administración pública y defensa, educación y atención de la salud humana",Mar - May,1800.0713750000002
2023,23 Ciudades y áreas metropolitanas,Población ocupada,"Administración pública y defensa, educación y atención de la salud humana",Abr - Jun,1818.0269813333332
2023,23 Ciudades y áreas metropolitanas,Población ocupada,"Administración pública y defensa, educación y atención de la salud humana",May - Jul,1817.893636
2023,23 Ciudades y áreas metropolitanas,Población ocupada,"Administración pública y defensa, educación y atención de la salud humana",Jun - Ago,1855.39815
2023,23 Ciudades y áreas metropolitanas,Población ocupada,"Administración pública y defensa, educación y atención de la salud humana",Jul - Sep,1849.1890913333334
2023,23 Ciudades y áreas metropolitanas,Población ocupada,"Administración pública y defensa, educación y atención de la salud humana",Ago - Oct,1896.4557836666665
2023,23 Ciudades y áreas metropolitanas,Población ocupada,"Administración pública y defensa, educación y atención de la salud humana",Sep - Nov,1867.4766333333334
2023,23 Ciudades y áreas metropolitanas,Población ocupada,"Administración pública y defensa, educación y atención de la salud humana",Oct - Dic,1827.9763763333333
2023,23 Ciudades y áreas metropolitanas,Población ocupada,"Administración pública y defensa, educación y atención de la salud humana",Nov - Ene,1757.938116
2023,23 Ciudades y áreas metropolitanas,Población ocupada,"Administración pública y defensa, educación y atención de la salud humana",Dic - Feb,1741.5583086666666
2024,23 Ciudades y áreas metropolitanas,Población ocupada,"Administración pública y defensa, educación y atención de la salud humana",Ene - Mar,1802.8931343333334
2024,23 Ciudades y áreas metropolitanas,Población ocupada,"Administración pública y defensa, educación y atención de la salud humana",Feb - Abr,1870.9447693333332
2024,23 Ciudades y áreas metropolitanas,Población ocupada,"Administración pública y defensa, educación y atención de la salud humana",Mar - May,1886.7385586666667
2024,23 Ciudades y áreas metropolitanas,Población ocupada,"Administración pública y defensa, educación y atención de la salud humana",Abr - Jun,1827.1617693333335
2024,23 Ciudades y áreas metropolitanas,Población ocupada,"Administración pública y defensa, educación y atención de la salud humana",May - Jul,1816.9333396666668
2024,23 Ciudades y áreas metropolitanas,Población ocupada,"Administración pública y defensa, educación y atención de la salud humana",Jun - Ago,1853.0362673333332
2024,23 Ciudades y áreas metropolitanas,Población ocupada,"Administración pública y defensa, educación y atención de la salud humana",Jul - Sep,1891.9681473333333
2024,23 Ciudades y áreas metropolitanas,Población ocupada,"Administración pública y defensa, educación y atención de la salud humana",Ago - Oct,1876.1530236666667
2024,23 Ciudades y áreas metropolitanas,Población ocupada,"Administración pública y defensa, educación y atención de la salud humana",Sep - Nov,1858.506176
2024,23 Ciudades y áreas metropolitanas,Población ocupada,"Administración pública y defensa, educación y atención de la salud humana",Oct - Dic,1824.2875940000001
2024,23 Ciudades y áreas metropolitanas,Población ocupada,"Administración pública y defensa, educación y atención de la salud humana",Nov - Ene,1763.620105
2024,23 Ciudades y áreas metropolitanas,Población ocupada,"Administración pública y defensa, educación y atención de la salud humana",Dic - Feb,1775.73694
2025,23 Ciudades y áreas metropolitanas,Población ocupada,"Administración pública y defensa, educación y atención de la salud humana",Ene - Mar,1769.522746
2025,23 Ciudades y áreas metropolitanas,Población ocupada,"Administración pública y defensa, educación y atención de la salud humana",Feb - Abr,1899.419953
2025,23 Ciudades y áreas metropolitanas,Población ocupada,"Administración pública y defensa, educación y atención de la salud humana",Mar - May,1861.9655
2025,23 Ciudades y áreas metropolitanas,Población ocupada,"Administración pública y defensa, educación y atención de la salud humana",Abr - Jun,1896.492519
2025,23 Ciudades y áreas metropolitanas,Población ocupada,"Administración pública y defensa, educación y atención de la salud humana",May - Jul,1812.330991
2025,23 Ciudades y áreas metropolitanas,Población ocupada,"Administración pública y defensa, educación y atención de la salud humana",Jun - Ago,1857.404535
2025,23 Ciudades y áreas metropolitanas,Población ocupada,"Administración pública y defensa, educación y atención de la salud humana",Jul - Sep,1872.770209
2025,23 Ciudades y áreas metropolitanas,Población ocupada,"Administración pública y defensa, educación y atención de la salud humana",Ago - Oct,1913.641016
2025,23 Ciudades y áreas metropolitanas,Población ocupada,"Administración pública y defensa, educación y atención de la salud humana",Sep - Nov,1890.546246
2025,23 Ciudades y áreas metropolitanas,Población ocupada,"Administración pública y defensa, educación y atención de la salud humana",Oct - Dic,1884.121544
2025,23 Ciudades y áreas metropolitanas,Población ocupada,"Administración pública y defensa, educación y atención de la salud humana",Nov - Ene,1855.54869
2025,23 Ciudades y áreas metropolitanas,Población ocupada,"Administración pública y defensa, educación y atención de la salud humana",Dic - Feb,1910.125714
2026,23 Ciudades y áreas metropolitanas,Población ocupada,"Administración pública y defensa, educación y atención de la salud humana",Ene - Mar,1950.094265
2026,23 Ciudades y áreas metropolitanas,Población ocupada,"Administración pública y defensa, educación y atención de la salud humana",Feb - Abr,2020.727847
2021,23 Ciudades y áreas metropolitanas,Población ocupada,"Actividades artísticas, entretenimiento, recreación y otras actividades de servicios",Ene - Mar,853.109071
2021,23 Ciudades y áreas metropolitanas,Población ocupada,"Actividades artísticas, entretenimiento, recreación y otras actividades de servicios",Feb - Abr,844.2345653333333
2021,23 Ciudades y áreas metropolitanas,Población ocupada,"Actividades artísticas, entretenimiento, recreación y otras actividades de servicios",Mar - May,852.8186253333333
2021,23 Ciudades y áreas metropolitanas,Población ocupada,"Actividades artísticas, entretenimiento, recreación y otras actividades de servicios",Abr - Jun,836.4152263333334
2021,23 Ciudades y áreas metropolitanas,Población ocupada,"Actividades artísticas, entretenimiento, recreación y otras actividades de servicios",May - Jul,842.3691353333334
2021,23 Ciudades y áreas metropolitanas,Población ocupada,"Actividades artísticas, entretenimiento, recreación y otras actividades de servicios",Jun - Ago,864.7535606666667
2021,23 Ciudades y áreas metropolitanas,Población ocupada,"Actividades artísticas, entretenimiento, recreación y otras actividades de servicios",Jul - Sep,900.3451906666668
2021,23 Ciudades y áreas metropolitanas,Población ocupada,"Actividades artísticas, entretenimiento, recreación y otras actividades de servicios",Ago - Oct,934.8620476666666
2021,23 Ciudades y áreas metropolitanas,Población ocupada,"Actividades artísticas, entretenimiento, recreación y otras actividades de servicios",Sep - Nov,924.1768936666667
2021,23 Ciudades y áreas metropolitanas,Población ocupada,"Actividades artísticas, entretenimiento, recreación y otras actividades de servicios",Oct - Dic,933.1359766666666
2021,23 Ciudades y áreas metropolitanas,Población ocupada,"Actividades artísticas, entretenimiento, recreación y otras actividades de servicios",Nov - Ene,930.194284
2021,23 Ciudades y áreas metropolitanas,Población ocupada,"Actividades artísticas, entretenimiento, recreación y otras actividades de servicios",Dic - Feb,978.4723236666665
2022,23 Ciudades y áreas metropolitanas,Población ocupada,"Actividades artísticas, entretenimiento, recreación y otras actividades de servicios",Ene - Mar,996.8629233333335
2022,23 Ciudades y áreas metropolitanas,Población ocupada,"Actividades artísticas, entretenimiento, recreación y otras actividades de servicios",Feb - Abr,1034.4554966666667
2022,23 Ciudades y áreas metropolitanas,Población ocupada,"Actividades artísticas, entretenimiento, recreación y otras actividades de servicios",Mar - May,1046.4014353333334
2022,23 Ciudades y áreas metropolitanas,Población ocupada,"Actividades artísticas, entretenimiento, recreación y otras actividades de servicios",Abr - Jun,1078.6281886666668
2022,23 Ciudades y áreas metropolitanas,Población ocupada,"Actividades artísticas, entretenimiento, recreación y otras actividades de servicios",May - Jul,1050.7836853333333
2022,23 Ciudades y áreas metropolitanas,Población ocupada,"Actividades artísticas, entretenimiento, recreación y otras actividades de servicios",Jun - Ago,1042.61016
2022,23 Ciudades y áreas metropolitanas,Población ocupada,"Actividades artísticas, entretenimiento, recreación y otras actividades de servicios",Jul - Sep,1035.7030526666667
2022,23 Ciudades y áreas metropolitanas,Población ocupada,"Actividades artísticas, entretenimiento, recreación y otras actividades de servicios",Ago - Oct,1078.6004896666668
2022,23 Ciudades y áreas metropolitanas,Población ocupada,"Actividades artísticas, entretenimiento, recreación y otras actividades de servicios",Sep - Nov,1096.2030363333336
2022,23 Ciudades y áreas metropolitanas,Población ocupada,"Actividades artísticas, entretenimiento, recreación y otras actividades de servicios",Oct - Dic,1099.7954873333335
2022,23 Ciudades y áreas metropolitanas,Población ocupada,"Actividades artísticas, entretenimiento, recreación y otras actividades de servicios",Nov - Ene,1083.1303123333334
2022,23 Ciudades y áreas metropolitanas,Población ocupada,"Actividades artísticas, entretenimiento, recreación y otras actividades de servicios",Dic - Feb,1050.285602
2023,23 Ciudades y áreas metropolitanas,Población ocupada,"Actividades artísticas, entretenimiento, recreación y otras actividades de servicios",Ene - Mar,1054.4973586666667
2023,23 Ciudades y áreas metropolitanas,Población ocupada,"Actividades artísticas, entretenimiento, recreación y otras actividades de servicios",Feb - Abr,1072.691859
2023,23 Ciudades y áreas metropolitanas,Población ocupada,"Actividades artísticas, entretenimiento, recreación y otras actividades de servicios",Mar - May,1091.397154
2023,23 Ciudades y áreas metropolitanas,Población ocupada,"Actividades artísticas, entretenimiento, recreación y otras actividades de servicios",Abr - Jun,1102.8508943333334
2023,23 Ciudades y áreas metropolitanas,Población ocupada,"Actividades artísticas, entretenimiento, recreación y otras actividades de servicios",May - Jul,1109.2121323333333
2023,23 Ciudades y áreas metropolitanas,Población ocupada,"Actividades artísticas, entretenimiento, recreación y otras actividades de servicios",Jun - Ago,1137.7230153333333
2023,23 Ciudades y áreas metropolitanas,Población ocupada,"Actividades artísticas, entretenimiento, recreación y otras actividades de servicios",Jul - Sep,1128.5521836666667
2023,23 Ciudades y áreas metropolitanas,Población ocupada,"Actividades artísticas, entretenimiento, recreación y otras actividades de servicios",Ago - Oct,1146.564267
2023,23 Ciudades y áreas metropolitanas,Población ocupada,"Actividades artísticas, entretenimiento, recreación y otras actividades de servicios",Sep - Nov,1118.0541696666667
2023,23 Ciudades y áreas metropolitanas,Población ocupada,"Actividades artísticas, entretenimiento, recreación y otras actividades de servicios",Oct - Dic,1111.3593373333333
2023,23 Ciudades y áreas metropolitanas,Población ocupada,"Actividades artísticas, entretenimiento, recreación y otras actividades de servicios",Nov - Ene,1089.4286363333333
2023,23 Ciudades y áreas metropolitanas,Población ocupada,"Actividades artísticas, entretenimiento, recreación y otras actividades de servicios",Dic - Feb,1116.911198666667
2024,23 Ciudades y áreas metropolitanas,Población ocupada,"Actividades artísticas, entretenimiento, recreación y otras actividades de servicios",Ene - Mar,1111.8147580000002
2024,23 Ciudades y áreas metropolitanas,Población ocupada,"Actividades artísticas, entretenimiento, recreación y otras actividades de servicios",Feb - Abr,1098.549631
2024,23 Ciudades y áreas metropolitanas,Población ocupada,"Actividades artísticas, entretenimiento, recreación y otras actividades de servicios",Mar - May,1094.1597703333334
2024,23 Ciudades y áreas metropolitanas,Población ocupada,"Actividades artísticas, entretenimiento, recreación y otras actividades de servicios",Abr - Jun,1088.299835
2024,23 Ciudades y áreas metropolitanas,Población ocupada,"Actividades artísticas, entretenimiento, recreación y otras actividades de servicios",May - Jul,1107.614295
2024,23 Ciudades y áreas metropolitanas,Población ocupada,"Actividades artísticas, entretenimiento, recreación y otras actividades de servicios",Jun - Ago,1119.3698863333332
2024,23 Ciudades y áreas metropolitanas,Población ocupada,"Actividades artísticas, entretenimiento, recreación y otras actividades de servicios",Jul - Sep,1156.6060896666665
2024,23 Ciudades y áreas metropolitanas,Población ocupada,"Actividades artísticas, entretenimiento, recreación y otras actividades de servicios",Ago - Oct,1164.8248886666668
2024,23 Ciudades y áreas metropolitanas,Población ocupada,"Actividades artísticas, entretenimiento, recreación y otras actividades de servicios",Sep - Nov,1157.265943
2024,23 Ciudades y áreas metropolitanas,Población ocupada,"Actividades artísticas, entretenimiento, recreación y otras actividades de servicios",Oct - Dic,1124.7279523333334
2024,23 Ciudades y áreas metropolitanas,Población ocupada,"Actividades artísticas, entretenimiento, recreación y otras actividades de servicios",Nov - Ene,1125.443633
2024,23 Ciudades y áreas metropolitanas,Población ocupada,"Actividades artísticas, entretenimiento, recreación y otras actividades de servicios",Dic - Feb,1101.240144
2025,23 Ciudades y áreas metropolitanas,Población ocupada,"Actividades artísticas, entretenimiento, recreación y otras actividades de servicios",Ene - Mar,1120.749451
2025,23 Ciudades y áreas metropolitanas,Población ocupada,"Actividades artísticas, entretenimiento, recreación y otras actividades de servicios",Feb - Abr,1078.524713
2025,23 Ciudades y áreas metropolitanas,Población ocupada,"Actividades artísticas, entretenimiento, recreación y otras actividades de servicios",Mar - May,1105.561202
2025,23 Ciudades y áreas metropolitanas,Población ocupada,"Actividades artísticas, entretenimiento, recreación y otras actividades de servicios",Abr - Jun,1068.82908
2025,23 Ciudades y áreas metropolitanas,Población ocupada,"Actividades artísticas, entretenimiento, recreación y otras actividades de servicios",May - Jul,1119.613275
2025,23 Ciudades y áreas metropolitanas,Población ocupada,"Actividades artísticas, entretenimiento, recreación y otras actividades de servicios",Jun - Ago,1130.938415
2025,23 Ciudades y áreas metropolitanas,Población ocupada,"Actividades artísticas, entretenimiento, recreación y otras actividades de servicios",Jul - Sep,1184.2278
2025,23 Ciudades y áreas metropolitanas,Población ocupada,"Actividades artísticas, entretenimiento, recreación y otras actividades de servicios",Ago - Oct,1153.934303
2025,23 Ciudades y áreas metropolitanas,Población ocupada,"Actividades artísticas, entretenimiento, recreación y otras actividades de servicios",Sep - Nov,1158.519347
2025,23 Ciudades y áreas metropolitanas,Población ocupada,"Actividades artísticas, entretenimiento, recreación y otras actividades de servicios",Oct - Dic,1171.480063
2025,23 Ciudades y áreas metropolitanas,Población ocupada,"Actividades artísticas, entretenimiento, recreación y otras actividades de servicios",Nov - Ene,1160.527171
2025,23 Ciudades y áreas metropolitanas,Población ocupada,"Actividades artísticas, entretenimiento, recreación y otras actividades de servicios",Dic - Feb,1133.112706
2026,23 Ciudades y áreas metropolitanas,Población ocupada,"Actividades artísticas, entretenimiento, recreación y otras actividades de servicios",Ene - Mar,1101.729576
2026,23 Ciudades y áreas metropolitanas,Población ocupada,"Actividades artísticas, entretenimiento, recreación y otras actividades de servicios",Feb - Abr,1125.233686
2021,23 Ciudades y áreas metropolitanas,Formal,Formal,Ene - Mar,5381.842067
2021,23 Ciudades y áreas metropolitanas,Formal,Formal,Feb - Abr,5397.806292666667
2021,23 Ciudades y áreas metropolitanas,Formal,Formal,Mar - May,5488.904758333333
2021,23 Ciudades y áreas metropolitanas,Formal,Formal,Abr - Jun,5525.086748000001
2021,23 Ciudades y áreas metropolitanas,Formal,Formal,May - Jul,5647.482366333334
2021,23 Ciudades y áreas metropolitanas,Formal,Formal,Jun - Ago,5673.077457666666
2021,23 Ciudades y áreas metropolitanas,Formal,Formal,Jul - Sep,5757.383131
2021,23 Ciudades y áreas metropolitanas,Formal,Formal,Ago - Oct,5739.822267333333
2021,23 Ciudades y áreas metropolitanas,Formal,Formal,Sep - Nov,5840.074320333333
2021,23 Ciudades y áreas metropolitanas,Formal,Formal,Oct - Dic,5889.934976666666
2021,23 Ciudades y áreas metropolitanas,Formal,Formal,Nov - Ene,6019.177407333333
2021,23 Ciudades y áreas metropolitanas,Formal,Formal,Dic - Feb,6091.372219
2022,23 Ciudades y áreas metropolitanas,Formal,Formal,Ene - Mar,6142.380686333333
2022,23 Ciudades y áreas metropolitanas,Formal,Formal,Feb - Abr,6186.512223666666
2022,23 Ciudades y áreas metropolitanas,Formal,Formal,Mar - May,6241.278732666666
2022,23 Ciudades y áreas metropolitanas,Formal,Formal,Abr - Jun,6272.280518333333
2022,23 Ciudades y áreas metropolitanas,Formal,Formal,May - Jul,6277.61818
2022,23 Ciudades y áreas metropolitanas,Formal,Formal,Jun - Ago,6320.630707333334
2022,23 Ciudades y áreas metropolitanas,Formal,Formal,Jul - Sep,6366.998894333333
2022,23 Ciudades y áreas metropolitanas,Formal,Formal,Ago - Oct,6414.210800666668
2022,23 Ciudades y áreas metropolitanas,Formal,Formal,Sep - Nov,6489.606156000001
2022,23 Ciudades y áreas metropolitanas,Formal,Formal,Oct - Dic,6552.917967
2022,23 Ciudades y áreas metropolitanas,Formal,Formal,Nov - Ene,6518.487813333333
2022,23 Ciudades y áreas metropolitanas,Formal,Formal,Dic - Feb,6412.625776666667
2023,23 Ciudades y áreas metropolitanas,Formal,Formal,Ene - Mar,6431.405578666666
2023,23 Ciudades y áreas metropolitanas,Formal,Formal,Feb - Abr,6581.565871333333
2023,23 Ciudades y áreas metropolitanas,Formal,Formal,Mar - May,6677.028717
2023,23 Ciudades y áreas metropolitanas,Formal,Formal,Abr - Jun,6785.721683333333
2023,23 Ciudades y áreas metropolitanas,Formal,Formal,May - Jul,6831.672345999999
2023,23 Ciudades y áreas metropolitanas,Formal,Formal,Jun - Ago,6919.259290999999
2023,23 Ciudades y áreas metropolitanas,Formal,Formal,Jul - Sep,6911.216587999999
2023,23 Ciudades y áreas metropolitanas,Formal,Formal,Ago - Oct,6934.888448000001
2023,23 Ciudades y áreas metropolitanas,Formal,Formal,Sep - Nov,6980.187016333333
2023,23 Ciudades y áreas metropolitanas,Formal,Formal,Oct - Dic,6952.655476666667
2023,23 Ciudades y áreas metropolitanas,Formal,Formal,Nov - Ene,6878.546371666666
2023,23 Ciudades y áreas metropolitanas,Formal,Formal,Dic - Feb,6751.289523333333
2024,23 Ciudades y áreas metropolitanas,Formal,Formal,Ene - Mar,6790.576181666666
2024,23 Ciudades y áreas metropolitanas,Formal,Formal,Feb - Abr,6859.772261000001
2024,23 Ciudades y áreas metropolitanas,Formal,Formal,Mar - May,6945.484131666667
2024,23 Ciudades y áreas metropolitanas,Formal,Formal,Abr - Jun,6952.023238999999
2024,23 Ciudades y áreas metropolitanas,Formal,Formal,May - Jul,6941.499154666667
2024,23 Ciudades y áreas metropolitanas,Formal,Formal,Jun - Ago,6964.840242000001
2024,23 Ciudades y áreas metropolitanas,Formal,Formal,Jul - Sep,6951.755647999999
2024,23 Ciudades y áreas metropolitanas,Formal,Formal,Ago - Oct,6920.862439666666
2024,23 Ciudades y áreas metropolitanas,Formal,Formal,Sep - Nov,6954.439939666667
2024,23 Ciudades y áreas metropolitanas,Formal,Formal,Oct - Dic,6949.730429
2024,23 Ciudades y áreas metropolitanas,Formal,Formal,Nov - Ene,6910.0214
2024,23 Ciudades y áreas metropolitanas,Formal,Formal,Dic - Feb,6815.567372
2025,23 Ciudades y áreas metropolitanas,Formal,Formal,Ene - Mar,6792.71636
2025,23 Ciudades y áreas metropolitanas,Formal,Formal,Feb - Abr,6939.029225
2025,23 Ciudades y áreas metropolitanas,Formal,Formal,Mar - May,6994.065289
2025,23 Ciudades y áreas metropolitanas,Formal,Formal,Abr - Jun,7075.065806
2025,23 Ciudades y áreas metropolitanas,Formal,Formal,May - Jul,7095.739795
2025,23 Ciudades y áreas metropolitanas,Formal,Formal,Jun - Ago,7152.342737
2025,23 Ciudades y áreas metropolitanas,Formal,Formal,Jul - Sep,7198.619652
2025,23 Ciudades y áreas metropolitanas,Formal,Formal,Ago - Oct,7144.69372
2025,23 Ciudades y áreas metropolitanas,Formal,Formal,Sep - Nov,7207.580947
2025,23 Ciudades y áreas metropolitanas,Formal,Formal,Oct - Dic,7225.806379
2025,23 Ciudades y áreas metropolitanas,Formal,Formal,Nov - Ene,7233.551609
2025,23 Ciudades y áreas metropolitanas,Formal,Formal,Dic - Feb,7158.345735
2026,23 Ciudades y áreas metropolitanas,Formal,Formal,Ene - Mar,7162.025443
2026,23 Ciudades y áreas metropolitanas,Formal,Formal,Feb - Abr,7252.805243
2021,23 Ciudades y áreas metropolitanas,Formal,No informa,Ene - Mar,20.163431
2021,23 Ciudades y áreas metropolitanas,Formal,No informa,Feb - Abr,15.554095333333334
2021,23 Ciudades y áreas metropolitanas,Formal,No informa,Mar - May,11.724247
2021,23 Ciudades y áreas metropolitanas,Formal,No informa,Abr - Jun,1.8500426666666667
2021,23 Ciudades y áreas metropolitanas,Formal,No informa,May - Jul,1.5464676666666666
2021,23 Ciudades y áreas metropolitanas,Formal,No informa,Jun - Ago,3.9830176666666666
2021,23 Ciudades y áreas metropolitanas,Formal,No informa,Jul - Sep,3.9570716666666663
2021,23 Ciudades y áreas metropolitanas,Formal,No informa,Ago - Oct,5.3789386666666665
2021,23 Ciudades y áreas metropolitanas,Formal,No informa,Sep - Nov,12.893266666666667
2021,23 Ciudades y áreas metropolitanas,Formal,No informa,Oct - Dic,14.788142
2021,23 Ciudades y áreas metropolitanas,Formal,No informa,Nov - Ene,16.141316333333336
2021,23 Ciudades y áreas metropolitanas,Formal,No informa,Dic - Feb,7.369189666666666
2022,23 Ciudades y áreas metropolitanas,Formal,No informa,Ene - Mar,5.597998333333333
2022,23 Ciudades y áreas metropolitanas,Formal,No informa,Feb - Abr,3.270913333333333
2022,23 Ciudades y áreas metropolitanas,Formal,No informa,Mar - May,5.353256666666667
2022,23 Ciudades y áreas metropolitanas,Formal,No informa,Abr - Jun,6.011044666666667
2022,23 Ciudades y áreas metropolitanas,Formal,No informa,May - Jul,5.6098946666666665
2022,23 Ciudades y áreas metropolitanas,Formal,No informa,Jun - Ago,0.9846206666666667
2022,23 Ciudades y áreas metropolitanas,Formal,No informa,Jul - Sep,1.6477466666666667
2022,23 Ciudades y áreas metropolitanas,Formal,No informa,Ago - Oct,2.9677726666666664
2022,23 Ciudades y áreas metropolitanas,Formal,No informa,Sep - Nov,11.779404999999999
2022,23 Ciudades y áreas metropolitanas,Formal,No informa,Oct - Dic,11.359526
2022,23 Ciudades y áreas metropolitanas,Formal,No informa,Nov - Ene,10.935667666666667
2022,23 Ciudades y áreas metropolitanas,Formal,No informa,Dic - Feb,1.967693
2023,23 Ciudades y áreas metropolitanas,Formal,No informa,Ene - Mar,2.2344906666666664
2023,23 Ciudades y áreas metropolitanas,Formal,No informa,Feb - Abr,1.2915166666666666
2023,23 Ciudades y áreas metropolitanas,Formal,No informa,Mar - May,2.3848753333333335
2023,23 Ciudades y áreas metropolitanas,Formal,No informa,Abr - Jun,1.2223950000000001
2023,23 Ciudades y áreas metropolitanas,Formal,No informa,May - Jul,1.6284526666666668
2023,23 Ciudades y áreas metropolitanas,Formal,No informa,Jun - Ago,0.8368359999999999
2023,23 Ciudades y áreas metropolitanas,Formal,No informa,Jul - Sep,0.8434166666666667
2023,23 Ciudades y áreas metropolitanas,Formal,No informa,Ago - Oct,0.437359
2023,23 Ciudades y áreas metropolitanas,Formal,No informa,Sep - Nov,0.17206866666666668
2023,23 Ciudades y áreas metropolitanas,Formal,No informa,Oct - Dic,0.03645166666666667
2023,23 Ciudades y áreas metropolitanas,Formal,No informa,Nov - Ene,0.16284533333333331
2023,23 Ciudades y áreas metropolitanas,Formal,No informa,Dic - Feb,0.35246466666666665
2024,23 Ciudades y áreas metropolitanas,Formal,No informa,Ene - Mar,0.5099629999999999
2024,23 Ciudades y áreas metropolitanas,Formal,No informa,Feb - Abr,0.6783733333333334
2024,23 Ciudades y áreas metropolitanas,Formal,No informa,Mar - May,0.8175870000000001
2024,23 Ciudades y áreas metropolitanas,Formal,No informa,Abr - Jun,0.6600886666666667
2024,23 Ciudades y áreas metropolitanas,Formal,No informa,May - Jul,0.3652846666666667
2024,23 Ciudades y áreas metropolitanas,Formal,No informa,Jun - Ago,0.8678629999999999
2024,23 Ciudades y áreas metropolitanas,Formal,No informa,Jul - Sep,0.919274
2024,23 Ciudades y áreas metropolitanas,Formal,No informa,Ago - Oct,0.919274
2024,23 Ciudades y áreas metropolitanas,Formal,No informa,Sep - Nov,0.10967766666666667
2024,23 Ciudades y áreas metropolitanas,Formal,No informa,Oct - Dic,0.11908166666666668
2024,23 Ciudades y áreas metropolitanas,Formal,No informa,Nov - Ene,0.119082
2024,23 Ciudades y áreas metropolitanas,Formal,No informa,Dic - Feb,0.060815
2025,23 Ciudades y áreas metropolitanas,Formal,No informa,Ene - Mar,0.0
2025,23 Ciudades y áreas metropolitanas,Formal,No informa,Feb - Abr,0.0
2025,23 Ciudades y áreas metropolitanas,Formal,No informa,Mar - May,0.0
2025,23 Ciudades y áreas metropolitanas,Formal,No informa,Abr - Jun,0.0
2025,23 Ciudades y áreas metropolitanas,Formal,No informa,May - Jul,0.0
2025,23 Ciudades y áreas metropolitanas,Formal,No informa,Jun - Ago,0.0
2025,23 Ciudades y áreas metropolitanas,Formal,No informa,Jul - Sep,0.0
2025,23 Ciudades y áreas metropolitanas,Formal,No informa,Ago - Oct,0.0
2025,23 Ciudades y áreas metropolitanas,Formal,No informa,Sep - Nov,0.0
2025,23 Ciudades y áreas metropolitanas,Formal,No informa,Oct - Dic,0.0
2025,23 Ciudades y áreas metropolitanas,Formal,No informa,Nov - Ene,0.0
2025,23 Ciudades y áreas metropolitanas,Formal,No informa,Dic - Feb,0.0
2026,23 Ciudades y áreas metropolitanas,Formal,No informa,Ene - Mar,0.0
2026,23 Ciudades y áreas metropolitanas,Formal,No informa,Feb - Abr,0.058288
2021,23 Ciudades y áreas metropolitanas,Formal,Otras ramas*,Ene - Mar,153.03959033333334
2021,23 Ciudades y áreas metropolitanas,Formal,Otras ramas*,Feb - Abr,152.70682266666665
2021,23 Ciudades y áreas metropolitanas,Formal,Otras ramas*,Mar - May,169.61693533333334
2021,23 Ciudades y áreas metropolitanas,Formal,Otras ramas*,Abr - Jun,160.156844
2021,23 Ciudades y áreas metropolitanas,Formal,Otras ramas*,May - Jul,154.13171633333334
2021,23 Ciudades y áreas metropolitanas,Formal,Otras ramas*,Jun - Ago,158.55569300000002
2021,23 Ciudades y áreas metropolitanas,Formal,Otras ramas*,Jul - Sep,164.058865
2021,23 Ciudades y áreas metropolitanas,Formal,Otras ramas*,Ago - Oct,178.20422
2021,23 Ciudades y áreas metropolitanas,Formal,Otras ramas*,Sep - Nov,182.05329733333335
2021,23 Ciudades y áreas metropolitanas,Formal,Otras ramas*,Oct - Dic,183.48316833333334
2021,23 Ciudades y áreas metropolitanas,Formal,Otras ramas*,Nov - Ene,186.79726866666667
2021,23 Ciudades y áreas metropolitanas,Formal,Otras ramas*,Dic - Feb,177.36663466666667
2022,23 Ciudades y áreas metropolitanas,Formal,Otras ramas*,Ene - Mar,181.52868566666666
2022,23 Ciudades y áreas metropolitanas,Formal,Otras ramas*,Feb - Abr,183.82513099999997
2022,23 Ciudades y áreas metropolitanas,Formal,Otras ramas*,Mar - May,191.098884
2022,23 Ciudades y áreas metropolitanas,Formal,Otras ramas*,Abr - Jun,184.41264566666666
2022,23 Ciudades y áreas metropolitanas,Formal,Otras ramas*,May - Jul,184.330976
2022,23 Ciudades y áreas metropolitanas,Formal,Otras ramas*,Jun - Ago,190.08737033333333
2022,23 Ciudades y áreas metropolitanas,Formal,Otras ramas*,Jul - Sep,188.34706533333335
2022,23 Ciudades y áreas metropolitanas,Formal,Otras ramas*,Ago - Oct,185.4871893333333
2022,23 Ciudades y áreas metropolitanas,Formal,Otras ramas*,Sep - Nov,190.28481933333333
2022,23 Ciudades y áreas metropolitanas,Formal,Otras ramas*,Oct - Dic,201.5850516666667
2022,23 Ciudades y áreas metropolitanas,Formal,Otras ramas*,Nov - Ene,210.25348666666665
2022,23 Ciudades y áreas metropolitanas,Formal,Otras ramas*,Dic - Feb,197.22496266666667
2023,23 Ciudades y áreas metropolitanas,Formal,Otras ramas*,Ene - Mar,188.16239800000002
2023,23 Ciudades y áreas metropolitanas,Formal,Otras ramas*,Feb - Abr,184.985757
2023,23 Ciudades y áreas metropolitanas,Formal,Otras ramas*,Mar - May,192.06646133333334
2023,23 Ciudades y áreas metropolitanas,Formal,Otras ramas*,Abr - Jun,207.16328866666666
2023,23 Ciudades y áreas metropolitanas,Formal,Otras ramas*,May - Jul,217.87766333333332
2023,23 Ciudades y áreas metropolitanas,Formal,Otras ramas*,Jun - Ago,223.21640299999999
2023,23 Ciudades y áreas metropolitanas,Formal,Otras ramas*,Jul - Sep,211.267886
2023,23 Ciudades y áreas metropolitanas,Formal,Otras ramas*,Ago - Oct,200.02034899999998
2023,23 Ciudades y áreas metropolitanas,Formal,Otras ramas*,Sep - Nov,197.53999466666664
2023,23 Ciudades y áreas metropolitanas,Formal,Otras ramas*,Oct - Dic,205.72386766666668
2023,23 Ciudades y áreas metropolitanas,Formal,Otras ramas*,Nov - Ene,210.96821033333333
2023,23 Ciudades y áreas metropolitanas,Formal,Otras ramas*,Dic - Feb,199.362919
2024,23 Ciudades y áreas metropolitanas,Formal,Otras ramas*,Ene - Mar,195.90299266666668
2024,23 Ciudades y áreas metropolitanas,Formal,Otras ramas*,Feb - Abr,184.496807
2024,23 Ciudades y áreas metropolitanas,Formal,Otras ramas*,Mar - May,197.02381033333336
2024,23 Ciudades y áreas metropolitanas,Formal,Otras ramas*,Abr - Jun,191.286199
2024,23 Ciudades y áreas metropolitanas,Formal,Otras ramas*,May - Jul,188.74245366666665
2024,23 Ciudades y áreas metropolitanas,Formal,Otras ramas*,Jun - Ago,194.9509393333333
2024,23 Ciudades y áreas metropolitanas,Formal,Otras ramas*,Jul - Sep,204.09486133333334
2024,23 Ciudades y áreas metropolitanas,Formal,Otras ramas*,Ago - Oct,221.73851166666668
2024,23 Ciudades y áreas metropolitanas,Formal,Otras ramas*,Sep - Nov,212.83951766666667
2024,23 Ciudades y áreas metropolitanas,Formal,Otras ramas*,Oct - Dic,211.248859
2024,23 Ciudades y áreas metropolitanas,Formal,Otras ramas*,Nov - Ene,198.164181
2024,23 Ciudades y áreas metropolitanas,Formal,Otras ramas*,Dic - Feb,205.188247
2025,23 Ciudades y áreas metropolitanas,Formal,Otras ramas*,Ene - Mar,221.326215
2025,23 Ciudades y áreas metropolitanas,Formal,Otras ramas*,Feb - Abr,218.731227
2025,23 Ciudades y áreas metropolitanas,Formal,Otras ramas*,Mar - May,200.476688
2025,23 Ciudades y áreas metropolitanas,Formal,Otras ramas*,Abr - Jun,188.293678
2025,23 Ciudades y áreas metropolitanas,Formal,Otras ramas*,May - Jul,208.719762
2025,23 Ciudades y áreas metropolitanas,Formal,Otras ramas*,Jun - Ago,237.187833
2025,23 Ciudades y áreas metropolitanas,Formal,Otras ramas*,Jul - Sep,236.088171
2025,23 Ciudades y áreas metropolitanas,Formal,Otras ramas*,Ago - Oct,238.744443
2025,23 Ciudades y áreas metropolitanas,Formal,Otras ramas*,Sep - Nov,235.064975
2025,23 Ciudades y áreas metropolitanas,Formal,Otras ramas*,Oct - Dic,217.569226
2025,23 Ciudades y áreas metropolitanas,Formal,Otras ramas*,Nov - Ene,201.537686
2025,23 Ciudades y áreas metropolitanas,Formal,Otras ramas*,Dic - Feb,194.488138
2026,23 Ciudades y áreas metropolitanas,Formal,Otras ramas*,Ene - Mar,217.906334
2026,23 Ciudades y áreas metropolitanas,Formal,Otras ramas*,Feb - Abr,237.990028
2021,23 Ciudades y áreas metropolitanas,Formal,Industrias manufactureras,Ene - Mar,648.851133
2021,23 Ciudades y áreas metropolitanas,Formal,Industrias manufactureras,Feb - Abr,636.609827
2021,23 Ciudades y áreas metropolitanas,Formal,Industrias manufactureras,Mar - May,660.9641153333333
2021,23 Ciudades y áreas metropolitanas,Formal,Industrias manufactureras,Abr - Jun,706.4958653333333
2021,23 Ciudades y áreas metropolitanas,Formal,Industrias manufactureras,May - Jul,750.1535726666666
2021,23 Ciudades y áreas metropolitanas,Formal,Industrias manufactureras,Jun - Ago,750.7605603333333
2021,23 Ciudades y áreas metropolitanas,Formal,Industrias manufactureras,Jul - Sep,744.46526
2021,23 Ciudades y áreas metropolitanas,Formal,Industrias manufactureras,Ago - Oct,724.7707326666667
2021,23 Ciudades y áreas metropolitanas,Formal,Industrias manufactureras,Sep - Nov,720.9848446666666
2021,23 Ciudades y áreas metropolitanas,Formal,Industrias manufactureras,Oct - Dic,734.6982063333334
2021,23 Ciudades y áreas metropolitanas,Formal,Industrias manufactureras,Nov - Ene,765.3537936666667
2021,23 Ciudades y áreas metropolitanas,Formal,Industrias manufactureras,Dic - Feb,787.036177
2022,23 Ciudades y áreas metropolitanas,Formal,Industrias manufactureras,Ene - Mar,802.5410803333334
2022,23 Ciudades y áreas metropolitanas,Formal,Industrias manufactureras,Feb - Abr,818.9544786666665
2022,23 Ciudades y áreas metropolitanas,Formal,Industrias manufactureras,Mar - May,846.816661
2022,23 Ciudades y áreas metropolitanas,Formal,Industrias manufactureras,Abr - Jun,854.0065539999999
2022,23 Ciudades y áreas metropolitanas,Formal,Industrias manufactureras,May - Jul,867.5079810000001
2022,23 Ciudades y áreas metropolitanas,Formal,Industrias manufactureras,Jun - Ago,880.1539303333334
2022,23 Ciudades y áreas metropolitanas,Formal,Industrias manufactureras,Jul - Sep,881.2240969999999
2022,23 Ciudades y áreas metropolitanas,Formal,Industrias manufactureras,Ago - Oct,878.7147653333333
2022,23 Ciudades y áreas metropolitanas,Formal,Industrias manufactureras,Sep - Nov,888.5206459999999
2022,23 Ciudades y áreas metropolitanas,Formal,Industrias manufactureras,Oct - Dic,901.01836
2022,23 Ciudades y áreas metropolitanas,Formal,Industrias manufactureras,Nov - Ene,900.529472
2022,23 Ciudades y áreas metropolitanas,Formal,Industrias manufactureras,Dic - Feb,859.0563423333333
2023,23 Ciudades y áreas metropolitanas,Formal,Industrias manufactureras,Ene - Mar,848.3193946666667
2023,23 Ciudades y áreas metropolitanas,Formal,Industrias manufactureras,Feb - Abr,901.102367
2023,23 Ciudades y áreas metropolitanas,Formal,Industrias manufactureras,Mar - May,939.075502
2023,23 Ciudades y áreas metropolitanas,Formal,Industrias manufactureras,Abr - Jun,961.5582476666667
2023,23 Ciudades y áreas metropolitanas,Formal,Industrias manufactureras,May - Jul,918.7430263333332
2023,23 Ciudades y áreas metropolitanas,Formal,Industrias manufactureras,Jun - Ago,919.418311
2023,23 Ciudades y áreas metropolitanas,Formal,Industrias manufactureras,Jul - Sep,923.087739
2023,23 Ciudades y áreas metropolitanas,Formal,Industrias manufactureras,Ago - Oct,921.8200066666667
2023,23 Ciudades y áreas metropolitanas,Formal,Industrias manufactureras,Sep - Nov,915.4447326666667
2023,23 Ciudades y áreas metropolitanas,Formal,Industrias manufactureras,Oct - Dic,909.2326143333333
2023,23 Ciudades y áreas metropolitanas,Formal,Industrias manufactureras,Nov - Ene,938.7884809999999
2023,23 Ciudades y áreas metropolitanas,Formal,Industrias manufactureras,Dic - Feb,938.9730033333334
2024,23 Ciudades y áreas metropolitanas,Formal,Industrias manufactureras,Ene - Mar,931.4507066666666
2024,23 Ciudades y áreas metropolitanas,Formal,Industrias manufactureras,Feb - Abr,905.9411573333333
2024,23 Ciudades y áreas metropolitanas,Formal,Industrias manufactureras,Mar - May,937.5534729999999
2024,23 Ciudades y áreas metropolitanas,Formal,Industrias manufactureras,Abr - Jun,951.373137
2024,23 Ciudades y áreas metropolitanas,Formal,Industrias manufactureras,May - Jul,963.6096600000001
2024,23 Ciudades y áreas metropolitanas,Formal,Industrias manufactureras,Jun - Ago,938.3274046666667
2024,23 Ciudades y áreas metropolitanas,Formal,Industrias manufactureras,Jul - Sep,937.4809503333332
2024,23 Ciudades y áreas metropolitanas,Formal,Industrias manufactureras,Ago - Oct,943.0522423333332
2024,23 Ciudades y áreas metropolitanas,Formal,Industrias manufactureras,Sep - Nov,969.1506166666667
2024,23 Ciudades y áreas metropolitanas,Formal,Industrias manufactureras,Oct - Dic,978.4066990000001
2024,23 Ciudades y áreas metropolitanas,Formal,Industrias manufactureras,Nov - Ene,985.075061
2024,23 Ciudades y áreas metropolitanas,Formal,Industrias manufactureras,Dic - Feb,976.00737
2025,23 Ciudades y áreas metropolitanas,Formal,Industrias manufactureras,Ene - Mar,980.875927
2025,23 Ciudades y áreas metropolitanas,Formal,Industrias manufactureras,Feb - Abr,1008.130729
2025,23 Ciudades y áreas metropolitanas,Formal,Industrias manufactureras,Mar - May,1030.716727
2025,23 Ciudades y áreas metropolitanas,Formal,Industrias manufactureras,Abr - Jun,1075.625227
2025,23 Ciudades y áreas metropolitanas,Formal,Industrias manufactureras,May - Jul,1077.211484
2025,23 Ciudades y áreas metropolitanas,Formal,Industrias manufactureras,Jun - Ago,1084.170545
2025,23 Ciudades y áreas metropolitanas,Formal,Industrias manufactureras,Jul - Sep,1066.466018
2025,23 Ciudades y áreas metropolitanas,Formal,Industrias manufactureras,Ago - Oct,1072.647104
2025,23 Ciudades y áreas metropolitanas,Formal,Industrias manufactureras,Sep - Nov,1070.193767
2025,23 Ciudades y áreas metropolitanas,Formal,Industrias manufactureras,Oct - Dic,1092.860348
2025,23 Ciudades y áreas metropolitanas,Formal,Industrias manufactureras,Nov - Ene,1061.419445
2025,23 Ciudades y áreas metropolitanas,Formal,Industrias manufactureras,Dic - Feb,1036.299988
2026,23 Ciudades y áreas metropolitanas,Formal,Industrias manufactureras,Ene - Mar,959.645166
2026,23 Ciudades y áreas metropolitanas,Formal,Industrias manufactureras,Feb - Abr,974.717971
2021,23 Ciudades y áreas metropolitanas,Formal,Construcción,Ene - Mar,283.1007486666667
2021,23 Ciudades y áreas metropolitanas,Formal,Construcción,Feb - Abr,299.171865
2021,23 Ciudades y áreas metropolitanas,Formal,Construcción,Mar - May,300.345699
2021,23 Ciudades y áreas metropolitanas,Formal,Construcción,Abr - Jun,270.9411313333333
2021,23 Ciudades y áreas metropolitanas,Formal,Construcción,May - Jul,251.850506
2021,23 Ciudades y áreas metropolitanas,Formal,Construcción,Jun - Ago,261.86635433333333
2021,23 Ciudades y áreas metropolitanas,Formal,Construcción,Jul - Sep,260.35045033333336
2021,23 Ciudades y áreas metropolitanas,Formal,Construcción,Ago - Oct,264.30489666666665
2021,23 Ciudades y áreas metropolitanas,Formal,Construcción,Sep - Nov,281.85405966666667
2021,23 Ciudades y áreas metropolitanas,Formal,Construcción,Oct - Dic,287.336337
2021,23 Ciudades y áreas metropolitanas,Formal,Construcción,Nov - Ene,304.66880399999997
2021,23 Ciudades y áreas metropolitanas,Formal,Construcción,Dic - Feb,309.77903100000003
2022,23 Ciudades y áreas metropolitanas,Formal,Construcción,Ene - Mar,316.81794133333335
2022,23 Ciudades y áreas metropolitanas,Formal,Construcción,Feb - Abr,310.8468063333333
2022,23 Ciudades y áreas metropolitanas,Formal,Construcción,Mar - May,321.1194723333333
2022,23 Ciudades y áreas metropolitanas,Formal,Construcción,Abr - Jun,318.3159726666667
2022,23 Ciudades y áreas metropolitanas,Formal,Construcción,May - Jul,310.24078933333334
2022,23 Ciudades y áreas metropolitanas,Formal,Construcción,Jun - Ago,308.39411666666666
2022,23 Ciudades y áreas metropolitanas,Formal,Construcción,Jul - Sep,306.3864486666667
2022,23 Ciudades y áreas metropolitanas,Formal,Construcción,Ago - Oct,315.84364766666664
2022,23 Ciudades y áreas metropolitanas,Formal,Construcción,Sep - Nov,293.6839393333334
2022,23 Ciudades y áreas metropolitanas,Formal,Construcción,Oct - Dic,299.52354866666667
2022,23 Ciudades y áreas metropolitanas,Formal,Construcción,Nov - Ene,285.86011433333334
2022,23 Ciudades y áreas metropolitanas,Formal,Construcción,Dic - Feb,297.9040823333333
2023,23 Ciudades y áreas metropolitanas,Formal,Construcción,Ene - Mar,296.44280533333335
2023,23 Ciudades y áreas metropolitanas,Formal,Construcción,Feb - Abr,317.5882283333333
2023,23 Ciudades y áreas metropolitanas,Formal,Construcción,Mar - May,303.74501166666664
2023,23 Ciudades y áreas metropolitanas,Formal,Construcción,Abr - Jun,319.34825666666666
2023,23 Ciudades y áreas metropolitanas,Formal,Construcción,May - Jul,331.3875183333334
2023,23 Ciudades y áreas metropolitanas,Formal,Construcción,Jun - Ago,355.9790586666666
2023,23 Ciudades y áreas metropolitanas,Formal,Construcción,Jul - Sep,359.236659
2023,23 Ciudades y áreas metropolitanas,Formal,Construcción,Ago - Oct,357.2039646666667
2023,23 Ciudades y áreas metropolitanas,Formal,Construcción,Sep - Nov,359.2725106666667
2023,23 Ciudades y áreas metropolitanas,Formal,Construcción,Oct - Dic,343.04020166666663
2023,23 Ciudades y áreas metropolitanas,Formal,Construcción,Nov - Ene,323.60364933333335
2023,23 Ciudades y áreas metropolitanas,Formal,Construcción,Dic - Feb,326.23676866666665
2024,23 Ciudades y áreas metropolitanas,Formal,Construcción,Ene - Mar,322.726161
2024,23 Ciudades y áreas metropolitanas,Formal,Construcción,Feb - Abr,361.03076166666665
2024,23 Ciudades y áreas metropolitanas,Formal,Construcción,Mar - May,363.58491499999997
2024,23 Ciudades y áreas metropolitanas,Formal,Construcción,Abr - Jun,389.89454
2024,23 Ciudades y áreas metropolitanas,Formal,Construcción,May - Jul,360.48912566666667
2024,23 Ciudades y áreas metropolitanas,Formal,Construcción,Jun - Ago,356.6611403333333
2024,23 Ciudades y áreas metropolitanas,Formal,Construcción,Jul - Sep,344.3456883333333
2024,23 Ciudades y áreas metropolitanas,Formal,Construcción,Ago - Oct,351.72019300000005
2024,23 Ciudades y áreas metropolitanas,Formal,Construcción,Sep - Nov,344.06909833333333
2024,23 Ciudades y áreas metropolitanas,Formal,Construcción,Oct - Dic,326.76591033333335
2024,23 Ciudades y áreas metropolitanas,Formal,Construcción,Nov - Ene,327.868282
2024,23 Ciudades y áreas metropolitanas,Formal,Construcción,Dic - Feb,350.654519
2025,23 Ciudades y áreas metropolitanas,Formal,Construcción,Ene - Mar,351.218982
2025,23 Ciudades y áreas metropolitanas,Formal,Construcción,Feb - Abr,350.408169
2025,23 Ciudades y áreas metropolitanas,Formal,Construcción,Mar - May,307.861073
2025,23 Ciudades y áreas metropolitanas,Formal,Construcción,Abr - Jun,287.193983
2025,23 Ciudades y áreas metropolitanas,Formal,Construcción,May - Jul,299.478004
2025,23 Ciudades y áreas metropolitanas,Formal,Construcción,Jun - Ago,330.109644
2025,23 Ciudades y áreas metropolitanas,Formal,Construcción,Jul - Sep,355.639226
2025,23 Ciudades y áreas metropolitanas,Formal,Construcción,Ago - Oct,329.700128
2025,23 Ciudades y áreas metropolitanas,Formal,Construcción,Sep - Nov,329.932395
2025,23 Ciudades y áreas metropolitanas,Formal,Construcción,Oct - Dic,334.42727
2025,23 Ciudades y áreas metropolitanas,Formal,Construcción,Nov - Ene,340.305634
2025,23 Ciudades y áreas metropolitanas,Formal,Construcción,Dic - Feb,334.592162
2026,23 Ciudades y áreas metropolitanas,Formal,Construcción,Ene - Mar,336.41369
2026,23 Ciudades y áreas metropolitanas,Formal,Construcción,Feb - Abr,348.012845
2021,23 Ciudades y áreas metropolitanas,Formal,Comercio y reparación de vehículos,Ene - Mar,910.4750469999999
2021,23 Ciudades y áreas metropolitanas,Formal,Comercio y reparación de vehículos,Feb - Abr,948.1528886666666
2021,23 Ciudades y áreas metropolitanas,Formal,Comercio y reparación de vehículos,Mar - May,1005.8170143333333
2021,23 Ciudades y áreas metropolitanas,Formal,Comercio y reparación de vehículos,Abr - Jun,1029.1312846666667
2021,23 Ciudades y áreas metropolitanas,Formal,Comercio y reparación de vehículos,May - Jul,1056.1140566666666
2021,23 Ciudades y áreas metropolitanas,Formal,Comercio y reparación de vehículos,Jun - Ago,1051.7393926666666
2021,23 Ciudades y áreas metropolitanas,Formal,Comercio y reparación de vehículos,Jul - Sep,1058.6043306666666
2021,23 Ciudades y áreas metropolitanas,Formal,Comercio y reparación de vehículos,Ago - Oct,1030.298213
2021,23 Ciudades y áreas metropolitanas,Formal,Comercio y reparación de vehículos,Sep - Nov,1058.805169
2021,23 Ciudades y áreas metropolitanas,Formal,Comercio y reparación de vehículos,Oct - Dic,1071.3116276666667
2021,23 Ciudades y áreas metropolitanas,Formal,Comercio y reparación de vehículos,Nov - Ene,1090.4780963333335
2021,23 Ciudades y áreas metropolitanas,Formal,Comercio y reparación de vehículos,Dic - Feb,1108.1650853333333
2022,23 Ciudades y áreas metropolitanas,Formal,Comercio y reparación de vehículos,Ene - Mar,1106.9680793333334
2022,23 Ciudades y áreas metropolitanas,Formal,Comercio y reparación de vehículos,Feb - Abr,1119.8080993333333
2022,23 Ciudades y áreas metropolitanas,Formal,Comercio y reparación de vehículos,Mar - May,1078.9935016666666
2022,23 Ciudades y áreas metropolitanas,Formal,Comercio y reparación de vehículos,Abr - Jun,1082.1229466666666
2022,23 Ciudades y áreas metropolitanas,Formal,Comercio y reparación de vehículos,May - Jul,1050.0860856666666
2022,23 Ciudades y áreas metropolitanas,Formal,Comercio y reparación de vehículos,Jun - Ago,1102.6477940000002
2022,23 Ciudades y áreas metropolitanas,Formal,Comercio y reparación de vehículos,Jul - Sep,1143.9712286666668
2022,23 Ciudades y áreas metropolitanas,Formal,Comercio y reparación de vehículos,Ago - Oct,1143.6599503333334
2022,23 Ciudades y áreas metropolitanas,Formal,Comercio y reparación de vehículos,Sep - Nov,1168.3238623333334
2022,23 Ciudades y áreas metropolitanas,Formal,Comercio y reparación de vehículos,Oct - Dic,1148.847962
2022,23 Ciudades y áreas metropolitanas,Formal,Comercio y reparación de vehículos,Nov - Ene,1161.4651723333334
2022,23 Ciudades y áreas metropolitanas,Formal,Comercio y reparación de vehículos,Dic - Feb,1150.0620959999999
2023,23 Ciudades y áreas metropolitanas,Formal,Comercio y reparación de vehículos,Ene - Mar,1160.6501513333333
2023,23 Ciudades y áreas metropolitanas,Formal,Comercio y reparación de vehículos,Feb - Abr,1183.6442966666666
2023,23 Ciudades y áreas metropolitanas,Formal,Comercio y reparación de vehículos,Mar - May,1183.1897053333332
2023,23 Ciudades y áreas metropolitanas,Formal,Comercio y reparación de vehículos,Abr - Jun,1192.3949026666667
2023,23 Ciudades y áreas metropolitanas,Formal,Comercio y reparación de vehículos,May - Jul,1232.5430363333335
2023,23 Ciudades y áreas metropolitanas,Formal,Comercio y reparación de vehículos,Jun - Ago,1210.242075
2023,23 Ciudades y áreas metropolitanas,Formal,Comercio y reparación de vehículos,Jul - Sep,1195.3200033333333
2023,23 Ciudades y áreas metropolitanas,Formal,Comercio y reparación de vehículos,Ago - Oct,1152.256283
2023,23 Ciudades y áreas metropolitanas,Formal,Comercio y reparación de vehículos,Sep - Nov,1203.6805689999999
2023,23 Ciudades y áreas metropolitanas,Formal,Comercio y reparación de vehículos,Oct - Dic,1224.9165113333333
2023,23 Ciudades y áreas metropolitanas,Formal,Comercio y reparación de vehículos,Nov - Ene,1215.9467716666668
2023,23 Ciudades y áreas metropolitanas,Formal,Comercio y reparación de vehículos,Dic - Feb,1171.5750596666667
2024,23 Ciudades y áreas metropolitanas,Formal,Comercio y reparación de vehículos,Ene - Mar,1195.7822946666668
2024,23 Ciudades y áreas metropolitanas,Formal,Comercio y reparación de vehículos,Feb - Abr,1203.0807076666667
2024,23 Ciudades y áreas metropolitanas,Formal,Comercio y reparación de vehículos,Mar - May,1226.0347503333332
2024,23 Ciudades y áreas metropolitanas,Formal,Comercio y reparación de vehículos,Abr - Jun,1184.5754033333333
2024,23 Ciudades y áreas metropolitanas,Formal,Comercio y reparación de vehículos,May - Jul,1184.1311910000002
2024,23 Ciudades y áreas metropolitanas,Formal,Comercio y reparación de vehículos,Jun - Ago,1194.03538
2024,23 Ciudades y áreas metropolitanas,Formal,Comercio y reparación de vehículos,Jul - Sep,1203.1955166666667
2024,23 Ciudades y áreas metropolitanas,Formal,Comercio y reparación de vehículos,Ago - Oct,1208.2506416666668
2024,23 Ciudades y áreas metropolitanas,Formal,Comercio y reparación de vehículos,Sep - Nov,1199.109488
2024,23 Ciudades y áreas metropolitanas,Formal,Comercio y reparación de vehículos,Oct - Dic,1231.166263
2024,23 Ciudades y áreas metropolitanas,Formal,Comercio y reparación de vehículos,Nov - Ene,1219.504633
2024,23 Ciudades y áreas metropolitanas,Formal,Comercio y reparación de vehículos,Dic - Feb,1179.842693
2025,23 Ciudades y áreas metropolitanas,Formal,Comercio y reparación de vehículos,Ene - Mar,1127.262665
2025,23 Ciudades y áreas metropolitanas,Formal,Comercio y reparación de vehículos,Feb - Abr,1147.206102
2025,23 Ciudades y áreas metropolitanas,Formal,Comercio y reparación de vehículos,Mar - May,1202.768761
2025,23 Ciudades y áreas metropolitanas,Formal,Comercio y reparación de vehículos,Abr - Jun,1280.733139
2025,23 Ciudades y áreas metropolitanas,Formal,Comercio y reparación de vehículos,May - Jul,1272.686284
2025,23 Ciudades y áreas metropolitanas,Formal,Comercio y reparación de vehículos,Jun - Ago,1234.052468
2025,23 Ciudades y áreas metropolitanas,Formal,Comercio y reparación de vehículos,Jul - Sep,1191.642461
2025,23 Ciudades y áreas metropolitanas,Formal,Comercio y reparación de vehículos,Ago - Oct,1175.371343
2025,23 Ciudades y áreas metropolitanas,Formal,Comercio y reparación de vehículos,Sep - Nov,1222.949777
2025,23 Ciudades y áreas metropolitanas,Formal,Comercio y reparación de vehículos,Oct - Dic,1272.368273
2025,23 Ciudades y áreas metropolitanas,Formal,Comercio y reparación de vehículos,Nov - Ene,1311.761514
2025,23 Ciudades y áreas metropolitanas,Formal,Comercio y reparación de vehículos,Dic - Feb,1267.372271
2026,23 Ciudades y áreas metropolitanas,Formal,Comercio y reparación de vehículos,Ene - Mar,1222.531439
2026,23 Ciudades y áreas metropolitanas,Formal,Comercio y reparación de vehículos,Feb - Abr,1225.47661
2021,23 Ciudades y áreas metropolitanas,Formal,Alojamiento y servicios de comida,Ene - Mar,167.84290233333334
2021,23 Ciudades y áreas metropolitanas,Formal,Alojamiento y servicios de comida,Feb - Abr,168.2105756666667
2021,23 Ciudades y áreas metropolitanas,Formal,Alojamiento y servicios de comida,Mar - May,186.43587466666668
2021,23 Ciudades y áreas metropolitanas,Formal,Alojamiento y servicios de comida,Abr - Jun,185.90962866666666
2021,23 Ciudades y áreas metropolitanas,Formal,Alojamiento y servicios de comida,May - Jul,200.31960866666665
2021,23 Ciudades y áreas metropolitanas,Formal,Alojamiento y servicios de comida,Jun - Ago,203.5935493333333
2021,23 Ciudades y áreas metropolitanas,Formal,Alojamiento y servicios de comida,Jul - Sep,231.477006
2021,23 Ciudades y áreas metropolitanas,Formal,Alojamiento y servicios de comida,Ago - Oct,225.058071
2021,23 Ciudades y áreas metropolitanas,Formal,Alojamiento y servicios de comida,Sep - Nov,219.18363133333332
2021,23 Ciudades y áreas metropolitanas,Formal,Alojamiento y servicios de comida,Oct - Dic,211.62216733333335
2021,23 Ciudades y áreas metropolitanas,Formal,Alojamiento y servicios de comida,Nov - Ene,234.6175373333333
2021,23 Ciudades y áreas metropolitanas,Formal,Alojamiento y servicios de comida,Dic - Feb,254.24812899999998
2022,23 Ciudades y áreas metropolitanas,Formal,Alojamiento y servicios de comida,Ene - Mar,262.36018
2022,23 Ciudades y áreas metropolitanas,Formal,Alojamiento y servicios de comida,Feb - Abr,249.39934033333336
2022,23 Ciudades y áreas metropolitanas,Formal,Alojamiento y servicios de comida,Mar - May,240.66112833333332
2022,23 Ciudades y áreas metropolitanas,Formal,Alojamiento y servicios de comida,Abr - Jun,237.5912843333333
2022,23 Ciudades y áreas metropolitanas,Formal,Alojamiento y servicios de comida,May - Jul,238.387534
2022,23 Ciudades y áreas metropolitanas,Formal,Alojamiento y servicios de comida,Jun - Ago,231.22625000000002
2022,23 Ciudades y áreas metropolitanas,Formal,Alojamiento y servicios de comida,Jul - Sep,230.22267733333334
2022,23 Ciudades y áreas metropolitanas,Formal,Alojamiento y servicios de comida,Ago - Oct,231.61174033333336
2022,23 Ciudades y áreas metropolitanas,Formal,Alojamiento y servicios de comida,Sep - Nov,226.97889733333332
2022,23 Ciudades y áreas metropolitanas,Formal,Alojamiento y servicios de comida,Oct - Dic,224.3181513333333
2022,23 Ciudades y áreas metropolitanas,Formal,Alojamiento y servicios de comida,Nov - Ene,231.55619166666665
2022,23 Ciudades y áreas metropolitanas,Formal,Alojamiento y servicios de comida,Dic - Feb,240.32799999999997
2023,23 Ciudades y áreas metropolitanas,Formal,Alojamiento y servicios de comida,Ene - Mar,257.6741896666667
2023,23 Ciudades y áreas metropolitanas,Formal,Alojamiento y servicios de comida,Feb - Abr,263.482378
2023,23 Ciudades y áreas metropolitanas,Formal,Alojamiento y servicios de comida,Mar - May,269.65037
2023,23 Ciudades y áreas metropolitanas,Formal,Alojamiento y servicios de comida,Abr - Jun,263.86883766666665
2023,23 Ciudades y áreas metropolitanas,Formal,Alojamiento y servicios de comida,May - Jul,258.053944
2023,23 Ciudades y áreas metropolitanas,Formal,Alojamiento y servicios de comida,Jun - Ago,274.56540533333333
2023,23 Ciudades y áreas metropolitanas,Formal,Alojamiento y servicios de comida,Jul - Sep,285.55713399999996
2023,23 Ciudades y áreas metropolitanas,Formal,Alojamiento y servicios de comida,Ago - Oct,307.11422799999997
2023,23 Ciudades y áreas metropolitanas,Formal,Alojamiento y servicios de comida,Sep - Nov,298.220941
2023,23 Ciudades y áreas metropolitanas,Formal,Alojamiento y servicios de comida,Oct - Dic,276.710332
2023,23 Ciudades y áreas metropolitanas,Formal,Alojamiento y servicios de comida,Nov - Ene,260.37643833333334
2023,23 Ciudades y áreas metropolitanas,Formal,Alojamiento y servicios de comida,Dic - Feb,264.17367033333335
2024,23 Ciudades y áreas metropolitanas,Formal,Alojamiento y servicios de comida,Ene - Mar,272.75650733333333
2024,23 Ciudades y áreas metropolitanas,Formal,Alojamiento y servicios de comida,Feb - Abr,278.241536
2024,23 Ciudades y áreas metropolitanas,Formal,Alojamiento y servicios de comida,Mar - May,288.162107
2024,23 Ciudades y áreas metropolitanas,Formal,Alojamiento y servicios de comida,Abr - Jun,312.7846133333333
2024,23 Ciudades y áreas metropolitanas,Formal,Alojamiento y servicios de comida,May - Jul,311.3150296666667
2024,23 Ciudades y áreas metropolitanas,Formal,Alojamiento y servicios de comida,Jun - Ago,320.579589
2024,23 Ciudades y áreas metropolitanas,Formal,Alojamiento y servicios de comida,Jul - Sep,317.9661796666667
2024,23 Ciudades y áreas metropolitanas,Formal,Alojamiento y servicios de comida,Ago - Oct,318.93012633333336
2024,23 Ciudades y áreas metropolitanas,Formal,Alojamiento y servicios de comida,Sep - Nov,300.3342446666667
2024,23 Ciudades y áreas metropolitanas,Formal,Alojamiento y servicios de comida,Oct - Dic,283.03134
2024,23 Ciudades y áreas metropolitanas,Formal,Alojamiento y servicios de comida,Nov - Ene,291.361966
2024,23 Ciudades y áreas metropolitanas,Formal,Alojamiento y servicios de comida,Dic - Feb,291.062637
2025,23 Ciudades y áreas metropolitanas,Formal,Alojamiento y servicios de comida,Ene - Mar,306.122201
2025,23 Ciudades y áreas metropolitanas,Formal,Alojamiento y servicios de comida,Feb - Abr,298.412418
2025,23 Ciudades y áreas metropolitanas,Formal,Alojamiento y servicios de comida,Mar - May,310.652158
2025,23 Ciudades y áreas metropolitanas,Formal,Alojamiento y servicios de comida,Abr - Jun,294.655213
2025,23 Ciudades y áreas metropolitanas,Formal,Alojamiento y servicios de comida,May - Jul,306.55693
2025,23 Ciudades y áreas metropolitanas,Formal,Alojamiento y servicios de comida,Jun - Ago,305.693894
2025,23 Ciudades y áreas metropolitanas,Formal,Alojamiento y servicios de comida,Jul - Sep,324.762005
2025,23 Ciudades y áreas metropolitanas,Formal,Alojamiento y servicios de comida,Ago - Oct,321.573572
2025,23 Ciudades y áreas metropolitanas,Formal,Alojamiento y servicios de comida,Sep - Nov,332.934317
2025,23 Ciudades y áreas metropolitanas,Formal,Alojamiento y servicios de comida,Oct - Dic,326.342071
2025,23 Ciudades y áreas metropolitanas,Formal,Alojamiento y servicios de comida,Nov - Ene,308.807855
2025,23 Ciudades y áreas metropolitanas,Formal,Alojamiento y servicios de comida,Dic - Feb,276.267294
2026,23 Ciudades y áreas metropolitanas,Formal,Alojamiento y servicios de comida,Ene - Mar,272.013412
2026,23 Ciudades y áreas metropolitanas,Formal,Alojamiento y servicios de comida,Feb - Abr,282.60181
2021,23 Ciudades y áreas metropolitanas,Formal,Transporte y almacenamiento,Ene - Mar,295.00980000000004
2021,23 Ciudades y áreas metropolitanas,Formal,Transporte y almacenamiento,Feb - Abr,282.09865400000007
2021,23 Ciudades y áreas metropolitanas,Formal,Transporte y almacenamiento,Mar - May,270.7257696666666
2021,23 Ciudades y áreas metropolitanas,Formal,Transporte y almacenamiento,Abr - Jun,287.893164
2021,23 Ciudades y áreas metropolitanas,Formal,Transporte y almacenamiento,May - Jul,316.3190006666666
2021,23 Ciudades y áreas metropolitanas,Formal,Transporte y almacenamiento,Jun - Ago,327.45046333333335
2021,23 Ciudades y áreas metropolitanas,Formal,Transporte y almacenamiento,Jul - Sep,321.72125666666665
2021,23 Ciudades y áreas metropolitanas,Formal,Transporte y almacenamiento,Ago - Oct,300.11505366666665
2021,23 Ciudades y áreas metropolitanas,Formal,Transporte y almacenamiento,Sep - Nov,308.91463933333335
2021,23 Ciudades y áreas metropolitanas,Formal,Transporte y almacenamiento,Oct - Dic,317.9922106666667
2021,23 Ciudades y áreas metropolitanas,Formal,Transporte y almacenamiento,Nov - Ene,326.3162750000001
2021,23 Ciudades y áreas metropolitanas,Formal,Transporte y almacenamiento,Dic - Feb,313.97951933333337
2022,23 Ciudades y áreas metropolitanas,Formal,Transporte y almacenamiento,Ene - Mar,315.642052
2022,23 Ciudades y áreas metropolitanas,Formal,Transporte y almacenamiento,Feb - Abr,328.29925933333334
2022,23 Ciudades y áreas metropolitanas,Formal,Transporte y almacenamiento,Mar - May,343.8599933333333
2022,23 Ciudades y áreas metropolitanas,Formal,Transporte y almacenamiento,Abr - Jun,333.55667666666665
2022,23 Ciudades y áreas metropolitanas,Formal,Transporte y almacenamiento,May - Jul,343.992714
2022,23 Ciudades y áreas metropolitanas,Formal,Transporte y almacenamiento,Jun - Ago,343.86943633333334
2022,23 Ciudades y áreas metropolitanas,Formal,Transporte y almacenamiento,Jul - Sep,345.65619499999997
2022,23 Ciudades y áreas metropolitanas,Formal,Transporte y almacenamiento,Ago - Oct,348.437762
2022,23 Ciudades y áreas metropolitanas,Formal,Transporte y almacenamiento,Sep - Nov,333.3690053333333
2022,23 Ciudades y áreas metropolitanas,Formal,Transporte y almacenamiento,Oct - Dic,337.08833766666663
2022,23 Ciudades y áreas metropolitanas,Formal,Transporte y almacenamiento,Nov - Ene,310.86493233333334
2022,23 Ciudades y áreas metropolitanas,Formal,Transporte y almacenamiento,Dic - Feb,335.42359600000003
2023,23 Ciudades y áreas metropolitanas,Formal,Transporte y almacenamiento,Ene - Mar,327.68404933333335
2023,23 Ciudades y áreas metropolitanas,Formal,Transporte y almacenamiento,Feb - Abr,341.32851766666664
2023,23 Ciudades y áreas metropolitanas,Formal,Transporte y almacenamiento,Mar - May,334.730981
2023,23 Ciudades y áreas metropolitanas,Formal,Transporte y almacenamiento,Abr - Jun,374.7996156666666
2023,23 Ciudades y áreas metropolitanas,Formal,Transporte y almacenamiento,May - Jul,397.750831
2023,23 Ciudades y áreas metropolitanas,Formal,Transporte y almacenamiento,Jun - Ago,391.72062966666664
2023,23 Ciudades y áreas metropolitanas,Formal,Transporte y almacenamiento,Jul - Sep,399.13425266666667
2023,23 Ciudades y áreas metropolitanas,Formal,Transporte y almacenamiento,Ago - Oct,391.1285646666667
2023,23 Ciudades y áreas metropolitanas,Formal,Transporte y almacenamiento,Sep - Nov,403.6534306666667
2023,23 Ciudades y áreas metropolitanas,Formal,Transporte y almacenamiento,Oct - Dic,375.9480863333333
2023,23 Ciudades y áreas metropolitanas,Formal,Transporte y almacenamiento,Nov - Ene,376.788859
2023,23 Ciudades y áreas metropolitanas,Formal,Transporte y almacenamiento,Dic - Feb,385.1824426666667
2024,23 Ciudades y áreas metropolitanas,Formal,Transporte y almacenamiento,Ene - Mar,378.663147
2024,23 Ciudades y áreas metropolitanas,Formal,Transporte y almacenamiento,Feb - Abr,388.62270733333327
2024,23 Ciudades y áreas metropolitanas,Formal,Transporte y almacenamiento,Mar - May,366.0764963333333
2024,23 Ciudades y áreas metropolitanas,Formal,Transporte y almacenamiento,Abr - Jun,370.52379199999996
2024,23 Ciudades y áreas metropolitanas,Formal,Transporte y almacenamiento,May - Jul,346.45475533333337
2024,23 Ciudades y áreas metropolitanas,Formal,Transporte y almacenamiento,Jun - Ago,362.7224083333333
2024,23 Ciudades y áreas metropolitanas,Formal,Transporte y almacenamiento,Jul - Sep,355.69368966666667
2024,23 Ciudades y áreas metropolitanas,Formal,Transporte y almacenamiento,Ago - Oct,356.35668133333337
2024,23 Ciudades y áreas metropolitanas,Formal,Transporte y almacenamiento,Sep - Nov,364.40166100000005
2024,23 Ciudades y áreas metropolitanas,Formal,Transporte y almacenamiento,Oct - Dic,368.73722033333337
2024,23 Ciudades y áreas metropolitanas,Formal,Transporte y almacenamiento,Nov - Ene,362.505668
2024,23 Ciudades y áreas metropolitanas,Formal,Transporte y almacenamiento,Dic - Feb,351.128191
2025,23 Ciudades y áreas metropolitanas,Formal,Transporte y almacenamiento,Ene - Mar,367.559598
2025,23 Ciudades y áreas metropolitanas,Formal,Transporte y almacenamiento,Feb - Abr,368.076884
2025,23 Ciudades y áreas metropolitanas,Formal,Transporte y almacenamiento,Mar - May,366.930222
2025,23 Ciudades y áreas metropolitanas,Formal,Transporte y almacenamiento,Abr - Jun,357.610027
2025,23 Ciudades y áreas metropolitanas,Formal,Transporte y almacenamiento,May - Jul,372.234342
2025,23 Ciudades y áreas metropolitanas,Formal,Transporte y almacenamiento,Jun - Ago,378.749338
2025,23 Ciudades y áreas metropolitanas,Formal,Transporte y almacenamiento,Jul - Sep,390.429953
2025,23 Ciudades y áreas metropolitanas,Formal,Transporte y almacenamiento,Ago - Oct,388.734211
2025,23 Ciudades y áreas metropolitanas,Formal,Transporte y almacenamiento,Sep - Nov,387.94684
2025,23 Ciudades y áreas metropolitanas,Formal,Transporte y almacenamiento,Oct - Dic,373.119891
2025,23 Ciudades y áreas metropolitanas,Formal,Transporte y almacenamiento,Nov - Ene,382.427306
2025,23 Ciudades y áreas metropolitanas,Formal,Transporte y almacenamiento,Dic - Feb,382.961002
2026,23 Ciudades y áreas metropolitanas,Formal,Transporte y almacenamiento,Ene - Mar,387.090251
2026,23 Ciudades y áreas metropolitanas,Formal,Transporte y almacenamiento,Feb - Abr,383.949797
2021,23 Ciudades y áreas metropolitanas,Formal,Información y comunicaciones,Ene - Mar,230.58177233333333
2021,23 Ciudades y áreas metropolitanas,Formal,Información y comunicaciones,Feb - Abr,212.355158
2021,23 Ciudades y áreas metropolitanas,Formal,Información y comunicaciones,Mar - May,206.70952666666668
2021,23 Ciudades y áreas metropolitanas,Formal,Información y comunicaciones,Abr - Jun,194.01899966666667
2021,23 Ciudades y áreas metropolitanas,Formal,Información y comunicaciones,May - Jul,210.42324999999997
2021,23 Ciudades y áreas metropolitanas,Formal,Información y comunicaciones,Jun - Ago,219.788798
2021,23 Ciudades y áreas metropolitanas,Formal,Información y comunicaciones,Jul - Sep,226.88928866666666
2021,23 Ciudades y áreas metropolitanas,Formal,Información y comunicaciones,Ago - Oct,243.84533466666667
2021,23 Ciudades y áreas metropolitanas,Formal,Información y comunicaciones,Sep - Nov,256.2191873333333
2021,23 Ciudades y áreas metropolitanas,Formal,Información y comunicaciones,Oct - Dic,266.1368006666666
2021,23 Ciudades y áreas metropolitanas,Formal,Información y comunicaciones,Nov - Ene,253.98353566666665
2021,23 Ciudades y áreas metropolitanas,Formal,Información y comunicaciones,Dic - Feb,251.54597399999997
2022,23 Ciudades y áreas metropolitanas,Formal,Información y comunicaciones,Ene - Mar,241.07538066666666
2022,23 Ciudades y áreas metropolitanas,Formal,Información y comunicaciones,Feb - Abr,243.40247033333333
2022,23 Ciudades y áreas metropolitanas,Formal,Información y comunicaciones,Mar - May,234.29317866666668
2022,23 Ciudades y áreas metropolitanas,Formal,Información y comunicaciones,Abr - Jun,262.21713066666666
2022,23 Ciudades y áreas metropolitanas,Formal,Información y comunicaciones,May - Jul,256.85381033333334
2022,23 Ciudades y áreas metropolitanas,Formal,Información y comunicaciones,Jun - Ago,276.02251333333334
2022,23 Ciudades y áreas metropolitanas,Formal,Información y comunicaciones,Jul - Sep,263.927737
2022,23 Ciudades y áreas metropolitanas,Formal,Información y comunicaciones,Ago - Oct,267.819916
2022,23 Ciudades y áreas metropolitanas,Formal,Información y comunicaciones,Sep - Nov,263.808254
2022,23 Ciudades y áreas metropolitanas,Formal,Información y comunicaciones,Oct - Dic,266.358728
2022,23 Ciudades y áreas metropolitanas,Formal,Información y comunicaciones,Nov - Ene,271.09031566666664
2022,23 Ciudades y áreas metropolitanas,Formal,Información y comunicaciones,Dic - Feb,254.2198946666667
2023,23 Ciudades y áreas metropolitanas,Formal,Información y comunicaciones,Ene - Mar,260.1386953333333
2023,23 Ciudades y áreas metropolitanas,Formal,Información y comunicaciones,Feb - Abr,262.7996633333333
2023,23 Ciudades y áreas metropolitanas,Formal,Información y comunicaciones,Mar - May,281.43733333333336
2023,23 Ciudades y áreas metropolitanas,Formal,Información y comunicaciones,Abr - Jun,264.4291516666667
2023,23 Ciudades y áreas metropolitanas,Formal,Información y comunicaciones,May - Jul,256.98188566666664
2023,23 Ciudades y áreas metropolitanas,Formal,Información y comunicaciones,Jun - Ago,253.99181866666666
2023,23 Ciudades y áreas metropolitanas,Formal,Información y comunicaciones,Jul - Sep,272.2268446666667
2023,23 Ciudades y áreas metropolitanas,Formal,Información y comunicaciones,Ago - Oct,279.79093400000005
2023,23 Ciudades y áreas metropolitanas,Formal,Información y comunicaciones,Sep - Nov,292.9502293333333
2023,23 Ciudades y áreas metropolitanas,Formal,Información y comunicaciones,Oct - Dic,274.8727436666666
2023,23 Ciudades y áreas metropolitanas,Formal,Información y comunicaciones,Nov - Ene,277.10495
2023,23 Ciudades y áreas metropolitanas,Formal,Información y comunicaciones,Dic - Feb,262.39897666666667
2024,23 Ciudades y áreas metropolitanas,Formal,Información y comunicaciones,Ene - Mar,265.81457866666665
2024,23 Ciudades y áreas metropolitanas,Formal,Información y comunicaciones,Feb - Abr,265.51273333333336
2024,23 Ciudades y áreas metropolitanas,Formal,Información y comunicaciones,Mar - May,266.32996366666663
2024,23 Ciudades y áreas metropolitanas,Formal,Información y comunicaciones,Abr - Jun,299.1125573333333
2024,23 Ciudades y áreas metropolitanas,Formal,Información y comunicaciones,May - Jul,303.629361
2024,23 Ciudades y áreas metropolitanas,Formal,Información y comunicaciones,Jun - Ago,305.23582100000004
2024,23 Ciudades y áreas metropolitanas,Formal,Información y comunicaciones,Jul - Sep,272.3707273333333
2024,23 Ciudades y áreas metropolitanas,Formal,Información y comunicaciones,Ago - Oct,259.95311066666665
2024,23 Ciudades y áreas metropolitanas,Formal,Información y comunicaciones,Sep - Nov,287.876522
2024,23 Ciudades y áreas metropolitanas,Formal,Información y comunicaciones,Oct - Dic,300.76441
2024,23 Ciudades y áreas metropolitanas,Formal,Información y comunicaciones,Nov - Ene,306.09942
2024,23 Ciudades y áreas metropolitanas,Formal,Información y comunicaciones,Dic - Feb,271.253062
2025,23 Ciudades y áreas metropolitanas,Formal,Información y comunicaciones,Ene - Mar,278.037698
2025,23 Ciudades y áreas metropolitanas,Formal,Información y comunicaciones,Feb - Abr,299.095567
2025,23 Ciudades y áreas metropolitanas,Formal,Información y comunicaciones,Mar - May,313.080062
2025,23 Ciudades y áreas metropolitanas,Formal,Información y comunicaciones,Abr - Jun,295.972896
2025,23 Ciudades y áreas metropolitanas,Formal,Información y comunicaciones,May - Jul,265.544521
2025,23 Ciudades y áreas metropolitanas,Formal,Información y comunicaciones,Jun - Ago,248.286087
2025,23 Ciudades y áreas metropolitanas,Formal,Información y comunicaciones,Jul - Sep,256.571651
2025,23 Ciudades y áreas metropolitanas,Formal,Información y comunicaciones,Ago - Oct,266.490381
2025,23 Ciudades y áreas metropolitanas,Formal,Información y comunicaciones,Sep - Nov,297.626925
2025,23 Ciudades y áreas metropolitanas,Formal,Información y comunicaciones,Oct - Dic,291.035175
2025,23 Ciudades y áreas metropolitanas,Formal,Información y comunicaciones,Nov - Ene,296.247545
2025,23 Ciudades y áreas metropolitanas,Formal,Información y comunicaciones,Dic - Feb,277.204431
2026,23 Ciudades y áreas metropolitanas,Formal,Información y comunicaciones,Ene - Mar,284.074459
2026,23 Ciudades y áreas metropolitanas,Formal,Información y comunicaciones,Feb - Abr,299.373508
2021,23 Ciudades y áreas metropolitanas,Formal,Actividades financieras y de seguros,Ene - Mar,247.08905566666667
2021,23 Ciudades y áreas metropolitanas,Formal,Actividades financieras y de seguros,Feb - Abr,235.61702366666668
2021,23 Ciudades y áreas metropolitanas,Formal,Actividades financieras y de seguros,Mar - May,245.28266233333332
2021,23 Ciudades y áreas metropolitanas,Formal,Actividades financieras y de seguros,Abr - Jun,250.19410866666666
2021,23 Ciudades y áreas metropolitanas,Formal,Actividades financieras y de seguros,May - Jul,252.13991233333334
2021,23 Ciudades y áreas metropolitanas,Formal,Actividades financieras y de seguros,Jun - Ago,241.16533733333335
2021,23 Ciudades y áreas metropolitanas,Formal,Actividades financieras y de seguros,Jul - Sep,262.604226
2021,23 Ciudades y áreas metropolitanas,Formal,Actividades financieras y de seguros,Ago - Oct,272.918025
2021,23 Ciudades y áreas metropolitanas,Formal,Actividades financieras y de seguros,Sep - Nov,275.019947
2021,23 Ciudades y áreas metropolitanas,Formal,Actividades financieras y de seguros,Oct - Dic,264.8161083333333
2021,23 Ciudades y áreas metropolitanas,Formal,Actividades financieras y de seguros,Nov - Ene,266.6470713333333
2021,23 Ciudades y áreas metropolitanas,Formal,Actividades financieras y de seguros,Dic - Feb,278.24015333333335
2022,23 Ciudades y áreas metropolitanas,Formal,Actividades financieras y de seguros,Ene - Mar,264.89541233333335
2022,23 Ciudades y áreas metropolitanas,Formal,Actividades financieras y de seguros,Feb - Abr,268.994958
2022,23 Ciudades y áreas metropolitanas,Formal,Actividades financieras y de seguros,Mar - May,271.12965866666667
2022,23 Ciudades y áreas metropolitanas,Formal,Actividades financieras y de seguros,Abr - Jun,278.8645833333333
2022,23 Ciudades y áreas metropolitanas,Formal,Actividades financieras y de seguros,May - Jul,283.969609
2022,23 Ciudades y áreas metropolitanas,Formal,Actividades financieras y de seguros,Jun - Ago,283.4876213333333
2022,23 Ciudades y áreas metropolitanas,Formal,Actividades financieras y de seguros,Jul - Sep,293.12971866666663
2022,23 Ciudades y áreas metropolitanas,Formal,Actividades financieras y de seguros,Ago - Oct,298.4759706666667
2022,23 Ciudades y áreas metropolitanas,Formal,Actividades financieras y de seguros,Sep - Nov,305.881305
2022,23 Ciudades y áreas metropolitanas,Formal,Actividades financieras y de seguros,Oct - Dic,309.734894
2022,23 Ciudades y áreas metropolitanas,Formal,Actividades financieras y de seguros,Nov - Ene,293.689889
2022,23 Ciudades y áreas metropolitanas,Formal,Actividades financieras y de seguros,Dic - Feb,285.96125033333334
2023,23 Ciudades y áreas metropolitanas,Formal,Actividades financieras y de seguros,Ene - Mar,271.25325433333336
2023,23 Ciudades y áreas metropolitanas,Formal,Actividades financieras y de seguros,Feb - Abr,267.4416106666667
2023,23 Ciudades y áreas metropolitanas,Formal,Actividades financieras y de seguros,Mar - May,288.53880166666664
2023,23 Ciudades y áreas metropolitanas,Formal,Actividades financieras y de seguros,Abr - Jun,307.66221533333334
2023,23 Ciudades y áreas metropolitanas,Formal,Actividades financieras y de seguros,May - Jul,322.79221266666667
2023,23 Ciudades y áreas metropolitanas,Formal,Actividades financieras y de seguros,Jun - Ago,305.02193400000004
2023,23 Ciudades y áreas metropolitanas,Formal,Actividades financieras y de seguros,Jul - Sep,297.20134333333334
2023,23 Ciudades y áreas metropolitanas,Formal,Actividades financieras y de seguros,Ago - Oct,297.1015116666667
2023,23 Ciudades y áreas metropolitanas,Formal,Actividades financieras y de seguros,Sep - Nov,319.8306166666667
2023,23 Ciudades y áreas metropolitanas,Formal,Actividades financieras y de seguros,Oct - Dic,336.50682366666666
2023,23 Ciudades y áreas metropolitanas,Formal,Actividades financieras y de seguros,Nov - Ene,332.2779606666666
2023,23 Ciudades y áreas metropolitanas,Formal,Actividades financieras y de seguros,Dic - Feb,321.62111266666665
2024,23 Ciudades y áreas metropolitanas,Formal,Actividades financieras y de seguros,Ene - Mar,304.08294766666666
2024,23 Ciudades y áreas metropolitanas,Formal,Actividades financieras y de seguros,Feb - Abr,318.4162366666667
2024,23 Ciudades y áreas metropolitanas,Formal,Actividades financieras y de seguros,Mar - May,306.6367553333333
2024,23 Ciudades y áreas metropolitanas,Formal,Actividades financieras y de seguros,Abr - Jun,308.26346666666666
2024,23 Ciudades y áreas metropolitanas,Formal,Actividades financieras y de seguros,May - Jul,306.4771073333333
2024,23 Ciudades y áreas metropolitanas,Formal,Actividades financieras y de seguros,Jun - Ago,300.323852
2024,23 Ciudades y áreas metropolitanas,Formal,Actividades financieras y de seguros,Jul - Sep,272.678722
2024,23 Ciudades y áreas metropolitanas,Formal,Actividades financieras y de seguros,Ago - Oct,256.70241699999997
2024,23 Ciudades y áreas metropolitanas,Formal,Actividades financieras y de seguros,Sep - Nov,275.047805
2024,23 Ciudades y áreas metropolitanas,Formal,Actividades financieras y de seguros,Oct - Dic,310.43331666666666
2024,23 Ciudades y áreas metropolitanas,Formal,Actividades financieras y de seguros,Nov - Ene,309.626709
2024,23 Ciudades y áreas metropolitanas,Formal,Actividades financieras y de seguros,Dic - Feb,319.298087
2025,23 Ciudades y áreas metropolitanas,Formal,Actividades financieras y de seguros,Ene - Mar,288.799352
2025,23 Ciudades y áreas metropolitanas,Formal,Actividades financieras y de seguros,Feb - Abr,291.068164
2025,23 Ciudades y áreas metropolitanas,Formal,Actividades financieras y de seguros,Mar - May,278.587374
2025,23 Ciudades y áreas metropolitanas,Formal,Actividades financieras y de seguros,Abr - Jun,300.240434
2025,23 Ciudades y áreas metropolitanas,Formal,Actividades financieras y de seguros,May - Jul,316.104577
2025,23 Ciudades y áreas metropolitanas,Formal,Actividades financieras y de seguros,Jun - Ago,333.077828
2025,23 Ciudades y áreas metropolitanas,Formal,Actividades financieras y de seguros,Jul - Sep,342.455176
2025,23 Ciudades y áreas metropolitanas,Formal,Actividades financieras y de seguros,Ago - Oct,336.475829
2025,23 Ciudades y áreas metropolitanas,Formal,Actividades financieras y de seguros,Sep - Nov,325.821719
2025,23 Ciudades y áreas metropolitanas,Formal,Actividades financieras y de seguros,Oct - Dic,312.580512
2025,23 Ciudades y áreas metropolitanas,Formal,Actividades financieras y de seguros,Nov - Ene,308.652022
2025,23 Ciudades y áreas metropolitanas,Formal,Actividades financieras y de seguros,Dic - Feb,320.607819
2026,23 Ciudades y áreas metropolitanas,Formal,Actividades financieras y de seguros,Ene - Mar,355.449433
2026,23 Ciudades y áreas metropolitanas,Formal,Actividades financieras y de seguros,Feb - Abr,343.982151
2021,23 Ciudades y áreas metropolitanas,Formal,Actividades inmobiliarias,Ene - Mar,74.357702
2021,23 Ciudades y áreas metropolitanas,Formal,Actividades inmobiliarias,Feb - Abr,77.05979166666667
2021,23 Ciudades y áreas metropolitanas,Formal,Actividades inmobiliarias,Mar - May,85.03983
2021,23 Ciudades y áreas metropolitanas,Formal,Actividades inmobiliarias,Abr - Jun,90.12605233333333
2021,23 Ciudades y áreas metropolitanas,Formal,Actividades inmobiliarias,May - Jul,100.56364866666667
2021,23 Ciudades y áreas metropolitanas,Formal,Actividades inmobiliarias,Jun - Ago,102.83146733333332
2021,23 Ciudades y áreas metropolitanas,Formal,Actividades inmobiliarias,Jul - Sep,100.45225233333333
2021,23 Ciudades y áreas metropolitanas,Formal,Actividades inmobiliarias,Ago - Oct,87.01345566666667
2021,23 Ciudades y áreas metropolitanas,Formal,Actividades inmobiliarias,Sep - Nov,90.13046266666667
2021,23 Ciudades y áreas metropolitanas,Formal,Actividades inmobiliarias,Oct - Dic,89.27780466666667
2021,23 Ciudades y áreas metropolitanas,Formal,Actividades inmobiliarias,Nov - Ene,102.74351233333334
2021,23 Ciudades y áreas metropolitanas,Formal,Actividades inmobiliarias,Dic - Feb,101.55625133333335
2022,23 Ciudades y áreas metropolitanas,Formal,Actividades inmobiliarias,Ene - Mar,108.46896300000002
2022,23 Ciudades y áreas metropolitanas,Formal,Actividades inmobiliarias,Feb - Abr,112.03001233333333
2022,23 Ciudades y áreas metropolitanas,Formal,Actividades inmobiliarias,Mar - May,118.21056133333333
2022,23 Ciudades y áreas metropolitanas,Formal,Actividades inmobiliarias,Abr - Jun,124.85673066666668
2022,23 Ciudades y áreas metropolitanas,Formal,Actividades inmobiliarias,May - Jul,131.07639933333334
2022,23 Ciudades y áreas metropolitanas,Formal,Actividades inmobiliarias,Jun - Ago,136.26233166666668
2022,23 Ciudades y áreas metropolitanas,Formal,Actividades inmobiliarias,Jul - Sep,146.2321916666667
2022,23 Ciudades y áreas metropolitanas,Formal,Actividades inmobiliarias,Ago - Oct,145.1891896666667
2022,23 Ciudades y áreas metropolitanas,Formal,Actividades inmobiliarias,Sep - Nov,145.25748066666668
2022,23 Ciudades y áreas metropolitanas,Formal,Actividades inmobiliarias,Oct - Dic,146.16885766666667
2022,23 Ciudades y áreas metropolitanas,Formal,Actividades inmobiliarias,Nov - Ene,156.15031733333333
2022,23 Ciudades y áreas metropolitanas,Formal,Actividades inmobiliarias,Dic - Feb,154.43213666666668
2023,23 Ciudades y áreas metropolitanas,Formal,Actividades inmobiliarias,Ene - Mar,157.18355033333333
2023,23 Ciudades y áreas metropolitanas,Formal,Actividades inmobiliarias,Feb - Abr,156.18144633333333
2023,23 Ciudades y áreas metropolitanas,Formal,Actividades inmobiliarias,Mar - May,158.74739566666668
2023,23 Ciudades y áreas metropolitanas,Formal,Actividades inmobiliarias,Abr - Jun,153.05982033333333
2023,23 Ciudades y áreas metropolitanas,Formal,Actividades inmobiliarias,May - Jul,162.73301666666669
2023,23 Ciudades y áreas metropolitanas,Formal,Actividades inmobiliarias,Jun - Ago,185.50802766666666
2023,23 Ciudades y áreas metropolitanas,Formal,Actividades inmobiliarias,Jul - Sep,200.81536033333336
2023,23 Ciudades y áreas metropolitanas,Formal,Actividades inmobiliarias,Ago - Oct,204.37897433333333
2023,23 Ciudades y áreas metropolitanas,Formal,Actividades inmobiliarias,Sep - Nov,190.57282066666667
2023,23 Ciudades y áreas metropolitanas,Formal,Actividades inmobiliarias,Oct - Dic,173.18920233333333
2023,23 Ciudades y áreas metropolitanas,Formal,Actividades inmobiliarias,Nov - Ene,171.50093366666667
2023,23 Ciudades y áreas metropolitanas,Formal,Actividades inmobiliarias,Dic - Feb,187.022786
2024,23 Ciudades y áreas metropolitanas,Formal,Actividades inmobiliarias,Ene - Mar,201.90829466666665
2024,23 Ciudades y áreas metropolitanas,Formal,Actividades inmobiliarias,Feb - Abr,183.13272433333336
2024,23 Ciudades y áreas metropolitanas,Formal,Actividades inmobiliarias,Mar - May,167.851315
2024,23 Ciudades y áreas metropolitanas,Formal,Actividades inmobiliarias,Abr - Jun,191.56670900000003
2024,23 Ciudades y áreas metropolitanas,Formal,Actividades inmobiliarias,May - Jul,215.18396999999996
2024,23 Ciudades y áreas metropolitanas,Formal,Actividades inmobiliarias,Jun - Ago,220.63232433333334
2024,23 Ciudades y áreas metropolitanas,Formal,Actividades inmobiliarias,Jul - Sep,187.57169833333333
2024,23 Ciudades y áreas metropolitanas,Formal,Actividades inmobiliarias,Ago - Oct,184.41930499999998
2024,23 Ciudades y áreas metropolitanas,Formal,Actividades inmobiliarias,Sep - Nov,188.29440666666667
2024,23 Ciudades y áreas metropolitanas,Formal,Actividades inmobiliarias,Oct - Dic,219.4407
2024,23 Ciudades y áreas metropolitanas,Formal,Actividades inmobiliarias,Nov - Ene,232.271371
2024,23 Ciudades y áreas metropolitanas,Formal,Actividades inmobiliarias,Dic - Feb,220.997583
2025,23 Ciudades y áreas metropolitanas,Formal,Actividades inmobiliarias,Ene - Mar,208.664657
2025,23 Ciudades y áreas metropolitanas,Formal,Actividades inmobiliarias,Feb - Abr,195.8369
2025,23 Ciudades y áreas metropolitanas,Formal,Actividades inmobiliarias,Mar - May,210.768403
2025,23 Ciudades y áreas metropolitanas,Formal,Actividades inmobiliarias,Abr - Jun,203.992979
2025,23 Ciudades y áreas metropolitanas,Formal,Actividades inmobiliarias,May - Jul,211.265063
2025,23 Ciudades y áreas metropolitanas,Formal,Actividades inmobiliarias,Jun - Ago,216.093773
2025,23 Ciudades y áreas metropolitanas,Formal,Actividades inmobiliarias,Jul - Sep,206.754911
2025,23 Ciudades y áreas metropolitanas,Formal,Actividades inmobiliarias,Ago - Oct,200.992284
2025,23 Ciudades y áreas metropolitanas,Formal,Actividades inmobiliarias,Sep - Nov,197.4015
2025,23 Ciudades y áreas metropolitanas,Formal,Actividades inmobiliarias,Oct - Dic,213.57491
2025,23 Ciudades y áreas metropolitanas,Formal,Actividades inmobiliarias,Nov - Ene,219.726043
2025,23 Ciudades y áreas metropolitanas,Formal,Actividades inmobiliarias,Dic - Feb,200.997991
2026,23 Ciudades y áreas metropolitanas,Formal,Actividades inmobiliarias,Ene - Mar,206.380374
2026,23 Ciudades y áreas metropolitanas,Formal,Actividades inmobiliarias,Feb - Abr,197.471631
2021,23 Ciudades y áreas metropolitanas,Formal,"Actividades profesionales, científicas, técnicas y de servicios administrativos",Ene - Mar,775.0490266666666
2021,23 Ciudades y áreas metropolitanas,Formal,"Actividades profesionales, científicas, técnicas y de servicios administrativos",Feb - Abr,786.7753813333334
2021,23 Ciudades y áreas metropolitanas,Formal,"Actividades profesionales, científicas, técnicas y de servicios administrativos",Mar - May,747.7373306666667
2021,23 Ciudades y áreas metropolitanas,Formal,"Actividades profesionales, científicas, técnicas y de servicios administrativos",Abr - Jun,736.279394
2021,23 Ciudades y áreas metropolitanas,Formal,"Actividades profesionales, científicas, técnicas y de servicios administrativos",May - Jul,734.024657
2021,23 Ciudades y áreas metropolitanas,Formal,"Actividades profesionales, científicas, técnicas y de servicios administrativos",Jun - Ago,727.0485753333332
2021,23 Ciudades y áreas metropolitanas,Formal,"Actividades profesionales, científicas, técnicas y de servicios administrativos",Jul - Sep,731.5701776666666
2021,23 Ciudades y áreas metropolitanas,Formal,"Actividades profesionales, científicas, técnicas y de servicios administrativos",Ago - Oct,740.9130783333334
2021,23 Ciudades y áreas metropolitanas,Formal,"Actividades profesionales, científicas, técnicas y de servicios administrativos",Sep - Nov,757.986313
2021,23 Ciudades y áreas metropolitanas,Formal,"Actividades profesionales, científicas, técnicas y de servicios administrativos",Oct - Dic,796.729508
2021,23 Ciudades y áreas metropolitanas,Formal,"Actividades profesionales, científicas, técnicas y de servicios administrativos",Nov - Ene,793.2479033333333
2021,23 Ciudades y áreas metropolitanas,Formal,"Actividades profesionales, científicas, técnicas y de servicios administrativos",Dic - Feb,818.98816
2022,23 Ciudades y áreas metropolitanas,Formal,"Actividades profesionales, científicas, técnicas y de servicios administrativos",Ene - Mar,766.6135723333333
2022,23 Ciudades y áreas metropolitanas,Formal,"Actividades profesionales, científicas, técnicas y de servicios administrativos",Feb - Abr,769.514878
2022,23 Ciudades y áreas metropolitanas,Formal,"Actividades profesionales, científicas, técnicas y de servicios administrativos",Mar - May,737.1620566666667
2022,23 Ciudades y áreas metropolitanas,Formal,"Actividades profesionales, científicas, técnicas y de servicios administrativos",Abr - Jun,739.4586720000001
2022,23 Ciudades y áreas metropolitanas,Formal,"Actividades profesionales, científicas, técnicas y de servicios administrativos",May - Jul,738.8735253333334
2022,23 Ciudades y áreas metropolitanas,Formal,"Actividades profesionales, científicas, técnicas y de servicios administrativos",Jun - Ago,743.1732146666667
2022,23 Ciudades y áreas metropolitanas,Formal,"Actividades profesionales, científicas, técnicas y de servicios administrativos",Jul - Sep,769.356105
2022,23 Ciudades y áreas metropolitanas,Formal,"Actividades profesionales, científicas, técnicas y de servicios administrativos",Ago - Oct,772.0094613333334
2022,23 Ciudades y áreas metropolitanas,Formal,"Actividades profesionales, científicas, técnicas y de servicios administrativos",Sep - Nov,775.9002303333333
2022,23 Ciudades y áreas metropolitanas,Formal,"Actividades profesionales, científicas, técnicas y de servicios administrativos",Oct - Dic,777.6005663333334
2022,23 Ciudades y áreas metropolitanas,Formal,"Actividades profesionales, científicas, técnicas y de servicios administrativos",Nov - Ene,818.4389436666667
2022,23 Ciudades y áreas metropolitanas,Formal,"Actividades profesionales, científicas, técnicas y de servicios administrativos",Dic - Feb,814.387572
2023,23 Ciudades y áreas metropolitanas,Formal,"Actividades profesionales, científicas, técnicas y de servicios administrativos",Ene - Mar,818.041738
2023,23 Ciudades y áreas metropolitanas,Formal,"Actividades profesionales, científicas, técnicas y de servicios administrativos",Feb - Abr,766.496161
2023,23 Ciudades y áreas metropolitanas,Formal,"Actividades profesionales, científicas, técnicas y de servicios administrativos",Mar - May,772.0189519999999
2023,23 Ciudades y áreas metropolitanas,Formal,"Actividades profesionales, científicas, técnicas y de servicios administrativos",Abr - Jun,775.312206
2023,23 Ciudades y áreas metropolitanas,Formal,"Actividades profesionales, científicas, técnicas y de servicios administrativos",May - Jul,775.3901116666666
2023,23 Ciudades y áreas metropolitanas,Formal,"Actividades profesionales, científicas, técnicas y de servicios administrativos",Jun - Ago,789.1454043333333
2023,23 Ciudades y áreas metropolitanas,Formal,"Actividades profesionales, científicas, técnicas y de servicios administrativos",Jul - Sep,752.9843696666667
2023,23 Ciudades y áreas metropolitanas,Formal,"Actividades profesionales, científicas, técnicas y de servicios administrativos",Ago - Oct,763.5074720000001
2023,23 Ciudades y áreas metropolitanas,Formal,"Actividades profesionales, científicas, técnicas y de servicios administrativos",Sep - Nov,777.7524643333333
2023,23 Ciudades y áreas metropolitanas,Formal,"Actividades profesionales, científicas, técnicas y de servicios administrativos",Oct - Dic,824.9276673333334
2023,23 Ciudades y áreas metropolitanas,Formal,"Actividades profesionales, científicas, técnicas y de servicios administrativos",Nov - Ene,818.2863966666667
2023,23 Ciudades y áreas metropolitanas,Formal,"Actividades profesionales, científicas, técnicas y de servicios administrativos",Dic - Feb,755.2435596666668
2024,23 Ciudades y áreas metropolitanas,Formal,"Actividades profesionales, científicas, técnicas y de servicios administrativos",Ene - Mar,743.2779039999999
2024,23 Ciudades y áreas metropolitanas,Formal,"Actividades profesionales, científicas, técnicas y de servicios administrativos",Feb - Abr,756.9108836666666
2024,23 Ciudades y áreas metropolitanas,Formal,"Actividades profesionales, científicas, técnicas y de servicios administrativos",Mar - May,786.3216816666667
2024,23 Ciudades y áreas metropolitanas,Formal,"Actividades profesionales, científicas, técnicas y de servicios administrativos",Abr - Jun,781.5665123333333
2024,23 Ciudades y áreas metropolitanas,Formal,"Actividades profesionales, científicas, técnicas y de servicios administrativos",May - Jul,789.4369133333333
2024,23 Ciudades y áreas metropolitanas,Formal,"Actividades profesionales, científicas, técnicas y de servicios administrativos",Jun - Ago,789.2865263333333
2024,23 Ciudades y áreas metropolitanas,Formal,"Actividades profesionales, científicas, técnicas y de servicios administrativos",Jul - Sep,807.205821
2024,23 Ciudades y áreas metropolitanas,Formal,"Actividades profesionales, científicas, técnicas y de servicios administrativos",Ago - Oct,785.181685
2024,23 Ciudades y áreas metropolitanas,Formal,"Actividades profesionales, científicas, técnicas y de servicios administrativos",Sep - Nov,783.4252886666667
2024,23 Ciudades y áreas metropolitanas,Formal,"Actividades profesionales, científicas, técnicas y de servicios administrativos",Oct - Dic,738.5037153333333
2024,23 Ciudades y áreas metropolitanas,Formal,"Actividades profesionales, científicas, técnicas y de servicios administrativos",Nov - Ene,734.304977
2024,23 Ciudades y áreas metropolitanas,Formal,"Actividades profesionales, científicas, técnicas y de servicios administrativos",Dic - Feb,709.945888
2025,23 Ciudades y áreas metropolitanas,Formal,"Actividades profesionales, científicas, técnicas y de servicios administrativos",Ene - Mar,737.076212
2025,23 Ciudades y áreas metropolitanas,Formal,"Actividades profesionales, científicas, técnicas y de servicios administrativos",Feb - Abr,745.30649
2025,23 Ciudades y áreas metropolitanas,Formal,"Actividades profesionales, científicas, técnicas y de servicios administrativos",Mar - May,770.536277
2025,23 Ciudades y áreas metropolitanas,Formal,"Actividades profesionales, científicas, técnicas y de servicios administrativos",Abr - Jun,758.271678
2025,23 Ciudades y áreas metropolitanas,Formal,"Actividades profesionales, científicas, técnicas y de servicios administrativos",May - Jul,780.581991
2025,23 Ciudades y áreas metropolitanas,Formal,"Actividades profesionales, científicas, técnicas y de servicios administrativos",Jun - Ago,751.399795
2025,23 Ciudades y áreas metropolitanas,Formal,"Actividades profesionales, científicas, técnicas y de servicios administrativos",Jul - Sep,751.377219
2025,23 Ciudades y áreas metropolitanas,Formal,"Actividades profesionales, científicas, técnicas y de servicios administrativos",Ago - Oct,721.60186
2025,23 Ciudades y áreas metropolitanas,Formal,"Actividades profesionales, científicas, técnicas y de servicios administrativos",Sep - Nov,747.881609
2025,23 Ciudades y áreas metropolitanas,Formal,"Actividades profesionales, científicas, técnicas y de servicios administrativos",Oct - Dic,748.078058
2025,23 Ciudades y áreas metropolitanas,Formal,"Actividades profesionales, científicas, técnicas y de servicios administrativos",Nov - Ene,762.260665
2025,23 Ciudades y áreas metropolitanas,Formal,"Actividades profesionales, científicas, técnicas y de servicios administrativos",Dic - Feb,791.431966
2026,23 Ciudades y áreas metropolitanas,Formal,"Actividades profesionales, científicas, técnicas y de servicios administrativos",Ene - Mar,799.059196
2026,23 Ciudades y áreas metropolitanas,Formal,"Actividades profesionales, científicas, técnicas y de servicios administrativos",Feb - Abr,794.322208
2021,23 Ciudades y áreas metropolitanas,Formal,"Administración pública y defensa, educación y atención de la salud humana",Ene - Mar,1358.8428253333334
2021,23 Ciudades y áreas metropolitanas,Formal,"Administración pública y defensa, educación y atención de la salud humana",Feb - Abr,1375.2787419999997
2021,23 Ciudades y áreas metropolitanas,Formal,"Administración pública y defensa, educación y atención de la salud humana",Mar - May,1374.3023276666665
2021,23 Ciudades y áreas metropolitanas,Formal,"Administración pública y defensa, educación y atención de la salud humana",Abr - Jun,1387.6055756666667
2021,23 Ciudades y áreas metropolitanas,Formal,"Administración pública y defensa, educación y atención de la salud humana",May - Jul,1381.549723
2021,23 Ciudades y áreas metropolitanas,Formal,"Administración pública y defensa, educación y atención de la salud humana",Jun - Ago,1373.8997933333333
2021,23 Ciudades y áreas metropolitanas,Formal,"Administración pública y defensa, educación y atención de la salud humana",Jul - Sep,1384.0707003333334
2021,23 Ciudades y áreas metropolitanas,Formal,"Administración pública y defensa, educación y atención de la salud humana",Ago - Oct,1387.8694783333333
2021,23 Ciudades y áreas metropolitanas,Formal,"Administración pública y defensa, educación y atención de la salud humana",Sep - Nov,1400.5769696666666
2021,23 Ciudades y áreas metropolitanas,Formal,"Administración pública y defensa, educación y atención de la salud humana",Oct - Dic,1391.8206213333333
2021,23 Ciudades y áreas metropolitanas,Formal,"Administración pública y defensa, educación y atención de la salud humana",Nov - Ene,1408.353706
2021,23 Ciudades y áreas metropolitanas,Formal,"Administración pública y defensa, educación y atención de la salud humana",Dic - Feb,1406.0345733333334
2022,23 Ciudades y áreas metropolitanas,Formal,"Administración pública y defensa, educación y atención de la salud humana",Ene - Mar,1465.5490973333333
2022,23 Ciudades y áreas metropolitanas,Formal,"Administración pública y defensa, educación y atención de la salud humana",Feb - Abr,1462.5715426666666
2022,23 Ciudades y áreas metropolitanas,Formal,"Administración pública y defensa, educación y atención de la salud humana",Mar - May,1522.8013483333332
2022,23 Ciudades y áreas metropolitanas,Formal,"Administración pública y defensa, educación y atención de la salud humana",Abr - Jun,1520.2256083333332
2022,23 Ciudades y áreas metropolitanas,Formal,"Administración pública y defensa, educación y atención de la salud humana",May - Jul,1553.4990413333333
2022,23 Ciudades y áreas metropolitanas,Formal,"Administración pública y defensa, educación y atención de la salud humana",Jun - Ago,1509.7051410000001
2022,23 Ciudades y áreas metropolitanas,Formal,"Administración pública y defensa, educación y atención de la salud humana",Jul - Sep,1483.5368736666667
2022,23 Ciudades y áreas metropolitanas,Formal,"Administración pública y defensa, educación y atención de la salud humana",Ago - Oct,1494.892726
2022,23 Ciudades y áreas metropolitanas,Formal,"Administración pública y defensa, educación y atención de la salud humana",Sep - Nov,1557.7384333333332
2022,23 Ciudades y áreas metropolitanas,Formal,"Administración pública y defensa, educación y atención de la salud humana",Oct - Dic,1583.8989003333336
2022,23 Ciudades y áreas metropolitanas,Formal,"Administración pública y defensa, educación y atención de la salud humana",Nov - Ene,1513.6265706666666
2022,23 Ciudades y áreas metropolitanas,Formal,"Administración pública y defensa, educación y atención de la salud humana",Dic - Feb,1469.0016456666665
2023,23 Ciudades y áreas metropolitanas,Formal,"Administración pública y defensa, educación y atención de la salud humana",Ene - Mar,1492.5410466666665
2023,23 Ciudades y áreas metropolitanas,Formal,"Administración pública y defensa, educación y atención de la salud humana",Feb - Abr,1576.663181
2023,23 Ciudades y áreas metropolitanas,Formal,"Administración pública y defensa, educación y atención de la salud humana",Mar - May,1590.6828203333334
2023,23 Ciudades y áreas metropolitanas,Formal,"Administración pública y defensa, educación y atención de la salud humana",Abr - Jun,1616.3168466666666
2023,23 Ciudades y áreas metropolitanas,Formal,"Administración pública y defensa, educación y atención de la salud humana",May - Jul,1610.5666780000001
2023,23 Ciudades y áreas metropolitanas,Formal,"Administración pública y defensa, educación y atención de la salud humana",Jun - Ago,1647.5286293333331
2023,23 Ciudades y áreas metropolitanas,Formal,"Administración pública y defensa, educación y atención de la salud humana",Jul - Sep,1641.564383
2023,23 Ciudades y áreas metropolitanas,Formal,"Administración pública y defensa, educación y atención de la salud humana",Ago - Oct,1688.9623513333333
2023,23 Ciudades y áreas metropolitanas,Formal,"Administración pública y defensa, educación y atención de la salud humana",Sep - Nov,1651.2468573333335
2023,23 Ciudades y áreas metropolitanas,Formal,"Administración pública y defensa, educación y atención de la salud humana",Oct - Dic,1626.5671443333333
2023,23 Ciudades y áreas metropolitanas,Formal,"Administración pública y defensa, educación y atención de la salud humana",Nov - Ene,1561.244105
2023,23 Ciudades y áreas metropolitanas,Formal,"Administración pública y defensa, educación y atención de la salud humana",Dic - Feb,1551.2150846666666
2024,23 Ciudades y áreas metropolitanas,Formal,"Administración pública y defensa, educación y atención de la salud humana",Ene - Mar,1587.789062
2024,23 Ciudades y áreas metropolitanas,Formal,"Administración pública y defensa, educación y atención de la salud humana",Feb - Abr,1642.2981603333335
2024,23 Ciudades y áreas metropolitanas,Formal,"Administración pública y defensa, educación y atención de la salud humana",Mar - May,1664.8271953333333
2024,23 Ciudades y áreas metropolitanas,Formal,"Administración pública y defensa, educación y atención de la salud humana",Abr - Jun,1611.3327316666666
2024,23 Ciudades y áreas metropolitanas,Formal,"Administración pública y defensa, educación y atención de la salud humana",May - Jul,1605.1746856666666
2024,23 Ciudades y áreas metropolitanas,Formal,"Administración pública y defensa, educación y atención de la salud humana",Jun - Ago,1621.8902863333333
2024,23 Ciudades y áreas metropolitanas,Formal,"Administración pública y defensa, educación y atención de la salud humana",Jul - Sep,1667.215771
2024,23 Ciudades y áreas metropolitanas,Formal,"Administración pública y defensa, educación y atención de la salud humana",Ago - Oct,1654.3417196666667
2024,23 Ciudades y áreas metropolitanas,Formal,"Administración pública y defensa, educación y atención de la salud humana",Sep - Nov,1650.551192
2024,23 Ciudades y áreas metropolitanas,Formal,"Administración pública y defensa, educación y atención de la salud humana",Oct - Dic,1616.8511386666667
2024,23 Ciudades y áreas metropolitanas,Formal,"Administración pública y defensa, educación y atención de la salud humana",Nov - Ene,1571.687374
2024,23 Ciudades y áreas metropolitanas,Formal,"Administración pública y defensa, educación y atención de la salud humana",Dic - Feb,1580.370974
2025,23 Ciudades y áreas metropolitanas,Formal,"Administración pública y defensa, educación y atención de la salud humana",Ene - Mar,1570.6694
2025,23 Ciudades y áreas metropolitanas,Formal,"Administración pública y defensa, educación y atención de la salud humana",Feb - Abr,1670.266743
2025,23 Ciudades y áreas metropolitanas,Formal,"Administración pública y defensa, educación y atención de la salud humana",Mar - May,1640.238028
2025,23 Ciudades y áreas metropolitanas,Formal,"Administración pública y defensa, educación y atención de la salud humana",Abr - Jun,1674.047505
2025,23 Ciudades y áreas metropolitanas,Formal,"Administración pública y defensa, educación y atención de la salud humana",May - Jul,1609.181167
2025,23 Ciudades y áreas metropolitanas,Formal,"Administración pública y defensa, educación y atención de la salud humana",Jun - Ago,1656.042531
2025,23 Ciudades y áreas metropolitanas,Formal,"Administración pública y defensa, educación y atención de la salud humana",Jul - Sep,1683.104862
2025,23 Ciudades y áreas metropolitanas,Formal,"Administración pública y defensa, educación y atención de la salud humana",Ago - Oct,1721.870505
2025,23 Ciudades y áreas metropolitanas,Formal,"Administración pública y defensa, educación y atención de la salud humana",Sep - Nov,1684.205069
2025,23 Ciudades y áreas metropolitanas,Formal,"Administración pública y defensa, educación y atención de la salud humana",Oct - Dic,1672.369115
2025,23 Ciudades y áreas metropolitanas,Formal,"Administración pública y defensa, educación y atención de la salud humana",Nov - Ene,1651.060062
2025,23 Ciudades y áreas metropolitanas,Formal,"Administración pública y defensa, educación y atención de la salud humana",Dic - Feb,1711.357654
2026,23 Ciudades y áreas metropolitanas,Formal,"Administración pública y defensa, educación y atención de la salud humana",Ene - Mar,1746.141815
2026,23 Ciudades y áreas metropolitanas,Formal,"Administración pública y defensa, educación y atención de la salud humana",Feb - Abr,1794.334045
2021,23 Ciudades y áreas metropolitanas,Formal,"Actividades artísticas, entretenimiento, recreación y otras actividades de servicios",Ene - Mar,217.43903366666666
2021,23 Ciudades y áreas metropolitanas,Formal,"Actividades artísticas, entretenimiento, recreación y otras actividades de servicios",Feb - Abr,208.21546833333332
2021,23 Ciudades y áreas metropolitanas,Formal,"Actividades artísticas, entretenimiento, recreación y otras actividades de servicios",Mar - May,224.20342633333334
2021,23 Ciudades y áreas metropolitanas,Formal,"Actividades artísticas, entretenimiento, recreación y otras actividades de servicios",Abr - Jun,224.48465733333333
2021,23 Ciudades y áreas metropolitanas,Formal,"Actividades artísticas, entretenimiento, recreación y otras actividades de servicios",May - Jul,238.34624700000003
2021,23 Ciudades y áreas metropolitanas,Formal,"Actividades artísticas, entretenimiento, recreación y otras actividades de servicios",Jun - Ago,250.39445533333333
2021,23 Ciudades y áreas metropolitanas,Formal,"Actividades artísticas, entretenimiento, recreación y otras actividades de servicios",Jul - Sep,267.1622453333334
2021,23 Ciudades y áreas metropolitanas,Formal,"Actividades artísticas, entretenimiento, recreación y otras actividades de servicios",Ago - Oct,279.132769
2021,23 Ciudades y áreas metropolitanas,Formal,"Actividades artísticas, entretenimiento, recreación y otras actividades de servicios",Sep - Nov,275.45253166666663
2021,23 Ciudades y áreas metropolitanas,Formal,"Actividades artísticas, entretenimiento, recreación y otras actividades de servicios",Oct - Dic,259.922274
2021,23 Ciudades y áreas metropolitanas,Formal,"Actividades artísticas, entretenimiento, recreación y otras actividades de servicios",Nov - Ene,269.82858733333336
2021,23 Ciudades y áreas metropolitanas,Formal,"Actividades artísticas, entretenimiento, recreación y otras actividades de servicios",Dic - Feb,277.06334233333337
2022,23 Ciudades y áreas metropolitanas,Formal,"Actividades artísticas, entretenimiento, recreación y otras actividades de servicios",Ene - Mar,304.322245
2022,23 Ciudades y áreas metropolitanas,Formal,"Actividades artísticas, entretenimiento, recreación y otras actividades de servicios",Feb - Abr,315.594335
2022,23 Ciudades y áreas metropolitanas,Formal,"Actividades artísticas, entretenimiento, recreación y otras actividades de servicios",Mar - May,329.779032
2022,23 Ciudades y áreas metropolitanas,Formal,"Actividades artísticas, entretenimiento, recreación y otras actividades de servicios",Abr - Jun,330.6406683333333
2022,23 Ciudades y áreas metropolitanas,Formal,"Actividades artísticas, entretenimiento, recreación y otras actividades de servicios",May - Jul,313.18981966666666
2022,23 Ciudades y áreas metropolitanas,Formal,"Actividades artísticas, entretenimiento, recreación y otras actividades de servicios",Jun - Ago,314.616367
2022,23 Ciudades y áreas metropolitanas,Formal,"Actividades artísticas, entretenimiento, recreación y otras actividades de servicios",Jul - Sep,313.3608106666667
2022,23 Ciudades y áreas metropolitanas,Formal,"Actividades artísticas, entretenimiento, recreación y otras actividades de servicios",Ago - Oct,329.10071066666666
2022,23 Ciudades y áreas metropolitanas,Formal,"Actividades artísticas, entretenimiento, recreación y otras actividades de servicios",Sep - Nov,328.07987900000006
2022,23 Ciudades y áreas metropolitanas,Formal,"Actividades artísticas, entretenimiento, recreación y otras actividades de servicios",Oct - Dic,345.4150833333333
2022,23 Ciudades y áreas metropolitanas,Formal,"Actividades artísticas, entretenimiento, recreación y otras actividades de servicios",Nov - Ene,354.02674
2022,23 Ciudades y áreas metropolitanas,Formal,"Actividades artísticas, entretenimiento, recreación y otras actividades de servicios",Dic - Feb,352.65650533333337
2023,23 Ciudades y áreas metropolitanas,Formal,"Actividades artísticas, entretenimiento, recreación y otras actividades de servicios",Ene - Mar,351.079815
2023,23 Ciudades y áreas metropolitanas,Formal,"Actividades artísticas, entretenimiento, recreación y otras actividades de servicios",Feb - Abr,358.56074733333327
2023,23 Ciudades y áreas metropolitanas,Formal,"Actividades artísticas, entretenimiento, recreación y otras actividades de servicios",Mar - May,360.7605066666667
2023,23 Ciudades y áreas metropolitanas,Formal,"Actividades artísticas, entretenimiento, recreación y otras actividades de servicios",Abr - Jun,348.5858986666667
2023,23 Ciudades y áreas metropolitanas,Formal,"Actividades artísticas, entretenimiento, recreación y otras actividades de servicios",May - Jul,345.2239686666667
2023,23 Ciudades y áreas metropolitanas,Formal,"Actividades artísticas, entretenimiento, recreación y otras actividades de servicios",Jun - Ago,362.08475733333336
2023,23 Ciudades y áreas metropolitanas,Formal,"Actividades artísticas, entretenimiento, recreación y otras actividades de servicios",Jul - Sep,371.977196
2023,23 Ciudades y áreas metropolitanas,Formal,"Actividades artísticas, entretenimiento, recreación y otras actividades de servicios",Ago - Oct,371.16644966666667
2023,23 Ciudades y áreas metropolitanas,Formal,"Actividades artísticas, entretenimiento, recreación y otras actividades de servicios",Sep - Nov,369.84978100000006
2023,23 Ciudades y áreas metropolitanas,Formal,"Actividades artísticas, entretenimiento, recreación y otras actividades de servicios",Oct - Dic,380.9838296666667
2023,23 Ciudades y áreas metropolitanas,Formal,"Actividades artísticas, entretenimiento, recreación y otras actividades de servicios",Nov - Ene,391.4967693333333
2023,23 Ciudades y áreas metropolitanas,Formal,"Actividades artísticas, entretenimiento, recreación y otras actividades de servicios",Dic - Feb,387.9316743333334
2024,23 Ciudades y áreas metropolitanas,Formal,"Actividades artísticas, entretenimiento, recreación y otras actividades de servicios",Ene - Mar,389.911622
2024,23 Ciudades y áreas metropolitanas,Formal,"Actividades artísticas, entretenimiento, recreación y otras actividades de servicios",Feb - Abr,371.40947266666666
2024,23 Ciudades y áreas metropolitanas,Formal,"Actividades artísticas, entretenimiento, recreación y otras actividades de servicios",Mar - May,374.2640816666667
2024,23 Ciudades y áreas metropolitanas,Formal,"Actividades artísticas, entretenimiento, recreación y otras actividades de servicios",Abr - Jun,359.08348899999993
2024,23 Ciudades y áreas metropolitanas,Formal,"Actividades artísticas, entretenimiento, recreación y otras actividades de servicios",May - Jul,366.4896176666667
2024,23 Ciudades y áreas metropolitanas,Formal,"Actividades artísticas, entretenimiento, recreación y otras actividades de servicios",Jun - Ago,359.32670733333333
2024,23 Ciudades y áreas metropolitanas,Formal,"Actividades artísticas, entretenimiento, recreación y otras actividades de servicios",Jul - Sep,381.01674766666673
2024,23 Ciudades y áreas metropolitanas,Formal,"Actividades artísticas, entretenimiento, recreación y otras actividades de servicios",Ago - Oct,379.29653099999996
2024,23 Ciudades y áreas metropolitanas,Formal,"Actividades artísticas, entretenimiento, recreación y otras actividades de servicios",Sep - Nov,379.230421
2024,23 Ciudades y áreas metropolitanas,Formal,"Actividades artísticas, entretenimiento, recreación y otras actividades de servicios",Oct - Dic,364.26177533333333
2024,23 Ciudades y áreas metropolitanas,Formal,"Actividades artísticas, entretenimiento, recreación y otras actividades de servicios",Nov - Ene,371.432677
2024,23 Ciudades y áreas metropolitanas,Formal,"Actividades artísticas, entretenimiento, recreación y otras actividades de servicios",Dic - Feb,359.757308
2025,23 Ciudades y áreas metropolitanas,Formal,"Actividades artísticas, entretenimiento, recreación y otras actividades de servicios",Ene - Mar,355.103453
2025,23 Ciudades y áreas metropolitanas,Formal,"Actividades artísticas, entretenimiento, recreación y otras actividades de servicios",Feb - Abr,346.489831
2025,23 Ciudades y áreas metropolitanas,Formal,"Actividades artísticas, entretenimiento, recreación y otras actividades de servicios",Mar - May,361.449514
2025,23 Ciudades y áreas metropolitanas,Formal,"Actividades artísticas, entretenimiento, recreación y otras actividades de servicios",Abr - Jun,358.429046
2025,23 Ciudades y áreas metropolitanas,Formal,"Actividades artísticas, entretenimiento, recreación y otras actividades de servicios",May - Jul,376.175669
2025,23 Ciudades y áreas metropolitanas,Formal,"Actividades artísticas, entretenimiento, recreación y otras actividades de servicios",Jun - Ago,377.479002
2025,23 Ciudades y áreas metropolitanas,Formal,"Actividades artísticas, entretenimiento, recreación y otras actividades de servicios",Jul - Sep,393.327998
2025,23 Ciudades y áreas metropolitanas,Formal,"Actividades artísticas, entretenimiento, recreación y otras actividades de servicios",Ago - Oct,370.492061
2025,23 Ciudades y áreas metropolitanas,Formal,"Actividades artísticas, entretenimiento, recreación y otras actividades de servicios",Sep - Nov,375.622053
2025,23 Ciudades y áreas metropolitanas,Formal,"Actividades artísticas, entretenimiento, recreación y otras actividades de servicios",Oct - Dic,371.48153
2025,23 Ciudades y áreas metropolitanas,Formal,"Actividades artísticas, entretenimiento, recreación y otras actividades de servicios",Nov - Ene,389.345831
2025,23 Ciudades y áreas metropolitanas,Formal,"Actividades artísticas, entretenimiento, recreación y otras actividades de servicios",Dic - Feb,364.76502
2026,23 Ciudades y áreas metropolitanas,Formal,"Actividades artísticas, entretenimiento, recreación y otras actividades de servicios",Ene - Mar,375.319874
2026,23 Ciudades y áreas metropolitanas,Formal,"Actividades artísticas, entretenimiento, recreación y otras actividades de servicios",Feb - Abr,370.51435
2021,23 Ciudades y áreas metropolitanas,Informal,Informal,Ene - Mar,4825.498504666667
2021,23 Ciudades y áreas metropolitanas,Informal,Informal,Feb - Abr,4916.365636333333
2021,23 Ciudades y áreas metropolitanas,Informal,Informal,Mar - May,4842.916671666667
2021,23 Ciudades y áreas metropolitanas,Informal,Informal,Abr - Jun,4822.0599010000005
2021,23 Ciudades y áreas metropolitanas,Informal,Informal,May - Jul,4801.931417333333
2021,23 Ciudades y áreas metropolitanas,Informal,Informal,Jun - Ago,4901.791340333333
2021,23 Ciudades y áreas metropolitanas,Informal,Informal,Jul - Sep,4898.438222
2021,23 Ciudades y áreas metropolitanas,Informal,Informal,Ago - Oct,4962.7669946666665
2021,23 Ciudades y áreas metropolitanas,Informal,Informal,Sep - Nov,4939.24154
2021,23 Ciudades y áreas metropolitanas,Informal,Informal,Oct - Dic,4958.410614
2021,23 Ciudades y áreas metropolitanas,Informal,Informal,Nov - Ene,4883.529678666667
2021,23 Ciudades y áreas metropolitanas,Informal,Informal,Dic - Feb,4919.983625666667
2022,23 Ciudades y áreas metropolitanas,Informal,Informal,Ene - Mar,5020.379931333333
2022,23 Ciudades y áreas metropolitanas,Informal,Informal,Feb - Abr,5191.488419666667
2022,23 Ciudades y áreas metropolitanas,Informal,Informal,Mar - May,5198.123762666666
2022,23 Ciudades y áreas metropolitanas,Informal,Informal,Abr - Jun,5187.224359666667
2022,23 Ciudades y áreas metropolitanas,Informal,Informal,May - Jul,5162.304057666667
2022,23 Ciudades y áreas metropolitanas,Informal,Informal,Jun - Ago,5128.6759600000005
2022,23 Ciudades y áreas metropolitanas,Informal,Informal,Jul - Sep,5212.021485
2022,23 Ciudades y áreas metropolitanas,Informal,Informal,Ago - Oct,5268.366154333333
2022,23 Ciudades y áreas metropolitanas,Informal,Informal,Sep - Nov,5305.752374666667
2022,23 Ciudades y áreas metropolitanas,Informal,Informal,Oct - Dic,5203.450414666667
2022,23 Ciudades y áreas metropolitanas,Informal,Informal,Nov - Ene,5051.104171333333
2022,23 Ciudades y áreas metropolitanas,Informal,Informal,Dic - Feb,5048.723357333333
2023,23 Ciudades y áreas metropolitanas,Informal,Informal,Ene - Mar,5099.24543
2023,23 Ciudades y áreas metropolitanas,Informal,Informal,Feb - Abr,5133.266750666667
2023,23 Ciudades y áreas metropolitanas,Informal,Informal,Mar - May,5098.795131666667
2023,23 Ciudades y áreas metropolitanas,Informal,Informal,Abr - Jun,5061.021920333334
2023,23 Ciudades y áreas metropolitanas,Informal,Informal,May - Jul,5151.999853
2023,23 Ciudades y áreas metropolitanas,Informal,Informal,Jun - Ago,5191.755831666666
2023,23 Ciudades y áreas metropolitanas,Informal,Informal,Jul - Sep,5196.674836333334
2023,23 Ciudades y áreas metropolitanas,Informal,Informal,Ago - Oct,5200.856905666667
2023,23 Ciudades y áreas metropolitanas,Informal,Informal,Sep - Nov,5251.111776333334
2023,23 Ciudades y áreas metropolitanas,Informal,Informal,Oct - Dic,5237.675821666667
2023,23 Ciudades y áreas metropolitanas,Informal,Informal,Nov - Ene,5116.930839333333
2023,23 Ciudades y áreas metropolitanas,Informal,Informal,Dic - Feb,5078.883810666666
2024,23 Ciudades y áreas metropolitanas,Informal,Informal,Ene - Mar,5066.785747333334
2024,23 Ciudades y áreas metropolitanas,Informal,Informal,Feb - Abr,5143.051927666666
2024,23 Ciudades y áreas metropolitanas,Informal,Informal,Mar - May,5163.676035
2024,23 Ciudades y áreas metropolitanas,Informal,Informal,Abr - Jun,5191.701706
2024,23 Ciudades y áreas metropolitanas,Informal,Informal,May - Jul,5246.426551
2024,23 Ciudades y áreas metropolitanas,Informal,Informal,Jun - Ago,5270.855548333333
2024,23 Ciudades y áreas metropolitanas,Informal,Informal,Jul - Sep,5301.134307333333
2024,23 Ciudades y áreas metropolitanas,Informal,Informal,Ago - Oct,5355.521527666667
2024,23 Ciudades y áreas metropolitanas,Informal,Informal,Sep - Nov,5383.7541943333335
2024,23 Ciudades y áreas metropolitanas,Informal,Informal,Oct - Dic,5407.673078
2024,23 Ciudades y áreas metropolitanas,Informal,Informal,Nov - Ene,5335.778995
2024,23 Ciudades y áreas metropolitanas,Informal,Informal,Dic - Feb,5367.08705
2025,23 Ciudades y áreas metropolitanas,Informal,Informal,Ene - Mar,5455.659753
2025,23 Ciudades y áreas metropolitanas,Informal,Informal,Feb - Abr,5437.392747
2025,23 Ciudades y áreas metropolitanas,Informal,Informal,Mar - May,5419.578046
2025,23 Ciudades y áreas metropolitanas,Informal,Informal,Abr - Jun,5346.202501
2025,23 Ciudades y áreas metropolitanas,Informal,Informal,May - Jul,5424.16814
2025,23 Ciudades y áreas metropolitanas,Informal,Informal,Jun - Ago,5452.223628
2025,23 Ciudades y áreas metropolitanas,Informal,Informal,Jul - Sep,5431.441773
2025,23 Ciudades y áreas metropolitanas,Informal,Informal,Ago - Oct,5554.460735
2025,23 Ciudades y áreas metropolitanas,Informal,Informal,Sep - Nov,5566.880271
2025,23 Ciudades y áreas metropolitanas,Informal,Informal,Oct - Dic,5587.467798
2025,23 Ciudades y áreas metropolitanas,Informal,Informal,Nov - Ene,5330.68774
2025,23 Ciudades y áreas metropolitanas,Informal,Informal,Dic - Feb,5270.939468
2026,23 Ciudades y áreas metropolitanas,Informal,Informal,Ene - Mar,5240.332113
2026,23 Ciudades y áreas metropolitanas,Informal,Informal,Feb - Abr,5329.462953
2021,23 Ciudades y áreas metropolitanas,Informal,No informa,Ene - Mar,20.879956000000004
2021,23 Ciudades y áreas metropolitanas,Informal,No informa,Feb - Abr,15.176343999999999
2021,23 Ciudades y áreas metropolitanas,Informal,No informa,Mar - May,10.804770666666665
2021,23 Ciudades y áreas metropolitanas,Informal,No informa,Abr - Jun,1.9790419999999997
2021,23 Ciudades y áreas metropolitanas,Informal,No informa,May - Jul,1.7021136666666665
2021,23 Ciudades y áreas metropolitanas,Informal,No informa,Jun - Ago,0.027577
2021,23 Ciudades y áreas metropolitanas,Informal,No informa,Jul - Sep,0.027577
2021,23 Ciudades y áreas metropolitanas,Informal,No informa,Ago - Oct,0.12909933333333332
2021,23 Ciudades y áreas metropolitanas,Informal,No informa,Sep - Nov,9.593271666666666
2021,23 Ciudades y áreas metropolitanas,Informal,No informa,Oct - Dic,12.354307333333333
2021,23 Ciudades y áreas metropolitanas,Informal,No informa,Nov - Ene,13.356402000000001
2021,23 Ciudades y áreas metropolitanas,Informal,No informa,Dic - Feb,4.148972333333333
2022,23 Ciudades y áreas metropolitanas,Informal,No informa,Ene - Mar,1.4277239999999998
2022,23 Ciudades y áreas metropolitanas,Informal,No informa,Feb - Abr,2.1540753333333336
2022,23 Ciudades y áreas metropolitanas,Informal,No informa,Mar - May,2.0494196666666666
2022,23 Ciudades y áreas metropolitanas,Informal,No informa,Abr - Jun,2.0096323333333337
2022,23 Ciudades y áreas metropolitanas,Informal,No informa,May - Jul,0.17966400000000002
2022,23 Ciudades y áreas metropolitanas,Informal,No informa,Jun - Ago,0.0
2022,23 Ciudades y áreas metropolitanas,Informal,No informa,Jul - Sep,0.9742596666666666
2022,23 Ciudades y áreas metropolitanas,Informal,No informa,Ago - Oct,1.4026733333333332
2022,23 Ciudades y áreas metropolitanas,Informal,No informa,Sep - Nov,1.4026733333333332
2022,23 Ciudades y áreas metropolitanas,Informal,No informa,Oct - Dic,0.4284136666666667
2022,23 Ciudades y áreas metropolitanas,Informal,No informa,Nov - Ene,0.0
2022,23 Ciudades y áreas metropolitanas,Informal,No informa,Dic - Feb,0.0
2023,23 Ciudades y áreas metropolitanas,Informal,No informa,Ene - Mar,0.062308
2023,23 Ciudades y áreas metropolitanas,Informal,No informa,Feb - Abr,0.062308
2023,23 Ciudades y áreas metropolitanas,Informal,No informa,Mar - May,0.09151566666666666
2023,23 Ciudades y áreas metropolitanas,Informal,No informa,Abr - Jun,0.20865666666666668
2023,23 Ciudades y áreas metropolitanas,Informal,No informa,May - Jul,0.20865666666666668
2023,23 Ciudades y áreas metropolitanas,Informal,No informa,Jun - Ago,0.179449
2023,23 Ciudades y áreas metropolitanas,Informal,No informa,Jul - Sep,0.035798666666666666
2023,23 Ciudades y áreas metropolitanas,Informal,No informa,Ago - Oct,0.16344366666666668
2023,23 Ciudades y áreas metropolitanas,Informal,No informa,Sep - Nov,0.2361236666666667
2023,23 Ciudades y áreas metropolitanas,Informal,No informa,Oct - Dic,0.4207053333333333
2023,23 Ciudades y áreas metropolitanas,Informal,No informa,Nov - Ene,0.2930603333333333
2023,23 Ciudades y áreas metropolitanas,Informal,No informa,Dic - Feb,0.22038033333333332
2024,23 Ciudades y áreas metropolitanas,Informal,No informa,Ene - Mar,0.0
2024,23 Ciudades y áreas metropolitanas,Informal,No informa,Feb - Abr,0.0
2024,23 Ciudades y áreas metropolitanas,Informal,No informa,Mar - May,0.12193733333333334
2024,23 Ciudades y áreas metropolitanas,Informal,No informa,Abr - Jun,0.12193733333333334
2024,23 Ciudades y áreas metropolitanas,Informal,No informa,May - Jul,0.12193733333333334
2024,23 Ciudades y áreas metropolitanas,Informal,No informa,Jun - Ago,0.0
2024,23 Ciudades y áreas metropolitanas,Informal,No informa,Jul - Sep,0.0
2024,23 Ciudades y áreas metropolitanas,Informal,No informa,Ago - Oct,0.0
2024,23 Ciudades y áreas metropolitanas,Informal,No informa,Sep - Nov,0.051332333333333334
2024,23 Ciudades y áreas metropolitanas,Informal,No informa,Oct - Dic,0.051332333333333334
2024,23 Ciudades y áreas metropolitanas,Informal,No informa,Nov - Ene,0.077944
2024,23 Ciudades y áreas metropolitanas,Informal,No informa,Dic - Feb,0.480519
2025,23 Ciudades y áreas metropolitanas,Informal,No informa,Ene - Mar,0.480519
2025,23 Ciudades y áreas metropolitanas,Informal,No informa,Feb - Abr,0.453908
2025,23 Ciudades y áreas metropolitanas,Informal,No informa,Mar - May,0.0
2025,23 Ciudades y áreas metropolitanas,Informal,No informa,Abr - Jun,0.0
2025,23 Ciudades y áreas metropolitanas,Informal,No informa,May - Jul,0.0
2025,23 Ciudades y áreas metropolitanas,Informal,No informa,Jun - Ago,0.069714
2025,23 Ciudades y áreas metropolitanas,Informal,No informa,Jul - Sep,0.069714
2025,23 Ciudades y áreas metropolitanas,Informal,No informa,Ago - Oct,0.069714
2025,23 Ciudades y áreas metropolitanas,Informal,No informa,Sep - Nov,0.0
2025,23 Ciudades y áreas metropolitanas,Informal,No informa,Oct - Dic,0.0
2025,23 Ciudades y áreas metropolitanas,Informal,No informa,Nov - Ene,0.0
2025,23 Ciudades y áreas metropolitanas,Informal,No informa,Dic - Feb,0.0
2026,23 Ciudades y áreas metropolitanas,Informal,No informa,Ene - Mar,0.072949
2026,23 Ciudades y áreas metropolitanas,Informal,No informa,Feb - Abr,0.116701
2021,23 Ciudades y áreas metropolitanas,Informal,Otras ramas*,Ene - Mar,118.95436333333333
2021,23 Ciudades y áreas metropolitanas,Informal,Otras ramas*,Feb - Abr,122.53737933333332
2021,23 Ciudades y áreas metropolitanas,Informal,Otras ramas*,Mar - May,128.8729943333333
2021,23 Ciudades y áreas metropolitanas,Informal,Otras ramas*,Abr - Jun,123.21785899999999
2021,23 Ciudades y áreas metropolitanas,Informal,Otras ramas*,May - Jul,115.26120100000001
2021,23 Ciudades y áreas metropolitanas,Informal,Otras ramas*,Jun - Ago,112.14728666666667
2021,23 Ciudades y áreas metropolitanas,Informal,Otras ramas*,Jul - Sep,117.36385233333334
2021,23 Ciudades y áreas metropolitanas,Informal,Otras ramas*,Ago - Oct,114.185073
2021,23 Ciudades y áreas metropolitanas,Informal,Otras ramas*,Sep - Nov,119.11936333333334
2021,23 Ciudades y áreas metropolitanas,Informal,Otras ramas*,Oct - Dic,128.02184666666668
2021,23 Ciudades y áreas metropolitanas,Informal,Otras ramas*,Nov - Ene,143.49166
2021,23 Ciudades y áreas metropolitanas,Informal,Otras ramas*,Dic - Feb,149.789862
2022,23 Ciudades y áreas metropolitanas,Informal,Otras ramas*,Ene - Mar,142.52363133333336
2022,23 Ciudades y áreas metropolitanas,Informal,Otras ramas*,Feb - Abr,138.064228
2022,23 Ciudades y áreas metropolitanas,Informal,Otras ramas*,Mar - May,128.86636000000001
2022,23 Ciudades y áreas metropolitanas,Informal,Otras ramas*,Abr - Jun,133.01208366666665
2022,23 Ciudades y áreas metropolitanas,Informal,Otras ramas*,May - Jul,136.4727783333333
2022,23 Ciudades y áreas metropolitanas,Informal,Otras ramas*,Jun - Ago,138.63378400000002
2022,23 Ciudades y áreas metropolitanas,Informal,Otras ramas*,Jul - Sep,147.67569566666668
2022,23 Ciudades y áreas metropolitanas,Informal,Otras ramas*,Ago - Oct,148.89397066666666
2022,23 Ciudades y áreas metropolitanas,Informal,Otras ramas*,Sep - Nov,146.5398483333333
2022,23 Ciudades y áreas metropolitanas,Informal,Otras ramas*,Oct - Dic,145.15090066666667
2022,23 Ciudades y áreas metropolitanas,Informal,Otras ramas*,Nov - Ene,136.98769533333333
2022,23 Ciudades y áreas metropolitanas,Informal,Otras ramas*,Dic - Feb,145.36304033333334
2023,23 Ciudades y áreas metropolitanas,Informal,Otras ramas*,Ene - Mar,129.94158900000002
2023,23 Ciudades y áreas metropolitanas,Informal,Otras ramas*,Feb - Abr,125.57500566666668
2023,23 Ciudades y áreas metropolitanas,Informal,Otras ramas*,Mar - May,114.865559
2023,23 Ciudades y áreas metropolitanas,Informal,Otras ramas*,Abr - Jun,124.84324066666666
2023,23 Ciudades y áreas metropolitanas,Informal,Otras ramas*,May - Jul,143.07251733333334
2023,23 Ciudades y áreas metropolitanas,Informal,Otras ramas*,Jun - Ago,147.59505866666666
2023,23 Ciudades y áreas metropolitanas,Informal,Otras ramas*,Jul - Sep,137.20254699999998
2023,23 Ciudades y áreas metropolitanas,Informal,Otras ramas*,Ago - Oct,119.39954133333333
2023,23 Ciudades y áreas metropolitanas,Informal,Otras ramas*,Sep - Nov,116.80488000000001
2023,23 Ciudades y áreas metropolitanas,Informal,Otras ramas*,Oct - Dic,127.95335333333333
2023,23 Ciudades y áreas metropolitanas,Informal,Otras ramas*,Nov - Ene,135.18380366666668
2023,23 Ciudades y áreas metropolitanas,Informal,Otras ramas*,Dic - Feb,141.515097
2024,23 Ciudades y áreas metropolitanas,Informal,Otras ramas*,Ene - Mar,131.807966
2024,23 Ciudades y áreas metropolitanas,Informal,Otras ramas*,Feb - Abr,121.19464599999999
2024,23 Ciudades y áreas metropolitanas,Informal,Otras ramas*,Mar - May,116.53704866666668
2024,23 Ciudades y áreas metropolitanas,Informal,Otras ramas*,Abr - Jun,115.21362099999999
2024,23 Ciudades y áreas metropolitanas,Informal,Otras ramas*,May - Jul,124.46081266666665
2024,23 Ciudades y áreas metropolitanas,Informal,Otras ramas*,Jun - Ago,126.62616600000001
2024,23 Ciudades y áreas metropolitanas,Informal,Otras ramas*,Jul - Sep,130.46236766666667
2024,23 Ciudades y áreas metropolitanas,Informal,Otras ramas*,Ago - Oct,127.12094733333333
2024,23 Ciudades y áreas metropolitanas,Informal,Otras ramas*,Sep - Nov,128.94890733333332
2024,23 Ciudades y áreas metropolitanas,Informal,Otras ramas*,Oct - Dic,131.345209
2024,23 Ciudades y áreas metropolitanas,Informal,Otras ramas*,Nov - Ene,132.05167
2024,23 Ciudades y áreas metropolitanas,Informal,Otras ramas*,Dic - Feb,129.54101
2025,23 Ciudades y áreas metropolitanas,Informal,Otras ramas*,Ene - Mar,125.232716
2025,23 Ciudades y áreas metropolitanas,Informal,Otras ramas*,Feb - Abr,115.86303
2025,23 Ciudades y áreas metropolitanas,Informal,Otras ramas*,Mar - May,111.275754
2025,23 Ciudades y áreas metropolitanas,Informal,Otras ramas*,Abr - Jun,124.652315
2025,23 Ciudades y áreas metropolitanas,Informal,Otras ramas*,May - Jul,131.938742
2025,23 Ciudades y áreas metropolitanas,Informal,Otras ramas*,Jun - Ago,138.452055
2025,23 Ciudades y áreas metropolitanas,Informal,Otras ramas*,Jul - Sep,127.117763
2025,23 Ciudades y áreas metropolitanas,Informal,Otras ramas*,Ago - Oct,125.634213
2025,23 Ciudades y áreas metropolitanas,Informal,Otras ramas*,Sep - Nov,116.777618
2025,23 Ciudades y áreas metropolitanas,Informal,Otras ramas*,Oct - Dic,112.91203
2025,23 Ciudades y áreas metropolitanas,Informal,Otras ramas*,Nov - Ene,119.117568
2025,23 Ciudades y áreas metropolitanas,Informal,Otras ramas*,Dic - Feb,121.51836
2026,23 Ciudades y áreas metropolitanas,Informal,Otras ramas*,Ene - Mar,126.436885
2026,23 Ciudades y áreas metropolitanas,Informal,Otras ramas*,Feb - Abr,115.199168
2021,23 Ciudades y áreas metropolitanas,Informal,Industrias manufactureras,Ene - Mar,518.1994206666667
2021,23 Ciudades y áreas metropolitanas,Informal,Industrias manufactureras,Feb - Abr,495.222442
2021,23 Ciudades y áreas metropolitanas,Informal,Industrias manufactureras,Mar - May,484.7197606666667
2021,23 Ciudades y áreas metropolitanas,Informal,Industrias manufactureras,Abr - Jun,496.087945
2021,23 Ciudades y áreas metropolitanas,Informal,Industrias manufactureras,May - Jul,508.39073133333335
2021,23 Ciudades y áreas metropolitanas,Informal,Industrias manufactureras,Jun - Ago,517.2560916666666
2021,23 Ciudades y áreas metropolitanas,Informal,Industrias manufactureras,Jul - Sep,526.9214903333333
2021,23 Ciudades y áreas metropolitanas,Informal,Industrias manufactureras,Ago - Oct,551.399466
2021,23 Ciudades y áreas metropolitanas,Informal,Industrias manufactureras,Sep - Nov,539.0861596666667
2021,23 Ciudades y áreas metropolitanas,Informal,Industrias manufactureras,Oct - Dic,528.632506
2021,23 Ciudades y áreas metropolitanas,Informal,Industrias manufactureras,Nov - Ene,505.22547266666675
2021,23 Ciudades y áreas metropolitanas,Informal,Industrias manufactureras,Dic - Feb,510.71276599999993
2022,23 Ciudades y áreas metropolitanas,Informal,Industrias manufactureras,Ene - Mar,550.4613016666666
2022,23 Ciudades y áreas metropolitanas,Informal,Industrias manufactureras,Feb - Abr,574.9058506666667
2022,23 Ciudades y áreas metropolitanas,Informal,Industrias manufactureras,Mar - May,548.3768106666666
2022,23 Ciudades y áreas metropolitanas,Informal,Industrias manufactureras,Abr - Jun,526.1450243333333
2022,23 Ciudades y áreas metropolitanas,Informal,Industrias manufactureras,May - Jul,531.2648846666666
2022,23 Ciudades y áreas metropolitanas,Informal,Industrias manufactureras,Jun - Ago,537.9918033333332
2022,23 Ciudades y áreas metropolitanas,Informal,Industrias manufactureras,Jul - Sep,574.2054243333333
2022,23 Ciudades y áreas metropolitanas,Informal,Industrias manufactureras,Ago - Oct,574.9311526666667
2022,23 Ciudades y áreas metropolitanas,Informal,Industrias manufactureras,Sep - Nov,628.9368983333333
2022,23 Ciudades y áreas metropolitanas,Informal,Industrias manufactureras,Oct - Dic,598.7602880000001
2022,23 Ciudades y áreas metropolitanas,Informal,Industrias manufactureras,Nov - Ene,581.2798706666666
2022,23 Ciudades y áreas metropolitanas,Informal,Industrias manufactureras,Dic - Feb,535.2860850000001
2023,23 Ciudades y áreas metropolitanas,Informal,Industrias manufactureras,Ene - Mar,511.01928466666664
2023,23 Ciudades y áreas metropolitanas,Informal,Industrias manufactureras,Feb - Abr,508.75319900000005
2023,23 Ciudades y áreas metropolitanas,Informal,Industrias manufactureras,Mar - May,515.6969203333334
2023,23 Ciudades y áreas metropolitanas,Informal,Industrias manufactureras,Abr - Jun,511.0068436666667
2023,23 Ciudades y áreas metropolitanas,Informal,Industrias manufactureras,May - Jul,519.334442
2023,23 Ciudades y áreas metropolitanas,Informal,Industrias manufactureras,Jun - Ago,539.4662346666667
2023,23 Ciudades y áreas metropolitanas,Informal,Industrias manufactureras,Jul - Sep,546.920604
2023,23 Ciudades y áreas metropolitanas,Informal,Industrias manufactureras,Ago - Oct,557.00839
2023,23 Ciudades y áreas metropolitanas,Informal,Industrias manufactureras,Sep - Nov,552.046845
2023,23 Ciudades y áreas metropolitanas,Informal,Industrias manufactureras,Oct - Dic,550.2029336666666
2023,23 Ciudades y áreas metropolitanas,Informal,Industrias manufactureras,Nov - Ene,537.3549283333333
2023,23 Ciudades y áreas metropolitanas,Informal,Industrias manufactureras,Dic - Feb,535.1809086666667
2024,23 Ciudades y áreas metropolitanas,Informal,Industrias manufactureras,Ene - Mar,540.398912
2024,23 Ciudades y áreas metropolitanas,Informal,Industrias manufactureras,Feb - Abr,546.2755873333334
2024,23 Ciudades y áreas metropolitanas,Informal,Industrias manufactureras,Mar - May,546.1172996666667
2024,23 Ciudades y áreas metropolitanas,Informal,Industrias manufactureras,Abr - Jun,542.0634973333333
2024,23 Ciudades y áreas metropolitanas,Informal,Industrias manufactureras,May - Jul,539.772024
2024,23 Ciudades y áreas metropolitanas,Informal,Industrias manufactureras,Jun - Ago,542.9116673333333
2024,23 Ciudades y áreas metropolitanas,Informal,Industrias manufactureras,Jul - Sep,535.784348
2024,23 Ciudades y áreas metropolitanas,Informal,Industrias manufactureras,Ago - Oct,558.9067586666666
2024,23 Ciudades y áreas metropolitanas,Informal,Industrias manufactureras,Sep - Nov,571.0632856666666
2024,23 Ciudades y áreas metropolitanas,Informal,Industrias manufactureras,Oct - Dic,565.7166973333334
2024,23 Ciudades y áreas metropolitanas,Informal,Industrias manufactureras,Nov - Ene,517.463196
2024,23 Ciudades y áreas metropolitanas,Informal,Industrias manufactureras,Dic - Feb,515.696076
2025,23 Ciudades y áreas metropolitanas,Informal,Industrias manufactureras,Ene - Mar,552.261473
2025,23 Ciudades y áreas metropolitanas,Informal,Industrias manufactureras,Feb - Abr,592.348801
2025,23 Ciudades y áreas metropolitanas,Informal,Industrias manufactureras,Mar - May,552.779897
2025,23 Ciudades y áreas metropolitanas,Informal,Industrias manufactureras,Abr - Jun,564.833272
2025,23 Ciudades y áreas metropolitanas,Informal,Industrias manufactureras,May - Jul,559.701182
2025,23 Ciudades y áreas metropolitanas,Informal,Industrias manufactureras,Jun - Ago,588.541418
2025,23 Ciudades y áreas metropolitanas,Informal,Industrias manufactureras,Jul - Sep,553.620852
2025,23 Ciudades y áreas metropolitanas,Informal,Industrias manufactureras,Ago - Oct,585.419247
2025,23 Ciudades y áreas metropolitanas,Informal,Industrias manufactureras,Sep - Nov,565.946378
2025,23 Ciudades y áreas metropolitanas,Informal,Industrias manufactureras,Oct - Dic,596.27055
2025,23 Ciudades y áreas metropolitanas,Informal,Industrias manufactureras,Nov - Ene,549.201513
2025,23 Ciudades y áreas metropolitanas,Informal,Industrias manufactureras,Dic - Feb,551.659626
2026,23 Ciudades y áreas metropolitanas,Informal,Industrias manufactureras,Ene - Mar,510.281242
2026,23 Ciudades y áreas metropolitanas,Informal,Industrias manufactureras,Feb - Abr,541.79842
2021,23 Ciudades y áreas metropolitanas,Informal,Construcción,Ene - Mar,473.45338266666664
2021,23 Ciudades y áreas metropolitanas,Informal,Construcción,Feb - Abr,482.564709
2021,23 Ciudades y áreas metropolitanas,Informal,Construcción,Mar - May,500.281557
2021,23 Ciudades y áreas metropolitanas,Informal,Construcción,Abr - Jun,475.84534633333334
2021,23 Ciudades y áreas metropolitanas,Informal,Construcción,May - Jul,477.5838086666667
2021,23 Ciudades y áreas metropolitanas,Informal,Construcción,Jun - Ago,500.736776
2021,23 Ciudades y áreas metropolitanas,Informal,Construcción,Jul - Sep,509.17782399999993
2021,23 Ciudades y áreas metropolitanas,Informal,Construcción,Ago - Oct,502.35858033333335
2021,23 Ciudades y áreas metropolitanas,Informal,Construcción,Sep - Nov,505.8700293333333
2021,23 Ciudades y áreas metropolitanas,Informal,Construcción,Oct - Dic,480.1356953333334
2021,23 Ciudades y áreas metropolitanas,Informal,Construcción,Nov - Ene,477.0228076666667
2021,23 Ciudades y áreas metropolitanas,Informal,Construcción,Dic - Feb,451.7010886666667
2022,23 Ciudades y áreas metropolitanas,Informal,Construcción,Ene - Mar,476.51092
2022,23 Ciudades y áreas metropolitanas,Informal,Construcción,Feb - Abr,489.9835553333333
2022,23 Ciudades y áreas metropolitanas,Informal,Construcción,Mar - May,501.63914833333337
2022,23 Ciudades y áreas metropolitanas,Informal,Construcción,Abr - Jun,491.77808999999996
2022,23 Ciudades y áreas metropolitanas,Informal,Construcción,May - Jul,464.31914
2022,23 Ciudades y áreas metropolitanas,Informal,Construcción,Jun - Ago,459.28990933333336
2022,23 Ciudades y áreas metropolitanas,Informal,Construcción,Jul - Sep,463.5671786666667
2022,23 Ciudades y áreas metropolitanas,Informal,Construcción,Ago - Oct,480.264069
2022,23 Ciudades y áreas metropolitanas,Informal,Construcción,Sep - Nov,466.637366
2022,23 Ciudades y áreas metropolitanas,Informal,Construcción,Oct - Dic,470.44958433333335
2022,23 Ciudades y áreas metropolitanas,Informal,Construcción,Nov - Ene,456.8573873333333
2022,23 Ciudades y áreas metropolitanas,Informal,Construcción,Dic - Feb,479.89637799999997
2023,23 Ciudades y áreas metropolitanas,Informal,Construcción,Ene - Mar,481.96207000000004
2023,23 Ciudades y áreas metropolitanas,Informal,Construcción,Feb - Abr,493.21276566666666
2023,23 Ciudades y áreas metropolitanas,Informal,Construcción,Mar - May,459.16170933333336
2023,23 Ciudades y áreas metropolitanas,Informal,Construcción,Abr - Jun,440.1609843333333
2023,23 Ciudades y áreas metropolitanas,Informal,Construcción,May - Jul,441.12832299999997
2023,23 Ciudades y áreas metropolitanas,Informal,Construcción,Jun - Ago,451.3056833333333
2023,23 Ciudades y áreas metropolitanas,Informal,Construcción,Jul - Sep,450.014312
2023,23 Ciudades y áreas metropolitanas,Informal,Construcción,Ago - Oct,437.6801676666667
2023,23 Ciudades y áreas metropolitanas,Informal,Construcción,Sep - Nov,453.0148713333333
2023,23 Ciudades y áreas metropolitanas,Informal,Construcción,Oct - Dic,467.168711
2023,23 Ciudades y áreas metropolitanas,Informal,Construcción,Nov - Ene,458.8542743333333
2023,23 Ciudades y áreas metropolitanas,Informal,Construcción,Dic - Feb,445.63785299999995
2024,23 Ciudades y áreas metropolitanas,Informal,Construcción,Ene - Mar,430.18797533333327
2024,23 Ciudades y áreas metropolitanas,Informal,Construcción,Feb - Abr,448.9805773333333
2024,23 Ciudades y áreas metropolitanas,Informal,Construcción,Mar - May,461.4014136666667
2024,23 Ciudades y áreas metropolitanas,Informal,Construcción,Abr - Jun,448.81755
2024,23 Ciudades y áreas metropolitanas,Informal,Construcción,May - Jul,449.68302266666666
2024,23 Ciudades y áreas metropolitanas,Informal,Construcción,Jun - Ago,421.22899266666667
2024,23 Ciudades y áreas metropolitanas,Informal,Construcción,Jul - Sep,436.2282676666667
2024,23 Ciudades y áreas metropolitanas,Informal,Construcción,Ago - Oct,436.459226
2024,23 Ciudades y áreas metropolitanas,Informal,Construcción,Sep - Nov,460.2673426666667
2024,23 Ciudades y áreas metropolitanas,Informal,Construcción,Oct - Dic,476.712581
2024,23 Ciudades y áreas metropolitanas,Informal,Construcción,Nov - Ene,479.356412
2024,23 Ciudades y áreas metropolitanas,Informal,Construcción,Dic - Feb,501.406002
2025,23 Ciudades y áreas metropolitanas,Informal,Construcción,Ene - Mar,521.733824
2025,23 Ciudades y áreas metropolitanas,Informal,Construcción,Feb - Abr,522.096437
2025,23 Ciudades y áreas metropolitanas,Informal,Construcción,Mar - May,522.120936
2025,23 Ciudades y áreas metropolitanas,Informal,Construcción,Abr - Jun,515.568178
2025,23 Ciudades y áreas metropolitanas,Informal,Construcción,May - Jul,519.167361
2025,23 Ciudades y áreas metropolitanas,Informal,Construcción,Jun - Ago,517.138524
2025,23 Ciudades y áreas metropolitanas,Informal,Construcción,Jul - Sep,506.889693
2025,23 Ciudades y áreas metropolitanas,Informal,Construcción,Ago - Oct,502.749992
2025,23 Ciudades y áreas metropolitanas,Informal,Construcción,Sep - Nov,506.126391
2025,23 Ciudades y áreas metropolitanas,Informal,Construcción,Oct - Dic,490.914898
2025,23 Ciudades y áreas metropolitanas,Informal,Construcción,Nov - Ene,486.734302
2025,23 Ciudades y áreas metropolitanas,Informal,Construcción,Dic - Feb,474.73355
2026,23 Ciudades y áreas metropolitanas,Informal,Construcción,Ene - Mar,496.876397
2026,23 Ciudades y áreas metropolitanas,Informal,Construcción,Feb - Abr,501.077474
2021,23 Ciudades y áreas metropolitanas,Informal,Comercio y reparación de vehículos,Ene - Mar,1211.0312649999998
2021,23 Ciudades y áreas metropolitanas,Informal,Comercio y reparación de vehículos,Feb - Abr,1256.4283389999998
2021,23 Ciudades y áreas metropolitanas,Informal,Comercio y reparación de vehículos,Mar - May,1197.1312833333334
2021,23 Ciudades y áreas metropolitanas,Informal,Comercio y reparación de vehículos,Abr - Jun,1224.5371653333332
2021,23 Ciudades y áreas metropolitanas,Informal,Comercio y reparación de vehículos,May - Jul,1220.126496
2021,23 Ciudades y áreas metropolitanas,Informal,Comercio y reparación de vehículos,Jun - Ago,1235.7809536666666
2021,23 Ciudades y áreas metropolitanas,Informal,Comercio y reparación de vehículos,Jul - Sep,1199.7634366666668
2021,23 Ciudades y áreas metropolitanas,Informal,Comercio y reparación de vehículos,Ago - Oct,1184.471314
2021,23 Ciudades y áreas metropolitanas,Informal,Comercio y reparación de vehículos,Sep - Nov,1186.305512
2021,23 Ciudades y áreas metropolitanas,Informal,Comercio y reparación de vehículos,Oct - Dic,1202.8151906666665
2021,23 Ciudades y áreas metropolitanas,Informal,Comercio y reparación de vehículos,Nov - Ene,1209.2859236666666
2021,23 Ciudades y áreas metropolitanas,Informal,Comercio y reparación de vehículos,Dic - Feb,1226.392462
2022,23 Ciudades y áreas metropolitanas,Informal,Comercio y reparación de vehículos,Ene - Mar,1227.1691233333333
2022,23 Ciudades y áreas metropolitanas,Informal,Comercio y reparación de vehículos,Feb - Abr,1261.3821583333333
2022,23 Ciudades y áreas metropolitanas,Informal,Comercio y reparación de vehículos,Mar - May,1236.6393839999998
2022,23 Ciudades y áreas metropolitanas,Informal,Comercio y reparación de vehículos,Abr - Jun,1226.599364
2022,23 Ciudades y áreas metropolitanas,Informal,Comercio y reparación de vehículos,May - Jul,1232.6645500000002
2022,23 Ciudades y áreas metropolitanas,Informal,Comercio y reparación de vehículos,Jun - Ago,1233.4798813333334
2022,23 Ciudades y áreas metropolitanas,Informal,Comercio y reparación de vehículos,Jul - Sep,1254.1422486666668
2022,23 Ciudades y áreas metropolitanas,Informal,Comercio y reparación de vehículos,Ago - Oct,1271.2384023333332
2022,23 Ciudades y áreas metropolitanas,Informal,Comercio y reparación de vehículos,Sep - Nov,1270.6382483333334
2022,23 Ciudades y áreas metropolitanas,Informal,Comercio y reparación de vehículos,Oct - Dic,1223.0730293333334
2022,23 Ciudades y áreas metropolitanas,Informal,Comercio y reparación de vehículos,Nov - Ene,1175.0201366666668
2022,23 Ciudades y áreas metropolitanas,Informal,Comercio y reparación de vehículos,Dic - Feb,1191.6015996666667
2023,23 Ciudades y áreas metropolitanas,Informal,Comercio y reparación de vehículos,Ene - Mar,1247.7005133333334
2023,23 Ciudades y áreas metropolitanas,Informal,Comercio y reparación de vehículos,Feb - Abr,1253.4923666666666
2023,23 Ciudades y áreas metropolitanas,Informal,Comercio y reparación de vehículos,Mar - May,1229.5910046666665
2023,23 Ciudades y áreas metropolitanas,Informal,Comercio y reparación de vehículos,Abr - Jun,1220.234341
2023,23 Ciudades y áreas metropolitanas,Informal,Comercio y reparación de vehículos,May - Jul,1230.8031876666666
2023,23 Ciudades y áreas metropolitanas,Informal,Comercio y reparación de vehículos,Jun - Ago,1247.9742226666667
2023,23 Ciudades y áreas metropolitanas,Informal,Comercio y reparación de vehículos,Jul - Sep,1242.2208866666667
2023,23 Ciudades y áreas metropolitanas,Informal,Comercio y reparación de vehículos,Ago - Oct,1236.1537796666664
2023,23 Ciudades y áreas metropolitanas,Informal,Comercio y reparación de vehículos,Sep - Nov,1246.029133
2023,23 Ciudades y áreas metropolitanas,Informal,Comercio y reparación de vehículos,Oct - Dic,1237.8536583333334
2023,23 Ciudades y áreas metropolitanas,Informal,Comercio y reparación de vehículos,Nov - Ene,1230.1843436666668
2023,23 Ciudades y áreas metropolitanas,Informal,Comercio y reparación de vehículos,Dic - Feb,1190.2717
2024,23 Ciudades y áreas metropolitanas,Informal,Comercio y reparación de vehículos,Ene - Mar,1175.1159733333334
2024,23 Ciudades y áreas metropolitanas,Informal,Comercio y reparación de vehículos,Feb - Abr,1190.8020356666668
2024,23 Ciudades y áreas metropolitanas,Informal,Comercio y reparación de vehículos,Mar - May,1216.1861676666667
2024,23 Ciudades y áreas metropolitanas,Informal,Comercio y reparación de vehículos,Abr - Jun,1240.717988
2024,23 Ciudades y áreas metropolitanas,Informal,Comercio y reparación de vehículos,May - Jul,1247.7914393333333
2024,23 Ciudades y áreas metropolitanas,Informal,Comercio y reparación de vehículos,Jun - Ago,1265.573732
2024,23 Ciudades y áreas metropolitanas,Informal,Comercio y reparación de vehículos,Jul - Sep,1247.7532663333334
2024,23 Ciudades y áreas metropolitanas,Informal,Comercio y reparación de vehículos,Ago - Oct,1277.6568876666668
2024,23 Ciudades y áreas metropolitanas,Informal,Comercio y reparación de vehículos,Sep - Nov,1257.5902503333334
2024,23 Ciudades y áreas metropolitanas,Informal,Comercio y reparación de vehículos,Oct - Dic,1286.9295439999999
2024,23 Ciudades y áreas metropolitanas,Informal,Comercio y reparación de vehículos,Nov - Ene,1271.507874
2024,23 Ciudades y áreas metropolitanas,Informal,Comercio y reparación de vehículos,Dic - Feb,1281.568532
2025,23 Ciudades y áreas metropolitanas,Informal,Comercio y reparación de vehículos,Ene - Mar,1288.834259
2025,23 Ciudades y áreas metropolitanas,Informal,Comercio y reparación de vehículos,Feb - Abr,1247.289583
2025,23 Ciudades y áreas metropolitanas,Informal,Comercio y reparación de vehículos,Mar - May,1258.836866
2025,23 Ciudades y áreas metropolitanas,Informal,Comercio y reparación de vehículos,Abr - Jun,1210.567421
2025,23 Ciudades y áreas metropolitanas,Informal,Comercio y reparación de vehículos,May - Jul,1238.859952
2025,23 Ciudades y áreas metropolitanas,Informal,Comercio y reparación de vehículos,Jun - Ago,1210.234592
2025,23 Ciudades y áreas metropolitanas,Informal,Comercio y reparación de vehículos,Jul - Sep,1196.781833
2025,23 Ciudades y áreas metropolitanas,Informal,Comercio y reparación de vehículos,Ago - Oct,1219.797779
2025,23 Ciudades y áreas metropolitanas,Informal,Comercio y reparación de vehículos,Sep - Nov,1236.872174
2025,23 Ciudades y áreas metropolitanas,Informal,Comercio y reparación de vehículos,Oct - Dic,1258.700311
2025,23 Ciudades y áreas metropolitanas,Informal,Comercio y reparación de vehículos,Nov - Ene,1184.021889
2025,23 Ciudades y áreas metropolitanas,Informal,Comercio y reparación de vehículos,Dic - Feb,1168.718083
2026,23 Ciudades y áreas metropolitanas,Informal,Comercio y reparación de vehículos,Ene - Mar,1177.252454
2026,23 Ciudades y áreas metropolitanas,Informal,Comercio y reparación de vehículos,Feb - Abr,1196.855809
2021,23 Ciudades y áreas metropolitanas,Informal,Alojamiento y servicios de comida,Ene - Mar,509.59943100000004
2021,23 Ciudades y áreas metropolitanas,Informal,Alojamiento y servicios de comida,Feb - Abr,535.482324
2021,23 Ciudades y áreas metropolitanas,Informal,Alojamiento y servicios de comida,Mar - May,498.34485666666666
2021,23 Ciudades y áreas metropolitanas,Informal,Alojamiento y servicios de comida,Abr - Jun,507.1391116666667
2021,23 Ciudades y áreas metropolitanas,Informal,Alojamiento y servicios de comida,May - Jul,511.05937766666665
2021,23 Ciudades y áreas metropolitanas,Informal,Alojamiento y servicios de comida,Jun - Ago,521.4788823333333
2021,23 Ciudades y áreas metropolitanas,Informal,Alojamiento y servicios de comida,Jul - Sep,486.8291376666666
2021,23 Ciudades y áreas metropolitanas,Informal,Alojamiento y servicios de comida,Ago - Oct,479.7600316666667
2021,23 Ciudades y áreas metropolitanas,Informal,Alojamiento y servicios de comida,Sep - Nov,471.400864
2021,23 Ciudades y áreas metropolitanas,Informal,Alojamiento y servicios de comida,Oct - Dic,473.993122
2021,23 Ciudades y áreas metropolitanas,Informal,Alojamiento y servicios de comida,Nov - Ene,437.3515033333333
2021,23 Ciudades y áreas metropolitanas,Informal,Alojamiento y servicios de comida,Dic - Feb,442.7058313333334
2022,23 Ciudades y áreas metropolitanas,Informal,Alojamiento y servicios de comida,Ene - Mar,469.403655
2022,23 Ciudades y áreas metropolitanas,Informal,Alojamiento y servicios de comida,Feb - Abr,505.5040823333333
2022,23 Ciudades y áreas metropolitanas,Informal,Alojamiento y servicios de comida,Mar - May,522.512752
2022,23 Ciudades y áreas metropolitanas,Informal,Alojamiento y servicios de comida,Abr - Jun,523.3083379999999
2022,23 Ciudades y áreas metropolitanas,Informal,Alojamiento y servicios de comida,May - Jul,530.6805736666666
2022,23 Ciudades y áreas metropolitanas,Informal,Alojamiento y servicios de comida,Jun - Ago,532.128327
2022,23 Ciudades y áreas metropolitanas,Informal,Alojamiento y servicios de comida,Jul - Sep,534.551118
2022,23 Ciudades y áreas metropolitanas,Informal,Alojamiento y servicios de comida,Ago - Oct,540.5248156666667
2022,23 Ciudades y áreas metropolitanas,Informal,Alojamiento y servicios de comida,Sep - Nov,521.894302
2022,23 Ciudades y áreas metropolitanas,Informal,Alojamiento y servicios de comida,Oct - Dic,524.8259336666666
2022,23 Ciudades y áreas metropolitanas,Informal,Alojamiento y servicios de comida,Nov - Ene,520.8151186666666
2022,23 Ciudades y áreas metropolitanas,Informal,Alojamiento y servicios de comida,Dic - Feb,554.0018903333333
2023,23 Ciudades y áreas metropolitanas,Informal,Alojamiento y servicios de comida,Ene - Mar,573.0115063333334
2023,23 Ciudades y áreas metropolitanas,Informal,Alojamiento y servicios de comida,Feb - Abr,583.31281
2023,23 Ciudades y áreas metropolitanas,Informal,Alojamiento y servicios de comida,Mar - May,565.0733133333333
2023,23 Ciudades y áreas metropolitanas,Informal,Alojamiento y servicios de comida,Abr - Jun,546.2765370000001
2023,23 Ciudades y áreas metropolitanas,Informal,Alojamiento y servicios de comida,May - Jul,542.8741616666667
2023,23 Ciudades y áreas metropolitanas,Informal,Alojamiento y servicios de comida,Jun - Ago,550.5106833333333
2023,23 Ciudades y áreas metropolitanas,Informal,Alojamiento y servicios de comida,Jul - Sep,564.157964
2023,23 Ciudades y áreas metropolitanas,Informal,Alojamiento y servicios de comida,Ago - Oct,590.466004
2023,23 Ciudades y áreas metropolitanas,Informal,Alojamiento y servicios de comida,Sep - Nov,596.7959673333334
2023,23 Ciudades y áreas metropolitanas,Informal,Alojamiento y servicios de comida,Oct - Dic,595.3698523333334
2023,23 Ciudades y áreas metropolitanas,Informal,Alojamiento y servicios de comida,Nov - Ene,549.3880953333334
2023,23 Ciudades y áreas metropolitanas,Informal,Alojamiento y servicios de comida,Dic - Feb,539.476241
2024,23 Ciudades y áreas metropolitanas,Informal,Alojamiento y servicios de comida,Ene - Mar,531.9373936666666
2024,23 Ciudades y áreas metropolitanas,Informal,Alojamiento y servicios de comida,Feb - Abr,561.715491
2024,23 Ciudades y áreas metropolitanas,Informal,Alojamiento y servicios de comida,Mar - May,586.5937943333332
2024,23 Ciudades y áreas metropolitanas,Informal,Alojamiento y servicios de comida,Abr - Jun,599.2517750000001
2024,23 Ciudades y áreas metropolitanas,Informal,Alojamiento y servicios de comida,May - Jul,606.1915286666666
2024,23 Ciudades y áreas metropolitanas,Informal,Alojamiento y servicios de comida,Jun - Ago,596.9079756666666
2024,23 Ciudades y áreas metropolitanas,Informal,Alojamiento y servicios de comida,Jul - Sep,600.1987349999999
2024,23 Ciudades y áreas metropolitanas,Informal,Alojamiento y servicios de comida,Ago - Oct,600.964831
2024,23 Ciudades y áreas metropolitanas,Informal,Alojamiento y servicios de comida,Sep - Nov,606.8168959999999
2024,23 Ciudades y áreas metropolitanas,Informal,Alojamiento y servicios de comida,Oct - Dic,623.644584
2024,23 Ciudades y áreas metropolitanas,Informal,Alojamiento y servicios de comida,Nov - Ene,619.211767
2024,23 Ciudades y áreas metropolitanas,Informal,Alojamiento y servicios de comida,Dic - Feb,630.412934
2025,23 Ciudades y áreas metropolitanas,Informal,Alojamiento y servicios de comida,Ene - Mar,625.548339
2025,23 Ciudades y áreas metropolitanas,Informal,Alojamiento y servicios de comida,Feb - Abr,625.55847
2025,23 Ciudades y áreas metropolitanas,Informal,Alojamiento y servicios de comida,Mar - May,629.091891
2025,23 Ciudades y áreas metropolitanas,Informal,Alojamiento y servicios de comida,Abr - Jun,630.97303
2025,23 Ciudades y áreas metropolitanas,Informal,Alojamiento y servicios de comida,May - Jul,636.027064
2025,23 Ciudades y áreas metropolitanas,Informal,Alojamiento y servicios de comida,Jun - Ago,652.745005
2025,23 Ciudades y áreas metropolitanas,Informal,Alojamiento y servicios de comida,Jul - Sep,673.981391
2025,23 Ciudades y áreas metropolitanas,Informal,Alojamiento y servicios de comida,Ago - Oct,725.416072
2025,23 Ciudades y áreas metropolitanas,Informal,Alojamiento y servicios de comida,Sep - Nov,720.11982
2025,23 Ciudades y áreas metropolitanas,Informal,Alojamiento y servicios de comida,Oct - Dic,715.174738
2025,23 Ciudades y áreas metropolitanas,Informal,Alojamiento y servicios de comida,Nov - Ene,653.645221
2025,23 Ciudades y áreas metropolitanas,Informal,Alojamiento y servicios de comida,Dic - Feb,627.090182
2026,23 Ciudades y áreas metropolitanas,Informal,Alojamiento y servicios de comida,Ene - Mar,600.427233
2026,23 Ciudades y áreas metropolitanas,Informal,Alojamiento y servicios de comida,Feb - Abr,607.859455
2021,23 Ciudades y áreas metropolitanas,Informal,Transporte y almacenamiento,Ene - Mar,485.199898
2021,23 Ciudades y áreas metropolitanas,Informal,Transporte y almacenamiento,Feb - Abr,493.17404366666665
2021,23 Ciudades y áreas metropolitanas,Informal,Transporte y almacenamiento,Mar - May,501.73174833333337
2021,23 Ciudades y áreas metropolitanas,Informal,Transporte y almacenamiento,Abr - Jun,489.61159466666663
2021,23 Ciudades y áreas metropolitanas,Informal,Transporte y almacenamiento,May - Jul,501.292084
2021,23 Ciudades y áreas metropolitanas,Informal,Transporte y almacenamiento,Jun - Ago,518.5246346666667
2021,23 Ciudades y áreas metropolitanas,Informal,Transporte y almacenamiento,Jul - Sep,538.3472473333333
2021,23 Ciudades y áreas metropolitanas,Informal,Transporte y almacenamiento,Ago - Oct,570.5112563333333
2021,23 Ciudades y áreas metropolitanas,Informal,Transporte y almacenamiento,Sep - Nov,570.1016096666667
2021,23 Ciudades y áreas metropolitanas,Informal,Transporte y almacenamiento,Oct - Dic,573.6666086666668
2021,23 Ciudades y áreas metropolitanas,Informal,Transporte y almacenamiento,Nov - Ene,567.2093580000001
2021,23 Ciudades y áreas metropolitanas,Informal,Transporte y almacenamiento,Dic - Feb,573.9503763333333
2022,23 Ciudades y áreas metropolitanas,Informal,Transporte y almacenamiento,Ene - Mar,601.1130233333333
2022,23 Ciudades y áreas metropolitanas,Informal,Transporte y almacenamiento,Feb - Abr,620.8994636666667
2022,23 Ciudades y áreas metropolitanas,Informal,Transporte y almacenamiento,Mar - May,638.5123863333333
2022,23 Ciudades y áreas metropolitanas,Informal,Transporte y almacenamiento,Abr - Jun,631.8745813333334
2022,23 Ciudades y áreas metropolitanas,Informal,Transporte y almacenamiento,May - Jul,624.7136333333334
2022,23 Ciudades y áreas metropolitanas,Informal,Transporte y almacenamiento,Jun - Ago,606.3790633333333
2022,23 Ciudades y áreas metropolitanas,Informal,Transporte y almacenamiento,Jul - Sep,628.6281823333334
2022,23 Ciudades y áreas metropolitanas,Informal,Transporte y almacenamiento,Ago - Oct,635.143771
2022,23 Ciudades y áreas metropolitanas,Informal,Transporte y almacenamiento,Sep - Nov,631.921872
2022,23 Ciudades y áreas metropolitanas,Informal,Transporte y almacenamiento,Oct - Dic,611.0577023333334
2022,23 Ciudades y áreas metropolitanas,Informal,Transporte y almacenamiento,Nov - Ene,601.1373536666666
2022,23 Ciudades y áreas metropolitanas,Informal,Transporte y almacenamiento,Dic - Feb,633.0587386666666
2023,23 Ciudades y áreas metropolitanas,Informal,Transporte y almacenamiento,Ene - Mar,642.749475
2023,23 Ciudades y áreas metropolitanas,Informal,Transporte y almacenamiento,Feb - Abr,632.8265483333333
2023,23 Ciudades y áreas metropolitanas,Informal,Transporte y almacenamiento,Mar - May,635.819989
2023,23 Ciudades y áreas metropolitanas,Informal,Transporte y almacenamiento,Abr - Jun,627.125471
2023,23 Ciudades y áreas metropolitanas,Informal,Transporte y almacenamiento,May - Jul,661.5784140000001
2023,23 Ciudades y áreas metropolitanas,Informal,Transporte y almacenamiento,Jun - Ago,642.6418293333332
2023,23 Ciudades y áreas metropolitanas,Informal,Transporte y almacenamiento,Jul - Sep,667.8149576666666
2023,23 Ciudades y áreas metropolitanas,Informal,Transporte y almacenamiento,Ago - Oct,660.1731763333333
2023,23 Ciudades y áreas metropolitanas,Informal,Transporte y almacenamiento,Sep - Nov,689.1546500000001
2023,23 Ciudades y áreas metropolitanas,Informal,Transporte y almacenamiento,Oct - Dic,659.2367903333334
2023,23 Ciudades y áreas metropolitanas,Informal,Transporte y almacenamiento,Nov - Ene,645.134896
2023,23 Ciudades y áreas metropolitanas,Informal,Transporte y almacenamiento,Dic - Feb,654.45844
2024,23 Ciudades y áreas metropolitanas,Informal,Transporte y almacenamiento,Ene - Mar,676.075243
2024,23 Ciudades y áreas metropolitanas,Informal,Transporte y almacenamiento,Feb - Abr,665.4814326666667
2024,23 Ciudades y áreas metropolitanas,Informal,Transporte y almacenamiento,Mar - May,660.1760173333333
2024,23 Ciudades y áreas metropolitanas,Informal,Transporte y almacenamiento,Abr - Jun,671.5321886666667
2024,23 Ciudades y áreas metropolitanas,Informal,Transporte y almacenamiento,May - Jul,692.3293463333333
2024,23 Ciudades y áreas metropolitanas,Informal,Transporte y almacenamiento,Jun - Ago,670.947125
2024,23 Ciudades y áreas metropolitanas,Informal,Transporte y almacenamiento,Jul - Sep,670.7318383333333
2024,23 Ciudades y áreas metropolitanas,Informal,Transporte y almacenamiento,Ago - Oct,683.0275586666667
2024,23 Ciudades y áreas metropolitanas,Informal,Transporte y almacenamiento,Sep - Nov,697.2294123333335
2024,23 Ciudades y áreas metropolitanas,Informal,Transporte y almacenamiento,Oct - Dic,683.1613216666666
2024,23 Ciudades y áreas metropolitanas,Informal,Transporte y almacenamiento,Nov - Ene,676.462038
2024,23 Ciudades y áreas metropolitanas,Informal,Transporte y almacenamiento,Dic - Feb,689.190313
2025,23 Ciudades y áreas metropolitanas,Informal,Transporte y almacenamiento,Ene - Mar,709.582002
2025,23 Ciudades y áreas metropolitanas,Informal,Transporte y almacenamiento,Feb - Abr,718.998602
2025,23 Ciudades y áreas metropolitanas,Informal,Transporte y almacenamiento,Mar - May,704.215748
2025,23 Ciudades y áreas metropolitanas,Informal,Transporte y almacenamiento,Abr - Jun,690.792765
2025,23 Ciudades y áreas metropolitanas,Informal,Transporte y almacenamiento,May - Jul,708.722862
2025,23 Ciudades y áreas metropolitanas,Informal,Transporte y almacenamiento,Jun - Ago,715.585972
2025,23 Ciudades y áreas metropolitanas,Informal,Transporte y almacenamiento,Jul - Sep,728.867783
2025,23 Ciudades y áreas metropolitanas,Informal,Transporte y almacenamiento,Ago - Oct,739.74024
2025,23 Ciudades y áreas metropolitanas,Informal,Transporte y almacenamiento,Sep - Nov,762.631121
2025,23 Ciudades y áreas metropolitanas,Informal,Transporte y almacenamiento,Oct - Dic,733.905137
2025,23 Ciudades y áreas metropolitanas,Informal,Transporte y almacenamiento,Nov - Ene,703.418029
2025,23 Ciudades y áreas metropolitanas,Informal,Transporte y almacenamiento,Dic - Feb,684.245825
2026,23 Ciudades y áreas metropolitanas,Informal,Transporte y almacenamiento,Ene - Mar,702.881787
2026,23 Ciudades y áreas metropolitanas,Informal,Transporte y almacenamiento,Feb - Abr,689.262457
2021,23 Ciudades y áreas metropolitanas,Informal,Información y comunicaciones,Ene - Mar,66.291657
2021,23 Ciudades y áreas metropolitanas,Informal,Información y comunicaciones,Feb - Abr,69.25137066666667
2021,23 Ciudades y áreas metropolitanas,Informal,Información y comunicaciones,Mar - May,69.75798099999999
2021,23 Ciudades y áreas metropolitanas,Informal,Información y comunicaciones,Abr - Jun,70.59618233333333
2021,23 Ciudades y áreas metropolitanas,Informal,Información y comunicaciones,May - Jul,63.67943533333332
2021,23 Ciudades y áreas metropolitanas,Informal,Información y comunicaciones,Jun - Ago,62.62091066666667
2021,23 Ciudades y áreas metropolitanas,Informal,Información y comunicaciones,Jul - Sep,53.80913733333333
2021,23 Ciudades y áreas metropolitanas,Informal,Información y comunicaciones,Ago - Oct,50.883194
2021,23 Ciudades y áreas metropolitanas,Informal,Información y comunicaciones,Sep - Nov,43.883328
2021,23 Ciudades y áreas metropolitanas,Informal,Información y comunicaciones,Oct - Dic,49.029091666666666
2021,23 Ciudades y áreas metropolitanas,Informal,Información y comunicaciones,Nov - Ene,49.79953700000001
2021,23 Ciudades y áreas metropolitanas,Informal,Información y comunicaciones,Dic - Feb,52.916433000000005
2022,23 Ciudades y áreas metropolitanas,Informal,Información y comunicaciones,Ene - Mar,50.882482
2022,23 Ciudades y áreas metropolitanas,Informal,Información y comunicaciones,Feb - Abr,57.86831833333333
2022,23 Ciudades y áreas metropolitanas,Informal,Información y comunicaciones,Mar - May,57.340133333333334
2022,23 Ciudades y áreas metropolitanas,Informal,Información y comunicaciones,Abr - Jun,62.66200166666667
2022,23 Ciudades y áreas metropolitanas,Informal,Información y comunicaciones,May - Jul,55.989421
2022,23 Ciudades y áreas metropolitanas,Informal,Información y comunicaciones,Jun - Ago,47.88005666666667
2022,23 Ciudades y áreas metropolitanas,Informal,Información y comunicaciones,Jul - Sep,36.17521666666667
2022,23 Ciudades y áreas metropolitanas,Informal,Información y comunicaciones,Ago - Oct,33.152537333333335
2022,23 Ciudades y áreas metropolitanas,Informal,Información y comunicaciones,Sep - Nov,41.608016
2022,23 Ciudades y áreas metropolitanas,Informal,Información y comunicaciones,Oct - Dic,44.914656666666666
2022,23 Ciudades y áreas metropolitanas,Informal,Información y comunicaciones,Nov - Ene,44.112898
2022,23 Ciudades y áreas metropolitanas,Informal,Información y comunicaciones,Dic - Feb,42.893412000000005
2023,23 Ciudades y áreas metropolitanas,Informal,Información y comunicaciones,Ene - Mar,45.676364666666665
2023,23 Ciudades y áreas metropolitanas,Informal,Información y comunicaciones,Feb - Abr,54.58707866666666
2023,23 Ciudades y áreas metropolitanas,Informal,Información y comunicaciones,Mar - May,59.547410333333325
2023,23 Ciudades y áreas metropolitanas,Informal,Información y comunicaciones,Abr - Jun,64.50266733333333
2023,23 Ciudades y áreas metropolitanas,Informal,Información y comunicaciones,May - Jul,61.968672999999995
2023,23 Ciudades y áreas metropolitanas,Informal,Información y comunicaciones,Jun - Ago,55.81445133333333
2023,23 Ciudades y áreas metropolitanas,Informal,Información y comunicaciones,Jul - Sep,45.19089833333334
2023,23 Ciudades y áreas metropolitanas,Informal,Información y comunicaciones,Ago - Oct,46.483361
2023,23 Ciudades y áreas metropolitanas,Informal,Información y comunicaciones,Sep - Nov,43.891603
2023,23 Ciudades y áreas metropolitanas,Informal,Información y comunicaciones,Oct - Dic,45.274785
2023,23 Ciudades y áreas metropolitanas,Informal,Información y comunicaciones,Nov - Ene,37.46055333333333
2023,23 Ciudades y áreas metropolitanas,Informal,Información y comunicaciones,Dic - Feb,35.807774333333334
2024,23 Ciudades y áreas metropolitanas,Informal,Información y comunicaciones,Ene - Mar,30.447468999999998
2024,23 Ciudades y áreas metropolitanas,Informal,Información y comunicaciones,Feb - Abr,29.881091666666663
2024,23 Ciudades y áreas metropolitanas,Informal,Información y comunicaciones,Mar - May,36.93784933333333
2024,23 Ciudades y áreas metropolitanas,Informal,Información y comunicaciones,Abr - Jun,50.86713566666666
2024,23 Ciudades y áreas metropolitanas,Informal,Información y comunicaciones,May - Jul,56.39848800000001
2024,23 Ciudades y áreas metropolitanas,Informal,Información y comunicaciones,Jun - Ago,46.13197133333333
2024,23 Ciudades y áreas metropolitanas,Informal,Información y comunicaciones,Jul - Sep,37.947319
2024,23 Ciudades y áreas metropolitanas,Informal,Información y comunicaciones,Ago - Oct,36.820937666666666
2024,23 Ciudades y áreas metropolitanas,Informal,Información y comunicaciones,Sep - Nov,40.331674666666665
2024,23 Ciudades y áreas metropolitanas,Informal,Información y comunicaciones,Oct - Dic,47.100774333333334
2024,23 Ciudades y áreas metropolitanas,Informal,Información y comunicaciones,Nov - Ene,45.360171
2024,23 Ciudades y áreas metropolitanas,Informal,Información y comunicaciones,Dic - Feb,42.598749
2025,23 Ciudades y áreas metropolitanas,Informal,Información y comunicaciones,Ene - Mar,34.58495
2025,23 Ciudades y áreas metropolitanas,Informal,Información y comunicaciones,Feb - Abr,36.471799
2025,23 Ciudades y áreas metropolitanas,Informal,Información y comunicaciones,Mar - May,45.099075
2025,23 Ciudades y áreas metropolitanas,Informal,Información y comunicaciones,Abr - Jun,45.959605
2025,23 Ciudades y áreas metropolitanas,Informal,Información y comunicaciones,May - Jul,50.798211
2025,23 Ciudades y áreas metropolitanas,Informal,Información y comunicaciones,Jun - Ago,54.808793
2025,23 Ciudades y áreas metropolitanas,Informal,Información y comunicaciones,Jul - Sep,57.066337
2025,23 Ciudades y áreas metropolitanas,Informal,Información y comunicaciones,Ago - Oct,56.462868
2025,23 Ciudades y áreas metropolitanas,Informal,Información y comunicaciones,Sep - Nov,49.212128
2025,23 Ciudades y áreas metropolitanas,Informal,Información y comunicaciones,Oct - Dic,46.754925
2025,23 Ciudades y áreas metropolitanas,Informal,Información y comunicaciones,Nov - Ene,46.612609
2025,23 Ciudades y áreas metropolitanas,Informal,Información y comunicaciones,Dic - Feb,50.993482
2026,23 Ciudades y áreas metropolitanas,Informal,Información y comunicaciones,Ene - Mar,56.478864
2026,23 Ciudades y áreas metropolitanas,Informal,Información y comunicaciones,Feb - Abr,49.706966
2021,23 Ciudades y áreas metropolitanas,Informal,Actividades financieras y de seguros,Ene - Mar,44.83194966666667
2021,23 Ciudades y áreas metropolitanas,Informal,Actividades financieras y de seguros,Feb - Abr,39.801489333333336
2021,23 Ciudades y áreas metropolitanas,Informal,Actividades financieras y de seguros,Mar - May,39.18294
2021,23 Ciudades y áreas metropolitanas,Informal,Actividades financieras y de seguros,Abr - Jun,40.185998000000005
2021,23 Ciudades y áreas metropolitanas,Informal,Actividades financieras y de seguros,May - Jul,36.027103333333336
2021,23 Ciudades y áreas metropolitanas,Informal,Actividades financieras y de seguros,Jun - Ago,39.456063666666665
2021,23 Ciudades y áreas metropolitanas,Informal,Actividades financieras y de seguros,Jul - Sep,44.775360666666664
2021,23 Ciudades y áreas metropolitanas,Informal,Actividades financieras y de seguros,Ago - Oct,45.11884066666667
2021,23 Ciudades y áreas metropolitanas,Informal,Actividades financieras y de seguros,Sep - Nov,41.15263366666667
2021,23 Ciudades y áreas metropolitanas,Informal,Actividades financieras y de seguros,Oct - Dic,33.970228666666664
2021,23 Ciudades y áreas metropolitanas,Informal,Actividades financieras y de seguros,Nov - Ene,38.827168666666665
2021,23 Ciudades y áreas metropolitanas,Informal,Actividades financieras y de seguros,Dic - Feb,40.34501566666666
2022,23 Ciudades y áreas metropolitanas,Informal,Actividades financieras y de seguros,Ene - Mar,43.78350700000001
2022,23 Ciudades y áreas metropolitanas,Informal,Actividades financieras y de seguros,Feb - Abr,36.597156000000005
2022,23 Ciudades y áreas metropolitanas,Informal,Actividades financieras y de seguros,Mar - May,35.140635
2022,23 Ciudades y áreas metropolitanas,Informal,Actividades financieras y de seguros,Abr - Jun,33.52519966666667
2022,23 Ciudades y áreas metropolitanas,Informal,Actividades financieras y de seguros,May - Jul,33.82325066666667
2022,23 Ciudades y áreas metropolitanas,Informal,Actividades financieras y de seguros,Jun - Ago,30.04483433333333
2022,23 Ciudades y áreas metropolitanas,Informal,Actividades financieras y de seguros,Jul - Sep,29.95571266666667
2022,23 Ciudades y áreas metropolitanas,Informal,Actividades financieras y de seguros,Ago - Oct,37.723594
2022,23 Ciudades y áreas metropolitanas,Informal,Actividades financieras y de seguros,Sep - Nov,38.967139333333336
2022,23 Ciudades y áreas metropolitanas,Informal,Actividades financieras y de seguros,Oct - Dic,44.65263166666667
2022,23 Ciudades y áreas metropolitanas,Informal,Actividades financieras y de seguros,Nov - Ene,37.81594533333334
2022,23 Ciudades y áreas metropolitanas,Informal,Actividades financieras y de seguros,Dic - Feb,37.951145
2023,23 Ciudades y áreas metropolitanas,Informal,Actividades financieras y de seguros,Ene - Mar,27.154218999999998
2023,23 Ciudades y áreas metropolitanas,Informal,Actividades financieras y de seguros,Feb - Abr,35.82017066666666
2023,23 Ciudades y áreas metropolitanas,Informal,Actividades financieras y de seguros,Mar - May,36.00153566666666
2023,23 Ciudades y áreas metropolitanas,Informal,Actividades financieras y de seguros,Abr - Jun,34.855987999999996
2023,23 Ciudades y áreas metropolitanas,Informal,Actividades financieras y de seguros,May - Jul,25.856024333333334
2023,23 Ciudades y áreas metropolitanas,Informal,Actividades financieras y de seguros,Jun - Ago,27.116433666666666
2023,23 Ciudades y áreas metropolitanas,Informal,Actividades financieras y de seguros,Jul - Sep,29.856339000000002
2023,23 Ciudades y áreas metropolitanas,Informal,Actividades financieras y de seguros,Ago - Oct,29.37863366666667
2023,23 Ciudades y áreas metropolitanas,Informal,Actividades financieras y de seguros,Sep - Nov,26.524967
2023,23 Ciudades y áreas metropolitanas,Informal,Actividades financieras y de seguros,Oct - Dic,21.967698666666667
2023,23 Ciudades y áreas metropolitanas,Informal,Actividades financieras y de seguros,Nov - Ene,19.449971
2023,23 Ciudades y áreas metropolitanas,Informal,Actividades financieras y de seguros,Dic - Feb,25.831531333333334
2024,23 Ciudades y áreas metropolitanas,Informal,Actividades financieras y de seguros,Ene - Mar,30.176201666666667
2024,23 Ciudades y áreas metropolitanas,Informal,Actividades financieras y de seguros,Feb - Abr,32.754387666666666
2024,23 Ciudades y áreas metropolitanas,Informal,Actividades financieras y de seguros,Mar - May,28.650775999999997
2024,23 Ciudades y áreas metropolitanas,Informal,Actividades financieras y de seguros,Abr - Jun,31.380056666666672
2024,23 Ciudades y áreas metropolitanas,Informal,Actividades financieras y de seguros,May - Jul,31.30321166666667
2024,23 Ciudades y áreas metropolitanas,Informal,Actividades financieras y de seguros,Jun - Ago,30.852767666666665
2024,23 Ciudades y áreas metropolitanas,Informal,Actividades financieras y de seguros,Jul - Sep,29.988726666666665
2024,23 Ciudades y áreas metropolitanas,Informal,Actividades financieras y de seguros,Ago - Oct,31.450129666666665
2024,23 Ciudades y áreas metropolitanas,Informal,Actividades financieras y de seguros,Sep - Nov,30.804787333333334
2024,23 Ciudades y áreas metropolitanas,Informal,Actividades financieras y de seguros,Oct - Dic,31.935332666666664
2024,23 Ciudades y áreas metropolitanas,Informal,Actividades financieras y de seguros,Nov - Ene,35.496075
2024,23 Ciudades y áreas metropolitanas,Informal,Actividades financieras y de seguros,Dic - Feb,35.753145
2025,23 Ciudades y áreas metropolitanas,Informal,Actividades financieras y de seguros,Ene - Mar,30.676386
2025,23 Ciudades y áreas metropolitanas,Informal,Actividades financieras y de seguros,Feb - Abr,27.994153
2025,23 Ciudades y áreas metropolitanas,Informal,Actividades financieras y de seguros,Mar - May,27.246672
2025,23 Ciudades y áreas metropolitanas,Informal,Actividades financieras y de seguros,Abr - Jun,27.794362
2025,23 Ciudades y áreas metropolitanas,Informal,Actividades financieras y de seguros,May - Jul,29.738742
2025,23 Ciudades y áreas metropolitanas,Informal,Actividades financieras y de seguros,Jun - Ago,30.74216
2025,23 Ciudades y áreas metropolitanas,Informal,Actividades financieras y de seguros,Jul - Sep,32.621733
2025,23 Ciudades y áreas metropolitanas,Informal,Actividades financieras y de seguros,Ago - Oct,31.095078
2025,23 Ciudades y áreas metropolitanas,Informal,Actividades financieras y de seguros,Sep - Nov,28.963408
2025,23 Ciudades y áreas metropolitanas,Informal,Actividades financieras y de seguros,Oct - Dic,29.101496
2025,23 Ciudades y áreas metropolitanas,Informal,Actividades financieras y de seguros,Nov - Ene,26.957895
2025,23 Ciudades y áreas metropolitanas,Informal,Actividades financieras y de seguros,Dic - Feb,27.060329
2026,23 Ciudades y áreas metropolitanas,Informal,Actividades financieras y de seguros,Ene - Mar,30.182588
2026,23 Ciudades y áreas metropolitanas,Informal,Actividades financieras y de seguros,Feb - Abr,29.72315
2021,23 Ciudades y áreas metropolitanas,Informal,Actividades inmobiliarias,Ene - Mar,35.011775666666665
2021,23 Ciudades y áreas metropolitanas,Informal,Actividades inmobiliarias,Feb - Abr,38.014143999999995
2021,23 Ciudades y áreas metropolitanas,Informal,Actividades inmobiliarias,Mar - May,35.80152133333333
2021,23 Ciudades y áreas metropolitanas,Informal,Actividades inmobiliarias,Abr - Jun,34.93411366666667
2021,23 Ciudades y áreas metropolitanas,Informal,Actividades inmobiliarias,May - Jul,37.67355799999999
2021,23 Ciudades y áreas metropolitanas,Informal,Actividades inmobiliarias,Jun - Ago,40.83403833333333
2021,23 Ciudades y áreas metropolitanas,Informal,Actividades inmobiliarias,Jul - Sep,38.21191
2021,23 Ciudades y áreas metropolitanas,Informal,Actividades inmobiliarias,Ago - Oct,38.86010066666667
2021,23 Ciudades y áreas metropolitanas,Informal,Actividades inmobiliarias,Sep - Nov,38.05886433333333
2021,23 Ciudades y áreas metropolitanas,Informal,Actividades inmobiliarias,Oct - Dic,42.43657366666667
2021,23 Ciudades y áreas metropolitanas,Informal,Actividades inmobiliarias,Nov - Ene,40.28869666666666
2021,23 Ciudades y áreas metropolitanas,Informal,Actividades inmobiliarias,Dic - Feb,39.55290300000001
2022,23 Ciudades y áreas metropolitanas,Informal,Actividades inmobiliarias,Ene - Mar,35.969786666666664
2022,23 Ciudades y áreas metropolitanas,Informal,Actividades inmobiliarias,Feb - Abr,43.15694466666667
2022,23 Ciudades y áreas metropolitanas,Informal,Actividades inmobiliarias,Mar - May,47.58988566666667
2022,23 Ciudades y áreas metropolitanas,Informal,Actividades inmobiliarias,Abr - Jun,48.85963666666667
2022,23 Ciudades y áreas metropolitanas,Informal,Actividades inmobiliarias,May - Jul,40.29266333333333
2022,23 Ciudades y áreas metropolitanas,Informal,Actividades inmobiliarias,Jun - Ago,38.022658
2022,23 Ciudades y áreas metropolitanas,Informal,Actividades inmobiliarias,Jul - Sep,41.911405333333335
2022,23 Ciudades y áreas metropolitanas,Informal,Actividades inmobiliarias,Ago - Oct,41.22821266666667
2022,23 Ciudades y áreas metropolitanas,Informal,Actividades inmobiliarias,Sep - Nov,43.34095166666666
2022,23 Ciudades y áreas metropolitanas,Informal,Actividades inmobiliarias,Oct - Dic,37.59564133333333
2022,23 Ciudades y áreas metropolitanas,Informal,Actividades inmobiliarias,Nov - Ene,39.41296533333333
2022,23 Ciudades y áreas metropolitanas,Informal,Actividades inmobiliarias,Dic - Feb,34.257558
2023,23 Ciudades y áreas metropolitanas,Informal,Actividades inmobiliarias,Ene - Mar,35.15379933333333
2023,23 Ciudades y áreas metropolitanas,Informal,Actividades inmobiliarias,Feb - Abr,34.143224000000004
2023,23 Ciudades y áreas metropolitanas,Informal,Actividades inmobiliarias,Mar - May,37.517297666666664
2023,23 Ciudades y áreas metropolitanas,Informal,Actividades inmobiliarias,Abr - Jun,37.354474
2023,23 Ciudades y áreas metropolitanas,Informal,Actividades inmobiliarias,May - Jul,44.49812966666667
2023,23 Ciudades y áreas metropolitanas,Informal,Actividades inmobiliarias,Jun - Ago,44.24457366666667
2023,23 Ciudades y áreas metropolitanas,Informal,Actividades inmobiliarias,Jul - Sep,41.06796933333334
2023,23 Ciudades y áreas metropolitanas,Informal,Actividades inmobiliarias,Ago - Oct,36.09309266666667
2023,23 Ciudades y áreas metropolitanas,Informal,Actividades inmobiliarias,Sep - Nov,34.21176533333334
2023,23 Ciudades y áreas metropolitanas,Informal,Actividades inmobiliarias,Oct - Dic,38.788583333333335
2023,23 Ciudades y áreas metropolitanas,Informal,Actividades inmobiliarias,Nov - Ene,36.18034866666667
2023,23 Ciudades y áreas metropolitanas,Informal,Actividades inmobiliarias,Dic - Feb,41.468156
2024,23 Ciudades y áreas metropolitanas,Informal,Actividades inmobiliarias,Ene - Mar,42.040715
2024,23 Ciudades y áreas metropolitanas,Informal,Actividades inmobiliarias,Feb - Abr,49.652362000000004
2024,23 Ciudades y áreas metropolitanas,Informal,Actividades inmobiliarias,Mar - May,45.03643266666666
2024,23 Ciudades y áreas metropolitanas,Informal,Actividades inmobiliarias,Abr - Jun,43.459257
2024,23 Ciudades y áreas metropolitanas,Informal,Actividades inmobiliarias,May - Jul,36.72692333333333
2024,23 Ciudades y áreas metropolitanas,Informal,Actividades inmobiliarias,Jun - Ago,40.953544666666666
2024,23 Ciudades y áreas metropolitanas,Informal,Actividades inmobiliarias,Jul - Sep,37.48332166666667
2024,23 Ciudades y áreas metropolitanas,Informal,Actividades inmobiliarias,Ago - Oct,37.80915466666667
2024,23 Ciudades y áreas metropolitanas,Informal,Actividades inmobiliarias,Sep - Nov,30.236855333333335
2024,23 Ciudades y áreas metropolitanas,Informal,Actividades inmobiliarias,Oct - Dic,36.942833
2024,23 Ciudades y áreas metropolitanas,Informal,Actividades inmobiliarias,Nov - Ene,42.05459
2024,23 Ciudades y áreas metropolitanas,Informal,Actividades inmobiliarias,Dic - Feb,44.310779
2025,23 Ciudades y áreas metropolitanas,Informal,Actividades inmobiliarias,Ene - Mar,46.574011
2025,23 Ciudades y áreas metropolitanas,Informal,Actividades inmobiliarias,Feb - Abr,39.115192
2025,23 Ciudades y áreas metropolitanas,Informal,Actividades inmobiliarias,Mar - May,35.238763
2025,23 Ciudades y áreas metropolitanas,Informal,Actividades inmobiliarias,Abr - Jun,27.837692
2025,23 Ciudades y áreas metropolitanas,Informal,Actividades inmobiliarias,May - Jul,26.331737
2025,23 Ciudades y áreas metropolitanas,Informal,Actividades inmobiliarias,Jun - Ago,29.179142
2025,23 Ciudades y áreas metropolitanas,Informal,Actividades inmobiliarias,Jul - Sep,31.878424
2025,23 Ciudades y áreas metropolitanas,Informal,Actividades inmobiliarias,Ago - Oct,36.612133
2025,23 Ciudades y áreas metropolitanas,Informal,Actividades inmobiliarias,Sep - Nov,39.195509
2025,23 Ciudades y áreas metropolitanas,Informal,Actividades inmobiliarias,Oct - Dic,36.070301
2025,23 Ciudades y áreas metropolitanas,Informal,Actividades inmobiliarias,Nov - Ene,33.072119
2025,23 Ciudades y áreas metropolitanas,Informal,Actividades inmobiliarias,Dic - Feb,36.73855
2026,23 Ciudades y áreas metropolitanas,Informal,Actividades inmobiliarias,Ene - Mar,40.647982
2026,23 Ciudades y áreas metropolitanas,Informal,Actividades inmobiliarias,Feb - Abr,41.149028
2021,23 Ciudades y áreas metropolitanas,Informal,"Actividades profesionales, científicas, técnicas y de servicios administrativos",Ene - Mar,441.08414066666666
2021,23 Ciudades y áreas metropolitanas,Informal,"Actividades profesionales, científicas, técnicas y de servicios administrativos",Feb - Abr,458.1069616666667
2021,23 Ciudades y áreas metropolitanas,Informal,"Actividades profesionales, científicas, técnicas y de servicios administrativos",Mar - May,462.8043823333333
2021,23 Ciudades y áreas metropolitanas,Informal,"Actividades profesionales, científicas, técnicas y de servicios administrativos",Abr - Jun,468.5409173333333
2021,23 Ciudades y áreas metropolitanas,Informal,"Actividades profesionales, científicas, técnicas y de servicios administrativos",May - Jul,470.3159703333333
2021,23 Ciudades y áreas metropolitanas,Informal,"Actividades profesionales, científicas, técnicas y de servicios administrativos",Jun - Ago,504.1415173333333
2021,23 Ciudades y áreas metropolitanas,Informal,"Actividades profesionales, científicas, técnicas y de servicios administrativos",Jul - Sep,510.8286616666667
2021,23 Ciudades y áreas metropolitanas,Informal,"Actividades profesionales, científicas, técnicas y de servicios administrativos",Ago - Oct,529.6237286666667
2021,23 Ciudades y áreas metropolitanas,Informal,"Actividades profesionales, científicas, técnicas y de servicios administrativos",Sep - Nov,512.9877379999999
2021,23 Ciudades y áreas metropolitanas,Informal,"Actividades profesionales, científicas, técnicas y de servicios administrativos",Oct - Dic,519.3605779999999
2021,23 Ciudades y áreas metropolitanas,Informal,"Actividades profesionales, científicas, técnicas y de servicios administrativos",Nov - Ene,511.2343389999999
2021,23 Ciudades y áreas metropolitanas,Informal,"Actividades profesionales, científicas, técnicas y de servicios administrativos",Dic - Feb,502.37445799999995
2022,23 Ciudades y áreas metropolitanas,Informal,"Actividades profesionales, científicas, técnicas y de servicios administrativos",Ene - Mar,486.1507503333333
2022,23 Ciudades y áreas metropolitanas,Informal,"Actividades profesionales, científicas, técnicas y de servicios administrativos",Feb - Abr,489.63830966666666
2022,23 Ciudades y áreas metropolitanas,Informal,"Actividades profesionales, científicas, técnicas y de servicios administrativos",Mar - May,509.9977426666666
2022,23 Ciudades y áreas metropolitanas,Informal,"Actividades profesionales, científicas, técnicas y de servicios administrativos",Abr - Jun,527.4394673333333
2022,23 Ciudades y áreas metropolitanas,Informal,"Actividades profesionales, científicas, técnicas y de servicios administrativos",May - Jul,533.0913073333334
2022,23 Ciudades y áreas metropolitanas,Informal,"Actividades profesionales, científicas, técnicas y de servicios administrativos",Jun - Ago,535.4249216666666
2022,23 Ciudades y áreas metropolitanas,Informal,"Actividades profesionales, científicas, técnicas y de servicios administrativos",Jul - Sep,538.955368
2022,23 Ciudades y áreas metropolitanas,Informal,"Actividades profesionales, científicas, técnicas y de servicios administrativos",Ago - Oct,528.501758
2022,23 Ciudades y áreas metropolitanas,Informal,"Actividades profesionales, científicas, técnicas y de servicios administrativos",Sep - Nov,537.7679643333332
2022,23 Ciudades y áreas metropolitanas,Informal,"Actividades profesionales, científicas, técnicas y de servicios administrativos",Oct - Dic,542.0214040000001
2022,23 Ciudades y áreas metropolitanas,Informal,"Actividades profesionales, científicas, técnicas y de servicios administrativos",Nov - Ene,542.7151316666667
2022,23 Ciudades y áreas metropolitanas,Informal,"Actividades profesionales, científicas, técnicas y de servicios administrativos",Dic - Feb,509.0830006666667
2023,23 Ciudades y áreas metropolitanas,Informal,"Actividades profesionales, científicas, técnicas y de servicios administrativos",Ene - Mar,501.026022
2023,23 Ciudades y áreas metropolitanas,Informal,"Actividades profesionales, científicas, técnicas y de servicios administrativos",Feb - Abr,490.162481
2023,23 Ciudades y áreas metropolitanas,Informal,"Actividades profesionales, científicas, técnicas y de servicios administrativos",Mar - May,505.4036753333333
2023,23 Ciudades y áreas metropolitanas,Informal,"Actividades profesionales, científicas, técnicas y de servicios administrativos",Abr - Jun,498.47758633333336
2023,23 Ciudades y áreas metropolitanas,Informal,"Actividades profesionales, científicas, técnicas y de servicios administrativos",May - Jul,509.36220199999997
2023,23 Ciudades y áreas metropolitanas,Informal,"Actividades profesionales, científicas, técnicas y de servicios administrativos",Jun - Ago,501.39943366666665
2023,23 Ciudades y áreas metropolitanas,Informal,"Actividades profesionales, científicas, técnicas y de servicios administrativos",Jul - Sep,507.99286433333333
2023,23 Ciudades y áreas metropolitanas,Informal,"Actividades profesionales, científicas, técnicas y de servicios administrativos",Ago - Oct,504.9660666666667
2023,23 Ciudades y áreas metropolitanas,Informal,"Actividades profesionales, científicas, técnicas y de servicios administrativos",Sep - Nov,527.9668063333334
2023,23 Ciudades y áreas metropolitanas,Informal,"Actividades profesionales, científicas, técnicas y de servicios administrativos",Oct - Dic,561.6540110000001
2023,23 Ciudades y áreas metropolitanas,Informal,"Actividades profesionales, científicas, técnicas y de servicios administrativos",Nov - Ene,572.8206873333334
2023,23 Ciudades y áreas metropolitanas,Informal,"Actividades profesionales, científicas, técnicas y de servicios administrativos",Dic - Feb,549.6929806666667
2024,23 Ciudades y áreas metropolitanas,Informal,"Actividades profesionales, científicas, técnicas y de servicios administrativos",Ene - Mar,541.5906896666667
2024,23 Ciudades y áreas metropolitanas,Informal,"Actividades profesionales, científicas, técnicas y de servicios administrativos",Feb - Abr,540.527549
2024,23 Ciudades y áreas metropolitanas,Informal,"Actividades profesionales, científicas, técnicas y de servicios administrativos",Mar - May,524.110247
2024,23 Ciudades y áreas metropolitanas,Informal,"Actividades profesionales, científicas, técnicas y de servicios administrativos",Abr - Jun,503.2313166666667
2024,23 Ciudades y áreas metropolitanas,Informal,"Actividades profesionales, científicas, técnicas y de servicios administrativos",May - Jul,508.76448566666664
2024,23 Ciudades y áreas metropolitanas,Informal,"Actividades profesionales, científicas, técnicas y de servicios administrativos",Jun - Ago,537.5324456666667
2024,23 Ciudades y áreas metropolitanas,Informal,"Actividades profesionales, científicas, técnicas y de servicios administrativos",Jul - Sep,574.2143986666666
2024,23 Ciudades y áreas metropolitanas,Informal,"Actividades profesionales, científicas, técnicas y de servicios administrativos",Ago - Oct,557.9654346666666
2024,23 Ciudades y áreas metropolitanas,Informal,"Actividades profesionales, científicas, técnicas y de servicios administrativos",Sep - Nov,574.4229446666667
2024,23 Ciudades y áreas metropolitanas,Informal,"Actividades profesionales, científicas, técnicas y de servicios administrativos",Oct - Dic,556.2302366666667
2024,23 Ciudades y áreas metropolitanas,Informal,"Actividades profesionales, científicas, técnicas y de servicios administrativos",Nov - Ene,570.793571
2024,23 Ciudades y áreas metropolitanas,Informal,"Actividades profesionales, científicas, técnicas y de servicios administrativos",Dic - Feb,559.280187
2025,23 Ciudades y áreas metropolitanas,Informal,"Actividades profesionales, científicas, técnicas y de servicios administrativos",Ene - Mar,555.651927
2025,23 Ciudades y áreas metropolitanas,Informal,"Actividades profesionales, científicas, técnicas y de servicios administrativos",Feb - Abr,550.01468
2025,23 Ciudades y áreas metropolitanas,Informal,"Actividades profesionales, científicas, técnicas y de servicios administrativos",Mar - May,567.833283
2025,23 Ciudades y áreas metropolitanas,Informal,"Actividades profesionales, científicas, técnicas y de servicios administrativos",Abr - Jun,574.378815
2025,23 Ciudades y áreas metropolitanas,Informal,"Actividades profesionales, científicas, técnicas y de servicios administrativos",May - Jul,576.294859
2025,23 Ciudades y áreas metropolitanas,Informal,"Actividades profesionales, científicas, técnicas y de servicios administrativos",Jun - Ago,559.904836
2025,23 Ciudades y áreas metropolitanas,Informal,"Actividades profesionales, científicas, técnicas y de servicios administrativos",Jul - Sep,541.9811
2025,23 Ciudades y áreas metropolitanas,Informal,"Actividades profesionales, científicas, técnicas y de servicios administrativos",Ago - Oct,556.250647
2025,23 Ciudades y áreas metropolitanas,Informal,"Actividades profesionales, científicas, técnicas y de servicios administrativos",Sep - Nov,551.797252
2025,23 Ciudades y áreas metropolitanas,Informal,"Actividades profesionales, científicas, técnicas y de servicios administrativos",Oct - Dic,555.91245
2025,23 Ciudades y áreas metropolitanas,Informal,"Actividades profesionales, científicas, técnicas y de servicios administrativos",Nov - Ene,552.236626
2025,23 Ciudades y áreas metropolitanas,Informal,"Actividades profesionales, científicas, técnicas y de servicios administrativos",Dic - Feb,561.065735
2026,23 Ciudades y áreas metropolitanas,Informal,"Actividades profesionales, científicas, técnicas y de servicios administrativos",Ene - Mar,568.431577
2026,23 Ciudades y áreas metropolitanas,Informal,"Actividades profesionales, científicas, técnicas y de servicios administrativos",Feb - Abr,575.601186
2021,23 Ciudades y áreas metropolitanas,Informal,"Administración pública y defensa, educación y atención de la salud humana",Ene - Mar,265.29122766666666
2021,23 Ciudades y áreas metropolitanas,Informal,"Administración pública y defensa, educación y atención de la salud humana",Feb - Abr,274.586992
2021,23 Ciudades y áreas metropolitanas,Informal,"Administración pública y defensa, educación y atención de la salud humana",Mar - May,284.86767633333335
2021,23 Ciudades y áreas metropolitanas,Informal,"Administración pública y defensa, educación y atención de la salud humana",Abr - Jun,277.4540563333333
2021,23 Ciudades y áreas metropolitanas,Informal,"Administración pública y defensa, educación y atención de la salud humana",May - Jul,254.79664966666667
2021,23 Ciudades y áreas metropolitanas,Informal,"Administración pública y defensa, educación y atención de la salud humana",Jun - Ago,234.42750333333333
2021,23 Ciudades y áreas metropolitanas,Informal,"Administración pública y defensa, educación y atención de la salud humana",Jul - Sep,239.19964166666668
2021,23 Ciudades y áreas metropolitanas,Informal,"Administración pública y defensa, educación y atención de la salud humana",Ago - Oct,239.73703133333333
2021,23 Ciudades y áreas metropolitanas,Informal,"Administración pública y defensa, educación y atención de la salud humana",Sep - Nov,252.957805
2021,23 Ciudades y áreas metropolitanas,Informal,"Administración pública y defensa, educación y atención de la salud humana",Oct - Dic,240.78116233333333
2021,23 Ciudades y áreas metropolitanas,Informal,"Administración pública y defensa, educación y atención de la salud humana",Nov - Ene,230.07111266666666
2021,23 Ciudades y áreas metropolitanas,Informal,"Administración pública y defensa, educación y atención de la salud humana",Dic - Feb,223.98447466666667
2022,23 Ciudades y áreas metropolitanas,Informal,"Administración pública y defensa, educación y atención de la salud humana",Ene - Mar,242.44334833333332
2022,23 Ciudades y áreas metropolitanas,Informal,"Administración pública y defensa, educación y atención de la salud humana",Feb - Abr,252.473116
2022,23 Ciudades y áreas metropolitanas,Informal,"Administración pública y defensa, educación y atención de la salud humana",Mar - May,252.8367016666667
2022,23 Ciudades y áreas metropolitanas,Informal,"Administración pública y defensa, educación y atención de la salud humana",Abr - Jun,232.02342033333332
2022,23 Ciudades y áreas metropolitanas,Informal,"Administración pública y defensa, educación y atención de la salud humana",May - Jul,241.21832600000002
2022,23 Ciudades y áreas metropolitanas,Informal,"Administración pública y defensa, educación y atención de la salud humana",Jun - Ago,241.40692833333333
2022,23 Ciudades y áreas metropolitanas,Informal,"Administración pública y defensa, educación y atención de la salud humana",Jul - Sep,238.93743299999997
2022,23 Ciudades y áreas metropolitanas,Informal,"Administración pública y defensa, educación y atención de la salud humana",Ago - Oct,225.86141766666665
2022,23 Ciudades y áreas metropolitanas,Informal,"Administración pública y defensa, educación y atención de la salud humana",Sep - Nov,207.9739363333333
2022,23 Ciudades y áreas metropolitanas,Informal,"Administración pública y defensa, educación y atención de la salud humana",Oct - Dic,206.13982333333334
2022,23 Ciudades y áreas metropolitanas,Informal,"Administración pública y defensa, educación y atención de la salud humana",Nov - Ene,185.84609533333332
2022,23 Ciudades y áreas metropolitanas,Informal,"Administración pública y defensa, educación y atención de la salud humana",Dic - Feb,187.70141266666667
2023,23 Ciudades y áreas metropolitanas,Informal,"Administración pública y defensa, educación y atención de la salud humana",Ene - Mar,200.37073533333333
2023,23 Ciudades y áreas metropolitanas,Informal,"Administración pública y defensa, educación y atención de la salud humana",Feb - Abr,207.18768166666666
2023,23 Ciudades y áreas metropolitanas,Informal,"Administración pública y defensa, educación y atención de la salud humana",Mar - May,209.38855466666666
2023,23 Ciudades y áreas metropolitanas,Informal,"Administración pública y defensa, educación y atención de la salud humana",Abr - Jun,201.71013466666668
2023,23 Ciudades y áreas metropolitanas,Informal,"Administración pública y defensa, educación y atención de la salud humana",May - Jul,207.326958
2023,23 Ciudades y áreas metropolitanas,Informal,"Administración pública y defensa, educación y atención de la salud humana",Jun - Ago,207.86952066666663
2023,23 Ciudades y áreas metropolitanas,Informal,"Administración pública y defensa, educación y atención de la salud humana",Jul - Sep,207.6247083333333
2023,23 Ciudades y áreas metropolitanas,Informal,"Administración pública y defensa, educación y atención de la salud humana",Ago - Oct,207.49343233333332
2023,23 Ciudades y áreas metropolitanas,Informal,"Administración pública y defensa, educación y atención de la salud humana",Sep - Nov,216.22977600000002
2023,23 Ciudades y áreas metropolitanas,Informal,"Administración pública y defensa, educación y atención de la salud humana",Oct - Dic,201.409232
2023,23 Ciudades y áreas metropolitanas,Informal,"Administración pública y defensa, educación y atención de la salud humana",Nov - Ene,196.69401100000002
2023,23 Ciudades y áreas metropolitanas,Informal,"Administración pública y defensa, educación y atención de la salud humana",Dic - Feb,190.34322433333332
2024,23 Ciudades y áreas metropolitanas,Informal,"Administración pública y defensa, educación y atención de la salud humana",Ene - Mar,215.10407266666667
2024,23 Ciudades y áreas metropolitanas,Informal,"Administración pública y defensa, educación y atención de la salud humana",Feb - Abr,228.646609
2024,23 Ciudades y áreas metropolitanas,Informal,"Administración pública y defensa, educación y atención de la salud humana",Mar - May,221.91136300000002
2024,23 Ciudades y áreas metropolitanas,Informal,"Administración pública y defensa, educación y atención de la salud humana",Abr - Jun,215.82903733333333
2024,23 Ciudades y áreas metropolitanas,Informal,"Administración pública y defensa, educación y atención de la salud humana",May - Jul,211.75865399999998
2024,23 Ciudades y áreas metropolitanas,Informal,"Administración pública y defensa, educación y atención de la salud humana",Jun - Ago,231.145981
2024,23 Ciudades y áreas metropolitanas,Informal,"Administración pública y defensa, educación y atención de la salud humana",Jul - Sep,224.75237633333336
2024,23 Ciudades y áreas metropolitanas,Informal,"Administración pública y defensa, educación y atención de la salud humana",Ago - Oct,221.81130399999998
2024,23 Ciudades y áreas metropolitanas,Informal,"Administración pública y defensa, educación y atención de la salud humana",Sep - Nov,207.954984
2024,23 Ciudades y áreas metropolitanas,Informal,"Administración pública y defensa, educación y atención de la salud humana",Oct - Dic,207.43645533333333
2024,23 Ciudades y áreas metropolitanas,Informal,"Administración pública y defensa, educación y atención de la salud humana",Nov - Ene,191.932731
2024,23 Ciudades y áreas metropolitanas,Informal,"Administración pública y defensa, educación y atención de la salud humana",Dic - Feb,195.365966
2025,23 Ciudades y áreas metropolitanas,Informal,"Administración pública y defensa, educación y atención de la salud humana",Ene - Mar,198.853346
2025,23 Ciudades y áreas metropolitanas,Informal,"Administración pública y defensa, educación y atención de la salud humana",Feb - Abr,229.153209
2025,23 Ciudades y áreas metropolitanas,Informal,"Administración pública y defensa, educación y atención de la salud humana",Mar - May,221.727472
2025,23 Ciudades y áreas metropolitanas,Informal,"Administración pública y defensa, educación y atención de la salud humana",Abr - Jun,222.445014
2025,23 Ciudades y áreas metropolitanas,Informal,"Administración pública y defensa, educación y atención de la salud humana",May - Jul,203.149824
2025,23 Ciudades y áreas metropolitanas,Informal,"Administración pública y defensa, educación y atención de la salud humana",Jun - Ago,201.362004
2025,23 Ciudades y áreas metropolitanas,Informal,"Administración pública y defensa, educación y atención de la salud humana",Jul - Sep,189.665347
2025,23 Ciudades y áreas metropolitanas,Informal,"Administración pública y defensa, educación y atención de la salud humana",Ago - Oct,191.770511
2025,23 Ciudades y áreas metropolitanas,Informal,"Administración pública y defensa, educación y atención de la salud humana",Sep - Nov,206.341177
2025,23 Ciudades y áreas metropolitanas,Informal,"Administración pública y defensa, educación y atención de la salud humana",Oct - Dic,211.752429
2025,23 Ciudades y áreas metropolitanas,Informal,"Administración pública y defensa, educación y atención de la salud humana",Nov - Ene,204.488627
2025,23 Ciudades y áreas metropolitanas,Informal,"Administración pública y defensa, educación y atención de la salud humana",Dic - Feb,198.76806
2026,23 Ciudades y áreas metropolitanas,Informal,"Administración pública y defensa, educación y atención de la salud humana",Ene - Mar,203.95245
2026,23 Ciudades y áreas metropolitanas,Informal,"Administración pública y defensa, educación y atención de la salud humana",Feb - Abr,226.393802
2021,23 Ciudades y áreas metropolitanas,Informal,"Actividades artísticas, entretenimiento, recreación y otras actividades de servicios",Ene - Mar,635.6700366666668
2021,23 Ciudades y áreas metropolitanas,Informal,"Actividades artísticas, entretenimiento, recreación y otras actividades de servicios",Feb - Abr,636.0190966666668
2021,23 Ciudades y áreas metropolitanas,Informal,"Actividades artísticas, entretenimiento, recreación y otras actividades de servicios",Mar - May,628.615199
2021,23 Ciudades y áreas metropolitanas,Informal,"Actividades artísticas, entretenimiento, recreación y otras actividades de servicios",Abr - Jun,611.9305686666667
2021,23 Ciudades y áreas metropolitanas,Informal,"Actividades artísticas, entretenimiento, recreación y otras actividades de servicios",May - Jul,604.0228880000001
2021,23 Ciudades y áreas metropolitanas,Informal,"Actividades artísticas, entretenimiento, recreación y otras actividades de servicios",Jun - Ago,614.359105
2021,23 Ciudades y áreas metropolitanas,Informal,"Actividades artísticas, entretenimiento, recreación y otras actividades de servicios",Jul - Sep,633.1829453333334
2021,23 Ciudades y áreas metropolitanas,Informal,"Actividades artísticas, entretenimiento, recreación y otras actividades de servicios",Ago - Oct,655.7292786666667
2021,23 Ciudades y áreas metropolitanas,Informal,"Actividades artísticas, entretenimiento, recreación y otras actividades de servicios",Sep - Nov,648.724362
2021,23 Ciudades y áreas metropolitanas,Informal,"Actividades artísticas, entretenimiento, recreación y otras actividades de servicios",Oct - Dic,673.213703
2021,23 Ciudades y áreas metropolitanas,Informal,"Actividades artísticas, entretenimiento, recreación y otras actividades de servicios",Nov - Ene,660.3656973333333
2021,23 Ciudades y áreas metropolitanas,Informal,"Actividades artísticas, entretenimiento, recreación y otras actividades de servicios",Dic - Feb,701.4089819999999
2022,23 Ciudades y áreas metropolitanas,Informal,"Actividades artísticas, entretenimiento, recreación y otras actividades de servicios",Ene - Mar,692.5406786666666
2022,23 Ciudades y áreas metropolitanas,Informal,"Actividades artísticas, entretenimiento, recreación y otras actividades de servicios",Feb - Abr,718.8611616666667
2022,23 Ciudades y áreas metropolitanas,Informal,"Actividades artísticas, entretenimiento, recreación y otras actividades de servicios",Mar - May,716.6224033333334
2022,23 Ciudades y áreas metropolitanas,Informal,"Actividades artísticas, entretenimiento, recreación y otras actividades de servicios",Abr - Jun,747.9875206666667
2022,23 Ciudades y áreas metropolitanas,Informal,"Actividades artísticas, entretenimiento, recreación y otras actividades de servicios",May - Jul,737.5938656666667
2022,23 Ciudades y áreas metropolitanas,Informal,"Actividades artísticas, entretenimiento, recreación y otras actividades de servicios",Jun - Ago,727.993793
2022,23 Ciudades y áreas metropolitanas,Informal,"Actividades artísticas, entretenimiento, recreación y otras actividades de servicios",Jul - Sep,722.3422416666667
2022,23 Ciudades y áreas metropolitanas,Informal,"Actividades artísticas, entretenimiento, recreación y otras actividades de servicios",Ago - Oct,749.4997793333333
2022,23 Ciudades y áreas metropolitanas,Informal,"Actividades artísticas, entretenimiento, recreación y otras actividades de servicios",Sep - Nov,768.1231576666668
2022,23 Ciudades y áreas metropolitanas,Informal,"Actividades artísticas, entretenimiento, recreación y otras actividades de servicios",Oct - Dic,754.3804043333333
2022,23 Ciudades y áreas metropolitanas,Informal,"Actividades artísticas, entretenimiento, recreación y otras actividades de servicios",Nov - Ene,729.1035726666668
2022,23 Ciudades y áreas metropolitanas,Informal,"Actividades artísticas, entretenimiento, recreación y otras actividades de servicios",Dic - Feb,697.629097
2023,23 Ciudades y áreas metropolitanas,Informal,"Actividades artísticas, entretenimiento, recreación y otras actividades de servicios",Ene - Mar,703.4175439999999
2023,23 Ciudades y áreas metropolitanas,Informal,"Actividades artísticas, entretenimiento, recreación y otras actividades de servicios",Feb - Abr,714.1311116666667
2023,23 Ciudades y áreas metropolitanas,Informal,"Actividades artísticas, entretenimiento, recreación y otras actividades de servicios",Mar - May,730.6366473333333
2023,23 Ciudades y áreas metropolitanas,Informal,"Actividades artísticas, entretenimiento, recreación y otras actividades de servicios",Abr - Jun,754.2649956666668
2023,23 Ciudades y áreas metropolitanas,Informal,"Actividades artísticas, entretenimiento, recreación y otras actividades de servicios",May - Jul,763.9881636666668
2023,23 Ciudades y áreas metropolitanas,Informal,"Actividades artísticas, entretenimiento, recreación y otras actividades de servicios",Jun - Ago,775.6382576666666
2023,23 Ciudades y áreas metropolitanas,Informal,"Actividades artísticas, entretenimiento, recreación y otras actividades de servicios",Jul - Sep,756.5749876666667
2023,23 Ciudades y áreas metropolitanas,Informal,"Actividades artísticas, entretenimiento, recreación y otras actividades de servicios",Ago - Oct,775.3978173333334
2023,23 Ciudades y áreas metropolitanas,Informal,"Actividades artísticas, entretenimiento, recreación y otras actividades de servicios",Sep - Nov,748.204389
2023,23 Ciudades y áreas metropolitanas,Informal,"Actividades artísticas, entretenimiento, recreación y otras actividades de servicios",Oct - Dic,730.3755073333333
2023,23 Ciudades y áreas metropolitanas,Informal,"Actividades artísticas, entretenimiento, recreación y otras actividades de servicios",Nov - Ene,697.9318666666667
2023,23 Ciudades y áreas metropolitanas,Informal,"Actividades artísticas, entretenimiento, recreación y otras actividades de servicios",Dic - Feb,728.979524
2024,23 Ciudades y áreas metropolitanas,Informal,"Actividades artísticas, entretenimiento, recreación y otras actividades de servicios",Ene - Mar,721.903136
2024,23 Ciudades y áreas metropolitanas,Informal,"Actividades artísticas, entretenimiento, recreación y otras actividades de servicios",Feb - Abr,727.1401583333333
2024,23 Ciudades y áreas metropolitanas,Informal,"Actividades artísticas, entretenimiento, recreación y otras actividades de servicios",Mar - May,719.8956886666666
2024,23 Ciudades y áreas metropolitanas,Informal,"Actividades artísticas, entretenimiento, recreación y otras actividades de servicios",Abr - Jun,729.216346
2024,23 Ciudades y áreas metropolitanas,Informal,"Actividades artísticas, entretenimiento, recreación y otras actividades de servicios",May - Jul,741.1246773333332
2024,23 Ciudades y áreas metropolitanas,Informal,"Actividades artísticas, entretenimiento, recreación y otras actividades de servicios",Jun - Ago,760.0431793333333
2024,23 Ciudades y áreas metropolitanas,Informal,"Actividades artísticas, entretenimiento, recreación y otras actividades de servicios",Jul - Sep,775.5893423333333
2024,23 Ciudades y áreas metropolitanas,Informal,"Actividades artísticas, entretenimiento, recreación y otras actividades de servicios",Ago - Oct,785.5283579999999
2024,23 Ciudades y áreas metropolitanas,Informal,"Actividades artísticas, entretenimiento, recreación y otras actividades de servicios",Sep - Nov,778.0355216666667
2024,23 Ciudades y áreas metropolitanas,Informal,"Actividades artísticas, entretenimiento, recreación y otras actividades de servicios",Oct - Dic,760.4661766666667
2024,23 Ciudades y áreas metropolitanas,Informal,"Actividades artísticas, entretenimiento, recreación y otras actividades de servicios",Nov - Ene,754.010956
2024,23 Ciudades y áreas metropolitanas,Informal,"Actividades artísticas, entretenimiento, recreación y otras actividades de servicios",Dic - Feb,741.482835
2025,23 Ciudades y áreas metropolitanas,Informal,"Actividades artísticas, entretenimiento, recreación y otras actividades de servicios",Ene - Mar,765.645998
2025,23 Ciudades y áreas metropolitanas,Informal,"Actividades artísticas, entretenimiento, recreación y otras actividades de servicios",Feb - Abr,732.034883
2025,23 Ciudades y áreas metropolitanas,Informal,"Actividades artísticas, entretenimiento, recreación y otras actividades de servicios",Mar - May,744.111688
2025,23 Ciudades y áreas metropolitanas,Informal,"Actividades artísticas, entretenimiento, recreación y otras actividades de servicios",Abr - Jun,710.400033
2025,23 Ciudades y áreas metropolitanas,Informal,"Actividades artísticas, entretenimiento, recreación y otras actividades de servicios",May - Jul,743.437605
2025,23 Ciudades y áreas metropolitanas,Informal,"Actividades artísticas, entretenimiento, recreación y otras actividades de servicios",Jun - Ago,753.459413
2025,23 Ciudades y áreas metropolitanas,Informal,"Actividades artísticas, entretenimiento, recreación y otras actividades de servicios",Jul - Sep,790.899802
2025,23 Ciudades y áreas metropolitanas,Informal,"Actividades artísticas, entretenimiento, recreación y otras actividades de servicios",Ago - Oct,783.442242
2025,23 Ciudades y áreas metropolitanas,Informal,"Actividades artísticas, entretenimiento, recreación y otras actividades de servicios",Sep - Nov,782.897294
2025,23 Ciudades y áreas metropolitanas,Informal,"Actividades artísticas, entretenimiento, recreación y otras actividades de servicios",Oct - Dic,799.998533
2025,23 Ciudades y áreas metropolitanas,Informal,"Actividades artísticas, entretenimiento, recreación y otras actividades de servicios",Nov - Ene,771.18134
2025,23 Ciudades y áreas metropolitanas,Informal,"Actividades artísticas, entretenimiento, recreación y otras actividades de servicios",Dic - Feb,768.347685
2026,23 Ciudades y áreas metropolitanas,Informal,"Actividades artísticas, entretenimiento, recreación y otras actividades de servicios",Ene - Mar,726.409703
2026,23 Ciudades y áreas metropolitanas,Informal,"Actividades artísticas, entretenimiento, recreación y otras actividades de servicios",Feb - Abr,754.719336
