Fecha,Perspectiva,Concepto,Periodo,Valor
2007,Total Nacional,Población ocupada,Ene - Mar,16018.596
2007,Total Nacional,Población ocupada,Feb - Abr,16450.284333333333
2007,Total Nacional,Población ocupada,Mar - May,16499.964666666667
2007,Total Nacional,Población ocupada,Abr - Jun,16635.714000000004
2007,Total Nacional,Población ocupada,May - Jul,16534.479666666666
2007,Total Nacional,Población ocupada,Jun - Ago,16577.402000000002
2007,Total Nacional,Población ocupada,Jul - Sep,16655.76066666667
2007,Total Nacional,Población ocupada,Ago - Oct,17006.263333333332
2007,Total Nacional,Población ocupada,Sep - Nov,17273.933333333334
2007,Total Nacional,Población ocupada,Oct - Dic,17309.180666666667
2007,Total Nacional,Población ocupada,Nov - Ene,16861.178666666667
2007,Total Nacional,Población ocupada,Dic - Feb,16692.173333333336
2008,Total Nacional,Población ocupada,Ene - Mar,16767.124666666667
2008,Total Nacional,Población ocupada,Feb - Abr,17116.04133333333
2008,Total Nacional,Población ocupada,Mar - May,17225.733333333334
2008,Total Nacional,Población ocupada,Abr - Jun,17045.081000000002
2008,Total Nacional,Población ocupada,May - Jul,16908.967666666664
2008,Total Nacional,Población ocupada,Jun - Ago,16803.73933333333
2008,Total Nacional,Población ocupada,Jul - Sep,16985.42466666667
2008,Total Nacional,Población ocupada,Ago - Oct,17093.583000000002
2008,Total Nacional,Población ocupada,Sep - Nov,17067.809666666664
2008,Total Nacional,Población ocupada,Oct - Dic,17113.171
2008,Total Nacional,Población ocupada,Nov - Ene,16895.019
2008,Total Nacional,Población ocupada,Dic - Feb,17038.757999999998
2009,Total Nacional,Población ocupada,Ene - Mar,17150.304666666667
2009,Total Nacional,Población ocupada,Feb - Abr,17611.57533333333
2009,Total Nacional,Población ocupada,Mar - May,17879.524
2009,Total Nacional,Población ocupada,Abr - Jun,18012.746
2009,Total Nacional,Población ocupada,May - Jul,18002.51833333333
2009,Total Nacional,Población ocupada,Jun - Ago,17876.894
2009,Total Nacional,Población ocupada,Jul - Sep,17797.66866666667
2009,Total Nacional,Población ocupada,Ago - Oct,18052.642
2009,Total Nacional,Población ocupada,Sep - Nov,18348.568666666666
2009,Total Nacional,Población ocupada,Oct - Dic,18593.927333333333
2009,Total Nacional,Población ocupada,Nov - Ene,18261.097666666665
2009,Total Nacional,Población ocupada,Dic - Feb,18153.834
2010,Total Nacional,Población ocupada,Ene - Mar,18037.736333333334
2010,Total Nacional,Población ocupada,Feb - Abr,18328.923333333332
2010,Total Nacional,Población ocupada,Mar - May,18363.006
2010,Total Nacional,Población ocupada,Abr - Jun,18493.213333333333
2010,Total Nacional,Población ocupada,May - Jul,18425.319333333337
2010,Total Nacional,Población ocupada,Jun - Ago,18510.243
2010,Total Nacional,Población ocupada,Jul - Sep,18669.065666666665
2010,Total Nacional,Población ocupada,Ago - Oct,18972.714
2010,Total Nacional,Población ocupada,Sep - Nov,19148.67066666667
2010,Total Nacional,Población ocupada,Oct - Dic,19099.088666666667
2010,Total Nacional,Población ocupada,Nov - Ene,18795.455333333335
2010,Total Nacional,Población ocupada,Dic - Feb,18550.136333333332
2011,Total Nacional,Población ocupada,Ene - Mar,18566.183666666668
2011,Total Nacional,Población ocupada,Feb - Abr,18742.054
2011,Total Nacional,Población ocupada,Mar - May,18961.563333333335
2011,Total Nacional,Población ocupada,Abr - Jun,19001.145666666667
2011,Total Nacional,Población ocupada,May - Jul,19039.869333333332
2011,Total Nacional,Población ocupada,Jun - Ago,19037.982
2011,Total Nacional,Población ocupada,Jul - Sep,19210.12
2011,Total Nacional,Población ocupada,Ago - Oct,19672.941666666666
2011,Total Nacional,Población ocupada,Sep - Nov,20015.607666666667
2011,Total Nacional,Población ocupada,Oct - Dic,20061.336666666666
2011,Total Nacional,Población ocupada,Nov - Ene,19627.544666666665
2011,Total Nacional,Población ocupada,Dic - Feb,19397.046333333332
2012,Total Nacional,Población ocupada,Ene - Mar,19416.193666666666
2012,Total Nacional,Población ocupada,Feb - Abr,19605.401
2012,Total Nacional,Población ocupada,Mar - May,19741.136
2012,Total Nacional,Población ocupada,Abr - Jun,19856.060999999998
2012,Total Nacional,Población ocupada,May - Jul,19811.19633333333
2012,Total Nacional,Población ocupada,Jun - Ago,19843.444666666666
2012,Total Nacional,Población ocupada,Jul - Sep,19695.314666666665
2012,Total Nacional,Población ocupada,Ago - Oct,19959.971
2012,Total Nacional,Población ocupada,Sep - Nov,19991.355333333337
2012,Total Nacional,Población ocupada,Oct - Dic,20100.268666666667
2012,Total Nacional,Población ocupada,Nov - Ene,19765.355333333337
2012,Total Nacional,Población ocupada,Dic - Feb,19549.839666666667
2013,Total Nacional,Población ocupada,Ene - Mar,19388.63566666667
2013,Total Nacional,Población ocupada,Feb - Abr,19528.01166666667
2013,Total Nacional,Población ocupada,Mar - May,19813.308666666668
2013,Total Nacional,Población ocupada,Abr - Jun,19979.414333333334
2013,Total Nacional,Población ocupada,May - Jul,20071.936666666665
2013,Total Nacional,Población ocupada,Jun - Ago,20061.380666666664
2013,Total Nacional,Población ocupada,Jul - Sep,20112.972999999998
2013,Total Nacional,Población ocupada,Ago - Oct,20402.792
2013,Total Nacional,Población ocupada,Sep - Nov,20469.466
2013,Total Nacional,Población ocupada,Oct - Dic,20544.639666666666
2013,Total Nacional,Población ocupada,Nov - Ene,20164.531333333336
2013,Total Nacional,Población ocupada,Dic - Feb,19970.756
2014,Total Nacional,Población ocupada,Ene - Mar,19856.864
2014,Total Nacional,Población ocupada,Feb - Abr,20091.317333333332
2014,Total Nacional,Población ocupada,Mar - May,20325.673666666666
2014,Total Nacional,Población ocupada,Abr - Jun,20491.744333333336
2014,Total Nacional,Población ocupada,May - Jul,20422.381666666668
2014,Total Nacional,Población ocupada,Jun - Ago,20475.589666666667
2014,Total Nacional,Población ocupada,Jul - Sep,20550.185666666668
2014,Total Nacional,Población ocupada,Ago - Oct,20942.259666666665
2014,Total Nacional,Población ocupada,Sep - Nov,21087.505
2014,Total Nacional,Población ocupada,Oct - Dic,21018.777
2014,Total Nacional,Población ocupada,Nov - Ene,20545.253666666667
2014,Total Nacional,Población ocupada,Dic - Feb,20280.769333333334
2015,Total Nacional,Población ocupada,Ene - Mar,20290.246666666662
2015,Total Nacional,Población ocupada,Feb - Abr,20572.39733333333
2015,Total Nacional,Población ocupada,Mar - May,20755.823
2015,Total Nacional,Población ocupada,Abr - Jun,20880.578666666668
2015,Total Nacional,Población ocupada,May - Jul,20838.200666666668
2015,Total Nacional,Población ocupada,Jun - Ago,20846.645666666664
2015,Total Nacional,Población ocupada,Jul - Sep,20837.969666666668
2015,Total Nacional,Población ocupada,Ago - Oct,21146.946333333333
2015,Total Nacional,Población ocupada,Sep - Nov,21374.991333333335
2015,Total Nacional,Población ocupada,Oct - Dic,21431.142000000003
2015,Total Nacional,Población ocupada,Nov - Ene,20965.088666666667
2015,Total Nacional,Población ocupada,Dic - Feb,20645.70033333333
2016,Total Nacional,Población ocupada,Ene - Mar,20408.158333333336
2016,Total Nacional,Población ocupada,Feb - Abr,20692.52
2016,Total Nacional,Población ocupada,Mar - May,20760.308999999997
2016,Total Nacional,Población ocupada,Abr - Jun,21007.336
2016,Total Nacional,Población ocupada,May - Jul,20823.114
2016,Total Nacional,Población ocupada,Jun - Ago,20886.552
2016,Total Nacional,Población ocupada,Jul - Sep,20843.953666666668
2016,Total Nacional,Población ocupada,Ago - Oct,21210.84433333333
2016,Total Nacional,Población ocupada,Sep - Nov,21407.482
2016,Total Nacional,Población ocupada,Oct - Dic,21464.003
2016,Total Nacional,Población ocupada,Nov - Ene,21033.512666666666
2016,Total Nacional,Población ocupada,Dic - Feb,20732.08366666667
2017,Total Nacional,Población ocupada,Ene - Mar,20590.137000000002
2017,Total Nacional,Población ocupada,Feb - Abr,20919.983666666667
2017,Total Nacional,Población ocupada,Mar - May,21033.76366666667
2017,Total Nacional,Población ocupada,Abr - Jun,21309.775333333335
2017,Total Nacional,Población ocupada,May - Jul,21172.273333333334
2017,Total Nacional,Población ocupada,Jun - Ago,21237.327666666664
2017,Total Nacional,Población ocupada,Jul - Sep,21080.327
2017,Total Nacional,Población ocupada,Ago - Oct,21341.745666666666
2017,Total Nacional,Población ocupada,Sep - Nov,21435.495666666666
2017,Total Nacional,Población ocupada,Oct - Dic,21531.558666666664
2017,Total Nacional,Población ocupada,Nov - Ene,21098.913
2017,Total Nacional,Población ocupada,Dic - Feb,20807.087000000003
2018,Total Nacional,Población ocupada,Ene - Mar,20669.797333333332
2018,Total Nacional,Población ocupada,Feb - Abr,21000.092333333334
2018,Total Nacional,Población ocupada,Mar - May,21208.987333333334
2018,Total Nacional,Población ocupada,Abr - Jun,21390.105333333333
2018,Total Nacional,Población ocupada,May - Jul,21318.146333333334
2018,Total Nacional,Población ocupada,Jun - Ago,21403.373333333333
2018,Total Nacional,Población ocupada,Jul - Sep,21398.752666666667
2018,Total Nacional,Población ocupada,Ago - Oct,21590.009333333335
2018,Total Nacional,Población ocupada,Sep - Nov,21542.086333333336
2018,Total Nacional,Población ocupada,Oct - Dic,21628.167333333335
2018,Total Nacional,Población ocupada,Nov - Ene,21239.866333333335
2018,Total Nacional,Población ocupada,Dic - Feb,21137.523666666664
2019,Total Nacional,Población ocupada,Ene - Mar,20929.655333333332
2019,Total Nacional,Población ocupada,Feb - Abr,21079.854333333333
2019,Total Nacional,Población ocupada,Mar - May,21129.566000000003
2019,Total Nacional,Población ocupada,Abr - Jun,21313.449
2019,Total Nacional,Población ocupada,May - Jul,21330.272333333338
2019,Total Nacional,Población ocupada,Jun - Ago,21286.51166666667
2019,Total Nacional,Población ocupada,Jul - Sep,21155.192
2019,Total Nacional,Población ocupada,Ago - Oct,21419.357666666667
2019,Total Nacional,Población ocupada,Sep - Nov,21695.907333333333
2019,Total Nacional,Población ocupada,Oct - Dic,21840.956
2019,Total Nacional,Población ocupada,Nov - Ene,21442.32733333333
2019,Total Nacional,Población ocupada,Dic - Feb,21150.101
2020,Total Nacional,Población ocupada,May - Jul,17250.827999999998
2020,Total Nacional,Población ocupada,Jun - Ago,17970.817
2020,Total Nacional,Población ocupada,Jul - Sep,18526.168
2020,Total Nacional,Población ocupada,Ago - Oct,19529.617666666665
2020,Total Nacional,Población ocupada,Sep - Nov,20042.50433333333
2020,Total Nacional,Población ocupada,Oct - Dic,20409.625
2020,Total Nacional,Población ocupada,Nov - Ene,19983.481
2020,Total Nacional,Población ocupada,Dic - Feb,19913.387666666666
2021,Total Nacional,Población ocupada,Ene - Mar,19787.210333333333
2021,Total Nacional,Población ocupada,Feb - Abr,20004.157333333336
2021,Total Nacional,Población ocupada,Mar - May,19946.438
2021,Total Nacional,Población ocupada,Abr - Jun,19939.257
2021,Total Nacional,Población ocupada,May - Jul,20159.417
2021,Total Nacional,Población ocupada,Jun - Ago,20355.450666666668
2021,Total Nacional,Población ocupada,Jul - Sep,20558.206666666665
2021,Total Nacional,Población ocupada,Ago - Oct,20780.735666666667
2021,Total Nacional,Población ocupada,Sep - Nov,21010.881666666664
2021,Total Nacional,Población ocupada,Oct - Dic,21282.291666666668
2021,Total Nacional,Población ocupada,Nov - Ene,21152.725000000002
2021,Total Nacional,Población ocupada,Dic - Feb,21290.671
2022,Total Nacional,Población ocupada,Ene - Mar,21352.177666666666
2022,Total Nacional,Población ocupada,Feb - Abr,21772.714333333337
2022,Total Nacional,Población ocupada,Mar - May,21940.662
2022,Total Nacional,Población ocupada,Abr - Jun,22054.917666666664
2022,Total Nacional,Población ocupada,May - Jul,22087.47333333333
2022,Total Nacional,Población ocupada,Jun - Ago,22079.220333333335
2022,Total Nacional,Población ocupada,Jul - Sep,22201.466333333334
2022,Total Nacional,Población ocupada,Ago - Oct,22385.129
2022,Total Nacional,Población ocupada,Sep - Nov,22493.88666666667
2022,Total Nacional,Población ocupada,Oct - Dic,22520.158666666666
2022,Total Nacional,Población ocupada,Nov - Ene,22148.664
2022,Total Nacional,Población ocupada,Dic - Feb,22064.135333333335
2023,Total Nacional,Población ocupada,Ene - Mar,22172.65166666666
2023,Total Nacional,Población ocupada,Feb - Abr,22589.448666666663
2023,Total Nacional,Población ocupada,Mar - May,22701.036000000004
2023,Total Nacional,Población ocupada,Abr - Jun,22787.221666666668
2023,Total Nacional,Población ocupada,May - Jul,22933.834
2023,Total Nacional,Población ocupada,Jun - Ago,23131.708
2023,Total Nacional,Población ocupada,Jul - Sep,23149.82
2023,Total Nacional,Población ocupada,Ago - Oct,23116.482
2023,Total Nacional,Población ocupada,Sep - Nov,23124.637
2023,Total Nacional,Población ocupada,Oct - Dic,23043.881
2023,Total Nacional,Población ocupada,Nov - Ene,22691.489
2023,Total Nacional,Población ocupada,Dic - Feb,22460.62
2024,Total Nacional,Población ocupada,Ene - Mar,22387.537
2024,Total Nacional,Población ocupada,Feb - Abr,22667.549
2024,Total Nacional,Población ocupada,Mar - May,22846.6
2024,Total Nacional,Población ocupada,Abr - Jun,22938.895
2024,Total Nacional,Población ocupada,May - Jul,23051.677
2024,Total Nacional,Población ocupada,Jun - Ago,23180.937
2024,Total Nacional,Población ocupada,Jul - Sep,23278.057
2024,Total Nacional,Población ocupada,Ago - Oct,23341.431
2024,Total Nacional,Población ocupada,Sep - Nov,23403.894
2024,Total Nacional,Población ocupada,Oct - Dic,23539.683
2024,Total Nacional,Población ocupada,Nov - Ene,23376.259
2024,Total Nacional,Población ocupada,Dic - Feb,23330.998
2025,Total Nacional,Población ocupada,Ene - Mar,23358.235
2025,Total Nacional,Población ocupada,Feb - Abr,23582.65
2025,Total Nacional,Población ocupada,Mar - May,23635.101
2025,Total Nacional,Población ocupada,Abr - Jun,23651.954
2025,Total Nacional,Población ocupada,May - Jul,23782.943
2025,Total Nacional,Población ocupada,Jun - Ago,23844.279
2025,Total Nacional,Población ocupada,Jul - Sep,23902.243
2025,Total Nacional,Población ocupada,Ago - Oct,24035.766
2025,Total Nacional,Población ocupada,Sep - Nov,24298.368
2025,Total Nacional,Población ocupada,Oct - Dic,24397.303
2025,Total Nacional,Población ocupada,Nov - Ene,24016.432
2025,Total Nacional,Población ocupada,Dic - Feb,23848.205
2026,Total Nacional,Población ocupada,Ene - Mar,23890.988
2026,Total Nacional,Población ocupada,Feb - Abr,24241.023
2007,Total Nacional,Afiliada a salud,Ene - Mar,13435.845666666666
2007,Total Nacional,Afiliada a salud,Feb - Abr,13701.767333333331
2007,Total Nacional,Afiliada a salud,Mar - May,13820.895666666665
2007,Total Nacional,Afiliada a salud,Abr - Jun,13960.860666666666
2007,Total Nacional,Afiliada a salud,May - Jul,13994.390333333335
2007,Total Nacional,Afiliada a salud,Jun - Ago,13954.269999999999
2007,Total Nacional,Afiliada a salud,Jul - Sep,14046.931666666665
2007,Total Nacional,Afiliada a salud,Ago - Oct,14370.725
2007,Total Nacional,Afiliada a salud,Sep - Nov,14544.234333333334
2007,Total Nacional,Afiliada a salud,Oct - Dic,14625.557999999999
2007,Total Nacional,Afiliada a salud,Nov - Ene,14333.746
2007,Total Nacional,Afiliada a salud,Dic - Feb,14247.464333333332
2008,Total Nacional,Afiliada a salud,Ene - Mar,14317.512999999999
2008,Total Nacional,Afiliada a salud,Feb - Abr,14578.860333333332
2008,Total Nacional,Afiliada a salud,Mar - May,14755.265
2008,Total Nacional,Afiliada a salud,Abr - Jun,14728.005
2008,Total Nacional,Afiliada a salud,May - Jul,14674.477666666666
2008,Total Nacional,Afiliada a salud,Jun - Ago,14573.841
2008,Total Nacional,Afiliada a salud,Jul - Sep,14748.288999999999
2008,Total Nacional,Afiliada a salud,Ago - Oct,14890.236666666666
2008,Total Nacional,Afiliada a salud,Sep - Nov,14894.966999999999
2008,Total Nacional,Afiliada a salud,Oct - Dic,14926.752333333332
2008,Total Nacional,Afiliada a salud,Nov - Ene,14739.472333333333
2008,Total Nacional,Afiliada a salud,Dic - Feb,14881.485333333332
2009,Total Nacional,Afiliada a salud,Ene - Mar,14917.524666666664
2009,Total Nacional,Afiliada a salud,Feb - Abr,15307.264666666664
2009,Total Nacional,Afiliada a salud,Mar - May,15555.281333333332
2009,Total Nacional,Afiliada a salud,Abr - Jun,15718.945666666667
2009,Total Nacional,Afiliada a salud,May - Jul,15756.119
2009,Total Nacional,Afiliada a salud,Jun - Ago,15712.609000000002
2009,Total Nacional,Afiliada a salud,Jul - Sep,15721.055666666667
2009,Total Nacional,Afiliada a salud,Ago - Oct,15943.796666666667
2009,Total Nacional,Afiliada a salud,Sep - Nov,16247.290666666668
2009,Total Nacional,Afiliada a salud,Oct - Dic,16476.014666666666
2009,Total Nacional,Afiliada a salud,Nov - Ene,16244.990666666667
2009,Total Nacional,Afiliada a salud,Dic - Feb,16162.649
2010,Total Nacional,Afiliada a salud,Ene - Mar,16039.548666666667
2010,Total Nacional,Afiliada a salud,Feb - Abr,16309.806000000002
2010,Total Nacional,Afiliada a salud,Mar - May,16251.026333333333
2010,Total Nacional,Afiliada a salud,Abr - Jun,16375.362333333333
2010,Total Nacional,Afiliada a salud,May - Jul,16272.918666666665
2010,Total Nacional,Afiliada a salud,Jun - Ago,16401.100666666665
2010,Total Nacional,Afiliada a salud,Jul - Sep,16544.986999999997
2010,Total Nacional,Afiliada a salud,Ago - Oct,16801.736666666668
2010,Total Nacional,Afiliada a salud,Sep - Nov,16982.30833333333
2010,Total Nacional,Afiliada a salud,Oct - Dic,16994.21933333333
2010,Total Nacional,Afiliada a salud,Nov - Ene,16772.132999999998
2010,Total Nacional,Afiliada a salud,Dic - Feb,16516.551
2011,Total Nacional,Afiliada a salud,Ene - Mar,16450.274666666668
2011,Total Nacional,Afiliada a salud,Feb - Abr,16643.04233333333
2011,Total Nacional,Afiliada a salud,Mar - May,16863.463
2011,Total Nacional,Afiliada a salud,Abr - Jun,16977.30933333333
2011,Total Nacional,Afiliada a salud,May - Jul,17017.908666666666
2011,Total Nacional,Afiliada a salud,Jun - Ago,17090.325666666668
2011,Total Nacional,Afiliada a salud,Jul - Sep,17267.61233333333
2011,Total Nacional,Afiliada a salud,Ago - Oct,17679.759000000002
2011,Total Nacional,Afiliada a salud,Sep - Nov,17977.82966666667
2011,Total Nacional,Afiliada a salud,Oct - Dic,17986.456
2011,Total Nacional,Afiliada a salud,Nov - Ene,17636.938
2011,Total Nacional,Afiliada a salud,Dic - Feb,17326.56366666667
2012,Total Nacional,Afiliada a salud,Ene - Mar,17350.441333333332
2012,Total Nacional,Afiliada a salud,Feb - Abr,17499.637333333332
2012,Total Nacional,Afiliada a salud,Mar - May,17680.664666666667
2012,Total Nacional,Afiliada a salud,Abr - Jun,17779.733
2012,Total Nacional,Afiliada a salud,May - Jul,17694.772333333334
2012,Total Nacional,Afiliada a salud,Jun - Ago,17759.385000000002
2012,Total Nacional,Afiliada a salud,Jul - Sep,17637.65266666667
2012,Total Nacional,Afiliada a salud,Ago - Oct,17892.457333333336
2012,Total Nacional,Afiliada a salud,Sep - Nov,17968.62166666667
2012,Total Nacional,Afiliada a salud,Oct - Dic,18081.831
2012,Total Nacional,Afiliada a salud,Nov - Ene,17817.235666666664
2012,Total Nacional,Afiliada a salud,Dic - Feb,17557.543666666665
2013,Total Nacional,Afiliada a salud,Ene - Mar,17407.483
2013,Total Nacional,Afiliada a salud,Feb - Abr,17536.457666666665
2013,Total Nacional,Afiliada a salud,Mar - May,17794.301333333333
2013,Total Nacional,Afiliada a salud,Abr - Jun,17952.748333333333
2013,Total Nacional,Afiliada a salud,May - Jul,18054.532333333333
2013,Total Nacional,Afiliada a salud,Jun - Ago,18100.405333333332
2013,Total Nacional,Afiliada a salud,Jul - Sep,18248.191666666666
2013,Total Nacional,Afiliada a salud,Ago - Oct,18574.993666666665
2013,Total Nacional,Afiliada a salud,Sep - Nov,18752.906666666666
2013,Total Nacional,Afiliada a salud,Oct - Dic,18810.436333333335
2013,Total Nacional,Afiliada a salud,Nov - Ene,18485.382333333335
2013,Total Nacional,Afiliada a salud,Dic - Feb,18263.593666666668
2014,Total Nacional,Afiliada a salud,Ene - Mar,18210.748000000003
2014,Total Nacional,Afiliada a salud,Feb - Abr,18470.979333333333
2014,Total Nacional,Afiliada a salud,Mar - May,18653.786
2014,Total Nacional,Afiliada a salud,Abr - Jun,18762.550333333333
2014,Total Nacional,Afiliada a salud,May - Jul,18700.26566666667
2014,Total Nacional,Afiliada a salud,Jun - Ago,18814.68766666667
2014,Total Nacional,Afiliada a salud,Jul - Sep,18908.132999999998
2014,Total Nacional,Afiliada a salud,Ago - Oct,19268.997333333333
2014,Total Nacional,Afiliada a salud,Sep - Nov,19464.087666666666
2014,Total Nacional,Afiliada a salud,Oct - Dic,19447.738
2014,Total Nacional,Afiliada a salud,Nov - Ene,19046.906666666666
2014,Total Nacional,Afiliada a salud,Dic - Feb,18727.461
2015,Total Nacional,Afiliada a salud,Ene - Mar,18725.75766666667
2015,Total Nacional,Afiliada a salud,Feb - Abr,19056.718
2015,Total Nacional,Afiliada a salud,Mar - May,19328.527000000002
2015,Total Nacional,Afiliada a salud,Abr - Jun,19442.002666666667
2015,Total Nacional,Afiliada a salud,May - Jul,19315.357333333333
2015,Total Nacional,Afiliada a salud,Jun - Ago,19305.945000000003
2015,Total Nacional,Afiliada a salud,Jul - Sep,19331.953666666668
2015,Total Nacional,Afiliada a salud,Ago - Oct,19658.915333333334
2015,Total Nacional,Afiliada a salud,Sep - Nov,19909.899333333335
2015,Total Nacional,Afiliada a salud,Oct - Dic,20035.816000000003
2015,Total Nacional,Afiliada a salud,Nov - Ene,19640.785666666667
2015,Total Nacional,Afiliada a salud,Dic - Feb,19279.544333333335
2016,Total Nacional,Afiliada a salud,Ene - Mar,18998.537
2016,Total Nacional,Afiliada a salud,Feb - Abr,19192.905000000002
2016,Total Nacional,Afiliada a salud,Mar - May,19300.061333333335
2016,Total Nacional,Afiliada a salud,Abr - Jun,19512.988999999998
2016,Total Nacional,Afiliada a salud,May - Jul,19435.160666666667
2016,Total Nacional,Afiliada a salud,Jun - Ago,19489.757333333335
2016,Total Nacional,Afiliada a salud,Jul - Sep,19483.618666666665
2016,Total Nacional,Afiliada a salud,Ago - Oct,19767.367000000002
2016,Total Nacional,Afiliada a salud,Sep - Nov,19954.342666666667
2016,Total Nacional,Afiliada a salud,Oct - Dic,19994.330666666665
2016,Total Nacional,Afiliada a salud,Nov - Ene,19613.033333333333
2016,Total Nacional,Afiliada a salud,Dic - Feb,19289.239333333335
2017,Total Nacional,Afiliada a salud,Ene - Mar,19144.166
2017,Total Nacional,Afiliada a salud,Feb - Abr,19422.54966666667
2017,Total Nacional,Afiliada a salud,Mar - May,19546.509
2017,Total Nacional,Afiliada a salud,Abr - Jun,19807.597333333335
2017,Total Nacional,Afiliada a salud,May - Jul,19718.655
2017,Total Nacional,Afiliada a salud,Jun - Ago,19794.672333333332
2017,Total Nacional,Afiliada a salud,Jul - Sep,19666.20133333333
2017,Total Nacional,Afiliada a salud,Ago - Oct,19931.842333333334
2017,Total Nacional,Afiliada a salud,Sep - Nov,20009.455666666665
2017,Total Nacional,Afiliada a salud,Oct - Dic,20105.786333333333
2017,Total Nacional,Afiliada a salud,Nov - Ene,19672.641999999996
2017,Total Nacional,Afiliada a salud,Dic - Feb,19381.864666666665
2018,Total Nacional,Afiliada a salud,Ene - Mar,19202.541
2018,Total Nacional,Afiliada a salud,Feb - Abr,19500.202
2018,Total Nacional,Afiliada a salud,Mar - May,19705.484666666667
2018,Total Nacional,Afiliada a salud,Abr - Jun,19817.349000000002
2018,Total Nacional,Afiliada a salud,May - Jul,19695.613
2018,Total Nacional,Afiliada a salud,Jun - Ago,19732.563
2018,Total Nacional,Afiliada a salud,Jul - Sep,19796.388666666666
2018,Total Nacional,Afiliada a salud,Ago - Oct,19965.290666666668
2018,Total Nacional,Afiliada a salud,Sep - Nov,19945.24266666667
2018,Total Nacional,Afiliada a salud,Oct - Dic,19989.644333333334
2018,Total Nacional,Afiliada a salud,Nov - Ene,19617.114
2018,Total Nacional,Afiliada a salud,Dic - Feb,19453.037
2019,Total Nacional,Afiliada a salud,Ene - Mar,19219.020333333334
2019,Total Nacional,Afiliada a salud,Feb - Abr,19380.149999999998
2019,Total Nacional,Afiliada a salud,Mar - May,19442.504666666668
2019,Total Nacional,Afiliada a salud,Abr - Jun,19576.315666666665
2019,Total Nacional,Afiliada a salud,May - Jul,19534.983333333334
2019,Total Nacional,Afiliada a salud,Jun - Ago,19493.787333333337
2019,Total Nacional,Afiliada a salud,Jul - Sep,19393.038
2019,Total Nacional,Afiliada a salud,Ago - Oct,19558.333333333332
2019,Total Nacional,Afiliada a salud,Sep - Nov,19717.191666666666
2019,Total Nacional,Afiliada a salud,Oct - Dic,19890.736333333334
2019,Total Nacional,Afiliada a salud,Nov - Ene,19534.070333333333
2019,Total Nacional,Afiliada a salud,Dic - Feb,19235.95666666667
2020,Total Nacional,Afiliada a salud,Ene - Mar,0.0
2020,Total Nacional,Afiliada a salud,Feb - Abr,0.0
2020,Total Nacional,Afiliada a salud,Mar - May,0.0
2020,Total Nacional,Afiliada a salud,Abr - Jun,0.0
2020,Total Nacional,Afiliada a salud,May - Jul,15675.697666666669
2020,Total Nacional,Afiliada a salud,Jun - Ago,16241.86
2020,Total Nacional,Afiliada a salud,Jul - Sep,16711.547333333332
2020,Total Nacional,Afiliada a salud,Ago - Oct,17632.253666666664
2020,Total Nacional,Afiliada a salud,Sep - Nov,18149.388666666666
2020,Total Nacional,Afiliada a salud,Oct - Dic,18569.850333333332
2020,Total Nacional,Afiliada a salud,Nov - Ene,18307.668
2020,Total Nacional,Afiliada a salud,Dic - Feb,18329.19
2021,Total Nacional,Afiliada a salud,Ene - Mar,18256.22966666667
2021,Total Nacional,Afiliada a salud,Feb - Abr,18477.321666666667
2021,Total Nacional,Afiliada a salud,Mar - May,18445.675
2021,Total Nacional,Afiliada a salud,Abr - Jun,18479.115999999998
2021,Total Nacional,Afiliada a salud,May - Jul,18716.82933333333
2021,Total Nacional,Afiliada a salud,Jun - Ago,18934.798
2021,Total Nacional,Afiliada a salud,Jul - Sep,19130.373000000003
2021,Total Nacional,Afiliada a salud,Ago - Oct,19283.403
2021,Total Nacional,Afiliada a salud,Sep - Nov,19526.273666666664
2021,Total Nacional,Afiliada a salud,Oct - Dic,19813.949666666667
2021,Total Nacional,Afiliada a salud,Nov - Ene,19783.799333333332
2021,Total Nacional,Afiliada a salud,Dic - Feb,19885.604
2022,Total Nacional,Afiliada a salud,Ene - Mar,19930.53
2022,Total Nacional,Afiliada a salud,Feb - Abr,20326.873333333333
2022,Total Nacional,Afiliada a salud,Mar - May,20527.286333333333
2022,Total Nacional,Afiliada a salud,Abr - Jun,20634.401
2022,Total Nacional,Afiliada a salud,May - Jul,20687.050666666666
2022,Total Nacional,Afiliada a salud,Jun - Ago,20733.248000000003
2022,Total Nacional,Afiliada a salud,Jul - Sep,20872.308
2022,Total Nacional,Afiliada a salud,Ago - Oct,21074.17266666667
2022,Total Nacional,Afiliada a salud,Sep - Nov,21175.053
2022,Total Nacional,Afiliada a salud,Oct - Dic,21248.959333333332
2022,Total Nacional,Afiliada a salud,Nov - Ene,20922.242000000002
2022,Total Nacional,Afiliada a salud,Dic - Feb,20828.429666666667
2023,Total Nacional,Afiliada a salud,Ene - Mar,20939.781666666666
2023,Total Nacional,Afiliada a salud,Feb - Abr,21362.345666666664
2023,Total Nacional,Afiliada a salud,Mar - May,21521.789333333334
2023,Total Nacional,Afiliada a salud,Abr - Jun,21604.011000000002
2023,Total Nacional,Afiliada a salud,May - Jul,21728.481
2023,Total Nacional,Afiliada a salud,Jun - Ago,21890.434
2023,Total Nacional,Afiliada a salud,Jul - Sep,21904.96
2023,Total Nacional,Afiliada a salud,Ago - Oct,21891.797
2023,Total Nacional,Afiliada a salud,Sep - Nov,21970.191
2023,Total Nacional,Afiliada a salud,Oct - Dic,21926.317
2023,Total Nacional,Afiliada a salud,Nov - Ene,21595.2
2023,Total Nacional,Afiliada a salud,Dic - Feb,21335.604
2024,Total Nacional,Afiliada a salud,Ene - Mar,21310.986
2024,Total Nacional,Afiliada a salud,Feb - Abr,21591.105
2024,Total Nacional,Afiliada a salud,Mar - May,21771.297
2024,Total Nacional,Afiliada a salud,Abr - Jun,21821.42
2024,Total Nacional,Afiliada a salud,May - Jul,21900.862
2024,Total Nacional,Afiliada a salud,Jun - Ago,22025.508
2024,Total Nacional,Afiliada a salud,Jul - Sep,22119.65
2024,Total Nacional,Afiliada a salud,Ago - Oct,22223.038
2024,Total Nacional,Afiliada a salud,Sep - Nov,22324.841
2024,Total Nacional,Afiliada a salud,Oct - Dic,22508.307
2024,Total Nacional,Afiliada a salud,Nov - Ene,22367.517
2024,Total Nacional,Afiliada a salud,Dic - Feb,22326.697
2025,Total Nacional,Afiliada a salud,Ene - Mar,22336.7
2025,Total Nacional,Afiliada a salud,Feb - Abr,22579.017
2025,Total Nacional,Afiliada a salud,Mar - May,22619.433
2025,Total Nacional,Afiliada a salud,Abr - Jun,22626.93
2025,Total Nacional,Afiliada a salud,May - Jul,22712.035
2025,Total Nacional,Afiliada a salud,Jun - Ago,22799.37
2025,Total Nacional,Afiliada a salud,Jul - Sep,22916.351
2025,Total Nacional,Afiliada a salud,Ago - Oct,22970.072
2025,Total Nacional,Afiliada a salud,Sep - Nov,23227.082
2025,Total Nacional,Afiliada a salud,Oct - Dic,23291.996
2025,Total Nacional,Afiliada a salud,Nov - Ene,23047.589
2025,Total Nacional,Afiliada a salud,Dic - Feb,22890.043
2026,Total Nacional,Afiliada a salud,Ene - Mar,22933.976
2026,Total Nacional,Afiliada a salud,Feb - Abr,23243.464
2007,Total Nacional,Régimen contributivo,Ene - Mar,7247.422333333333
2007,Total Nacional,Régimen contributivo,Feb - Abr,7515.325666666667
2007,Total Nacional,Régimen contributivo,Mar - May,7734.393666666667
2007,Total Nacional,Régimen contributivo,Abr - Jun,7778.604666666666
2007,Total Nacional,Régimen contributivo,May - Jul,7818.745333333332
2007,Total Nacional,Régimen contributivo,Jun - Ago,7762.7446666666665
2007,Total Nacional,Régimen contributivo,Jul - Sep,7892.850333333333
2007,Total Nacional,Régimen contributivo,Ago - Oct,7906.889666666667
2007,Total Nacional,Régimen contributivo,Sep - Nov,8072.112666666668
2007,Total Nacional,Régimen contributivo,Oct - Dic,7977.924333333333
2007,Total Nacional,Régimen contributivo,Nov - Ene,7886.909666666666
2007,Total Nacional,Régimen contributivo,Dic - Feb,7586.337333333334
2008,Total Nacional,Régimen contributivo,Ene - Mar,7527.012
2008,Total Nacional,Régimen contributivo,Feb - Abr,7693.792666666667
2008,Total Nacional,Régimen contributivo,Mar - May,7914.930666666667
2008,Total Nacional,Régimen contributivo,Abr - Jun,8049.444666666667
2008,Total Nacional,Régimen contributivo,May - Jul,8098.1196666666665
2008,Total Nacional,Régimen contributivo,Jun - Ago,8081.417
2008,Total Nacional,Régimen contributivo,Jul - Sep,8108.261666666666
2008,Total Nacional,Régimen contributivo,Ago - Oct,7887.906666666667
2008,Total Nacional,Régimen contributivo,Sep - Nov,7923.767333333333
2008,Total Nacional,Régimen contributivo,Oct - Dic,7878.751
2008,Total Nacional,Régimen contributivo,Nov - Ene,7761.070333333333
2008,Total Nacional,Régimen contributivo,Dic - Feb,7637.25
2009,Total Nacional,Régimen contributivo,Ene - Mar,7630.907666666666
2009,Total Nacional,Régimen contributivo,Feb - Abr,7954.771666666667
2009,Total Nacional,Régimen contributivo,Mar - May,8133.363
2009,Total Nacional,Régimen contributivo,Abr - Jun,8148.1303333333335
2009,Total Nacional,Régimen contributivo,May - Jul,8157.497
2009,Total Nacional,Régimen contributivo,Jun - Ago,8077.071
2009,Total Nacional,Régimen contributivo,Jul - Sep,8134.140666666666
2009,Total Nacional,Régimen contributivo,Ago - Oct,8169.827
2009,Total Nacional,Régimen contributivo,Sep - Nov,8237.649
2009,Total Nacional,Régimen contributivo,Oct - Dic,8237.315333333334
2009,Total Nacional,Régimen contributivo,Nov - Ene,8067.583666666666
2009,Total Nacional,Régimen contributivo,Dic - Feb,8064.216666666667
2010,Total Nacional,Régimen contributivo,Ene - Mar,8063.569333333333
2010,Total Nacional,Régimen contributivo,Feb - Abr,8269.784666666666
2010,Total Nacional,Régimen contributivo,Mar - May,8372.725666666667
2010,Total Nacional,Régimen contributivo,Abr - Jun,8408.790333333332
2010,Total Nacional,Régimen contributivo,May - Jul,8333.261666666667
2010,Total Nacional,Régimen contributivo,Jun - Ago,8243.169
2010,Total Nacional,Régimen contributivo,Jul - Sep,8315.195999999998
2010,Total Nacional,Régimen contributivo,Ago - Oct,8429.408000000001
2010,Total Nacional,Régimen contributivo,Sep - Nov,8462.347
2010,Total Nacional,Régimen contributivo,Oct - Dic,8488.886333333334
2010,Total Nacional,Régimen contributivo,Nov - Ene,8353.281666666666
2010,Total Nacional,Régimen contributivo,Dic - Feb,8385.012333333332
2011,Total Nacional,Régimen contributivo,Ene - Mar,8455.365666666667
2011,Total Nacional,Régimen contributivo,Feb - Abr,8691.658666666666
2011,Total Nacional,Régimen contributivo,Mar - May,8820.868666666667
2011,Total Nacional,Régimen contributivo,Abr - Jun,8871.253333333332
2011,Total Nacional,Régimen contributivo,May - Jul,8878.508666666667
2011,Total Nacional,Régimen contributivo,Jun - Ago,8950.850666666665
2011,Total Nacional,Régimen contributivo,Jul - Sep,9098.002333333332
2011,Total Nacional,Régimen contributivo,Ago - Oct,9228.759333333333
2011,Total Nacional,Régimen contributivo,Sep - Nov,9186.882
2011,Total Nacional,Régimen contributivo,Oct - Dic,9148.031
2011,Total Nacional,Régimen contributivo,Nov - Ene,8950.867333333334
2011,Total Nacional,Régimen contributivo,Dic - Feb,8886.38
2012,Total Nacional,Régimen contributivo,Ene - Mar,8934.089999999998
2012,Total Nacional,Régimen contributivo,Feb - Abr,9190.144999999999
2012,Total Nacional,Régimen contributivo,Mar - May,9410.211000000001
2012,Total Nacional,Régimen contributivo,Abr - Jun,9342.943333333335
2012,Total Nacional,Régimen contributivo,May - Jul,9226.043
2012,Total Nacional,Régimen contributivo,Jun - Ago,9268.707333333334
2012,Total Nacional,Régimen contributivo,Jul - Sep,9242.666333333333
2012,Total Nacional,Régimen contributivo,Ago - Oct,9332.765666666666
2012,Total Nacional,Régimen contributivo,Sep - Nov,9169.172666666667
2012,Total Nacional,Régimen contributivo,Oct - Dic,9158.142
2012,Total Nacional,Régimen contributivo,Nov - Ene,8960.118666666667
2012,Total Nacional,Régimen contributivo,Dic - Feb,8980.933
2013,Total Nacional,Régimen contributivo,Ene - Mar,9048.360999999999
2013,Total Nacional,Régimen contributivo,Feb - Abr,9312.589999999998
2013,Total Nacional,Régimen contributivo,Mar - May,9515.568666666666
2013,Total Nacional,Régimen contributivo,Abr - Jun,9603.674666666666
2013,Total Nacional,Régimen contributivo,May - Jul,9667.628666666666
2013,Total Nacional,Régimen contributivo,Jun - Ago,9612.247666666668
2013,Total Nacional,Régimen contributivo,Jul - Sep,9688.455333333333
2013,Total Nacional,Régimen contributivo,Ago - Oct,9749.504666666668
2013,Total Nacional,Régimen contributivo,Sep - Nov,9725.713000000002
2013,Total Nacional,Régimen contributivo,Oct - Dic,9670.506666666666
2013,Total Nacional,Régimen contributivo,Nov - Ene,9469.008666666667
2013,Total Nacional,Régimen contributivo,Dic - Feb,9562.51
2014,Total Nacional,Régimen contributivo,Ene - Mar,9610.257333333333
2014,Total Nacional,Régimen contributivo,Feb - Abr,9926.557
2014,Total Nacional,Régimen contributivo,Mar - May,10057.689333333334
2014,Total Nacional,Régimen contributivo,Abr - Jun,10071.167333333333
2014,Total Nacional,Régimen contributivo,May - Jul,10022.017333333335
2014,Total Nacional,Régimen contributivo,Jun - Ago,9965.057
2014,Total Nacional,Régimen contributivo,Jul - Sep,10101.072666666667
2014,Total Nacional,Régimen contributivo,Ago - Oct,10179.677333333333
2014,Total Nacional,Régimen contributivo,Sep - Nov,10236.263666666668
2014,Total Nacional,Régimen contributivo,Oct - Dic,10179.976666666666
2014,Total Nacional,Régimen contributivo,Nov - Ene,9950.801333333333
2014,Total Nacional,Régimen contributivo,Dic - Feb,9843.822999999999
2015,Total Nacional,Régimen contributivo,Ene - Mar,9779.633
2015,Total Nacional,Régimen contributivo,Feb - Abr,9966.019
2015,Total Nacional,Régimen contributivo,Mar - May,10100.219000000001
2015,Total Nacional,Régimen contributivo,Abr - Jun,10218.501666666669
2015,Total Nacional,Régimen contributivo,May - Jul,10173.016
2015,Total Nacional,Régimen contributivo,Jun - Ago,10172.114
2015,Total Nacional,Régimen contributivo,Jul - Sep,10203.066666666668
2015,Total Nacional,Régimen contributivo,Ago - Oct,10389.403
2015,Total Nacional,Régimen contributivo,Sep - Nov,10322.347666666667
2015,Total Nacional,Régimen contributivo,Oct - Dic,10343.518
2015,Total Nacional,Régimen contributivo,Nov - Ene,10046.902666666667
2015,Total Nacional,Régimen contributivo,Dic - Feb,10055.502666666667
2016,Total Nacional,Régimen contributivo,Ene - Mar,9983.35
2016,Total Nacional,Régimen contributivo,Feb - Abr,10183.936666666666
2016,Total Nacional,Régimen contributivo,Mar - May,10289.428
2016,Total Nacional,Régimen contributivo,Abr - Jun,10344.838666666665
2016,Total Nacional,Régimen contributivo,May - Jul,10304.697666666667
2016,Total Nacional,Régimen contributivo,Jun - Ago,10274.777333333333
2016,Total Nacional,Régimen contributivo,Jul - Sep,10356.387333333334
2016,Total Nacional,Régimen contributivo,Ago - Oct,10487.451
2016,Total Nacional,Régimen contributivo,Sep - Nov,10501.196
2016,Total Nacional,Régimen contributivo,Oct - Dic,10420.215666666667
2016,Total Nacional,Régimen contributivo,Nov - Ene,10106.638
2016,Total Nacional,Régimen contributivo,Dic - Feb,10067.498333333335
2017,Total Nacional,Régimen contributivo,Ene - Mar,10034.067666666668
2017,Total Nacional,Régimen contributivo,Feb - Abr,10298.505333333333
2017,Total Nacional,Régimen contributivo,Mar - May,10279.777
2017,Total Nacional,Régimen contributivo,Abr - Jun,10340.801333333333
2017,Total Nacional,Régimen contributivo,May - Jul,10247.655666666666
2017,Total Nacional,Régimen contributivo,Jun - Ago,10321.057999999999
2017,Total Nacional,Régimen contributivo,Jul - Sep,10267.068666666666
2017,Total Nacional,Régimen contributivo,Ago - Oct,10407.544
2017,Total Nacional,Régimen contributivo,Sep - Nov,10324.120666666668
2017,Total Nacional,Régimen contributivo,Oct - Dic,10262.378999999999
2017,Total Nacional,Régimen contributivo,Nov - Ene,9852.698333333334
2017,Total Nacional,Régimen contributivo,Dic - Feb,9892.860333333334
2018,Total Nacional,Régimen contributivo,Ene - Mar,9932.253
2018,Total Nacional,Régimen contributivo,Feb - Abr,10308.991333333333
2018,Total Nacional,Régimen contributivo,Mar - May,10342.096333333333
2018,Total Nacional,Régimen contributivo,Abr - Jun,10364.327
2018,Total Nacional,Régimen contributivo,May - Jul,10341.115
2018,Total Nacional,Régimen contributivo,Jun - Ago,10316.344
2018,Total Nacional,Régimen contributivo,Jul - Sep,10367.478000000001
2018,Total Nacional,Régimen contributivo,Ago - Oct,10338.981333333331
2018,Total Nacional,Régimen contributivo,Sep - Nov,10266.752999999999
2018,Total Nacional,Régimen contributivo,Oct - Dic,10234.137666666666
2018,Total Nacional,Régimen contributivo,Nov - Ene,9876.121
2018,Total Nacional,Régimen contributivo,Dic - Feb,9873.051666666666
2019,Total Nacional,Régimen contributivo,Ene - Mar,9904.313666666667
2019,Total Nacional,Régimen contributivo,Feb - Abr,10260.918
2019,Total Nacional,Régimen contributivo,Mar - May,10346.733999999999
2019,Total Nacional,Régimen contributivo,Abr - Jun,10425.077
2019,Total Nacional,Régimen contributivo,May - Jul,10436.856
2019,Total Nacional,Régimen contributivo,Jun - Ago,10406.1
2019,Total Nacional,Régimen contributivo,Jul - Sep,10379.344333333333
2019,Total Nacional,Régimen contributivo,Ago - Oct,10395.643
2019,Total Nacional,Régimen contributivo,Sep - Nov,10374.512
2019,Total Nacional,Régimen contributivo,Oct - Dic,10247.635
2019,Total Nacional,Régimen contributivo,Nov - Ene,9940.762333333334
2019,Total Nacional,Régimen contributivo,Dic - Feb,9883.146999999999
2020,Total Nacional,Régimen contributivo,Ene - Mar,0.0
2020,Total Nacional,Régimen contributivo,Feb - Abr,0.0
2020,Total Nacional,Régimen contributivo,Mar - May,0.0
2020,Total Nacional,Régimen contributivo,Abr - Jun,0.0
2020,Total Nacional,Régimen contributivo,May - Jul,8144.059
2020,Total Nacional,Régimen contributivo,Jun - Ago,8468.211666666666
2020,Total Nacional,Régimen contributivo,Jul - Sep,8689.632
2020,Total Nacional,Régimen contributivo,Ago - Oct,9159.964666666667
2020,Total Nacional,Régimen contributivo,Sep - Nov,9288.290666666668
2020,Total Nacional,Régimen contributivo,Oct - Dic,9436.858666666667
2020,Total Nacional,Régimen contributivo,Nov - Ene,9479.881666666668
2020,Total Nacional,Régimen contributivo,Dic - Feb,9544.537666666667
2021,Total Nacional,Régimen contributivo,Ene - Mar,9649.968333333332
2021,Total Nacional,Régimen contributivo,Feb - Abr,9710.462333333331
2021,Total Nacional,Régimen contributivo,Mar - May,9789.804333333333
2021,Total Nacional,Régimen contributivo,Abr - Jun,9877.025333333333
2021,Total Nacional,Régimen contributivo,May - Jul,10013.944333333333
2021,Total Nacional,Régimen contributivo,Jun - Ago,10044.831
2021,Total Nacional,Régimen contributivo,Jul - Sep,10213.814666666667
2021,Total Nacional,Régimen contributivo,Ago - Oct,10344.628999999999
2021,Total Nacional,Régimen contributivo,Sep - Nov,10510.677333333333
2021,Total Nacional,Régimen contributivo,Oct - Dic,10662.771666666666
2021,Total Nacional,Régimen contributivo,Nov - Ene,10681.867333333334
2021,Total Nacional,Régimen contributivo,Dic - Feb,10707.669
2022,Total Nacional,Régimen contributivo,Ene - Mar,10649.079333333333
2022,Total Nacional,Régimen contributivo,Feb - Abr,10791.891
2022,Total Nacional,Régimen contributivo,Mar - May,11053.601333333334
2022,Total Nacional,Régimen contributivo,Abr - Jun,11187.915333333332
2022,Total Nacional,Régimen contributivo,May - Jul,11189.049333333334
2022,Total Nacional,Régimen contributivo,Jun - Ago,11101.763666666666
2022,Total Nacional,Régimen contributivo,Jul - Sep,11145.508
2022,Total Nacional,Régimen contributivo,Ago - Oct,11273.993333333332
2022,Total Nacional,Régimen contributivo,Sep - Nov,11329.023666666666
2022,Total Nacional,Régimen contributivo,Oct - Dic,11360.298666666667
2022,Total Nacional,Régimen contributivo,Nov - Ene,11107.524
2022,Total Nacional,Régimen contributivo,Dic - Feb,10881.706
2023,Total Nacional,Régimen contributivo,Ene - Mar,10766.615666666667
2023,Total Nacional,Régimen contributivo,Feb - Abr,11025.039666666666
2023,Total Nacional,Régimen contributivo,Mar - May,11327.53233333333
2023,Total Nacional,Régimen contributivo,Abr - Jun,11633.760999999999
2023,Total Nacional,Régimen contributivo,May - Jul,11797.769
2023,Total Nacional,Régimen contributivo,Jun - Ago,11839.513
2023,Total Nacional,Régimen contributivo,Jul - Sep,11815.304
2023,Total Nacional,Régimen contributivo,Ago - Oct,11877.973
2023,Total Nacional,Régimen contributivo,Sep - Nov,12057.283
2023,Total Nacional,Régimen contributivo,Oct - Dic,11985.175
2023,Total Nacional,Régimen contributivo,Nov - Ene,11679.972
2023,Total Nacional,Régimen contributivo,Dic - Feb,11355.355
2024,Total Nacional,Régimen contributivo,Ene - Mar,11305.738
2024,Total Nacional,Régimen contributivo,Feb - Abr,11405.961
2024,Total Nacional,Régimen contributivo,Mar - May,11651.264
2024,Total Nacional,Régimen contributivo,Abr - Jun,11776.656
2024,Total Nacional,Régimen contributivo,May - Jul,11892.484
2024,Total Nacional,Régimen contributivo,Jun - Ago,11851.833
2024,Total Nacional,Régimen contributivo,Jul - Sep,11911.678
2024,Total Nacional,Régimen contributivo,Ago - Oct,11981.897
2024,Total Nacional,Régimen contributivo,Sep - Nov,12053.609
2024,Total Nacional,Régimen contributivo,Oct - Dic,11963.142
2024,Total Nacional,Régimen contributivo,Nov - Ene,11854.947
2024,Total Nacional,Régimen contributivo,Dic - Feb,11617.649
2025,Total Nacional,Régimen contributivo,Ene - Mar,11606.984
2025,Total Nacional,Régimen contributivo,Feb - Abr,11746.611
2025,Total Nacional,Régimen contributivo,Mar - May,11974.018
2025,Total Nacional,Régimen contributivo,Abr - Jun,12106.773
2025,Total Nacional,Régimen contributivo,May - Jul,12204.885
2025,Total Nacional,Régimen contributivo,Jun - Ago,12267.309
2025,Total Nacional,Régimen contributivo,Jul - Sep,12322.119
2025,Total Nacional,Régimen contributivo,Ago - Oct,12243.813
2025,Total Nacional,Régimen contributivo,Sep - Nov,12315.201
2025,Total Nacional,Régimen contributivo,Oct - Dic,12327.886
2025,Total Nacional,Régimen contributivo,Nov - Ene,12286.159
2025,Total Nacional,Régimen contributivo,Dic - Feb,12255.751
2026,Total Nacional,Régimen contributivo,Ene - Mar,12271.972
2026,Total Nacional,Régimen contributivo,Feb - Abr,12442.497
2007,Total Nacional,Régimen especial,Ene - Mar,286.124
2007,Total Nacional,Régimen especial,Feb - Abr,273.888
2007,Total Nacional,Régimen especial,Mar - May,259.0726666666667
2007,Total Nacional,Régimen especial,Abr - Jun,258.21933333333334
2007,Total Nacional,Régimen especial,May - Jul,277.85266666666666
2007,Total Nacional,Régimen especial,Jun - Ago,297.0273333333334
2007,Total Nacional,Régimen especial,Jul - Sep,293.176
2007,Total Nacional,Régimen especial,Ago - Oct,336.23533333333336
2007,Total Nacional,Régimen especial,Sep - Nov,368.778
2007,Total Nacional,Régimen especial,Oct - Dic,378.5743333333333
2007,Total Nacional,Régimen especial,Nov - Ene,355.594
2007,Total Nacional,Régimen especial,Dic - Feb,327.141
2008,Total Nacional,Régimen especial,Ene - Mar,326.86833333333334
2008,Total Nacional,Régimen especial,Feb - Abr,319.3823333333333
2008,Total Nacional,Régimen especial,Mar - May,316.163
2008,Total Nacional,Régimen especial,Abr - Jun,327.1213333333333
2008,Total Nacional,Régimen especial,May - Jul,350.59400000000005
2008,Total Nacional,Régimen especial,Jun - Ago,340.6766666666667
2008,Total Nacional,Régimen especial,Jul - Sep,353.37433333333337
2008,Total Nacional,Régimen especial,Ago - Oct,336.257
2008,Total Nacional,Régimen especial,Sep - Nov,354.4343333333333
2008,Total Nacional,Régimen especial,Oct - Dic,351.26366666666667
2008,Total Nacional,Régimen especial,Nov - Ene,365.8456666666666
2008,Total Nacional,Régimen especial,Dic - Feb,368.54866666666663
2009,Total Nacional,Régimen especial,Ene - Mar,377.73499999999996
2009,Total Nacional,Régimen especial,Feb - Abr,385.549
2009,Total Nacional,Régimen especial,Mar - May,405.84799999999996
2009,Total Nacional,Régimen especial,Abr - Jun,417.8596666666667
2009,Total Nacional,Régimen especial,May - Jul,414.9096666666667
2009,Total Nacional,Régimen especial,Jun - Ago,391.59566666666666
2009,Total Nacional,Régimen especial,Jul - Sep,387.06899999999996
2009,Total Nacional,Régimen especial,Ago - Oct,377.81633333333326
2009,Total Nacional,Régimen especial,Sep - Nov,404.4189999999999
2009,Total Nacional,Régimen especial,Oct - Dic,410.5246666666667
2009,Total Nacional,Régimen especial,Nov - Ene,427.614
2009,Total Nacional,Régimen especial,Dic - Feb,428.00533333333334
2010,Total Nacional,Régimen especial,Ene - Mar,445.48966666666666
2010,Total Nacional,Régimen especial,Feb - Abr,445.1416666666667
2010,Total Nacional,Régimen especial,Mar - May,455.41466666666673
2010,Total Nacional,Régimen especial,Abr - Jun,463.253
2010,Total Nacional,Régimen especial,May - Jul,483.5953333333334
2010,Total Nacional,Régimen especial,Jun - Ago,505.1173333333333
2010,Total Nacional,Régimen especial,Jul - Sep,524.9033333333333
2010,Total Nacional,Régimen especial,Ago - Oct,535.916
2010,Total Nacional,Régimen especial,Sep - Nov,525.2620000000001
2010,Total Nacional,Régimen especial,Oct - Dic,480.6713333333334
2010,Total Nacional,Régimen especial,Nov - Ene,459.9943333333333
2010,Total Nacional,Régimen especial,Dic - Feb,470.51233333333334
2011,Total Nacional,Régimen especial,Ene - Mar,479.6076666666666
2011,Total Nacional,Régimen especial,Feb - Abr,466.67966666666666
2011,Total Nacional,Régimen especial,Mar - May,457.97433333333333
2011,Total Nacional,Régimen especial,Abr - Jun,486.6373333333334
2011,Total Nacional,Régimen especial,May - Jul,506.19700000000006
2011,Total Nacional,Régimen especial,Jun - Ago,511.5583333333334
2011,Total Nacional,Régimen especial,Jul - Sep,511.8806666666667
2011,Total Nacional,Régimen especial,Ago - Oct,514.5953333333333
2011,Total Nacional,Régimen especial,Sep - Nov,513.2183333333334
2011,Total Nacional,Régimen especial,Oct - Dic,469.8006666666667
2011,Total Nacional,Régimen especial,Nov - Ene,495.6863333333333
2011,Total Nacional,Régimen especial,Dic - Feb,502.7833333333333
2012,Total Nacional,Régimen especial,Ene - Mar,546.8736666666667
2012,Total Nacional,Régimen especial,Feb - Abr,529.0226666666666
2012,Total Nacional,Régimen especial,Mar - May,542.7096666666666
2012,Total Nacional,Régimen especial,Abr - Jun,560.6926666666667
2012,Total Nacional,Régimen especial,May - Jul,565.2966666666666
2012,Total Nacional,Régimen especial,Jun - Ago,550.085
2012,Total Nacional,Régimen especial,Jul - Sep,538.1216666666667
2012,Total Nacional,Régimen especial,Ago - Oct,556.4916666666667
2012,Total Nacional,Régimen especial,Sep - Nov,545.15
2012,Total Nacional,Régimen especial,Oct - Dic,511.3516666666667
2012,Total Nacional,Régimen especial,Nov - Ene,489.28433333333334
2012,Total Nacional,Régimen especial,Dic - Feb,492.2573333333333
2013,Total Nacional,Régimen especial,Ene - Mar,499.3426666666667
2013,Total Nacional,Régimen especial,Feb - Abr,517.5346666666667
2013,Total Nacional,Régimen especial,Mar - May,532.3496666666666
2013,Total Nacional,Régimen especial,Abr - Jun,573.0543333333334
2013,Total Nacional,Régimen especial,May - Jul,594.8076666666667
2013,Total Nacional,Régimen especial,Jun - Ago,614.6823333333334
2013,Total Nacional,Régimen especial,Jul - Sep,606.71
2013,Total Nacional,Régimen especial,Ago - Oct,597.9413333333333
2013,Total Nacional,Régimen especial,Sep - Nov,603.0343333333334
2013,Total Nacional,Régimen especial,Oct - Dic,570.8896666666667
2013,Total Nacional,Régimen especial,Nov - Ene,558.7263333333334
2013,Total Nacional,Régimen especial,Dic - Feb,522.5106666666667
2014,Total Nacional,Régimen especial,Ene - Mar,535.707
2014,Total Nacional,Régimen especial,Feb - Abr,538.7713333333334
2014,Total Nacional,Régimen especial,Mar - May,534.7173333333334
2014,Total Nacional,Régimen especial,Abr - Jun,542.1999999999999
2014,Total Nacional,Régimen especial,May - Jul,570.227
2014,Total Nacional,Régimen especial,Jun - Ago,594.2773333333333
2014,Total Nacional,Régimen especial,Jul - Sep,580.8096666666667
2014,Total Nacional,Régimen especial,Ago - Oct,565.3983333333334
2014,Total Nacional,Régimen especial,Sep - Nov,570.223
2014,Total Nacional,Régimen especial,Oct - Dic,603.9276666666666
2014,Total Nacional,Régimen especial,Nov - Ene,563.7316666666667
2014,Total Nacional,Régimen especial,Dic - Feb,545.1483333333334
2015,Total Nacional,Régimen especial,Ene - Mar,533.4883333333332
2015,Total Nacional,Régimen especial,Feb - Abr,546.2433333333333
2015,Total Nacional,Régimen especial,Mar - May,568.8926666666666
2015,Total Nacional,Régimen especial,Abr - Jun,555.7800000000001
2015,Total Nacional,Régimen especial,May - Jul,580.4853333333334
2015,Total Nacional,Régimen especial,Jun - Ago,577.0333333333333
2015,Total Nacional,Régimen especial,Jul - Sep,583.1926666666666
2015,Total Nacional,Régimen especial,Ago - Oct,609.0513333333333
2015,Total Nacional,Régimen especial,Sep - Nov,618.4413333333333
2015,Total Nacional,Régimen especial,Oct - Dic,624.0803333333333
2015,Total Nacional,Régimen especial,Nov - Ene,579.179
2015,Total Nacional,Régimen especial,Dic - Feb,565.4703333333333
2016,Total Nacional,Régimen especial,Ene - Mar,566.751
2016,Total Nacional,Régimen especial,Feb - Abr,598.0693333333334
2016,Total Nacional,Régimen especial,Mar - May,607.9863333333334
2016,Total Nacional,Régimen especial,Abr - Jun,626.6343333333334
2016,Total Nacional,Régimen especial,May - Jul,613.1413333333334
2016,Total Nacional,Régimen especial,Jun - Ago,617.3620000000001
2016,Total Nacional,Régimen especial,Jul - Sep,626.1866666666666
2016,Total Nacional,Régimen especial,Ago - Oct,623.0596666666667
2016,Total Nacional,Régimen especial,Sep - Nov,637.4496666666668
2016,Total Nacional,Régimen especial,Oct - Dic,627.5376666666667
2016,Total Nacional,Régimen especial,Nov - Ene,641.8910000000001
2016,Total Nacional,Régimen especial,Dic - Feb,618.0926666666668
2017,Total Nacional,Régimen especial,Ene - Mar,624.5553333333334
2017,Total Nacional,Régimen especial,Feb - Abr,627.054
2017,Total Nacional,Régimen especial,Mar - May,641.8673333333334
2017,Total Nacional,Régimen especial,Abr - Jun,642.1353333333333
2017,Total Nacional,Régimen especial,May - Jul,637.321
2017,Total Nacional,Régimen especial,Jun - Ago,666.4716666666667
2017,Total Nacional,Régimen especial,Jul - Sep,674.0406666666667
2017,Total Nacional,Régimen especial,Ago - Oct,661.4796666666666
2017,Total Nacional,Régimen especial,Sep - Nov,624.654
2017,Total Nacional,Régimen especial,Oct - Dic,593.7030000000001
2017,Total Nacional,Régimen especial,Nov - Ene,590.9786666666666
2017,Total Nacional,Régimen especial,Dic - Feb,573.753
2018,Total Nacional,Régimen especial,Ene - Mar,585.083
2018,Total Nacional,Régimen especial,Feb - Abr,625.7333333333333
2018,Total Nacional,Régimen especial,Mar - May,658.8106666666666
2018,Total Nacional,Régimen especial,Abr - Jun,700.1239999999999
2018,Total Nacional,Régimen especial,May - Jul,676.122
2018,Total Nacional,Régimen especial,Jun - Ago,697.5533333333333
2018,Total Nacional,Régimen especial,Jul - Sep,658.9536666666668
2018,Total Nacional,Régimen especial,Ago - Oct,653.7623333333332
2018,Total Nacional,Régimen especial,Sep - Nov,639.299
2018,Total Nacional,Régimen especial,Oct - Dic,647.2863333333333
2018,Total Nacional,Régimen especial,Nov - Ene,673.793
2018,Total Nacional,Régimen especial,Dic - Feb,670.8526666666667
2019,Total Nacional,Régimen especial,Ene - Mar,663.7316666666667
2019,Total Nacional,Régimen especial,Feb - Abr,642.5406666666667
2019,Total Nacional,Régimen especial,Mar - May,615.3363333333333
2019,Total Nacional,Régimen especial,Abr - Jun,631.4133333333333
2019,Total Nacional,Régimen especial,May - Jul,646.3996666666667
2019,Total Nacional,Régimen especial,Jun - Ago,664.7520000000001
2019,Total Nacional,Régimen especial,Jul - Sep,667.0186666666667
2019,Total Nacional,Régimen especial,Ago - Oct,655.5326666666666
2019,Total Nacional,Régimen especial,Sep - Nov,652.9213333333333
2019,Total Nacional,Régimen especial,Oct - Dic,619.5146666666666
2019,Total Nacional,Régimen especial,Nov - Ene,618.831
2019,Total Nacional,Régimen especial,Dic - Feb,607.0836666666667
2020,Total Nacional,Régimen especial,Ene - Mar,0.0
2020,Total Nacional,Régimen especial,Feb - Abr,0.0
2020,Total Nacional,Régimen especial,Mar - May,0.0
2020,Total Nacional,Régimen especial,Abr - Jun,0.0
2020,Total Nacional,Régimen especial,May - Jul,504.86000000000007
2020,Total Nacional,Régimen especial,Jun - Ago,514.9126666666667
2020,Total Nacional,Régimen especial,Jul - Sep,585.2690000000001
2020,Total Nacional,Régimen especial,Ago - Oct,641.7399999999999
2020,Total Nacional,Régimen especial,Sep - Nov,645.6756666666666
2020,Total Nacional,Régimen especial,Oct - Dic,600.2766666666666
2020,Total Nacional,Régimen especial,Nov - Ene,517.8053333333334
2020,Total Nacional,Régimen especial,Dic - Feb,457.5506666666667
2021,Total Nacional,Régimen especial,Ene - Mar,396.50233333333335
2021,Total Nacional,Régimen especial,Feb - Abr,407.01533333333333
2021,Total Nacional,Régimen especial,Mar - May,431.10633333333334
2021,Total Nacional,Régimen especial,Abr - Jun,425.39033333333333
2021,Total Nacional,Régimen especial,May - Jul,428.11899999999997
2021,Total Nacional,Régimen especial,Jun - Ago,410.3876666666667
2021,Total Nacional,Régimen especial,Jul - Sep,436.0926666666667
2021,Total Nacional,Régimen especial,Ago - Oct,429.82466666666664
2021,Total Nacional,Régimen especial,Sep - Nov,462.1323333333333
2021,Total Nacional,Régimen especial,Oct - Dic,474.5273333333333
2021,Total Nacional,Régimen especial,Nov - Ene,510.43
2021,Total Nacional,Régimen especial,Dic - Feb,502.0216666666667
2022,Total Nacional,Régimen especial,Ene - Mar,511.01500000000004
2022,Total Nacional,Régimen especial,Feb - Abr,520.8733333333333
2022,Total Nacional,Régimen especial,Mar - May,529.4076666666666
2022,Total Nacional,Régimen especial,Abr - Jun,531.1716666666667
2022,Total Nacional,Régimen especial,May - Jul,530.4920000000001
2022,Total Nacional,Régimen especial,Jun - Ago,532.1819999999999
2022,Total Nacional,Régimen especial,Jul - Sep,539.2429999999999
2022,Total Nacional,Régimen especial,Ago - Oct,541.289
2022,Total Nacional,Régimen especial,Sep - Nov,527.3919999999999
2022,Total Nacional,Régimen especial,Oct - Dic,516.003
2022,Total Nacional,Régimen especial,Nov - Ene,502.55400000000003
2022,Total Nacional,Régimen especial,Dic - Feb,543.9246666666667
2023,Total Nacional,Régimen especial,Ene - Mar,571.719
2023,Total Nacional,Régimen especial,Feb - Abr,608.2203333333333
2023,Total Nacional,Régimen especial,Mar - May,606.4256666666666
2023,Total Nacional,Régimen especial,Abr - Jun,597.044
2023,Total Nacional,Régimen especial,May - Jul,578.906
2023,Total Nacional,Régimen especial,Jun - Ago,587.435
2023,Total Nacional,Régimen especial,Jul - Sep,614.604
2023,Total Nacional,Régimen especial,Ago - Oct,592.538
2023,Total Nacional,Régimen especial,Sep - Nov,559.914
2023,Total Nacional,Régimen especial,Oct - Dic,536.057
2023,Total Nacional,Régimen especial,Nov - Ene,566.163
2023,Total Nacional,Régimen especial,Dic - Feb,577.234
2024,Total Nacional,Régimen especial,Ene - Mar,596.997
2024,Total Nacional,Régimen especial,Feb - Abr,613.015
2024,Total Nacional,Régimen especial,Mar - May,612.881
2024,Total Nacional,Régimen especial,Abr - Jun,586.027
2024,Total Nacional,Régimen especial,May - Jul,547.807
2024,Total Nacional,Régimen especial,Jun - Ago,563.039
2024,Total Nacional,Régimen especial,Jul - Sep,563.092
2024,Total Nacional,Régimen especial,Ago - Oct,590.407
2024,Total Nacional,Régimen especial,Sep - Nov,582.973
2024,Total Nacional,Régimen especial,Oct - Dic,587.524
2024,Total Nacional,Régimen especial,Nov - Ene,569.852
2024,Total Nacional,Régimen especial,Dic - Feb,588.738
2025,Total Nacional,Régimen especial,Ene - Mar,585.786
2025,Total Nacional,Régimen especial,Feb - Abr,623.34
2025,Total Nacional,Régimen especial,Mar - May,586.4
2025,Total Nacional,Régimen especial,Abr - Jun,611.872
2025,Total Nacional,Régimen especial,May - Jul,558.515
2025,Total Nacional,Régimen especial,Jun - Ago,553.713
2025,Total Nacional,Régimen especial,Jul - Sep,529.964
2025,Total Nacional,Régimen especial,Ago - Oct,576.529
2025,Total Nacional,Régimen especial,Sep - Nov,577.044
2025,Total Nacional,Régimen especial,Oct - Dic,593.915
2025,Total Nacional,Régimen especial,Nov - Ene,556.361
2025,Total Nacional,Régimen especial,Dic - Feb,587.847
2026,Total Nacional,Régimen especial,Ene - Mar,598.574
2026,Total Nacional,Régimen especial,Feb - Abr,617.471
2007,Total Nacional,Aportantes,Ene - Mar,6002.186333333334
2007,Total Nacional,Aportantes,Feb - Abr,6157.433666666667
2007,Total Nacional,Aportantes,Mar - May,6299.825666666667
2007,Total Nacional,Aportantes,Abr - Jun,6325.242666666666
2007,Total Nacional,Aportantes,May - Jul,6421.356666666667
2007,Total Nacional,Aportantes,Jun - Ago,6388.1213333333335
2007,Total Nacional,Aportantes,Jul - Sep,6502.481
2007,Total Nacional,Aportantes,Ago - Oct,6517.172666666666
2007,Total Nacional,Aportantes,Sep - Nov,6664.382999999999
2007,Total Nacional,Aportantes,Oct - Dic,6550.5960000000005
2007,Total Nacional,Aportantes,Nov - Ene,6493.522666666667
2007,Total Nacional,Aportantes,Dic - Feb,6254.963333333333
2008,Total Nacional,Aportantes,Ene - Mar,6251.033
2008,Total Nacional,Aportantes,Feb - Abr,6333.808333333333
2008,Total Nacional,Aportantes,Mar - May,6488.973999999999
2008,Total Nacional,Aportantes,Abr - Jun,6613.879666666667
2008,Total Nacional,Aportantes,May - Jul,6684.8820000000005
2008,Total Nacional,Aportantes,Jun - Ago,6672.951333333333
2008,Total Nacional,Aportantes,Jul - Sep,6660.172666666666
2008,Total Nacional,Aportantes,Ago - Oct,6461.388
2008,Total Nacional,Aportantes,Sep - Nov,6493.226
2008,Total Nacional,Aportantes,Oct - Dic,6474.475000000001
2008,Total Nacional,Aportantes,Nov - Ene,6413.158
2008,Total Nacional,Aportantes,Dic - Feb,6317.647666666667
2009,Total Nacional,Aportantes,Ene - Mar,6292.872333333334
2009,Total Nacional,Aportantes,Feb - Abr,6535.176333333333
2009,Total Nacional,Aportantes,Mar - May,6676.452333333334
2009,Total Nacional,Aportantes,Abr - Jun,6664.179
2009,Total Nacional,Aportantes,May - Jul,6691.956666666666
2009,Total Nacional,Aportantes,Jun - Ago,6615.667666666667
2009,Total Nacional,Aportantes,Jul - Sep,6705.789333333334
2009,Total Nacional,Aportantes,Ago - Oct,6664.117666666668
2009,Total Nacional,Aportantes,Sep - Nov,6712.958333333333
2009,Total Nacional,Aportantes,Oct - Dic,6671.2
2009,Total Nacional,Aportantes,Nov - Ene,6577.7446666666665
2009,Total Nacional,Aportantes,Dic - Feb,6612.093333333333
2010,Total Nacional,Aportantes,Ene - Mar,6665.267
2010,Total Nacional,Aportantes,Feb - Abr,6843.305666666667
2010,Total Nacional,Aportantes,Mar - May,6931.197666666667
2010,Total Nacional,Aportantes,Abr - Jun,6948.132666666667
2010,Total Nacional,Aportantes,May - Jul,6918.5380000000005
2010,Total Nacional,Aportantes,Jun - Ago,6850.954000000001
2010,Total Nacional,Aportantes,Jul - Sep,6904.155333333333
2010,Total Nacional,Aportantes,Ago - Oct,6940.194
2010,Total Nacional,Aportantes,Sep - Nov,6933.7733333333335
2010,Total Nacional,Aportantes,Oct - Dic,6927.102
2010,Total Nacional,Aportantes,Nov - Ene,6865.265666666666
2010,Total Nacional,Aportantes,Dic - Feb,6895.009666666666
2011,Total Nacional,Aportantes,Ene - Mar,7004.533666666667
2011,Total Nacional,Aportantes,Feb - Abr,7165.934666666667
2011,Total Nacional,Aportantes,Mar - May,7272.915333333333
2011,Total Nacional,Aportantes,Abr - Jun,7316.554
2011,Total Nacional,Aportantes,May - Jul,7337.653000000001
2011,Total Nacional,Aportantes,Jun - Ago,7371.428333333333
2011,Total Nacional,Aportantes,Jul - Sep,7497.835333333333
2011,Total Nacional,Aportantes,Ago - Oct,7518.1343333333325
2011,Total Nacional,Aportantes,Sep - Nov,7460.173
2011,Total Nacional,Aportantes,Oct - Dic,7345.999333333333
2011,Total Nacional,Aportantes,Nov - Ene,7279.576333333333
2011,Total Nacional,Aportantes,Dic - Feb,7320.862666666667
2012,Total Nacional,Aportantes,Ene - Mar,7411.758333333334
2012,Total Nacional,Aportantes,Feb - Abr,7588.7339999999995
2012,Total Nacional,Aportantes,Mar - May,7718.375
2012,Total Nacional,Aportantes,Abr - Jun,7669.085666666666
2012,Total Nacional,Aportantes,May - Jul,7567.674666666666
2012,Total Nacional,Aportantes,Jun - Ago,7595.8476666666675
2012,Total Nacional,Aportantes,Jul - Sep,7564.452
2012,Total Nacional,Aportantes,Ago - Oct,7651.257666666667
2012,Total Nacional,Aportantes,Sep - Nov,7518.061666666667
2012,Total Nacional,Aportantes,Oct - Dic,7496.714
2012,Total Nacional,Aportantes,Nov - Ene,7368.766
2012,Total Nacional,Aportantes,Dic - Feb,7405.801333333333
2013,Total Nacional,Aportantes,Ene - Mar,7505.089333333333
2013,Total Nacional,Aportantes,Feb - Abr,7738.264333333333
2013,Total Nacional,Aportantes,Mar - May,7874.776666666668
2013,Total Nacional,Aportantes,Abr - Jun,7956.158333333334
2013,Total Nacional,Aportantes,May - Jul,7986.142666666667
2013,Total Nacional,Aportantes,Jun - Ago,8000.6956666666665
2013,Total Nacional,Aportantes,Jul - Sep,8044.448666666666
2013,Total Nacional,Aportantes,Ago - Oct,8087.058
2013,Total Nacional,Aportantes,Sep - Nov,8047.884999999999
2013,Total Nacional,Aportantes,Oct - Dic,7974.419999999999
2013,Total Nacional,Aportantes,Nov - Ene,7862.990666666666
2013,Total Nacional,Aportantes,Dic - Feb,7985.791
2014,Total Nacional,Aportantes,Ene - Mar,8095.702333333334
2014,Total Nacional,Aportantes,Feb - Abr,8340.650333333333
2014,Total Nacional,Aportantes,Mar - May,8442.6
2014,Total Nacional,Aportantes,Abr - Jun,8481.769666666667
2014,Total Nacional,Aportantes,May - Jul,8478.682666666668
2014,Total Nacional,Aportantes,Jun - Ago,8411.133333333333
2014,Total Nacional,Aportantes,Jul - Sep,8514.462
2014,Total Nacional,Aportantes,Ago - Oct,8514.923999999999
2014,Total Nacional,Aportantes,Sep - Nov,8531.556666666667
2014,Total Nacional,Aportantes,Oct - Dic,8465.058666666666
2014,Total Nacional,Aportantes,Nov - Ene,8292.127999999999
2014,Total Nacional,Aportantes,Dic - Feb,8259.708333333334
2015,Total Nacional,Aportantes,Ene - Mar,8230.230333333333
2015,Total Nacional,Aportantes,Feb - Abr,8405.823666666665
2015,Total Nacional,Aportantes,Mar - May,8505.686
2015,Total Nacional,Aportantes,Abr - Jun,8594.545666666667
2015,Total Nacional,Aportantes,May - Jul,8580.5
2015,Total Nacional,Aportantes,Jun - Ago,8625.424333333334
2015,Total Nacional,Aportantes,Jul - Sep,8639.171333333334
2015,Total Nacional,Aportantes,Ago - Oct,8821.210666666668
2015,Total Nacional,Aportantes,Sep - Nov,8790.614
2015,Total Nacional,Aportantes,Oct - Dic,8816.692333333334
2015,Total Nacional,Aportantes,Nov - Ene,8542.186
2015,Total Nacional,Aportantes,Dic - Feb,8554.996
2016,Total Nacional,Aportantes,Ene - Mar,8566.718
2016,Total Nacional,Aportantes,Feb - Abr,8781.752333333332
2016,Total Nacional,Aportantes,Mar - May,8890.474333333334
2016,Total Nacional,Aportantes,Abr - Jun,8949.410333333333
2016,Total Nacional,Aportantes,May - Jul,8903.251333333334
2016,Total Nacional,Aportantes,Jun - Ago,8870.463666666668
2016,Total Nacional,Aportantes,Jul - Sep,8908.998
2016,Total Nacional,Aportantes,Ago - Oct,9010.144666666665
2016,Total Nacional,Aportantes,Sep - Nov,8999.918666666666
2016,Total Nacional,Aportantes,Oct - Dic,8945.884666666667
2016,Total Nacional,Aportantes,Nov - Ene,8726.635333333334
2016,Total Nacional,Aportantes,Dic - Feb,8750.766666666668
2017,Total Nacional,Aportantes,Ene - Mar,8784.169
2017,Total Nacional,Aportantes,Feb - Abr,9044.621333333334
2017,Total Nacional,Aportantes,Mar - May,9063.125999999998
2017,Total Nacional,Aportantes,Abr - Jun,9108.107000000002
2017,Total Nacional,Aportantes,May - Jul,8992.465333333334
2017,Total Nacional,Aportantes,Jun - Ago,9042.172
2017,Total Nacional,Aportantes,Jul - Sep,8987.304333333333
2017,Total Nacional,Aportantes,Ago - Oct,9104.550333333333
2017,Total Nacional,Aportantes,Sep - Nov,9011.800000000001
2017,Total Nacional,Aportantes,Oct - Dic,8943.676333333335
2017,Total Nacional,Aportantes,Nov - Ene,8612.153333333334
2017,Total Nacional,Aportantes,Dic - Feb,8679.465666666665
2018,Total Nacional,Aportantes,Ene - Mar,8752.498666666666
2018,Total Nacional,Aportantes,Feb - Abr,9108.667666666666
2018,Total Nacional,Aportantes,Mar - May,9162.388666666666
2018,Total Nacional,Aportantes,Abr - Jun,9233.188333333334
2018,Total Nacional,Aportantes,May - Jul,9194.403666666667
2018,Total Nacional,Aportantes,Jun - Ago,9175.621666666666
2018,Total Nacional,Aportantes,Jul - Sep,9123.366666666667
2018,Total Nacional,Aportantes,Ago - Oct,9120.915
2018,Total Nacional,Aportantes,Sep - Nov,9028.033000000001
2018,Total Nacional,Aportantes,Oct - Dic,9021.834666666668
2018,Total Nacional,Aportantes,Nov - Ene,8746.573666666665
2018,Total Nacional,Aportantes,Dic - Feb,8788.741666666667
2019,Total Nacional,Aportantes,Ene - Mar,8850.318
2019,Total Nacional,Aportantes,Feb - Abr,9156.500666666667
2019,Total Nacional,Aportantes,Mar - May,9207.899666666666
2019,Total Nacional,Aportantes,Abr - Jun,9296.665
2019,Total Nacional,Aportantes,May - Jul,9326.418333333335
2019,Total Nacional,Aportantes,Jun - Ago,9317.341666666667
2019,Total Nacional,Aportantes,Jul - Sep,9312.314666666667
2019,Total Nacional,Aportantes,Ago - Oct,9284.374666666667
2019,Total Nacional,Aportantes,Sep - Nov,9252.169
2019,Total Nacional,Aportantes,Oct - Dic,9067.203333333333
2019,Total Nacional,Aportantes,Nov - Ene,8815.798
2019,Total Nacional,Aportantes,Dic - Feb,8794.021999999999
2020,Total Nacional,Aportantes,Ene - Mar,0.0
2020,Total Nacional,Aportantes,Feb - Abr,0.0
2020,Total Nacional,Aportantes,Mar - May,0.0
2020,Total Nacional,Aportantes,Abr - Jun,0.0
2020,Total Nacional,Aportantes,May - Jul,7537.146333333333
2020,Total Nacional,Aportantes,Jun - Ago,7792.808333333334
2020,Total Nacional,Aportantes,Jul - Sep,7996.261000000001
2020,Total Nacional,Aportantes,Ago - Oct,8380.941333333334
2020,Total Nacional,Aportantes,Sep - Nov,8478.385666666667
2020,Total Nacional,Aportantes,Oct - Dic,8548.725666666665
2020,Total Nacional,Aportantes,Nov - Ene,8609.625
2020,Total Nacional,Aportantes,Dic - Feb,8704.715333333334
2021,Total Nacional,Aportantes,Ene - Mar,8881.972333333333
2021,Total Nacional,Aportantes,Feb - Abr,8945.799666666668
2021,Total Nacional,Aportantes,Mar - May,9059.839
2021,Total Nacional,Aportantes,Abr - Jun,9114.731666666667
2021,Total Nacional,Aportantes,May - Jul,9175.250999999998
2021,Total Nacional,Aportantes,Jun - Ago,9124.591
2021,Total Nacional,Aportantes,Jul - Sep,9280.153666666667
2021,Total Nacional,Aportantes,Ago - Oct,9419.779333333332
2021,Total Nacional,Aportantes,Sep - Nov,9605.783333333333
2021,Total Nacional,Aportantes,Oct - Dic,9710.240333333333
2021,Total Nacional,Aportantes,Nov - Ene,9783.422333333334
2021,Total Nacional,Aportantes,Dic - Feb,9798.002333333332
2022,Total Nacional,Aportantes,Ene - Mar,9774.101999999999
2022,Total Nacional,Aportantes,Feb - Abr,9888.486333333334
2022,Total Nacional,Aportantes,Mar - May,10113.453666666666
2022,Total Nacional,Aportantes,Abr - Jun,10205.418333333333
2022,Total Nacional,Aportantes,May - Jul,10171.075666666666
2022,Total Nacional,Aportantes,Jun - Ago,10111.219666666666
2022,Total Nacional,Aportantes,Jul - Sep,10128.682333333332
2022,Total Nacional,Aportantes,Ago - Oct,10246.346
2022,Total Nacional,Aportantes,Sep - Nov,10279.653666666667
2022,Total Nacional,Aportantes,Oct - Dic,10356.659
2022,Total Nacional,Aportantes,Nov - Ene,10168.247666666664
2022,Total Nacional,Aportantes,Dic - Feb,10015.304666666665
2023,Total Nacional,Aportantes,Ene - Mar,9932.715666666665
2023,Total Nacional,Aportantes,Feb - Abr,10189.730666666666
2023,Total Nacional,Aportantes,Mar - May,10457.579333333333
2023,Total Nacional,Aportantes,Abr - Jun,10724.087666666666
2023,Total Nacional,Aportantes,May - Jul,10807.961
2023,Total Nacional,Aportantes,Jun - Ago,10826.573
2023,Total Nacional,Aportantes,Jul - Sep,10810.973
2023,Total Nacional,Aportantes,Ago - Oct,10893.24
2023,Total Nacional,Aportantes,Sep - Nov,11010.731
2023,Total Nacional,Aportantes,Oct - Dic,10962.752
2023,Total Nacional,Aportantes,Nov - Ene,10727.952
2023,Total Nacional,Aportantes,Dic - Feb,10486.367
2024,Total Nacional,Aportantes,Ene - Mar,10429.866
2024,Total Nacional,Aportantes,Feb - Abr,10502.282
2024,Total Nacional,Aportantes,Mar - May,10722.656
2024,Total Nacional,Aportantes,Abr - Jun,10818.591
2024,Total Nacional,Aportantes,May - Jul,10910.587
2024,Total Nacional,Aportantes,Jun - Ago,10891.255
2024,Total Nacional,Aportantes,Jul - Sep,10918.241
2024,Total Nacional,Aportantes,Ago - Oct,10981.761
2024,Total Nacional,Aportantes,Sep - Nov,11038.239
2024,Total Nacional,Aportantes,Oct - Dic,11024.334
2024,Total Nacional,Aportantes,Nov - Ene,10924.313
2024,Total Nacional,Aportantes,Dic - Feb,10723.547
2025,Total Nacional,Aportantes,Ene - Mar,10649.507
2025,Total Nacional,Aportantes,Feb - Abr,10799.81
2025,Total Nacional,Aportantes,Mar - May,10981.895
2025,Total Nacional,Aportantes,Abr - Jun,11153.27
2025,Total Nacional,Aportantes,May - Jul,11204.003
2025,Total Nacional,Aportantes,Jun - Ago,11275.979
2025,Total Nacional,Aportantes,Jul - Sep,11346.774
2025,Total Nacional,Aportantes,Ago - Oct,11326.867
2025,Total Nacional,Aportantes,Sep - Nov,11371.693
2025,Total Nacional,Aportantes,Oct - Dic,11344.814
2025,Total Nacional,Aportantes,Nov - Ene,11304.58
2025,Total Nacional,Aportantes,Dic - Feb,11299.779
2026,Total Nacional,Aportantes,Ene - Mar,11344.601
2026,Total Nacional,Aportantes,Feb - Abr,11520.828
2007,Total Nacional,Beneficiarios,Ene - Mar,1524.4616666666668
2007,Total Nacional,Beneficiarios,Feb - Abr,1625.2386666666669
2007,Total Nacional,Beneficiarios,Mar - May,1686.17
2007,Total Nacional,Beneficiarios,Abr - Jun,1706.4709999999998
2007,Total Nacional,Beneficiarios,May - Jul,1669.037
2007,Total Nacional,Beneficiarios,Jun - Ago,1666.3163333333334
2007,Total Nacional,Beneficiarios,Jul - Sep,1673.839
2007,Total Nacional,Beneficiarios,Ago - Oct,1719.2796666666666
2007,Total Nacional,Beneficiarios,Sep - Nov,1771.6509999999998
2007,Total Nacional,Beneficiarios,Oct - Dic,1804.9260000000002
2007,Total Nacional,Beneficiarios,Nov - Ene,1746.561
2007,Total Nacional,Beneficiarios,Dic - Feb,1656.0739999999998
2008,Total Nacional,Beneficiarios,Ene - Mar,1598.9196666666667
2008,Total Nacional,Beneficiarios,Feb - Abr,1674.3883333333333
2008,Total Nacional,Beneficiarios,Mar - May,1735.5223333333333
2008,Total Nacional,Beneficiarios,Abr - Jun,1755.5649999999998
2008,Total Nacional,Beneficiarios,May - Jul,1758.6256666666668
2008,Total Nacional,Beneficiarios,Jun - Ago,1744.2246666666667
2008,Total Nacional,Beneficiarios,Jul - Sep,1796.7733333333333
2008,Total Nacional,Beneficiarios,Ago - Oct,1754.8603333333333
2008,Total Nacional,Beneficiarios,Sep - Nov,1776.6223333333335
2008,Total Nacional,Beneficiarios,Oct - Dic,1749.0223333333333
2008,Total Nacional,Beneficiarios,Nov - Ene,1704.9499999999998
2008,Total Nacional,Beneficiarios,Dic - Feb,1680.51
2009,Total Nacional,Beneficiarios,Ene - Mar,1707.385
2009,Total Nacional,Beneficiarios,Feb - Abr,1800.4016666666666
2009,Total Nacional,Beneficiarios,Mar - May,1856.2373333333335
2009,Total Nacional,Beneficiarios,Abr - Jun,1894.350666666667
2009,Total Nacional,Beneficiarios,May - Jul,1871.7216666666666
2009,Total Nacional,Beneficiarios,Jun - Ago,1844.392
2009,Total Nacional,Beneficiarios,Jul - Sep,1806.6103333333333
2009,Total Nacional,Beneficiarios,Ago - Oct,1875.8366666666668
2009,Total Nacional,Beneficiarios,Sep - Nov,1921.9026666666668
2009,Total Nacional,Beneficiarios,Oct - Dic,1969.558
2009,Total Nacional,Beneficiarios,Nov - Ene,1908.692
2009,Total Nacional,Beneficiarios,Dic - Feb,1872.4530000000002
2010,Total Nacional,Beneficiarios,Ene - Mar,1834.7643333333333
2010,Total Nacional,Beneficiarios,Feb - Abr,1864.7063333333335
2010,Total Nacional,Beneficiarios,Mar - May,1888.186
2010,Total Nacional,Beneficiarios,Abr - Jun,1914.1563333333334
2010,Total Nacional,Beneficiarios,May - Jul,1886.8066666666666
2010,Total Nacional,Beneficiarios,Jun - Ago,1887.4276666666667
2010,Total Nacional,Beneficiarios,Jul - Sep,1928.268
2010,Total Nacional,Beneficiarios,Ago - Oct,2017.972
2010,Total Nacional,Beneficiarios,Sep - Nov,2041.952
2010,Total Nacional,Beneficiarios,Oct - Dic,2028.28
2010,Total Nacional,Beneficiarios,Nov - Ene,1933.991
2010,Total Nacional,Beneficiarios,Dic - Feb,1944.5703333333333
2011,Total Nacional,Beneficiarios,Ene - Mar,1916.1623333333334
2011,Total Nacional,Beneficiarios,Feb - Abr,1972.233
2011,Total Nacional,Beneficiarios,Mar - May,1984.5689999999997
2011,Total Nacional,Beneficiarios,Abr - Jun,2013.6999999999998
2011,Total Nacional,Beneficiarios,May - Jul,2014.1043333333334
2011,Total Nacional,Beneficiarios,Jun - Ago,2058.9886666666666
2011,Total Nacional,Beneficiarios,Jul - Sep,2071.8403333333335
2011,Total Nacional,Beneficiarios,Ago - Oct,2186.124333333333
2011,Total Nacional,Beneficiarios,Sep - Nov,2194.713666666667
2011,Total Nacional,Beneficiarios,Oct - Dic,2230.7906666666663
2011,Total Nacional,Beneficiarios,Nov - Ene,2132.947333333333
2011,Total Nacional,Beneficiarios,Dic - Feb,2034.6213333333333
2012,Total Nacional,Beneficiarios,Ene - Mar,2038.902
2012,Total Nacional,Beneficiarios,Feb - Abr,2098.4083333333333
2012,Total Nacional,Beneficiarios,Mar - May,2205.64
2012,Total Nacional,Beneficiarios,Abr - Jun,2203.510333333333
2012,Total Nacional,Beneficiarios,May - Jul,2186.7163333333333
2012,Total Nacional,Beneficiarios,Jun - Ago,2190.7543333333333
2012,Total Nacional,Beneficiarios,Jul - Sep,2179.8016666666667
2012,Total Nacional,Beneficiarios,Ago - Oct,2203.869666666667
2012,Total Nacional,Beneficiarios,Sep - Nov,2156.837
2012,Total Nacional,Beneficiarios,Oct - Dic,2141.5539999999996
2012,Total Nacional,Beneficiarios,Nov - Ene,2050.4353333333333
2012,Total Nacional,Beneficiarios,Dic - Feb,2042.355666666667
2013,Total Nacional,Beneficiarios,Ene - Mar,2017.9056666666668
2013,Total Nacional,Beneficiarios,Feb - Abr,2072.5196666666666
2013,Total Nacional,Beneficiarios,Mar - May,2152.995333333333
2013,Total Nacional,Beneficiarios,Abr - Jun,2197.3263333333334
2013,Total Nacional,Beneficiarios,May - Jul,2240.0556666666666
2013,Total Nacional,Beneficiarios,Jun - Ago,2175.730666666667
2013,Total Nacional,Beneficiarios,Jul - Sep,2196.7386666666666
2013,Total Nacional,Beneficiarios,Ago - Oct,2202.273333333333
2013,Total Nacional,Beneficiarios,Sep - Nov,2226.7473333333332
2013,Total Nacional,Beneficiarios,Oct - Dic,2211.831333333333
2013,Total Nacional,Beneficiarios,Nov - Ene,2111.146
2013,Total Nacional,Beneficiarios,Dic - Feb,2041.9276666666665
2014,Total Nacional,Beneficiarios,Ene - Mar,1990.675
2014,Total Nacional,Beneficiarios,Feb - Abr,2064.636
2014,Total Nacional,Beneficiarios,Mar - May,2090.163
2014,Total Nacional,Beneficiarios,Abr - Jun,2073.8213333333338
2014,Total Nacional,Beneficiarios,May - Jul,2059.554666666667
2014,Total Nacional,Beneficiarios,Jun - Ago,2090.9516666666664
2014,Total Nacional,Beneficiarios,Jul - Sep,2102.3333333333335
2014,Total Nacional,Beneficiarios,Ago - Oct,2156.1740000000004
2014,Total Nacional,Beneficiarios,Sep - Nov,2200.1386666666667
2014,Total Nacional,Beneficiarios,Oct - Dic,2237.878333333333
2014,Total Nacional,Beneficiarios,Nov - Ene,2147.241666666667
2014,Total Nacional,Beneficiarios,Dic - Feb,2047.838
2015,Total Nacional,Beneficiarios,Ene - Mar,2003.4483333333335
2015,Total Nacional,Beneficiarios,Feb - Abr,2024.5083333333332
2015,Total Nacional,Beneficiarios,Mar - May,2084.6513333333332
2015,Total Nacional,Beneficiarios,Abr - Jun,2097.8186666666666
2015,Total Nacional,Beneficiarios,May - Jul,2085.674666666667
2015,Total Nacional,Beneficiarios,Jun - Ago,2042.8483333333334
2015,Total Nacional,Beneficiarios,Jul - Sep,2072.2026666666666
2015,Total Nacional,Beneficiarios,Ago - Oct,2105.634666666667
2015,Total Nacional,Beneficiarios,Sep - Nov,2077.382666666667
2015,Total Nacional,Beneficiarios,Oct - Dic,2086.9806666666664
2015,Total Nacional,Beneficiarios,Nov - Ene,2011.028333333333
2015,Total Nacional,Beneficiarios,Dic - Feb,1990.5013333333334
2016,Total Nacional,Beneficiarios,Ene - Mar,1909.2726666666667
2016,Total Nacional,Beneficiarios,Feb - Abr,1935.9893333333332
2016,Total Nacional,Beneficiarios,Mar - May,1936.5686666666668
2016,Total Nacional,Beneficiarios,Abr - Jun,1948.603
2016,Total Nacional,Beneficiarios,May - Jul,1947.8713333333335
2016,Total Nacional,Beneficiarios,Jun - Ago,1963.9766666666667
2016,Total Nacional,Beneficiarios,Jul - Sep,2004.204
2016,Total Nacional,Beneficiarios,Ago - Oct,2032.5363333333335
2016,Total Nacional,Beneficiarios,Sep - Nov,2065.8886666666667
2016,Total Nacional,Beneficiarios,Oct - Dic,2044.3589999999997
2016,Total Nacional,Beneficiarios,Nov - Ene,1957.2706666666666
2016,Total Nacional,Beneficiarios,Dic - Feb,1880.6796666666667
2017,Total Nacional,Beneficiarios,Ene - Mar,1820.0469999999998
2017,Total Nacional,Beneficiarios,Feb - Abr,1828.1363333333336
2017,Total Nacional,Beneficiarios,Mar - May,1807.425
2017,Total Nacional,Beneficiarios,Abr - Jun,1814.5803333333333
2017,Total Nacional,Beneficiarios,May - Jul,1837.7223333333332
2017,Total Nacional,Beneficiarios,Jun - Ago,1886.7089999999998
2017,Total Nacional,Beneficiarios,Jul - Sep,1897.5303333333334
2017,Total Nacional,Beneficiarios,Ago - Oct,1909.1983333333335
2017,Total Nacional,Beneficiarios,Sep - Nov,1882.6976666666667
2017,Total Nacional,Beneficiarios,Oct - Dic,1861.8063333333332
2017,Total Nacional,Beneficiarios,Nov - Ene,1778.6643333333334
2017,Total Nacional,Beneficiarios,Dic - Feb,1731.4470000000001
2018,Total Nacional,Beneficiarios,Ene - Mar,1705.7243333333333
2018,Total Nacional,Beneficiarios,Feb - Abr,1759.1666666666667
2018,Total Nacional,Beneficiarios,Mar - May,1772.9143333333332
2018,Total Nacional,Beneficiarios,Abr - Jun,1768.6490000000001
2018,Total Nacional,Beneficiarios,May - Jul,1768.1963333333333
2018,Total Nacional,Beneficiarios,Jun - Ago,1790.1193333333333
2018,Total Nacional,Beneficiarios,Jul - Sep,1849.64
2018,Total Nacional,Beneficiarios,Ago - Oct,1816.3816666666664
2018,Total Nacional,Beneficiarios,Sep - Nov,1810.735
2018,Total Nacional,Beneficiarios,Oct - Dic,1792.673
2018,Total Nacional,Beneficiarios,Nov - Ene,1736.1490000000001
2018,Total Nacional,Beneficiarios,Dic - Feb,1692.424
2019,Total Nacional,Beneficiarios,Ene - Mar,1663.397
2019,Total Nacional,Beneficiarios,Feb - Abr,1692.5786666666665
2019,Total Nacional,Beneficiarios,Mar - May,1703.894
2019,Total Nacional,Beneficiarios,Abr - Jun,1708.3616666666667
2019,Total Nacional,Beneficiarios,May - Jul,1707.7060000000001
2019,Total Nacional,Beneficiarios,Jun - Ago,1708.4660000000001
2019,Total Nacional,Beneficiarios,Jul - Sep,1687.3506666666665
2019,Total Nacional,Beneficiarios,Ago - Oct,1718.9463333333333
2019,Total Nacional,Beneficiarios,Sep - Nov,1724.2133333333334
2019,Total Nacional,Beneficiarios,Oct - Dic,1750.862
2019,Total Nacional,Beneficiarios,Nov - Ene,1693.6886666666667
2019,Total Nacional,Beneficiarios,Dic - Feb,1649.7659999999998
2020,Total Nacional,Beneficiarios,Ene - Mar,0.0
2020,Total Nacional,Beneficiarios,Feb - Abr,0.0
2020,Total Nacional,Beneficiarios,Mar - May,0.0
2020,Total Nacional,Beneficiarios,Abr - Jun,0.0
2020,Total Nacional,Beneficiarios,May - Jul,1090.8836666666666
2020,Total Nacional,Beneficiarios,Jun - Ago,1156.3256666666666
2020,Total Nacional,Beneficiarios,Jul - Sep,1229.2793333333334
2020,Total Nacional,Beneficiarios,Ago - Oct,1360.4893333333334
2020,Total Nacional,Beneficiarios,Sep - Nov,1396.7646666666667
2020,Total Nacional,Beneficiarios,Oct - Dic,1428.9033333333334
2020,Total Nacional,Beneficiarios,Nov - Ene,1337.8963333333334
2020,Total Nacional,Beneficiarios,Dic - Feb,1254.0333333333335
2021,Total Nacional,Beneficiarios,Ene - Mar,1136.5330000000001
2021,Total Nacional,Beneficiarios,Feb - Abr,1151.8820000000003
2021,Total Nacional,Beneficiarios,Mar - May,1148.563
2021,Total Nacional,Beneficiarios,Abr - Jun,1176.9370000000001
2021,Total Nacional,Beneficiarios,May - Jul,1255.5283333333334
2021,Total Nacional,Beneficiarios,Jun - Ago,1319.2036666666665
2021,Total Nacional,Beneficiarios,Jul - Sep,1359.5513333333333
2021,Total Nacional,Beneficiarios,Ago - Oct,1343.858
2021,Total Nacional,Beneficiarios,Sep - Nov,1356.231
2021,Total Nacional,Beneficiarios,Oct - Dic,1416.0463333333335
2021,Total Nacional,Beneficiarios,Nov - Ene,1392.1943333333336
2021,Total Nacional,Beneficiarios,Dic - Feb,1391.7486666666666
2022,Total Nacional,Beneficiarios,Ene - Mar,1366.2546666666667
2022,Total Nacional,Beneficiarios,Feb - Abr,1410.756
2022,Total Nacional,Beneficiarios,Mar - May,1457.423
2022,Total Nacional,Beneficiarios,Abr - Jun,1497.4386666666667
2022,Total Nacional,Beneficiarios,May - Jul,1522.9080000000001
2022,Total Nacional,Beneficiarios,Jun - Ago,1494.6633333333332
2022,Total Nacional,Beneficiarios,Jul - Sep,1523.6426666666666
2022,Total Nacional,Beneficiarios,Ago - Oct,1543.841666666667
2022,Total Nacional,Beneficiarios,Sep - Nov,1552.5126666666665
2022,Total Nacional,Beneficiarios,Oct - Dic,1499.0199999999998
2022,Total Nacional,Beneficiarios,Nov - Ene,1422.3766666666668
2022,Total Nacional,Beneficiarios,Dic - Feb,1392.227
2023,Total Nacional,Beneficiarios,Ene - Mar,1391.3176666666666
2023,Total Nacional,Beneficiarios,Feb - Abr,1425.7390000000003
2023,Total Nacional,Beneficiarios,Mar - May,1456.2393333333332
2023,Total Nacional,Beneficiarios,Abr - Jun,1481.1900000000003
2023,Total Nacional,Beneficiarios,May - Jul,1538.871
2023,Total Nacional,Beneficiarios,Jun - Ago,1574.546
2023,Total Nacional,Beneficiarios,Jul - Sep,1591.285
2023,Total Nacional,Beneficiarios,Ago - Oct,1552.946
2023,Total Nacional,Beneficiarios,Sep - Nov,1575.561
2023,Total Nacional,Beneficiarios,Oct - Dic,1526.524
2023,Total Nacional,Beneficiarios,Nov - Ene,1487.172
2023,Total Nacional,Beneficiarios,Dic - Feb,1414.139
2024,Total Nacional,Beneficiarios,Ene - Mar,1442.519
2024,Total Nacional,Beneficiarios,Feb - Abr,1485.391
2024,Total Nacional,Beneficiarios,Mar - May,1512.083
2024,Total Nacional,Beneficiarios,Abr - Jun,1515.206
2024,Total Nacional,Beneficiarios,May - Jul,1501.706
2024,Total Nacional,Beneficiarios,Jun - Ago,1497.299
2024,Total Nacional,Beneficiarios,Jul - Sep,1525.227
2024,Total Nacional,Beneficiarios,Ago - Oct,1557.335
2024,Total Nacional,Beneficiarios,Sep - Nov,1558.928
2024,Total Nacional,Beneficiarios,Oct - Dic,1495.101
2024,Total Nacional,Beneficiarios,Nov - Ene,1453.857
2024,Total Nacional,Beneficiarios,Dic - Feb,1440.237
2025,Total Nacional,Beneficiarios,Ene - Mar,1494.479
2025,Total Nacional,Beneficiarios,Feb - Abr,1532.476
2025,Total Nacional,Beneficiarios,Mar - May,1537.513
2025,Total Nacional,Beneficiarios,Abr - Jun,1523.84
2025,Total Nacional,Beneficiarios,May - Jul,1514.438
2025,Total Nacional,Beneficiarios,Jun - Ago,1495.984
2025,Total Nacional,Beneficiarios,Jul - Sep,1450.649
2025,Total Nacional,Beneficiarios,Ago - Oct,1442.042
2025,Total Nacional,Beneficiarios,Sep - Nov,1473.857
2025,Total Nacional,Beneficiarios,Oct - Dic,1539.587
2025,Total Nacional,Beneficiarios,Nov - Ene,1503.906
2025,Total Nacional,Beneficiarios,Dic - Feb,1507.608
2026,Total Nacional,Beneficiarios,Ene - Mar,1488.586
2026,Total Nacional,Beneficiarios,Feb - Abr,1495.54
2007,Total Nacional,Otro,Ene - Mar,6.897666666666666
2007,Total Nacional,Otro,Feb - Abr,6.5409999999999995
2007,Total Nacional,Otro,Mar - May,7.47
2007,Total Nacional,Otro,Abr - Jun,5.11
2007,Total Nacional,Otro,May - Jul,6.2043333333333335
2007,Total Nacional,Otro,Jun - Ago,5.334333333333333
2007,Total Nacional,Otro,Jul - Sep,9.706333333333333
2007,Total Nacional,Otro,Ago - Oct,6.6723333333333334
2007,Total Nacional,Otro,Sep - Nov,4.857
2007,Total Nacional,Otro,Oct - Dic,0.977
2007,Total Nacional,Otro,Nov - Ene,2.4203333333333337
2007,Total Nacional,Otro,Dic - Feb,2.441333333333333
2008,Total Nacional,Otro,Ene - Mar,3.9280000000000004
2008,Total Nacional,Otro,Feb - Abr,4.979
2008,Total Nacional,Otro,Mar - May,6.597666666666666
2008,Total Nacional,Otro,Abr - Jun,7.122
2008,Total Nacional,Otro,May - Jul,5.206333333333333
2008,Total Nacional,Otro,Jun - Ago,4.918
2008,Total Nacional,Otro,Jul - Sep,4.69
2008,Total Nacional,Otro,Ago - Oct,7.915666666666667
2008,Total Nacional,Otro,Sep - Nov,8.353333333333333
2008,Total Nacional,Otro,Oct - Dic,6.517
2008,Total Nacional,Otro,Nov - Ene,8.807
2008,Total Nacional,Otro,Dic - Feb,7.640333333333333
2009,Total Nacional,Otro,Ene - Mar,8.385
2009,Total Nacional,Otro,Feb - Abr,4.7426666666666675
2009,Total Nacional,Otro,Mar - May,6.521333333333334
2009,Total Nacional,Otro,Abr - Jun,7.460000000000001
2009,Total Nacional,Otro,May - Jul,8.727666666666666
2009,Total Nacional,Otro,Jun - Ago,8.606
2009,Total Nacional,Otro,Jul - Sep,8.809333333333333
2009,Total Nacional,Otro,Ago - Oct,7.688666666666666
2009,Total Nacional,Otro,Sep - Nov,7.207000000000001
2009,Total Nacional,Otro,Oct - Dic,7.082
2009,Total Nacional,Otro,Nov - Ene,8.761000000000001
2009,Total Nacional,Otro,Dic - Feb,7.675999999999999
2010,Total Nacional,Otro,Ene - Mar,9.028
2010,Total Nacional,Otro,Feb - Abr,6.914666666666666
2010,Total Nacional,Otro,Mar - May,8.756666666666668
2010,Total Nacional,Otro,Abr - Jun,9.754333333333333
2010,Total Nacional,Otro,May - Jul,11.512333333333336
2010,Total Nacional,Otro,Jun - Ago,9.904333333333334
2010,Total Nacional,Otro,Jul - Sep,7.675666666666667
2010,Total Nacional,Otro,Ago - Oct,7.157333333333334
2010,Total Nacional,Otro,Sep - Nov,11.883333333333335
2010,Total Nacional,Otro,Oct - Dic,14.175000000000002
2010,Total Nacional,Otro,Nov - Ene,14.018666666666666
2010,Total Nacional,Otro,Dic - Feb,15.944
2011,Total Nacional,Otro,Ene - Mar,14.277
2011,Total Nacional,Otro,Feb - Abr,20.170666666666666
2011,Total Nacional,Otro,Mar - May,21.358333333333334
2011,Total Nacional,Otro,Abr - Jun,27.636666666666667
2011,Total Nacional,Otro,May - Jul,32.94833333333333
2011,Total Nacional,Otro,Jun - Ago,31.992333333333335
2011,Total Nacional,Otro,Jul - Sep,40.20733333333334
2011,Total Nacional,Otro,Ago - Oct,39.096000000000004
2011,Total Nacional,Otro,Sep - Nov,45.21333333333333
2011,Total Nacional,Otro,Oct - Dic,41.041333333333334
2011,Total Nacional,Otro,Nov - Ene,34.029666666666664
2011,Total Nacional,Otro,Dic - Feb,33.67933333333334
2012,Total Nacional,Otro,Ene - Mar,30.303333333333338
2012,Total Nacional,Otro,Feb - Abr,32.02533333333333
2012,Total Nacional,Otro,Mar - May,28.90533333333333
2012,Total Nacional,Otro,Abr - Jun,31.039666666666665
2012,Total Nacional,Otro,May - Jul,36.94866666666667
2012,Total Nacional,Otro,Jun - Ago,32.190666666666665
2012,Total Nacional,Otro,Jul - Sep,36.535000000000004
2012,Total Nacional,Otro,Ago - Oct,34.13033333333333
2012,Total Nacional,Otro,Sep - Nov,39.42433333333333
2012,Total Nacional,Otro,Oct - Dic,31.225333333333335
2012,Total Nacional,Otro,Nov - Ene,30.201333333333334
2012,Total Nacional,Otro,Dic - Feb,25.032999999999998
2013,Total Nacional,Otro,Ene - Mar,24.70866666666667
2013,Total Nacional,Otro,Feb - Abr,19.340666666666664
2013,Total Nacional,Otro,Mar - May,20.146
2013,Total Nacional,Otro,Abr - Jun,23.244
2013,Total Nacional,Otro,May - Jul,36.23766666666666
2013,Total Nacional,Otro,Jun - Ago,50.50366666666667
2013,Total Nacional,Otro,Jul - Sep,53.978
2013,Total Nacional,Otro,Ago - Oct,58.11433333333334
2013,Total Nacional,Otro,Sep - Nov,54.115
2013,Total Nacional,Otro,Oct - Dic,55.145
2013,Total Nacional,Otro,Nov - Ene,53.59866666666667
2013,Total Nacional,Otro,Dic - Feb,57.302
2014,Total Nacional,Otro,Ene - Mar,59.586999999999996
2014,Total Nacional,Otro,Feb - Abr,60.041666666666664
2014,Total Nacional,Otro,Mar - May,59.64333333333334
2014,Total Nacional,Otro,Abr - Jun,57.776
2014,Total Nacional,Otro,May - Jul,54.007000000000005
2014,Total Nacional,Otro,Jun - Ago,57.24933333333333
2014,Total Nacional,Otro,Jul - Sep,65.087
2014,Total Nacional,Otro,Ago - Oct,73.97766666666666
2014,Total Nacional,Otro,Sep - Nov,74.79133333333333
2014,Total Nacional,Otro,Oct - Dic,80.96733333333334
2014,Total Nacional,Otro,Nov - Ene,75.163
2014,Total Nacional,Otro,Dic - Feb,81.42433333333334
2015,Total Nacional,Otro,Ene - Mar,79.442
2015,Total Nacional,Otro,Feb - Abr,81.92999999999999
2015,Total Nacional,Otro,Mar - May,78.77466666666668
2015,Total Nacional,Otro,Abr - Jun,81.91766666666666
2015,Total Nacional,Otro,May - Jul,87.32666666666667
2015,Total Nacional,Otro,Jun - Ago,80.87433333333333
2015,Total Nacional,Otro,Jul - Sep,74.88499999999999
2015,Total Nacional,Otro,Ago - Oct,71.609
2015,Total Nacional,Otro,Sep - Nov,72.79233333333333
2015,Total Nacional,Otro,Oct - Dic,63.925333333333334
2015,Total Nacional,Otro,Nov - Ene,72.86733333333332
2015,Total Nacional,Otro,Dic - Feb,75.47566666666665
2016,Total Nacional,Otro,Ene - Mar,74.11033333333332
2016,Total Nacional,Otro,Feb - Abr,64.26433333333334
2016,Total Nacional,Otro,Mar - May,70.37166666666667
2016,Total Nacional,Otro,Abr - Jun,73.46
2016,Total Nacional,Otro,May - Jul,66.71633333333334
2016,Total Nacional,Otro,Jun - Ago,57.69899999999999
2016,Total Nacional,Otro,Jul - Sep,69.372
2016,Total Nacional,Otro,Ago - Oct,67.83
2016,Total Nacional,Otro,Sep - Nov,72.83866666666667
2016,Total Nacional,Otro,Oct - Dic,57.510333333333335
2016,Total Nacional,Otro,Nov - Ene,64.62400000000001
2016,Total Nacional,Otro,Dic - Feb,54.14566666666667
2017,Total Nacional,Otro,Ene - Mar,54.407666666666664
2017,Total Nacional,Otro,Feb - Abr,52.802
2017,Total Nacional,Otro,Mar - May,51.092999999999996
2017,Total Nacional,Otro,Abr - Jun,60.24866666666667
2017,Total Nacional,Otro,May - Jul,54.788000000000004
2017,Total Nacional,Otro,Jun - Ago,58.648
2017,Total Nacional,Otro,Jul - Sep,56.274333333333324
2017,Total Nacional,Otro,Ago - Oct,55.27466666666667
2017,Total Nacional,Otro,Sep - Nov,54.276666666666664
2017,Total Nacional,Otro,Oct - Dic,50.59866666666667
2017,Total Nacional,Otro,Nov - Ene,52.85866666666667
2017,Total Nacional,Otro,Dic - Feb,55.699999999999996
2018,Total Nacional,Otro,Ene - Mar,59.11266666666666
2018,Total Nacional,Otro,Feb - Abr,66.89
2018,Total Nacional,Otro,Mar - May,65.60333333333332
2018,Total Nacional,Otro,Abr - Jun,62.613
2018,Total Nacional,Otro,May - Jul,54.63666666666666
2018,Total Nacional,Otro,Jun - Ago,48.15633333333333
2018,Total Nacional,Otro,Jul - Sep,53.42499999999999
2018,Total Nacional,Otro,Ago - Oct,55.447
2018,Total Nacional,Otro,Sep - Nov,67.28399999999999
2018,Total Nacional,Otro,Oct - Dic,66.91666666666667
2018,Total Nacional,Otro,Nov - Ene,67.192
2018,Total Nacional,Otro,Dic - Feb,62.73933333333334
2019,Total Nacional,Otro,Ene - Mar,54.330999999999996
2019,Total Nacional,Otro,Feb - Abr,54.379999999999995
2019,Total Nacional,Otro,Mar - May,50.27766666666667
2019,Total Nacional,Otro,Abr - Jun,51.464333333333336
2019,Total Nacional,Otro,May - Jul,49.13166666666667
2019,Total Nacional,Otro,Jun - Ago,45.04433333333333
2019,Total Nacional,Otro,Jul - Sep,46.697333333333326
2019,Total Nacional,Otro,Ago - Oct,47.854000000000006
2019,Total Nacional,Otro,Sep - Nov,51.05066666666667
2019,Total Nacional,Otro,Oct - Dic,49.084333333333326
2019,Total Nacional,Otro,Nov - Ene,50.107000000000006
2019,Total Nacional,Otro,Dic - Feb,46.443000000000005
2020,Total Nacional,Otro,Ene - Mar,0.0
2020,Total Nacional,Otro,Feb - Abr,0.0
2020,Total Nacional,Otro,Mar - May,0.0
2020,Total Nacional,Otro,Abr - Jun,0.0
2020,Total Nacional,Otro,May - Jul,20.888333333333332
2020,Total Nacional,Otro,Jun - Ago,33.99
2020,Total Nacional,Otro,Jul - Sep,49.36066666666667
2020,Total Nacional,Otro,Ago - Oct,60.273666666666664
2020,Total Nacional,Otro,Sep - Nov,58.815666666666665
2020,Total Nacional,Otro,Oct - Dic,59.506
2020,Total Nacional,Otro,Nov - Ene,50.165666666666674
2020,Total Nacional,Otro,Dic - Feb,43.339666666666666
2021,Total Nacional,Otro,Ene - Mar,27.965000000000003
2021,Total Nacional,Otro,Feb - Abr,19.795666666666666
2021,Total Nacional,Otro,Mar - May,12.508333333333333
2021,Total Nacional,Otro,Abr - Jun,10.747333333333332
2021,Total Nacional,Otro,May - Jul,11.284333333333334
2021,Total Nacional,Otro,Jun - Ago,11.424
2021,Total Nacional,Otro,Jul - Sep,10.202
2021,Total Nacional,Otro,Ago - Oct,10.815999999999997
2021,Total Nacional,Otro,Sep - Nov,10.795333333333332
2021,Total Nacional,Otro,Oct - Dic,11.012333333333332
2021,Total Nacional,Otro,Nov - Ene,16.680666666666667
2021,Total Nacional,Otro,Dic - Feb,19.939333333333334
2022,Total Nacional,Otro,Ene - Mar,19.737666666666666
2022,Total Nacional,Otro,Feb - Abr,13.522
2022,Total Nacional,Otro,Mar - May,12.132333333333335
2022,Total Nacional,Otro,Abr - Jun,16.23
2022,Total Nacional,Otro,May - Jul,25.557666666666666
2022,Total Nacional,Otro,Jun - Ago,28.063333333333333
2022,Total Nacional,Otro,Jul - Sep,32.42633333333333
2022,Total Nacional,Otro,Ago - Oct,25.095
2022,Total Nacional,Otro,Sep - Nov,24.24933333333333
2022,Total Nacional,Otro,Oct - Dic,20.623
2022,Total Nacional,Otro,Nov - Ene,19.454
2022,Total Nacional,Otro,Dic - Feb,18.099333333333334
2023,Total Nacional,Otro,Ene - Mar,14.301333333333334
2023,Total Nacional,Otro,Feb - Abr,17.790333333333333
2023,Total Nacional,Otro,Mar - May,20.139333333333333
2023,Total Nacional,Otro,Abr - Jun,25.526999999999997
2023,Total Nacional,Otro,May - Jul,29.842
2023,Total Nacional,Otro,Jun - Ago,25.829
2023,Total Nacional,Otro,Jul - Sep,27.65
2023,Total Nacional,Otro,Ago - Oct,24.325
2023,Total Nacional,Otro,Sep - Nov,30.906
2023,Total Nacional,Otro,Oct - Dic,31.956
2023,Total Nacional,Otro,Nov - Ene,31.011
2023,Total Nacional,Otro,Dic - Feb,32.082
2024,Total Nacional,Otro,Ene - Mar,30.35
2024,Total Nacional,Otro,Feb - Abr,31.302
2024,Total Nacional,Otro,Mar - May,29.407
2024,Total Nacional,Otro,Abr - Jun,28.886
2024,Total Nacional,Otro,May - Jul,27.998
2024,Total Nacional,Otro,Jun - Ago,26.319
2024,Total Nacional,Otro,Jul - Sep,31.303
2024,Total Nacional,Otro,Ago - Oct,33.208
2024,Total Nacional,Otro,Sep - Nov,39.415
2024,Total Nacional,Otro,Oct - Dic,31.23
2024,Total Nacional,Otro,Nov - Ene,46.63
2024,Total Nacional,Otro,Dic - Feb,42.602
2025,Total Nacional,Otro,Ene - Mar,48.784
2025,Total Nacional,Otro,Feb - Abr,37.665
2025,Total Nacional,Otro,Mar - May,41.011
2025,Total Nacional,Otro,Abr - Jun,41.536
2025,Total Nacional,Otro,May - Jul,44.96
2025,Total Nacional,Otro,Jun - Ago,49.058
2025,Total Nacional,Otro,Jul - Sep,54.66
2025,Total Nacional,Otro,Ago - Oct,51.433
2025,Total Nacional,Otro,Sep - Nov,46.695
2025,Total Nacional,Otro,Oct - Dic,37.4
2025,Total Nacional,Otro,Nov - Ene,34.034
2025,Total Nacional,Otro,Dic - Feb,36.211
2026,Total Nacional,Otro,Ene - Mar,37.359
2026,Total Nacional,Otro,Feb - Abr,43.601
2007,Total Nacional,Régimen subsidiado,Ene - Mar,5894.918333333334
2007,Total Nacional,Régimen subsidiado,Feb - Abr,5907.201
2007,Total Nacional,Régimen subsidiado,Mar - May,5818.544333333334
2007,Total Nacional,Régimen subsidiado,Abr - Jun,5914.060333333332
2007,Total Nacional,Régimen subsidiado,May - Jul,5886.609333333334
2007,Total Nacional,Régimen subsidiado,Jun - Ago,5887.795666666666
2007,Total Nacional,Régimen subsidiado,Jul - Sep,5856.9783333333335
2007,Total Nacional,Régimen subsidiado,Ago - Oct,6125.329666666667
2007,Total Nacional,Régimen subsidiado,Sep - Nov,6098.038333333334
2007,Total Nacional,Régimen subsidiado,Oct - Dic,6262.513
2007,Total Nacional,Régimen subsidiado,Nov - Ene,6083.690666666666
2007,Total Nacional,Régimen subsidiado,Dic - Feb,6330.667666666665
2008,Total Nacional,Régimen subsidiado,Ene - Mar,6461.218
2008,Total Nacional,Régimen subsidiado,Feb - Abr,6564.005
2008,Total Nacional,Régimen subsidiado,Mar - May,6522.8173333333325
2008,Total Nacional,Régimen subsidiado,Abr - Jun,6348.827333333334
2008,Total Nacional,Régimen subsidiado,May - Jul,6222.204000000001
2008,Total Nacional,Régimen subsidiado,Jun - Ago,6148.325
2008,Total Nacional,Régimen subsidiado,Jul - Sep,6284.355
2008,Total Nacional,Régimen subsidiado,Ago - Oct,6664.395333333334
2008,Total Nacional,Régimen subsidiado,Sep - Nov,6615.193666666667
2008,Total Nacional,Régimen subsidiado,Oct - Dic,6694.872
2008,Total Nacional,Régimen subsidiado,Nov - Ene,6610.358666666667
2008,Total Nacional,Régimen subsidiado,Dic - Feb,6873.465333333334
2009,Total Nacional,Régimen subsidiado,Ene - Mar,6907.425
2009,Total Nacional,Régimen subsidiado,Feb - Abr,6965.507999999999
2009,Total Nacional,Régimen subsidiado,Mar - May,7014.405666666667
2009,Total Nacional,Régimen subsidiado,Abr - Jun,7150.269333333334
2009,Total Nacional,Régimen subsidiado,May - Jul,7181.383333333334
2009,Total Nacional,Régimen subsidiado,Jun - Ago,7241.370666666667
2009,Total Nacional,Régimen subsidiado,Jul - Sep,7198.190333333333
2009,Total Nacional,Régimen subsidiado,Ago - Oct,7395.331333333333
2009,Total Nacional,Régimen subsidiado,Sep - Nov,7604.7733333333335
2009,Total Nacional,Régimen subsidiado,Oct - Dic,7825.841666666667
2009,Total Nacional,Régimen subsidiado,Nov - Ene,7746.705333333332
2009,Total Nacional,Régimen subsidiado,Dic - Feb,7667.004333333333
2010,Total Nacional,Régimen subsidiado,Ene - Mar,7528.783333333334
2010,Total Nacional,Régimen subsidiado,Feb - Abr,7593.651999999999
2010,Total Nacional,Régimen subsidiado,Mar - May,7421.913666666667
2010,Total Nacional,Régimen subsidiado,Abr - Jun,7501.418666666667
2010,Total Nacional,Régimen subsidiado,May - Jul,7454.409666666666
2010,Total Nacional,Régimen subsidiado,Jun - Ago,7651.093666666667
2010,Total Nacional,Régimen subsidiado,Jul - Sep,7704.073
2010,Total Nacional,Régimen subsidiado,Ago - Oct,7834.312666666668
2010,Total Nacional,Régimen subsidiado,Sep - Nov,7991.360666666667
2010,Total Nacional,Régimen subsidiado,Oct - Dic,8021.298666666667
2010,Total Nacional,Régimen subsidiado,Nov - Ene,7955.681666666666
2010,Total Nacional,Régimen subsidiado,Dic - Feb,7659.094333333333
2011,Total Nacional,Régimen subsidiado,Ene - Mar,7510.281666666667
2011,Total Nacional,Régimen subsidiado,Feb - Abr,7479.607666666667
2011,Total Nacional,Régimen subsidiado,Mar - May,7578.122666666667
2011,Total Nacional,Régimen subsidiado,Abr - Jun,7615.314666666666
2011,Total Nacional,Régimen subsidiado,May - Jul,7627.507333333334
2011,Total Nacional,Régimen subsidiado,Jun - Ago,7621.814333333333
2011,Total Nacional,Régimen subsidiado,Jul - Sep,7650.892
2011,Total Nacional,Régimen subsidiado,Ago - Oct,7931.024333333334
2011,Total Nacional,Régimen subsidiado,Sep - Nov,8272.622000000001
2011,Total Nacional,Régimen subsidiado,Oct - Dic,8361.890000000001
2011,Total Nacional,Régimen subsidiado,Nov - Ene,8183.643333333333
2011,Total Nacional,Régimen subsidiado,Dic - Feb,7931.481333333333
2012,Total Nacional,Régimen subsidiado,Ene - Mar,7864.036999999999
2012,Total Nacional,Régimen subsidiado,Feb - Abr,7773.338
2012,Total Nacional,Régimen subsidiado,Mar - May,7720.511666666666
2012,Total Nacional,Régimen subsidiado,Abr - Jun,7869.998
2012,Total Nacional,Régimen subsidiado,May - Jul,7899.421333333335
2012,Total Nacional,Régimen subsidiado,Jun - Ago,7934.939666666666
2012,Total Nacional,Régimen subsidiado,Jul - Sep,7850.571666666667
2012,Total Nacional,Régimen subsidiado,Ago - Oct,7996.663666666667
2012,Total Nacional,Régimen subsidiado,Sep - Nov,8249.973666666667
2012,Total Nacional,Régimen subsidiado,Oct - Dic,8406.764333333334
2012,Total Nacional,Régimen subsidiado,Nov - Ene,8359.237333333333
2012,Total Nacional,Régimen subsidiado,Dic - Feb,8075.354
2013,Total Nacional,Régimen subsidiado,Ene - Mar,7853.151333333332
2013,Total Nacional,Régimen subsidiado,Feb - Abr,7700.444
2013,Total Nacional,Régimen subsidiado,Mar - May,7737.994
2013,Total Nacional,Régimen subsidiado,Abr - Jun,7765.281333333332
2013,Total Nacional,Régimen subsidiado,May - Jul,7781.464
2013,Total Nacional,Régimen subsidiado,Jun - Ago,7862.697
2013,Total Nacional,Régimen subsidiado,Jul - Sep,7943.496666666666
2013,Total Nacional,Régimen subsidiado,Ago - Oct,8217.875333333333
2013,Total Nacional,Régimen subsidiado,Sep - Nov,8414.453666666666
2013,Total Nacional,Régimen subsidiado,Oct - Dic,8556.968333333334
2013,Total Nacional,Régimen subsidiado,Nov - Ene,8445.526666666667
2013,Total Nacional,Régimen subsidiado,Dic - Feb,8166.516666666666
2014,Total Nacional,Régimen subsidiado,Ene - Mar,8052.663
2014,Total Nacional,Régimen subsidiado,Feb - Abr,7992.794666666666
2014,Total Nacional,Régimen subsidiado,Mar - May,8049.474666666666
2014,Total Nacional,Régimen subsidiado,Abr - Jun,8137.271666666667
2014,Total Nacional,Régimen subsidiado,May - Jul,8097.412666666666
2014,Total Nacional,Régimen subsidiado,Jun - Ago,8242.722
2014,Total Nacional,Régimen subsidiado,Jul - Sep,8215.399
2014,Total Nacional,Régimen subsidiado,Ago - Oct,8509.368333333334
2014,Total Nacional,Régimen subsidiado,Sep - Nov,8639.928666666667
2014,Total Nacional,Régimen subsidiado,Oct - Dic,8646.124666666665
2014,Total Nacional,Régimen subsidiado,Nov - Ene,8515.637666666667
2014,Total Nacional,Régimen subsidiado,Dic - Feb,8325.548333333332
2015,Total Nacional,Régimen subsidiado,Ene - Mar,8400.060333333333
2015,Total Nacional,Régimen subsidiado,Feb - Abr,8535.564666666667
2015,Total Nacional,Régimen subsidiado,Mar - May,8649.562666666667
2015,Total Nacional,Régimen subsidiado,Abr - Jun,8654.954666666667
2015,Total Nacional,Régimen subsidiado,May - Jul,8543.407666666666
2015,Total Nacional,Régimen subsidiado,Jun - Ago,8537.663333333332
2015,Total Nacional,Régimen subsidiado,Jul - Sep,8523.865333333333
2015,Total Nacional,Régimen subsidiado,Ago - Oct,8643.197
2015,Total Nacional,Régimen subsidiado,Sep - Nov,8953.209
2015,Total Nacional,Régimen subsidiado,Oct - Dic,9057.689333333334
2015,Total Nacional,Régimen subsidiado,Nov - Ene,9002.459666666668
2015,Total Nacional,Régimen subsidiado,Dic - Feb,8647.362333333333
2016,Total Nacional,Régimen subsidiado,Ene - Mar,8436.822
2016,Total Nacional,Régimen subsidiado,Feb - Abr,8401.695333333335
2016,Total Nacional,Régimen subsidiado,Mar - May,8389.791666666666
2016,Total Nacional,Régimen subsidiado,Abr - Jun,8529.036
2016,Total Nacional,Régimen subsidiado,May - Jul,8503.269999999999
2016,Total Nacional,Régimen subsidiado,Jun - Ago,8587.784333333335
2016,Total Nacional,Régimen subsidiado,Jul - Sep,8493.292
2016,Total Nacional,Régimen subsidiado,Ago - Oct,8651.665333333332
2016,Total Nacional,Régimen subsidiado,Sep - Nov,8805.031666666668
2016,Total Nacional,Régimen subsidiado,Oct - Dic,8935.187333333335
2016,Total Nacional,Régimen subsidiado,Nov - Ene,8853.221333333333
2016,Total Nacional,Régimen subsidiado,Dic - Feb,8596.215000000002
2017,Total Nacional,Régimen subsidiado,Ene - Mar,8476.613
2017,Total Nacional,Régimen subsidiado,Feb - Abr,8485.966999999999
2017,Total Nacional,Régimen subsidiado,Mar - May,8616.579
2017,Total Nacional,Régimen subsidiado,Abr - Jun,8817.225666666667
2017,Total Nacional,Régimen subsidiado,May - Jul,8828.459333333332
2017,Total Nacional,Régimen subsidiado,Jun - Ago,8798.118999999999
2017,Total Nacional,Régimen subsidiado,Jul - Sep,8714.920333333333
2017,Total Nacional,Régimen subsidiado,Ago - Oct,8851.053
2017,Total Nacional,Régimen subsidiado,Sep - Nov,9050.700333333334
2017,Total Nacional,Régimen subsidiado,Oct - Dic,9241.288333333332
2017,Total Nacional,Régimen subsidiado,Nov - Ene,9219.985999999999
2017,Total Nacional,Régimen subsidiado,Dic - Feb,8906.743999999999
2018,Total Nacional,Régimen subsidiado,Ene - Mar,8677.483
2018,Total Nacional,Régimen subsidiado,Feb - Abr,8557.688666666667
2018,Total Nacional,Régimen subsidiado,Mar - May,8698.163
2018,Total Nacional,Régimen subsidiado,Abr - Jun,8743.210666666666
2018,Total Nacional,Régimen subsidiado,May - Jul,8669.888666666666
2018,Total Nacional,Régimen subsidiado,Jun - Ago,8705.067333333334
2018,Total Nacional,Régimen subsidiado,Jul - Sep,8757.159
2018,Total Nacional,Régimen subsidiado,Ago - Oct,8956.275
2018,Total Nacional,Régimen subsidiado,Sep - Nov,9029.255333333333
2018,Total Nacional,Régimen subsidiado,Oct - Dic,9101.575333333332
2018,Total Nacional,Régimen subsidiado,Nov - Ene,9064.638333333334
2018,Total Nacional,Régimen subsidiado,Dic - Feb,8903.921666666667
2019,Total Nacional,Régimen subsidiado,Ene - Mar,8642.084333333334
2019,Total Nacional,Régimen subsidiado,Feb - Abr,8464.464
2019,Total Nacional,Régimen subsidiado,Mar - May,8464.333
2019,Total Nacional,Régimen subsidiado,Abr - Jun,8504.327666666666
2019,Total Nacional,Régimen subsidiado,May - Jul,8437.969333333334
2019,Total Nacional,Régimen subsidiado,Jun - Ago,8412.715333333334
2019,Total Nacional,Régimen subsidiado,Jul - Sep,8335.412333333334
2019,Total Nacional,Régimen subsidiado,Ago - Oct,8494.619333333334
2019,Total Nacional,Régimen subsidiado,Sep - Nov,8670.157000000001
2019,Total Nacional,Régimen subsidiado,Oct - Dic,9001.957
2019,Total Nacional,Régimen subsidiado,Nov - Ene,8952.798333333332
2019,Total Nacional,Régimen subsidiado,Dic - Feb,8729.749333333333
2020,Total Nacional,Régimen subsidiado,Ene - Mar,0.0
2020,Total Nacional,Régimen subsidiado,Feb - Abr,0.0
2020,Total Nacional,Régimen subsidiado,Mar - May,0.0
2020,Total Nacional,Régimen subsidiado,Abr - Jun,0.0
2020,Total Nacional,Régimen subsidiado,May - Jul,7016.691666666667
2020,Total Nacional,Régimen subsidiado,Jun - Ago,7243.855333333333
2020,Total Nacional,Régimen subsidiado,Jul - Sep,7419.705333333334
2020,Total Nacional,Régimen subsidiado,Ago - Oct,7816.292
2020,Total Nacional,Régimen subsidiado,Sep - Nov,8202.505333333333
2020,Total Nacional,Régimen subsidiado,Oct - Dic,8518.338333333333
2020,Total Nacional,Régimen subsidiado,Nov - Ene,8285.008333333333
2020,Total Nacional,Régimen subsidiado,Dic - Feb,8291.964333333333
2021,Total Nacional,Régimen subsidiado,Ene - Mar,8162.677000000001
2021,Total Nacional,Régimen subsidiado,Feb - Abr,8313.494333333334
2021,Total Nacional,Régimen subsidiado,Mar - May,8185.2553333333335
2021,Total Nacional,Régimen subsidiado,Abr - Jun,8146.549666666667
2021,Total Nacional,Régimen subsidiado,May - Jul,8252.719666666666
2021,Total Nacional,Régimen subsidiado,Jun - Ago,8454.909666666666
2021,Total Nacional,Régimen subsidiado,Jul - Sep,8459.445999999998
2021,Total Nacional,Régimen subsidiado,Ago - Oct,8488.507
2021,Total Nacional,Régimen subsidiado,Sep - Nov,8532.14
2021,Total Nacional,Régimen subsidiado,Oct - Dic,8648.528333333334
2021,Total Nacional,Régimen subsidiado,Nov - Ene,8559.566666666666
2021,Total Nacional,Régimen subsidiado,Dic - Feb,8647.505666666666
2022,Total Nacional,Régimen subsidiado,Ene - Mar,8742.414333333334
2022,Total Nacional,Régimen subsidiado,Feb - Abr,8990.519
2022,Total Nacional,Régimen subsidiado,Mar - May,8922.468
2022,Total Nacional,Régimen subsidiado,Abr - Jun,8892.794333333333
2022,Total Nacional,Régimen subsidiado,May - Jul,8945.574666666666
2022,Total Nacional,Régimen subsidiado,Jun - Ago,9078.853000000001
2022,Total Nacional,Régimen subsidiado,Jul - Sep,9173.845000000001
2022,Total Nacional,Régimen subsidiado,Ago - Oct,9242.999
2022,Total Nacional,Régimen subsidiado,Sep - Nov,9300.208
2022,Total Nacional,Régimen subsidiado,Oct - Dic,9351.730000000001
2022,Total Nacional,Régimen subsidiado,Nov - Ene,9297.134666666667
2022,Total Nacional,Régimen subsidiado,Dic - Feb,9387.635
2023,Total Nacional,Régimen subsidiado,Ene - Mar,9584.872
2023,Total Nacional,Régimen subsidiado,Feb - Abr,9710.159666666666
2023,Total Nacional,Régimen subsidiado,Mar - May,9572.758333333333
2023,Total Nacional,Régimen subsidiado,Abr - Jun,9363.886666666665
2023,Total Nacional,Régimen subsidiado,May - Jul,9342.121
2023,Total Nacional,Régimen subsidiado,Jun - Ago,9454.148
2023,Total Nacional,Régimen subsidiado,Jul - Sep,9464.99
2023,Total Nacional,Régimen subsidiado,Ago - Oct,9409.749
2023,Total Nacional,Régimen subsidiado,Sep - Nov,9339.332
2023,Total Nacional,Régimen subsidiado,Oct - Dic,9391.891
2023,Total Nacional,Régimen subsidiado,Nov - Ene,9333.583
2023,Total Nacional,Régimen subsidiado,Dic - Feb,9385.124
2024,Total Nacional,Régimen subsidiado,Ene - Mar,9388.057
2024,Total Nacional,Régimen subsidiado,Feb - Abr,9556.883
2024,Total Nacional,Régimen subsidiado,Mar - May,9492.054
2024,Total Nacional,Régimen subsidiado,Abr - Jun,9443.974
2024,Total Nacional,Régimen subsidiado,May - Jul,9444.507
2024,Total Nacional,Régimen subsidiado,Jun - Ago,9589.73
2024,Total Nacional,Régimen subsidiado,Jul - Sep,9623.661
2024,Total Nacional,Régimen subsidiado,Ago - Oct,9624.83
2024,Total Nacional,Régimen subsidiado,Sep - Nov,9667.045
2024,Total Nacional,Régimen subsidiado,Oct - Dic,9937.614
2024,Total Nacional,Régimen subsidiado,Nov - Ene,9924.288
2024,Total Nacional,Régimen subsidiado,Dic - Feb,10104.403
2025,Total Nacional,Régimen subsidiado,Ene - Mar,10124.221
2025,Total Nacional,Régimen subsidiado,Feb - Abr,10194.636
2025,Total Nacional,Régimen subsidiado,Mar - May,10041.328
2025,Total Nacional,Régimen subsidiado,Abr - Jun,9895.906
2025,Total Nacional,Régimen subsidiado,May - Jul,9933.237
2025,Total Nacional,Régimen subsidiado,Jun - Ago,9968.348
2025,Total Nacional,Régimen subsidiado,Jul - Sep,10051.71
2025,Total Nacional,Régimen subsidiado,Ago - Oct,10138.96
2025,Total Nacional,Régimen subsidiado,Sep - Nov,10314.352
2025,Total Nacional,Régimen subsidiado,Oct - Dic,10345.067
2025,Total Nacional,Régimen subsidiado,Nov - Ene,10178.085
2025,Total Nacional,Régimen subsidiado,Dic - Feb,10027.211
2026,Total Nacional,Régimen subsidiado,Ene - Mar,10045.431
2026,Total Nacional,Régimen subsidiado,Feb - Abr,10164.49
2007,Total Nacional,No sabe,Ene - Mar,7.381
2007,Total Nacional,No sabe,Feb - Abr,5.352666666666667
2007,Total Nacional,No sabe,Mar - May,8.885
2007,Total Nacional,No sabe,Abr - Jun,9.976333333333333
2007,Total Nacional,No sabe,May - Jul,11.183
2007,Total Nacional,No sabe,Jun - Ago,6.702333333333333
2007,Total Nacional,No sabe,Jul - Sep,3.927
2007,Total Nacional,No sabe,Ago - Oct,2.2703333333333333
2007,Total Nacional,No sabe,Sep - Nov,5.3053333333333335
2007,Total Nacional,No sabe,Oct - Dic,6.546333333333333
2007,Total Nacional,No sabe,Nov - Ene,7.551666666666667
2007,Total Nacional,No sabe,Dic - Feb,3.318333333333333
2008,Total Nacional,No sabe,Ene - Mar,2.4146666666666663
2008,Total Nacional,No sabe,Feb - Abr,1.6803333333333335
2008,Total Nacional,No sabe,Mar - May,1.354
2008,Total Nacional,No sabe,Abr - Jun,2.611666666666667
2008,Total Nacional,No sabe,May - Jul,3.56
2008,Total Nacional,No sabe,Jun - Ago,3.422333333333333
2008,Total Nacional,No sabe,Jul - Sep,2.298
2008,Total Nacional,No sabe,Ago - Oct,1.6776666666666664
2008,Total Nacional,No sabe,Sep - Nov,1.5716666666666665
2008,Total Nacional,No sabe,Oct - Dic,1.8656666666666666
2008,Total Nacional,No sabe,Nov - Ene,2.1976666666666667
2008,Total Nacional,No sabe,Dic - Feb,2.2213333333333334
2009,Total Nacional,No sabe,Ene - Mar,1.457
2009,Total Nacional,No sabe,Feb - Abr,1.436
2009,Total Nacional,No sabe,Mar - May,1.6646666666666665
2009,Total Nacional,No sabe,Abr - Jun,2.6863333333333337
2009,Total Nacional,No sabe,May - Jul,2.329
2009,Total Nacional,No sabe,Jun - Ago,2.5716666666666668
2009,Total Nacional,No sabe,Jul - Sep,1.6556666666666666
2009,Total Nacional,No sabe,Ago - Oct,0.8220000000000001
2009,Total Nacional,No sabe,Sep - Nov,0.4493333333333333
2009,Total Nacional,No sabe,Oct - Dic,2.333
2009,Total Nacional,No sabe,Nov - Ene,3.0876666666666672
2009,Total Nacional,No sabe,Dic - Feb,3.4226666666666667
2010,Total Nacional,No sabe,Ene - Mar,1.7063333333333333
2010,Total Nacional,No sabe,Feb - Abr,1.2276666666666667
2010,Total Nacional,No sabe,Mar - May,0.9723333333333333
2010,Total Nacional,No sabe,Abr - Jun,1.9003333333333334
2010,Total Nacional,No sabe,May - Jul,1.6520000000000001
2010,Total Nacional,No sabe,Jun - Ago,1.7206666666666666
2010,Total Nacional,No sabe,Jul - Sep,0.8146666666666667
2010,Total Nacional,No sabe,Ago - Oct,2.1
2010,Total Nacional,No sabe,Sep - Nov,3.3386666666666667
2010,Total Nacional,No sabe,Oct - Dic,3.3629999999999995
2010,Total Nacional,No sabe,Nov - Ene,3.175333333333333
2010,Total Nacional,No sabe,Dic - Feb,1.9319999999999997
2011,Total Nacional,No sabe,Ene - Mar,5.019666666666667
2011,Total Nacional,No sabe,Feb - Abr,5.096333333333333
2011,Total Nacional,No sabe,Mar - May,6.497333333333333
2011,Total Nacional,No sabe,Abr - Jun,4.104
2011,Total Nacional,No sabe,May - Jul,5.695666666666667
2011,Total Nacional,No sabe,Jun - Ago,6.102333333333333
2011,Total Nacional,No sabe,Jul - Sep,6.8373333333333335
2011,Total Nacional,No sabe,Ago - Oct,5.38
2011,Total Nacional,No sabe,Sep - Nov,5.107333333333333
2011,Total Nacional,No sabe,Oct - Dic,6.734333333333333
2011,Total Nacional,No sabe,Nov - Ene,6.741
2011,Total Nacional,No sabe,Dic - Feb,5.919
2012,Total Nacional,No sabe,Ene - Mar,5.440666666666666
2012,Total Nacional,No sabe,Feb - Abr,7.131666666666667
2012,Total Nacional,No sabe,Mar - May,7.232333333333333
2012,Total Nacional,No sabe,Abr - Jun,6.099
2012,Total Nacional,No sabe,May - Jul,4.011333333333334
2012,Total Nacional,No sabe,Jun - Ago,5.653
2012,Total Nacional,No sabe,Jul - Sep,6.293
2012,Total Nacional,No sabe,Ago - Oct,6.536333333333334
2012,Total Nacional,No sabe,Sep - Nov,4.325333333333333
2012,Total Nacional,No sabe,Oct - Dic,5.573
2012,Total Nacional,No sabe,Nov - Ene,8.595333333333334
2012,Total Nacional,No sabe,Dic - Feb,8.999333333333334
2013,Total Nacional,No sabe,Ene - Mar,6.628
2013,Total Nacional,No sabe,Feb - Abr,5.889
2013,Total Nacional,No sabe,Mar - May,8.389000000000001
2013,Total Nacional,No sabe,Abr - Jun,10.738
2013,Total Nacional,No sabe,May - Jul,10.632
2013,Total Nacional,No sabe,Jun - Ago,10.778333333333334
2013,Total Nacional,No sabe,Jul - Sep,9.529666666666667
2013,Total Nacional,No sabe,Ago - Oct,9.672333333333334
2013,Total Nacional,No sabe,Sep - Nov,9.705666666666666
2013,Total Nacional,No sabe,Oct - Dic,12.071666666666667
2013,Total Nacional,No sabe,Nov - Ene,12.120666666666667
2013,Total Nacional,No sabe,Dic - Feb,12.056333333333333
2014,Total Nacional,No sabe,Ene - Mar,12.120666666666667
2014,Total Nacional,No sabe,Feb - Abr,12.856333333333334
2014,Total Nacional,No sabe,Mar - May,11.904666666666666
2014,Total Nacional,No sabe,Abr - Jun,11.911333333333333
2014,Total Nacional,No sabe,May - Jul,10.608666666666666
2014,Total Nacional,No sabe,Jun - Ago,12.631333333333332
2014,Total Nacional,No sabe,Jul - Sep,10.851666666666667
2014,Total Nacional,No sabe,Ago - Oct,14.553333333333333
2014,Total Nacional,No sabe,Sep - Nov,17.67233333333333
2014,Total Nacional,No sabe,Oct - Dic,17.709
2014,Total Nacional,No sabe,Nov - Ene,16.736
2014,Total Nacional,No sabe,Dic - Feb,12.941333333333333
2015,Total Nacional,No sabe,Ene - Mar,12.576
2015,Total Nacional,No sabe,Feb - Abr,8.891
2015,Total Nacional,No sabe,Mar - May,9.852666666666666
2015,Total Nacional,No sabe,Abr - Jun,12.766333333333336
2015,Total Nacional,No sabe,May - Jul,18.448333333333334
2015,Total Nacional,No sabe,Jun - Ago,19.134333333333334
2015,Total Nacional,No sabe,Jul - Sep,21.828999999999997
2015,Total Nacional,No sabe,Ago - Oct,17.264
2015,Total Nacional,No sabe,Sep - Nov,15.901333333333334
2015,Total Nacional,No sabe,Oct - Dic,10.528333333333334
2015,Total Nacional,No sabe,Nov - Ene,12.244333333333332
2015,Total Nacional,No sabe,Dic - Feb,11.208999999999998
2016,Total Nacional,No sabe,Ene - Mar,11.613999999999999
2016,Total Nacional,No sabe,Feb - Abr,9.203666666666667
2016,Total Nacional,No sabe,Mar - May,12.855333333333334
2016,Total Nacional,No sabe,Abr - Jun,12.479999999999999
2016,Total Nacional,No sabe,May - Jul,14.051666666666668
2016,Total Nacional,No sabe,Jun - Ago,9.833666666666666
2016,Total Nacional,No sabe,Jul - Sep,7.752666666666666
2016,Total Nacional,No sabe,Ago - Oct,5.191
2016,Total Nacional,No sabe,Sep - Nov,10.665333333333333
2016,Total Nacional,No sabe,Oct - Dic,11.389999999999999
2016,Total Nacional,No sabe,Nov - Ene,11.283000000000001
2016,Total Nacional,No sabe,Dic - Feb,7.433333333333334
2017,Total Nacional,No sabe,Ene - Mar,8.93
2017,Total Nacional,No sabe,Feb - Abr,11.023333333333333
2017,Total Nacional,No sabe,Mar - May,8.285666666666666
2017,Total Nacional,No sabe,Abr - Jun,7.435
2017,Total Nacional,No sabe,May - Jul,5.219
2017,Total Nacional,No sabe,Jun - Ago,9.023666666666667
2017,Total Nacional,No sabe,Jul - Sep,10.171666666666667
2017,Total Nacional,No sabe,Ago - Oct,11.765666666666666
2017,Total Nacional,No sabe,Sep - Nov,9.980666666666666
2017,Total Nacional,No sabe,Oct - Dic,8.415999999999999
2017,Total Nacional,No sabe,Nov - Ene,8.979
2017,Total Nacional,No sabe,Dic - Feb,8.507333333333333
2018,Total Nacional,No sabe,Ene - Mar,7.722
2018,Total Nacional,No sabe,Feb - Abr,7.788666666666667
2018,Total Nacional,No sabe,Mar - May,6.414666666666666
2018,Total Nacional,No sabe,Abr - Jun,9.687333333333333
2018,Total Nacional,No sabe,May - Jul,8.487333333333334
2018,Total Nacional,No sabe,Jun - Ago,13.598333333333334
2018,Total Nacional,No sabe,Jul - Sep,12.798
2018,Total Nacional,No sabe,Ago - Oct,16.272000000000002
2018,Total Nacional,No sabe,Sep - Nov,9.935333333333332
2018,Total Nacional,No sabe,Oct - Dic,6.645
2018,Total Nacional,No sabe,Nov - Ene,2.5616666666666665
2018,Total Nacional,No sabe,Dic - Feb,5.210999999999999
2019,Total Nacional,No sabe,Ene - Mar,8.890666666666666
2019,Total Nacional,No sabe,Feb - Abr,12.227333333333334
2019,Total Nacional,No sabe,Mar - May,16.101333333333333
2019,Total Nacional,No sabe,Abr - Jun,15.497666666666666
2019,Total Nacional,No sabe,May - Jul,13.758333333333333
2019,Total Nacional,No sabe,Jun - Ago,10.22
2019,Total Nacional,No sabe,Jul - Sep,11.262666666666666
2019,Total Nacional,No sabe,Ago - Oct,12.538333333333332
2019,Total Nacional,No sabe,Sep - Nov,19.601333333333333
2019,Total Nacional,No sabe,Oct - Dic,21.62966666666667
2019,Total Nacional,No sabe,Nov - Ene,21.67866666666667
2019,Total Nacional,No sabe,Dic - Feb,15.976666666666667
2020,Total Nacional,No sabe,Ene - Mar,0.0
2020,Total Nacional,No sabe,Feb - Abr,0.0
2020,Total Nacional,No sabe,Mar - May,0.0
2020,Total Nacional,No sabe,Abr - Jun,0.0
2020,Total Nacional,No sabe,May - Jul,10.087
2020,Total Nacional,No sabe,Jun - Ago,14.880333333333333
2020,Total Nacional,No sabe,Jul - Sep,16.941
2020,Total Nacional,No sabe,Ago - Oct,14.257
2020,Total Nacional,No sabe,Sep - Nov,12.917
2020,Total Nacional,No sabe,Oct - Dic,14.376666666666665
2020,Total Nacional,No sabe,Nov - Ene,24.97266666666667
2020,Total Nacional,No sabe,Dic - Feb,35.13733333333334
2021,Total Nacional,No sabe,Ene - Mar,47.082
2021,Total Nacional,No sabe,Feb - Abr,46.34966666666667
2021,Total Nacional,No sabe,Mar - May,39.509
2021,Total Nacional,No sabe,Abr - Jun,30.15066666666667
2021,Total Nacional,No sabe,May - Jul,22.046333333333337
2021,Total Nacional,No sabe,Jun - Ago,24.669666666666668
2021,Total Nacional,No sabe,Jul - Sep,21.019666666666666
2021,Total Nacional,No sabe,Ago - Oct,20.442333333333334
2021,Total Nacional,No sabe,Sep - Nov,21.323999999999998
2021,Total Nacional,No sabe,Oct - Dic,28.12233333333333
2021,Total Nacional,No sabe,Nov - Ene,31.935333333333332
2021,Total Nacional,No sabe,Dic - Feb,28.407666666666668
2022,Total Nacional,No sabe,Ene - Mar,28.021333333333335
2022,Total Nacional,No sabe,Feb - Abr,23.590000000000003
2022,Total Nacional,No sabe,Mar - May,21.80933333333334
2022,Total Nacional,No sabe,Abr - Jun,22.519666666666666
2022,Total Nacional,No sabe,May - Jul,21.93466666666667
2022,Total Nacional,No sabe,Jun - Ago,20.449333333333332
2022,Total Nacional,No sabe,Jul - Sep,13.712000000000002
2022,Total Nacional,No sabe,Ago - Oct,15.891333333333334
2022,Total Nacional,No sabe,Sep - Nov,18.429333333333332
2022,Total Nacional,No sabe,Oct - Dic,20.927666666666664
2022,Total Nacional,No sabe,Nov - Ene,15.029333333333334
2022,Total Nacional,No sabe,Dic - Feb,15.164
2023,Total Nacional,No sabe,Ene - Mar,16.575
2023,Total Nacional,No sabe,Feb - Abr,18.926
2023,Total Nacional,No sabe,Mar - May,15.073
2023,Total Nacional,No sabe,Abr - Jun,9.319333333333333
2023,Total Nacional,No sabe,May - Jul,9.685
2023,Total Nacional,No sabe,Jun - Ago,9.339
2023,Total Nacional,No sabe,Jul - Sep,10.062
2023,Total Nacional,No sabe,Ago - Oct,11.537
2023,Total Nacional,No sabe,Sep - Nov,13.661
2023,Total Nacional,No sabe,Oct - Dic,13.194
2023,Total Nacional,No sabe,Nov - Ene,15.482
2023,Total Nacional,No sabe,Dic - Feb,17.892
2024,Total Nacional,No sabe,Ene - Mar,20.195
2024,Total Nacional,No sabe,Feb - Abr,15.247
2024,Total Nacional,No sabe,Mar - May,15.098
2024,Total Nacional,No sabe,Abr - Jun,14.764
2024,Total Nacional,No sabe,May - Jul,16.065
2024,Total Nacional,No sabe,Jun - Ago,20.905
2024,Total Nacional,No sabe,Jul - Sep,21.219
2024,Total Nacional,No sabe,Ago - Oct,25.904
2024,Total Nacional,No sabe,Sep - Nov,21.214
2024,Total Nacional,No sabe,Oct - Dic,20.028
2024,Total Nacional,No sabe,Nov - Ene,18.429
2024,Total Nacional,No sabe,Dic - Feb,15.908
2025,Total Nacional,No sabe,Ene - Mar,19.708
2025,Total Nacional,No sabe,Feb - Abr,14.43
2025,Total Nacional,No sabe,Mar - May,17.687
2025,Total Nacional,No sabe,Abr - Jun,12.379
2025,Total Nacional,No sabe,May - Jul,15.398
2025,Total Nacional,No sabe,Jun - Ago,10.001
2025,Total Nacional,No sabe,Jul - Sep,12.558
2025,Total Nacional,No sabe,Ago - Oct,10.77
2025,Total Nacional,No sabe,Sep - Nov,20.485
2025,Total Nacional,No sabe,Oct - Dic,25.128
2025,Total Nacional,No sabe,Nov - Ene,26.984
2025,Total Nacional,No sabe,Dic - Feb,19.234
2026,Total Nacional,No sabe,Ene - Mar,18.0
2026,Total Nacional,No sabe,Feb - Abr,19.006
2007,Total Nacional,Cotiza a pensión,Ene - Mar,4760.038333333334
2007,Total Nacional,Cotiza a pensión,Feb - Abr,4847.689666666666
2007,Total Nacional,Cotiza a pensión,Mar - May,4961.586
2007,Total Nacional,Cotiza a pensión,Abr - Jun,5013.114333333334
2007,Total Nacional,Cotiza a pensión,May - Jul,5207.193666666667
2007,Total Nacional,Cotiza a pensión,Jun - Ago,5204.649333333334
2007,Total Nacional,Cotiza a pensión,Jul - Sep,5320.260333333333
2007,Total Nacional,Cotiza a pensión,Ago - Oct,5240.756333333334
2007,Total Nacional,Cotiza a pensión,Sep - Nov,5308.3550000000005
2007,Total Nacional,Cotiza a pensión,Oct - Dic,5148.853
2007,Total Nacional,Cotiza a pensión,Nov - Ene,5086.349999999999
2007,Total Nacional,Cotiza a pensión,Dic - Feb,4912.288666666666
2008,Total Nacional,Cotiza a pensión,Ene - Mar,4913.5
2008,Total Nacional,Cotiza a pensión,Feb - Abr,4965.214666666667
2008,Total Nacional,Cotiza a pensión,Mar - May,5137.79
2008,Total Nacional,Cotiza a pensión,Abr - Jun,5272.170999999999
2008,Total Nacional,Cotiza a pensión,May - Jul,5449.28
2008,Total Nacional,Cotiza a pensión,Jun - Ago,5418.557666666667
2008,Total Nacional,Cotiza a pensión,Jul - Sep,5441.786
2008,Total Nacional,Cotiza a pensión,Ago - Oct,5249.535333333333
2008,Total Nacional,Cotiza a pensión,Sep - Nov,5272.142
2008,Total Nacional,Cotiza a pensión,Oct - Dic,5204.355333333333
2008,Total Nacional,Cotiza a pensión,Nov - Ene,5176.018333333333
2008,Total Nacional,Cotiza a pensión,Dic - Feb,5123.303333333333
2009,Total Nacional,Cotiza a pensión,Ene - Mar,5129.518666666667
2009,Total Nacional,Cotiza a pensión,Feb - Abr,5309.041
2009,Total Nacional,Cotiza a pensión,Mar - May,5404.9913333333325
2009,Total Nacional,Cotiza a pensión,Abr - Jun,5432.145333333334
2009,Total Nacional,Cotiza a pensión,May - Jul,5453.770666666666
2009,Total Nacional,Cotiza a pensión,Jun - Ago,5395.945333333333
2009,Total Nacional,Cotiza a pensión,Jul - Sep,5505.896666666667
2009,Total Nacional,Cotiza a pensión,Ago - Oct,5430.514666666667
2009,Total Nacional,Cotiza a pensión,Sep - Nov,5456.8009999999995
2009,Total Nacional,Cotiza a pensión,Oct - Dic,5359.6539999999995
2009,Total Nacional,Cotiza a pensión,Nov - Ene,5300.052333333333
2009,Total Nacional,Cotiza a pensión,Dic - Feb,5357.089
2010,Total Nacional,Cotiza a pensión,Ene - Mar,5418.704333333334
2010,Total Nacional,Cotiza a pensión,Feb - Abr,5614.7
2010,Total Nacional,Cotiza a pensión,Mar - May,5690.185666666667
2010,Total Nacional,Cotiza a pensión,Abr - Jun,5680.692666666667
2010,Total Nacional,Cotiza a pensión,May - Jul,5660.199
2010,Total Nacional,Cotiza a pensión,Jun - Ago,5582.374666666667
2010,Total Nacional,Cotiza a pensión,Jul - Sep,5612.610333333333
2010,Total Nacional,Cotiza a pensión,Ago - Oct,5598.0960000000005
2010,Total Nacional,Cotiza a pensión,Sep - Nov,5594.571333333333
2010,Total Nacional,Cotiza a pensión,Oct - Dic,5602.754666666667
2010,Total Nacional,Cotiza a pensión,Nov - Ene,5533.4456666666665
2010,Total Nacional,Cotiza a pensión,Dic - Feb,5529.695333333333
2011,Total Nacional,Cotiza a pensión,Ene - Mar,5627.047666666666
2011,Total Nacional,Cotiza a pensión,Feb - Abr,5773.018666666666
2011,Total Nacional,Cotiza a pensión,Mar - May,5849.672666666666
2011,Total Nacional,Cotiza a pensión,Abr - Jun,5874.170333333333
2011,Total Nacional,Cotiza a pensión,May - Jul,5906.050666666667
2011,Total Nacional,Cotiza a pensión,Jun - Ago,5943.146333333334
2011,Total Nacional,Cotiza a pensión,Jul - Sep,6006.44
2011,Total Nacional,Cotiza a pensión,Ago - Oct,5967.144
2011,Total Nacional,Cotiza a pensión,Sep - Nov,5911.826
2011,Total Nacional,Cotiza a pensión,Oct - Dic,5847.910000000001
2011,Total Nacional,Cotiza a pensión,Nov - Ene,5851.492666666668
2011,Total Nacional,Cotiza a pensión,Dic - Feb,5947.956999999999
2012,Total Nacional,Cotiza a pensión,Ene - Mar,6048.872666666667
2012,Total Nacional,Cotiza a pensión,Feb - Abr,6208.608666666667
2012,Total Nacional,Cotiza a pensión,Mar - May,6306.0070000000005
2012,Total Nacional,Cotiza a pensión,Abr - Jun,6272.263666666666
2012,Total Nacional,Cotiza a pensión,May - Jul,6202.486333333334
2012,Total Nacional,Cotiza a pensión,Jun - Ago,6258.439333333333
2012,Total Nacional,Cotiza a pensión,Jul - Sep,6237.9923333333345
2012,Total Nacional,Cotiza a pensión,Ago - Oct,6320.752
2012,Total Nacional,Cotiza a pensión,Sep - Nov,6207.464666666667
2012,Total Nacional,Cotiza a pensión,Oct - Dic,6183.123333333333
2012,Total Nacional,Cotiza a pensión,Nov - Ene,6070.441
2012,Total Nacional,Cotiza a pensión,Dic - Feb,6103.236666666667
2013,Total Nacional,Cotiza a pensión,Ene - Mar,6225.948333333334
2013,Total Nacional,Cotiza a pensión,Feb - Abr,6485.136666666666
2013,Total Nacional,Cotiza a pensión,Mar - May,6592.123
2013,Total Nacional,Cotiza a pensión,Abr - Jun,6675.665666666667
2013,Total Nacional,Cotiza a pensión,May - Jul,6686.322666666667
2013,Total Nacional,Cotiza a pensión,Jun - Ago,6755.001
2013,Total Nacional,Cotiza a pensión,Jul - Sep,6795.938333333334
2013,Total Nacional,Cotiza a pensión,Ago - Oct,6808.7243333333345
2013,Total Nacional,Cotiza a pensión,Sep - Nov,6750.173333333333
2013,Total Nacional,Cotiza a pensión,Oct - Dic,6686.927333333333
2013,Total Nacional,Cotiza a pensión,Nov - Ene,6610.962333333334
2013,Total Nacional,Cotiza a pensión,Dic - Feb,6746.853666666667
2014,Total Nacional,Cotiza a pensión,Ene - Mar,6886.879666666667
2014,Total Nacional,Cotiza a pensión,Feb - Abr,7104.223000000001
2014,Total Nacional,Cotiza a pensión,Mar - May,7179.928333333333
2014,Total Nacional,Cotiza a pensión,Abr - Jun,7221.686333333334
2014,Total Nacional,Cotiza a pensión,May - Jul,7247.401999999999
2014,Total Nacional,Cotiza a pensión,Jun - Ago,7143.963333333333
2014,Total Nacional,Cotiza a pensión,Jul - Sep,7190.755666666667
2014,Total Nacional,Cotiza a pensión,Ago - Oct,7204.708333333333
2014,Total Nacional,Cotiza a pensión,Sep - Nov,7301.248333333334
2014,Total Nacional,Cotiza a pensión,Oct - Dic,7270.091333333334
2014,Total Nacional,Cotiza a pensión,Nov - Ene,7059.334666666667
2014,Total Nacional,Cotiza a pensión,Dic - Feb,6996.6826666666675
2015,Total Nacional,Cotiza a pensión,Ene - Mar,6981.471333333334
2015,Total Nacional,Cotiza a pensión,Feb - Abr,7212.746999999999
2015,Total Nacional,Cotiza a pensión,Mar - May,7328.093
2015,Total Nacional,Cotiza a pensión,Abr - Jun,7458.8043333333335
2015,Total Nacional,Cotiza a pensión,May - Jul,7446.600333333333
2015,Total Nacional,Cotiza a pensión,Jun - Ago,7507.874666666667
2015,Total Nacional,Cotiza a pensión,Jul - Sep,7479.842000000001
2015,Total Nacional,Cotiza a pensión,Ago - Oct,7590.793333333334
2015,Total Nacional,Cotiza a pensión,Sep - Nov,7578.475666666666
2015,Total Nacional,Cotiza a pensión,Oct - Dic,7621.2593333333325
2015,Total Nacional,Cotiza a pensión,Nov - Ene,7414.058666666667
2015,Total Nacional,Cotiza a pensión,Dic - Feb,7415.381666666667
2016,Total Nacional,Cotiza a pensión,Ene - Mar,7419.339999999999
2016,Total Nacional,Cotiza a pensión,Feb - Abr,7631.737
2016,Total Nacional,Cotiza a pensión,Mar - May,7736.477333333333
2016,Total Nacional,Cotiza a pensión,Abr - Jun,7782.190333333333
2016,Total Nacional,Cotiza a pensión,May - Jul,7735.978999999999
2016,Total Nacional,Cotiza a pensión,Jun - Ago,7689.890333333334
2016,Total Nacional,Cotiza a pensión,Jul - Sep,7724.218333333333
2016,Total Nacional,Cotiza a pensión,Ago - Oct,7798.275333333334
2016,Total Nacional,Cotiza a pensión,Sep - Nov,7775.203999999999
2016,Total Nacional,Cotiza a pensión,Oct - Dic,7759.3820000000005
2016,Total Nacional,Cotiza a pensión,Nov - Ene,7536.845
2016,Total Nacional,Cotiza a pensión,Dic - Feb,7574.922333333333
2017,Total Nacional,Cotiza a pensión,Ene - Mar,7595.104
2017,Total Nacional,Cotiza a pensión,Feb - Abr,7885.892333333334
2017,Total Nacional,Cotiza a pensión,Mar - May,7947.765
2017,Total Nacional,Cotiza a pensión,Abr - Jun,8010.998333333333
2017,Total Nacional,Cotiza a pensión,May - Jul,7912.719333333334
2017,Total Nacional,Cotiza a pensión,Jun - Ago,7936.935666666667
2017,Total Nacional,Cotiza a pensión,Jul - Sep,7881.82
2017,Total Nacional,Cotiza a pensión,Ago - Oct,8003.858666666667
2017,Total Nacional,Cotiza a pensión,Sep - Nov,7938.501333333334
2017,Total Nacional,Cotiza a pensión,Oct - Dic,7858.012
2017,Total Nacional,Cotiza a pensión,Nov - Ene,7556.032666666666
2017,Total Nacional,Cotiza a pensión,Dic - Feb,7608.482333333333
2018,Total Nacional,Cotiza a pensión,Ene - Mar,7703.050666666667
2018,Total Nacional,Cotiza a pensión,Feb - Abr,8010.977
2018,Total Nacional,Cotiza a pensión,Mar - May,8048.3893333333335
2018,Total Nacional,Cotiza a pensión,Abr - Jun,8115.227666666667
2018,Total Nacional,Cotiza a pensión,May - Jul,8081.68
2018,Total Nacional,Cotiza a pensión,Jun - Ago,8097.205333333334
2018,Total Nacional,Cotiza a pensión,Jul - Sep,7994.829666666667
2018,Total Nacional,Cotiza a pensión,Ago - Oct,7987.626666666667
2018,Total Nacional,Cotiza a pensión,Sep - Nov,7882.875333333333
2018,Total Nacional,Cotiza a pensión,Oct - Dic,7945.399666666667
2018,Total Nacional,Cotiza a pensión,Nov - Ene,7708.3843333333325
2018,Total Nacional,Cotiza a pensión,Dic - Feb,7780.921666666666
2019,Total Nacional,Cotiza a pensión,Ene - Mar,7831.794000000001
2019,Total Nacional,Cotiza a pensión,Feb - Abr,8133.249
2019,Total Nacional,Cotiza a pensión,Mar - May,8201.857333333333
2019,Total Nacional,Cotiza a pensión,Abr - Jun,8248.744333333334
2019,Total Nacional,Cotiza a pensión,May - Jul,8244.803333333333
2019,Total Nacional,Cotiza a pensión,Jun - Ago,8191.661666666667
2019,Total Nacional,Cotiza a pensión,Jul - Sep,8185.019333333333
2019,Total Nacional,Cotiza a pensión,Ago - Oct,8146.31
2019,Total Nacional,Cotiza a pensión,Sep - Nov,8077.391
2019,Total Nacional,Cotiza a pensión,Oct - Dic,7958.190666666666
2019,Total Nacional,Cotiza a pensión,Nov - Ene,7769.744
2019,Total Nacional,Cotiza a pensión,Dic - Feb,7793.598999999999
2020,Total Nacional,Cotiza a pensión,Ene - Mar,0.0
2020,Total Nacional,Cotiza a pensión,Feb - Abr,0.0
2020,Total Nacional,Cotiza a pensión,Mar - May,0.0
2020,Total Nacional,Cotiza a pensión,Abr - Jun,0.0
2020,Total Nacional,Cotiza a pensión,May - Jul,6838.252333333333
2020,Total Nacional,Cotiza a pensión,Jun - Ago,6981.926666666666
2020,Total Nacional,Cotiza a pensión,Jul - Sep,7112.706333333333
2020,Total Nacional,Cotiza a pensión,Ago - Oct,7384.447
2020,Total Nacional,Cotiza a pensión,Sep - Nov,7483.713
2020,Total Nacional,Cotiza a pensión,Oct - Dic,7505.834
2020,Total Nacional,Cotiza a pensión,Nov - Ene,7667.033333333334
2020,Total Nacional,Cotiza a pensión,Dic - Feb,7838.222333333334
2021,Total Nacional,Cotiza a pensión,Ene - Mar,8075.067
2021,Total Nacional,Cotiza a pensión,Feb - Abr,8087.280666666667
2021,Total Nacional,Cotiza a pensión,Mar - May,8161.128
2021,Total Nacional,Cotiza a pensión,Abr - Jun,8204.632
2021,Total Nacional,Cotiza a pensión,May - Jul,8296.564
2021,Total Nacional,Cotiza a pensión,Jun - Ago,8261.455999999998
2021,Total Nacional,Cotiza a pensión,Jul - Sep,8385.046333333332
2021,Total Nacional,Cotiza a pensión,Ago - Oct,8474.875666666667
2021,Total Nacional,Cotiza a pensión,Sep - Nov,8626.831
2021,Total Nacional,Cotiza a pensión,Oct - Dic,8723.932999999999
2021,Total Nacional,Cotiza a pensión,Nov - Ene,8804.141000000001
2021,Total Nacional,Cotiza a pensión,Dic - Feb,8831.338666666668
2022,Total Nacional,Cotiza a pensión,Ene - Mar,8787.676666666666
2022,Total Nacional,Cotiza a pensión,Feb - Abr,8889.680999999999
2022,Total Nacional,Cotiza a pensión,Mar - May,9095.693999999998
2022,Total Nacional,Cotiza a pensión,Abr - Jun,9170.345666666666
2022,Total Nacional,Cotiza a pensión,May - Jul,9097.540333333332
2022,Total Nacional,Cotiza a pensión,Jun - Ago,9001.362333333333
2022,Total Nacional,Cotiza a pensión,Jul - Sep,8994.476666666667
2022,Total Nacional,Cotiza a pensión,Ago - Oct,9092.028333333334
2022,Total Nacional,Cotiza a pensión,Sep - Nov,9151.063333333334
2022,Total Nacional,Cotiza a pensión,Oct - Dic,9247.790666666668
2022,Total Nacional,Cotiza a pensión,Nov - Ene,9129.797333333334
2022,Total Nacional,Cotiza a pensión,Dic - Feb,9001.981
2023,Total Nacional,Cotiza a pensión,Ene - Mar,9004.872333333333
2023,Total Nacional,Cotiza a pensión,Feb - Abr,9255.982333333333
2023,Total Nacional,Cotiza a pensión,Mar - May,9517.006
2023,Total Nacional,Cotiza a pensión,Abr - Jun,9758.360666666667
2023,Total Nacional,Cotiza a pensión,May - Jul,9854.284
2023,Total Nacional,Cotiza a pensión,Jun - Ago,9907.987
2023,Total Nacional,Cotiza a pensión,Jul - Sep,9873.95
2023,Total Nacional,Cotiza a pensión,Ago - Oct,9944.073
2023,Total Nacional,Cotiza a pensión,Sep - Nov,10053.653
2023,Total Nacional,Cotiza a pensión,Oct - Dic,10037.968
2023,Total Nacional,Cotiza a pensión,Nov - Ene,9821.526
2023,Total Nacional,Cotiza a pensión,Dic - Feb,9556.748
2024,Total Nacional,Cotiza a pensión,Ene - Mar,9516.86
2024,Total Nacional,Cotiza a pensión,Feb - Abr,9620.197
2024,Total Nacional,Cotiza a pensión,Mar - May,9838.623
2024,Total Nacional,Cotiza a pensión,Abr - Jun,9897.246
2024,Total Nacional,Cotiza a pensión,May - Jul,9952.583
2024,Total Nacional,Cotiza a pensión,Jun - Ago,9962.897
2024,Total Nacional,Cotiza a pensión,Jul - Sep,10017.004
2024,Total Nacional,Cotiza a pensión,Ago - Oct,10093.84
2024,Total Nacional,Cotiza a pensión,Sep - Nov,10174.928
2024,Total Nacional,Cotiza a pensión,Oct - Dic,10141.152
2024,Total Nacional,Cotiza a pensión,Nov - Ene,10054.823
2024,Total Nacional,Cotiza a pensión,Dic - Feb,9848.872
2025,Total Nacional,Cotiza a pensión,Ene - Mar,9801.881
2025,Total Nacional,Cotiza a pensión,Feb - Abr,9946.585
2025,Total Nacional,Cotiza a pensión,Mar - May,10155.656
2025,Total Nacional,Cotiza a pensión,Abr - Jun,10368.009
2025,Total Nacional,Cotiza a pensión,May - Jul,10442.727
2025,Total Nacional,Cotiza a pensión,Jun - Ago,10487.05
2025,Total Nacional,Cotiza a pensión,Jul - Sep,10521.394
2025,Total Nacional,Cotiza a pensión,Ago - Oct,10464.854
2025,Total Nacional,Cotiza a pensión,Sep - Nov,10511.882
2025,Total Nacional,Cotiza a pensión,Oct - Dic,10510.934
2025,Total Nacional,Cotiza a pensión,Nov - Ene,10492.0
2025,Total Nacional,Cotiza a pensión,Dic - Feb,10468.177
2026,Total Nacional,Cotiza a pensión,Ene - Mar,10487.426
2026,Total Nacional,Cotiza a pensión,Feb - Abr,10673.996
2007,Cabeceras,Población ocupada,Ene - Mar,12281.866999999998
2007,Cabeceras,Población ocupada,Feb - Abr,12577.047333333334
2007,Cabeceras,Población ocupada,Mar - May,12674.296
2007,Cabeceras,Población ocupada,Abr - Jun,12765.819666666668
2007,Cabeceras,Población ocupada,May - Jul,12811.582333333334
2007,Cabeceras,Población ocupada,Jun - Ago,12815.101
2007,Cabeceras,Población ocupada,Jul - Sep,12863.795666666667
2007,Cabeceras,Población ocupada,Ago - Oct,13066.742333333334
2007,Cabeceras,Población ocupada,Sep - Nov,13242.885
2007,Cabeceras,Población ocupada,Oct - Dic,13273.429666666669
2007,Cabeceras,Población ocupada,Nov - Ene,12969.554333333333
2007,Cabeceras,Población ocupada,Dic - Feb,12851.25
2008,Cabeceras,Población ocupada,Ene - Mar,12890.113
2008,Cabeceras,Población ocupada,Feb - Abr,13146.204
2008,Cabeceras,Población ocupada,Mar - May,13246.108999999999
2008,Cabeceras,Población ocupada,Abr - Jun,13206.864333333331
2008,Cabeceras,Población ocupada,May - Jul,13145.074999999999
2008,Cabeceras,Población ocupada,Jun - Ago,13115.203999999998
2008,Cabeceras,Población ocupada,Jul - Sep,13203.735
2008,Cabeceras,Población ocupada,Ago - Oct,13234.533000000001
2008,Cabeceras,Población ocupada,Sep - Nov,13210.420666666667
2008,Cabeceras,Población ocupada,Oct - Dic,13193.907666666666
2008,Cabeceras,Población ocupada,Nov - Ene,13023.763666666666
2008,Cabeceras,Población ocupada,Dic - Feb,13074.542666666666
2009,Cabeceras,Población ocupada,Ene - Mar,13159.954
2009,Cabeceras,Población ocupada,Feb - Abr,13504.817666666668
2009,Cabeceras,Población ocupada,Mar - May,13695.793
2009,Cabeceras,Población ocupada,Abr - Jun,13789.741
2009,Cabeceras,Población ocupada,May - Jul,13782.082999999999
2009,Cabeceras,Población ocupada,Jun - Ago,13686.681666666665
2009,Cabeceras,Población ocupada,Jul - Sep,13643.321000000002
2009,Cabeceras,Población ocupada,Ago - Oct,13792.437666666665
2009,Cabeceras,Población ocupada,Sep - Nov,14017.443999999998
2009,Cabeceras,Población ocupada,Oct - Dic,14211.481666666667
2009,Cabeceras,Población ocupada,Nov - Ene,13981.266333333333
2009,Cabeceras,Población ocupada,Dic - Feb,13894.182999999999
2010,Cabeceras,Población ocupada,Ene - Mar,13750.087
2010,Cabeceras,Población ocupada,Feb - Abr,13972.785000000002
2010,Cabeceras,Población ocupada,Mar - May,14001.922666666665
2010,Cabeceras,Población ocupada,Abr - Jun,14152.245666666668
2010,Cabeceras,Población ocupada,May - Jul,14121.031333333332
2010,Cabeceras,Población ocupada,Jun - Ago,14243.943
2010,Cabeceras,Población ocupada,Jul - Sep,14334.623333333335
2010,Cabeceras,Población ocupada,Ago - Oct,14577.661
2010,Cabeceras,Población ocupada,Sep - Nov,14717.738
2010,Cabeceras,Población ocupada,Oct - Dic,14739.649666666666
2010,Cabeceras,Población ocupada,Nov - Ene,14495.386333333334
2010,Cabeceras,Población ocupada,Dic - Feb,14289.588333333333
2011,Cabeceras,Población ocupada,Ene - Mar,14258.976
2011,Cabeceras,Población ocupada,Feb - Abr,14420.965666666665
2011,Cabeceras,Población ocupada,Mar - May,14581.168666666666
2011,Cabeceras,Población ocupada,Abr - Jun,14698.319000000001
2011,Cabeceras,Población ocupada,May - Jul,14729.799666666668
2011,Cabeceras,Población ocupada,Jun - Ago,14740.934000000001
2011,Cabeceras,Población ocupada,Jul - Sep,14875.275666666666
2011,Cabeceras,Población ocupada,Ago - Oct,15178.155333333334
2011,Cabeceras,Población ocupada,Sep - Nov,15382.098666666667
2011,Cabeceras,Población ocupada,Oct - Dic,15394.680999999999
2011,Cabeceras,Población ocupada,Nov - Ene,15079.692333333334
2011,Cabeceras,Población ocupada,Dic - Feb,14919.024666666666
2012,Cabeceras,Población ocupada,Ene - Mar,14844.698000000002
2012,Cabeceras,Población ocupada,Feb - Abr,15004.923999999999
2012,Cabeceras,Población ocupada,Mar - May,15111.171333333332
2012,Cabeceras,Población ocupada,Abr - Jun,15222.132
2012,Cabeceras,Población ocupada,May - Jul,15267.172333333334
2012,Cabeceras,Población ocupada,Jun - Ago,15323.879666666666
2012,Cabeceras,Población ocupada,Jul - Sep,15263.813666666667
2012,Cabeceras,Población ocupada,Ago - Oct,15344.029999999999
2012,Cabeceras,Población ocupada,Sep - Nov,15382.044999999998
2012,Cabeceras,Población ocupada,Oct - Dic,15466.393000000002
2012,Cabeceras,Población ocupada,Nov - Ene,15246.269666666667
2012,Cabeceras,Población ocupada,Dic - Feb,15064.967000000002
2013,Cabeceras,Población ocupada,Ene - Mar,14916.898666666668
2013,Cabeceras,Población ocupada,Feb - Abr,15057.152666666667
2013,Cabeceras,Población ocupada,Mar - May,15285.377999999999
2013,Cabeceras,Población ocupada,Abr - Jun,15423.707
2013,Cabeceras,Población ocupada,May - Jul,15500.328666666666
2013,Cabeceras,Población ocupada,Jun - Ago,15520.094000000003
2013,Cabeceras,Población ocupada,Jul - Sep,15587.475333333336
2013,Cabeceras,Población ocupada,Ago - Oct,15732.463000000002
2013,Cabeceras,Población ocupada,Sep - Nov,15750.291
2013,Cabeceras,Población ocupada,Oct - Dic,15825.525666666668
2013,Cabeceras,Población ocupada,Nov - Ene,15623.403666666667
2013,Cabeceras,Población ocupada,Dic - Feb,15525.778666666667
2014,Cabeceras,Población ocupada,Ene - Mar,15423.381000000001
2014,Cabeceras,Población ocupada,Feb - Abr,15619.579333333335
2014,Cabeceras,Población ocupada,Mar - May,15764.445666666667
2014,Cabeceras,Población ocupada,Abr - Jun,15879.770333333334
2014,Cabeceras,Población ocupada,May - Jul,15842.234333333334
2014,Cabeceras,Población ocupada,Jun - Ago,15927.167
2014,Cabeceras,Población ocupada,Jul - Sep,16029.919666666667
2014,Cabeceras,Población ocupada,Ago - Oct,16260.837999999998
2014,Cabeceras,Población ocupada,Sep - Nov,16364.422666666665
2014,Cabeceras,Población ocupada,Oct - Dic,16323.245333333332
2014,Cabeceras,Población ocupada,Nov - Ene,16012.410666666665
2014,Cabeceras,Población ocupada,Dic - Feb,15795.245
2015,Cabeceras,Población ocupada,Ene - Mar,15729.166666666666
2015,Cabeceras,Población ocupada,Feb - Abr,15900.243666666667
2015,Cabeceras,Población ocupada,Mar - May,16031.717666666666
2015,Cabeceras,Población ocupada,Abr - Jun,16132.112
2015,Cabeceras,Población ocupada,May - Jul,16175.505666666666
2015,Cabeceras,Población ocupada,Jun - Ago,16232.391333333333
2015,Cabeceras,Población ocupada,Jul - Sep,16249.658333333335
2015,Cabeceras,Población ocupada,Ago - Oct,16441.872333333333
2015,Cabeceras,Población ocupada,Sep - Nov,16567.08066666667
2015,Cabeceras,Población ocupada,Oct - Dic,16600.425
2015,Cabeceras,Población ocupada,Nov - Ene,16229.290666666668
2015,Cabeceras,Población ocupada,Dic - Feb,16005.797
2016,Cabeceras,Población ocupada,Ene - Mar,15826.264666666664
2016,Cabeceras,Población ocupada,Feb - Abr,16024.047666666665
2016,Cabeceras,Población ocupada,Mar - May,16002.086000000001
2016,Cabeceras,Población ocupada,Abr - Jun,16151.229
2016,Cabeceras,Población ocupada,May - Jul,16070.710666666666
2016,Cabeceras,Población ocupada,Jun - Ago,16169.303666666667
2016,Cabeceras,Población ocupada,Jul - Sep,16194.342333333334
2016,Cabeceras,Población ocupada,Ago - Oct,16379.467999999999
2016,Cabeceras,Población ocupada,Sep - Nov,16514.786333333333
2016,Cabeceras,Población ocupada,Oct - Dic,16577.905
2016,Cabeceras,Población ocupada,Nov - Ene,16287.642333333331
2016,Cabeceras,Población ocupada,Dic - Feb,16074.486666666666
2017,Cabeceras,Población ocupada,Ene - Mar,15931.015666666666
2017,Cabeceras,Población ocupada,Feb - Abr,16141.458
2017,Cabeceras,Población ocupada,Mar - May,16178.134
2017,Cabeceras,Población ocupada,Abr - Jun,16355.013666666666
2017,Cabeceras,Población ocupada,May - Jul,16292.264333333334
2017,Cabeceras,Población ocupada,Jun - Ago,16394.263000000003
2017,Cabeceras,Población ocupada,Jul - Sep,16281.482333333333
2017,Cabeceras,Población ocupada,Ago - Oct,16421.37
2017,Cabeceras,Población ocupada,Sep - Nov,16438.73566666667
2017,Cabeceras,Población ocupada,Oct - Dic,16560.295000000002
2017,Cabeceras,Población ocupada,Nov - Ene,16290.113666666666
2017,Cabeceras,Población ocupada,Dic - Feb,16081.471333333335
2018,Cabeceras,Población ocupada,Ene - Mar,15973.981666666667
2018,Cabeceras,Población ocupada,Feb - Abr,16220.102999999997
2018,Cabeceras,Población ocupada,Mar - May,16384.591
2018,Cabeceras,Población ocupada,Abr - Jun,16468.862333333334
2018,Cabeceras,Población ocupada,May - Jul,16460.039
2018,Cabeceras,Población ocupada,Jun - Ago,16521.088333333333
2018,Cabeceras,Población ocupada,Jul - Sep,16586.627666666667
2018,Cabeceras,Población ocupada,Ago - Oct,16672.674333333332
2018,Cabeceras,Población ocupada,Sep - Nov,16704.286333333333
2018,Cabeceras,Población ocupada,Oct - Dic,16712.805
2018,Cabeceras,Población ocupada,Nov - Ene,16463.745
2018,Cabeceras,Población ocupada,Dic - Feb,16339.733666666667
2019,Cabeceras,Población ocupada,Ene - Mar,16252.476
2019,Cabeceras,Población ocupada,Feb - Abr,16410.467333333334
2019,Cabeceras,Población ocupada,Mar - May,16457.82266666667
2019,Cabeceras,Población ocupada,Abr - Jun,16561.195
2019,Cabeceras,Población ocupada,May - Jul,16637.101333333332
2019,Cabeceras,Población ocupada,Jun - Ago,16620.319
2019,Cabeceras,Población ocupada,Jul - Sep,16588.352333333332
2019,Cabeceras,Población ocupada,Ago - Oct,16680.205333333335
2019,Cabeceras,Población ocupada,Sep - Nov,16945.52733333333
2019,Cabeceras,Población ocupada,Oct - Dic,17013.85933333333
2019,Cabeceras,Población ocupada,Nov - Ene,16769.076666666664
2019,Cabeceras,Población ocupada,Dic - Feb,16512.16866666667
2020,Cabeceras,Población ocupada,Ene - Mar,0.0
2020,Cabeceras,Población ocupada,Feb - Abr,0.0
2020,Cabeceras,Población ocupada,Mar - May,0.0
2020,Cabeceras,Población ocupada,Abr - Jun,0.0
2020,Cabeceras,Población ocupada,May - Jul,13209.574666666667
2020,Cabeceras,Población ocupada,Jun - Ago,13777.406
2020,Cabeceras,Población ocupada,Jul - Sep,14292.152
2020,Cabeceras,Población ocupada,Ago - Oct,15059.475333333334
2020,Cabeceras,Población ocupada,Sep - Nov,15543.847000000002
2020,Cabeceras,Población ocupada,Oct - Dic,15828.021333333332
2020,Cabeceras,Población ocupada,Nov - Ene,15606.714333333332
2020,Cabeceras,Población ocupada,Dic - Feb,15525.951666666668
2021,Cabeceras,Población ocupada,Ene - Mar,15452.876333333334
2021,Cabeceras,Población ocupada,Feb - Abr,15584.526333333333
2021,Cabeceras,Población ocupada,Mar - May,15572.257
2021,Cabeceras,Población ocupada,Abr - Jun,15589.326666666666
2021,Cabeceras,Población ocupada,May - Jul,15782.007666666666
2021,Cabeceras,Población ocupada,Jun - Ago,15951.523000000001
2021,Cabeceras,Población ocupada,Jul - Sep,16097.606999999998
2021,Cabeceras,Población ocupada,Ago - Oct,16264.284999999998
2021,Cabeceras,Población ocupada,Sep - Nov,16467.59
2021,Cabeceras,Población ocupada,Oct - Dic,16676.964666666667
2021,Cabeceras,Población ocupada,Nov - Ene,16610.768
2021,Cabeceras,Población ocupada,Dic - Feb,16703.746
2022,Cabeceras,Población ocupada,Ene - Mar,16811.111
2022,Cabeceras,Población ocupada,Feb - Abr,17145.173
2022,Cabeceras,Población ocupada,Mar - May,17285.077
2022,Cabeceras,Población ocupada,Abr - Jun,17361.210666666666
2022,Cabeceras,Población ocupada,May - Jul,17405.015666666666
2022,Cabeceras,Población ocupada,Jun - Ago,17446.740666666665
2022,Cabeceras,Población ocupada,Jul - Sep,17557.565
2022,Cabeceras,Población ocupada,Ago - Oct,17706.210666666666
2022,Cabeceras,Población ocupada,Sep - Nov,17815.120666666666
2022,Cabeceras,Población ocupada,Oct - Dic,17849.975
2022,Cabeceras,Población ocupada,Nov - Ene,17531.102
2022,Cabeceras,Población ocupada,Dic - Feb,17384.846999999998
2023,Cabeceras,Población ocupada,Ene - Mar,17452.516666666666
2023,Cabeceras,Población ocupada,Feb - Abr,17781.288333333334
2023,Cabeceras,Población ocupada,Mar - May,17880.52766666667
2023,Cabeceras,Población ocupada,Abr - Jun,17971.676000000003
2023,Cabeceras,Población ocupada,May - Jul,18131.461
2023,Cabeceras,Población ocupada,Jun - Ago,18335.217
2023,Cabeceras,Población ocupada,Jul - Sep,18352.101
2023,Cabeceras,Población ocupada,Ago - Oct,18342.419
2023,Cabeceras,Población ocupada,Sep - Nov,18398.519
2023,Cabeceras,Población ocupada,Oct - Dic,18311.809
2023,Cabeceras,Población ocupada,Nov - Ene,18026.294
2023,Cabeceras,Población ocupada,Dic - Feb,17804.717
2024,Cabeceras,Población ocupada,Ene - Mar,17753.022
2024,Cabeceras,Población ocupada,Feb - Abr,17974.17
2024,Cabeceras,Población ocupada,Mar - May,18111.583
2024,Cabeceras,Población ocupada,Abr - Jun,18217.156
2024,Cabeceras,Población ocupada,May - Jul,18287.062
2024,Cabeceras,Población ocupada,Jun - Ago,18375.712
2024,Cabeceras,Población ocupada,Jul - Sep,18414.559
2024,Cabeceras,Población ocupada,Ago - Oct,18521.401
2024,Cabeceras,Población ocupada,Sep - Nov,18634.939
2024,Cabeceras,Población ocupada,Oct - Dic,18745.438
2024,Cabeceras,Población ocupada,Nov - Ene,18551.281
2024,Cabeceras,Población ocupada,Dic - Feb,18448.352
2025,Cabeceras,Población ocupada,Ene - Mar,18506.017
2025,Cabeceras,Población ocupada,Feb - Abr,18710.903
2025,Cabeceras,Población ocupada,Mar - May,18781.029
2025,Cabeceras,Población ocupada,Abr - Jun,18803.79
2025,Cabeceras,Población ocupada,May - Jul,18935.519
2025,Cabeceras,Población ocupada,Jun - Ago,19051.103
2025,Cabeceras,Población ocupada,Jul - Sep,19093.53
2025,Cabeceras,Población ocupada,Ago - Oct,19229.901
2025,Cabeceras,Población ocupada,Sep - Nov,19381.126
2025,Cabeceras,Población ocupada,Oct - Dic,19496.368
2025,Cabeceras,Población ocupada,Nov - Ene,19124.361
2025,Cabeceras,Población ocupada,Dic - Feb,18976.945
2026,Cabeceras,Población ocupada,Ene - Mar,18968.795
2026,Cabeceras,Población ocupada,Feb - Abr,19290.771
2007,Cabeceras,Afiliada a salud,Ene - Mar,10475.637333333334
2007,Cabeceras,Afiliada a salud,Feb - Abr,10719.212333333335
2007,Cabeceras,Afiliada a salud,Mar - May,10825.984666666665
2007,Cabeceras,Afiliada a salud,Abr - Jun,10939.656333333332
2007,Cabeceras,Afiliada a salud,May - Jul,10995.370333333334
2007,Cabeceras,Afiliada a salud,Jun - Ago,10973.131666666666
2007,Cabeceras,Afiliada a salud,Jul - Sep,10990.995
2007,Cabeceras,Afiliada a salud,Ago - Oct,11166.559333333333
2007,Cabeceras,Afiliada a salud,Sep - Nov,11288.808333333334
2007,Cabeceras,Afiliada a salud,Oct - Dic,11357.776333333333
2007,Cabeceras,Afiliada a salud,Nov - Ene,11157.764666666664
2007,Cabeceras,Afiliada a salud,Dic - Feb,11063.158333333333
2008,Cabeceras,Afiliada a salud,Ene - Mar,11108.127666666667
2008,Cabeceras,Afiliada a salud,Feb - Abr,11333.300666666668
2008,Cabeceras,Afiliada a salud,Mar - May,11480.332333333332
2008,Cabeceras,Afiliada a salud,Abr - Jun,11554.147666666666
2008,Cabeceras,Afiliada a salud,May - Jul,11549.294
2008,Cabeceras,Afiliada a salud,Jun - Ago,11532.715333333334
2008,Cabeceras,Afiliada a salud,Jul - Sep,11579.040333333332
2008,Cabeceras,Afiliada a salud,Ago - Oct,11649.003333333334
2008,Cabeceras,Afiliada a salud,Sep - Nov,11675.075333333334
2008,Cabeceras,Afiliada a salud,Oct - Dic,11674.827
2008,Cabeceras,Afiliada a salud,Nov - Ene,11515.034999999998
2008,Cabeceras,Afiliada a salud,Dic - Feb,11545.007333333333
2009,Cabeceras,Afiliada a salud,Ene - Mar,11560.996
2009,Cabeceras,Afiliada a salud,Feb - Abr,11838.817333333334
2009,Cabeceras,Afiliada a salud,Mar - May,11976.670666666667
2009,Cabeceras,Afiliada a salud,Abr - Jun,12086.218666666668
2009,Cabeceras,Afiliada a salud,May - Jul,12108.527333333333
2009,Cabeceras,Afiliada a salud,Jun - Ago,12109.885
2009,Cabeceras,Afiliada a salud,Jul - Sep,12109.430666666667
2009,Cabeceras,Afiliada a salud,Ago - Oct,12248.440999999999
2009,Cabeceras,Afiliada a salud,Sep - Nov,12429.139000000001
2009,Cabeceras,Afiliada a salud,Oct - Dic,12622.017666666667
2009,Cabeceras,Afiliada a salud,Nov - Ene,12463.371
2009,Cabeceras,Afiliada a salud,Dic - Feb,12417.676333333331
2010,Cabeceras,Afiliada a salud,Ene - Mar,12285.373
2010,Cabeceras,Afiliada a salud,Feb - Abr,12492.367
2010,Cabeceras,Afiliada a salud,Mar - May,12450.911
2010,Cabeceras,Afiliada a salud,Abr - Jun,12598.796999999999
2010,Cabeceras,Afiliada a salud,May - Jul,12562.691333333334
2010,Cabeceras,Afiliada a salud,Jun - Ago,12717.423333333334
2010,Cabeceras,Afiliada a salud,Jul - Sep,12759.563666666667
2010,Cabeceras,Afiliada a salud,Ago - Oct,12952.184000000001
2010,Cabeceras,Afiliada a salud,Sep - Nov,13096.614666666668
2010,Cabeceras,Afiliada a salud,Oct - Dic,13186.219000000003
2010,Cabeceras,Afiliada a salud,Nov - Ene,12992.510999999999
2010,Cabeceras,Afiliada a salud,Dic - Feb,12790.694000000001
2011,Cabeceras,Afiliada a salud,Ene - Mar,12720.632666666666
2011,Cabeceras,Afiliada a salud,Feb - Abr,12900.902333333332
2011,Cabeceras,Afiliada a salud,Mar - May,13053.591666666667
2011,Cabeceras,Afiliada a salud,Abr - Jun,13185.565
2011,Cabeceras,Afiliada a salud,May - Jul,13206.513333333334
2011,Cabeceras,Afiliada a salud,Jun - Ago,13272.873333333331
2011,Cabeceras,Afiliada a salud,Jul - Sep,13423.403
2011,Cabeceras,Afiliada a salud,Ago - Oct,13688.701666666666
2011,Cabeceras,Afiliada a salud,Sep - Nov,13840.939333333334
2011,Cabeceras,Afiliada a salud,Oct - Dic,13857.863333333333
2011,Cabeceras,Afiliada a salud,Nov - Ene,13615.015999999998
2011,Cabeceras,Afiliada a salud,Dic - Feb,13428.303333333335
2012,Cabeceras,Afiliada a salud,Ene - Mar,13338.451000000001
2012,Cabeceras,Afiliada a salud,Feb - Abr,13435.357333333333
2012,Cabeceras,Afiliada a salud,Mar - May,13563.992666666667
2012,Cabeceras,Afiliada a salud,Abr - Jun,13633.236333333334
2012,Cabeceras,Afiliada a salud,May - Jul,13679.884333333333
2012,Cabeceras,Afiliada a salud,Jun - Ago,13758.281333333332
2012,Cabeceras,Afiliada a salud,Jul - Sep,13720.700666666666
2012,Cabeceras,Afiliada a salud,Ago - Oct,13794.110666666666
2012,Cabeceras,Afiliada a salud,Sep - Nov,13823.799666666668
2012,Cabeceras,Afiliada a salud,Oct - Dic,13933.980666666665
2012,Cabeceras,Afiliada a salud,Nov - Ene,13752.381333333333
2012,Cabeceras,Afiliada a salud,Dic - Feb,13572.480333333333
2013,Cabeceras,Afiliada a salud,Ene - Mar,13427.166333333333
2013,Cabeceras,Afiliada a salud,Feb - Abr,13553.916666666666
2013,Cabeceras,Afiliada a salud,Mar - May,13753.340000000002
2013,Cabeceras,Afiliada a salud,Abr - Jun,13884.694666666668
2013,Cabeceras,Afiliada a salud,May - Jul,13967.582333333334
2013,Cabeceras,Afiliada a salud,Jun - Ago,14036.858333333335
2013,Cabeceras,Afiliada a salud,Jul - Sep,14165.459333333332
2013,Cabeceras,Afiliada a salud,Ago - Oct,14357.591333333332
2013,Cabeceras,Afiliada a salud,Sep - Nov,14437.050333333333
2013,Cabeceras,Afiliada a salud,Oct - Dic,14488.761666666667
2013,Cabeceras,Afiliada a salud,Nov - Ene,14290.268333333332
2013,Cabeceras,Afiliada a salud,Dic - Feb,14206.978666666668
2014,Cabeceras,Afiliada a salud,Ene - Mar,14172.240666666665
2014,Cabeceras,Afiliada a salud,Feb - Abr,14398.664666666666
2014,Cabeceras,Afiliada a salud,Mar - May,14478.477666666668
2014,Cabeceras,Afiliada a salud,Abr - Jun,14554.297
2014,Cabeceras,Afiliada a salud,May - Jul,14530.803333333335
2014,Cabeceras,Afiliada a salud,Jun - Ago,14673.548333333334
2014,Cabeceras,Afiliada a salud,Jul - Sep,14767.570666666667
2014,Cabeceras,Afiliada a salud,Ago - Oct,14965.952333333335
2014,Cabeceras,Afiliada a salud,Sep - Nov,15092.723666666667
2014,Cabeceras,Afiliada a salud,Oct - Dic,15112.919333333333
2014,Cabeceras,Afiliada a salud,Nov - Ene,14856.883000000002
2014,Cabeceras,Afiliada a salud,Dic - Feb,14627.637
2015,Cabeceras,Afiliada a salud,Ene - Mar,14531.059
2015,Cabeceras,Afiliada a salud,Feb - Abr,14745.865666666665
2015,Cabeceras,Afiliada a salud,Mar - May,14928.029
2015,Cabeceras,Afiliada a salud,Abr - Jun,15044.192333333332
2015,Cabeceras,Afiliada a salud,May - Jul,15030.013333333334
2015,Cabeceras,Afiliada a salud,Jun - Ago,15088.251333333334
2015,Cabeceras,Afiliada a salud,Jul - Sep,15119.07
2015,Cabeceras,Afiliada a salud,Ago - Oct,15335.469
2015,Cabeceras,Afiliada a salud,Sep - Nov,15452.239333333331
2015,Cabeceras,Afiliada a salud,Oct - Dic,15544.529
2015,Cabeceras,Afiliada a salud,Nov - Ene,15213.474
2015,Cabeceras,Afiliada a salud,Dic - Feb,14970.031
2016,Cabeceras,Afiliada a salud,Ene - Mar,14765.901
2016,Cabeceras,Afiliada a salud,Feb - Abr,14919.96766666667
2016,Cabeceras,Afiliada a salud,Mar - May,14934.580666666667
2016,Cabeceras,Afiliada a salud,Abr - Jun,15085.083666666667
2016,Cabeceras,Afiliada a salud,May - Jul,15062.890666666666
2016,Cabeceras,Afiliada a salud,Jun - Ago,15192.491
2016,Cabeceras,Afiliada a salud,Jul - Sep,15218.181666666665
2016,Cabeceras,Afiliada a salud,Ago - Oct,15359.294666666667
2016,Cabeceras,Afiliada a salud,Sep - Nov,15434.542333333333
2016,Cabeceras,Afiliada a salud,Oct - Dic,15485.835666666666
2016,Cabeceras,Afiliada a salud,Nov - Ene,15212.480333333333
2016,Cabeceras,Afiliada a salud,Dic - Feb,15022.314333333334
2017,Cabeceras,Afiliada a salud,Ene - Mar,14895.113
2017,Cabeceras,Afiliada a salud,Feb - Abr,15071.443999999998
2017,Cabeceras,Afiliada a salud,Mar - May,15105.000666666665
2017,Cabeceras,Afiliada a salud,Abr - Jun,15281.381333333333
2017,Cabeceras,Afiliada a salud,May - Jul,15270.947999999999
2017,Cabeceras,Afiliada a salud,Jun - Ago,15365.894333333335
2017,Cabeceras,Afiliada a salud,Jul - Sep,15214.945666666667
2017,Cabeceras,Afiliada a salud,Ago - Oct,15354.340666666665
2017,Cabeceras,Afiliada a salud,Sep - Nov,15345.083666666667
2017,Cabeceras,Afiliada a salud,Oct - Dic,15473.377
2017,Cabeceras,Afiliada a salud,Nov - Ene,15182.865666666667
2017,Cabeceras,Afiliada a salud,Dic - Feb,15001.064333333334
2018,Cabeceras,Afiliada a salud,Ene - Mar,14881.717999999999
2018,Cabeceras,Afiliada a salud,Feb - Abr,15094.415666666668
2018,Cabeceras,Afiliada a salud,Mar - May,15264.145999999999
2018,Cabeceras,Afiliada a salud,Abr - Jun,15324.186333333333
2018,Cabeceras,Afiliada a salud,May - Jul,15295.302000000001
2018,Cabeceras,Afiliada a salud,Jun - Ago,15321.267333333335
2018,Cabeceras,Afiliada a salud,Jul - Sep,15379.631000000001
2018,Cabeceras,Afiliada a salud,Ago - Oct,15460.251666666669
2018,Cabeceras,Afiliada a salud,Sep - Nov,15469.452
2018,Cabeceras,Afiliada a salud,Oct - Dic,15461.051
2018,Cabeceras,Afiliada a salud,Nov - Ene,15207.459666666668
2018,Cabeceras,Afiliada a salud,Dic - Feb,15053.875333333335
2019,Cabeceras,Afiliada a salud,Ene - Mar,14961.524333333333
2019,Cabeceras,Afiliada a salud,Feb - Abr,15108.177666666665
2019,Cabeceras,Afiliada a salud,Mar - May,15176.788666666665
2019,Cabeceras,Afiliada a salud,Abr - Jun,15269.216
2019,Cabeceras,Afiliada a salud,May - Jul,15342.496
2019,Cabeceras,Afiliada a salud,Jun - Ago,15317.615333333333
2019,Cabeceras,Afiliada a salud,Jul - Sep,15254.431333333332
2019,Cabeceras,Afiliada a salud,Ago - Oct,15252.439
2019,Cabeceras,Afiliada a salud,Sep - Nov,15386.668
2019,Cabeceras,Afiliada a salud,Oct - Dic,15493.459666666668
2019,Cabeceras,Afiliada a salud,Nov - Ene,15248.166333333333
2019,Cabeceras,Afiliada a salud,Dic - Feb,15013.532333333334
2020,Cabeceras,Afiliada a salud,Ene - Mar,0.0
2020,Cabeceras,Afiliada a salud,Feb - Abr,0.0
2020,Cabeceras,Afiliada a salud,Mar - May,0.0
2020,Cabeceras,Afiliada a salud,Abr - Jun,0.0
2020,Cabeceras,Afiliada a salud,May - Jul,12020.501333333334
2020,Cabeceras,Afiliada a salud,Jun - Ago,12458.739666666666
2020,Cabeceras,Afiliada a salud,Jul - Sep,12871.618
2020,Cabeceras,Afiliada a salud,Ago - Oct,13569.271
2020,Cabeceras,Afiliada a salud,Sep - Nov,13997.085
2020,Cabeceras,Afiliada a salud,Oct - Dic,14337.691666666666
2020,Cabeceras,Afiliada a salud,Nov - Ene,14197.454333333333
2020,Cabeceras,Afiliada a salud,Dic - Feb,14232.118666666667
2021,Cabeceras,Afiliada a salud,Ene - Mar,14224.193000000001
2021,Cabeceras,Afiliada a salud,Feb - Abr,14390.991666666669
2021,Cabeceras,Afiliada a salud,Mar - May,14393.801666666668
2021,Cabeceras,Afiliada a salud,Abr - Jun,14429.719666666666
2021,Cabeceras,Afiliada a salud,May - Jul,14632.737666666668
2021,Cabeceras,Afiliada a salud,Jun - Ago,14828.057666666666
2021,Cabeceras,Afiliada a salud,Jul - Sep,14974.776
2021,Cabeceras,Afiliada a salud,Ago - Oct,15104.475666666667
2021,Cabeceras,Afiliada a salud,Sep - Nov,15293.042333333337
2021,Cabeceras,Afiliada a salud,Oct - Dic,15517.39
2021,Cabeceras,Afiliada a salud,Nov - Ene,15514.380333333334
2021,Cabeceras,Afiliada a salud,Dic - Feb,15583.837666666666
2022,Cabeceras,Afiliada a salud,Ene - Mar,15674.773333333333
2022,Cabeceras,Afiliada a salud,Feb - Abr,15987.442666666668
2022,Cabeceras,Afiliada a salud,Mar - May,16161.034333333335
2022,Cabeceras,Afiliada a salud,Abr - Jun,16223.057
2022,Cabeceras,Afiliada a salud,May - Jul,16277.647666666666
2022,Cabeceras,Afiliada a salud,Jun - Ago,16353.885333333334
2022,Cabeceras,Afiliada a salud,Jul - Sep,16482.651333333335
2022,Cabeceras,Afiliada a salud,Ago - Oct,16657.178333333333
2022,Cabeceras,Afiliada a salud,Sep - Nov,16766.942666666666
2022,Cabeceras,Afiliada a salud,Oct - Dic,16845.958
2022,Cabeceras,Afiliada a salud,Nov - Ene,16561.395666666667
2022,Cabeceras,Afiliada a salud,Dic - Feb,16415.442666666666
2023,Cabeceras,Afiliada a salud,Ene - Mar,16480.766
2023,Cabeceras,Afiliada a salud,Feb - Abr,16805.581
2023,Cabeceras,Afiliada a salud,Mar - May,16940.106666666663
2023,Cabeceras,Afiliada a salud,Abr - Jun,17052.21933333333
2023,Cabeceras,Afiliada a salud,May - Jul,17208.609
2023,Cabeceras,Afiliada a salud,Jun - Ago,17389.38
2023,Cabeceras,Afiliada a salud,Jul - Sep,17380.481
2023,Cabeceras,Afiliada a salud,Ago - Oct,17404.371
2023,Cabeceras,Afiliada a salud,Sep - Nov,17524.826
2023,Cabeceras,Afiliada a salud,Oct - Dic,17491.345
2023,Cabeceras,Afiliada a salud,Nov - Ene,17200.823
2023,Cabeceras,Afiliada a salud,Dic - Feb,16945.258
2024,Cabeceras,Afiliada a salud,Ene - Mar,16913.671
2024,Cabeceras,Afiliada a salud,Feb - Abr,17121.573
2024,Cabeceras,Afiliada a salud,Mar - May,17261.444
2024,Cabeceras,Afiliada a salud,Abr - Jun,17326.672
2024,Cabeceras,Afiliada a salud,May - Jul,17394.299
2024,Cabeceras,Afiliada a salud,Jun - Ago,17488.337
2024,Cabeceras,Afiliada a salud,Jul - Sep,17556.903
2024,Cabeceras,Afiliada a salud,Ago - Oct,17682.665
2024,Cabeceras,Afiliada a salud,Sep - Nov,17826.75
2024,Cabeceras,Afiliada a salud,Oct - Dic,17944.948
2024,Cabeceras,Afiliada a salud,Nov - Ene,17761.847
2024,Cabeceras,Afiliada a salud,Dic - Feb,17646.167
2025,Cabeceras,Afiliada a salud,Ene - Mar,17688.021
2025,Cabeceras,Afiliada a salud,Feb - Abr,17914.024
2025,Cabeceras,Afiliada a salud,Mar - May,17982.774
2025,Cabeceras,Afiliada a salud,Abr - Jun,17993.896
2025,Cabeceras,Afiliada a salud,May - Jul,18080.236
2025,Cabeceras,Afiliada a salud,Jun - Ago,18214.134
2025,Cabeceras,Afiliada a salud,Jul - Sep,18309.868
2025,Cabeceras,Afiliada a salud,Ago - Oct,18381.463
2025,Cabeceras,Afiliada a salud,Sep - Nov,18525.859
2025,Cabeceras,Afiliada a salud,Oct - Dic,18615.332
2025,Cabeceras,Afiliada a salud,Nov - Ene,18348.585
2025,Cabeceras,Afiliada a salud,Dic - Feb,18225.857
2026,Cabeceras,Afiliada a salud,Ene - Mar,18215.196
2026,Cabeceras,Afiliada a salud,Feb - Abr,18521.373
2007,Cabeceras,Régimen contributivo,Ene - Mar,6752.766333333333
2007,Cabeceras,Régimen contributivo,Feb - Abr,6981.069333333333
2007,Cabeceras,Régimen contributivo,Mar - May,7095.037666666666
2007,Cabeceras,Régimen contributivo,Abr - Jun,7063.7266666666665
2007,Cabeceras,Régimen contributivo,May - Jul,7100.228666666667
2007,Cabeceras,Régimen contributivo,Jun - Ago,7038.3606666666665
2007,Cabeceras,Régimen contributivo,Jul - Sep,7147.610666666667
2007,Cabeceras,Régimen contributivo,Ago - Oct,7169.409
2007,Cabeceras,Régimen contributivo,Sep - Nov,7248.889666666667
2007,Cabeceras,Régimen contributivo,Oct - Dic,7193.119
2007,Cabeceras,Régimen contributivo,Nov - Ene,7125.045333333333
2007,Cabeceras,Régimen contributivo,Dic - Feb,6994.242000000001
2008,Cabeceras,Régimen contributivo,Ene - Mar,6960.543333333332
2008,Cabeceras,Régimen contributivo,Feb - Abr,7114.374
2008,Cabeceras,Régimen contributivo,Mar - May,7290.095666666667
2008,Cabeceras,Régimen contributivo,Abr - Jun,7418.302333333333
2008,Cabeceras,Régimen contributivo,May - Jul,7415.478666666667
2008,Cabeceras,Régimen contributivo,Jun - Ago,7371.491333333334
2008,Cabeceras,Régimen contributivo,Jul - Sep,7327.017666666667
2008,Cabeceras,Régimen contributivo,Ago - Oct,7248.937666666666
2008,Cabeceras,Régimen contributivo,Sep - Nov,7236.3386666666665
2008,Cabeceras,Régimen contributivo,Oct - Dic,7217.358
2008,Cabeceras,Régimen contributivo,Nov - Ene,7103.234
2008,Cabeceras,Régimen contributivo,Dic - Feb,7040.967666666666
2009,Cabeceras,Régimen contributivo,Ene - Mar,7003.686666666667
2009,Cabeceras,Régimen contributivo,Feb - Abr,7224.840666666667
2009,Cabeceras,Régimen contributivo,Mar - May,7298.4856666666665
2009,Cabeceras,Régimen contributivo,Abr - Jun,7377.446
2009,Cabeceras,Régimen contributivo,May - Jul,7356.999
2009,Cabeceras,Régimen contributivo,Jun - Ago,7384.318333333334
2009,Cabeceras,Régimen contributivo,Jul - Sep,7433.515666666667
2009,Cabeceras,Régimen contributivo,Ago - Oct,7495.687000000001
2009,Cabeceras,Régimen contributivo,Sep - Nov,7591.336666666666
2009,Cabeceras,Régimen contributivo,Oct - Dic,7552.837
2009,Cabeceras,Régimen contributivo,Nov - Ene,7438.202
2009,Cabeceras,Régimen contributivo,Dic - Feb,7380.209666666667
2010,Cabeceras,Régimen contributivo,Ene - Mar,7347.192333333333
2010,Cabeceras,Régimen contributivo,Feb - Abr,7499.393
2010,Cabeceras,Régimen contributivo,Mar - May,7494.134000000001
2010,Cabeceras,Régimen contributivo,Abr - Jun,7602.583
2010,Cabeceras,Régimen contributivo,May - Jul,7471.819666666667
2010,Cabeceras,Régimen contributivo,Jun - Ago,7496.251
2010,Cabeceras,Régimen contributivo,Jul - Sep,7543.640666666666
2010,Cabeceras,Régimen contributivo,Ago - Oct,7683.479666666667
2010,Cabeceras,Régimen contributivo,Sep - Nov,7749.584333333333
2010,Cabeceras,Régimen contributivo,Oct - Dic,7764.767666666667
2010,Cabeceras,Régimen contributivo,Nov - Ene,7682.852
2010,Cabeceras,Régimen contributivo,Dic - Feb,7640.901999999999
2011,Cabeceras,Régimen contributivo,Ene - Mar,7659.985000000001
2011,Cabeceras,Régimen contributivo,Feb - Abr,7827.500666666667
2011,Cabeceras,Régimen contributivo,Mar - May,7902.163333333334
2011,Cabeceras,Régimen contributivo,Abr - Jun,8011.540333333333
2011,Cabeceras,Régimen contributivo,May - Jul,8033.179
2011,Cabeceras,Régimen contributivo,Jun - Ago,8106.1163333333325
2011,Cabeceras,Régimen contributivo,Jul - Sep,8224.689333333334
2011,Cabeceras,Régimen contributivo,Ago - Oct,8367.677666666668
2011,Cabeceras,Régimen contributivo,Sep - Nov,8390.096333333333
2011,Cabeceras,Régimen contributivo,Oct - Dic,8330.714666666667
2011,Cabeceras,Régimen contributivo,Nov - Ene,8162.003333333333
2011,Cabeceras,Régimen contributivo,Dic - Feb,8075.851
2012,Cabeceras,Régimen contributivo,Ene - Mar,8069.847333333334
2012,Cabeceras,Régimen contributivo,Feb - Abr,8239.175000000001
2012,Cabeceras,Régimen contributivo,Mar - May,8368.867666666667
2012,Cabeceras,Régimen contributivo,Abr - Jun,8434.466
2012,Cabeceras,Régimen contributivo,May - Jul,8381.127666666665
2012,Cabeceras,Régimen contributivo,Jun - Ago,8520.289666666667
2012,Cabeceras,Régimen contributivo,Jul - Sep,8474.370666666668
2012,Cabeceras,Régimen contributivo,Ago - Oct,8504.919333333333
2012,Cabeceras,Régimen contributivo,Sep - Nov,8370.648
2012,Cabeceras,Régimen contributivo,Oct - Dic,8339.156333333332
2012,Cabeceras,Régimen contributivo,Nov - Ene,8247.852333333334
2012,Cabeceras,Régimen contributivo,Dic - Feb,8211.678333333331
2013,Cabeceras,Régimen contributivo,Ene - Mar,8235.596333333333
2013,Cabeceras,Régimen contributivo,Feb - Abr,8384.380666666666
2013,Cabeceras,Régimen contributivo,Mar - May,8515.329333333333
2013,Cabeceras,Régimen contributivo,Abr - Jun,8622.359666666669
2013,Cabeceras,Régimen contributivo,May - Jul,8679.252666666667
2013,Cabeceras,Régimen contributivo,Jun - Ago,8692.554000000002
2013,Cabeceras,Régimen contributivo,Jul - Sep,8788.233666666667
2013,Cabeceras,Régimen contributivo,Ago - Oct,8856.899333333333
2013,Cabeceras,Régimen contributivo,Sep - Nov,8859.344333333333
2013,Cabeceras,Régimen contributivo,Oct - Dic,8777.112666666666
2013,Cabeceras,Régimen contributivo,Nov - Ene,8649.784666666666
2013,Cabeceras,Régimen contributivo,Dic - Feb,8694.251666666665
2014,Cabeceras,Régimen contributivo,Ene - Mar,8688.234333333332
2014,Cabeceras,Régimen contributivo,Feb - Abr,8923.090333333334
2014,Cabeceras,Régimen contributivo,Mar - May,9010.675000000001
2014,Cabeceras,Régimen contributivo,Abr - Jun,9101.258
2014,Cabeceras,Régimen contributivo,May - Jul,9079.334
2014,Cabeceras,Régimen contributivo,Jun - Ago,9090.319666666668
2014,Cabeceras,Régimen contributivo,Jul - Sep,9198.914999999999
2014,Cabeceras,Régimen contributivo,Ago - Oct,9251.359
2014,Cabeceras,Régimen contributivo,Sep - Nov,9313.446666666667
2014,Cabeceras,Régimen contributivo,Oct - Dic,9246.140333333335
2014,Cabeceras,Régimen contributivo,Nov - Ene,9100.182333333332
2014,Cabeceras,Régimen contributivo,Dic - Feb,8996.187
2015,Cabeceras,Régimen contributivo,Ene - Mar,8931.089333333333
2015,Cabeceras,Régimen contributivo,Feb - Abr,9012.421
2015,Cabeceras,Régimen contributivo,Mar - May,9083.216666666667
2015,Cabeceras,Régimen contributivo,Abr - Jun,9238.866
2015,Cabeceras,Régimen contributivo,May - Jul,9255.363
2015,Cabeceras,Régimen contributivo,Jun - Ago,9331.019666666667
2015,Cabeceras,Régimen contributivo,Jul - Sep,9366.427999999998
2015,Cabeceras,Régimen contributivo,Ago - Oct,9514.946333333333
2015,Cabeceras,Régimen contributivo,Sep - Nov,9499.869666666667
2015,Cabeceras,Régimen contributivo,Oct - Dic,9445.813666666667
2015,Cabeceras,Régimen contributivo,Nov - Ene,9232.330666666667
2015,Cabeceras,Régimen contributivo,Dic - Feb,9167.058333333334
2016,Cabeceras,Régimen contributivo,Ene - Mar,9081.268000000002
2016,Cabeceras,Régimen contributivo,Feb - Abr,9168.830333333333
2016,Cabeceras,Régimen contributivo,Mar - May,9209.575333333334
2016,Cabeceras,Régimen contributivo,Abr - Jun,9329.469333333333
2016,Cabeceras,Régimen contributivo,May - Jul,9293.496333333334
2016,Cabeceras,Régimen contributivo,Jun - Ago,9323.496
2016,Cabeceras,Régimen contributivo,Jul - Sep,9385.926333333333
2016,Cabeceras,Régimen contributivo,Ago - Oct,9518.015666666668
2016,Cabeceras,Régimen contributivo,Sep - Nov,9547.230333333333
2016,Cabeceras,Régimen contributivo,Oct - Dic,9457.970666666668
2016,Cabeceras,Régimen contributivo,Nov - Ene,9253.871666666666
2016,Cabeceras,Régimen contributivo,Dic - Feb,9159.026666666667
2017,Cabeceras,Régimen contributivo,Ene - Mar,9078.174333333334
2017,Cabeceras,Régimen contributivo,Feb - Abr,9246.620333333332
2017,Cabeceras,Régimen contributivo,Mar - May,9241.786333333332
2017,Cabeceras,Régimen contributivo,Abr - Jun,9371.531666666668
2017,Cabeceras,Régimen contributivo,May - Jul,9251.064
2017,Cabeceras,Régimen contributivo,Jun - Ago,9305.637
2017,Cabeceras,Régimen contributivo,Jul - Sep,9240.576666666668
2017,Cabeceras,Régimen contributivo,Ago - Oct,9396.042666666666
2017,Cabeceras,Régimen contributivo,Sep - Nov,9393.604666666666
2017,Cabeceras,Régimen contributivo,Oct - Dic,9329.37
2017,Cabeceras,Régimen contributivo,Nov - Ene,9027.642333333333
2017,Cabeceras,Régimen contributivo,Dic - Feb,8963.649
2018,Cabeceras,Régimen contributivo,Ene - Mar,8991.450333333334
2018,Cabeceras,Régimen contributivo,Feb - Abr,9226.128333333334
2018,Cabeceras,Régimen contributivo,Mar - May,9287.775333333333
2018,Cabeceras,Régimen contributivo,Abr - Jun,9349.509666666667
2018,Cabeceras,Régimen contributivo,May - Jul,9355.581
2018,Cabeceras,Régimen contributivo,Jun - Ago,9360.550666666668
2018,Cabeceras,Régimen contributivo,Jul - Sep,9393.443333333335
2018,Cabeceras,Régimen contributivo,Ago - Oct,9402.494
2018,Cabeceras,Régimen contributivo,Sep - Nov,9407.948
2018,Cabeceras,Régimen contributivo,Oct - Dic,9308.204666666667
2018,Cabeceras,Régimen contributivo,Nov - Ene,9042.783666666668
2018,Cabeceras,Régimen contributivo,Dic - Feb,8942.466333333332
2019,Cabeceras,Régimen contributivo,Ene - Mar,8989.259666666667
2019,Cabeceras,Régimen contributivo,Feb - Abr,9239.003333333334
2019,Cabeceras,Régimen contributivo,Mar - May,9300.870666666668
2019,Cabeceras,Régimen contributivo,Abr - Jun,9413.409333333333
2019,Cabeceras,Régimen contributivo,May - Jul,9454.668333333333
2019,Cabeceras,Régimen contributivo,Jun - Ago,9484.907
2019,Cabeceras,Régimen contributivo,Jul - Sep,9478.385333333334
2019,Cabeceras,Régimen contributivo,Ago - Oct,9486.262333333332
2019,Cabeceras,Régimen contributivo,Sep - Nov,9499.627333333332
2019,Cabeceras,Régimen contributivo,Oct - Dic,9353.828333333333
2019,Cabeceras,Régimen contributivo,Nov - Ene,9128.636333333334
2019,Cabeceras,Régimen contributivo,Dic - Feb,8995.706
2020,Cabeceras,Régimen contributivo,Ene - Mar,0.0
2020,Cabeceras,Régimen contributivo,Feb - Abr,0.0
2020,Cabeceras,Régimen contributivo,Mar - May,0.0
2020,Cabeceras,Régimen contributivo,Abr - Jun,0.0
2020,Cabeceras,Régimen contributivo,May - Jul,7382.586
2020,Cabeceras,Régimen contributivo,Jun - Ago,7685.670000000001
2020,Cabeceras,Régimen contributivo,Jul - Sep,7881.545666666666
2020,Cabeceras,Régimen contributivo,Ago - Oct,8287.792
2020,Cabeceras,Régimen contributivo,Sep - Nov,8463.338000000002
2020,Cabeceras,Régimen contributivo,Oct - Dic,8577.803333333331
2020,Cabeceras,Régimen contributivo,Nov - Ene,8693.430666666667
2020,Cabeceras,Régimen contributivo,Dic - Feb,8757.815666666667
2021,Cabeceras,Régimen contributivo,Ene - Mar,8898.627
2021,Cabeceras,Régimen contributivo,Feb - Abr,8931.629
2021,Cabeceras,Régimen contributivo,Mar - May,9021.425666666668
2021,Cabeceras,Régimen contributivo,Abr - Jun,9129.159333333335
2021,Cabeceras,Régimen contributivo,May - Jul,9294.246
2021,Cabeceras,Régimen contributivo,Jun - Ago,9343.360666666667
2021,Cabeceras,Régimen contributivo,Jul - Sep,9472.879666666666
2021,Cabeceras,Régimen contributivo,Ago - Oct,9538.771
2021,Cabeceras,Régimen contributivo,Sep - Nov,9644.341
2021,Cabeceras,Régimen contributivo,Oct - Dic,9785.329
2021,Cabeceras,Régimen contributivo,Nov - Ene,9799.419333333333
2021,Cabeceras,Régimen contributivo,Dic - Feb,9865.804666666667
2022,Cabeceras,Régimen contributivo,Ene - Mar,9811.850666666667
2022,Cabeceras,Régimen contributivo,Feb - Abr,10006.052666666666
2022,Cabeceras,Régimen contributivo,Mar - May,10221.450333333334
2022,Cabeceras,Régimen contributivo,Abr - Jun,10334.287333333334
2022,Cabeceras,Régimen contributivo,May - Jul,10299.771666666667
2022,Cabeceras,Régimen contributivo,Jun - Ago,10238.989
2022,Cabeceras,Régimen contributivo,Jul - Sep,10294.196333333333
2022,Cabeceras,Régimen contributivo,Ago - Oct,10396.459333333334
2022,Cabeceras,Régimen contributivo,Sep - Nov,10444.843333333332
2022,Cabeceras,Régimen contributivo,Oct - Dic,10488.010666666667
2022,Cabeceras,Régimen contributivo,Nov - Ene,10269.962333333335
2022,Cabeceras,Régimen contributivo,Dic - Feb,10048.966333333332
2023,Cabeceras,Régimen contributivo,Ene - Mar,9928.857
2023,Cabeceras,Régimen contributivo,Feb - Abr,10174.100666666667
2023,Cabeceras,Régimen contributivo,Mar - May,10459.936666666666
2023,Cabeceras,Régimen contributivo,Abr - Jun,10727.260999999999
2023,Cabeceras,Régimen contributivo,May - Jul,10867.498
2023,Cabeceras,Régimen contributivo,Jun - Ago,10888.33
2023,Cabeceras,Régimen contributivo,Jul - Sep,10883.589
2023,Cabeceras,Régimen contributivo,Ago - Oct,10929.522
2023,Cabeceras,Régimen contributivo,Sep - Nov,11098.018
2023,Cabeceras,Régimen contributivo,Oct - Dic,11022.52
2023,Cabeceras,Régimen contributivo,Nov - Ene,10764.555
2023,Cabeceras,Régimen contributivo,Dic - Feb,10492.443
2024,Cabeceras,Régimen contributivo,Ene - Mar,10458.107
2024,Cabeceras,Régimen contributivo,Feb - Abr,10593.959
2024,Cabeceras,Régimen contributivo,Mar - May,10810.098
2024,Cabeceras,Régimen contributivo,Abr - Jun,10932.609
2024,Cabeceras,Régimen contributivo,May - Jul,10990.401
2024,Cabeceras,Régimen contributivo,Jun - Ago,10958.321
2024,Cabeceras,Régimen contributivo,Jul - Sep,11007.916
2024,Cabeceras,Régimen contributivo,Ago - Oct,11064.969
2024,Cabeceras,Régimen contributivo,Sep - Nov,11135.187
2024,Cabeceras,Régimen contributivo,Oct - Dic,11024.457
2024,Cabeceras,Régimen contributivo,Nov - Ene,10911.098
2024,Cabeceras,Régimen contributivo,Dic - Feb,10704.887
2025,Cabeceras,Régimen contributivo,Ene - Mar,10719.299
2025,Cabeceras,Régimen contributivo,Feb - Abr,10889.9
2025,Cabeceras,Régimen contributivo,Mar - May,11052.23
2025,Cabeceras,Régimen contributivo,Abr - Jun,11167.894
2025,Cabeceras,Régimen contributivo,May - Jul,11258.221
2025,Cabeceras,Régimen contributivo,Jun - Ago,11340.749
2025,Cabeceras,Régimen contributivo,Jul - Sep,11415.275
2025,Cabeceras,Régimen contributivo,Ago - Oct,11303.216
2025,Cabeceras,Régimen contributivo,Sep - Nov,11371.235
2025,Cabeceras,Régimen contributivo,Oct - Dic,11367.275
2025,Cabeceras,Régimen contributivo,Nov - Ene,11355.208
2025,Cabeceras,Régimen contributivo,Dic - Feb,11334.393
2026,Cabeceras,Régimen contributivo,Ene - Mar,11331.948
2026,Cabeceras,Régimen contributivo,Feb - Abr,11482.735
2007,Cabeceras,Régimen especial,Ene - Mar,258.9733333333333
2007,Cabeceras,Régimen especial,Feb - Abr,250.0086666666667
2007,Cabeceras,Régimen especial,Mar - May,247.99666666666667
2007,Cabeceras,Régimen especial,Abr - Jun,248.40200000000002
2007,Cabeceras,Régimen especial,May - Jul,261.261
2007,Cabeceras,Régimen especial,Jun - Ago,276.64566666666667
2007,Cabeceras,Régimen especial,Jul - Sep,264.90766666666667
2007,Cabeceras,Régimen especial,Ago - Oct,306.49533333333335
2007,Cabeceras,Régimen especial,Sep - Nov,325.2583333333333
2007,Cabeceras,Régimen especial,Oct - Dic,338.52333333333337
2007,Cabeceras,Régimen especial,Nov - Ene,320.13666666666666
2007,Cabeceras,Régimen especial,Dic - Feb,299.8743333333333
2008,Cabeceras,Régimen especial,Ene - Mar,298.77299999999997
2008,Cabeceras,Régimen especial,Feb - Abr,292.2733333333333
2008,Cabeceras,Régimen especial,Mar - May,293.89666666666665
2008,Cabeceras,Régimen especial,Abr - Jun,302.4386666666667
2008,Cabeceras,Régimen especial,May - Jul,325.7486666666666
2008,Cabeceras,Régimen especial,Jun - Ago,317.1166666666667
2008,Cabeceras,Régimen especial,Jul - Sep,328.2253333333333
2008,Cabeceras,Régimen especial,Ago - Oct,305.9596666666667
2008,Cabeceras,Régimen especial,Sep - Nov,315.2923333333333
2008,Cabeceras,Régimen especial,Oct - Dic,318.14166666666665
2008,Cabeceras,Régimen especial,Nov - Ene,338.225
2008,Cabeceras,Régimen especial,Dic - Feb,349.23566666666665
2009,Cabeceras,Régimen especial,Ene - Mar,362.124
2009,Cabeceras,Régimen especial,Feb - Abr,359.663
2009,Cabeceras,Régimen especial,Mar - May,374.41100000000006
2009,Cabeceras,Régimen especial,Abr - Jun,377.1293333333333
2009,Cabeceras,Régimen especial,May - Jul,378.6856666666667
2009,Cabeceras,Régimen especial,Jun - Ago,355.2853333333333
2009,Cabeceras,Régimen especial,Jul - Sep,352.8880000000001
2009,Cabeceras,Régimen especial,Ago - Oct,348.5663333333334
2009,Cabeceras,Régimen especial,Sep - Nov,374.166
2009,Cabeceras,Régimen especial,Oct - Dic,379.135
2009,Cabeceras,Régimen especial,Nov - Ene,396.56766666666664
2009,Cabeceras,Régimen especial,Dic - Feb,400.47299999999996
2010,Cabeceras,Régimen especial,Ene - Mar,416.05400000000003
2010,Cabeceras,Régimen especial,Feb - Abr,409.702
2010,Cabeceras,Régimen especial,Mar - May,419.9113333333333
2010,Cabeceras,Régimen especial,Abr - Jun,423.221
2010,Cabeceras,Régimen especial,May - Jul,446.14433333333335
2010,Cabeceras,Régimen especial,Jun - Ago,463.99399999999997
2010,Cabeceras,Régimen especial,Jul - Sep,481.90799999999996
2010,Cabeceras,Régimen especial,Ago - Oct,495.1936666666666
2010,Cabeceras,Régimen especial,Sep - Nov,483.60633333333334
2010,Cabeceras,Régimen especial,Oct - Dic,445.779
2010,Cabeceras,Régimen especial,Nov - Ene,427.7283333333333
2010,Cabeceras,Régimen especial,Dic - Feb,437.8126666666667
2011,Cabeceras,Régimen especial,Ene - Mar,452.09999999999997
2011,Cabeceras,Régimen especial,Feb - Abr,434.7703333333334
2011,Cabeceras,Régimen especial,Mar - May,423.05766666666665
2011,Cabeceras,Régimen especial,Abr - Jun,451.6876666666667
2011,Cabeceras,Régimen especial,May - Jul,470.472
2011,Cabeceras,Régimen especial,Jun - Ago,475.05300000000005
2011,Cabeceras,Régimen especial,Jul - Sep,469.50500000000005
2011,Cabeceras,Régimen especial,Ago - Oct,472.1076666666666
2011,Cabeceras,Régimen especial,Sep - Nov,472.73600000000005
2011,Cabeceras,Régimen especial,Oct - Dic,438.63300000000004
2011,Cabeceras,Régimen especial,Nov - Ene,463.61499999999995
2011,Cabeceras,Régimen especial,Dic - Feb,466.7463333333333
2012,Cabeceras,Régimen especial,Ene - Mar,494.337
2012,Cabeceras,Régimen especial,Feb - Abr,470.17366666666663
2012,Cabeceras,Régimen especial,Mar - May,493.1163333333334
2012,Cabeceras,Régimen especial,Abr - Jun,521.7683333333333
2012,Cabeceras,Régimen especial,May - Jul,526.4313333333333
2012,Cabeceras,Régimen especial,Jun - Ago,505.1523333333333
2012,Cabeceras,Régimen especial,Jul - Sep,488.9083333333333
2012,Cabeceras,Régimen especial,Ago - Oct,514.8870000000001
2012,Cabeceras,Régimen especial,Sep - Nov,504.71233333333333
2012,Cabeceras,Régimen especial,Oct - Dic,470.943
2012,Cabeceras,Régimen especial,Nov - Ene,446.4723333333333
2012,Cabeceras,Régimen especial,Dic - Feb,451.50966666666665
2013,Cabeceras,Régimen especial,Ene - Mar,460.98133333333334
2013,Cabeceras,Régimen especial,Feb - Abr,484.003
2013,Cabeceras,Régimen especial,Mar - May,502.461
2013,Cabeceras,Régimen especial,Abr - Jun,537.6473333333333
2013,Cabeceras,Régimen especial,May - Jul,545.0396666666667
2013,Cabeceras,Régimen especial,Jun - Ago,551.8770000000001
2013,Cabeceras,Régimen especial,Jul - Sep,545.2573333333333
2013,Cabeceras,Régimen especial,Ago - Oct,544.8556666666667
2013,Cabeceras,Régimen especial,Sep - Nov,546.157
2013,Cabeceras,Régimen especial,Oct - Dic,515.791
2013,Cabeceras,Régimen especial,Nov - Ene,508.145
2013,Cabeceras,Régimen especial,Dic - Feb,483.2706666666666
2014,Cabeceras,Régimen especial,Ene - Mar,497.2083333333333
2014,Cabeceras,Régimen especial,Feb - Abr,486.39033333333333
2014,Cabeceras,Régimen especial,Mar - May,487.03266666666667
2014,Cabeceras,Régimen especial,Abr - Jun,497.9293333333333
2014,Cabeceras,Régimen especial,May - Jul,524.8253333333333
2014,Cabeceras,Régimen especial,Jun - Ago,543.2526666666666
2014,Cabeceras,Régimen especial,Jul - Sep,530.4836666666666
2014,Cabeceras,Régimen especial,Ago - Oct,519.9653333333334
2014,Cabeceras,Régimen especial,Sep - Nov,530.639
2014,Cabeceras,Régimen especial,Oct - Dic,544.6039999999999
2014,Cabeceras,Régimen especial,Nov - Ene,514.437
2014,Cabeceras,Régimen especial,Dic - Feb,489.13866666666667
2015,Cabeceras,Régimen especial,Ene - Mar,487.9406666666667
2015,Cabeceras,Régimen especial,Feb - Abr,495.248
2015,Cabeceras,Régimen especial,Mar - May,525.9699999999999
2015,Cabeceras,Régimen especial,Abr - Jun,509.1166666666666
2015,Cabeceras,Régimen especial,May - Jul,528.8033333333333
2015,Cabeceras,Régimen especial,Jun - Ago,520.052
2015,Cabeceras,Régimen especial,Jul - Sep,536.7303333333333
2015,Cabeceras,Régimen especial,Ago - Oct,563.4006666666666
2015,Cabeceras,Régimen especial,Sep - Nov,569.9656666666666
2015,Cabeceras,Régimen especial,Oct - Dic,569.445
2015,Cabeceras,Régimen especial,Nov - Ene,532.8323333333334
2015,Cabeceras,Régimen especial,Dic - Feb,519.5763333333333
2016,Cabeceras,Régimen especial,Ene - Mar,521.9163333333333
2016,Cabeceras,Régimen especial,Feb - Abr,549.6753333333334
2016,Cabeceras,Régimen especial,Mar - May,562.143
2016,Cabeceras,Régimen especial,Abr - Jun,575.5176666666666
2016,Cabeceras,Régimen especial,May - Jul,559.8196666666666
2016,Cabeceras,Régimen especial,Jun - Ago,552.2743333333333
2016,Cabeceras,Régimen especial,Jul - Sep,566.9923333333332
2016,Cabeceras,Régimen especial,Ago - Oct,562.903
2016,Cabeceras,Régimen especial,Sep - Nov,589.7403333333333
2016,Cabeceras,Régimen especial,Oct - Dic,578.3863333333333
2016,Cabeceras,Régimen especial,Nov - Ene,586.318
2016,Cabeceras,Régimen especial,Dic - Feb,552.227
2017,Cabeceras,Régimen especial,Ene - Mar,551.7963333333333
2017,Cabeceras,Régimen especial,Feb - Abr,553.3820000000001
2017,Cabeceras,Régimen especial,Mar - May,574.9943333333334
2017,Cabeceras,Régimen especial,Abr - Jun,572.1163333333333
2017,Cabeceras,Régimen especial,May - Jul,573.1633333333333
2017,Cabeceras,Régimen especial,Jun - Ago,593.5263333333334
2017,Cabeceras,Régimen especial,Jul - Sep,611.5323333333333
2017,Cabeceras,Régimen especial,Ago - Oct,596.336
2017,Cabeceras,Régimen especial,Sep - Nov,570.4036666666667
2017,Cabeceras,Régimen especial,Oct - Dic,540.876
2017,Cabeceras,Régimen especial,Nov - Ene,544.1196666666666
2017,Cabeceras,Régimen especial,Dic - Feb,530.2713333333332
2018,Cabeceras,Régimen especial,Ene - Mar,542.9586666666668
2018,Cabeceras,Régimen especial,Feb - Abr,571.6873333333333
2018,Cabeceras,Régimen especial,Mar - May,598.577
2018,Cabeceras,Régimen especial,Abr - Jun,635.5843333333333
2018,Cabeceras,Régimen especial,May - Jul,613.8249999999999
2018,Cabeceras,Régimen especial,Jun - Ago,624.8813333333334
2018,Cabeceras,Régimen especial,Jul - Sep,583.2496666666667
2018,Cabeceras,Régimen especial,Ago - Oct,585.3936666666667
2018,Cabeceras,Régimen especial,Sep - Nov,579.2036666666667
2018,Cabeceras,Régimen especial,Oct - Dic,601.0596666666667
2018,Cabeceras,Régimen especial,Nov - Ene,624.3106666666667
2018,Cabeceras,Régimen especial,Dic - Feb,617.7693333333333
2019,Cabeceras,Régimen especial,Ene - Mar,595.6356666666667
2019,Cabeceras,Régimen especial,Feb - Abr,572.0936666666666
2019,Cabeceras,Régimen especial,Mar - May,548.8866666666667
2019,Cabeceras,Régimen especial,Abr - Jun,564.898
2019,Cabeceras,Régimen especial,May - Jul,578.7130000000001
2019,Cabeceras,Régimen especial,Jun - Ago,591.3736666666667
2019,Cabeceras,Régimen especial,Jul - Sep,602.1376666666666
2019,Cabeceras,Régimen especial,Ago - Oct,587.718
2019,Cabeceras,Régimen especial,Sep - Nov,598.1413333333334
2019,Cabeceras,Régimen especial,Oct - Dic,565.169
2019,Cabeceras,Régimen especial,Nov - Ene,582.8253333333333
2019,Cabeceras,Régimen especial,Dic - Feb,567.5936666666666
2020,Cabeceras,Régimen especial,Ene - Mar,0.0
2020,Cabeceras,Régimen especial,Feb - Abr,0.0
2020,Cabeceras,Régimen especial,Mar - May,0.0
2020,Cabeceras,Régimen especial,Abr - Jun,0.0
2020,Cabeceras,Régimen especial,May - Jul,459.78933333333333
2020,Cabeceras,Régimen especial,Jun - Ago,466.39833333333337
2020,Cabeceras,Régimen especial,Jul - Sep,534.5786666666667
2020,Cabeceras,Régimen especial,Ago - Oct,583.084
2020,Cabeceras,Régimen especial,Sep - Nov,578.7976666666667
2020,Cabeceras,Régimen especial,Oct - Dic,541.1093333333333
2020,Cabeceras,Régimen especial,Nov - Ene,468.59200000000004
2020,Cabeceras,Régimen especial,Dic - Feb,422.0056666666667
2021,Cabeceras,Régimen especial,Ene - Mar,366.512
2021,Cabeceras,Régimen especial,Feb - Abr,375.89466666666664
2021,Cabeceras,Régimen especial,Mar - May,399.2486666666667
2021,Cabeceras,Régimen especial,Abr - Jun,391.8486666666667
2021,Cabeceras,Régimen especial,May - Jul,393.58066666666673
2021,Cabeceras,Régimen especial,Jun - Ago,373.6743333333334
2021,Cabeceras,Régimen especial,Jul - Sep,395.1426666666666
2021,Cabeceras,Régimen especial,Ago - Oct,387.24033333333335
2021,Cabeceras,Régimen especial,Sep - Nov,424.35966666666667
2021,Cabeceras,Régimen especial,Oct - Dic,445.64799999999997
2021,Cabeceras,Régimen especial,Nov - Ene,479.30133333333333
2021,Cabeceras,Régimen especial,Dic - Feb,468.19433333333336
2022,Cabeceras,Régimen especial,Ene - Mar,465.828
2022,Cabeceras,Régimen especial,Feb - Abr,469.84999999999997
2022,Cabeceras,Régimen especial,Mar - May,473.63466666666665
2022,Cabeceras,Régimen especial,Abr - Jun,473.07266666666663
2022,Cabeceras,Régimen especial,May - Jul,480.5746666666667
2022,Cabeceras,Régimen especial,Jun - Ago,478.5556666666667
2022,Cabeceras,Régimen especial,Jul - Sep,490.15000000000003
2022,Cabeceras,Régimen especial,Ago - Oct,482.1476666666667
2022,Cabeceras,Régimen especial,Sep - Nov,475.07300000000004
2022,Cabeceras,Régimen especial,Oct - Dic,461.4793333333334
2022,Cabeceras,Régimen especial,Nov - Ene,452.9593333333334
2022,Cabeceras,Régimen especial,Dic - Feb,485.64300000000003
2023,Cabeceras,Régimen especial,Ene - Mar,512.0586666666667
2023,Cabeceras,Régimen especial,Feb - Abr,541.8703333333333
2023,Cabeceras,Régimen especial,Mar - May,543.897
2023,Cabeceras,Régimen especial,Abr - Jun,530.5013333333333
2023,Cabeceras,Régimen especial,May - Jul,520.836
2023,Cabeceras,Régimen especial,Jun - Ago,522.253
2023,Cabeceras,Régimen especial,Jul - Sep,558.494
2023,Cabeceras,Régimen especial,Ago - Oct,539.239
2023,Cabeceras,Régimen especial,Sep - Nov,519.939
2023,Cabeceras,Régimen especial,Oct - Dic,493.602
2023,Cabeceras,Régimen especial,Nov - Ene,519.206
2023,Cabeceras,Régimen especial,Dic - Feb,523.923
2024,Cabeceras,Régimen especial,Ene - Mar,540.013
2024,Cabeceras,Régimen especial,Feb - Abr,559.635
2024,Cabeceras,Régimen especial,Mar - May,564.883
2024,Cabeceras,Régimen especial,Abr - Jun,539.142
2024,Cabeceras,Régimen especial,May - Jul,499.709
2024,Cabeceras,Régimen especial,Jun - Ago,504.15
2024,Cabeceras,Régimen especial,Jul - Sep,513.837
2024,Cabeceras,Régimen especial,Ago - Oct,538.675
2024,Cabeceras,Régimen especial,Sep - Nov,538.114
2024,Cabeceras,Régimen especial,Oct - Dic,533.076
2024,Cabeceras,Régimen especial,Nov - Ene,516.133
2024,Cabeceras,Régimen especial,Dic - Feb,531.479
2025,Cabeceras,Régimen especial,Ene - Mar,523.341
2025,Cabeceras,Régimen especial,Feb - Abr,563.78
2025,Cabeceras,Régimen especial,Mar - May,531.747
2025,Cabeceras,Régimen especial,Abr - Jun,572.16
2025,Cabeceras,Régimen especial,May - Jul,517.034
2025,Cabeceras,Régimen especial,Jun - Ago,511.103
2025,Cabeceras,Régimen especial,Jul - Sep,480.78
2025,Cabeceras,Régimen especial,Ago - Oct,527.521
2025,Cabeceras,Régimen especial,Sep - Nov,523.561
2025,Cabeceras,Régimen especial,Oct - Dic,535.834
2025,Cabeceras,Régimen especial,Nov - Ene,500.537
2025,Cabeceras,Régimen especial,Dic - Feb,535.054
2026,Cabeceras,Régimen especial,Ene - Mar,554.069
2026,Cabeceras,Régimen especial,Feb - Abr,569.215
2007,Cabeceras,Aportantes,Ene - Mar,5603.308333333333
2007,Cabeceras,Aportantes,Feb - Abr,5743.639
2007,Cabeceras,Aportantes,Mar - May,5809.306333333333
2007,Cabeceras,Aportantes,Abr - Jun,5784.9259999999995
2007,Cabeceras,Aportantes,May - Jul,5851.521333333333
2007,Cabeceras,Aportantes,Jun - Ago,5821.223000000001
2007,Cabeceras,Aportantes,Jul - Sep,5902.368666666666
2007,Cabeceras,Aportantes,Ago - Oct,5947.8803333333335
2007,Cabeceras,Aportantes,Sep - Nov,6016.632666666667
2007,Cabeceras,Aportantes,Oct - Dic,5944.815666666666
2007,Cabeceras,Aportantes,Nov - Ene,5901.331666666666
2007,Cabeceras,Aportantes,Dic - Feb,5800.3206666666665
2008,Cabeceras,Aportantes,Ene - Mar,5807.949333333333
2008,Cabeceras,Aportantes,Feb - Abr,5894.025000000001
2008,Cabeceras,Aportantes,Mar - May,6022.247666666666
2008,Cabeceras,Aportantes,Abr - Jun,6142.565666666666
2008,Cabeceras,Aportantes,May - Jul,6154.178333333333
2008,Cabeceras,Aportantes,Jun - Ago,6124.940333333333
2008,Cabeceras,Aportantes,Jul - Sep,6047.560333333332
2008,Cabeceras,Aportantes,Ago - Oct,5959.462333333333
2008,Cabeceras,Aportantes,Sep - Nov,5922.081666666666
2008,Cabeceras,Aportantes,Oct - Dic,5942.548
2008,Cabeceras,Aportantes,Nov - Ene,5886.799666666666
2008,Cabeceras,Aportantes,Dic - Feb,5867.475000000001
2009,Cabeceras,Aportantes,Ene - Mar,5822.276333333332
2009,Cabeceras,Aportantes,Feb - Abr,5977.7716666666665
2009,Cabeceras,Aportantes,Mar - May,6037.105666666667
2009,Cabeceras,Aportantes,Abr - Jun,6065.368666666666
2009,Cabeceras,Aportantes,May - Jul,6074.328666666667
2009,Cabeceras,Aportantes,Jun - Ago,6079.438666666666
2009,Cabeceras,Aportantes,Jul - Sep,6163.650000000001
2009,Cabeceras,Aportantes,Ago - Oct,6158.216333333334
2009,Cabeceras,Aportantes,Sep - Nov,6224.552333333333
2009,Cabeceras,Aportantes,Oct - Dic,6161.3803333333335
2009,Cabeceras,Aportantes,Nov - Ene,6108.519333333333
2009,Cabeceras,Aportantes,Dic - Feb,6097.906333333332
2010,Cabeceras,Aportantes,Ene - Mar,6118.03
2010,Cabeceras,Aportantes,Feb - Abr,6247.061333333334
2010,Cabeceras,Aportantes,Mar - May,6256.829999999999
2010,Cabeceras,Aportantes,Abr - Jun,6329.384666666666
2010,Cabeceras,Aportantes,May - Jul,6248.377
2010,Cabeceras,Aportantes,Jun - Ago,6269.6956666666665
2010,Cabeceras,Aportantes,Jul - Sep,6304.543666666666
2010,Cabeceras,Aportantes,Ago - Oct,6376.9906666666675
2010,Cabeceras,Aportantes,Sep - Nov,6392.6810000000005
2010,Cabeceras,Aportantes,Oct - Dic,6384.879333333333
2010,Cabeceras,Aportantes,Nov - Ene,6358.7626666666665
2010,Cabeceras,Aportantes,Dic - Feb,6336.833
2011,Cabeceras,Aportantes,Ene - Mar,6401.450333333333
2011,Cabeceras,Aportantes,Feb - Abr,6499.144
2011,Cabeceras,Aportantes,Mar - May,6560.216666666667
2011,Cabeceras,Aportantes,Abr - Jun,6651.321666666667
2011,Cabeceras,Aportantes,May - Jul,6694.3369999999995
2011,Cabeceras,Aportantes,Jun - Ago,6736.005333333334
2011,Cabeceras,Aportantes,Jul - Sep,6820.297
2011,Cabeceras,Aportantes,Ago - Oct,6856.482333333333
2011,Cabeceras,Aportantes,Sep - Nov,6859.7
2011,Cabeceras,Aportantes,Oct - Dic,6760.013333333333
2011,Cabeceras,Aportantes,Nov - Ene,6712.725333333333
2011,Cabeceras,Aportantes,Dic - Feb,6712.305333333333
2012,Cabeceras,Aportantes,Ene - Mar,6763.919000000001
2012,Cabeceras,Aportantes,Feb - Abr,6864.004000000001
2012,Cabeceras,Aportantes,Mar - May,6939.381666666667
2012,Cabeceras,Aportantes,Abr - Jun,6976.918333333334
2012,Cabeceras,Aportantes,May - Jul,6932.815
2012,Cabeceras,Aportantes,Jun - Ago,7040.097333333334
2012,Cabeceras,Aportantes,Jul - Sep,6981.083666666666
2012,Cabeceras,Aportantes,Ago - Oct,7013.747333333333
2012,Cabeceras,Aportantes,Sep - Nov,6914.9783333333335
2012,Cabeceras,Aportantes,Oct - Dic,6897.029333333333
2012,Cabeceras,Aportantes,Nov - Ene,6856.980333333333
2012,Cabeceras,Aportantes,Dic - Feb,6822.959333333333
2013,Cabeceras,Aportantes,Ene - Mar,6869.306666666666
2013,Cabeceras,Aportantes,Feb - Abr,7003.331000000001
2013,Cabeceras,Aportantes,Mar - May,7091.050333333333
2013,Cabeceras,Aportantes,Abr - Jun,7197.280333333333
2013,Cabeceras,Aportantes,May - Jul,7222.294333333334
2013,Cabeceras,Aportantes,Jun - Ago,7278.828333333334
2013,Cabeceras,Aportantes,Jul - Sep,7331.649333333332
2013,Cabeceras,Aportantes,Ago - Oct,7387.9039999999995
2013,Cabeceras,Aportantes,Sep - Nov,7371.211666666666
2013,Cabeceras,Aportantes,Oct - Dic,7282.816333333333
2013,Cabeceras,Aportantes,Nov - Ene,7228.586666666666
2013,Cabeceras,Aportantes,Dic - Feb,7303.0070000000005
2014,Cabeceras,Aportantes,Ene - Mar,7376.490000000001
2014,Cabeceras,Aportantes,Feb - Abr,7545.331333333333
2014,Cabeceras,Aportantes,Mar - May,7625.81
2014,Cabeceras,Aportantes,Abr - Jun,7717.47
2014,Cabeceras,Aportantes,May - Jul,7729.459333333333
2014,Cabeceras,Aportantes,Jun - Ago,7720.956000000001
2014,Cabeceras,Aportantes,Jul - Sep,7803.762999999999
2014,Cabeceras,Aportantes,Ago - Oct,7788.578
2014,Cabeceras,Aportantes,Sep - Nov,7822.956333333333
2014,Cabeceras,Aportantes,Oct - Dic,7734.2733333333335
2014,Cabeceras,Aportantes,Nov - Ene,7635.433
2014,Cabeceras,Aportantes,Dic - Feb,7579.766333333333
2015,Cabeceras,Aportantes,Ene - Mar,7567.276000000001
2015,Cabeceras,Aportantes,Feb - Abr,7650.628333333333
2015,Cabeceras,Aportantes,Mar - May,7705.640333333333
2015,Cabeceras,Aportantes,Abr - Jun,7802.889999999999
2015,Cabeceras,Aportantes,May - Jul,7841.071666666667
2015,Cabeceras,Aportantes,Jun - Ago,7934.438999999999
2015,Cabeceras,Aportantes,Jul - Sep,7968.189333333333
2015,Cabeceras,Aportantes,Ago - Oct,8110.256333333334
2015,Cabeceras,Aportantes,Sep - Nov,8121.823333333334
2015,Cabeceras,Aportantes,Oct - Dic,8083.920333333333
2015,Cabeceras,Aportantes,Nov - Ene,7895.549333333333
2015,Cabeceras,Aportantes,Dic - Feb,7843.013
2016,Cabeceras,Aportantes,Ene - Mar,7829.712
2016,Cabeceras,Aportantes,Feb - Abr,7943.308666666667
2016,Cabeceras,Aportantes,Mar - May,7999.909
2016,Cabeceras,Aportantes,Abr - Jun,8111.923333333333
2016,Cabeceras,Aportantes,May - Jul,8066.331333333334
2016,Cabeceras,Aportantes,Jun - Ago,8087.844
2016,Cabeceras,Aportantes,Jul - Sep,8122.977333333333
2016,Cabeceras,Aportantes,Ago - Oct,8223.508666666667
2016,Cabeceras,Aportantes,Sep - Nov,8231.709333333334
2016,Cabeceras,Aportantes,Oct - Dic,8153.863333333334
2016,Cabeceras,Aportantes,Nov - Ene,8017.882666666667
2016,Cabeceras,Aportantes,Dic - Feb,7980.357666666667
2017,Cabeceras,Aportantes,Ene - Mar,7968.010666666666
2017,Cabeceras,Aportantes,Feb - Abr,8145.332333333333
2017,Cabeceras,Aportantes,Mar - May,8178.720666666667
2017,Cabeceras,Aportantes,Abr - Jun,8274.316666666666
2017,Cabeceras,Aportantes,May - Jul,8158.979333333334
2017,Cabeceras,Aportantes,Jun - Ago,8199.177666666666
2017,Cabeceras,Aportantes,Jul - Sep,8158.4743333333345
2017,Cabeceras,Aportantes,Ago - Oct,8267.875666666667
2017,Cabeceras,Aportantes,Sep - Nov,8244.468333333332
2017,Cabeceras,Aportantes,Oct - Dic,8172.890666666666
2017,Cabeceras,Aportantes,Nov - Ene,7935.007999999999
2017,Cabeceras,Aportantes,Dic - Feb,7917.374666666667
2018,Cabeceras,Aportantes,Ene - Mar,7965.662333333334
2018,Cabeceras,Aportantes,Feb - Abr,8186.181
2018,Cabeceras,Aportantes,Mar - May,8253.139000000001
2018,Cabeceras,Aportantes,Abr - Jun,8362.314
2018,Cabeceras,Aportantes,May - Jul,8357.622000000001
2018,Cabeceras,Aportantes,Jun - Ago,8353.474333333334
2018,Cabeceras,Aportantes,Jul - Sep,8296.385333333332
2018,Cabeceras,Aportantes,Ago - Oct,8329.067666666666
2018,Cabeceras,Aportantes,Sep - Nov,8304.615666666667
2018,Cabeceras,Aportantes,Oct - Dic,8255.637333333332
2018,Cabeceras,Aportantes,Nov - Ene,8062.379666666668
2018,Cabeceras,Aportantes,Dic - Feb,8022.422
2019,Cabeceras,Aportantes,Ene - Mar,8065.803333333333
2019,Cabeceras,Aportantes,Feb - Abr,8262.893333333333
2019,Cabeceras,Aportantes,Mar - May,8299.849
2019,Cabeceras,Aportantes,Abr - Jun,8413.335
2019,Cabeceras,Aportantes,May - Jul,8478.447999999999
2019,Cabeceras,Aportantes,Jun - Ago,8524.305333333334
2019,Cabeceras,Aportantes,Jul - Sep,8549.313
2019,Cabeceras,Aportantes,Ago - Oct,8512.195
2019,Cabeceras,Aportantes,Sep - Nov,8512.427
2019,Cabeceras,Aportantes,Oct - Dic,8323.075666666666
2019,Cabeceras,Aportantes,Nov - Ene,8150.614333333334
2019,Cabeceras,Aportantes,Dic - Feb,8044.242666666666
2020,Cabeceras,Aportantes,Ene - Mar,0.0
2020,Cabeceras,Aportantes,Feb - Abr,0.0
2020,Cabeceras,Aportantes,Mar - May,0.0
2020,Cabeceras,Aportantes,Abr - Jun,0.0
2020,Cabeceras,Aportantes,May - Jul,6855.863666666667
2020,Cabeceras,Aportantes,Jun - Ago,7101.003333333333
2020,Cabeceras,Aportantes,Jul - Sep,7285.600333333333
2020,Cabeceras,Aportantes,Ago - Oct,7608.320333333333
2020,Cabeceras,Aportantes,Sep - Nov,7747.362666666667
2020,Cabeceras,Aportantes,Oct - Dic,7814.1630000000005
2020,Cabeceras,Aportantes,Nov - Ene,7932.217333333334
2020,Cabeceras,Aportantes,Dic - Feb,8032.897333333333
2021,Cabeceras,Aportantes,Ene - Mar,8218.070333333335
2021,Cabeceras,Aportantes,Feb - Abr,8256.190999999999
2021,Cabeceras,Aportantes,Mar - May,8363.728333333333
2021,Cabeceras,Aportantes,Abr - Jun,8437.137333333334
2021,Cabeceras,Aportantes,May - Jul,8525.607333333333
2021,Cabeceras,Aportantes,Jun - Ago,8491.251000000002
2021,Cabeceras,Aportantes,Jul - Sep,8609.102666666668
2021,Cabeceras,Aportantes,Ago - Oct,8691.788666666667
2021,Cabeceras,Aportantes,Sep - Nov,8834.394666666667
2021,Cabeceras,Aportantes,Oct - Dic,8937.696000000002
2021,Cabeceras,Aportantes,Nov - Ene,9012.730333333333
2021,Cabeceras,Aportantes,Dic - Feb,9065.748333333335
2022,Cabeceras,Aportantes,Ene - Mar,9033.38
2022,Cabeceras,Aportantes,Feb - Abr,9182.337666666666
2022,Cabeceras,Aportantes,Mar - May,9353.773000000001
2022,Cabeceras,Aportantes,Abr - Jun,9432.744666666667
2022,Cabeceras,Aportantes,May - Jul,9370.812
2022,Cabeceras,Aportantes,Jun - Ago,9339.246
2022,Cabeceras,Aportantes,Jul - Sep,9359.322999999999
2022,Cabeceras,Aportantes,Ago - Oct,9450.023
2022,Cabeceras,Aportantes,Sep - Nov,9480.992
2022,Cabeceras,Aportantes,Oct - Dic,9568.829333333335
2022,Cabeceras,Aportantes,Nov - Ene,9411.063666666667
2022,Cabeceras,Aportantes,Dic - Feb,9251.824333333334
2023,Cabeceras,Aportantes,Ene - Mar,9163.801
2023,Cabeceras,Aportantes,Feb - Abr,9399.525666666666
2023,Cabeceras,Aportantes,Mar - May,9649.955
2023,Cabeceras,Aportantes,Abr - Jun,9888.78
2023,Cabeceras,Aportantes,May - Jul,9976.459
2023,Cabeceras,Aportantes,Jun - Ago,9982.902
2023,Cabeceras,Aportantes,Jul - Sep,9989.119
2023,Cabeceras,Aportantes,Ago - Oct,10045.366
2023,Cabeceras,Aportantes,Sep - Nov,10160.337
2023,Cabeceras,Aportantes,Oct - Dic,10108.752
2023,Cabeceras,Aportantes,Nov - Ene,9910.292
2023,Cabeceras,Aportantes,Dic - Feb,9701.541
2024,Cabeceras,Aportantes,Ene - Mar,9645.665
2024,Cabeceras,Aportantes,Feb - Abr,9745.159
2024,Cabeceras,Aportantes,Mar - May,9951.266
2024,Cabeceras,Aportantes,Abr - Jun,10052.879
2024,Cabeceras,Aportantes,May - Jul,10102.347
2024,Cabeceras,Aportantes,Jun - Ago,10076.316
2024,Cabeceras,Aportantes,Jul - Sep,10109.117
2024,Cabeceras,Aportantes,Ago - Oct,10155.969
2024,Cabeceras,Aportantes,Sep - Nov,10214.751
2024,Cabeceras,Aportantes,Oct - Dic,10173.158
2024,Cabeceras,Aportantes,Nov - Ene,10075.86
2024,Cabeceras,Aportantes,Dic - Feb,9898.164
2025,Cabeceras,Aportantes,Ene - Mar,9838.715
2025,Cabeceras,Aportantes,Feb - Abr,10015.263
2025,Cabeceras,Aportantes,Mar - May,10148.382
2025,Cabeceras,Aportantes,Abr - Jun,10305.485
2025,Cabeceras,Aportantes,May - Jul,10346.47
2025,Cabeceras,Aportantes,Jun - Ago,10434.696
2025,Cabeceras,Aportantes,Jul - Sep,10525.527
2025,Cabeceras,Aportantes,Ago - Oct,10479.572
2025,Cabeceras,Aportantes,Sep - Nov,10516.315
2025,Cabeceras,Aportantes,Oct - Dic,10467.822
2025,Cabeceras,Aportantes,Nov - Ene,10449.146
2025,Cabeceras,Aportantes,Dic - Feb,10454.134
2026,Cabeceras,Aportantes,Ene - Mar,10494.174
2026,Cabeceras,Aportantes,Feb - Abr,10654.763
2007,Cabeceras,Beneficiarios,Ene - Mar,1402.0143333333333
2007,Cabeceras,Beneficiarios,Feb - Abr,1481.3783333333333
2007,Cabeceras,Beneficiarios,Mar - May,1526.902
2007,Cabeceras,Beneficiarios,Abr - Jun,1522.3393333333333
2007,Cabeceras,Beneficiarios,May - Jul,1505.2806666666668
2007,Cabeceras,Beneficiarios,Jun - Ago,1489.7183333333335
2007,Cabeceras,Beneficiarios,Jul - Sep,1504.052
2007,Cabeceras,Beneficiarios,Ago - Oct,1523.6906666666666
2007,Cabeceras,Beneficiarios,Sep - Nov,1555.0756666666666
2007,Cabeceras,Beneficiarios,Oct - Dic,1585.9276666666665
2007,Cabeceras,Beneficiarios,Nov - Ene,1541.8513333333333
2007,Cabeceras,Beneficiarios,Dic - Feb,1491.918
2008,Cabeceras,Beneficiarios,Ene - Mar,1448.6683333333333
2008,Cabeceras,Beneficiarios,Feb - Abr,1508.9009999999998
2008,Cabeceras,Beneficiarios,Mar - May,1556.3436666666666
2008,Cabeceras,Beneficiarios,Abr - Jun,1572.8956666666666
2008,Cabeceras,Beneficiarios,May - Jul,1583.7176666666667
2008,Cabeceras,Beneficiarios,Jun - Ago,1560.4653333333333
2008,Cabeceras,Beneficiarios,Jul - Sep,1603.397
2008,Cabeceras,Beneficiarios,Ago - Oct,1588.0306666666665
2008,Cabeceras,Beneficiarios,Sep - Nov,1621.707
2008,Cabeceras,Beneficiarios,Oct - Dic,1586.9456666666667
2008,Cabeceras,Beneficiarios,Nov - Ene,1546.3566666666666
2008,Cabeceras,Beneficiarios,Dic - Feb,1515.5923333333333
2009,Cabeceras,Beneficiarios,Ene - Mar,1535.6536666666668
2009,Cabeceras,Beneficiarios,Feb - Abr,1602.5010000000002
2009,Cabeceras,Beneficiarios,Mar - May,1629.7816666666665
2009,Cabeceras,Beneficiarios,Abr - Jun,1682.259
2009,Cabeceras,Beneficiarios,May - Jul,1652.6283333333333
2009,Cabeceras,Beneficiarios,Jun - Ago,1651.778
2009,Cabeceras,Beneficiarios,Jul - Sep,1615.6423333333332
2009,Cabeceras,Beneficiarios,Ago - Oct,1680.6063333333332
2009,Cabeceras,Beneficiarios,Sep - Nov,1735.7823333333333
2009,Cabeceras,Beneficiarios,Oct - Dic,1764.0696666666665
2009,Cabeceras,Beneficiarios,Nov - Ene,1717.4896666666666
2009,Cabeceras,Beneficiarios,Dic - Feb,1675.1006666666665
2010,Cabeceras,Beneficiarios,Ene - Mar,1636.1883333333333
2010,Cabeceras,Beneficiarios,Feb - Abr,1655.1193333333333
2010,Cabeceras,Beneficiarios,Mar - May,1648.811
2010,Cabeceras,Beneficiarios,Abr - Jun,1687.0173333333332
2010,Cabeceras,Beneficiarios,May - Jul,1658.426666666667
2010,Cabeceras,Beneficiarios,Jun - Ago,1681.2296666666668
2010,Cabeceras,Beneficiarios,Jul - Sep,1713.914
2010,Cabeceras,Beneficiarios,Ago - Oct,1795.1103333333333
2010,Cabeceras,Beneficiarios,Sep - Nov,1828.6266666666668
2010,Cabeceras,Beneficiarios,Oct - Dic,1811.4926666666668
2010,Cabeceras,Beneficiarios,Nov - Ene,1737.7986666666666
2010,Cabeceras,Beneficiarios,Dic - Feb,1726.2193333333332
2011,Cabeceras,Beneficiarios,Ene - Mar,1696.6393333333333
2011,Cabeceras,Beneficiarios,Feb - Abr,1743.8229999999996
2011,Cabeceras,Beneficiarios,Mar - May,1744.2306666666666
2011,Cabeceras,Beneficiarios,Abr - Jun,1785.041
2011,Cabeceras,Beneficiarios,May - Jul,1779.2376666666667
2011,Cabeceras,Beneficiarios,Jun - Ago,1816.0436666666665
2011,Cabeceras,Beneficiarios,Jul - Sep,1837.1683333333333
2011,Cabeceras,Beneficiarios,Ago - Oct,1945.0003333333334
2011,Cabeceras,Beneficiarios,Sep - Nov,1959.0439999999999
2011,Cabeceras,Beneficiarios,Oct - Dic,1968.6253333333334
2011,Cabeceras,Beneficiarios,Nov - Ene,1879.1953333333333
2011,Cabeceras,Beneficiarios,Dic - Feb,1798.8863333333336
2012,Cabeceras,Beneficiarios,Ene - Mar,1772.8556666666666
2012,Cabeceras,Beneficiarios,Feb - Abr,1816.8640000000003
2012,Cabeceras,Beneficiarios,Mar - May,1896.9046666666666
2012,Cabeceras,Beneficiarios,Abr - Jun,1950.8636666666669
2012,Cabeceras,Beneficiarios,May - Jul,1940.2873333333334
2012,Cabeceras,Beneficiarios,Jun - Ago,1953.7096666666666
2012,Cabeceras,Beneficiarios,Jul - Sep,1947.0783333333331
2012,Cabeceras,Beneficiarios,Ago - Oct,1973.7236666666665
2012,Cabeceras,Beneficiarios,Sep - Nov,1923.1646666666666
2012,Cabeceras,Beneficiarios,Oct - Dic,1885.5910000000001
2012,Cabeceras,Beneficiarios,Nov - Ene,1809.9566666666667
2012,Cabeceras,Beneficiarios,Dic - Feb,1817.8606666666667
2013,Cabeceras,Beneficiarios,Ene - Mar,1802.8259999999998
2013,Cabeceras,Beneficiarios,Feb - Abr,1845.9759999999999
2013,Cabeceras,Beneficiarios,Mar - May,1907.022
2013,Cabeceras,Beneficiarios,Abr - Jun,1940.1843333333334
2013,Cabeceras,Beneficiarios,May - Jul,1968.9126666666664
2013,Cabeceras,Beneficiarios,Jun - Ago,1919.1170000000002
2013,Cabeceras,Beneficiarios,Jul - Sep,1952.265666666667
2013,Cabeceras,Beneficiarios,Ago - Oct,1958.0716666666667
2013,Cabeceras,Beneficiarios,Sep - Nov,1982.6333333333332
2013,Cabeceras,Beneficiarios,Oct - Dic,1957.171
2013,Cabeceras,Beneficiarios,Nov - Ene,1880.6776666666665
2013,Cabeceras,Beneficiarios,Dic - Feb,1821.793
2014,Cabeceras,Beneficiarios,Ene - Mar,1754.559
2014,Cabeceras,Beneficiarios,Feb - Abr,1808.0366666666666
2014,Cabeceras,Beneficiarios,Mar - May,1815.6166666666668
2014,Cabeceras,Beneficiarios,Abr - Jun,1828.9129999999998
2014,Cabeceras,Beneficiarios,May - Jul,1825.5026666666665
2014,Cabeceras,Beneficiarios,Jun - Ago,1862.3026666666667
2014,Cabeceras,Beneficiarios,Jul - Sep,1866.0929999999998
2014,Cabeceras,Beneficiarios,Ago - Oct,1913.3590000000002
2014,Cabeceras,Beneficiarios,Sep - Nov,1950.6723333333332
2014,Cabeceras,Beneficiarios,Oct - Dic,1979.9976666666669
2014,Cabeceras,Beneficiarios,Nov - Ene,1908.5886666666665
2014,Cabeceras,Beneficiarios,Dic - Feb,1826.334
2015,Cabeceras,Beneficiarios,Ene - Mar,1777.314
2015,Cabeceras,Beneficiarios,Feb - Abr,1782.287
2015,Cabeceras,Beneficiarios,Mar - May,1832.9176666666665
2015,Cabeceras,Beneficiarios,Abr - Jun,1869.6106666666667
2015,Cabeceras,Beneficiarios,May - Jul,1859.25
2015,Cabeceras,Beneficiarios,Jun - Ago,1838.9733333333334
2015,Cabeceras,Beneficiarios,Jul - Sep,1865.986
2015,Cabeceras,Beneficiarios,Ago - Oct,1903.299
2015,Cabeceras,Beneficiarios,Sep - Nov,1882.8313333333333
2015,Cabeceras,Beneficiarios,Oct - Dic,1871.6986666666664
2015,Cabeceras,Beneficiarios,Nov - Ene,1803.3806666666667
2015,Cabeceras,Beneficiarios,Dic - Feb,1775.2906666666668
2016,Cabeceras,Beneficiarios,Ene - Mar,1704.8123333333333
2016,Cabeceras,Beneficiarios,Feb - Abr,1713.5259999999998
2016,Cabeceras,Beneficiarios,Mar - May,1705.528
2016,Cabeceras,Beneficiarios,Abr - Jun,1723.5153333333335
2016,Cabeceras,Beneficiarios,May - Jul,1726.6206666666665
2016,Cabeceras,Beneficiarios,Jun - Ago,1733.3076666666666
2016,Cabeceras,Beneficiarios,Jul - Sep,1764.771
2016,Cabeceras,Beneficiarios,Ago - Oct,1793.1876666666667
2016,Cabeceras,Beneficiarios,Sep - Nov,1838.2453333333333
2016,Cabeceras,Beneficiarios,Oct - Dic,1831.7079999999999
2016,Cabeceras,Beneficiarios,Nov - Ene,1763.8863333333336
2016,Cabeceras,Beneficiarios,Dic - Feb,1680.506
2017,Cabeceras,Beneficiarios,Ene - Mar,1611.367
2017,Cabeceras,Beneficiarios,Feb - Abr,1605.5146666666667
2017,Cabeceras,Beneficiarios,Mar - May,1592.2486666666666
2017,Cabeceras,Beneficiarios,Abr - Jun,1615.3003333333334
2017,Cabeceras,Beneficiarios,May - Jul,1615.3696666666667
2017,Cabeceras,Beneficiarios,Jun - Ago,1645.0896666666667
2017,Cabeceras,Beneficiarios,Jul - Sep,1638.767
2017,Cabeceras,Beneficiarios,Ago - Oct,1670.3783333333333
2017,Cabeceras,Beneficiarios,Sep - Nov,1666.8369999999998
2017,Cabeceras,Beneficiarios,Oct - Dic,1648.8716666666667
2017,Cabeceras,Beneficiarios,Nov - Ene,1586.01
2017,Cabeceras,Beneficiarios,Dic - Feb,1523.316
2018,Cabeceras,Beneficiarios,Ene - Mar,1511.7766666666666
2018,Cabeceras,Beneficiarios,Feb - Abr,1546.888
2018,Cabeceras,Beneficiarios,Mar - May,1569.5463333333335
2018,Cabeceras,Beneficiarios,Abr - Jun,1561.7403333333332
2018,Cabeceras,Beneficiarios,May - Jul,1561.3643333333332
2018,Cabeceras,Beneficiarios,Jun - Ago,1587.7743333333335
2018,Cabeceras,Beneficiarios,Jul - Sep,1630.6613333333335
2018,Cabeceras,Beneficiarios,Ago - Oct,1607.1486666666667
2018,Cabeceras,Beneficiarios,Sep - Nov,1618.222
2018,Cabeceras,Beneficiarios,Oct - Dic,1591.5743333333332
2018,Cabeceras,Beneficiarios,Nov - Ene,1540.350333333333
2018,Cabeceras,Beneficiarios,Dic - Feb,1478.6553333333331
2019,Cabeceras,Beneficiarios,Ene - Mar,1468.0743333333332
2019,Cabeceras,Beneficiarios,Feb - Abr,1496.5323333333333
2019,Cabeceras,Beneficiarios,Mar - May,1503.1196666666667
2019,Cabeceras,Beneficiarios,Abr - Jun,1515.4713333333332
2019,Cabeceras,Beneficiarios,May - Jul,1508.2186666666666
2019,Cabeceras,Beneficiarios,Jun - Ago,1508.9186666666665
2019,Cabeceras,Beneficiarios,Jul - Sep,1486.7856666666667
2019,Cabeceras,Beneficiarios,Ago - Oct,1516.093
2019,Cabeceras,Beneficiarios,Sep - Nov,1535.3486666666668
2019,Cabeceras,Beneficiarios,Oct - Dic,1547.9796666666668
2019,Cabeceras,Beneficiarios,Nov - Ene,1516.3363333333334
2019,Cabeceras,Beneficiarios,Dic - Feb,1478.2103333333334
2020,Cabeceras,Beneficiarios,Ene - Mar,0.0
2020,Cabeceras,Beneficiarios,Feb - Abr,0.0
2020,Cabeceras,Beneficiarios,Mar - May,0.0
2020,Cabeceras,Beneficiarios,Abr - Jun,0.0
2020,Cabeceras,Beneficiarios,May - Jul,967.474
2020,Cabeceras,Beneficiarios,Jun - Ago,1018.926
2020,Cabeceras,Beneficiarios,Jul - Sep,1084.2703333333334
2020,Cabeceras,Beneficiarios,Ago - Oct,1205.8770000000002
2020,Cabeceras,Beneficiarios,Sep - Nov,1244.3463333333332
2020,Cabeceras,Beneficiarios,Oct - Dic,1255.8226666666667
2020,Cabeceras,Beneficiarios,Nov - Ene,1188.973
2020,Cabeceras,Beneficiarios,Dic - Feb,1108.613
2021,Cabeceras,Beneficiarios,Ene - Mar,1021.0683333333335
2021,Cabeceras,Beneficiarios,Feb - Abr,1032.4089999999999
2021,Cabeceras,Beneficiarios,Mar - May,1045.3003333333334
2021,Cabeceras,Beneficiarios,Abr - Jun,1073.6036666666666
2021,Cabeceras,Beneficiarios,May - Jul,1152.3176666666666
2021,Cabeceras,Beneficiarios,Jun - Ago,1216.487
2021,Cabeceras,Beneficiarios,Jul - Sep,1251.1616666666666
2021,Cabeceras,Beneficiarios,Ago - Oct,1225.5796666666668
2021,Cabeceras,Beneficiarios,Sep - Nov,1224.4593333333335
2021,Cabeceras,Beneficiarios,Oct - Dic,1282.9313333333332
2021,Cabeceras,Beneficiarios,Nov - Ene,1249.7796666666666
2021,Cabeceras,Beneficiarios,Dic - Feb,1249.466333333333
2022,Cabeceras,Beneficiarios,Ene - Mar,1225.963
2022,Cabeceras,Beneficiarios,Feb - Abr,1281.1936666666668
2022,Cabeceras,Beneficiarios,Mar - May,1330.8776666666665
2022,Cabeceras,Beneficiarios,Abr - Jun,1359.9096666666667
2022,Cabeceras,Beneficiarios,May - Jul,1386.3583333333333
2022,Cabeceras,Beneficiarios,Jun - Ago,1351.5196666666668
2022,Cabeceras,Beneficiarios,Jul - Sep,1394.282
2022,Cabeceras,Beneficiarios,Ago - Oct,1404.3783333333333
2022,Cabeceras,Beneficiarios,Sep - Nov,1416.1383333333333
2022,Cabeceras,Beneficiarios,Oct - Dic,1362.1583333333333
2022,Cabeceras,Beneficiarios,Nov - Ene,1294.4383333333333
2022,Cabeceras,Beneficiarios,Dic - Feb,1266.6826666666668
2023,Cabeceras,Beneficiarios,Ene - Mar,1263.6480000000001
2023,Cabeceras,Beneficiarios,Feb - Abr,1299.327
2023,Cabeceras,Beneficiarios,Mar - May,1333.893
2023,Cabeceras,Beneficiarios,Abr - Jun,1345.057
2023,Cabeceras,Beneficiarios,May - Jul,1384.639
2023,Cabeceras,Beneficiarios,Jun - Ago,1404.307
2023,Cabeceras,Beneficiarios,Jul - Sep,1426.522
2023,Cabeceras,Beneficiarios,Ago - Oct,1399.272
2023,Cabeceras,Beneficiarios,Sep - Nov,1427.238
2023,Cabeceras,Beneficiarios,Oct - Dic,1375.93
2023,Cabeceras,Beneficiarios,Nov - Ene,1342.975
2023,Cabeceras,Beneficiarios,Dic - Feb,1282.936
2024,Cabeceras,Beneficiarios,Ene - Mar,1322.193
2024,Cabeceras,Beneficiarios,Feb - Abr,1377.305
2024,Cabeceras,Beneficiarios,Mar - May,1394.923
2024,Cabeceras,Beneficiarios,Abr - Jun,1390.513
2024,Cabeceras,Beneficiarios,May - Jul,1360.207
2024,Cabeceras,Beneficiarios,Jun - Ago,1359.835
2024,Cabeceras,Beneficiarios,Jul - Sep,1382.431
2024,Cabeceras,Beneficiarios,Ago - Oct,1415.975
2024,Cabeceras,Beneficiarios,Sep - Nov,1421.224
2024,Cabeceras,Beneficiarios,Oct - Dic,1355.198
2024,Cabeceras,Beneficiarios,Nov - Ene,1306.384
2024,Cabeceras,Beneficiarios,Dic - Feb,1296.662
2025,Cabeceras,Beneficiarios,Ene - Mar,1355.511
2025,Cabeceras,Beneficiarios,Feb - Abr,1401.396
2025,Cabeceras,Beneficiarios,Mar - May,1395.228
2025,Cabeceras,Beneficiarios,Abr - Jun,1393.522
2025,Cabeceras,Beneficiarios,May - Jul,1385.974
2025,Cabeceras,Beneficiarios,Jun - Ago,1370.607
2025,Cabeceras,Beneficiarios,Jul - Sep,1318.162
2025,Cabeceras,Beneficiarios,Ago - Oct,1301.649
2025,Cabeceras,Beneficiarios,Sep - Nov,1334.089
2025,Cabeceras,Beneficiarios,Oct - Dic,1400.189
2025,Cabeceras,Beneficiarios,Nov - Ene,1374.169
2025,Cabeceras,Beneficiarios,Dic - Feb,1380.301
2026,Cabeceras,Beneficiarios,Ene - Mar,1355.684
2026,Cabeceras,Beneficiarios,Feb - Abr,1354.157
2007,Cabeceras,Otro,Ene - Mar,6.416999999999999
2007,Cabeceras,Otro,Feb - Abr,6.0603333333333325
2007,Cabeceras,Otro,Mar - May,6.825666666666667
2007,Cabeceras,Otro,Abr - Jun,4.863
2007,Cabeceras,Otro,May - Jul,4.688
2007,Cabeceras,Otro,Jun - Ago,4.065
2007,Cabeceras,Otro,Jul - Sep,6.097666666666666
2007,Cabeceras,Otro,Ago - Oct,4.332999999999999
2007,Cabeceras,Otro,Sep - Nov,2.4396666666666667
2007,Cabeceras,Otro,Oct - Dic,0.899
2007,Cabeceras,Otro,Nov - Ene,1.9993333333333334
2007,Cabeceras,Otro,Dic - Feb,1.8780000000000001
2008,Cabeceras,Otro,Ene - Mar,2.6986666666666665
2008,Cabeceras,Otro,Feb - Abr,3.721
2008,Cabeceras,Otro,Mar - May,5.400666666666666
2008,Cabeceras,Otro,Abr - Jun,5.2796666666666665
2008,Cabeceras,Otro,May - Jul,3.331
2008,Cabeceras,Otro,Jun - Ago,3.202
2008,Cabeceras,Otro,Jul - Sep,4.285333333333333
2008,Cabeceras,Otro,Ago - Oct,7.404333333333334
2008,Cabeceras,Otro,Sep - Nov,7.842000000000001
2008,Cabeceras,Otro,Oct - Dic,6.005666666666667
2008,Cabeceras,Otro,Nov - Ene,8.302
2008,Cabeceras,Otro,Dic - Feb,7.135333333333333
2009,Cabeceras,Otro,Ene - Mar,7.879999999999999
2009,Cabeceras,Otro,Feb - Abr,4.231000000000001
2009,Cabeceras,Otro,Mar - May,6.009666666666667
2009,Cabeceras,Otro,Abr - Jun,6.948333333333334
2009,Cabeceras,Otro,May - Jul,8.727666666666666
2009,Cabeceras,Otro,Jun - Ago,8.387333333333332
2009,Cabeceras,Otro,Jul - Sep,7.111333333333334
2009,Cabeceras,Otro,Ago - Oct,5.431333333333334
2009,Cabeceras,Otro,Sep - Nov,5.168333333333334
2009,Cabeceras,Otro,Oct - Dic,6.522666666666667
2009,Cabeceras,Otro,Nov - Ene,8.761000000000001
2009,Cabeceras,Otro,Dic - Feb,7.675999999999999
2010,Cabeceras,Otro,Ene - Mar,9.028
2010,Cabeceras,Otro,Feb - Abr,6.914666666666666
2010,Cabeceras,Otro,Mar - May,8.405
2010,Cabeceras,Otro,Abr - Jun,9.402666666666667
2010,Cabeceras,Otro,May - Jul,11.160666666666666
2010,Cabeceras,Otro,Jun - Ago,9.319666666666667
2010,Cabeceras,Otro,Jul - Sep,7.091
2010,Cabeceras,Otro,Ago - Oct,6.572666666666667
2010,Cabeceras,Otro,Sep - Nov,11.883333333333335
2010,Cabeceras,Otro,Oct - Dic,14.175000000000002
2010,Cabeceras,Otro,Nov - Ene,14.018666666666666
2010,Cabeceras,Otro,Dic - Feb,15.662333333333331
2011,Cabeceras,Otro,Ene - Mar,13.995333333333333
2011,Cabeceras,Otro,Feb - Abr,19.304333333333332
2011,Cabeceras,Otro,Mar - May,20.773666666666667
2011,Cabeceras,Otro,Abr - Jun,26.865333333333336
2011,Cabeceras,Otro,May - Jul,30.076333333333334
2011,Cabeceras,Otro,Jun - Ago,29.12033333333333
2011,Cabeceras,Otro,Jul - Sep,36.729
2011,Cabeceras,Otro,Ago - Oct,38.303
2011,Cabeceras,Otro,Sep - Nov,44.08866666666666
2011,Cabeceras,Otro,Oct - Dic,40.709666666666664
2011,Cabeceras,Otro,Nov - Ene,33.698
2011,Cabeceras,Otro,Dic - Feb,31.406000000000002
2012,Cabeceras,Otro,Ene - Mar,27.409666666666666
2012,Cabeceras,Otro,Feb - Abr,28.480666666666668
2012,Cabeceras,Otro,Mar - May,25.697666666666667
2012,Cabeceras,Otro,Abr - Jun,28.452333333333332
2012,Cabeceras,Otro,May - Jul,34.45666666666667
2012,Cabeceras,Otro,Jun - Ago,31.635
2012,Cabeceras,Otro,Jul - Sep,35.117
2012,Cabeceras,Otro,Ago - Oct,32.33533333333333
2012,Cabeceras,Otro,Sep - Nov,37.217333333333336
2012,Cabeceras,Otro,Oct - Dic,27.479000000000003
2012,Cabeceras,Otro,Nov - Ene,27.387666666666664
2012,Cabeceras,Otro,Dic - Feb,22.368333333333336
2013,Cabeceras,Otro,Ene - Mar,24.445666666666668
2013,Cabeceras,Otro,Feb - Abr,19.07766666666667
2013,Cabeceras,Otro,Mar - May,19.718666666666667
2013,Cabeceras,Otro,Abr - Jun,22.542666666666666
2013,Cabeceras,Otro,May - Jul,33.08533333333333
2013,Cabeceras,Otro,Jun - Ago,46.48566666666667
2013,Cabeceras,Otro,Jul - Sep,49.576666666666675
2013,Cabeceras,Otro,Ago - Oct,55.78
2013,Cabeceras,Otro,Sep - Nov,51.657000000000004
2013,Cabeceras,Otro,Oct - Dic,52.916333333333334
2013,Cabeceras,Otro,Nov - Ene,48.665333333333336
2013,Cabeceras,Otro,Dic - Feb,52.72233333333333
2014,Cabeceras,Otro,Ene - Mar,54.39366666666667
2014,Cabeceras,Otro,Feb - Abr,56.11266666666666
2014,Cabeceras,Otro,Mar - May,56.28066666666666
2014,Cabeceras,Otro,Abr - Jun,52.80433333333334
2014,Cabeceras,Otro,May - Jul,49.197333333333326
2014,Cabeceras,Otro,Jun - Ago,50.31433333333334
2014,Cabeceras,Otro,Jul - Sep,59.54266666666666
2014,Cabeceras,Otro,Ago - Oct,69.38733333333333
2014,Cabeceras,Otro,Sep - Nov,70.45633333333333
2014,Cabeceras,Otro,Oct - Dic,76.47266666666667
2014,Cabeceras,Otro,Nov - Ene,70.59700000000001
2014,Cabeceras,Otro,Dic - Feb,79.22500000000001
2015,Cabeceras,Otro,Ene - Mar,74.44
2015,Cabeceras,Otro,Feb - Abr,74.75366666666667
2015,Cabeceras,Otro,Mar - May,70.629
2015,Cabeceras,Otro,Abr - Jun,75.48233333333333
2015,Cabeceras,Otro,May - Jul,83.84533333333333
2015,Cabeceras,Otro,Jun - Ago,77.65966666666667
2015,Cabeceras,Otro,Jul - Sep,68.98333333333333
2015,Cabeceras,Otro,Ago - Oct,64.791
2015,Cabeceras,Otro,Sep - Nov,65.17999999999999
2015,Cabeceras,Otro,Oct - Dic,59.639333333333326
2015,Cabeceras,Otro,Nov - Ene,66.23366666666666
2015,Cabeceras,Otro,Dic - Feb,68.33166666666666
2016,Cabeceras,Otro,Ene - Mar,68.66033333333334
2016,Cabeceras,Otro,Feb - Abr,61.671
2016,Cabeceras,Otro,Mar - May,66.28133333333334
2016,Cabeceras,Otro,Abr - Jun,69.54833333333333
2016,Cabeceras,Otro,May - Jul,60.364
2016,Cabeceras,Otro,Jun - Ago,54.61833333333334
2016,Cabeceras,Otro,Jul - Sep,65.16966666666666
2016,Cabeceras,Otro,Ago - Oct,64.22166666666668
2016,Cabeceras,Otro,Sep - Nov,67.01533333333333
2016,Cabeceras,Otro,Oct - Dic,50.785333333333334
2016,Cabeceras,Otro,Nov - Ene,58.42033333333334
2016,Cabeceras,Otro,Dic - Feb,50.38966666666667
2017,Cabeceras,Otro,Ene - Mar,50.59233333333333
2017,Cabeceras,Otro,Feb - Abr,49.154333333333334
2017,Cabeceras,Otro,Mar - May,45.811
2017,Cabeceras,Otro,Abr - Jun,54.031
2017,Cabeceras,Otro,May - Jul,49.87866666666667
2017,Cabeceras,Otro,Jun - Ago,54.89566666666667
2017,Cabeceras,Otro,Jul - Sep,54.867
2017,Cabeceras,Otro,Ago - Oct,54.124
2017,Cabeceras,Otro,Sep - Nov,52.702666666666666
2017,Cabeceras,Otro,Oct - Dic,48.483666666666664
2017,Cabeceras,Otro,Nov - Ene,50.74366666666666
2017,Cabeceras,Otro,Dic - Feb,53.22966666666667
2018,Cabeceras,Otro,Ene - Mar,56.97
2018,Cabeceras,Otro,Feb - Abr,64.74733333333333
2018,Cabeceras,Otro,Mar - May,63.667333333333325
2018,Cabeceras,Otro,Abr - Jun,61.04
2018,Cabeceras,Otro,May - Jul,50.419666666666664
2018,Cabeceras,Otro,Jun - Ago,44.18366666666666
2018,Cabeceras,Otro,Jul - Sep,49.64666666666667
2018,Cabeceras,Otro,Ago - Oct,51.67166666666666
2018,Cabeceras,Otro,Sep - Nov,64.31366666666666
2018,Cabeceras,Otro,Oct - Dic,62.05233333333333
2018,Cabeceras,Otro,Nov - Ene,64.36366666666667
2018,Cabeceras,Otro,Dic - Feb,59.157999999999994
2019,Cabeceras,Otro,Ene - Mar,51.01733333333333
2019,Cabeceras,Otro,Feb - Abr,51.67133333333334
2019,Cabeceras,Otro,Mar - May,46.788666666666664
2019,Cabeceras,Otro,Abr - Jun,49.501
2019,Cabeceras,Otro,May - Jul,46.714333333333336
2019,Cabeceras,Otro,Jun - Ago,43.056333333333335
2019,Cabeceras,Otro,Jul - Sep,44.424
2019,Cabeceras,Otro,Ago - Oct,45.69233333333333
2019,Cabeceras,Otro,Sep - Nov,49.993
2019,Cabeceras,Otro,Oct - Dic,47.94200000000001
2019,Cabeceras,Otro,Nov - Ene,44.511
2019,Cabeceras,Otro,Dic - Feb,40.847
2020,Cabeceras,Otro,Ene - Mar,0.0
2020,Cabeceras,Otro,Feb - Abr,0.0
2020,Cabeceras,Otro,Mar - May,0.0
2020,Cabeceras,Otro,Abr - Jun,0.0
2020,Cabeceras,Otro,May - Jul,19.03833333333333
2020,Cabeceras,Otro,Jun - Ago,32.13999999999999
2020,Cabeceras,Otro,Jul - Sep,46.254
2020,Cabeceras,Otro,Ago - Oct,56.678666666666665
2020,Cabeceras,Otro,Sep - Nov,50.42633333333333
2020,Cabeceras,Otro,Oct - Dic,48.92733333333334
2020,Cabeceras,Otro,Nov - Ene,40.83266666666667
2020,Cabeceras,Otro,Dic - Feb,38.31133333333333
2021,Cabeceras,Otro,Ene - Mar,26.000666666666664
2021,Cabeceras,Otro,Feb - Abr,18.924
2021,Cabeceras,Otro,Mar - May,11.646
2021,Cabeceras,Otro,Abr - Jun,10.267000000000001
2021,Cabeceras,Otro,May - Jul,9.902000000000001
2021,Cabeceras,Otro,Jun - Ago,9.297333333333333
2021,Cabeceras,Otro,Jul - Sep,7.758666666666667
2021,Cabeceras,Otro,Ago - Oct,8.643333333333333
2021,Cabeceras,Otro,Sep - Nov,9.847333333333333
2021,Cabeceras,Otro,Oct - Dic,10.350333333333333
2021,Cabeceras,Otro,Nov - Ene,16.211333333333332
2021,Cabeceras,Otro,Dic - Feb,18.784666666666666
2022,Cabeceras,Otro,Ene - Mar,18.335666666666665
2022,Cabeceras,Otro,Feb - Abr,12.371
2022,Cabeceras,Otro,Mar - May,10.434
2022,Cabeceras,Otro,Abr - Jun,14.705333333333334
2022,Cabeceras,Otro,May - Jul,23.176
2022,Cabeceras,Otro,Jun - Ago,26.778666666666666
2022,Cabeceras,Otro,Jul - Sep,30.741
2022,Cabeceras,Otro,Ago - Oct,24.205666666666662
2022,Cabeceras,Otro,Sep - Nov,22.786
2022,Cabeceras,Otro,Oct - Dic,18.502333333333333
2022,Cabeceras,Otro,Nov - Ene,17.419
2022,Cabeceras,Otro,Dic - Feb,16.102
2023,Cabeceras,Otro,Ene - Mar,13.466333333333333
2023,Cabeceras,Otro,Feb - Abr,17.118333333333332
2023,Cabeceras,Otro,Mar - May,19.986
2023,Cabeceras,Otro,Abr - Jun,23.92533333333333
2023,Cabeceras,Otro,May - Jul,27.235
2023,Cabeceras,Otro,Jun - Ago,23.375
2023,Cabeceras,Otro,Jul - Sep,26.442
2023,Cabeceras,Otro,Ago - Oct,24.123
2023,Cabeceras,Otro,Sep - Nov,30.382
2023,Cabeceras,Otro,Oct - Dic,31.44
2023,Cabeceras,Otro,Nov - Ene,30.495
2023,Cabeceras,Otro,Dic - Feb,31.888
2024,Cabeceras,Otro,Ene - Mar,30.262
2024,Cabeceras,Otro,Feb - Abr,31.13
2024,Cabeceras,Otro,Mar - May,28.792
2024,Cabeceras,Otro,Abr - Jun,28.359
2024,Cabeceras,Otro,May - Jul,27.556
2024,Cabeceras,Otro,Jun - Ago,26.319
2024,Cabeceras,Otro,Jul - Sep,30.206
2024,Cabeceras,Otro,Ago - Oct,31.7
2024,Cabeceras,Otro,Sep - Nov,37.326
2024,Cabeceras,Otro,Oct - Dic,29.177
2024,Cabeceras,Otro,Nov - Ene,44.987
2024,Cabeceras,Otro,Dic - Feb,41.54
2025,Cabeceras,Otro,Ene - Mar,48.414
2025,Cabeceras,Otro,Feb - Abr,37.021
2025,Cabeceras,Otro,Mar - May,40.367
2025,Cabeceras,Otro,Abr - Jun,41.047
2025,Cabeceras,Otro,May - Jul,42.811
2025,Cabeceras,Otro,Jun - Ago,46.549
2025,Cabeceras,Otro,Jul - Sep,52.365
2025,Cabeceras,Otro,Ago - Oct,49.515
2025,Cabeceras,Otro,Sep - Nov,44.392
2025,Cabeceras,Otro,Oct - Dic,35.097
2025,Cabeceras,Otro,Nov - Ene,32.429
2025,Cabeceras,Otro,Dic - Feb,35.011
2026,Cabeceras,Otro,Ene - Mar,36.159
2026,Cabeceras,Otro,Feb - Abr,43.03
2007,Cabeceras,Régimen subsidiado,Ene - Mar,3457.398333333333
2007,Cabeceras,Régimen subsidiado,Feb - Abr,3483.6633333333334
2007,Cabeceras,Régimen subsidiado,Mar - May,3478.1886666666664
2007,Cabeceras,Régimen subsidiado,Abr - Jun,3621.6746666666663
2007,Cabeceras,Régimen subsidiado,May - Jul,3628.0106666666666
2007,Cabeceras,Régimen subsidiado,Jun - Ago,3653.455
2007,Cabeceras,Régimen subsidiado,Jul - Sep,3576.581666666667
2007,Cabeceras,Régimen subsidiado,Ago - Oct,3689.6150000000002
2007,Cabeceras,Régimen subsidiado,Sep - Nov,3712.515666666666
2007,Cabeceras,Régimen subsidiado,Oct - Dic,3822.748333333333
2007,Cabeceras,Régimen subsidiado,Nov - Ene,3707.8036666666667
2007,Cabeceras,Régimen subsidiado,Dic - Feb,3765.9646666666667
2008,Cabeceras,Régimen subsidiado,Ene - Mar,3846.952333333333
2008,Cabeceras,Régimen subsidiado,Feb - Abr,3925.9026666666664
2008,Cabeceras,Régimen subsidiado,Mar - May,3895.6746666666663
2008,Cabeceras,Régimen subsidiado,Abr - Jun,3832.573
2008,Cabeceras,Régimen subsidiado,May - Jul,3806.5753333333328
2008,Cabeceras,Régimen subsidiado,Jun - Ago,3842.753666666667
2008,Cabeceras,Régimen subsidiado,Jul - Sep,3922.164
2008,Cabeceras,Régimen subsidiado,Ago - Oct,4092.4283333333333
2008,Cabeceras,Régimen subsidiado,Sep - Nov,4121.872666666667
2008,Cabeceras,Régimen subsidiado,Oct - Dic,4137.699333333334
2008,Cabeceras,Régimen subsidiado,Nov - Ene,4071.616
2008,Cabeceras,Régimen subsidiado,Dic - Feb,4152.820333333333
2009,Cabeceras,Régimen subsidiado,Ene - Mar,4193.728333333333
2009,Cabeceras,Régimen subsidiado,Feb - Abr,4252.877666666666
2009,Cabeceras,Régimen subsidiado,Mar - May,4302.109333333334
2009,Cabeceras,Régimen subsidiado,Abr - Jun,4328.957
2009,Cabeceras,Régimen subsidiado,May - Jul,4370.513666666667
2009,Cabeceras,Régimen subsidiado,Jun - Ago,4367.709666666667
2009,Cabeceras,Régimen subsidiado,Jul - Sep,4321.3713333333335
2009,Cabeceras,Régimen subsidiado,Ago - Oct,4403.365666666667
2009,Cabeceras,Régimen subsidiado,Sep - Nov,4463.186999999999
2009,Cabeceras,Régimen subsidiado,Oct - Dic,4687.712666666667
2009,Cabeceras,Régimen subsidiado,Nov - Ene,4625.513666666667
2009,Cabeceras,Régimen subsidiado,Dic - Feb,4633.571
2010,Cabeceras,Régimen subsidiado,Ene - Mar,4520.420333333334
2010,Cabeceras,Régimen subsidiado,Feb - Abr,4582.044333333334
2010,Cabeceras,Régimen subsidiado,Mar - May,4535.893333333333
2010,Cabeceras,Régimen subsidiado,Abr - Jun,4572.336666666666
2010,Cabeceras,Régimen subsidiado,May - Jul,4644.319333333333
2010,Cabeceras,Régimen subsidiado,Jun - Ago,4756.701666666667
2010,Cabeceras,Régimen subsidiado,Jul - Sep,4733.200333333333
2010,Cabeceras,Régimen subsidiado,Ago - Oct,4772.292
2010,Cabeceras,Régimen subsidiado,Sep - Nov,4860.966666666666
2010,Cabeceras,Régimen subsidiado,Oct - Dic,4973.190666666666
2010,Cabeceras,Régimen subsidiado,Nov - Ene,4878.7553333333335
2010,Cabeceras,Régimen subsidiado,Dic - Feb,4710.047333333333
2011,Cabeceras,Régimen subsidiado,Ene - Mar,4603.527999999999
2011,Cabeceras,Régimen subsidiado,Feb - Abr,4633.535
2011,Cabeceras,Régimen subsidiado,Mar - May,4722.187333333334
2011,Cabeceras,Régimen subsidiado,Abr - Jun,4718.547
2011,Cabeceras,Régimen subsidiado,May - Jul,4697.480666666666
2011,Cabeceras,Régimen subsidiado,Jun - Ago,4685.6016666666665
2011,Cabeceras,Régimen subsidiado,Jul - Sep,4722.844333333333
2011,Cabeceras,Régimen subsidiado,Ago - Oct,4844.009333333333
2011,Cabeceras,Régimen subsidiado,Sep - Nov,4974.321
2011,Cabeceras,Régimen subsidiado,Oct - Dic,5082.629666666667
2011,Cabeceras,Régimen subsidiado,Nov - Ene,4983.505
2011,Cabeceras,Régimen subsidiado,Dic - Feb,4879.787
2012,Cabeceras,Régimen subsidiado,Ene - Mar,4768.826
2012,Cabeceras,Régimen subsidiado,Feb - Abr,4719.337333333333
2012,Cabeceras,Régimen subsidiado,Mar - May,4695.236666666667
2012,Cabeceras,Régimen subsidiado,Abr - Jun,4671.363333333334
2012,Cabeceras,Régimen subsidiado,May - Jul,4768.314
2012,Cabeceras,Régimen subsidiado,Jun - Ago,4727.520333333334
2012,Cabeceras,Régimen subsidiado,Jul - Sep,4752.305333333334
2012,Cabeceras,Régimen subsidiado,Ago - Oct,4768.944666666666
2012,Cabeceras,Régimen subsidiado,Sep - Nov,4944.956666666666
2012,Cabeceras,Régimen subsidiado,Oct - Dic,5119.852666666667
2012,Cabeceras,Régimen subsidiado,Nov - Ene,5053.463000000001
2012,Cabeceras,Régimen subsidiado,Dic - Feb,4904.294666666666
2013,Cabeceras,Régimen subsidiado,Ene - Mar,4726.418000000001
2013,Cabeceras,Régimen subsidiado,Feb - Abr,4680.794999999999
2013,Cabeceras,Régimen subsidiado,Mar - May,4729.153333333333
2013,Cabeceras,Régimen subsidiado,Abr - Jun,4715.942333333333
2013,Cabeceras,Régimen subsidiado,May - Jul,4733.499666666667
2013,Cabeceras,Régimen subsidiado,Jun - Ago,4782.306
2013,Cabeceras,Régimen subsidiado,Jul - Sep,4823.8460000000005
2013,Cabeceras,Régimen subsidiado,Ago - Oct,4949.072999999999
2013,Cabeceras,Régimen subsidiado,Sep - Nov,5024.2283333333335
2013,Cabeceras,Régimen subsidiado,Oct - Dic,5186.618333333333
2013,Cabeceras,Régimen subsidiado,Nov - Ene,5122.325333333333
2013,Cabeceras,Régimen subsidiado,Dic - Feb,5019.914
2014,Cabeceras,Régimen subsidiado,Ene - Mar,4977.501666666666
2014,Cabeceras,Régimen subsidiado,Feb - Abr,4978.375
2014,Cabeceras,Régimen subsidiado,Mar - May,4971.781666666666
2014,Cabeceras,Régimen subsidiado,Abr - Jun,4945.825666666667
2014,Cabeceras,Régimen subsidiado,May - Jul,4918.662666666667
2014,Cabeceras,Régimen subsidiado,Jun - Ago,5028.5633333333335
2014,Cabeceras,Régimen subsidiado,Jul - Sep,5027.594666666667
2014,Cabeceras,Régimen subsidiado,Ago - Oct,5182.410666666667
2014,Cabeceras,Régimen subsidiado,Sep - Nov,5236.39
2014,Cabeceras,Régimen subsidiado,Oct - Dic,5309.616000000001
2014,Cabeceras,Régimen subsidiado,Nov - Ene,5229.113666666667
2014,Cabeceras,Régimen subsidiado,Dic - Feb,5131.818
2015,Cabeceras,Régimen subsidiado,Ene - Mar,5102.572666666667
2015,Cabeceras,Régimen subsidiado,Feb - Abr,5231.9276666666665
2015,Cabeceras,Régimen subsidiado,Mar - May,5311.098666666666
2015,Cabeceras,Régimen subsidiado,Abr - Jun,5284.880666666667
2015,Cabeceras,Régimen subsidiado,May - Jul,5231.182666666667
2015,Cabeceras,Régimen subsidiado,Jun - Ago,5221.788666666666
2015,Cabeceras,Régimen subsidiado,Jul - Sep,5197.826
2015,Cabeceras,Régimen subsidiado,Ago - Oct,5241.254666666667
2015,Cabeceras,Régimen subsidiado,Sep - Nov,5368.702333333334
2015,Cabeceras,Régimen subsidiado,Oct - Dic,5521.664333333334
2015,Cabeceras,Régimen subsidiado,Nov - Ene,5439.422666666666
2015,Cabeceras,Régimen subsidiado,Dic - Feb,5274.256
2016,Cabeceras,Régimen subsidiado,Ene - Mar,5152.448666666666
2016,Cabeceras,Régimen subsidiado,Feb - Abr,5193.170666666667
2016,Cabeceras,Régimen subsidiado,Mar - May,5152.188
2016,Cabeceras,Régimen subsidiado,Abr - Jun,5170.152666666667
2016,Cabeceras,Régimen subsidiado,May - Jul,5199.946666666667
2016,Cabeceras,Régimen subsidiado,Jun - Ago,5309.129666666667
2016,Cabeceras,Régimen subsidiado,Jul - Sep,5259.958
2016,Cabeceras,Régimen subsidiado,Ago - Oct,5273.745
2016,Cabeceras,Régimen subsidiado,Sep - Nov,5288.708666666666
2016,Cabeceras,Régimen subsidiado,Oct - Dic,5440.079
2016,Cabeceras,Régimen subsidiado,Nov - Ene,5362.9980000000005
2016,Cabeceras,Régimen subsidiado,Dic - Feb,5304.375333333333
2017,Cabeceras,Régimen subsidiado,Ene - Mar,5257.550666666667
2017,Cabeceras,Régimen subsidiado,Feb - Abr,5262.156
2017,Cabeceras,Régimen subsidiado,Mar - May,5282.031
2017,Cabeceras,Régimen subsidiado,Abr - Jun,5331.442
2017,Cabeceras,Régimen subsidiado,May - Jul,5442.246
2017,Cabeceras,Régimen subsidiado,Jun - Ago,5458.092666666666
2017,Cabeceras,Régimen subsidiado,Jul - Sep,5352.665
2017,Cabeceras,Régimen subsidiado,Ago - Oct,5350.522333333334
2017,Cabeceras,Régimen subsidiado,Sep - Nov,5372.95
2017,Cabeceras,Régimen subsidiado,Oct - Dic,5597.239666666667
2017,Cabeceras,Régimen subsidiado,Nov - Ene,5604.63
2017,Cabeceras,Régimen subsidiado,Dic - Feb,5499.962666666666
2018,Cabeceras,Régimen subsidiado,Ene - Mar,5340.243666666666
2018,Cabeceras,Régimen subsidiado,Feb - Abr,5291.234666666666
2018,Cabeceras,Régimen subsidiado,Mar - May,5373.452333333334
2018,Cabeceras,Régimen subsidiado,Abr - Jun,5332.101
2018,Cabeceras,Régimen subsidiado,May - Jul,5319.075
2018,Cabeceras,Régimen subsidiado,Jun - Ago,5324.350666666666
2018,Cabeceras,Régimen subsidiado,Jul - Sep,5392.666
2018,Cabeceras,Régimen subsidiado,Ago - Oct,5457.695
2018,Cabeceras,Régimen subsidiado,Sep - Nov,5473.520666666666
2018,Cabeceras,Régimen subsidiado,Oct - Dic,5545.262333333333
2018,Cabeceras,Régimen subsidiado,Nov - Ene,5537.803666666667
2018,Cabeceras,Régimen subsidiado,Dic - Feb,5489.205333333332
2019,Cabeceras,Régimen subsidiado,Ene - Mar,5368.911666666667
2019,Cabeceras,Régimen subsidiado,Feb - Abr,5286.026666666666
2019,Cabeceras,Régimen subsidiado,Mar - May,5313.874
2019,Cabeceras,Régimen subsidiado,Abr - Jun,5277.958333333333
2019,Cabeceras,Régimen subsidiado,May - Jul,5297.903666666666
2019,Cabeceras,Régimen subsidiado,Jun - Ago,5231.114666666666
2019,Cabeceras,Régimen subsidiado,Jul - Sep,5165.854333333334
2019,Cabeceras,Régimen subsidiado,Ago - Oct,5169.129
2019,Cabeceras,Régimen subsidiado,Sep - Nov,5272.506666666667
2019,Cabeceras,Régimen subsidiado,Oct - Dic,5552.832666666666
2019,Cabeceras,Régimen subsidiado,Nov - Ene,5517.893666666666
2019,Cabeceras,Régimen subsidiado,Dic - Feb,5438.546333333334
2020,Cabeceras,Régimen subsidiado,Ene - Mar,0.0
2020,Cabeceras,Régimen subsidiado,Feb - Abr,0.0
2020,Cabeceras,Régimen subsidiado,Mar - May,0.0
2020,Cabeceras,Régimen subsidiado,Abr - Jun,0.0
2020,Cabeceras,Régimen subsidiado,May - Jul,4170.103666666667
2020,Cabeceras,Régimen subsidiado,Jun - Ago,4293.855666666667
2020,Cabeceras,Régimen subsidiado,Jul - Sep,4440.926333333334
2020,Cabeceras,Régimen subsidiado,Ago - Oct,4685.237
2020,Cabeceras,Régimen subsidiado,Sep - Nov,4943.545666666666
2020,Cabeceras,Régimen subsidiado,Oct - Dic,5206.645666666666
2020,Cabeceras,Régimen subsidiado,Nov - Ene,5014.370333333333
2020,Cabeceras,Régimen subsidiado,Dic - Feb,5024.317333333333
2021,Cabeceras,Régimen subsidiado,Ene - Mar,4921.183
2021,Cabeceras,Régimen subsidiado,Feb - Abr,5050.107
2021,Cabeceras,Régimen subsidiado,Mar - May,4944.741666666666
2021,Cabeceras,Régimen subsidiado,Abr - Jun,4889.202333333334
2021,Cabeceras,Régimen subsidiado,May - Jul,4930.210666666667
2021,Cabeceras,Régimen subsidiado,Jun - Ago,5093.460999999999
2021,Cabeceras,Régimen subsidiado,Jul - Sep,5092.101
2021,Cabeceras,Régimen subsidiado,Ago - Oct,5162.449
2021,Cabeceras,Régimen subsidiado,Sep - Nov,5208.94
2021,Cabeceras,Régimen subsidiado,Oct - Dic,5268.525000000001
2021,Cabeceras,Régimen subsidiado,Nov - Ene,5214.732333333333
2021,Cabeceras,Régimen subsidiado,Dic - Feb,5231.602666666667
2022,Cabeceras,Régimen subsidiado,Ene - Mar,5376.537
2022,Cabeceras,Régimen subsidiado,Feb - Abr,5496.212666666666
2022,Cabeceras,Régimen subsidiado,Mar - May,5451.201
2022,Cabeceras,Régimen subsidiado,Abr - Jun,5401.273
2022,Cabeceras,Régimen subsidiado,May - Jul,5484.3009999999995
2022,Cabeceras,Régimen subsidiado,Jun - Ago,5624.375666666667
2022,Cabeceras,Régimen subsidiado,Jul - Sep,5690.210999999999
2022,Cabeceras,Régimen subsidiado,Ago - Oct,5767.304666666666
2022,Cabeceras,Régimen subsidiado,Sep - Nov,5835.741000000001
2022,Cabeceras,Régimen subsidiado,Oct - Dic,5883.093
2022,Cabeceras,Régimen subsidiado,Nov - Ene,5829.725000000001
2022,Cabeceras,Régimen subsidiado,Dic - Feb,5869.107333333333
2023,Cabeceras,Régimen subsidiado,Ene - Mar,6025.664333333334
2023,Cabeceras,Régimen subsidiado,Feb - Abr,6073.561000000001
2023,Cabeceras,Régimen subsidiado,Mar - May,5924.741999999999
2023,Cabeceras,Régimen subsidiado,Abr - Jun,5788.214
2023,Cabeceras,Régimen subsidiado,May - Jul,5814.487
2023,Cabeceras,Régimen subsidiado,Jun - Ago,5973.329
2023,Cabeceras,Régimen subsidiado,Jul - Sep,5933.044
2023,Cabeceras,Régimen subsidiado,Ago - Oct,5928.526
2023,Cabeceras,Régimen subsidiado,Sep - Nov,5899.828
2023,Cabeceras,Régimen subsidiado,Oct - Dic,5968.142
2023,Cabeceras,Régimen subsidiado,Nov - Ene,5905.966
2023,Cabeceras,Régimen subsidiado,Dic - Feb,5915.233
2024,Cabeceras,Régimen subsidiado,Ene - Mar,5901.357
2024,Cabeceras,Régimen subsidiado,Feb - Abr,5958.659
2024,Cabeceras,Régimen subsidiado,Mar - May,5875.768
2024,Cabeceras,Régimen subsidiado,Abr - Jun,5842.435
2024,Cabeceras,Régimen subsidiado,May - Jul,5890.083
2024,Cabeceras,Régimen subsidiado,Jun - Ago,6010.425
2024,Cabeceras,Régimen subsidiado,Jul - Sep,6020.043
2024,Cabeceras,Régimen subsidiado,Ago - Oct,6063.229
2024,Cabeceras,Régimen subsidiado,Sep - Nov,6138.109
2024,Cabeceras,Régimen subsidiado,Oct - Dic,6374.497
2024,Cabeceras,Régimen subsidiado,Nov - Ene,6322.357
2024,Cabeceras,Régimen subsidiado,Dic - Feb,6400.558
2025,Cabeceras,Régimen subsidiado,Ene - Mar,6430.927
2025,Cabeceras,Régimen subsidiado,Feb - Abr,6448.028
2025,Cabeceras,Régimen subsidiado,Mar - May,6383.653
2025,Cabeceras,Régimen subsidiado,Abr - Jun,6243.943
2025,Cabeceras,Régimen subsidiado,May - Jul,6293.35
2025,Cabeceras,Régimen subsidiado,Jun - Ago,6354.487
2025,Cabeceras,Régimen subsidiado,Jul - Sep,6402.94
2025,Cabeceras,Régimen subsidiado,Ago - Oct,6542.528
2025,Cabeceras,Régimen subsidiado,Sep - Nov,6614.302
2025,Cabeceras,Régimen subsidiado,Oct - Dic,6698.483
2025,Cabeceras,Régimen subsidiado,Nov - Ene,6475.072
2025,Cabeceras,Régimen subsidiado,Dic - Feb,6346.439
2026,Cabeceras,Régimen subsidiado,Ene - Mar,6315.086
2026,Cabeceras,Régimen subsidiado,Feb - Abr,6458.054
2007,Cabeceras,No sabe,Ene - Mar,6.499333333333333
2007,Cabeceras,No sabe,Feb - Abr,4.471
2007,Cabeceras,No sabe,Mar - May,4.761666666666667
2007,Cabeceras,No sabe,Abr - Jun,5.853000000000001
2007,Cabeceras,No sabe,May - Jul,5.870000000000001
2007,Cabeceras,No sabe,Jun - Ago,4.670333333333333
2007,Cabeceras,No sabe,Jul - Sep,1.8950000000000002
2007,Cabeceras,No sabe,Ago - Oct,1.04
2007,Cabeceras,No sabe,Sep - Nov,2.1446666666666667
2007,Cabeceras,No sabe,Oct - Dic,3.385666666666667
2007,Cabeceras,No sabe,Nov - Ene,4.779
2007,Cabeceras,No sabe,Dic - Feb,3.0773333333333333
2008,Cabeceras,No sabe,Ene - Mar,1.859
2008,Cabeceras,No sabe,Feb - Abr,0.7506666666666666
2008,Cabeceras,No sabe,Mar - May,0.6653333333333333
2008,Cabeceras,No sabe,Abr - Jun,0.8336666666666667
2008,Cabeceras,No sabe,May - Jul,1.4913333333333334
2008,Cabeceras,No sabe,Jun - Ago,1.3536666666666666
2008,Cabeceras,No sabe,Jul - Sep,1.6333333333333335
2008,Cabeceras,No sabe,Ago - Oct,1.6776666666666664
2008,Cabeceras,No sabe,Sep - Nov,1.5716666666666665
2008,Cabeceras,No sabe,Oct - Dic,1.6280000000000001
2008,Cabeceras,No sabe,Nov - Ene,1.96
2008,Cabeceras,No sabe,Dic - Feb,1.983666666666667
2009,Cabeceras,No sabe,Ene - Mar,1.457
2009,Cabeceras,No sabe,Feb - Abr,1.436
2009,Cabeceras,No sabe,Mar - May,1.6646666666666665
2009,Cabeceras,No sabe,Abr - Jun,2.6863333333333337
2009,Cabeceras,No sabe,May - Jul,2.329
2009,Cabeceras,No sabe,Jun - Ago,2.5716666666666668
2009,Cabeceras,No sabe,Jul - Sep,1.6556666666666666
2009,Cabeceras,No sabe,Ago - Oct,0.8220000000000001
2009,Cabeceras,No sabe,Sep - Nov,0.4493333333333333
2009,Cabeceras,No sabe,Oct - Dic,2.333
2009,Cabeceras,No sabe,Nov - Ene,3.0876666666666672
2009,Cabeceras,No sabe,Dic - Feb,3.4226666666666667
2010,Cabeceras,No sabe,Ene - Mar,1.7063333333333333
2010,Cabeceras,No sabe,Feb - Abr,1.2276666666666667
2010,Cabeceras,No sabe,Mar - May,0.9723333333333333
2010,Cabeceras,No sabe,Abr - Jun,0.6563333333333333
2010,Cabeceras,No sabe,May - Jul,0.408
2010,Cabeceras,No sabe,Jun - Ago,0.47666666666666674
2010,Cabeceras,No sabe,Jul - Sep,0.8146666666666667
2010,Cabeceras,No sabe,Ago - Oct,1.2186666666666668
2010,Cabeceras,No sabe,Sep - Nov,2.457333333333333
2010,Cabeceras,No sabe,Oct - Dic,2.481666666666667
2010,Cabeceras,No sabe,Nov - Ene,3.175333333333333
2010,Cabeceras,No sabe,Dic - Feb,1.9319999999999997
2011,Cabeceras,No sabe,Ene - Mar,5.019666666666667
2011,Cabeceras,No sabe,Feb - Abr,5.096333333333333
2011,Cabeceras,No sabe,Mar - May,6.183333333333333
2011,Cabeceras,No sabe,Abr - Jun,3.7899999999999996
2011,Cabeceras,No sabe,May - Jul,5.381666666666667
2011,Cabeceras,No sabe,Jun - Ago,6.102333333333333
2011,Cabeceras,No sabe,Jul - Sep,6.364333333333334
2011,Cabeceras,No sabe,Ago - Oct,4.907
2011,Cabeceras,No sabe,Sep - Nov,3.786
2011,Cabeceras,No sabe,Oct - Dic,5.886
2011,Cabeceras,No sabe,Nov - Ene,5.892666666666666
2011,Cabeceras,No sabe,Dic - Feb,5.919
2012,Cabeceras,No sabe,Ene - Mar,5.440666666666666
2012,Cabeceras,No sabe,Feb - Abr,6.671333333333333
2012,Cabeceras,No sabe,Mar - May,6.771999999999999
2012,Cabeceras,No sabe,Abr - Jun,5.6386666666666665
2012,Cabeceras,No sabe,May - Jul,4.011333333333334
2012,Cabeceras,No sabe,Jun - Ago,5.319
2012,Cabeceras,No sabe,Jul - Sep,5.116333333333333
2012,Cabeceras,No sabe,Ago - Oct,5.359666666666667
2012,Cabeceras,No sabe,Sep - Nov,3.482666666666667
2012,Cabeceras,No sabe,Oct - Dic,4.028666666666666
2012,Cabeceras,No sabe,Nov - Ene,4.593666666666667
2012,Cabeceras,No sabe,Dic - Feb,4.9976666666666665
2013,Cabeceras,No sabe,Ene - Mar,4.1706666666666665
2013,Cabeceras,No sabe,Feb - Abr,4.7379999999999995
2013,Cabeceras,No sabe,Mar - May,6.396333333333334
2013,Cabeceras,No sabe,Abr - Jun,8.745333333333333
2013,Cabeceras,No sabe,May - Jul,9.790333333333333
2013,Cabeceras,No sabe,Jun - Ago,10.121333333333334
2013,Cabeceras,No sabe,Jul - Sep,8.122333333333334
2013,Cabeceras,No sabe,Ago - Oct,6.763333333333333
2013,Cabeceras,No sabe,Sep - Nov,7.320666666666665
2013,Cabeceras,No sabe,Oct - Dic,9.239666666666666
2013,Cabeceras,No sabe,Nov - Ene,10.013333333333334
2013,Cabeceras,No sabe,Dic - Feb,9.542333333333332
2014,Cabeceras,No sabe,Ene - Mar,9.296333333333335
2014,Cabeceras,No sabe,Feb - Abr,10.809
2014,Cabeceras,No sabe,Mar - May,8.988333333333335
2014,Cabeceras,No sabe,Abr - Jun,9.284
2014,Cabeceras,No sabe,May - Jul,7.981333333333333
2014,Cabeceras,No sabe,Jun - Ago,11.412666666666667
2014,Cabeceras,No sabe,Jul - Sep,10.577333333333334
2014,Cabeceras,No sabe,Ago - Oct,12.217333333333334
2014,Cabeceras,No sabe,Sep - Nov,12.248
2014,Cabeceras,No sabe,Oct - Dic,12.559
2014,Cabeceras,No sabe,Nov - Ene,13.15
2014,Cabeceras,No sabe,Dic - Feb,10.493333333333332
2015,Cabeceras,No sabe,Ene - Mar,9.456333333333335
2015,Cabeceras,No sabe,Feb - Abr,6.268999999999999
2015,Cabeceras,No sabe,Mar - May,7.743666666666667
2015,Cabeceras,No sabe,Abr - Jun,11.328999999999999
2015,Cabeceras,No sabe,May - Jul,14.664333333333333
2015,Cabeceras,No sabe,Jun - Ago,15.391
2015,Cabeceras,No sabe,Jul - Sep,18.08566666666667
2015,Cabeceras,No sabe,Ago - Oct,15.867333333333333
2015,Cabeceras,No sabe,Sep - Nov,13.701666666666666
2015,Cabeceras,No sabe,Oct - Dic,7.605999999999999
2015,Cabeceras,No sabe,Nov - Ene,8.888333333333334
2015,Cabeceras,No sabe,Dic - Feb,9.140333333333334
2016,Cabeceras,No sabe,Ene - Mar,10.268
2016,Cabeceras,No sabe,Feb - Abr,8.291333333333334
2016,Cabeceras,No sabe,Mar - May,10.674333333333335
2016,Cabeceras,No sabe,Abr - Jun,9.944
2016,Cabeceras,No sabe,May - Jul,9.628
2016,Cabeceras,No sabe,Jun - Ago,7.591
2016,Cabeceras,No sabe,Jul - Sep,5.305
2016,Cabeceras,No sabe,Ago - Oct,4.630999999999999
2016,Cabeceras,No sabe,Sep - Nov,8.863
2016,Cabeceras,No sabe,Oct - Dic,9.399666666666667
2016,Cabeceras,No sabe,Nov - Ene,9.292666666666667
2016,Cabeceras,No sabe,Dic - Feb,6.685333333333333
2017,Cabeceras,No sabe,Ene - Mar,7.591666666666666
2017,Cabeceras,No sabe,Feb - Abr,9.285666666666668
2017,Cabeceras,No sabe,Mar - May,6.189
2017,Cabeceras,No sabe,Abr - Jun,6.291333333333334
2017,Cabeceras,No sabe,May - Jul,4.474666666666667
2017,Cabeceras,No sabe,Jun - Ago,8.638333333333334
2017,Cabeceras,No sabe,Jul - Sep,10.171666666666667
2017,Cabeceras,No sabe,Ago - Oct,11.439666666666668
2017,Cabeceras,No sabe,Sep - Nov,8.125333333333332
2017,Cabeceras,No sabe,Oct - Dic,5.891333333333333
2017,Cabeceras,No sabe,Nov - Ene,6.4736666666666665
2017,Cabeceras,No sabe,Dic - Feb,7.181333333333334
2018,Cabeceras,No sabe,Ene - Mar,7.065333333333334
2018,Cabeceras,No sabe,Feb - Abr,5.365333333333333
2018,Cabeceras,No sabe,Mar - May,4.341333333333334
2018,Cabeceras,No sabe,Abr - Jun,6.991333333333333
2018,Cabeceras,No sabe,May - Jul,6.821000000000001
2018,Cabeceras,No sabe,Jun - Ago,11.484666666666667
2018,Cabeceras,No sabe,Jul - Sep,10.272
2018,Cabeceras,No sabe,Ago - Oct,14.669000000000002
2018,Cabeceras,No sabe,Sep - Nov,8.779666666666666
2018,Cabeceras,No sabe,Oct - Dic,6.524333333333335
2018,Cabeceras,No sabe,Nov - Ene,2.5616666666666665
2018,Cabeceras,No sabe,Dic - Feb,4.434333333333334
2019,Cabeceras,No sabe,Ene - Mar,7.717333333333333
2019,Cabeceras,No sabe,Feb - Abr,11.054
2019,Cabeceras,No sabe,Mar - May,13.157333333333334
2019,Cabeceras,No sabe,Abr - Jun,12.950333333333333
2019,Cabeceras,No sabe,May - Jul,11.211
2019,Cabeceras,No sabe,Jun - Ago,10.22
2019,Cabeceras,No sabe,Jul - Sep,8.054
2019,Cabeceras,No sabe,Ago - Oct,9.329666666666666
2019,Cabeceras,No sabe,Sep - Nov,16.392666666666667
2019,Cabeceras,No sabe,Oct - Dic,21.62966666666667
2019,Cabeceras,No sabe,Nov - Ene,18.811
2019,Cabeceras,No sabe,Dic - Feb,11.686333333333332
2020,Cabeceras,No sabe,Ene - Mar,0.0
2020,Cabeceras,No sabe,Feb - Abr,0.0
2020,Cabeceras,No sabe,Mar - May,0.0
2020,Cabeceras,No sabe,Abr - Jun,0.0
2020,Cabeceras,No sabe,May - Jul,8.022333333333334
2020,Cabeceras,No sabe,Jun - Ago,12.815666666666667
2020,Cabeceras,No sabe,Jul - Sep,14.567333333333332
2020,Cabeceras,No sabe,Ago - Oct,13.158000000000001
2020,Cabeceras,No sabe,Sep - Nov,11.403666666666666
2020,Cabeceras,No sabe,Oct - Dic,12.133333333333333
2020,Cabeceras,No sabe,Nov - Ene,21.061333333333334
2020,Cabeceras,No sabe,Dic - Feb,27.98
2021,Cabeceras,No sabe,Ene - Mar,37.871
2021,Cabeceras,No sabe,Feb - Abr,33.361
2021,Cabeceras,No sabe,Mar - May,28.385666666666665
2021,Cabeceras,No sabe,Abr - Jun,19.50933333333333
2021,Cabeceras,No sabe,May - Jul,14.700333333333333
2021,Cabeceras,No sabe,Jun - Ago,17.561666666666667
2021,Cabeceras,No sabe,Jul - Sep,14.652666666666667
2021,Cabeceras,No sabe,Ago - Oct,16.015333333333334
2021,Cabeceras,No sabe,Sep - Nov,15.401666666666666
2021,Cabeceras,No sabe,Oct - Dic,17.888
2021,Cabeceras,No sabe,Nov - Ene,20.927333333333333
2021,Cabeceras,No sabe,Dic - Feb,18.236
2022,Cabeceras,No sabe,Ene - Mar,20.557666666666666
2022,Cabeceras,No sabe,Feb - Abr,15.327333333333334
2022,Cabeceras,No sabe,Mar - May,14.748333333333333
2022,Cabeceras,No sabe,Abr - Jun,14.424
2022,Cabeceras,No sabe,May - Jul,13.000333333333332
2022,Cabeceras,No sabe,Jun - Ago,11.964999999999998
2022,Cabeceras,No sabe,Jul - Sep,8.094
2022,Cabeceras,No sabe,Ago - Oct,11.266666666666666
2022,Cabeceras,No sabe,Sep - Nov,11.285333333333334
2022,Cabeceras,No sabe,Oct - Dic,13.375
2022,Cabeceras,No sabe,Nov - Ene,8.749
2022,Cabeceras,No sabe,Dic - Feb,11.725999999999999
2023,Cabeceras,No sabe,Ene - Mar,14.186
2023,Cabeceras,No sabe,Feb - Abr,16.049
2023,Cabeceras,No sabe,Mar - May,11.531
2023,Cabeceras,No sabe,Abr - Jun,6.242999999999999
2023,Cabeceras,No sabe,May - Jul,5.788
2023,Cabeceras,No sabe,Jun - Ago,5.467
2023,Cabeceras,No sabe,Jul - Sep,5.353
2023,Cabeceras,No sabe,Ago - Oct,7.084
2023,Cabeceras,No sabe,Sep - Nov,7.04
2023,Cabeceras,No sabe,Oct - Dic,7.081
2023,Cabeceras,No sabe,Nov - Ene,11.096
2023,Cabeceras,No sabe,Dic - Feb,13.659
2024,Cabeceras,No sabe,Ene - Mar,14.194
2024,Cabeceras,No sabe,Feb - Abr,9.32
2024,Cabeceras,No sabe,Mar - May,10.695
2024,Cabeceras,No sabe,Abr - Jun,12.486
2024,Cabeceras,No sabe,May - Jul,14.106
2024,Cabeceras,No sabe,Jun - Ago,15.441
2024,Cabeceras,No sabe,Jul - Sep,15.107
2024,Cabeceras,No sabe,Ago - Oct,15.791
2024,Cabeceras,No sabe,Sep - Nov,15.341
2024,Cabeceras,No sabe,Oct - Dic,12.919
2024,Cabeceras,No sabe,Nov - Ene,12.259
2024,Cabeceras,No sabe,Dic - Feb,9.243
2025,Cabeceras,No sabe,Ene - Mar,14.454
2025,Cabeceras,No sabe,Feb - Abr,12.316
2025,Cabeceras,No sabe,Mar - May,15.143
2025,Cabeceras,No sabe,Abr - Jun,9.899
2025,Cabeceras,No sabe,May - Jul,11.631
2025,Cabeceras,No sabe,Jun - Ago,7.796
2025,Cabeceras,No sabe,Jul - Sep,10.873
2025,Cabeceras,No sabe,Ago - Oct,8.198
2025,Cabeceras,No sabe,Sep - Nov,16.761
2025,Cabeceras,No sabe,Oct - Dic,13.741
2025,Cabeceras,No sabe,Nov - Ene,17.769
2025,Cabeceras,No sabe,Dic - Feb,9.971
2026,Cabeceras,No sabe,Ene - Mar,14.093
2026,Cabeceras,No sabe,Feb - Abr,11.369
2007,Cabeceras,Cotiza a pensión,Ene - Mar,4472.228
2007,Cabeceras,Cotiza a pensión,Feb - Abr,4548.743
2007,Cabeceras,Cotiza a pensión,Mar - May,4612.722000000001
2007,Cabeceras,Cotiza a pensión,Abr - Jun,4610.8043333333335
2007,Cabeceras,Cotiza a pensión,May - Jul,4742.966333333334
2007,Cabeceras,Cotiza a pensión,Jun - Ago,4737.260333333333
2007,Cabeceras,Cotiza a pensión,Jul - Sep,4824.742333333333
2007,Cabeceras,Cotiza a pensión,Ago - Oct,4794.068666666667
2007,Cabeceras,Cotiza a pensión,Sep - Nov,4828.604666666667
2007,Cabeceras,Cotiza a pensión,Oct - Dic,4706.288
2007,Cabeceras,Cotiza a pensión,Nov - Ene,4673.8949999999995
2007,Cabeceras,Cotiza a pensión,Dic - Feb,4585.147
2008,Cabeceras,Cotiza a pensión,Ene - Mar,4589.192
2008,Cabeceras,Cotiza a pensión,Feb - Abr,4634.539666666667
2008,Cabeceras,Cotiza a pensión,Mar - May,4793.611333333333
2008,Cabeceras,Cotiza a pensión,Abr - Jun,4935.747333333334
2008,Cabeceras,Cotiza a pensión,May - Jul,5032.352
2008,Cabeceras,Cotiza a pensión,Jun - Ago,4983.071666666667
2008,Cabeceras,Cotiza a pensión,Jul - Sep,4924.272666666667
2008,Cabeceras,Cotiza a pensión,Ago - Oct,4837.78
2008,Cabeceras,Cotiza a pensión,Sep - Nov,4797.868666666666
2008,Cabeceras,Cotiza a pensión,Oct - Dic,4798.098666666667
2008,Cabeceras,Cotiza a pensión,Nov - Ene,4775.758999999999
2008,Cabeceras,Cotiza a pensión,Dic - Feb,4785.583666666666
2009,Cabeceras,Cotiza a pensión,Ene - Mar,4766.72
2009,Cabeceras,Cotiza a pensión,Feb - Abr,4878.313000000001
2009,Cabeceras,Cotiza a pensión,Mar - May,4891.079666666667
2009,Cabeceras,Cotiza a pensión,Abr - Jun,4946.849666666666
2009,Cabeceras,Cotiza a pensión,May - Jul,4948.891
2009,Cabeceras,Cotiza a pensión,Jun - Ago,4976.634999999999
2009,Cabeceras,Cotiza a pensión,Jul - Sep,5070.117666666666
2009,Cabeceras,Cotiza a pensión,Ago - Oct,5035.0380000000005
2009,Cabeceras,Cotiza a pensión,Sep - Nov,5076.307
2009,Cabeceras,Cotiza a pensión,Oct - Dic,4970.262
2009,Cabeceras,Cotiza a pensión,Nov - Ene,4933.570333333333
2009,Cabeceras,Cotiza a pensión,Dic - Feb,4952.8386666666665
2010,Cabeceras,Cotiza a pensión,Ene - Mar,4990.890666666666
2010,Cabeceras,Cotiza a pensión,Feb - Abr,5139.488
2010,Cabeceras,Cotiza a pensión,Mar - May,5146.543333333334
2010,Cabeceras,Cotiza a pensión,Abr - Jun,5177.280666666667
2010,Cabeceras,Cotiza a pensión,May - Jul,5106.704000000001
2010,Cabeceras,Cotiza a pensión,Jun - Ago,5112.852
2010,Cabeceras,Cotiza a pensión,Jul - Sep,5130.735
2010,Cabeceras,Cotiza a pensión,Ago - Oct,5161.595666666667
2010,Cabeceras,Cotiza a pensión,Sep - Nov,5162.552
2010,Cabeceras,Cotiza a pensión,Oct - Dic,5166.4980000000005
2010,Cabeceras,Cotiza a pensión,Nov - Ene,5144.970333333334
2010,Cabeceras,Cotiza a pensión,Dic - Feb,5113.276000000001
2011,Cabeceras,Cotiza a pensión,Ene - Mar,5171.71
2011,Cabeceras,Cotiza a pensión,Feb - Abr,5250.457666666666
2011,Cabeceras,Cotiza a pensión,Mar - May,5289.258333333332
2011,Cabeceras,Cotiza a pensión,Abr - Jun,5347.068333333334
2011,Cabeceras,Cotiza a pensión,May - Jul,5390.899
2011,Cabeceras,Cotiza a pensión,Jun - Ago,5431.461333333334
2011,Cabeceras,Cotiza a pensión,Jul - Sep,5485.269333333334
2011,Cabeceras,Cotiza a pensión,Ago - Oct,5476.704000000001
2011,Cabeceras,Cotiza a pensión,Sep - Nov,5469.492000000001
2011,Cabeceras,Cotiza a pensión,Oct - Dic,5400.151333333333
2011,Cabeceras,Cotiza a pensión,Nov - Ene,5411.137
2011,Cabeceras,Cotiza a pensión,Dic - Feb,5473.370666666667
2012,Cabeceras,Cotiza a pensión,Ene - Mar,5545.687000000001
2012,Cabeceras,Cotiza a pensión,Feb - Abr,5641.029333333333
2012,Cabeceras,Cotiza a pensión,Mar - May,5693.684
2012,Cabeceras,Cotiza a pensión,Abr - Jun,5733.205666666666
2012,Cabeceras,Cotiza a pensión,May - Jul,5690.5993333333345
2012,Cabeceras,Cotiza a pensión,Jun - Ago,5810.963
2012,Cabeceras,Cotiza a pensión,Jul - Sep,5777.7463333333335
2012,Cabeceras,Cotiza a pensión,Ago - Oct,5828.242666666666
2012,Cabeceras,Cotiza a pensión,Sep - Nov,5750.417666666667
2012,Cabeceras,Cotiza a pensión,Oct - Dic,5710.950333333334
2012,Cabeceras,Cotiza a pensión,Nov - Ene,5675.217333333333
2012,Cabeceras,Cotiza a pensión,Dic - Feb,5649.943333333334
2013,Cabeceras,Cotiza a pensión,Ene - Mar,5731.569
2013,Cabeceras,Cotiza a pensión,Feb - Abr,5895.523
2013,Cabeceras,Cotiza a pensión,Mar - May,5970.256333333334
2013,Cabeceras,Cotiza a pensión,Abr - Jun,6073.735666666667
2013,Cabeceras,Cotiza a pensión,May - Jul,6081.500666666667
2013,Cabeceras,Cotiza a pensión,Jun - Ago,6174.123666666666
2013,Cabeceras,Cotiza a pensión,Jul - Sep,6217.795666666668
2013,Cabeceras,Cotiza a pensión,Ago - Oct,6252.93
2013,Cabeceras,Cotiza a pensión,Sep - Nov,6202.051333333334
2013,Cabeceras,Cotiza a pensión,Oct - Dic,6116.9726666666675
2013,Cabeceras,Cotiza a pensión,Nov - Ene,6089.888666666667
2013,Cabeceras,Cotiza a pensión,Dic - Feb,6181.266666666666
2014,Cabeceras,Cotiza a pensión,Ene - Mar,6282.594
2014,Cabeceras,Cotiza a pensión,Feb - Abr,6422.215
2014,Cabeceras,Cotiza a pensión,Mar - May,6487.406333333333
2014,Cabeceras,Cotiza a pensión,Abr - Jun,6596.113666666667
2014,Cabeceras,Cotiza a pensión,May - Jul,6636.295999999999
2014,Cabeceras,Cotiza a pensión,Jun - Ago,6585.744333333333
2014,Cabeceras,Cotiza a pensión,Jul - Sep,6610.443666666666
2014,Cabeceras,Cotiza a pensión,Ago - Oct,6602.861
2014,Cabeceras,Cotiza a pensión,Sep - Nov,6704.610000000001
2014,Cabeceras,Cotiza a pensión,Oct - Dic,6652.87
2014,Cabeceras,Cotiza a pensión,Nov - Ene,6531.319
2014,Cabeceras,Cotiza a pensión,Dic - Feb,6457.852
2015,Cabeceras,Cotiza a pensión,Ene - Mar,6456.472000000001
2015,Cabeceras,Cotiza a pensión,Feb - Abr,6585.728
2015,Cabeceras,Cotiza a pensión,Mar - May,6655.815666666666
2015,Cabeceras,Cotiza a pensión,Abr - Jun,6793.089
2015,Cabeceras,Cotiza a pensión,May - Jul,6818.350333333333
2015,Cabeceras,Cotiza a pensión,Jun - Ago,6926.206333333333
2015,Cabeceras,Cotiza a pensión,Jul - Sep,6909.079333333332
2015,Cabeceras,Cotiza a pensión,Ago - Oct,6991.562333333332
2015,Cabeceras,Cotiza a pensión,Sep - Nov,7005.344
2015,Cabeceras,Cotiza a pensión,Oct - Dic,6993.093333333333
2015,Cabeceras,Cotiza a pensión,Nov - Ene,6865.9619999999995
2015,Cabeceras,Cotiza a pensión,Dic - Feb,6805.970333333334
2016,Cabeceras,Cotiza a pensión,Ene - Mar,6785.563333333334
2016,Cabeceras,Cotiza a pensión,Feb - Abr,6905.677333333333
2016,Cabeceras,Cotiza a pensión,Mar - May,6969.957666666666
2016,Cabeceras,Cotiza a pensión,Abr - Jun,7078.454666666667
2016,Cabeceras,Cotiza a pensión,May - Jul,7026.763333333333
2016,Cabeceras,Cotiza a pensión,Jun - Ago,7024.027333333334
2016,Cabeceras,Cotiza a pensión,Jul - Sep,7039.846666666667
2016,Cabeceras,Cotiza a pensión,Ago - Oct,7113.531999999999
2016,Cabeceras,Cotiza a pensión,Sep - Nov,7114.325
2016,Cabeceras,Cotiza a pensión,Oct - Dic,7074.191
2016,Cabeceras,Cotiza a pensión,Nov - Ene,6930.745666666667
2016,Cabeceras,Cotiza a pensión,Dic - Feb,6903.803333333333
2017,Cabeceras,Cotiza a pensión,Ene - Mar,6881.009999999999
2017,Cabeceras,Cotiza a pensión,Feb - Abr,7093.868333333333
2017,Cabeceras,Cotiza a pensión,Mar - May,7166.594666666667
2017,Cabeceras,Cotiza a pensión,Abr - Jun,7274.264999999999
2017,Cabeceras,Cotiza a pensión,May - Jul,7187.537
2017,Cabeceras,Cotiza a pensión,Jun - Ago,7215.3820000000005
2017,Cabeceras,Cotiza a pensión,Jul - Sep,7176.581000000001
2017,Cabeceras,Cotiza a pensión,Ago - Oct,7283.839333333333
2017,Cabeceras,Cotiza a pensión,Sep - Nov,7282.029666666666
2017,Cabeceras,Cotiza a pensión,Oct - Dic,7199.778333333333
2017,Cabeceras,Cotiza a pensión,Nov - Ene,6983.432
2017,Cabeceras,Cotiza a pensión,Dic - Feb,6952.37
2018,Cabeceras,Cotiza a pensión,Ene - Mar,7016.889666666667
2018,Cabeceras,Cotiza a pensión,Feb - Abr,7189.984666666666
2018,Cabeceras,Cotiza a pensión,Mar - May,7244.394333333334
2018,Cabeceras,Cotiza a pensión,Abr - Jun,7345.498
2018,Cabeceras,Cotiza a pensión,May - Jul,7357.808
2018,Cabeceras,Cotiza a pensión,Jun - Ago,7383.6939999999995
2018,Cabeceras,Cotiza a pensión,Jul - Sep,7291.732
2018,Cabeceras,Cotiza a pensión,Ago - Oct,7317.993333333333
2018,Cabeceras,Cotiza a pensión,Sep - Nov,7272.165000000001
2018,Cabeceras,Cotiza a pensión,Oct - Dic,7286.143333333333
2018,Cabeceras,Cotiza a pensión,Nov - Ene,7118.280333333333
2018,Cabeceras,Cotiza a pensión,Dic - Feb,7117.518666666666
2019,Cabeceras,Cotiza a pensión,Ene - Mar,7157.790666666667
2019,Cabeceras,Cotiza a pensión,Feb - Abr,7342.249
2019,Cabeceras,Cotiza a pensión,Mar - May,7382.003333333333
2019,Cabeceras,Cotiza a pensión,Abr - Jun,7450.356333333333
2019,Cabeceras,Cotiza a pensión,May - Jul,7497.066
2019,Cabeceras,Cotiza a pensión,Jun - Ago,7507.958
2019,Cabeceras,Cotiza a pensión,Jul - Sep,7524.859666666667
2019,Cabeceras,Cotiza a pensión,Ago - Oct,7471.401333333332
2019,Cabeceras,Cotiza a pensión,Sep - Nov,7431.275000000001
2019,Cabeceras,Cotiza a pensión,Oct - Dic,7292.358666666667
2019,Cabeceras,Cotiza a pensión,Nov - Ene,7177.489333333334
2019,Cabeceras,Cotiza a pensión,Dic - Feb,7116.545333333334
2020,Cabeceras,Cotiza a pensión,Ene - Mar,0.0
2020,Cabeceras,Cotiza a pensión,Feb - Abr,0.0
2020,Cabeceras,Cotiza a pensión,Mar - May,0.0
2020,Cabeceras,Cotiza a pensión,Abr - Jun,0.0
2020,Cabeceras,Cotiza a pensión,May - Jul,6254.685999999999
2020,Cabeceras,Cotiza a pensión,Jun - Ago,6396.623
2020,Cabeceras,Cotiza a pensión,Jul - Sep,6501.783666666666
2020,Cabeceras,Cotiza a pensión,Ago - Oct,6719.001333333334
2020,Cabeceras,Cotiza a pensión,Sep - Nov,6846.651666666668
2020,Cabeceras,Cotiza a pensión,Oct - Dic,6880.109666666667
2020,Cabeceras,Cotiza a pensión,Nov - Ene,7084.081666666668
2020,Cabeceras,Cotiza a pensión,Dic - Feb,7245.91
2021,Cabeceras,Cotiza a pensión,Ene - Mar,7480.263333333333
2021,Cabeceras,Cotiza a pensión,Feb - Abr,7462.555666666667
2021,Cabeceras,Cotiza a pensión,Mar - May,7549.074666666666
2021,Cabeceras,Cotiza a pensión,Abr - Jun,7603.056666666667
2021,Cabeceras,Cotiza a pensión,May - Jul,7722.463333333333
2021,Cabeceras,Cotiza a pensión,Jun - Ago,7693.182000000001
2021,Cabeceras,Cotiza a pensión,Jul - Sep,7784.704000000001
2021,Cabeceras,Cotiza a pensión,Ago - Oct,7825.4473333333335
2021,Cabeceras,Cotiza a pensión,Sep - Nov,7939.117666666666
2021,Cabeceras,Cotiza a pensión,Oct - Dic,8037.600333333333
2021,Cabeceras,Cotiza a pensión,Nov - Ene,8120.32
2021,Cabeceras,Cotiza a pensión,Dic - Feb,8176.268
2022,Cabeceras,Cotiza a pensión,Ene - Mar,8129.941
2022,Cabeceras,Cotiza a pensión,Feb - Abr,8259.526333333333
2022,Cabeceras,Cotiza a pensión,Mar - May,8427.112
2022,Cabeceras,Cotiza a pensión,Abr - Jun,8492.307333333332
2022,Cabeceras,Cotiza a pensión,May - Jul,8391.6
2022,Cabeceras,Cotiza a pensión,Jun - Ago,8315.615666666667
2022,Cabeceras,Cotiza a pensión,Jul - Sep,8311.694666666666
2022,Cabeceras,Cotiza a pensión,Ago - Oct,8397.341333333332
2022,Cabeceras,Cotiza a pensión,Sep - Nov,8450.531666666668
2022,Cabeceras,Cotiza a pensión,Oct - Dic,8545.954333333333
2022,Cabeceras,Cotiza a pensión,Nov - Ene,8450.642333333331
2022,Cabeceras,Cotiza a pensión,Dic - Feb,8326.673999999999
2023,Cabeceras,Cotiza a pensión,Ene - Mar,8318.571999999998
2023,Cabeceras,Cotiza a pensión,Feb - Abr,8547.18
2023,Cabeceras,Cotiza a pensión,Mar - May,8795.826000000001
2023,Cabeceras,Cotiza a pensión,Abr - Jun,9017.974
2023,Cabeceras,Cotiza a pensión,May - Jul,9117.674
2023,Cabeceras,Cotiza a pensión,Jun - Ago,9145.719
2023,Cabeceras,Cotiza a pensión,Jul - Sep,9136.847
2023,Cabeceras,Cotiza a pensión,Ago - Oct,9181.134
2023,Cabeceras,Cotiza a pensión,Sep - Nov,9284.54
2023,Cabeceras,Cotiza a pensión,Oct - Dic,9256.35
2023,Cabeceras,Cotiza a pensión,Nov - Ene,9072.083
2023,Cabeceras,Cotiza a pensión,Dic - Feb,8847.057
2024,Cabeceras,Cotiza a pensión,Ene - Mar,8806.261
2024,Cabeceras,Cotiza a pensión,Feb - Abr,8929.76
2024,Cabeceras,Cotiza a pensión,Mar - May,9122.899
2024,Cabeceras,Cotiza a pensión,Abr - Jun,9186.676
2024,Cabeceras,Cotiza a pensión,May - Jul,9213.433
2024,Cabeceras,Cotiza a pensión,Jun - Ago,9223.907
2024,Cabeceras,Cotiza a pensión,Jul - Sep,9288.006
2024,Cabeceras,Cotiza a pensión,Ago - Oct,9334.583
2024,Cabeceras,Cotiza a pensión,Sep - Nov,9413.966
2024,Cabeceras,Cotiza a pensión,Oct - Dic,9348.85
2024,Cabeceras,Cotiza a pensión,Nov - Ene,9268.844
2024,Cabeceras,Cotiza a pensión,Dic - Feb,9084.5
2025,Cabeceras,Cotiza a pensión,Ene - Mar,9050.531
2025,Cabeceras,Cotiza a pensión,Feb - Abr,9222.867
2025,Cabeceras,Cotiza a pensión,Mar - May,9379.54
2025,Cabeceras,Cotiza a pensión,Abr - Jun,9577.558
2025,Cabeceras,Cotiza a pensión,May - Jul,9634.632
2025,Cabeceras,Cotiza a pensión,Jun - Ago,9699.838
2025,Cabeceras,Cotiza a pensión,Jul - Sep,9749.241
2025,Cabeceras,Cotiza a pensión,Ago - Oct,9675.425
2025,Cabeceras,Cotiza a pensión,Sep - Nov,9715.981
2025,Cabeceras,Cotiza a pensión,Oct - Dic,9703.702
2025,Cabeceras,Cotiza a pensión,Nov - Ene,9708.413
2025,Cabeceras,Cotiza a pensión,Dic - Feb,9698.491
2026,Cabeceras,Cotiza a pensión,Ene - Mar,9710.061
2026,Cabeceras,Cotiza a pensión,Feb - Abr,9879.767
2007,Centros poblados y rural disperso,Población ocupada,Ene - Mar,3736.7296666666666
2007,Centros poblados y rural disperso,Población ocupada,Feb - Abr,3873.238
2007,Centros poblados y rural disperso,Población ocupada,Mar - May,3825.6693333333333
2007,Centros poblados y rural disperso,Población ocupada,Abr - Jun,3869.894666666667
2007,Centros poblados y rural disperso,Población ocupada,May - Jul,3722.897333333333
2007,Centros poblados y rural disperso,Población ocupada,Jun - Ago,3762.3006666666665
2007,Centros poblados y rural disperso,Población ocupada,Jul - Sep,3791.9646666666667
2007,Centros poblados y rural disperso,Población ocupada,Ago - Oct,3939.520333333334
2007,Centros poblados y rural disperso,Población ocupada,Sep - Nov,4031.0480000000002
2007,Centros poblados y rural disperso,Población ocupada,Oct - Dic,4035.750666666667
2007,Centros poblados y rural disperso,Población ocupada,Nov - Ene,3891.624333333333
2007,Centros poblados y rural disperso,Población ocupada,Dic - Feb,3840.9233333333336
2008,Centros poblados y rural disperso,Población ocupada,Ene - Mar,3877.0116666666668
2008,Centros poblados y rural disperso,Población ocupada,Feb - Abr,3969.837333333333
2008,Centros poblados y rural disperso,Población ocupada,Mar - May,3979.624333333333
2008,Centros poblados y rural disperso,Población ocupada,Abr - Jun,3838.2166666666667
2008,Centros poblados y rural disperso,Población ocupada,May - Jul,3763.8926666666666
2008,Centros poblados y rural disperso,Población ocupada,Jun - Ago,3688.5353333333333
2008,Centros poblados y rural disperso,Población ocupada,Jul - Sep,3781.6896666666667
2008,Centros poblados y rural disperso,Población ocupada,Ago - Oct,3859.0500000000006
2008,Centros poblados y rural disperso,Población ocupada,Sep - Nov,3857.3889999999997
2008,Centros poblados y rural disperso,Población ocupada,Oct - Dic,3919.263333333334
2008,Centros poblados y rural disperso,Población ocupada,Nov - Ene,3871.2556666666665
2008,Centros poblados y rural disperso,Población ocupada,Dic - Feb,3964.2160000000003
2009,Centros poblados y rural disperso,Población ocupada,Ene - Mar,3990.3513333333335
2009,Centros poblados y rural disperso,Población ocupada,Feb - Abr,4106.758000000001
2009,Centros poblados y rural disperso,Población ocupada,Mar - May,4183.730666666666
2009,Centros poblados y rural disperso,Población ocupada,Abr - Jun,4223.004666666667
2009,Centros poblados y rural disperso,Población ocupada,May - Jul,4220.435
2009,Centros poblados y rural disperso,Población ocupada,Jun - Ago,4190.212333333333
2009,Centros poblados y rural disperso,Población ocupada,Jul - Sep,4154.347333333333
2009,Centros poblados y rural disperso,Población ocupada,Ago - Oct,4260.203666666667
2009,Centros poblados y rural disperso,Población ocupada,Sep - Nov,4331.124
2009,Centros poblados y rural disperso,Población ocupada,Oct - Dic,4382.445666666667
2009,Centros poblados y rural disperso,Población ocupada,Nov - Ene,4279.831666666666
2009,Centros poblados y rural disperso,Población ocupada,Dic - Feb,4259.651333333334
2010,Centros poblados y rural disperso,Población ocupada,Ene - Mar,4287.649
2010,Centros poblados y rural disperso,Población ocupada,Feb - Abr,4356.138
2010,Centros poblados y rural disperso,Población ocupada,Mar - May,4361.083
2010,Centros poblados y rural disperso,Población ocupada,Abr - Jun,4340.967666666666
2010,Centros poblados y rural disperso,Población ocupada,May - Jul,4304.2880000000005
2010,Centros poblados y rural disperso,Población ocupada,Jun - Ago,4266.3
2010,Centros poblados y rural disperso,Población ocupada,Jul - Sep,4334.442
2010,Centros poblados y rural disperso,Población ocupada,Ago - Oct,4395.052666666667
2010,Centros poblados y rural disperso,Población ocupada,Sep - Nov,4430.932333333333
2010,Centros poblados y rural disperso,Población ocupada,Oct - Dic,4359.439333333333
2010,Centros poblados y rural disperso,Población ocupada,Nov - Ene,4300.069333333333
2010,Centros poblados y rural disperso,Población ocupada,Dic - Feb,4260.548
2011,Centros poblados y rural disperso,Población ocupada,Ene - Mar,4307.207
2011,Centros poblados y rural disperso,Población ocupada,Feb - Abr,4321.088
2011,Centros poblados y rural disperso,Población ocupada,Mar - May,4380.394666666666
2011,Centros poblados y rural disperso,Población ocupada,Abr - Jun,4302.827
2011,Centros poblados y rural disperso,Población ocupada,May - Jul,4310.069666666667
2011,Centros poblados y rural disperso,Población ocupada,Jun - Ago,4297.048
2011,Centros poblados y rural disperso,Población ocupada,Jul - Sep,4334.844333333333
2011,Centros poblados y rural disperso,Población ocupada,Ago - Oct,4494.786666666667
2011,Centros poblados y rural disperso,Población ocupada,Sep - Nov,4633.509666666667
2011,Centros poblados y rural disperso,Población ocupada,Oct - Dic,4666.656333333333
2011,Centros poblados y rural disperso,Población ocupada,Nov - Ene,4547.852333333333
2011,Centros poblados y rural disperso,Población ocupada,Dic - Feb,4478.021333333333
2012,Centros poblados y rural disperso,Población ocupada,Ene - Mar,4571.495666666667
2012,Centros poblados y rural disperso,Población ocupada,Feb - Abr,4600.477333333333
2012,Centros poblados y rural disperso,Población ocupada,Mar - May,4629.965
2012,Centros poblados y rural disperso,Población ocupada,Abr - Jun,4633.929
2012,Centros poblados y rural disperso,Población ocupada,May - Jul,4544.024
2012,Centros poblados y rural disperso,Población ocupada,Jun - Ago,4519.565
2012,Centros poblados y rural disperso,Población ocupada,Jul - Sep,4431.500999999999
2012,Centros poblados y rural disperso,Población ocupada,Ago - Oct,4615.941
2012,Centros poblados y rural disperso,Población ocupada,Sep - Nov,4609.31
2012,Centros poblados y rural disperso,Población ocupada,Oct - Dic,4633.875
2012,Centros poblados y rural disperso,Población ocupada,Nov - Ene,4519.085333333333
2012,Centros poblados y rural disperso,Población ocupada,Dic - Feb,4484.872666666666
2013,Centros poblados y rural disperso,Población ocupada,Ene - Mar,4471.737
2013,Centros poblados y rural disperso,Población ocupada,Feb - Abr,4470.858666666667
2013,Centros poblados y rural disperso,Población ocupada,Mar - May,4527.930333333334
2013,Centros poblados y rural disperso,Población ocupada,Abr - Jun,4555.707333333333
2013,Centros poblados y rural disperso,Población ocupada,May - Jul,4571.608333333334
2013,Centros poblados y rural disperso,Población ocupada,Jun - Ago,4541.287333333334
2013,Centros poblados y rural disperso,Población ocupada,Jul - Sep,4525.498333333334
2013,Centros poblados y rural disperso,Población ocupada,Ago - Oct,4670.329333333334
2013,Centros poblados y rural disperso,Población ocupada,Sep - Nov,4719.175
2013,Centros poblados y rural disperso,Población ocupada,Oct - Dic,4719.1140000000005
2013,Centros poblados y rural disperso,Población ocupada,Nov - Ene,4541.127666666667
2013,Centros poblados y rural disperso,Población ocupada,Dic - Feb,4444.977333333333
2014,Centros poblados y rural disperso,Población ocupada,Ene - Mar,4433.483
2014,Centros poblados y rural disperso,Población ocupada,Feb - Abr,4471.738
2014,Centros poblados y rural disperso,Población ocupada,Mar - May,4561.228
2014,Centros poblados y rural disperso,Población ocupada,Abr - Jun,4611.974
2014,Centros poblados y rural disperso,Población ocupada,May - Jul,4580.147666666667
2014,Centros poblados y rural disperso,Población ocupada,Jun - Ago,4548.423
2014,Centros poblados y rural disperso,Población ocupada,Jul - Sep,4520.266333333333
2014,Centros poblados y rural disperso,Población ocupada,Ago - Oct,4681.421666666666
2014,Centros poblados y rural disperso,Población ocupada,Sep - Nov,4723.082333333333
2014,Centros poblados y rural disperso,Población ocupada,Oct - Dic,4695.532
2014,Centros poblados y rural disperso,Población ocupada,Nov - Ene,4532.843333333333
2014,Centros poblados y rural disperso,Población ocupada,Dic - Feb,4485.524666666667
2015,Centros poblados y rural disperso,Población ocupada,Ene - Mar,4561.080000000001
2015,Centros poblados y rural disperso,Población ocupada,Feb - Abr,4672.153666666666
2015,Centros poblados y rural disperso,Población ocupada,Mar - May,4724.105333333333
2015,Centros poblados y rural disperso,Población ocupada,Abr - Jun,4748.466666666666
2015,Centros poblados y rural disperso,Población ocupada,May - Jul,4662.695
2015,Centros poblados y rural disperso,Población ocupada,Jun - Ago,4614.254333333333
2015,Centros poblados y rural disperso,Población ocupada,Jul - Sep,4588.311333333334
2015,Centros poblados y rural disperso,Población ocupada,Ago - Oct,4705.074
2015,Centros poblados y rural disperso,Población ocupada,Sep - Nov,4807.910666666667
2015,Centros poblados y rural disperso,Población ocupada,Oct - Dic,4830.717
2015,Centros poblados y rural disperso,Población ocupada,Nov - Ene,4735.798333333333
2015,Centros poblados y rural disperso,Población ocupada,Dic - Feb,4639.9039999999995
2016,Centros poblados y rural disperso,Población ocupada,Ene - Mar,4581.894
2016,Centros poblados y rural disperso,Población ocupada,Feb - Abr,4668.472333333334
2016,Centros poblados y rural disperso,Población ocupada,Mar - May,4758.222666666667
2016,Centros poblados y rural disperso,Población ocupada,Abr - Jun,4856.107
2016,Centros poblados y rural disperso,Población ocupada,May - Jul,4752.403333333333
2016,Centros poblados y rural disperso,Población ocupada,Jun - Ago,4717.248333333333
2016,Centros poblados y rural disperso,Población ocupada,Jul - Sep,4649.611333333333
2016,Centros poblados y rural disperso,Población ocupada,Ago - Oct,4831.376333333333
2016,Centros poblados y rural disperso,Población ocupada,Sep - Nov,4892.6956666666665
2016,Centros poblados y rural disperso,Población ocupada,Oct - Dic,4886.098000000001
2016,Centros poblados y rural disperso,Población ocupada,Nov - Ene,4745.870333333333
2016,Centros poblados y rural disperso,Población ocupada,Dic - Feb,4657.597000000001
2017,Centros poblados y rural disperso,Población ocupada,Ene - Mar,4659.1213333333335
2017,Centros poblados y rural disperso,Población ocupada,Feb - Abr,4778.526000000001
2017,Centros poblados y rural disperso,Población ocupada,Mar - May,4855.63
2017,Centros poblados y rural disperso,Población ocupada,Abr - Jun,4954.762
2017,Centros poblados y rural disperso,Población ocupada,May - Jul,4880.008999999999
2017,Centros poblados y rural disperso,Población ocupada,Jun - Ago,4843.064666666667
2017,Centros poblados y rural disperso,Población ocupada,Jul - Sep,4798.844666666667
2017,Centros poblados y rural disperso,Población ocupada,Ago - Oct,4920.375666666667
2017,Centros poblados y rural disperso,Población ocupada,Sep - Nov,4996.760333333333
2017,Centros poblados y rural disperso,Población ocupada,Oct - Dic,4971.264
2017,Centros poblados y rural disperso,Población ocupada,Nov - Ene,4808.799333333333
2017,Centros poblados y rural disperso,Población ocupada,Dic - Feb,4725.615333333334
2018,Centros poblados y rural disperso,Población ocupada,Ene - Mar,4695.815333333333
2018,Centros poblados y rural disperso,Población ocupada,Feb - Abr,4779.989333333334
2018,Centros poblados y rural disperso,Población ocupada,Mar - May,4824.3966666666665
2018,Centros poblados y rural disperso,Población ocupada,Abr - Jun,4921.243333333333
2018,Centros poblados y rural disperso,Población ocupada,May - Jul,4858.107333333333
2018,Centros poblados y rural disperso,Población ocupada,Jun - Ago,4882.284666666667
2018,Centros poblados y rural disperso,Población ocupada,Jul - Sep,4812.124333333333
2018,Centros poblados y rural disperso,Población ocupada,Ago - Oct,4917.334666666667
2018,Centros poblados y rural disperso,Población ocupada,Sep - Nov,4837.799666666667
2018,Centros poblados y rural disperso,Población ocupada,Oct - Dic,4915.3623333333335
2018,Centros poblados y rural disperso,Población ocupada,Nov - Ene,4776.1213333333335
2018,Centros poblados y rural disperso,Población ocupada,Dic - Feb,4797.79
2019,Centros poblados y rural disperso,Población ocupada,Ene - Mar,4677.179
2019,Centros poblados y rural disperso,Población ocupada,Feb - Abr,4669.386666666666
2019,Centros poblados y rural disperso,Población ocupada,Mar - May,4671.7429999999995
2019,Centros poblados y rural disperso,Población ocupada,Abr - Jun,4752.254
2019,Centros poblados y rural disperso,Población ocupada,May - Jul,4693.171333333333
2019,Centros poblados y rural disperso,Población ocupada,Jun - Ago,4666.192666666667
2019,Centros poblados y rural disperso,Población ocupada,Jul - Sep,4566.839666666666
2019,Centros poblados y rural disperso,Población ocupada,Ago - Oct,4739.152
2019,Centros poblados y rural disperso,Población ocupada,Sep - Nov,4750.38
2019,Centros poblados y rural disperso,Población ocupada,Oct - Dic,4827.096666666667
2019,Centros poblados y rural disperso,Población ocupada,Nov - Ene,4673.250666666666
2019,Centros poblados y rural disperso,Población ocupada,Dic - Feb,4637.932
2020,Centros poblados y rural disperso,Población ocupada,Ene - Mar,0.0
2020,Centros poblados y rural disperso,Población ocupada,Feb - Abr,0.0
2020,Centros poblados y rural disperso,Población ocupada,Mar - May,0.0
2020,Centros poblados y rural disperso,Población ocupada,Abr - Jun,0.0
2020,Centros poblados y rural disperso,Población ocupada,May - Jul,4041.2533333333336
2020,Centros poblados y rural disperso,Población ocupada,Jun - Ago,4193.411
2020,Centros poblados y rural disperso,Población ocupada,Jul - Sep,4234.016
2020,Centros poblados y rural disperso,Población ocupada,Ago - Oct,4470.142333333333
2020,Centros poblados y rural disperso,Población ocupada,Sep - Nov,4498.657333333334
2020,Centros poblados y rural disperso,Población ocupada,Oct - Dic,4581.603666666667
2020,Centros poblados y rural disperso,Población ocupada,Nov - Ene,4376.766666666666
2020,Centros poblados y rural disperso,Población ocupada,Dic - Feb,4387.436000000001
2021,Centros poblados y rural disperso,Población ocupada,Ene - Mar,4334.334
2021,Centros poblados y rural disperso,Población ocupada,Feb - Abr,4419.631
2021,Centros poblados y rural disperso,Población ocupada,Mar - May,4374.181
2021,Centros poblados y rural disperso,Población ocupada,Abr - Jun,4349.930333333333
2021,Centros poblados y rural disperso,Población ocupada,May - Jul,4377.409333333334
2021,Centros poblados y rural disperso,Población ocupada,Jun - Ago,4403.928
2021,Centros poblados y rural disperso,Población ocupada,Jul - Sep,4460.599666666667
2021,Centros poblados y rural disperso,Población ocupada,Ago - Oct,4516.450666666667
2021,Centros poblados y rural disperso,Población ocupada,Sep - Nov,4543.291333333334
2021,Centros poblados y rural disperso,Población ocupada,Oct - Dic,4605.327
2021,Centros poblados y rural disperso,Población ocupada,Nov - Ene,4541.956999999999
2021,Centros poblados y rural disperso,Población ocupada,Dic - Feb,4586.925
2022,Centros poblados y rural disperso,Población ocupada,Ene - Mar,4541.067
2022,Centros poblados y rural disperso,Población ocupada,Feb - Abr,4627.541666666667
2022,Centros poblados y rural disperso,Población ocupada,Mar - May,4655.585333333333
2022,Centros poblados y rural disperso,Población ocupada,Abr - Jun,4693.706666666666
2022,Centros poblados y rural disperso,Población ocupada,May - Jul,4682.456999999999
2022,Centros poblados y rural disperso,Población ocupada,Jun - Ago,4632.478666666667
2022,Centros poblados y rural disperso,Población ocupada,Jul - Sep,4643.900666666666
2022,Centros poblados y rural disperso,Población ocupada,Ago - Oct,4678.918333333334
2022,Centros poblados y rural disperso,Población ocupada,Sep - Nov,4678.766333333334
2022,Centros poblados y rural disperso,Población ocupada,Oct - Dic,4670.184
2022,Centros poblados y rural disperso,Población ocupada,Nov - Ene,4617.562000000001
2022,Centros poblados y rural disperso,Población ocupada,Dic - Feb,4679.288333333333
2023,Centros poblados y rural disperso,Población ocupada,Ene - Mar,4720.134999999999
2023,Centros poblados y rural disperso,Población ocupada,Feb - Abr,4808.160333333333
2023,Centros poblados y rural disperso,Población ocupada,Mar - May,4820.508333333333
2023,Centros poblados y rural disperso,Población ocupada,Abr - Jun,4815.545666666666
2023,Centros poblados y rural disperso,Población ocupada,May - Jul,4802.373
2023,Centros poblados y rural disperso,Población ocupada,Jun - Ago,4796.491
2023,Centros poblados y rural disperso,Población ocupada,Jul - Sep,4797.718
2023,Centros poblados y rural disperso,Población ocupada,Ago - Oct,4774.063
2023,Centros poblados y rural disperso,Población ocupada,Sep - Nov,4726.119
2023,Centros poblados y rural disperso,Población ocupada,Oct - Dic,4732.072
2023,Centros poblados y rural disperso,Población ocupada,Nov - Ene,4665.195
2023,Centros poblados y rural disperso,Población ocupada,Dic - Feb,4655.903
2024,Centros poblados y rural disperso,Población ocupada,Ene - Mar,4634.515
2024,Centros poblados y rural disperso,Población ocupada,Feb - Abr,4693.379
2024,Centros poblados y rural disperso,Población ocupada,Mar - May,4735.017
2024,Centros poblados y rural disperso,Población ocupada,Abr - Jun,4721.739
2024,Centros poblados y rural disperso,Población ocupada,May - Jul,4764.614
2024,Centros poblados y rural disperso,Población ocupada,Jun - Ago,4805.226
2024,Centros poblados y rural disperso,Población ocupada,Jul - Sep,4863.498
2024,Centros poblados y rural disperso,Población ocupada,Ago - Oct,4820.03
2024,Centros poblados y rural disperso,Población ocupada,Sep - Nov,4768.955
2024,Centros poblados y rural disperso,Población ocupada,Oct - Dic,4794.245
2024,Centros poblados y rural disperso,Población ocupada,Nov - Ene,4824.978
2024,Centros poblados y rural disperso,Población ocupada,Dic - Feb,4882.646
2025,Centros poblados y rural disperso,Población ocupada,Ene - Mar,4852.218
2025,Centros poblados y rural disperso,Población ocupada,Feb - Abr,4871.747
2025,Centros poblados y rural disperso,Población ocupada,Mar - May,4854.072
2025,Centros poblados y rural disperso,Población ocupada,Abr - Jun,4848.164
2025,Centros poblados y rural disperso,Población ocupada,May - Jul,4847.424
2025,Centros poblados y rural disperso,Población ocupada,Jun - Ago,4793.176
2025,Centros poblados y rural disperso,Población ocupada,Jul - Sep,4808.713
2025,Centros poblados y rural disperso,Población ocupada,Ago - Oct,4805.866
2025,Centros poblados y rural disperso,Población ocupada,Sep - Nov,4917.242
2025,Centros poblados y rural disperso,Población ocupada,Oct - Dic,4900.935
2025,Centros poblados y rural disperso,Población ocupada,Nov - Ene,4892.071
2025,Centros poblados y rural disperso,Población ocupada,Dic - Feb,4871.26
2026,Centros poblados y rural disperso,Población ocupada,Ene - Mar,4922.193
2026,Centros poblados y rural disperso,Población ocupada,Feb - Abr,4950.252
2007,Centros poblados y rural disperso,Afiliada a salud,Ene - Mar,2960.2083333333335
2007,Centros poblados y rural disperso,Afiliada a salud,Feb - Abr,2982.5556666666666
2007,Centros poblados y rural disperso,Afiliada a salud,Mar - May,2994.911
2007,Centros poblados y rural disperso,Afiliada a salud,Abr - Jun,3021.2046666666665
2007,Centros poblados y rural disperso,Afiliada a salud,May - Jul,2999.019666666667
2007,Centros poblados y rural disperso,Afiliada a salud,Jun - Ago,2981.1386666666663
2007,Centros poblados y rural disperso,Afiliada a salud,Jul - Sep,3055.937
2007,Centros poblados y rural disperso,Afiliada a salud,Ago - Oct,3204.165333333333
2007,Centros poblados y rural disperso,Afiliada a salud,Sep - Nov,3255.425333333334
2007,Centros poblados y rural disperso,Afiliada a salud,Oct - Dic,3267.780666666667
2007,Centros poblados y rural disperso,Afiliada a salud,Nov - Ene,3175.9809999999998
2007,Centros poblados y rural disperso,Afiliada a salud,Dic - Feb,3184.3053333333337
2008,Centros poblados y rural disperso,Afiliada a salud,Ene - Mar,3209.385333333333
2008,Centros poblados y rural disperso,Afiliada a salud,Feb - Abr,3245.5596666666665
2008,Centros poblados y rural disperso,Afiliada a salud,Mar - May,3274.933333333333
2008,Centros poblados y rural disperso,Afiliada a salud,Abr - Jun,3173.8573333333334
2008,Centros poblados y rural disperso,Afiliada a salud,May - Jul,3125.1839999999997
2008,Centros poblados y rural disperso,Afiliada a salud,Jun - Ago,3041.125666666667
2008,Centros poblados y rural disperso,Afiliada a salud,Jul - Sep,3169.249
2008,Centros poblados y rural disperso,Afiliada a salud,Ago - Oct,3241.234
2008,Centros poblados y rural disperso,Afiliada a salud,Sep - Nov,3219.892333333333
2008,Centros poblados y rural disperso,Afiliada a salud,Oct - Dic,3251.926000000001
2008,Centros poblados y rural disperso,Afiliada a salud,Nov - Ene,3224.4373333333338
2008,Centros poblados y rural disperso,Afiliada a salud,Dic - Feb,3336.478333333334
2009,Centros poblados y rural disperso,Afiliada a salud,Ene - Mar,3356.529
2009,Centros poblados y rural disperso,Afiliada a salud,Feb - Abr,3468.4473333333335
2009,Centros poblados y rural disperso,Afiliada a salud,Mar - May,3578.610666666666
2009,Centros poblados y rural disperso,Afiliada a salud,Abr - Jun,3632.726666666667
2009,Centros poblados y rural disperso,Afiliada a salud,May - Jul,3647.591666666667
2009,Centros poblados y rural disperso,Afiliada a salud,Jun - Ago,3602.7233333333334
2009,Centros poblados y rural disperso,Afiliada a salud,Jul - Sep,3611.6246666666666
2009,Centros poblados y rural disperso,Afiliada a salud,Ago - Oct,3695.355333333333
2009,Centros poblados y rural disperso,Afiliada a salud,Sep - Nov,3818.152
2009,Centros poblados y rural disperso,Afiliada a salud,Oct - Dic,3853.9973333333332
2009,Centros poblados y rural disperso,Afiliada a salud,Nov - Ene,3781.619666666667
2009,Centros poblados y rural disperso,Afiliada a salud,Dic - Feb,3744.9726666666666
2010,Centros poblados y rural disperso,Afiliada a salud,Ene - Mar,3754.1756666666665
2010,Centros poblados y rural disperso,Afiliada a salud,Feb - Abr,3817.4393333333333
2010,Centros poblados y rural disperso,Afiliada a salud,Mar - May,3800.1153333333336
2010,Centros poblados y rural disperso,Afiliada a salud,Abr - Jun,3776.5653333333335
2010,Centros poblados y rural disperso,Afiliada a salud,May - Jul,3710.227666666667
2010,Centros poblados y rural disperso,Afiliada a salud,Jun - Ago,3683.677333333333
2010,Centros poblados y rural disperso,Afiliada a salud,Jul - Sep,3785.4233333333336
2010,Centros poblados y rural disperso,Afiliada a salud,Ago - Oct,3849.5519999999997
2010,Centros poblados y rural disperso,Afiliada a salud,Sep - Nov,3885.693333333333
2010,Centros poblados y rural disperso,Afiliada a salud,Oct - Dic,3808.0
2010,Centros poblados y rural disperso,Afiliada a salud,Nov - Ene,3779.622
2010,Centros poblados y rural disperso,Afiliada a salud,Dic - Feb,3725.8566666666666
2011,Centros poblados y rural disperso,Afiliada a salud,Ene - Mar,3729.642
2011,Centros poblados y rural disperso,Afiliada a salud,Feb - Abr,3742.1403333333333
2011,Centros poblados y rural disperso,Afiliada a salud,Mar - May,3809.8716666666674
2011,Centros poblados y rural disperso,Afiliada a salud,Abr - Jun,3791.744666666667
2011,Centros poblados y rural disperso,Afiliada a salud,May - Jul,3811.3950000000004
2011,Centros poblados y rural disperso,Afiliada a salud,Jun - Ago,3817.4520000000007
2011,Centros poblados y rural disperso,Afiliada a salud,Jul - Sep,3844.208666666667
2011,Centros poblados y rural disperso,Afiliada a salud,Ago - Oct,3991.056666666667
2011,Centros poblados y rural disperso,Afiliada a salud,Sep - Nov,4136.889666666667
2011,Centros poblados y rural disperso,Afiliada a salud,Oct - Dic,4128.592
2011,Centros poblados y rural disperso,Afiliada a salud,Nov - Ene,4021.922
2011,Centros poblados y rural disperso,Afiliada a salud,Dic - Feb,3898.260333333333
2012,Centros poblados y rural disperso,Afiliada a salud,Ene - Mar,4011.990333333333
2012,Centros poblados y rural disperso,Afiliada a salud,Feb - Abr,4064.279666666667
2012,Centros poblados y rural disperso,Afiliada a salud,Mar - May,4116.671666666666
2012,Centros poblados y rural disperso,Afiliada a salud,Abr - Jun,4146.496
2012,Centros poblados y rural disperso,Afiliada a salud,May - Jul,4014.8873333333336
2012,Centros poblados y rural disperso,Afiliada a salud,Jun - Ago,4001.1036666666664
2012,Centros poblados y rural disperso,Afiliada a salud,Jul - Sep,3916.952333333333
2012,Centros poblados y rural disperso,Afiliada a salud,Ago - Oct,4098.347
2012,Centros poblados y rural disperso,Afiliada a salud,Sep - Nov,4144.822
2012,Centros poblados y rural disperso,Afiliada a salud,Oct - Dic,4147.850333333333
2012,Centros poblados y rural disperso,Afiliada a salud,Nov - Ene,4064.8549999999996
2012,Centros poblados y rural disperso,Afiliada a salud,Dic - Feb,3985.064
2013,Centros poblados y rural disperso,Afiliada a salud,Ene - Mar,3980.317333333334
2013,Centros poblados y rural disperso,Afiliada a salud,Feb - Abr,3982.5406666666663
2013,Centros poblados y rural disperso,Afiliada a salud,Mar - May,4040.9606666666673
2013,Centros poblados y rural disperso,Afiliada a salud,Abr - Jun,4068.0533333333333
2013,Centros poblados y rural disperso,Afiliada a salud,May - Jul,4086.9499999999994
2013,Centros poblados y rural disperso,Afiliada a salud,Jun - Ago,4063.5473333333334
2013,Centros poblados y rural disperso,Afiliada a salud,Jul - Sep,4082.732
2013,Centros poblados y rural disperso,Afiliada a salud,Ago - Oct,4217.402333333333
2013,Centros poblados y rural disperso,Afiliada a salud,Sep - Nov,4315.856333333333
2013,Centros poblados y rural disperso,Afiliada a salud,Oct - Dic,4321.675333333333
2013,Centros poblados y rural disperso,Afiliada a salud,Nov - Ene,4195.114333333334
2013,Centros poblados y rural disperso,Afiliada a salud,Dic - Feb,4056.615
2014,Centros poblados y rural disperso,Afiliada a salud,Ene - Mar,4038.507
2014,Centros poblados y rural disperso,Afiliada a salud,Feb - Abr,4072.3143333333333
2014,Centros poblados y rural disperso,Afiliada a salud,Mar - May,4175.308333333334
2014,Centros poblados y rural disperso,Afiliada a salud,Abr - Jun,4208.253
2014,Centros poblados y rural disperso,Afiliada a salud,May - Jul,4169.4619999999995
2014,Centros poblados y rural disperso,Afiliada a salud,Jun - Ago,4141.139
2014,Centros poblados y rural disperso,Afiliada a salud,Jul - Sep,4140.562333333333
2014,Centros poblados y rural disperso,Afiliada a salud,Ago - Oct,4303.044666666667
2014,Centros poblados y rural disperso,Afiliada a salud,Sep - Nov,4371.3640000000005
2014,Centros poblados y rural disperso,Afiliada a salud,Oct - Dic,4334.818666666666
2014,Centros poblados y rural disperso,Afiliada a salud,Nov - Ene,4190.023666666667
2014,Centros poblados y rural disperso,Afiliada a salud,Dic - Feb,4099.823333333334
2015,Centros poblados y rural disperso,Afiliada a salud,Ene - Mar,4194.697666666667
2015,Centros poblados y rural disperso,Afiliada a salud,Feb - Abr,4310.8516666666665
2015,Centros poblados y rural disperso,Afiliada a salud,Mar - May,4400.497666666666
2015,Centros poblados y rural disperso,Afiliada a salud,Abr - Jun,4397.81
2015,Centros poblados y rural disperso,Afiliada a salud,May - Jul,4285.343333333333
2015,Centros poblados y rural disperso,Afiliada a salud,Jun - Ago,4217.693333333334
2015,Centros poblados y rural disperso,Afiliada a salud,Jul - Sep,4212.883333333333
2015,Centros poblados y rural disperso,Afiliada a salud,Ago - Oct,4323.446333333333
2015,Centros poblados y rural disperso,Afiliada a salud,Sep - Nov,4457.66
2015,Centros poblados y rural disperso,Afiliada a salud,Oct - Dic,4491.2863333333335
2015,Centros poblados y rural disperso,Afiliada a salud,Nov - Ene,4427.311333333334
2015,Centros poblados y rural disperso,Afiliada a salud,Dic - Feb,4309.5126666666665
2016,Centros poblados y rural disperso,Afiliada a salud,Ene - Mar,4232.637
2016,Centros poblados y rural disperso,Afiliada a salud,Feb - Abr,4272.938000000001
2016,Centros poblados y rural disperso,Afiliada a salud,Mar - May,4365.481666666667
2016,Centros poblados y rural disperso,Afiliada a salud,Abr - Jun,4427.905666666667
2016,Centros poblados y rural disperso,Afiliada a salud,May - Jul,4372.270333333333
2016,Centros poblados y rural disperso,Afiliada a salud,Jun - Ago,4297.266666666666
2016,Centros poblados y rural disperso,Afiliada a salud,Jul - Sep,4265.437333333332
2016,Centros poblados y rural disperso,Afiliada a salud,Ago - Oct,4408.072666666666
2016,Centros poblados y rural disperso,Afiliada a salud,Sep - Nov,4519.800333333333
2016,Centros poblados y rural disperso,Afiliada a salud,Oct - Dic,4508.4946666666665
2016,Centros poblados y rural disperso,Afiliada a salud,Nov - Ene,4400.5526666666665
2016,Centros poblados y rural disperso,Afiliada a salud,Dic - Feb,4266.924666666667
2017,Centros poblados y rural disperso,Afiliada a salud,Ene - Mar,4249.053
2017,Centros poblados y rural disperso,Afiliada a salud,Feb - Abr,4351.105333333333
2017,Centros poblados y rural disperso,Afiliada a salud,Mar - May,4441.507666666667
2017,Centros poblados y rural disperso,Afiliada a salud,Abr - Jun,4526.215
2017,Centros poblados y rural disperso,Afiliada a salud,May - Jul,4447.7063333333335
2017,Centros poblados y rural disperso,Afiliada a salud,Jun - Ago,4428.777999999999
2017,Centros poblados y rural disperso,Afiliada a salud,Jul - Sep,4451.255666666667
2017,Centros poblados y rural disperso,Afiliada a salud,Ago - Oct,4577.501666666667
2017,Centros poblados y rural disperso,Afiliada a salud,Sep - Nov,4664.372
2017,Centros poblados y rural disperso,Afiliada a salud,Oct - Dic,4632.409666666666
2017,Centros poblados y rural disperso,Afiliada a salud,Nov - Ene,4489.776333333334
2017,Centros poblados y rural disperso,Afiliada a salud,Dic - Feb,4380.8
2018,Centros poblados y rural disperso,Afiliada a salud,Ene - Mar,4320.823
2018,Centros poblados y rural disperso,Afiliada a salud,Feb - Abr,4405.786
2018,Centros poblados y rural disperso,Afiliada a salud,Mar - May,4441.338000000001
2018,Centros poblados y rural disperso,Afiliada a salud,Abr - Jun,4493.161666666667
2018,Centros poblados y rural disperso,Afiliada a salud,May - Jul,4400.311000000001
2018,Centros poblados y rural disperso,Afiliada a salud,Jun - Ago,4411.295666666667
2018,Centros poblados y rural disperso,Afiliada a salud,Jul - Sep,4416.758333333333
2018,Centros poblados y rural disperso,Afiliada a salud,Ago - Oct,4505.039
2018,Centros poblados y rural disperso,Afiliada a salud,Sep - Nov,4475.791
2018,Centros poblados y rural disperso,Afiliada a salud,Oct - Dic,4528.593
2018,Centros poblados y rural disperso,Afiliada a salud,Nov - Ene,4409.654666666666
2018,Centros poblados y rural disperso,Afiliada a salud,Dic - Feb,4399.162
2019,Centros poblados y rural disperso,Afiliada a salud,Ene - Mar,4257.4963333333335
2019,Centros poblados y rural disperso,Afiliada a salud,Feb - Abr,4271.972999999999
2019,Centros poblados y rural disperso,Afiliada a salud,Mar - May,4265.716666666667
2019,Centros poblados y rural disperso,Afiliada a salud,Abr - Jun,4307.100666666666
2019,Centros poblados y rural disperso,Afiliada a salud,May - Jul,4192.488333333334
2019,Centros poblados y rural disperso,Afiliada a salud,Jun - Ago,4176.173333333333
2019,Centros poblados y rural disperso,Afiliada a salud,Jul - Sep,4138.607666666667
2019,Centros poblados y rural disperso,Afiliada a salud,Ago - Oct,4305.894333333334
2019,Centros poblados y rural disperso,Afiliada a salud,Sep - Nov,4330.5233333333335
2019,Centros poblados y rural disperso,Afiliada a salud,Oct - Dic,4397.276333333333
2019,Centros poblados y rural disperso,Afiliada a salud,Nov - Ene,4285.904
2019,Centros poblados y rural disperso,Afiliada a salud,Dic - Feb,4222.424333333333
2020,Centros poblados y rural disperso,Afiliada a salud,Ene - Mar,0.0
2020,Centros poblados y rural disperso,Afiliada a salud,Feb - Abr,0.0
2020,Centros poblados y rural disperso,Afiliada a salud,Mar - May,0.0
2020,Centros poblados y rural disperso,Afiliada a salud,Abr - Jun,0.0
2020,Centros poblados y rural disperso,Afiliada a salud,May - Jul,3655.1956666666665
2020,Centros poblados y rural disperso,Afiliada a salud,Jun - Ago,3783.1200000000003
2020,Centros poblados y rural disperso,Afiliada a salud,Jul - Sep,3839.929
2020,Centros poblados y rural disperso,Afiliada a salud,Ago - Oct,4062.982666666667
2020,Centros poblados y rural disperso,Afiliada a salud,Sep - Nov,4152.303
2020,Centros poblados y rural disperso,Afiliada a salud,Oct - Dic,4232.158
2020,Centros poblados y rural disperso,Afiliada a salud,Nov - Ene,4110.212666666666
2020,Centros poblados y rural disperso,Afiliada a salud,Dic - Feb,4097.0706666666665
2021,Centros poblados y rural disperso,Afiliada a salud,Ene - Mar,4032.0356666666667
2021,Centros poblados y rural disperso,Afiliada a salud,Feb - Abr,4086.3293333333336
2021,Centros poblados y rural disperso,Afiliada a salud,Mar - May,4051.873
2021,Centros poblados y rural disperso,Afiliada a salud,Abr - Jun,4049.3963333333336
2021,Centros poblados y rural disperso,Afiliada a salud,May - Jul,4084.091666666667
2021,Centros poblados y rural disperso,Afiliada a salud,Jun - Ago,4106.740000000001
2021,Centros poblados y rural disperso,Afiliada a salud,Jul - Sep,4155.596666666667
2021,Centros poblados y rural disperso,Afiliada a salud,Ago - Oct,4178.927
2021,Centros poblados y rural disperso,Afiliada a salud,Sep - Nov,4233.231
2021,Centros poblados y rural disperso,Afiliada a salud,Oct - Dic,4296.559333333333
2021,Centros poblados y rural disperso,Afiliada a salud,Nov - Ene,4269.418666666666
2021,Centros poblados y rural disperso,Afiliada a salud,Dic - Feb,4301.766333333334
2022,Centros poblados y rural disperso,Afiliada a salud,Ene - Mar,4255.756666666667
2022,Centros poblados y rural disperso,Afiliada a salud,Feb - Abr,4339.430333333334
2022,Centros poblados y rural disperso,Afiliada a salud,Mar - May,4366.251666666666
2022,Centros poblados y rural disperso,Afiliada a salud,Abr - Jun,4411.343333333333
2022,Centros poblados y rural disperso,Afiliada a salud,May - Jul,4409.4023333333325
2022,Centros poblados y rural disperso,Afiliada a salud,Jun - Ago,4379.362
2022,Centros poblados y rural disperso,Afiliada a salud,Jul - Sep,4389.656333333333
2022,Centros poblados y rural disperso,Afiliada a salud,Ago - Oct,4416.994333333333
2022,Centros poblados y rural disperso,Afiliada a salud,Sep - Nov,4408.110333333334
2022,Centros poblados y rural disperso,Afiliada a salud,Oct - Dic,4403.001333333334
2022,Centros poblados y rural disperso,Afiliada a salud,Nov - Ene,4360.846333333334
2022,Centros poblados y rural disperso,Afiliada a salud,Dic - Feb,4412.987
2023,Centros poblados y rural disperso,Afiliada a salud,Ene - Mar,4459.015333333334
2023,Centros poblados y rural disperso,Afiliada a salud,Feb - Abr,4556.7643333333335
2023,Centros poblados y rural disperso,Afiliada a salud,Mar - May,4581.682333333333
2023,Centros poblados y rural disperso,Afiliada a salud,Abr - Jun,4551.791666666667
2023,Centros poblados y rural disperso,Afiliada a salud,May - Jul,4519.871
2023,Centros poblados y rural disperso,Afiliada a salud,Jun - Ago,4501.054
2023,Centros poblados y rural disperso,Afiliada a salud,Jul - Sep,4524.48
2023,Centros poblados y rural disperso,Afiliada a salud,Ago - Oct,4487.426
2023,Centros poblados y rural disperso,Afiliada a salud,Sep - Nov,4445.366
2023,Centros poblados y rural disperso,Afiliada a salud,Oct - Dic,4434.973
2023,Centros poblados y rural disperso,Afiliada a salud,Nov - Ene,4394.377
2023,Centros poblados y rural disperso,Afiliada a salud,Dic - Feb,4390.346
2024,Centros poblados y rural disperso,Afiliada a salud,Ene - Mar,4397.315
2024,Centros poblados y rural disperso,Afiliada a salud,Feb - Abr,4469.532
2024,Centros poblados y rural disperso,Afiliada a salud,Mar - May,4509.853
2024,Centros poblados y rural disperso,Afiliada a salud,Abr - Jun,4494.748
2024,Centros poblados y rural disperso,Afiliada a salud,May - Jul,4506.563
2024,Centros poblados y rural disperso,Afiliada a salud,Jun - Ago,4537.17
2024,Centros poblados y rural disperso,Afiliada a salud,Jul - Sep,4562.747
2024,Centros poblados y rural disperso,Afiliada a salud,Ago - Oct,4540.373
2024,Centros poblados y rural disperso,Afiliada a salud,Sep - Nov,4498.091
2024,Centros poblados y rural disperso,Afiliada a salud,Oct - Dic,4563.359
2024,Centros poblados y rural disperso,Afiliada a salud,Nov - Ene,4605.67
2024,Centros poblados y rural disperso,Afiliada a salud,Dic - Feb,4680.53
2025,Centros poblados y rural disperso,Afiliada a salud,Ene - Mar,4648.679
2025,Centros poblados y rural disperso,Afiliada a salud,Feb - Abr,4664.993
2025,Centros poblados y rural disperso,Afiliada a salud,Mar - May,4636.659
2025,Centros poblados y rural disperso,Afiliada a salud,Abr - Jun,4633.034
2025,Centros poblados y rural disperso,Afiliada a salud,May - Jul,4631.799
2025,Centros poblados y rural disperso,Afiliada a salud,Jun - Ago,4585.236
2025,Centros poblados y rural disperso,Afiliada a salud,Jul - Sep,4606.483
2025,Centros poblados y rural disperso,Afiliada a salud,Ago - Oct,4588.609
2025,Centros poblados y rural disperso,Afiliada a salud,Sep - Nov,4701.223
2025,Centros poblados y rural disperso,Afiliada a salud,Oct - Dic,4676.664
2025,Centros poblados y rural disperso,Afiliada a salud,Nov - Ene,4699.004
2025,Centros poblados y rural disperso,Afiliada a salud,Dic - Feb,4664.186
2026,Centros poblados y rural disperso,Afiliada a salud,Ene - Mar,4718.78
2026,Centros poblados y rural disperso,Afiliada a salud,Feb - Abr,4722.091
2007,Centros poblados y rural disperso,Régimen contributivo,Ene - Mar,494.6556666666667
2007,Centros poblados y rural disperso,Régimen contributivo,Feb - Abr,534.2563333333334
2007,Centros poblados y rural disperso,Régimen contributivo,Mar - May,639.3556666666667
2007,Centros poblados y rural disperso,Régimen contributivo,Abr - Jun,714.878
2007,Centros poblados y rural disperso,Régimen contributivo,May - Jul,718.5163333333334
2007,Centros poblados y rural disperso,Régimen contributivo,Jun - Ago,724.3836666666666
2007,Centros poblados y rural disperso,Régimen contributivo,Jul - Sep,745.2393333333333
2007,Centros poblados y rural disperso,Régimen contributivo,Ago - Oct,737.48
2007,Centros poblados y rural disperso,Régimen contributivo,Sep - Nov,823.2226666666667
2007,Centros poblados y rural disperso,Régimen contributivo,Oct - Dic,784.8046666666665
2007,Centros poblados y rural disperso,Régimen contributivo,Nov - Ene,761.8639999999999
2007,Centros poblados y rural disperso,Régimen contributivo,Dic - Feb,592.0949999999999
2008,Centros poblados y rural disperso,Régimen contributivo,Ene - Mar,566.4689999999999
2008,Centros poblados y rural disperso,Régimen contributivo,Feb - Abr,579.419
2008,Centros poblados y rural disperso,Régimen contributivo,Mar - May,624.8356666666667
2008,Centros poblados y rural disperso,Régimen contributivo,Abr - Jun,631.1426666666666
2008,Centros poblados y rural disperso,Régimen contributivo,May - Jul,682.6416666666667
2008,Centros poblados y rural disperso,Régimen contributivo,Jun - Ago,709.9256666666666
2008,Centros poblados y rural disperso,Régimen contributivo,Jul - Sep,781.244
2008,Centros poblados y rural disperso,Régimen contributivo,Ago - Oct,638.969
2008,Centros poblados y rural disperso,Régimen contributivo,Sep - Nov,687.4290000000001
2008,Centros poblados y rural disperso,Régimen contributivo,Oct - Dic,661.3933333333333
2008,Centros poblados y rural disperso,Régimen contributivo,Nov - Ene,657.8363333333333
2008,Centros poblados y rural disperso,Régimen contributivo,Dic - Feb,596.2823333333332
2009,Centros poblados y rural disperso,Régimen contributivo,Ene - Mar,627.221
2009,Centros poblados y rural disperso,Régimen contributivo,Feb - Abr,729.9306666666666
2009,Centros poblados y rural disperso,Régimen contributivo,Mar - May,834.8770000000001
2009,Centros poblados y rural disperso,Régimen contributivo,Abr - Jun,770.6840000000001
2009,Centros poblados y rural disperso,Régimen contributivo,May - Jul,800.4979999999999
2009,Centros poblados y rural disperso,Régimen contributivo,Jun - Ago,692.7526666666666
2009,Centros poblados y rural disperso,Régimen contributivo,Jul - Sep,700.625
2009,Centros poblados y rural disperso,Régimen contributivo,Ago - Oct,674.14
2009,Centros poblados y rural disperso,Régimen contributivo,Sep - Nov,646.3126666666667
2009,Centros poblados y rural disperso,Régimen contributivo,Oct - Dic,684.4783333333334
2009,Centros poblados y rural disperso,Régimen contributivo,Nov - Ene,629.3813333333334
2009,Centros poblados y rural disperso,Régimen contributivo,Dic - Feb,684.0063333333334
2010,Centros poblados y rural disperso,Régimen contributivo,Ene - Mar,716.3770000000001
2010,Centros poblados y rural disperso,Régimen contributivo,Feb - Abr,770.3920000000002
2010,Centros poblados y rural disperso,Régimen contributivo,Mar - May,878.592
2010,Centros poblados y rural disperso,Régimen contributivo,Abr - Jun,806.2073333333334
2010,Centros poblados y rural disperso,Régimen contributivo,May - Jul,861.4423333333334
2010,Centros poblados y rural disperso,Régimen contributivo,Jun - Ago,746.9183333333334
2010,Centros poblados y rural disperso,Régimen contributivo,Jul - Sep,771.5556666666666
2010,Centros poblados y rural disperso,Régimen contributivo,Ago - Oct,745.9279999999999
2010,Centros poblados y rural disperso,Régimen contributivo,Sep - Nov,712.7623333333332
2010,Centros poblados y rural disperso,Régimen contributivo,Oct - Dic,724.1183333333333
2010,Centros poblados y rural disperso,Régimen contributivo,Nov - Ene,670.4296666666668
2010,Centros poblados y rural disperso,Régimen contributivo,Dic - Feb,744.11
2011,Centros poblados y rural disperso,Régimen contributivo,Ene - Mar,795.3803333333334
2011,Centros poblados y rural disperso,Régimen contributivo,Feb - Abr,864.158
2011,Centros poblados y rural disperso,Régimen contributivo,Mar - May,918.7056666666667
2011,Centros poblados y rural disperso,Régimen contributivo,Abr - Jun,859.7133333333333
2011,Centros poblados y rural disperso,Régimen contributivo,May - Jul,845.3293333333332
2011,Centros poblados y rural disperso,Régimen contributivo,Jun - Ago,844.734
2011,Centros poblados y rural disperso,Régimen contributivo,Jul - Sep,873.3126666666667
2011,Centros poblados y rural disperso,Régimen contributivo,Ago - Oct,861.0816666666666
2011,Centros poblados y rural disperso,Régimen contributivo,Sep - Nov,796.7856666666667
2011,Centros poblados y rural disperso,Régimen contributivo,Oct - Dic,817.3163333333333
2011,Centros poblados y rural disperso,Régimen contributivo,Nov - Ene,788.8643333333333
2011,Centros poblados y rural disperso,Régimen contributivo,Dic - Feb,810.529
2012,Centros poblados y rural disperso,Régimen contributivo,Ene - Mar,864.2426666666667
2012,Centros poblados y rural disperso,Régimen contributivo,Feb - Abr,950.9696666666665
2012,Centros poblados y rural disperso,Régimen contributivo,Mar - May,1041.3433333333332
2012,Centros poblados y rural disperso,Régimen contributivo,Abr - Jun,908.4773333333333
2012,Centros poblados y rural disperso,Régimen contributivo,May - Jul,844.9153333333334
2012,Centros poblados y rural disperso,Régimen contributivo,Jun - Ago,748.4176666666667
2012,Centros poblados y rural disperso,Régimen contributivo,Jul - Sep,768.2956666666665
2012,Centros poblados y rural disperso,Régimen contributivo,Ago - Oct,827.8463333333334
2012,Centros poblados y rural disperso,Régimen contributivo,Sep - Nov,798.5246666666666
2012,Centros poblados y rural disperso,Régimen contributivo,Oct - Dic,818.9856666666666
2012,Centros poblados y rural disperso,Régimen contributivo,Nov - Ene,712.2663333333334
2012,Centros poblados y rural disperso,Régimen contributivo,Dic - Feb,769.2546666666667
2013,Centros poblados y rural disperso,Régimen contributivo,Ene - Mar,812.7646666666666
2013,Centros poblados y rural disperso,Régimen contributivo,Feb - Abr,928.2093333333333
2013,Centros poblados y rural disperso,Régimen contributivo,Mar - May,1000.2393333333333
2013,Centros poblados y rural disperso,Régimen contributivo,Abr - Jun,981.3146666666667
2013,Centros poblados y rural disperso,Régimen contributivo,May - Jul,988.3756666666667
2013,Centros poblados y rural disperso,Régimen contributivo,Jun - Ago,919.6936666666667
2013,Centros poblados y rural disperso,Régimen contributivo,Jul - Sep,900.2220000000001
2013,Centros poblados y rural disperso,Régimen contributivo,Ago - Oct,892.6056666666667
2013,Centros poblados y rural disperso,Régimen contributivo,Sep - Nov,866.3686666666667
2013,Centros poblados y rural disperso,Régimen contributivo,Oct - Dic,893.3940000000001
2013,Centros poblados y rural disperso,Régimen contributivo,Nov - Ene,819.224
2013,Centros poblados y rural disperso,Régimen contributivo,Dic - Feb,868.2579999999999
2014,Centros poblados y rural disperso,Régimen contributivo,Ene - Mar,922.0226666666667
2014,Centros poblados y rural disperso,Régimen contributivo,Feb - Abr,1003.4663333333334
2014,Centros poblados y rural disperso,Régimen contributivo,Mar - May,1047.0143333333333
2014,Centros poblados y rural disperso,Régimen contributivo,Abr - Jun,969.909
2014,Centros poblados y rural disperso,Régimen contributivo,May - Jul,942.683
2014,Centros poblados y rural disperso,Régimen contributivo,Jun - Ago,874.737
2014,Centros poblados y rural disperso,Régimen contributivo,Jul - Sep,902.1576666666666
2014,Centros poblados y rural disperso,Régimen contributivo,Ago - Oct,928.3183333333333
2014,Centros poblados y rural disperso,Régimen contributivo,Sep - Nov,922.817
2014,Centros poblados y rural disperso,Régimen contributivo,Oct - Dic,933.8363333333333
2014,Centros poblados y rural disperso,Régimen contributivo,Nov - Ene,850.6186666666667
2014,Centros poblados y rural disperso,Régimen contributivo,Dic - Feb,847.6353333333333
2015,Centros poblados y rural disperso,Régimen contributivo,Ene - Mar,848.5426666666667
2015,Centros poblados y rural disperso,Régimen contributivo,Feb - Abr,953.5973333333335
2015,Centros poblados y rural disperso,Régimen contributivo,Mar - May,1017.0020000000001
2015,Centros poblados y rural disperso,Régimen contributivo,Abr - Jun,979.6356666666667
2015,Centros poblados y rural disperso,Régimen contributivo,May - Jul,917.6529999999999
2015,Centros poblados y rural disperso,Régimen contributivo,Jun - Ago,841.0946666666667
2015,Centros poblados y rural disperso,Régimen contributivo,Jul - Sep,836.639
2015,Centros poblados y rural disperso,Régimen contributivo,Ago - Oct,874.457
2015,Centros poblados y rural disperso,Régimen contributivo,Sep - Nov,822.4780000000001
2015,Centros poblados y rural disperso,Régimen contributivo,Oct - Dic,897.7040000000001
2015,Centros poblados y rural disperso,Régimen contributivo,Nov - Ene,814.5716666666667
2015,Centros poblados y rural disperso,Régimen contributivo,Dic - Feb,888.4440000000001
2016,Centros poblados y rural disperso,Régimen contributivo,Ene - Mar,902.0823333333334
2016,Centros poblados y rural disperso,Régimen contributivo,Feb - Abr,1015.1066666666667
2016,Centros poblados y rural disperso,Régimen contributivo,Mar - May,1079.8533333333332
2016,Centros poblados y rural disperso,Régimen contributivo,Abr - Jun,1015.3696666666666
2016,Centros poblados y rural disperso,Régimen contributivo,May - Jul,1011.2016666666665
2016,Centros poblados y rural disperso,Régimen contributivo,Jun - Ago,951.2813333333334
2016,Centros poblados y rural disperso,Régimen contributivo,Jul - Sep,970.4609999999999
2016,Centros poblados y rural disperso,Régimen contributivo,Ago - Oct,969.4353333333332
2016,Centros poblados y rural disperso,Régimen contributivo,Sep - Nov,953.966
2016,Centros poblados y rural disperso,Régimen contributivo,Oct - Dic,962.2453333333333
2016,Centros poblados y rural disperso,Régimen contributivo,Nov - Ene,852.7666666666668
2016,Centros poblados y rural disperso,Régimen contributivo,Dic - Feb,908.4716666666667
2017,Centros poblados y rural disperso,Régimen contributivo,Ene - Mar,955.8933333333333
2017,Centros poblados y rural disperso,Régimen contributivo,Feb - Abr,1051.8853333333334
2017,Centros poblados y rural disperso,Régimen contributivo,Mar - May,1037.991
2017,Centros poblados y rural disperso,Régimen contributivo,Abr - Jun,969.27
2017,Centros poblados y rural disperso,Régimen contributivo,May - Jul,996.5916666666667
2017,Centros poblados y rural disperso,Régimen contributivo,Jun - Ago,1015.4213333333333
2017,Centros poblados y rural disperso,Régimen contributivo,Jul - Sep,1026.4923333333334
2017,Centros poblados y rural disperso,Régimen contributivo,Ago - Oct,1011.5013333333333
2017,Centros poblados y rural disperso,Régimen contributivo,Sep - Nov,930.516
2017,Centros poblados y rural disperso,Régimen contributivo,Oct - Dic,933.009
2017,Centros poblados y rural disperso,Régimen contributivo,Nov - Ene,825.0563333333333
2017,Centros poblados y rural disperso,Régimen contributivo,Dic - Feb,929.2113333333333
2018,Centros poblados y rural disperso,Régimen contributivo,Ene - Mar,940.8029999999999
2018,Centros poblados y rural disperso,Régimen contributivo,Feb - Abr,1082.863
2018,Centros poblados y rural disperso,Régimen contributivo,Mar - May,1054.3206666666667
2018,Centros poblados y rural disperso,Régimen contributivo,Abr - Jun,1014.8166666666667
2018,Centros poblados y rural disperso,Régimen contributivo,May - Jul,985.5336666666667
2018,Centros poblados y rural disperso,Régimen contributivo,Jun - Ago,955.7933333333334
2018,Centros poblados y rural disperso,Régimen contributivo,Jul - Sep,974.035
2018,Centros poblados y rural disperso,Régimen contributivo,Ago - Oct,936.4876666666665
2018,Centros poblados y rural disperso,Régimen contributivo,Sep - Nov,858.8053333333334
2018,Centros poblados y rural disperso,Régimen contributivo,Oct - Dic,925.933
2018,Centros poblados y rural disperso,Régimen contributivo,Nov - Ene,833.3373333333334
2018,Centros poblados y rural disperso,Régimen contributivo,Dic - Feb,930.5853333333334
2019,Centros poblados y rural disperso,Régimen contributivo,Ene - Mar,915.0540000000001
2019,Centros poblados y rural disperso,Régimen contributivo,Feb - Abr,1021.9146666666666
2019,Centros poblados y rural disperso,Régimen contributivo,Mar - May,1045.8636666666666
2019,Centros poblados y rural disperso,Régimen contributivo,Abr - Jun,1011.6683333333332
2019,Centros poblados y rural disperso,Régimen contributivo,May - Jul,982.1886666666666
2019,Centros poblados y rural disperso,Régimen contributivo,Jun - Ago,921.1936666666667
2019,Centros poblados y rural disperso,Régimen contributivo,Jul - Sep,900.9593333333332
2019,Centros poblados y rural disperso,Régimen contributivo,Ago - Oct,909.3806666666666
2019,Centros poblados y rural disperso,Régimen contributivo,Sep - Nov,874.8846666666667
2019,Centros poblados y rural disperso,Régimen contributivo,Oct - Dic,893.8066666666667
2019,Centros poblados y rural disperso,Régimen contributivo,Nov - Ene,812.1260000000001
2019,Centros poblados y rural disperso,Régimen contributivo,Dic - Feb,887.4410000000001
2020,Centros poblados y rural disperso,Régimen contributivo,Ene - Mar,0.0
2020,Centros poblados y rural disperso,Régimen contributivo,Feb - Abr,0.0
2020,Centros poblados y rural disperso,Régimen contributivo,Mar - May,0.0
2020,Centros poblados y rural disperso,Régimen contributivo,Abr - Jun,0.0
2020,Centros poblados y rural disperso,Régimen contributivo,May - Jul,761.473
2020,Centros poblados y rural disperso,Régimen contributivo,Jun - Ago,782.5416666666666
2020,Centros poblados y rural disperso,Régimen contributivo,Jul - Sep,808.0863333333333
2020,Centros poblados y rural disperso,Régimen contributivo,Ago - Oct,872.1726666666667
2020,Centros poblados y rural disperso,Régimen contributivo,Sep - Nov,824.9526666666667
2020,Centros poblados y rural disperso,Régimen contributivo,Oct - Dic,859.0553333333334
2020,Centros poblados y rural disperso,Régimen contributivo,Nov - Ene,786.451
2020,Centros poblados y rural disperso,Régimen contributivo,Dic - Feb,786.7220000000001
2021,Centros poblados y rural disperso,Régimen contributivo,Ene - Mar,751.341
2021,Centros poblados y rural disperso,Régimen contributivo,Feb - Abr,778.833
2021,Centros poblados y rural disperso,Régimen contributivo,Mar - May,768.3783333333334
2021,Centros poblados y rural disperso,Régimen contributivo,Abr - Jun,747.866
2021,Centros poblados y rural disperso,Régimen contributivo,May - Jul,719.6983333333333
2021,Centros poblados y rural disperso,Régimen contributivo,Jun - Ago,701.4699999999999
2021,Centros poblados y rural disperso,Régimen contributivo,Jul - Sep,740.9346666666667
2021,Centros poblados y rural disperso,Régimen contributivo,Ago - Oct,805.8576666666667
2021,Centros poblados y rural disperso,Régimen contributivo,Sep - Nov,866.3359999999999
2021,Centros poblados y rural disperso,Régimen contributivo,Oct - Dic,877.4423333333334
2021,Centros poblados y rural disperso,Régimen contributivo,Nov - Ene,882.4473333333334
2021,Centros poblados y rural disperso,Régimen contributivo,Dic - Feb,841.864
2022,Centros poblados y rural disperso,Régimen contributivo,Ene - Mar,837.2283333333334
2022,Centros poblados y rural disperso,Régimen contributivo,Feb - Abr,785.8383333333333
2022,Centros poblados y rural disperso,Régimen contributivo,Mar - May,832.151
2022,Centros poblados y rural disperso,Régimen contributivo,Abr - Jun,853.628
2022,Centros poblados y rural disperso,Régimen contributivo,May - Jul,889.2776666666667
2022,Centros poblados y rural disperso,Régimen contributivo,Jun - Ago,862.7746666666667
2022,Centros poblados y rural disperso,Régimen contributivo,Jul - Sep,851.3116666666666
2022,Centros poblados y rural disperso,Régimen contributivo,Ago - Oct,877.5336666666667
2022,Centros poblados y rural disperso,Régimen contributivo,Sep - Nov,884.18
2022,Centros poblados y rural disperso,Régimen contributivo,Oct - Dic,872.2876666666667
2022,Centros poblados y rural disperso,Régimen contributivo,Nov - Ene,837.5616666666668
2022,Centros poblados y rural disperso,Régimen contributivo,Dic - Feb,832.7396666666667
2023,Centros poblados y rural disperso,Régimen contributivo,Ene - Mar,837.7586666666666
2023,Centros poblados y rural disperso,Régimen contributivo,Feb - Abr,850.939
2023,Centros poblados y rural disperso,Régimen contributivo,Mar - May,867.5956666666667
2023,Centros poblados y rural disperso,Régimen contributivo,Abr - Jun,906.5
2023,Centros poblados y rural disperso,Régimen contributivo,May - Jul,930.271
2023,Centros poblados y rural disperso,Régimen contributivo,Jun - Ago,951.183
2023,Centros poblados y rural disperso,Régimen contributivo,Jul - Sep,931.715
2023,Centros poblados y rural disperso,Régimen contributivo,Ago - Oct,948.451
2023,Centros poblados y rural disperso,Régimen contributivo,Sep - Nov,959.265
2023,Centros poblados y rural disperso,Régimen contributivo,Oct - Dic,962.655
2023,Centros poblados y rural disperso,Régimen contributivo,Nov - Ene,915.416
2023,Centros poblados y rural disperso,Régimen contributivo,Dic - Feb,862.912
2024,Centros poblados y rural disperso,Régimen contributivo,Ene - Mar,847.631
2024,Centros poblados y rural disperso,Régimen contributivo,Feb - Abr,812.002
2024,Centros poblados y rural disperso,Régimen contributivo,Mar - May,841.166
2024,Centros poblados y rural disperso,Régimen contributivo,Abr - Jun,844.048
2024,Centros poblados y rural disperso,Régimen contributivo,May - Jul,902.083
2024,Centros poblados y rural disperso,Régimen contributivo,Jun - Ago,893.512
2024,Centros poblados y rural disperso,Régimen contributivo,Jul - Sep,903.762
2024,Centros poblados y rural disperso,Régimen contributivo,Ago - Oct,916.928
2024,Centros poblados y rural disperso,Régimen contributivo,Sep - Nov,918.422
2024,Centros poblados y rural disperso,Régimen contributivo,Oct - Dic,938.685
2024,Centros poblados y rural disperso,Régimen contributivo,Nov - Ene,943.849
2024,Centros poblados y rural disperso,Régimen contributivo,Dic - Feb,912.761
2025,Centros poblados y rural disperso,Régimen contributivo,Ene - Mar,887.685
2025,Centros poblados y rural disperso,Régimen contributivo,Feb - Abr,856.712
2025,Centros poblados y rural disperso,Régimen contributivo,Mar - May,921.788
2025,Centros poblados y rural disperso,Régimen contributivo,Abr - Jun,938.879
2025,Centros poblados y rural disperso,Régimen contributivo,May - Jul,946.665
2025,Centros poblados y rural disperso,Régimen contributivo,Jun - Ago,926.56
2025,Centros poblados y rural disperso,Régimen contributivo,Jul - Sep,906.844
2025,Centros poblados y rural disperso,Régimen contributivo,Ago - Oct,940.597
2025,Centros poblados y rural disperso,Régimen contributivo,Sep - Nov,943.966
2025,Centros poblados y rural disperso,Régimen contributivo,Oct - Dic,960.611
2025,Centros poblados y rural disperso,Régimen contributivo,Nov - Ene,930.952
2025,Centros poblados y rural disperso,Régimen contributivo,Dic - Feb,921.358
2026,Centros poblados y rural disperso,Régimen contributivo,Ene - Mar,940.024
2026,Centros poblados y rural disperso,Régimen contributivo,Feb - Abr,959.762
2007,Centros poblados y rural disperso,Régimen especial,Ene - Mar,27.150666666666666
2007,Centros poblados y rural disperso,Régimen especial,Feb - Abr,23.879666666666665
2007,Centros poblados y rural disperso,Régimen especial,Mar - May,11.076
2007,Centros poblados y rural disperso,Régimen especial,Abr - Jun,9.817333333333332
2007,Centros poblados y rural disperso,Régimen especial,May - Jul,16.591333333333335
2007,Centros poblados y rural disperso,Régimen especial,Jun - Ago,20.382
2007,Centros poblados y rural disperso,Régimen especial,Jul - Sep,28.26866666666667
2007,Centros poblados y rural disperso,Régimen especial,Ago - Oct,29.74
2007,Centros poblados y rural disperso,Régimen especial,Sep - Nov,43.51933333333333
2007,Centros poblados y rural disperso,Régimen especial,Oct - Dic,40.050666666666665
2007,Centros poblados y rural disperso,Régimen especial,Nov - Ene,35.45733333333333
2007,Centros poblados y rural disperso,Régimen especial,Dic - Feb,27.266666666666666
2008,Centros poblados y rural disperso,Régimen especial,Ene - Mar,28.095333333333333
2008,Centros poblados y rural disperso,Régimen especial,Feb - Abr,27.108999999999998
2008,Centros poblados y rural disperso,Régimen especial,Mar - May,22.266333333333332
2008,Centros poblados y rural disperso,Régimen especial,Abr - Jun,24.682333333333332
2008,Centros poblados y rural disperso,Régimen especial,May - Jul,24.845
2008,Centros poblados y rural disperso,Régimen especial,Jun - Ago,23.55966666666667
2008,Centros poblados y rural disperso,Régimen especial,Jul - Sep,25.149
2008,Centros poblados y rural disperso,Régimen especial,Ago - Oct,30.297666666666668
2008,Centros poblados y rural disperso,Régimen especial,Sep - Nov,39.14233333333333
2008,Centros poblados y rural disperso,Régimen especial,Oct - Dic,33.12233333333334
2008,Centros poblados y rural disperso,Régimen especial,Nov - Ene,27.62066666666667
2008,Centros poblados y rural disperso,Régimen especial,Dic - Feb,19.313333333333333
2009,Centros poblados y rural disperso,Régimen especial,Ene - Mar,15.611333333333334
2009,Centros poblados y rural disperso,Régimen especial,Feb - Abr,25.88633333333333
2009,Centros poblados y rural disperso,Régimen especial,Mar - May,31.43733333333334
2009,Centros poblados y rural disperso,Régimen especial,Abr - Jun,40.730333333333334
2009,Centros poblados y rural disperso,Régimen especial,May - Jul,36.224
2009,Centros poblados y rural disperso,Régimen especial,Jun - Ago,36.309666666666665
2009,Centros poblados y rural disperso,Régimen especial,Jul - Sep,34.18066666666667
2009,Centros poblados y rural disperso,Régimen especial,Ago - Oct,29.249666666666666
2009,Centros poblados y rural disperso,Régimen especial,Sep - Nov,30.253
2009,Centros poblados y rural disperso,Régimen especial,Oct - Dic,31.389666666666667
2009,Centros poblados y rural disperso,Régimen especial,Nov - Ene,31.046333333333337
2009,Centros poblados y rural disperso,Régimen especial,Dic - Feb,27.53266666666667
2010,Centros poblados y rural disperso,Régimen especial,Ene - Mar,29.435666666666666
2010,Centros poblados y rural disperso,Régimen especial,Feb - Abr,35.43966666666666
2010,Centros poblados y rural disperso,Régimen especial,Mar - May,35.503
2010,Centros poblados y rural disperso,Régimen especial,Abr - Jun,40.032000000000004
2010,Centros poblados y rural disperso,Régimen especial,May - Jul,37.451
2010,Centros poblados y rural disperso,Régimen especial,Jun - Ago,41.123
2010,Centros poblados y rural disperso,Régimen especial,Jul - Sep,42.995000000000005
2010,Centros poblados y rural disperso,Régimen especial,Ago - Oct,40.721666666666664
2010,Centros poblados y rural disperso,Régimen especial,Sep - Nov,41.65533333333334
2010,Centros poblados y rural disperso,Régimen especial,Oct - Dic,34.892
2010,Centros poblados y rural disperso,Régimen especial,Nov - Ene,32.266
2010,Centros poblados y rural disperso,Régimen especial,Dic - Feb,32.699666666666666
2011,Centros poblados y rural disperso,Régimen especial,Ene - Mar,27.507666666666665
2011,Centros poblados y rural disperso,Régimen especial,Feb - Abr,31.909333333333336
2011,Centros poblados y rural disperso,Régimen especial,Mar - May,34.916333333333334
2011,Centros poblados y rural disperso,Régimen especial,Abr - Jun,34.949666666666666
2011,Centros poblados y rural disperso,Régimen especial,May - Jul,35.725
2011,Centros poblados y rural disperso,Régimen especial,Jun - Ago,36.50566666666666
2011,Centros poblados y rural disperso,Régimen especial,Jul - Sep,42.37566666666667
2011,Centros poblados y rural disperso,Régimen especial,Ago - Oct,42.48733333333333
2011,Centros poblados y rural disperso,Régimen especial,Sep - Nov,40.48166666666666
2011,Centros poblados y rural disperso,Régimen especial,Oct - Dic,31.166999999999998
2011,Centros poblados y rural disperso,Régimen especial,Nov - Ene,32.071
2011,Centros poblados y rural disperso,Régimen especial,Dic - Feb,36.037
2012,Centros poblados y rural disperso,Régimen especial,Ene - Mar,52.53666666666667
2012,Centros poblados y rural disperso,Régimen especial,Feb - Abr,58.849
2012,Centros poblados y rural disperso,Régimen especial,Mar - May,49.593333333333334
2012,Centros poblados y rural disperso,Régimen especial,Abr - Jun,38.92433333333333
2012,Centros poblados y rural disperso,Régimen especial,May - Jul,38.86533333333333
2012,Centros poblados y rural disperso,Régimen especial,Jun - Ago,44.93266666666667
2012,Centros poblados y rural disperso,Régimen especial,Jul - Sep,49.21333333333333
2012,Centros poblados y rural disperso,Régimen especial,Ago - Oct,41.60466666666667
2012,Centros poblados y rural disperso,Régimen especial,Sep - Nov,40.437666666666665
2012,Centros poblados y rural disperso,Régimen especial,Oct - Dic,40.40866666666667
2012,Centros poblados y rural disperso,Régimen especial,Nov - Ene,42.812333333333335
2012,Centros poblados y rural disperso,Régimen especial,Dic - Feb,40.748
2013,Centros poblados y rural disperso,Régimen especial,Ene - Mar,38.362
2013,Centros poblados y rural disperso,Régimen especial,Feb - Abr,33.532000000000004
2013,Centros poblados y rural disperso,Régimen especial,Mar - May,29.888666666666666
2013,Centros poblados y rural disperso,Régimen especial,Abr - Jun,35.407000000000004
2013,Centros poblados y rural disperso,Régimen especial,May - Jul,49.768
2013,Centros poblados y rural disperso,Régimen especial,Jun - Ago,62.80566666666666
2013,Centros poblados y rural disperso,Régimen especial,Jul - Sep,61.45266666666666
2013,Centros poblados y rural disperso,Régimen especial,Ago - Oct,53.08566666666667
2013,Centros poblados y rural disperso,Régimen especial,Sep - Nov,56.87733333333333
2013,Centros poblados y rural disperso,Régimen especial,Oct - Dic,55.098666666666674
2013,Centros poblados y rural disperso,Régimen especial,Nov - Ene,50.58133333333333
2013,Centros poblados y rural disperso,Régimen especial,Dic - Feb,39.24033333333333
2014,Centros poblados y rural disperso,Régimen especial,Ene - Mar,38.498999999999995
2014,Centros poblados y rural disperso,Régimen especial,Feb - Abr,52.38133333333334
2014,Centros poblados y rural disperso,Régimen especial,Mar - May,47.68466666666666
2014,Centros poblados y rural disperso,Régimen especial,Abr - Jun,44.27066666666667
2014,Centros poblados y rural disperso,Régimen especial,May - Jul,45.401666666666664
2014,Centros poblados y rural disperso,Régimen especial,Jun - Ago,51.02466666666667
2014,Centros poblados y rural disperso,Régimen especial,Jul - Sep,50.326
2014,Centros poblados y rural disperso,Régimen especial,Ago - Oct,45.433
2014,Centros poblados y rural disperso,Régimen especial,Sep - Nov,39.584333333333326
2014,Centros poblados y rural disperso,Régimen especial,Oct - Dic,59.324000000000005
2014,Centros poblados y rural disperso,Régimen especial,Nov - Ene,49.29500000000001
2014,Centros poblados y rural disperso,Régimen especial,Dic - Feb,56.00966666666667
2015,Centros poblados y rural disperso,Régimen especial,Ene - Mar,45.547666666666665
2015,Centros poblados y rural disperso,Régimen especial,Feb - Abr,50.99533333333333
2015,Centros poblados y rural disperso,Régimen especial,Mar - May,42.922333333333334
2015,Centros poblados y rural disperso,Régimen especial,Abr - Jun,46.663000000000004
2015,Centros poblados y rural disperso,Régimen especial,May - Jul,51.681333333333335
2015,Centros poblados y rural disperso,Régimen especial,Jun - Ago,56.981
2015,Centros poblados y rural disperso,Régimen especial,Jul - Sep,46.46200000000001
2015,Centros poblados y rural disperso,Régimen especial,Ago - Oct,45.650666666666666
2015,Centros poblados y rural disperso,Régimen especial,Sep - Nov,48.475666666666676
2015,Centros poblados y rural disperso,Régimen especial,Oct - Dic,54.635
2015,Centros poblados y rural disperso,Régimen especial,Nov - Ene,46.346666666666664
2015,Centros poblados y rural disperso,Régimen especial,Dic - Feb,45.894
2016,Centros poblados y rural disperso,Régimen especial,Ene - Mar,44.835
2016,Centros poblados y rural disperso,Régimen especial,Feb - Abr,48.394000000000005
2016,Centros poblados y rural disperso,Régimen especial,Mar - May,45.843333333333334
2016,Centros poblados y rural disperso,Régimen especial,Abr - Jun,51.11666666666667
2016,Centros poblados y rural disperso,Régimen especial,May - Jul,53.321666666666665
2016,Centros poblados y rural disperso,Régimen especial,Jun - Ago,65.08800000000001
2016,Centros poblados y rural disperso,Régimen especial,Jul - Sep,59.19466666666667
2016,Centros poblados y rural disperso,Régimen especial,Ago - Oct,60.157000000000004
2016,Centros poblados y rural disperso,Régimen especial,Sep - Nov,47.709333333333326
2016,Centros poblados y rural disperso,Régimen especial,Oct - Dic,49.15133333333333
2016,Centros poblados y rural disperso,Régimen especial,Nov - Ene,55.573
2016,Centros poblados y rural disperso,Régimen especial,Dic - Feb,65.866
2017,Centros poblados y rural disperso,Régimen especial,Ene - Mar,72.75933333333334
2017,Centros poblados y rural disperso,Régimen especial,Feb - Abr,73.67233333333333
2017,Centros poblados y rural disperso,Régimen especial,Mar - May,66.87266666666666
2017,Centros poblados y rural disperso,Régimen especial,Abr - Jun,70.01866666666666
2017,Centros poblados y rural disperso,Régimen especial,May - Jul,64.15733333333333
2017,Centros poblados y rural disperso,Régimen especial,Jun - Ago,72.94533333333334
2017,Centros poblados y rural disperso,Régimen especial,Jul - Sep,62.50833333333333
2017,Centros poblados y rural disperso,Régimen especial,Ago - Oct,65.14366666666666
2017,Centros poblados y rural disperso,Régimen especial,Sep - Nov,54.25033333333334
2017,Centros poblados y rural disperso,Régimen especial,Oct - Dic,52.827
2017,Centros poblados y rural disperso,Régimen especial,Nov - Ene,46.859
2017,Centros poblados y rural disperso,Régimen especial,Dic - Feb,43.48166666666666
2018,Centros poblados y rural disperso,Régimen especial,Ene - Mar,42.12433333333333
2018,Centros poblados y rural disperso,Régimen especial,Feb - Abr,54.04566666666667
2018,Centros poblados y rural disperso,Régimen especial,Mar - May,60.23333333333334
2018,Centros poblados y rural disperso,Régimen especial,Abr - Jun,64.53933333333333
2018,Centros poblados y rural disperso,Régimen especial,May - Jul,62.297333333333334
2018,Centros poblados y rural disperso,Régimen especial,Jun - Ago,72.67200000000001
2018,Centros poblados y rural disperso,Régimen especial,Jul - Sep,75.704
2018,Centros poblados y rural disperso,Régimen especial,Ago - Oct,68.36833333333334
2018,Centros poblados y rural disperso,Régimen especial,Sep - Nov,60.095333333333336
2018,Centros poblados y rural disperso,Régimen especial,Oct - Dic,46.22666666666667
2018,Centros poblados y rural disperso,Régimen especial,Nov - Ene,49.48266666666666
2018,Centros poblados y rural disperso,Régimen especial,Dic - Feb,53.083666666666666
2019,Centros poblados y rural disperso,Régimen especial,Ene - Mar,68.09633333333333
2019,Centros poblados y rural disperso,Régimen especial,Feb - Abr,70.44733333333333
2019,Centros poblados y rural disperso,Régimen especial,Mar - May,66.45
2019,Centros poblados y rural disperso,Régimen especial,Abr - Jun,66.51566666666666
2019,Centros poblados y rural disperso,Régimen especial,May - Jul,67.687
2019,Centros poblados y rural disperso,Régimen especial,Jun - Ago,73.37866666666667
2019,Centros poblados y rural disperso,Régimen especial,Jul - Sep,64.88133333333333
2019,Centros poblados y rural disperso,Régimen especial,Ago - Oct,67.81433333333332
2019,Centros poblados y rural disperso,Régimen especial,Sep - Nov,54.779666666666664
2019,Centros poblados y rural disperso,Régimen especial,Oct - Dic,54.345333333333336
2019,Centros poblados y rural disperso,Régimen especial,Nov - Ene,36.00566666666666
2019,Centros poblados y rural disperso,Régimen especial,Dic - Feb,39.49
2020,Centros poblados y rural disperso,Régimen especial,Ene - Mar,0.0
2020,Centros poblados y rural disperso,Régimen especial,Feb - Abr,0.0
2020,Centros poblados y rural disperso,Régimen especial,Mar - May,0.0
2020,Centros poblados y rural disperso,Régimen especial,Abr - Jun,0.0
2020,Centros poblados y rural disperso,Régimen especial,May - Jul,45.06999999999999
2020,Centros poblados y rural disperso,Régimen especial,Jun - Ago,48.513666666666666
2020,Centros poblados y rural disperso,Régimen especial,Jul - Sep,50.69
2020,Centros poblados y rural disperso,Régimen especial,Ago - Oct,58.65566666666666
2020,Centros poblados y rural disperso,Régimen especial,Sep - Nov,66.878
2020,Centros poblados y rural disperso,Régimen especial,Oct - Dic,59.16733333333334
2020,Centros poblados y rural disperso,Régimen especial,Nov - Ene,49.21333333333333
2020,Centros poblados y rural disperso,Régimen especial,Dic - Feb,35.54466666666667
2021,Centros poblados y rural disperso,Régimen especial,Ene - Mar,29.99
2021,Centros poblados y rural disperso,Régimen especial,Feb - Abr,31.12033333333333
2021,Centros poblados y rural disperso,Régimen especial,Mar - May,31.857666666666663
2021,Centros poblados y rural disperso,Régimen especial,Abr - Jun,33.541666666666664
2021,Centros poblados y rural disperso,Régimen especial,May - Jul,34.538333333333334
2021,Centros poblados y rural disperso,Régimen especial,Jun - Ago,36.71333333333334
2021,Centros poblados y rural disperso,Régimen especial,Jul - Sep,40.95
2021,Centros poblados y rural disperso,Régimen especial,Ago - Oct,42.58433333333334
2021,Centros poblados y rural disperso,Régimen especial,Sep - Nov,37.77266666666667
2021,Centros poblados y rural disperso,Régimen especial,Oct - Dic,28.879333333333335
2021,Centros poblados y rural disperso,Régimen especial,Nov - Ene,31.128666666666664
2021,Centros poblados y rural disperso,Régimen especial,Dic - Feb,33.827333333333335
2022,Centros poblados y rural disperso,Régimen especial,Ene - Mar,45.187333333333335
2022,Centros poblados y rural disperso,Régimen especial,Feb - Abr,51.023666666666664
2022,Centros poblados y rural disperso,Régimen especial,Mar - May,55.77333333333333
2022,Centros poblados y rural disperso,Régimen especial,Abr - Jun,58.099
2022,Centros poblados y rural disperso,Régimen especial,May - Jul,49.91733333333334
2022,Centros poblados y rural disperso,Régimen especial,Jun - Ago,53.626666666666665
2022,Centros poblados y rural disperso,Régimen especial,Jul - Sep,49.093333333333334
2022,Centros poblados y rural disperso,Régimen especial,Ago - Oct,59.14166666666667
2022,Centros poblados y rural disperso,Régimen especial,Sep - Nov,52.318999999999996
2022,Centros poblados y rural disperso,Régimen especial,Oct - Dic,54.523666666666664
2022,Centros poblados y rural disperso,Régimen especial,Nov - Ene,49.59466666666666
2022,Centros poblados y rural disperso,Régimen especial,Dic - Feb,58.281666666666666
2023,Centros poblados y rural disperso,Régimen especial,Ene - Mar,59.660333333333334
2023,Centros poblados y rural disperso,Régimen especial,Feb - Abr,66.35000000000001
2023,Centros poblados y rural disperso,Régimen especial,Mar - May,62.52866666666667
2023,Centros poblados y rural disperso,Régimen especial,Abr - Jun,66.54266666666666
2023,Centros poblados y rural disperso,Régimen especial,May - Jul,58.07
2023,Centros poblados y rural disperso,Régimen especial,Jun - Ago,65.181
2023,Centros poblados y rural disperso,Régimen especial,Jul - Sep,56.11
2023,Centros poblados y rural disperso,Régimen especial,Ago - Oct,53.299
2023,Centros poblados y rural disperso,Régimen especial,Sep - Nov,39.975
2023,Centros poblados y rural disperso,Régimen especial,Oct - Dic,42.455
2023,Centros poblados y rural disperso,Régimen especial,Nov - Ene,46.957
2023,Centros poblados y rural disperso,Régimen especial,Dic - Feb,53.311
2024,Centros poblados y rural disperso,Régimen especial,Ene - Mar,56.984
2024,Centros poblados y rural disperso,Régimen especial,Feb - Abr,53.379
2024,Centros poblados y rural disperso,Régimen especial,Mar - May,47.999
2024,Centros poblados y rural disperso,Régimen especial,Abr - Jun,46.885
2024,Centros poblados y rural disperso,Régimen especial,May - Jul,48.098
2024,Centros poblados y rural disperso,Régimen especial,Jun - Ago,58.89
2024,Centros poblados y rural disperso,Régimen especial,Jul - Sep,49.255
2024,Centros poblados y rural disperso,Régimen especial,Ago - Oct,51.732
2024,Centros poblados y rural disperso,Régimen especial,Sep - Nov,44.859
2024,Centros poblados y rural disperso,Régimen especial,Oct - Dic,54.447
2024,Centros poblados y rural disperso,Régimen especial,Nov - Ene,53.719
2024,Centros poblados y rural disperso,Régimen especial,Dic - Feb,57.259
2025,Centros poblados y rural disperso,Régimen especial,Ene - Mar,62.445
2025,Centros poblados y rural disperso,Régimen especial,Feb - Abr,59.559
2025,Centros poblados y rural disperso,Régimen especial,Mar - May,54.653
2025,Centros poblados y rural disperso,Régimen especial,Abr - Jun,39.712
2025,Centros poblados y rural disperso,Régimen especial,May - Jul,41.48
2025,Centros poblados y rural disperso,Régimen especial,Jun - Ago,42.61
2025,Centros poblados y rural disperso,Régimen especial,Jul - Sep,49.184
2025,Centros poblados y rural disperso,Régimen especial,Ago - Oct,49.008
2025,Centros poblados y rural disperso,Régimen especial,Sep - Nov,53.483
2025,Centros poblados y rural disperso,Régimen especial,Oct - Dic,58.082
2025,Centros poblados y rural disperso,Régimen especial,Nov - Ene,55.824
2025,Centros poblados y rural disperso,Régimen especial,Dic - Feb,52.793
2026,Centros poblados y rural disperso,Régimen especial,Ene - Mar,44.505
2026,Centros poblados y rural disperso,Régimen especial,Feb - Abr,48.256
2007,Centros poblados y rural disperso,Aportantes,Ene - Mar,398.87833333333333
2007,Centros poblados y rural disperso,Aportantes,Feb - Abr,413.79466666666667
2007,Centros poblados y rural disperso,Aportantes,Mar - May,490.51933333333335
2007,Centros poblados y rural disperso,Aportantes,Abr - Jun,540.3166666666667
2007,Centros poblados y rural disperso,Aportantes,May - Jul,569.8353333333333
2007,Centros poblados y rural disperso,Aportantes,Jun - Ago,566.8983333333333
2007,Centros poblados y rural disperso,Aportantes,Jul - Sep,600.1123333333334
2007,Centros poblados y rural disperso,Aportantes,Ago - Oct,569.292
2007,Centros poblados y rural disperso,Aportantes,Sep - Nov,647.75
2007,Centros poblados y rural disperso,Aportantes,Oct - Dic,605.78
2007,Centros poblados y rural disperso,Aportantes,Nov - Ene,592.1909999999999
2007,Centros poblados y rural disperso,Aportantes,Dic - Feb,454.6423333333334
2008,Centros poblados y rural disperso,Aportantes,Ene - Mar,443.0833333333333
2008,Centros poblados y rural disperso,Aportantes,Feb - Abr,439.78266666666667
2008,Centros poblados y rural disperso,Aportantes,Mar - May,466.72600000000006
2008,Centros poblados y rural disperso,Aportantes,Abr - Jun,471.31333333333333
2008,Centros poblados y rural disperso,Aportantes,May - Jul,530.7033333333334
2008,Centros poblados y rural disperso,Aportantes,Jun - Ago,548.0106666666667
2008,Centros poblados y rural disperso,Aportantes,Jul - Sep,612.6123333333334
2008,Centros poblados y rural disperso,Aportantes,Ago - Oct,501.926
2008,Centros poblados y rural disperso,Aportantes,Sep - Nov,571.1446666666667
2008,Centros poblados y rural disperso,Aportantes,Oct - Dic,531.9273333333334
2008,Centros poblados y rural disperso,Aportantes,Nov - Ene,526.3586666666666
2008,Centros poblados y rural disperso,Aportantes,Dic - Feb,450.173
2009,Centros poblados y rural disperso,Aportantes,Ene - Mar,470.59633333333323
2009,Centros poblados y rural disperso,Aportantes,Feb - Abr,557.4046666666667
2009,Centros poblados y rural disperso,Aportantes,Mar - May,639.3466666666667
2009,Centros poblados y rural disperso,Aportantes,Abr - Jun,598.8106666666666
2009,Centros poblados y rural disperso,Aportantes,May - Jul,617.6283333333332
2009,Centros poblados y rural disperso,Aportantes,Jun - Ago,536.2296666666666
2009,Centros poblados y rural disperso,Aportantes,Jul - Sep,542.1396666666666
2009,Centros poblados y rural disperso,Aportantes,Ago - Oct,505.90166666666664
2009,Centros poblados y rural disperso,Aportantes,Sep - Nov,488.406
2009,Centros poblados y rural disperso,Aportantes,Oct - Dic,509.8196666666667
2009,Centros poblados y rural disperso,Aportantes,Nov - Ene,469.2253333333333
2009,Centros poblados y rural disperso,Aportantes,Dic - Feb,514.187
2010,Centros poblados y rural disperso,Aportantes,Ene - Mar,547.2373333333334
2010,Centros poblados y rural disperso,Aportantes,Feb - Abr,596.2446666666666
2010,Centros poblados y rural disperso,Aportantes,Mar - May,674.3683333333333
2010,Centros poblados y rural disperso,Aportantes,Abr - Jun,618.7483333333333
2010,Centros poblados y rural disperso,Aportantes,May - Jul,670.1613333333333
2010,Centros poblados y rural disperso,Aportantes,Jun - Ago,581.2583333333333
2010,Centros poblados y rural disperso,Aportantes,Jul - Sep,599.6116666666667
2010,Centros poblados y rural disperso,Aportantes,Ago - Oct,563.2036666666667
2010,Centros poblados y rural disperso,Aportantes,Sep - Nov,541.0926666666667
2010,Centros poblados y rural disperso,Aportantes,Oct - Dic,542.223
2010,Centros poblados y rural disperso,Aportantes,Nov - Ene,506.5026666666667
2010,Centros poblados y rural disperso,Aportantes,Dic - Feb,558.1763333333333
2011,Centros poblados y rural disperso,Aportantes,Ene - Mar,603.083
2011,Centros poblados y rural disperso,Aportantes,Feb - Abr,666.7906666666667
2011,Centros poblados y rural disperso,Aportantes,Mar - May,712.6986666666667
2011,Centros poblados y rural disperso,Aportantes,Abr - Jun,665.2320000000001
2011,Centros poblados y rural disperso,Aportantes,May - Jul,643.3153333333333
2011,Centros poblados y rural disperso,Aportantes,Jun - Ago,635.4223333333333
2011,Centros poblados y rural disperso,Aportantes,Jul - Sep,677.5383333333333
2011,Centros poblados y rural disperso,Aportantes,Ago - Oct,661.6523333333333
2011,Centros poblados y rural disperso,Aportantes,Sep - Nov,600.4736666666668
2011,Centros poblados y rural disperso,Aportantes,Oct - Dic,585.9863333333334
2011,Centros poblados y rural disperso,Aportantes,Nov - Ene,566.8516666666666
2011,Centros poblados y rural disperso,Aportantes,Dic - Feb,608.5576666666667
2012,Centros poblados y rural disperso,Aportantes,Ene - Mar,647.84
2012,Centros poblados y rural disperso,Aportantes,Feb - Abr,724.7303333333333
2012,Centros poblados y rural disperso,Aportantes,Mar - May,778.9936666666666
2012,Centros poblados y rural disperso,Aportantes,Abr - Jun,692.1673333333333
2012,Centros poblados y rural disperso,Aportantes,May - Jul,634.8596666666666
2012,Centros poblados y rural disperso,Aportantes,Jun - Ago,555.7503333333333
2012,Centros poblados y rural disperso,Aportantes,Jul - Sep,583.3686666666667
2012,Centros poblados y rural disperso,Aportantes,Ago - Oct,637.5106666666667
2012,Centros poblados y rural disperso,Aportantes,Sep - Nov,603.0836666666667
2012,Centros poblados y rural disperso,Aportantes,Oct - Dic,599.6846666666667
2012,Centros poblados y rural disperso,Aportantes,Nov - Ene,511.78566666666666
2012,Centros poblados y rural disperso,Aportantes,Dic - Feb,582.842
2013,Centros poblados y rural disperso,Aportantes,Ene - Mar,635.783
2013,Centros poblados y rural disperso,Aportantes,Feb - Abr,734.9336666666667
2013,Centros poblados y rural disperso,Aportantes,Mar - May,783.7266666666666
2013,Centros poblados y rural disperso,Aportantes,Abr - Jun,758.878
2013,Centros poblados y rural disperso,Aportantes,May - Jul,763.8486666666668
2013,Centros poblados y rural disperso,Aportantes,Jun - Ago,721.8679999999999
2013,Centros poblados y rural disperso,Aportantes,Jul - Sep,712.8000000000001
2013,Centros poblados y rural disperso,Aportantes,Ago - Oct,699.1543333333334
2013,Centros poblados y rural disperso,Aportantes,Sep - Nov,676.6733333333333
2013,Centros poblados y rural disperso,Aportantes,Oct - Dic,691.6036666666668
2013,Centros poblados y rural disperso,Aportantes,Nov - Ene,634.4043333333333
2013,Centros poblados y rural disperso,Aportantes,Dic - Feb,682.7843333333334
2014,Centros poblados y rural disperso,Aportantes,Ene - Mar,719.2126666666667
2014,Centros poblados y rural disperso,Aportantes,Feb - Abr,795.319
2014,Centros poblados y rural disperso,Aportantes,Mar - May,816.79
2014,Centros poblados y rural disperso,Aportantes,Abr - Jun,764.2993333333334
2014,Centros poblados y rural disperso,Aportantes,May - Jul,749.223
2014,Centros poblados y rural disperso,Aportantes,Jun - Ago,690.177
2014,Centros poblados y rural disperso,Aportantes,Jul - Sep,710.6986666666667
2014,Centros poblados y rural disperso,Aportantes,Ago - Oct,726.3456666666666
2014,Centros poblados y rural disperso,Aportantes,Sep - Nov,708.6003333333334
2014,Centros poblados y rural disperso,Aportantes,Oct - Dic,730.7856666666667
2014,Centros poblados y rural disperso,Aportantes,Nov - Ene,656.6953333333333
2014,Centros poblados y rural disperso,Aportantes,Dic - Feb,679.942
2015,Centros poblados y rural disperso,Aportantes,Ene - Mar,662.9543333333332
2015,Centros poblados y rural disperso,Aportantes,Feb - Abr,755.1953333333335
2015,Centros poblados y rural disperso,Aportantes,Mar - May,800.0456666666665
2015,Centros poblados y rural disperso,Aportantes,Abr - Jun,791.6553333333335
2015,Centros poblados y rural disperso,Aportantes,May - Jul,739.428
2015,Centros poblados y rural disperso,Aportantes,Jun - Ago,690.985
2015,Centros poblados y rural disperso,Aportantes,Jul - Sep,670.9816666666667
2015,Centros poblados y rural disperso,Aportantes,Ago - Oct,710.9536666666667
2015,Centros poblados y rural disperso,Aportantes,Sep - Nov,668.7900000000001
2015,Centros poblados y rural disperso,Aportantes,Oct - Dic,732.7716666666666
2015,Centros poblados y rural disperso,Aportantes,Nov - Ene,646.6370000000001
2015,Centros poblados y rural disperso,Aportantes,Dic - Feb,711.9830000000001
2016,Centros poblados y rural disperso,Aportantes,Ene - Mar,737.006
2016,Centros poblados y rural disperso,Aportantes,Feb - Abr,838.4433333333333
2016,Centros poblados y rural disperso,Aportantes,Mar - May,890.5653333333333
2016,Centros poblados y rural disperso,Aportantes,Abr - Jun,837.4870000000001
2016,Centros poblados y rural disperso,Aportantes,May - Jul,836.9200000000001
2016,Centros poblados y rural disperso,Aportantes,Jun - Ago,782.6196666666666
2016,Centros poblados y rural disperso,Aportantes,Jul - Sep,786.0206666666667
2016,Centros poblados y rural disperso,Aportantes,Ago - Oct,786.636
2016,Centros poblados y rural disperso,Aportantes,Sep - Nov,768.2093333333332
2016,Centros poblados y rural disperso,Aportantes,Oct - Dic,792.0213333333335
2016,Centros poblados y rural disperso,Aportantes,Nov - Ene,708.7526666666666
2016,Centros poblados y rural disperso,Aportantes,Dic - Feb,770.409
2017,Centros poblados y rural disperso,Aportantes,Ene - Mar,816.1583333333334
2017,Centros poblados y rural disperso,Aportantes,Feb - Abr,899.2890000000001
2017,Centros poblados y rural disperso,Aportantes,Mar - May,884.4056666666667
2017,Centros poblados y rural disperso,Aportantes,Abr - Jun,833.791
2017,Centros poblados y rural disperso,Aportantes,May - Jul,833.4866666666667
2017,Centros poblados y rural disperso,Aportantes,Jun - Ago,842.9946666666668
2017,Centros poblados y rural disperso,Aportantes,Jul - Sep,828.83
2017,Centros poblados y rural disperso,Aportantes,Ago - Oct,836.6746666666668
2017,Centros poblados y rural disperso,Aportantes,Sep - Nov,767.3316666666666
2017,Centros poblados y rural disperso,Aportantes,Oct - Dic,770.7860000000001
2017,Centros poblados y rural disperso,Aportantes,Nov - Ene,677.1456666666667
2017,Centros poblados y rural disperso,Aportantes,Dic - Feb,762.0916666666666
2018,Centros poblados y rural disperso,Aportantes,Ene - Mar,786.8366666666667
2018,Centros poblados y rural disperso,Aportantes,Feb - Abr,922.4870000000001
2018,Centros poblados y rural disperso,Aportantes,Mar - May,909.25
2018,Centros poblados y rural disperso,Aportantes,Abr - Jun,870.8743333333333
2018,Centros poblados y rural disperso,Aportantes,May - Jul,836.782
2018,Centros poblados y rural disperso,Aportantes,Jun - Ago,822.1476666666667
2018,Centros poblados y rural disperso,Aportantes,Jul - Sep,826.982
2018,Centros poblados y rural disperso,Aportantes,Ago - Oct,791.848
2018,Centros poblados y rural disperso,Aportantes,Sep - Nov,723.4176666666667
2018,Centros poblados y rural disperso,Aportantes,Oct - Dic,766.1976666666666
2018,Centros poblados y rural disperso,Aportantes,Nov - Ene,684.194
2018,Centros poblados y rural disperso,Aportantes,Dic - Feb,766.3196666666666
2019,Centros poblados y rural disperso,Aportantes,Ene - Mar,784.515
2019,Centros poblados y rural disperso,Aportantes,Feb - Abr,893.6080000000001
2019,Centros poblados y rural disperso,Aportantes,Mar - May,908.051
2019,Centros poblados y rural disperso,Aportantes,Abr - Jun,883.3299999999999
2019,Centros poblados y rural disperso,Aportantes,May - Jul,847.9699999999999
2019,Centros poblados y rural disperso,Aportantes,Jun - Ago,793.0360000000001
2019,Centros poblados y rural disperso,Aportantes,Jul - Sep,763.0016666666667
2019,Centros poblados y rural disperso,Aportantes,Ago - Oct,772.1796666666668
2019,Centros poblados y rural disperso,Aportantes,Sep - Nov,739.7423333333335
2019,Centros poblados y rural disperso,Aportantes,Oct - Dic,744.1276666666666
2019,Centros poblados y rural disperso,Aportantes,Nov - Ene,665.1836666666667
2019,Centros poblados y rural disperso,Aportantes,Dic - Feb,749.7793333333333
2020,Centros poblados y rural disperso,Aportantes,Ene - Mar,0.0
2020,Centros poblados y rural disperso,Aportantes,Feb - Abr,0.0
2020,Centros poblados y rural disperso,Aportantes,Mar - May,0.0
2020,Centros poblados y rural disperso,Aportantes,Abr - Jun,0.0
2020,Centros poblados y rural disperso,Aportantes,May - Jul,681.283
2020,Centros poblados y rural disperso,Aportantes,Jun - Ago,691.8053333333334
2020,Centros poblados y rural disperso,Aportantes,Jul - Sep,710.6603333333334
2020,Centros poblados y rural disperso,Aportantes,Ago - Oct,772.6203333333333
2020,Centros poblados y rural disperso,Aportantes,Sep - Nov,731.0223333333333
2020,Centros poblados y rural disperso,Aportantes,Oct - Dic,734.5623333333333
2020,Centros poblados y rural disperso,Aportantes,Nov - Ene,677.4076666666666
2020,Centros poblados y rural disperso,Aportantes,Dic - Feb,671.818
2021,Centros poblados y rural disperso,Aportantes,Ene - Mar,663.9019999999999
2021,Centros poblados y rural disperso,Aportantes,Feb - Abr,689.609
2021,Centros poblados y rural disperso,Aportantes,Mar - May,696.111
2021,Centros poblados y rural disperso,Aportantes,Abr - Jun,677.5943333333333
2021,Centros poblados y rural disperso,Aportantes,May - Jul,649.6436666666667
2021,Centros poblados y rural disperso,Aportantes,Jun - Ago,633.34
2021,Centros poblados y rural disperso,Aportantes,Jul - Sep,671.0516666666666
2021,Centros poblados y rural disperso,Aportantes,Ago - Oct,727.991
2021,Centros poblados y rural disperso,Aportantes,Sep - Nov,771.389
2021,Centros poblados y rural disperso,Aportantes,Oct - Dic,772.5443333333334
2021,Centros poblados y rural disperso,Aportantes,Nov - Ene,770.692
2021,Centros poblados y rural disperso,Aportantes,Dic - Feb,732.2543333333333
2022,Centros poblados y rural disperso,Aportantes,Ene - Mar,740.7223333333335
2022,Centros poblados y rural disperso,Aportantes,Feb - Abr,706.149
2022,Centros poblados y rural disperso,Aportantes,Mar - May,759.6806666666668
2022,Centros poblados y rural disperso,Aportantes,Abr - Jun,772.6736666666666
2022,Centros poblados y rural disperso,Aportantes,May - Jul,800.2636666666667
2022,Centros poblados y rural disperso,Aportantes,Jun - Ago,771.9736666666666
2022,Centros poblados y rural disperso,Aportantes,Jul - Sep,769.3593333333333
2022,Centros poblados y rural disperso,Aportantes,Ago - Oct,796.3233333333333
2022,Centros poblados y rural disperso,Aportantes,Sep - Nov,798.6619999999999
2022,Centros poblados y rural disperso,Aportantes,Oct - Dic,787.8299999999999
2022,Centros poblados y rural disperso,Aportantes,Nov - Ene,757.1836666666667
2022,Centros poblados y rural disperso,Aportantes,Dic - Feb,763.4803333333333
2023,Centros poblados y rural disperso,Aportantes,Ene - Mar,768.9146666666667
2023,Centros poblados y rural disperso,Aportantes,Feb - Abr,790.2053333333333
2023,Centros poblados y rural disperso,Aportantes,Mar - May,807.6243333333333
2023,Centros poblados y rural disperso,Aportantes,Abr - Jun,835.308
2023,Centros poblados y rural disperso,Aportantes,May - Jul,831.502
2023,Centros poblados y rural disperso,Aportantes,Jun - Ago,843.671
2023,Centros poblados y rural disperso,Aportantes,Jul - Sep,821.854
2023,Centros poblados y rural disperso,Aportantes,Ago - Oct,847.874
2023,Centros poblados y rural disperso,Aportantes,Sep - Nov,850.393
2023,Centros poblados y rural disperso,Aportantes,Oct - Dic,854.0
2023,Centros poblados y rural disperso,Aportantes,Nov - Ene,817.661
2023,Centros poblados y rural disperso,Aportantes,Dic - Feb,784.826
2024,Centros poblados y rural disperso,Aportantes,Ene - Mar,784.201
2024,Centros poblados y rural disperso,Aportantes,Feb - Abr,757.123
2024,Centros poblados y rural disperso,Aportantes,Mar - May,771.39
2024,Centros poblados y rural disperso,Aportantes,Abr - Jun,765.712
2024,Centros poblados y rural disperso,Aportantes,May - Jul,808.24
2024,Centros poblados y rural disperso,Aportantes,Jun - Ago,814.939
2024,Centros poblados y rural disperso,Aportantes,Jul - Sep,809.124
2024,Centros poblados y rural disperso,Aportantes,Ago - Oct,825.792
2024,Centros poblados y rural disperso,Aportantes,Sep - Nov,823.488
2024,Centros poblados y rural disperso,Aportantes,Oct - Dic,851.176
2024,Centros poblados y rural disperso,Aportantes,Nov - Ene,848.452
2024,Centros poblados y rural disperso,Aportantes,Dic - Feb,825.383
2025,Centros poblados y rural disperso,Aportantes,Ene - Mar,810.792
2025,Centros poblados y rural disperso,Aportantes,Feb - Abr,784.547
2025,Centros poblados y rural disperso,Aportantes,Mar - May,833.512
2025,Centros poblados y rural disperso,Aportantes,Abr - Jun,847.785
2025,Centros poblados y rural disperso,Aportantes,May - Jul,857.533
2025,Centros poblados y rural disperso,Aportantes,Jun - Ago,841.284
2025,Centros poblados y rural disperso,Aportantes,Jul - Sep,821.246
2025,Centros poblados y rural disperso,Aportantes,Ago - Oct,847.295
2025,Centros poblados y rural disperso,Aportantes,Sep - Nov,855.378
2025,Centros poblados y rural disperso,Aportantes,Oct - Dic,876.992
2025,Centros poblados y rural disperso,Aportantes,Nov - Ene,855.434
2025,Centros poblados y rural disperso,Aportantes,Dic - Feb,845.645
2026,Centros poblados y rural disperso,Aportantes,Ene - Mar,850.427
2026,Centros poblados y rural disperso,Aportantes,Feb - Abr,866.064
2007,Centros poblados y rural disperso,Beneficiarios,Ene - Mar,122.44733333333333
2007,Centros poblados y rural disperso,Beneficiarios,Feb - Abr,143.86033333333333
2007,Centros poblados y rural disperso,Beneficiarios,Mar - May,159.268
2007,Centros poblados y rural disperso,Beneficiarios,Abr - Jun,184.13166666666666
2007,Centros poblados y rural disperso,Beneficiarios,May - Jul,163.75633333333334
2007,Centros poblados y rural disperso,Beneficiarios,Jun - Ago,176.59799999999998
2007,Centros poblados y rural disperso,Beneficiarios,Jul - Sep,169.787
2007,Centros poblados y rural disperso,Beneficiarios,Ago - Oct,195.58866666666668
2007,Centros poblados y rural disperso,Beneficiarios,Sep - Nov,216.57499999999996
2007,Centros poblados y rural disperso,Beneficiarios,Oct - Dic,218.99800000000002
2007,Centros poblados y rural disperso,Beneficiarios,Nov - Ene,204.71
2007,Centros poblados y rural disperso,Beneficiarios,Dic - Feb,164.15633333333332
2008,Centros poblados y rural disperso,Beneficiarios,Ene - Mar,150.25133333333335
2008,Centros poblados y rural disperso,Beneficiarios,Feb - Abr,165.48666666666665
2008,Centros poblados y rural disperso,Beneficiarios,Mar - May,179.178
2008,Centros poblados y rural disperso,Beneficiarios,Abr - Jun,182.669
2008,Centros poblados y rural disperso,Beneficiarios,May - Jul,174.90766666666664
2008,Centros poblados y rural disperso,Beneficiarios,Jun - Ago,183.75900000000001
2008,Centros poblados y rural disperso,Beneficiarios,Jul - Sep,193.37599999999998
2008,Centros poblados y rural disperso,Beneficiarios,Ago - Oct,166.82966666666667
2008,Centros poblados y rural disperso,Beneficiarios,Sep - Nov,154.91533333333334
2008,Centros poblados y rural disperso,Beneficiarios,Oct - Dic,162.07666666666668
2008,Centros poblados y rural disperso,Beneficiarios,Nov - Ene,158.59333333333333
2008,Centros poblados y rural disperso,Beneficiarios,Dic - Feb,164.91766666666666
2009,Centros poblados y rural disperso,Beneficiarios,Ene - Mar,171.7313333333333
2009,Centros poblados y rural disperso,Beneficiarios,Feb - Abr,197.90066666666667
2009,Centros poblados y rural disperso,Beneficiarios,Mar - May,226.45600000000002
2009,Centros poblados y rural disperso,Beneficiarios,Abr - Jun,212.09233333333336
2009,Centros poblados y rural disperso,Beneficiarios,May - Jul,219.09400000000002
2009,Centros poblados y rural disperso,Beneficiarios,Jun - Ago,192.61433333333335
2009,Centros poblados y rural disperso,Beneficiarios,Jul - Sep,190.968
2009,Centros poblados y rural disperso,Beneficiarios,Ago - Oct,195.23033333333333
2009,Centros poblados y rural disperso,Beneficiarios,Sep - Nov,186.12033333333332
2009,Centros poblados y rural disperso,Beneficiarios,Oct - Dic,205.48833333333334
2009,Centros poblados y rural disperso,Beneficiarios,Nov - Ene,191.2023333333333
2009,Centros poblados y rural disperso,Beneficiarios,Dic - Feb,197.35233333333335
2010,Centros poblados y rural disperso,Beneficiarios,Ene - Mar,198.5756666666667
2010,Centros poblados y rural disperso,Beneficiarios,Feb - Abr,209.587
2010,Centros poblados y rural disperso,Beneficiarios,Mar - May,239.37533333333332
2010,Centros poblados y rural disperso,Beneficiarios,Abr - Jun,227.13966666666667
2010,Centros poblados y rural disperso,Beneficiarios,May - Jul,228.3803333333333
2010,Centros poblados y rural disperso,Beneficiarios,Jun - Ago,206.198
2010,Centros poblados y rural disperso,Beneficiarios,Jul - Sep,214.354
2010,Centros poblados y rural disperso,Beneficiarios,Ago - Oct,222.86166666666668
2010,Centros poblados y rural disperso,Beneficiarios,Sep - Nov,213.32533333333333
2010,Centros poblados y rural disperso,Beneficiarios,Oct - Dic,216.78733333333332
2010,Centros poblados y rural disperso,Beneficiarios,Nov - Ene,196.19266666666667
2010,Centros poblados y rural disperso,Beneficiarios,Dic - Feb,218.35133333333332
2011,Centros poblados y rural disperso,Beneficiarios,Ene - Mar,219.5233333333333
2011,Centros poblados y rural disperso,Beneficiarios,Feb - Abr,228.41
2011,Centros poblados y rural disperso,Beneficiarios,Mar - May,240.33866666666668
2011,Centros poblados y rural disperso,Beneficiarios,Abr - Jun,228.65933333333336
2011,Centros poblados y rural disperso,Beneficiarios,May - Jul,234.86666666666665
2011,Centros poblados y rural disperso,Beneficiarios,Jun - Ago,242.94466666666668
2011,Centros poblados y rural disperso,Beneficiarios,Jul - Sep,234.67166666666665
2011,Centros poblados y rural disperso,Beneficiarios,Ago - Oct,241.12400000000002
2011,Centros poblados y rural disperso,Beneficiarios,Sep - Nov,235.66966666666667
2011,Centros poblados y rural disperso,Beneficiarios,Oct - Dic,262.1656666666667
2011,Centros poblados y rural disperso,Beneficiarios,Nov - Ene,253.75200000000004
2011,Centros poblados y rural disperso,Beneficiarios,Dic - Feb,235.735
2012,Centros poblados y rural disperso,Beneficiarios,Ene - Mar,266.046
2012,Centros poblados y rural disperso,Beneficiarios,Feb - Abr,281.54400000000004
2012,Centros poblados y rural disperso,Beneficiarios,Mar - May,308.73500000000007
2012,Centros poblados y rural disperso,Beneficiarios,Abr - Jun,252.64633333333336
2012,Centros poblados y rural disperso,Beneficiarios,May - Jul,246.429
2012,Centros poblados y rural disperso,Beneficiarios,Jun - Ago,237.04466666666667
2012,Centros poblados y rural disperso,Beneficiarios,Jul - Sep,232.72333333333333
2012,Centros poblados y rural disperso,Beneficiarios,Ago - Oct,230.146
2012,Centros poblados y rural disperso,Beneficiarios,Sep - Nov,233.67233333333334
2012,Centros poblados y rural disperso,Beneficiarios,Oct - Dic,255.96299999999997
2012,Centros poblados y rural disperso,Beneficiarios,Nov - Ene,240.47899999999996
2012,Centros poblados y rural disperso,Beneficiarios,Dic - Feb,224.49566666666666
2013,Centros poblados y rural disperso,Beneficiarios,Ene - Mar,215.08033333333333
2013,Centros poblados y rural disperso,Beneficiarios,Feb - Abr,226.54399999999998
2013,Centros poblados y rural disperso,Beneficiarios,Mar - May,245.97333333333336
2013,Centros poblados y rural disperso,Beneficiarios,Abr - Jun,257.142
2013,Centros poblados y rural disperso,Beneficiarios,May - Jul,271.1426666666667
2013,Centros poblados y rural disperso,Beneficiarios,Jun - Ago,256.61333333333334
2013,Centros poblados y rural disperso,Beneficiarios,Jul - Sep,244.47299999999998
2013,Centros poblados y rural disperso,Beneficiarios,Ago - Oct,244.202
2013,Centros poblados y rural disperso,Beneficiarios,Sep - Nov,244.11433333333332
2013,Centros poblados y rural disperso,Beneficiarios,Oct - Dic,254.66033333333334
2013,Centros poblados y rural disperso,Beneficiarios,Nov - Ene,230.46833333333333
2013,Centros poblados y rural disperso,Beneficiarios,Dic - Feb,220.13466666666667
2014,Centros poblados y rural disperso,Beneficiarios,Ene - Mar,236.11599999999999
2014,Centros poblados y rural disperso,Beneficiarios,Feb - Abr,256.5996666666667
2014,Centros poblados y rural disperso,Beneficiarios,Mar - May,274.5466666666667
2014,Centros poblados y rural disperso,Beneficiarios,Abr - Jun,244.90866666666668
2014,Centros poblados y rural disperso,Beneficiarios,May - Jul,234.052
2014,Centros poblados y rural disperso,Beneficiarios,Jun - Ago,228.64933333333332
2014,Centros poblados y rural disperso,Beneficiarios,Jul - Sep,236.24066666666667
2014,Centros poblados y rural disperso,Beneficiarios,Ago - Oct,242.8153333333333
2014,Centros poblados y rural disperso,Beneficiarios,Sep - Nov,249.46633333333332
2014,Centros poblados y rural disperso,Beneficiarios,Oct - Dic,257.8806666666667
2014,Centros poblados y rural disperso,Beneficiarios,Nov - Ene,238.653
2014,Centros poblados y rural disperso,Beneficiarios,Dic - Feb,221.50400000000002
2015,Centros poblados y rural disperso,Beneficiarios,Ene - Mar,226.13433333333333
2015,Centros poblados y rural disperso,Beneficiarios,Feb - Abr,242.22133333333332
2015,Centros poblados y rural disperso,Beneficiarios,Mar - May,251.73366666666666
2015,Centros poblados y rural disperso,Beneficiarios,Abr - Jun,228.208
2015,Centros poblados y rural disperso,Beneficiarios,May - Jul,226.42499999999998
2015,Centros poblados y rural disperso,Beneficiarios,Jun - Ago,203.87533333333332
2015,Centros poblados y rural disperso,Beneficiarios,Jul - Sep,206.217
2015,Centros poblados y rural disperso,Beneficiarios,Ago - Oct,202.3356666666667
2015,Centros poblados y rural disperso,Beneficiarios,Sep - Nov,194.55166666666665
2015,Centros poblados y rural disperso,Beneficiarios,Oct - Dic,215.28233333333333
2015,Centros poblados y rural disperso,Beneficiarios,Nov - Ene,207.648
2015,Centros poblados y rural disperso,Beneficiarios,Dic - Feb,215.2106666666667
2016,Centros poblados y rural disperso,Beneficiarios,Ene - Mar,204.46066666666664
2016,Centros poblados y rural disperso,Beneficiarios,Feb - Abr,222.46366666666665
2016,Centros poblados y rural disperso,Beneficiarios,Mar - May,231.04100000000003
2016,Centros poblados y rural disperso,Beneficiarios,Abr - Jun,225.08766666666668
2016,Centros poblados y rural disperso,Beneficiarios,May - Jul,221.251
2016,Centros poblados y rural disperso,Beneficiarios,Jun - Ago,230.66933333333336
2016,Centros poblados y rural disperso,Beneficiarios,Jul - Sep,239.4333333333333
2016,Centros poblados y rural disperso,Beneficiarios,Ago - Oct,239.34866666666667
2016,Centros poblados y rural disperso,Beneficiarios,Sep - Nov,227.64300000000003
2016,Centros poblados y rural disperso,Beneficiarios,Oct - Dic,212.65066666666667
2016,Centros poblados y rural disperso,Beneficiarios,Nov - Ene,193.3836666666667
2016,Centros poblados y rural disperso,Beneficiarios,Dic - Feb,200.173
2017,Centros poblados y rural disperso,Beneficiarios,Ene - Mar,208.679
2017,Centros poblados y rural disperso,Beneficiarios,Feb - Abr,222.62099999999998
2017,Centros poblados y rural disperso,Beneficiarios,Mar - May,215.17600000000002
2017,Centros poblados y rural disperso,Beneficiarios,Abr - Jun,199.28
2017,Centros poblados y rural disperso,Beneficiarios,May - Jul,222.35299999999998
2017,Centros poblados y rural disperso,Beneficiarios,Jun - Ago,241.6196666666667
2017,Centros poblados y rural disperso,Beneficiarios,Jul - Sep,258.76366666666667
2017,Centros poblados y rural disperso,Beneficiarios,Ago - Oct,238.82000000000002
2017,Centros poblados y rural disperso,Beneficiarios,Sep - Nov,215.86066666666667
2017,Centros poblados y rural disperso,Beneficiarios,Oct - Dic,212.93466666666666
2017,Centros poblados y rural disperso,Beneficiarios,Nov - Ene,192.6543333333333
2017,Centros poblados y rural disperso,Beneficiarios,Dic - Feb,208.131
2018,Centros poblados y rural disperso,Beneficiarios,Ene - Mar,193.948
2018,Centros poblados y rural disperso,Beneficiarios,Feb - Abr,212.279
2018,Centros poblados y rural disperso,Beneficiarios,Mar - May,203.36800000000002
2018,Centros poblados y rural disperso,Beneficiarios,Abr - Jun,206.90866666666668
2018,Centros poblados y rural disperso,Beneficiarios,May - Jul,206.832
2018,Centros poblados y rural disperso,Beneficiarios,Jun - Ago,202.34533333333334
2018,Centros poblados y rural disperso,Beneficiarios,Jul - Sep,218.97866666666664
2018,Centros poblados y rural disperso,Beneficiarios,Ago - Oct,209.23266666666666
2018,Centros poblados y rural disperso,Beneficiarios,Sep - Nov,192.51233333333334
2018,Centros poblados y rural disperso,Beneficiarios,Oct - Dic,201.09799999999998
2018,Centros poblados y rural disperso,Beneficiarios,Nov - Ene,195.79833333333332
2018,Centros poblados y rural disperso,Beneficiarios,Dic - Feb,213.7686666666667
2019,Centros poblados y rural disperso,Beneficiarios,Ene - Mar,195.3226666666667
2019,Centros poblados y rural disperso,Beneficiarios,Feb - Abr,196.04599999999996
2019,Centros poblados y rural disperso,Beneficiarios,Mar - May,200.774
2019,Centros poblados y rural disperso,Beneficiarios,Abr - Jun,192.8903333333333
2019,Centros poblados y rural disperso,Beneficiarios,May - Jul,199.48766666666666
2019,Centros poblados y rural disperso,Beneficiarios,Jun - Ago,199.548
2019,Centros poblados y rural disperso,Beneficiarios,Jul - Sep,200.56533333333334
2019,Centros poblados y rural disperso,Beneficiarios,Ago - Oct,202.85366666666667
2019,Centros poblados y rural disperso,Beneficiarios,Sep - Nov,188.86433333333332
2019,Centros poblados y rural disperso,Beneficiarios,Oct - Dic,202.88199999999998
2019,Centros poblados y rural disperso,Beneficiarios,Nov - Ene,177.352
2019,Centros poblados y rural disperso,Beneficiarios,Dic - Feb,171.55566666666664
2020,Centros poblados y rural disperso,Beneficiarios,Ene - Mar,0.0
2020,Centros poblados y rural disperso,Beneficiarios,Feb - Abr,0.0
2020,Centros poblados y rural disperso,Beneficiarios,Mar - May,0.0
2020,Centros poblados y rural disperso,Beneficiarios,Abr - Jun,0.0
2020,Centros poblados y rural disperso,Beneficiarios,May - Jul,123.40966666666668
2020,Centros poblados y rural disperso,Beneficiarios,Jun - Ago,137.39966666666666
2020,Centros poblados y rural disperso,Beneficiarios,Jul - Sep,145.009
2020,Centros poblados y rural disperso,Beneficiarios,Ago - Oct,154.61266666666668
2020,Centros poblados y rural disperso,Beneficiarios,Sep - Nov,152.41833333333332
2020,Centros poblados y rural disperso,Beneficiarios,Oct - Dic,173.0806666666667
2020,Centros poblados y rural disperso,Beneficiarios,Nov - Ene,148.923
2020,Centros poblados y rural disperso,Beneficiarios,Dic - Feb,145.42
2021,Centros poblados y rural disperso,Beneficiarios,Ene - Mar,115.46466666666667
2021,Centros poblados y rural disperso,Beneficiarios,Feb - Abr,119.473
2021,Centros poblados y rural disperso,Beneficiarios,Mar - May,103.26299999999999
2021,Centros poblados y rural disperso,Beneficiarios,Abr - Jun,103.33300000000001
2021,Centros poblados y rural disperso,Beneficiarios,May - Jul,103.21033333333332
2021,Centros poblados y rural disperso,Beneficiarios,Jun - Ago,102.71633333333334
2021,Centros poblados y rural disperso,Beneficiarios,Jul - Sep,108.38966666666666
2021,Centros poblados y rural disperso,Beneficiarios,Ago - Oct,118.27833333333335
2021,Centros poblados y rural disperso,Beneficiarios,Sep - Nov,131.77166666666668
2021,Centros poblados y rural disperso,Beneficiarios,Oct - Dic,133.11499999999998
2021,Centros poblados y rural disperso,Beneficiarios,Nov - Ene,142.41466666666668
2021,Centros poblados y rural disperso,Beneficiarios,Dic - Feb,142.28233333333333
2022,Centros poblados y rural disperso,Beneficiarios,Ene - Mar,140.292
2022,Centros poblados y rural disperso,Beneficiarios,Feb - Abr,129.56266666666667
2022,Centros poblados y rural disperso,Beneficiarios,Mar - May,126.546
2022,Centros poblados y rural disperso,Beneficiarios,Abr - Jun,137.5293333333333
2022,Centros poblados y rural disperso,Beneficiarios,May - Jul,136.54999999999998
2022,Centros poblados y rural disperso,Beneficiarios,Jun - Ago,143.14333333333332
2022,Centros poblados y rural disperso,Beneficiarios,Jul - Sep,129.36033333333333
2022,Centros poblados y rural disperso,Beneficiarios,Ago - Oct,139.463
2022,Centros poblados y rural disperso,Beneficiarios,Sep - Nov,136.374
2022,Centros poblados y rural disperso,Beneficiarios,Oct - Dic,136.8613333333333
2022,Centros poblados y rural disperso,Beneficiarios,Nov - Ene,127.93799999999999
2022,Centros poblados y rural disperso,Beneficiarios,Dic - Feb,125.54433333333334
2023,Centros poblados y rural disperso,Beneficiarios,Ene - Mar,127.66966666666667
2023,Centros poblados y rural disperso,Beneficiarios,Feb - Abr,126.41199999999999
2023,Centros poblados y rural disperso,Beneficiarios,Mar - May,122.34666666666665
2023,Centros poblados y rural disperso,Beneficiarios,Abr - Jun,136.13333333333333
2023,Centros poblados y rural disperso,Beneficiarios,May - Jul,154.232
2023,Centros poblados y rural disperso,Beneficiarios,Jun - Ago,170.239
2023,Centros poblados y rural disperso,Beneficiarios,Jul - Sep,164.763
2023,Centros poblados y rural disperso,Beneficiarios,Ago - Oct,153.674
2023,Centros poblados y rural disperso,Beneficiarios,Sep - Nov,148.322
2023,Centros poblados y rural disperso,Beneficiarios,Oct - Dic,150.594
2023,Centros poblados y rural disperso,Beneficiarios,Nov - Ene,144.197
2023,Centros poblados y rural disperso,Beneficiarios,Dic - Feb,131.203
2024,Centros poblados y rural disperso,Beneficiarios,Ene - Mar,120.325
2024,Centros poblados y rural disperso,Beneficiarios,Feb - Abr,108.086
2024,Centros poblados y rural disperso,Beneficiarios,Mar - May,117.16
2024,Centros poblados y rural disperso,Beneficiarios,Abr - Jun,124.693
2024,Centros poblados y rural disperso,Beneficiarios,May - Jul,141.498
2024,Centros poblados y rural disperso,Beneficiarios,Jun - Ago,137.463
2024,Centros poblados y rural disperso,Beneficiarios,Jul - Sep,142.796
2024,Centros poblados y rural disperso,Beneficiarios,Ago - Oct,141.36
2024,Centros poblados y rural disperso,Beneficiarios,Sep - Nov,137.704
2024,Centros poblados y rural disperso,Beneficiarios,Oct - Dic,139.902
2024,Centros poblados y rural disperso,Beneficiarios,Nov - Ene,147.473
2024,Centros poblados y rural disperso,Beneficiarios,Dic - Feb,143.575
2025,Centros poblados y rural disperso,Beneficiarios,Ene - Mar,138.968
2025,Centros poblados y rural disperso,Beneficiarios,Feb - Abr,131.08
2025,Centros poblados y rural disperso,Beneficiarios,Mar - May,142.284
2025,Centros poblados y rural disperso,Beneficiarios,Abr - Jun,130.318
2025,Centros poblados y rural disperso,Beneficiarios,May - Jul,128.464
2025,Centros poblados y rural disperso,Beneficiarios,Jun - Ago,125.378
2025,Centros poblados y rural disperso,Beneficiarios,Jul - Sep,132.487
2025,Centros poblados y rural disperso,Beneficiarios,Ago - Oct,140.392
2025,Centros poblados y rural disperso,Beneficiarios,Sep - Nov,139.768
2025,Centros poblados y rural disperso,Beneficiarios,Oct - Dic,139.398
2025,Centros poblados y rural disperso,Beneficiarios,Nov - Ene,129.737
2025,Centros poblados y rural disperso,Beneficiarios,Dic - Feb,127.307
2026,Centros poblados y rural disperso,Beneficiarios,Ene - Mar,132.902
2026,Centros poblados y rural disperso,Beneficiarios,Feb - Abr,141.383
2007,Centros poblados y rural disperso,Otro,Ene - Mar,0.48066666666666663
2007,Centros poblados y rural disperso,Otro,Feb - Abr,0.48066666666666663
2007,Centros poblados y rural disperso,Otro,Mar - May,0.6443333333333333
2007,Centros poblados y rural disperso,Otro,Abr - Jun,0.247
2007,Centros poblados y rural disperso,Otro,May - Jul,1.516333333333333
2007,Centros poblados y rural disperso,Otro,Jun - Ago,1.2693333333333332
2007,Centros poblados y rural disperso,Otro,Jul - Sep,3.6086666666666667
2007,Centros poblados y rural disperso,Otro,Ago - Oct,2.3393333333333333
2007,Centros poblados y rural disperso,Otro,Sep - Nov,2.417
2007,Centros poblados y rural disperso,Otro,Oct - Dic,0.07766666666666668
2007,Centros poblados y rural disperso,Otro,Nov - Ene,0.4206666666666667
2007,Centros poblados y rural disperso,Otro,Dic - Feb,0.5633333333333334
2008,Centros poblados y rural disperso,Otro,Ene - Mar,1.2293333333333332
2008,Centros poblados y rural disperso,Otro,Feb - Abr,1.258
2008,Centros poblados y rural disperso,Otro,Mar - May,1.197
2008,Centros poblados y rural disperso,Otro,Abr - Jun,1.8423333333333334
2008,Centros poblados y rural disperso,Otro,May - Jul,1.8756666666666666
2008,Centros poblados y rural disperso,Otro,Jun - Ago,1.7163333333333333
2008,Centros poblados y rural disperso,Otro,Jul - Sep,0.405
2008,Centros poblados y rural disperso,Otro,Ago - Oct,0.5113333333333333
2008,Centros poblados y rural disperso,Otro,Sep - Nov,0.5113333333333333
2008,Centros poblados y rural disperso,Otro,Oct - Dic,0.5113333333333333
2008,Centros poblados y rural disperso,Otro,Nov - Ene,0.505
2008,Centros poblados y rural disperso,Otro,Dic - Feb,0.505
2009,Centros poblados y rural disperso,Otro,Ene - Mar,0.505
2009,Centros poblados y rural disperso,Otro,Feb - Abr,0.5116666666666666
2009,Centros poblados y rural disperso,Otro,Mar - May,0.5116666666666666
2009,Centros poblados y rural disperso,Otro,Abr - Jun,0.5116666666666666
2009,Centros poblados y rural disperso,Otro,May - Jul,0.0
2009,Centros poblados y rural disperso,Otro,Jun - Ago,0.21866666666666668
2009,Centros poblados y rural disperso,Otro,Jul - Sep,1.6979999999999997
2009,Centros poblados y rural disperso,Otro,Ago - Oct,2.257333333333333
2009,Centros poblados y rural disperso,Otro,Sep - Nov,2.0386666666666664
2009,Centros poblados y rural disperso,Otro,Oct - Dic,0.5593333333333333
2009,Centros poblados y rural disperso,Otro,Nov - Ene,0.0
2009,Centros poblados y rural disperso,Otro,Dic - Feb,0.0
2010,Centros poblados y rural disperso,Otro,Ene - Mar,0.0
2010,Centros poblados y rural disperso,Otro,Feb - Abr,0.0
2010,Centros poblados y rural disperso,Otro,Mar - May,0.3516666666666666
2010,Centros poblados y rural disperso,Otro,Abr - Jun,0.3516666666666666
2010,Centros poblados y rural disperso,Otro,May - Jul,0.3516666666666666
2010,Centros poblados y rural disperso,Otro,Jun - Ago,0.5846666666666667
2010,Centros poblados y rural disperso,Otro,Jul - Sep,0.5846666666666667
2010,Centros poblados y rural disperso,Otro,Ago - Oct,0.5846666666666667
2010,Centros poblados y rural disperso,Otro,Sep - Nov,0.0
2010,Centros poblados y rural disperso,Otro,Oct - Dic,0.0
2010,Centros poblados y rural disperso,Otro,Nov - Ene,0.0
2010,Centros poblados y rural disperso,Otro,Dic - Feb,0.282
2011,Centros poblados y rural disperso,Otro,Ene - Mar,0.282
2011,Centros poblados y rural disperso,Otro,Feb - Abr,0.8666666666666667
2011,Centros poblados y rural disperso,Otro,Mar - May,0.5846666666666667
2011,Centros poblados y rural disperso,Otro,Abr - Jun,0.7713333333333333
2011,Centros poblados y rural disperso,Otro,May - Jul,2.8723333333333336
2011,Centros poblados y rural disperso,Otro,Jun - Ago,2.8723333333333336
2011,Centros poblados y rural disperso,Otro,Jul - Sep,3.478666666666667
2011,Centros poblados y rural disperso,Otro,Ago - Oct,0.793
2011,Centros poblados y rural disperso,Otro,Sep - Nov,1.1246666666666667
2011,Centros poblados y rural disperso,Otro,Oct - Dic,0.33166666666666667
2011,Centros poblados y rural disperso,Otro,Nov - Ene,0.33166666666666667
2011,Centros poblados y rural disperso,Otro,Dic - Feb,2.273
2012,Centros poblados y rural disperso,Otro,Ene - Mar,2.893333333333333
2012,Centros poblados y rural disperso,Otro,Feb - Abr,3.5446666666666666
2012,Centros poblados y rural disperso,Otro,Mar - May,3.208
2012,Centros poblados y rural disperso,Otro,Abr - Jun,2.587666666666667
2012,Centros poblados y rural disperso,Otro,May - Jul,2.492
2012,Centros poblados y rural disperso,Otro,Jun - Ago,0.5556666666666666
2012,Centros poblados y rural disperso,Otro,Jul - Sep,1.4176666666666666
2012,Centros poblados y rural disperso,Otro,Ago - Oct,1.7946666666666669
2012,Centros poblados y rural disperso,Otro,Sep - Nov,2.2066666666666666
2012,Centros poblados y rural disperso,Otro,Oct - Dic,3.7463333333333337
2012,Centros poblados y rural disperso,Otro,Nov - Ene,2.8136666666666668
2012,Centros poblados y rural disperso,Otro,Dic - Feb,2.6646666666666667
2013,Centros poblados y rural disperso,Otro,Ene - Mar,0.263
2013,Centros poblados y rural disperso,Otro,Feb - Abr,0.263
2013,Centros poblados y rural disperso,Otro,Mar - May,0.42733333333333334
2013,Centros poblados y rural disperso,Otro,Abr - Jun,0.7013333333333334
2013,Centros poblados y rural disperso,Otro,May - Jul,3.1523333333333334
2013,Centros poblados y rural disperso,Otro,Jun - Ago,4.018
2013,Centros poblados y rural disperso,Otro,Jul - Sep,4.401333333333333
2013,Centros poblados y rural disperso,Otro,Ago - Oct,2.3343333333333334
2013,Centros poblados y rural disperso,Otro,Sep - Nov,2.4579999999999997
2013,Centros poblados y rural disperso,Otro,Oct - Dic,2.228666666666667
2013,Centros poblados y rural disperso,Otro,Nov - Ene,4.933333333333334
2013,Centros poblados y rural disperso,Otro,Dic - Feb,4.579666666666667
2014,Centros poblados y rural disperso,Otro,Ene - Mar,5.193666666666666
2014,Centros poblados y rural disperso,Otro,Feb - Abr,3.9293333333333336
2014,Centros poblados y rural disperso,Otro,Mar - May,3.362666666666667
2014,Centros poblados y rural disperso,Otro,Abr - Jun,4.971666666666667
2014,Centros poblados y rural disperso,Otro,May - Jul,4.809666666666667
2014,Centros poblados y rural disperso,Otro,Jun - Ago,6.935333333333333
2014,Centros poblados y rural disperso,Otro,Jul - Sep,5.544
2014,Centros poblados y rural disperso,Otro,Ago - Oct,4.59
2014,Centros poblados y rural disperso,Otro,Sep - Nov,4.334666666666666
2014,Centros poblados y rural disperso,Otro,Oct - Dic,4.494666666666666
2014,Centros poblados y rural disperso,Otro,Nov - Ene,4.566
2014,Centros poblados y rural disperso,Otro,Dic - Feb,2.1993333333333336
2015,Centros poblados y rural disperso,Otro,Ene - Mar,5.002
2015,Centros poblados y rural disperso,Otro,Feb - Abr,7.176666666666667
2015,Centros poblados y rural disperso,Otro,Mar - May,8.146
2015,Centros poblados y rural disperso,Otro,Abr - Jun,6.436
2015,Centros poblados y rural disperso,Otro,May - Jul,3.481666666666667
2015,Centros poblados y rural disperso,Otro,Jun - Ago,3.2153333333333336
2015,Centros poblados y rural disperso,Otro,Jul - Sep,5.902
2015,Centros poblados y rural disperso,Otro,Ago - Oct,6.8183333333333325
2015,Centros poblados y rural disperso,Otro,Sep - Nov,7.612333333333333
2015,Centros poblados y rural disperso,Otro,Oct - Dic,4.2860000000000005
2015,Centros poblados y rural disperso,Otro,Nov - Ene,6.633666666666667
2015,Centros poblados y rural disperso,Otro,Dic - Feb,7.144000000000001
2016,Centros poblados y rural disperso,Otro,Ene - Mar,5.449666666666666
2016,Centros poblados y rural disperso,Otro,Feb - Abr,2.5933333333333333
2016,Centros poblados y rural disperso,Otro,Mar - May,4.090333333333334
2016,Centros poblados y rural disperso,Otro,Abr - Jun,3.9120000000000004
2016,Centros poblados y rural disperso,Otro,May - Jul,6.352333333333334
2016,Centros poblados y rural disperso,Otro,Jun - Ago,3.080666666666667
2016,Centros poblados y rural disperso,Otro,Jul - Sep,4.202333333333334
2016,Centros poblados y rural disperso,Otro,Ago - Oct,3.608333333333333
2016,Centros poblados y rural disperso,Otro,Sep - Nov,5.823333333333333
2016,Centros poblados y rural disperso,Otro,Oct - Dic,6.7250000000000005
2016,Centros poblados y rural disperso,Otro,Nov - Ene,6.203666666666667
2016,Centros poblados y rural disperso,Otro,Dic - Feb,3.7560000000000002
2017,Centros poblados y rural disperso,Otro,Ene - Mar,3.8153333333333337
2017,Centros poblados y rural disperso,Otro,Feb - Abr,3.6473333333333335
2017,Centros poblados y rural disperso,Otro,Mar - May,5.281666666666666
2017,Centros poblados y rural disperso,Otro,Abr - Jun,6.217
2017,Centros poblados y rural disperso,Otro,May - Jul,4.909
2017,Centros poblados y rural disperso,Otro,Jun - Ago,3.7520000000000002
2017,Centros poblados y rural disperso,Otro,Jul - Sep,1.407
2017,Centros poblados y rural disperso,Otro,Ago - Oct,1.1503333333333334
2017,Centros poblados y rural disperso,Otro,Sep - Nov,1.5739999999999998
2017,Centros poblados y rural disperso,Otro,Oct - Dic,2.1153333333333335
2017,Centros poblados y rural disperso,Otro,Nov - Ene,2.1153333333333335
2017,Centros poblados y rural disperso,Otro,Dic - Feb,2.470333333333333
2018,Centros poblados y rural disperso,Otro,Ene - Mar,2.1426666666666665
2018,Centros poblados y rural disperso,Otro,Feb - Abr,2.1426666666666665
2018,Centros poblados y rural disperso,Otro,Mar - May,1.9363333333333335
2018,Centros poblados y rural disperso,Otro,Abr - Jun,1.5733333333333333
2018,Centros poblados y rural disperso,Otro,May - Jul,4.217333333333333
2018,Centros poblados y rural disperso,Otro,Jun - Ago,3.9726666666666666
2018,Centros poblados y rural disperso,Otro,Jul - Sep,3.7783333333333338
2018,Centros poblados y rural disperso,Otro,Ago - Oct,3.7753333333333337
2018,Centros poblados y rural disperso,Otro,Sep - Nov,2.970333333333333
2018,Centros poblados y rural disperso,Otro,Oct - Dic,4.864
2018,Centros poblados y rural disperso,Otro,Nov - Ene,2.828
2018,Centros poblados y rural disperso,Otro,Dic - Feb,3.581
2019,Centros poblados y rural disperso,Otro,Ene - Mar,3.3136666666666663
2019,Centros poblados y rural disperso,Otro,Feb - Abr,2.7086666666666663
2019,Centros poblados y rural disperso,Otro,Mar - May,3.4889999999999994
2019,Centros poblados y rural disperso,Otro,Abr - Jun,1.9633333333333332
2019,Centros poblados y rural disperso,Otro,May - Jul,2.417333333333333
2019,Centros poblados y rural disperso,Otro,Jun - Ago,1.9880000000000002
2019,Centros poblados y rural disperso,Otro,Jul - Sep,2.273333333333333
2019,Centros poblados y rural disperso,Otro,Ago - Oct,2.1620000000000004
2019,Centros poblados y rural disperso,Otro,Sep - Nov,1.058
2019,Centros poblados y rural disperso,Otro,Oct - Dic,1.1426666666666667
2019,Centros poblados y rural disperso,Otro,Nov - Ene,5.596333333333333
2019,Centros poblados y rural disperso,Otro,Dic - Feb,5.596333333333333
2020,Centros poblados y rural disperso,Otro,Ene - Mar,0.0
2020,Centros poblados y rural disperso,Otro,Feb - Abr,0.0
2020,Centros poblados y rural disperso,Otro,Mar - May,0.0
2020,Centros poblados y rural disperso,Otro,Abr - Jun,0.0
2020,Centros poblados y rural disperso,Otro,May - Jul,1.8499999999999999
2020,Centros poblados y rural disperso,Otro,Jun - Ago,1.8499999999999999
2020,Centros poblados y rural disperso,Otro,Jul - Sep,3.106666666666667
2020,Centros poblados y rural disperso,Otro,Ago - Oct,3.595333333333333
2020,Centros poblados y rural disperso,Otro,Sep - Nov,8.39
2020,Centros poblados y rural disperso,Otro,Oct - Dic,10.579666666666666
2020,Centros poblados y rural disperso,Otro,Nov - Ene,9.333666666666666
2020,Centros poblados y rural disperso,Otro,Dic - Feb,5.028666666666667
2021,Centros poblados y rural disperso,Otro,Ene - Mar,1.9643333333333333
2021,Centros poblados y rural disperso,Otro,Feb - Abr,0.8716666666666667
2021,Centros poblados y rural disperso,Otro,Mar - May,0.8623333333333333
2021,Centros poblados y rural disperso,Otro,Abr - Jun,0.48033333333333333
2021,Centros poblados y rural disperso,Otro,May - Jul,1.3823333333333334
2021,Centros poblados y rural disperso,Otro,Jun - Ago,2.1266666666666665
2021,Centros poblados y rural disperso,Otro,Jul - Sep,2.4436666666666667
2021,Centros poblados y rural disperso,Otro,Ago - Oct,2.1733333333333333
2021,Centros poblados y rural disperso,Otro,Sep - Nov,0.9486666666666667
2021,Centros poblados y rural disperso,Otro,Oct - Dic,0.6623333333333333
2021,Centros poblados y rural disperso,Otro,Nov - Ene,0.46900000000000003
2021,Centros poblados y rural disperso,Otro,Dic - Feb,1.1543333333333334
2022,Centros poblados y rural disperso,Otro,Ene - Mar,1.4013333333333333
2022,Centros poblados y rural disperso,Otro,Feb - Abr,1.1506666666666667
2022,Centros poblados y rural disperso,Otro,Mar - May,1.6979999999999997
2022,Centros poblados y rural disperso,Otro,Abr - Jun,1.5243333333333335
2022,Centros poblados y rural disperso,Otro,May - Jul,2.3813333333333335
2022,Centros poblados y rural disperso,Otro,Jun - Ago,1.284
2022,Centros poblados y rural disperso,Otro,Jul - Sep,1.6849999999999998
2022,Centros poblados y rural disperso,Otro,Ago - Oct,0.8889999999999999
2022,Centros poblados y rural disperso,Otro,Sep - Nov,1.4633333333333336
2022,Centros poblados y rural disperso,Otro,Oct - Dic,2.1203333333333334
2022,Centros poblados y rural disperso,Otro,Nov - Ene,2.034666666666667
2022,Centros poblados y rural disperso,Otro,Dic - Feb,1.9969999999999999
2023,Centros poblados y rural disperso,Otro,Ene - Mar,0.835
2023,Centros poblados y rural disperso,Otro,Feb - Abr,0.672
2023,Centros poblados y rural disperso,Otro,Mar - May,0.15333333333333335
2023,Centros poblados y rural disperso,Otro,Abr - Jun,1.6013333333333335
2023,Centros poblados y rural disperso,Otro,May - Jul,2.607
2023,Centros poblados y rural disperso,Otro,Jun - Ago,2.454
2023,Centros poblados y rural disperso,Otro,Jul - Sep,1.208
2023,Centros poblados y rural disperso,Otro,Ago - Oct,0.202
2023,Centros poblados y rural disperso,Otro,Sep - Nov,0.524
2023,Centros poblados y rural disperso,Otro,Oct - Dic,0.516
2023,Centros poblados y rural disperso,Otro,Nov - Ene,0.516
2023,Centros poblados y rural disperso,Otro,Dic - Feb,0.194
2024,Centros poblados y rural disperso,Otro,Ene - Mar,0.088
2024,Centros poblados y rural disperso,Otro,Feb - Abr,0.173
2024,Centros poblados y rural disperso,Otro,Mar - May,0.615
2024,Centros poblados y rural disperso,Otro,Abr - Jun,0.527
2024,Centros poblados y rural disperso,Otro,May - Jul,0.442
2024,Centros poblados y rural disperso,Otro,Jun - Ago,0.0
2024,Centros poblados y rural disperso,Otro,Jul - Sep,1.098
2024,Centros poblados y rural disperso,Otro,Ago - Oct,1.508
2024,Centros poblados y rural disperso,Otro,Sep - Nov,2.09
2024,Centros poblados y rural disperso,Otro,Oct - Dic,2.054
2024,Centros poblados y rural disperso,Otro,Nov - Ene,1.643
2024,Centros poblados y rural disperso,Otro,Dic - Feb,1.062
2025,Centros poblados y rural disperso,Otro,Ene - Mar,0.37
2025,Centros poblados y rural disperso,Otro,Feb - Abr,0.644
2025,Centros poblados y rural disperso,Otro,Mar - May,0.644
2025,Centros poblados y rural disperso,Otro,Abr - Jun,0.488
2025,Centros poblados y rural disperso,Otro,May - Jul,2.149
2025,Centros poblados y rural disperso,Otro,Jun - Ago,2.509
2025,Centros poblados y rural disperso,Otro,Jul - Sep,2.294
2025,Centros poblados y rural disperso,Otro,Ago - Oct,1.918
2025,Centros poblados y rural disperso,Otro,Sep - Nov,2.303
2025,Centros poblados y rural disperso,Otro,Oct - Dic,2.303
2025,Centros poblados y rural disperso,Otro,Nov - Ene,1.605
2025,Centros poblados y rural disperso,Otro,Dic - Feb,1.2
2026,Centros poblados y rural disperso,Otro,Ene - Mar,1.2
2026,Centros poblados y rural disperso,Otro,Feb - Abr,0.571
2007,Centros poblados y rural disperso,Régimen subsidiado,Ene - Mar,2437.52
2007,Centros poblados y rural disperso,Régimen subsidiado,Feb - Abr,2423.5376666666666
2007,Centros poblados y rural disperso,Régimen subsidiado,Mar - May,2340.355666666667
2007,Centros poblados y rural disperso,Régimen subsidiado,Abr - Jun,2292.3856666666666
2007,Centros poblados y rural disperso,Régimen subsidiado,May - Jul,2258.5986666666668
2007,Centros poblados y rural disperso,Régimen subsidiado,Jun - Ago,2234.3406666666665
2007,Centros poblados y rural disperso,Régimen subsidiado,Jul - Sep,2280.396666666667
2007,Centros poblados y rural disperso,Régimen subsidiado,Ago - Oct,2435.7146666666667
2007,Centros poblados y rural disperso,Régimen subsidiado,Sep - Nov,2385.522666666667
2007,Centros poblados y rural disperso,Régimen subsidiado,Oct - Dic,2439.7646666666665
2007,Centros poblados y rural disperso,Régimen subsidiado,Nov - Ene,2375.887
2007,Centros poblados y rural disperso,Régimen subsidiado,Dic - Feb,2564.7026666666666
2008,Centros poblados y rural disperso,Régimen subsidiado,Ene - Mar,2614.2653333333333
2008,Centros poblados y rural disperso,Régimen subsidiado,Feb - Abr,2638.1020000000003
2008,Centros poblados y rural disperso,Régimen subsidiado,Mar - May,2627.1426666666666
2008,Centros poblados y rural disperso,Régimen subsidiado,Abr - Jun,2516.2543333333338
2008,Centros poblados y rural disperso,Régimen subsidiado,May - Jul,2415.628666666667
2008,Centros poblados y rural disperso,Régimen subsidiado,Jun - Ago,2305.5716666666667
2008,Centros poblados y rural disperso,Régimen subsidiado,Jul - Sep,2362.191333333333
2008,Centros poblados y rural disperso,Régimen subsidiado,Ago - Oct,2571.9673333333335
2008,Centros poblados y rural disperso,Régimen subsidiado,Sep - Nov,2493.3210000000004
2008,Centros poblados y rural disperso,Régimen subsidiado,Oct - Dic,2557.172666666667
2008,Centros poblados y rural disperso,Régimen subsidiado,Nov - Ene,2538.742666666667
2008,Centros poblados y rural disperso,Régimen subsidiado,Dic - Feb,2720.645
2009,Centros poblados y rural disperso,Régimen subsidiado,Ene - Mar,2713.6966666666667
2009,Centros poblados y rural disperso,Régimen subsidiado,Feb - Abr,2712.630333333333
2009,Centros poblados y rural disperso,Régimen subsidiado,Mar - May,2712.296333333333
2009,Centros poblados y rural disperso,Régimen subsidiado,Abr - Jun,2821.3123333333333
2009,Centros poblados y rural disperso,Régimen subsidiado,May - Jul,2810.869666666667
2009,Centros poblados y rural disperso,Régimen subsidiado,Jun - Ago,2873.661
2009,Centros poblados y rural disperso,Régimen subsidiado,Jul - Sep,2876.8189999999995
2009,Centros poblados y rural disperso,Régimen subsidiado,Ago - Oct,2991.965666666667
2009,Centros poblados y rural disperso,Régimen subsidiado,Sep - Nov,3141.586333333333
2009,Centros poblados y rural disperso,Régimen subsidiado,Oct - Dic,3138.1293333333338
2009,Centros poblados y rural disperso,Régimen subsidiado,Nov - Ene,3121.1919999999996
2009,Centros poblados y rural disperso,Régimen subsidiado,Dic - Feb,3033.4336666666663
2010,Centros poblados y rural disperso,Régimen subsidiado,Ene - Mar,3008.363
2010,Centros poblados y rural disperso,Régimen subsidiado,Feb - Abr,3011.607666666667
2010,Centros poblados y rural disperso,Régimen subsidiado,Mar - May,2886.0203333333334
2010,Centros poblados y rural disperso,Régimen subsidiado,Abr - Jun,2929.082
2010,Centros poblados y rural disperso,Régimen subsidiado,May - Jul,2810.0903333333335
2010,Centros poblados y rural disperso,Régimen subsidiado,Jun - Ago,2894.392
2010,Centros poblados y rural disperso,Régimen subsidiado,Jul - Sep,2970.8726666666666
2010,Centros poblados y rural disperso,Régimen subsidiado,Ago - Oct,3062.021
2010,Centros poblados y rural disperso,Régimen subsidiado,Sep - Nov,3130.394333333333
2010,Centros poblados y rural disperso,Régimen subsidiado,Oct - Dic,3048.1083333333336
2010,Centros poblados y rural disperso,Régimen subsidiado,Nov - Ene,3076.926333333333
2010,Centros poblados y rural disperso,Régimen subsidiado,Dic - Feb,2949.047
2011,Centros poblados y rural disperso,Régimen subsidiado,Ene - Mar,2906.7539999999995
2011,Centros poblados y rural disperso,Régimen subsidiado,Feb - Abr,2846.0730000000003
2011,Centros poblados y rural disperso,Régimen subsidiado,Mar - May,2855.9356666666667
2011,Centros poblados y rural disperso,Régimen subsidiado,Abr - Jun,2896.7676666666666
2011,Centros poblados y rural disperso,Régimen subsidiado,May - Jul,2930.026666666667
2011,Centros poblados y rural disperso,Régimen subsidiado,Jun - Ago,2936.212333333333
2011,Centros poblados y rural disperso,Régimen subsidiado,Jul - Sep,2928.0473333333334
2011,Centros poblados y rural disperso,Régimen subsidiado,Ago - Oct,3087.0146666666665
2011,Centros poblados y rural disperso,Régimen subsidiado,Sep - Nov,3298.301
2011,Centros poblados y rural disperso,Régimen subsidiado,Oct - Dic,3279.2603333333336
2011,Centros poblados y rural disperso,Régimen subsidiado,Nov - Ene,3200.138333333334
2011,Centros poblados y rural disperso,Régimen subsidiado,Dic - Feb,3051.694333333333
2012,Centros poblados y rural disperso,Régimen subsidiado,Ene - Mar,3095.211
2012,Centros poblados y rural disperso,Régimen subsidiado,Feb - Abr,3054.000666666667
2012,Centros poblados y rural disperso,Régimen subsidiado,Mar - May,3025.2746666666667
2012,Centros poblados y rural disperso,Régimen subsidiado,Abr - Jun,3198.634
2012,Centros poblados y rural disperso,Régimen subsidiado,May - Jul,3131.1066666666666
2012,Centros poblados y rural disperso,Régimen subsidiado,Jun - Ago,3207.4190000000003
2012,Centros poblados y rural disperso,Régimen subsidiado,Jul - Sep,3098.2663333333335
2012,Centros poblados y rural disperso,Régimen subsidiado,Ago - Oct,3227.7189999999996
2012,Centros poblados y rural disperso,Régimen subsidiado,Sep - Nov,3305.017
2012,Centros poblados y rural disperso,Régimen subsidiado,Oct - Dic,3286.911666666667
2012,Centros poblados y rural disperso,Régimen subsidiado,Nov - Ene,3305.7743333333333
2012,Centros poblados y rural disperso,Régimen subsidiado,Dic - Feb,3171.059333333333
2013,Centros poblados y rural disperso,Régimen subsidiado,Ene - Mar,3126.733
2013,Centros poblados y rural disperso,Régimen subsidiado,Feb - Abr,3019.6486666666665
2013,Centros poblados y rural disperso,Régimen subsidiado,Mar - May,3008.840333333333
2013,Centros poblados y rural disperso,Régimen subsidiado,Abr - Jun,3049.3393333333333
2013,Centros poblados y rural disperso,Régimen subsidiado,May - Jul,3047.9646666666667
2013,Centros poblados y rural disperso,Régimen subsidiado,Jun - Ago,3080.3909999999996
2013,Centros poblados y rural disperso,Régimen subsidiado,Jul - Sep,3119.6503333333335
2013,Centros poblados y rural disperso,Régimen subsidiado,Ago - Oct,3268.8019999999997
2013,Centros poblados y rural disperso,Régimen subsidiado,Sep - Nov,3390.2253333333333
2013,Centros poblados y rural disperso,Régimen subsidiado,Oct - Dic,3370.3503333333333
2013,Centros poblados y rural disperso,Régimen subsidiado,Nov - Ene,3323.2016666666664
2013,Centros poblados y rural disperso,Régimen subsidiado,Dic - Feb,3146.602666666667
2014,Centros poblados y rural disperso,Régimen subsidiado,Ene - Mar,3075.161
2014,Centros poblados y rural disperso,Régimen subsidiado,Feb - Abr,3014.4193333333333
2014,Centros poblados y rural disperso,Régimen subsidiado,Mar - May,3077.6929999999998
2014,Centros poblados y rural disperso,Régimen subsidiado,Abr - Jun,3191.446
2014,Centros poblados y rural disperso,Régimen subsidiado,May - Jul,3178.75
2014,Centros poblados y rural disperso,Régimen subsidiado,Jun - Ago,3214.1586666666667
2014,Centros poblados y rural disperso,Régimen subsidiado,Jul - Sep,3187.8043333333335
2014,Centros poblados y rural disperso,Régimen subsidiado,Ago - Oct,3326.9576666666667
2014,Centros poblados y rural disperso,Régimen subsidiado,Sep - Nov,3403.538666666667
2014,Centros poblados y rural disperso,Régimen subsidiado,Oct - Dic,3336.5086666666666
2014,Centros poblados y rural disperso,Régimen subsidiado,Nov - Ene,3286.524
2014,Centros poblados y rural disperso,Régimen subsidiado,Dic - Feb,3193.7303333333334
2015,Centros poblados y rural disperso,Régimen subsidiado,Ene - Mar,3297.4876666666664
2015,Centros poblados y rural disperso,Régimen subsidiado,Feb - Abr,3303.637
2015,Centros poblados y rural disperso,Régimen subsidiado,Mar - May,3338.4643333333333
2015,Centros poblados y rural disperso,Régimen subsidiado,Abr - Jun,3370.074
2015,Centros poblados y rural disperso,Régimen subsidiado,May - Jul,3312.225
2015,Centros poblados y rural disperso,Régimen subsidiado,Jun - Ago,3315.874333333333
2015,Centros poblados y rural disperso,Régimen subsidiado,Jul - Sep,3326.039
2015,Centros poblados y rural disperso,Régimen subsidiado,Ago - Oct,3401.9420000000005
2015,Centros poblados y rural disperso,Régimen subsidiado,Sep - Nov,3584.5063333333333
2015,Centros poblados y rural disperso,Régimen subsidiado,Oct - Dic,3536.0246666666667
2015,Centros poblados y rural disperso,Régimen subsidiado,Nov - Ene,3563.036666666667
2015,Centros poblados y rural disperso,Régimen subsidiado,Dic - Feb,3373.1059999999998
2016,Centros poblados y rural disperso,Régimen subsidiado,Ene - Mar,3284.373666666667
2016,Centros poblados y rural disperso,Régimen subsidiado,Feb - Abr,3208.525
2016,Centros poblados y rural disperso,Régimen subsidiado,Mar - May,3237.604
2016,Centros poblados y rural disperso,Régimen subsidiado,Abr - Jun,3358.883333333333
2016,Centros poblados y rural disperso,Régimen subsidiado,May - Jul,3303.3233333333333
2016,Centros poblados y rural disperso,Régimen subsidiado,Jun - Ago,3278.654666666667
2016,Centros poblados y rural disperso,Régimen subsidiado,Jul - Sep,3233.3340000000003
2016,Centros poblados y rural disperso,Régimen subsidiado,Ago - Oct,3377.9203333333335
2016,Centros poblados y rural disperso,Régimen subsidiado,Sep - Nov,3516.3230000000003
2016,Centros poblados y rural disperso,Régimen subsidiado,Oct - Dic,3495.108
2016,Centros poblados y rural disperso,Régimen subsidiado,Nov - Ene,3490.223
2016,Centros poblados y rural disperso,Régimen subsidiado,Dic - Feb,3291.839
2017,Centros poblados y rural disperso,Régimen subsidiado,Ene - Mar,3219.062
2017,Centros poblados y rural disperso,Régimen subsidiado,Feb - Abr,3223.8103333333333
2017,Centros poblados y rural disperso,Régimen subsidiado,Mar - May,3334.547666666667
2017,Centros poblados y rural disperso,Régimen subsidiado,Abr - Jun,3485.7833333333333
2017,Centros poblados y rural disperso,Régimen subsidiado,May - Jul,3386.213333333333
2017,Centros poblados y rural disperso,Régimen subsidiado,Jun - Ago,3340.0263333333332
2017,Centros poblados y rural disperso,Régimen subsidiado,Jul - Sep,3362.2549999999997
2017,Centros poblados y rural disperso,Régimen subsidiado,Ago - Oct,3500.530666666667
2017,Centros poblados y rural disperso,Régimen subsidiado,Sep - Nov,3677.7503333333334
2017,Centros poblados y rural disperso,Régimen subsidiado,Oct - Dic,3644.0490000000004
2017,Centros poblados y rural disperso,Régimen subsidiado,Nov - Ene,3615.3556666666664
2017,Centros poblados y rural disperso,Régimen subsidiado,Dic - Feb,3406.7810000000004
2018,Centros poblados y rural disperso,Régimen subsidiado,Ene - Mar,3337.239
2018,Centros poblados y rural disperso,Régimen subsidiado,Feb - Abr,3266.454
2018,Centros poblados y rural disperso,Régimen subsidiado,Mar - May,3324.7106666666664
2018,Centros poblados y rural disperso,Régimen subsidiado,Abr - Jun,3411.109666666667
2018,Centros poblados y rural disperso,Régimen subsidiado,May - Jul,3350.813666666667
2018,Centros poblados y rural disperso,Régimen subsidiado,Jun - Ago,3380.7166666666667
2018,Centros poblados y rural disperso,Régimen subsidiado,Jul - Sep,3364.493
2018,Centros poblados y rural disperso,Régimen subsidiado,Ago - Oct,3498.58
2018,Centros poblados y rural disperso,Régimen subsidiado,Sep - Nov,3555.7346666666667
2018,Centros poblados y rural disperso,Régimen subsidiado,Oct - Dic,3556.3129999999996
2018,Centros poblados y rural disperso,Régimen subsidiado,Nov - Ene,3526.834666666666
2018,Centros poblados y rural disperso,Régimen subsidiado,Dic - Feb,3414.7163333333338
2019,Centros poblados y rural disperso,Régimen subsidiado,Ene - Mar,3273.172666666667
2019,Centros poblados y rural disperso,Régimen subsidiado,Feb - Abr,3178.4376666666667
2019,Centros poblados y rural disperso,Régimen subsidiado,Mar - May,3150.4593333333337
2019,Centros poblados y rural disperso,Régimen subsidiado,Abr - Jun,3226.369666666667
2019,Centros poblados y rural disperso,Régimen subsidiado,May - Jul,3140.065666666667
2019,Centros poblados y rural disperso,Régimen subsidiado,Jun - Ago,3181.601
2019,Centros poblados y rural disperso,Régimen subsidiado,Jul - Sep,3169.558333333333
2019,Centros poblados y rural disperso,Régimen subsidiado,Ago - Oct,3325.4906666666666
2019,Centros poblados y rural disperso,Régimen subsidiado,Sep - Nov,3397.6503333333335
2019,Centros poblados y rural disperso,Régimen subsidiado,Oct - Dic,3449.124333333333
2019,Centros poblados y rural disperso,Régimen subsidiado,Nov - Ene,3434.904666666667
2019,Centros poblados y rural disperso,Régimen subsidiado,Dic - Feb,3291.203
2020,Centros poblados y rural disperso,Régimen subsidiado,Ene - Mar,0.0
2020,Centros poblados y rural disperso,Régimen subsidiado,Feb - Abr,0.0
2020,Centros poblados y rural disperso,Régimen subsidiado,Mar - May,0.0
2020,Centros poblados y rural disperso,Régimen subsidiado,Abr - Jun,0.0
2020,Centros poblados y rural disperso,Régimen subsidiado,May - Jul,2846.588
2020,Centros poblados y rural disperso,Régimen subsidiado,Jun - Ago,2950.0
2020,Centros poblados y rural disperso,Régimen subsidiado,Jul - Sep,2978.7793333333334
2020,Centros poblados y rural disperso,Régimen subsidiado,Ago - Oct,3131.0556666666666
2020,Centros poblados y rural disperso,Régimen subsidiado,Sep - Nov,3258.959666666667
2020,Centros poblados y rural disperso,Régimen subsidiado,Oct - Dic,3311.692333333334
2020,Centros poblados y rural disperso,Régimen subsidiado,Nov - Ene,3270.6373333333336
2020,Centros poblados y rural disperso,Régimen subsidiado,Dic - Feb,3267.646666666667
2021,Centros poblados y rural disperso,Régimen subsidiado,Ene - Mar,3241.4936666666667
2021,Centros poblados y rural disperso,Régimen subsidiado,Feb - Abr,3263.3873333333336
2021,Centros poblados y rural disperso,Régimen subsidiado,Mar - May,3240.513666666667
2021,Centros poblados y rural disperso,Régimen subsidiado,Abr - Jun,3257.347333333333
2021,Centros poblados y rural disperso,Régimen subsidiado,May - Jul,3322.509
2021,Centros poblados y rural disperso,Régimen subsidiado,Jun - Ago,3361.4486666666667
2021,Centros poblados y rural disperso,Régimen subsidiado,Jul - Sep,3367.345
2021,Centros poblados y rural disperso,Régimen subsidiado,Ago - Oct,3326.0579999999995
2021,Centros poblados y rural disperso,Régimen subsidiado,Sep - Nov,3323.2000000000003
2021,Centros poblados y rural disperso,Régimen subsidiado,Oct - Dic,3380.003666666666
2021,Centros poblados y rural disperso,Régimen subsidiado,Nov - Ene,3344.834666666667
2021,Centros poblados y rural disperso,Régimen subsidiado,Dic - Feb,3415.903333333333
2022,Centros poblados y rural disperso,Régimen subsidiado,Ene - Mar,3365.8770000000004
2022,Centros poblados y rural disperso,Régimen subsidiado,Feb - Abr,3494.306
2022,Centros poblados y rural disperso,Régimen subsidiado,Mar - May,3471.2666666666664
2022,Centros poblados y rural disperso,Régimen subsidiado,Abr - Jun,3491.5213333333336
2022,Centros poblados y rural disperso,Régimen subsidiado,May - Jul,3461.2736666666665
2022,Centros poblados y rural disperso,Régimen subsidiado,Jun - Ago,3454.4770000000003
2022,Centros poblados y rural disperso,Régimen subsidiado,Jul - Sep,3483.6336666666666
2022,Centros poblados y rural disperso,Régimen subsidiado,Ago - Oct,3475.694
2022,Centros poblados y rural disperso,Régimen subsidiado,Sep - Nov,3464.467
2022,Centros poblados y rural disperso,Régimen subsidiado,Oct - Dic,3468.637
2022,Centros poblados y rural disperso,Régimen subsidiado,Nov - Ene,3467.4096666666665
2022,Centros poblados y rural disperso,Régimen subsidiado,Dic - Feb,3518.5276666666664
2023,Centros poblados y rural disperso,Régimen subsidiado,Ene - Mar,3559.2076666666667
2023,Centros poblados y rural disperso,Régimen subsidiado,Feb - Abr,3636.5986666666668
2023,Centros poblados y rural disperso,Régimen subsidiado,Mar - May,3648.0163333333335
2023,Centros poblados y rural disperso,Régimen subsidiado,Abr - Jun,3575.672666666667
2023,Centros poblados y rural disperso,Régimen subsidiado,May - Jul,3527.634
2023,Centros poblados y rural disperso,Régimen subsidiado,Jun - Ago,3480.818
2023,Centros poblados y rural disperso,Régimen subsidiado,Jul - Sep,3531.946
2023,Centros poblados y rural disperso,Régimen subsidiado,Ago - Oct,3481.223
2023,Centros poblados y rural disperso,Régimen subsidiado,Sep - Nov,3439.504
2023,Centros poblados y rural disperso,Régimen subsidiado,Oct - Dic,3423.749
2023,Centros poblados y rural disperso,Régimen subsidiado,Nov - Ene,3427.617
2023,Centros poblados y rural disperso,Régimen subsidiado,Dic - Feb,3469.891
2024,Centros poblados y rural disperso,Régimen subsidiado,Ene - Mar,3486.699
2024,Centros poblados y rural disperso,Régimen subsidiado,Feb - Abr,3598.224
2024,Centros poblados y rural disperso,Régimen subsidiado,Mar - May,3616.285
2024,Centros poblados y rural disperso,Régimen subsidiado,Abr - Jun,3601.538
2024,Centros poblados y rural disperso,Régimen subsidiado,May - Jul,3554.424
2024,Centros poblados y rural disperso,Régimen subsidiado,Jun - Ago,3579.305
2024,Centros poblados y rural disperso,Régimen subsidiado,Jul - Sep,3603.618
2024,Centros poblados y rural disperso,Régimen subsidiado,Ago - Oct,3561.6
2024,Centros poblados y rural disperso,Régimen subsidiado,Sep - Nov,3528.936
2024,Centros poblados y rural disperso,Régimen subsidiado,Oct - Dic,3563.117
2024,Centros poblados y rural disperso,Régimen subsidiado,Nov - Ene,3601.932
2024,Centros poblados y rural disperso,Régimen subsidiado,Dic - Feb,3703.845
2025,Centros poblados y rural disperso,Régimen subsidiado,Ene - Mar,3693.294
2025,Centros poblados y rural disperso,Régimen subsidiado,Feb - Abr,3746.608
2025,Centros poblados y rural disperso,Régimen subsidiado,Mar - May,3657.675
2025,Centros poblados y rural disperso,Régimen subsidiado,Abr - Jun,3651.963
2025,Centros poblados y rural disperso,Régimen subsidiado,May - Jul,3639.887
2025,Centros poblados y rural disperso,Régimen subsidiado,Jun - Ago,3613.861
2025,Centros poblados y rural disperso,Régimen subsidiado,Jul - Sep,3648.77
2025,Centros poblados y rural disperso,Régimen subsidiado,Ago - Oct,3596.432
2025,Centros poblados y rural disperso,Régimen subsidiado,Sep - Nov,3700.05
2025,Centros poblados y rural disperso,Régimen subsidiado,Oct - Dic,3646.583
2025,Centros poblados y rural disperso,Régimen subsidiado,Nov - Ene,3703.013
2025,Centros poblados y rural disperso,Régimen subsidiado,Dic - Feb,3680.772
2026,Centros poblados y rural disperso,Régimen subsidiado,Ene - Mar,3730.344
2026,Centros poblados y rural disperso,Régimen subsidiado,Feb - Abr,3706.436
2007,Centros poblados y rural disperso,No sabe,Ene - Mar,0.882
2007,Centros poblados y rural disperso,No sabe,Feb - Abr,0.882
2007,Centros poblados y rural disperso,No sabe,Mar - May,4.123666666666667
2007,Centros poblados y rural disperso,No sabe,Abr - Jun,4.123666666666667
2007,Centros poblados y rural disperso,No sabe,May - Jul,5.3133333333333335
2007,Centros poblados y rural disperso,No sabe,Jun - Ago,2.0323333333333333
2007,Centros poblados y rural disperso,No sabe,Jul - Sep,2.0323333333333333
2007,Centros poblados y rural disperso,No sabe,Ago - Oct,1.2306666666666668
2007,Centros poblados y rural disperso,No sabe,Sep - Nov,3.1606666666666663
2007,Centros poblados y rural disperso,No sabe,Oct - Dic,3.1606666666666663
2007,Centros poblados y rural disperso,No sabe,Nov - Ene,2.7726666666666664
2007,Centros poblados y rural disperso,No sabe,Dic - Feb,0.241
2008,Centros poblados y rural disperso,No sabe,Ene - Mar,0.5556666666666666
2008,Centros poblados y rural disperso,No sabe,Feb - Abr,0.9296666666666665
2008,Centros poblados y rural disperso,No sabe,Mar - May,0.6886666666666666
2008,Centros poblados y rural disperso,No sabe,Abr - Jun,1.7779999999999998
2008,Centros poblados y rural disperso,No sabe,May - Jul,2.0686666666666667
2008,Centros poblados y rural disperso,No sabe,Jun - Ago,2.0686666666666667
2008,Centros poblados y rural disperso,No sabe,Jul - Sep,0.6646666666666666
2008,Centros poblados y rural disperso,No sabe,Ago - Oct,0.0
2008,Centros poblados y rural disperso,No sabe,Sep - Nov,0.0
2008,Centros poblados y rural disperso,No sabe,Oct - Dic,0.23766666666666666
2008,Centros poblados y rural disperso,No sabe,Nov - Ene,0.23766666666666666
2008,Centros poblados y rural disperso,No sabe,Dic - Feb,0.23766666666666666
2009,Centros poblados y rural disperso,No sabe,Ene - Mar,0.0
2009,Centros poblados y rural disperso,No sabe,Feb - Abr,0.0
2009,Centros poblados y rural disperso,No sabe,Mar - May,0.0
2009,Centros poblados y rural disperso,No sabe,Abr - Jun,0.0
2009,Centros poblados y rural disperso,No sabe,May - Jul,0.0
2009,Centros poblados y rural disperso,No sabe,Jun - Ago,0.0
2009,Centros poblados y rural disperso,No sabe,Jul - Sep,0.0
2009,Centros poblados y rural disperso,No sabe,Ago - Oct,0.0
2009,Centros poblados y rural disperso,No sabe,Sep - Nov,0.0
2009,Centros poblados y rural disperso,No sabe,Oct - Dic,0.0
2009,Centros poblados y rural disperso,No sabe,Nov - Ene,0.0
2009,Centros poblados y rural disperso,No sabe,Dic - Feb,0.0
2010,Centros poblados y rural disperso,No sabe,Ene - Mar,0.0
2010,Centros poblados y rural disperso,No sabe,Feb - Abr,0.0
2010,Centros poblados y rural disperso,No sabe,Mar - May,0.0
2010,Centros poblados y rural disperso,No sabe,Abr - Jun,1.244
2010,Centros poblados y rural disperso,No sabe,May - Jul,1.244
2010,Centros poblados y rural disperso,No sabe,Jun - Ago,1.244
2010,Centros poblados y rural disperso,No sabe,Jul - Sep,0.0
2010,Centros poblados y rural disperso,No sabe,Ago - Oct,0.8813333333333334
2010,Centros poblados y rural disperso,No sabe,Sep - Nov,0.8813333333333334
2010,Centros poblados y rural disperso,No sabe,Oct - Dic,0.8813333333333334
2010,Centros poblados y rural disperso,No sabe,Nov - Ene,0.0
2010,Centros poblados y rural disperso,No sabe,Dic - Feb,0.0
2011,Centros poblados y rural disperso,No sabe,Ene - Mar,0.0
2011,Centros poblados y rural disperso,No sabe,Feb - Abr,0.0
2011,Centros poblados y rural disperso,No sabe,Mar - May,0.314
2011,Centros poblados y rural disperso,No sabe,Abr - Jun,0.314
2011,Centros poblados y rural disperso,No sabe,May - Jul,0.314
2011,Centros poblados y rural disperso,No sabe,Jun - Ago,0.0
2011,Centros poblados y rural disperso,No sabe,Jul - Sep,0.47300000000000003
2011,Centros poblados y rural disperso,No sabe,Ago - Oct,0.47300000000000003
2011,Centros poblados y rural disperso,No sabe,Sep - Nov,1.3213333333333332
2011,Centros poblados y rural disperso,No sabe,Oct - Dic,0.8483333333333333
2011,Centros poblados y rural disperso,No sabe,Nov - Ene,0.8483333333333333
2011,Centros poblados y rural disperso,No sabe,Dic - Feb,0.0
2012,Centros poblados y rural disperso,No sabe,Ene - Mar,0.0
2012,Centros poblados y rural disperso,No sabe,Feb - Abr,0.4603333333333333
2012,Centros poblados y rural disperso,No sabe,Mar - May,0.4603333333333333
2012,Centros poblados y rural disperso,No sabe,Abr - Jun,0.4603333333333333
2012,Centros poblados y rural disperso,No sabe,May - Jul,0.0
2012,Centros poblados y rural disperso,No sabe,Jun - Ago,0.3343333333333333
2012,Centros poblados y rural disperso,No sabe,Jul - Sep,1.1769999999999998
2012,Centros poblados y rural disperso,No sabe,Ago - Oct,1.1769999999999998
2012,Centros poblados y rural disperso,No sabe,Sep - Nov,0.8426666666666667
2012,Centros poblados y rural disperso,No sabe,Oct - Dic,1.5443333333333333
2012,Centros poblados y rural disperso,No sabe,Nov - Ene,4.002
2012,Centros poblados y rural disperso,No sabe,Dic - Feb,4.002
2013,Centros poblados y rural disperso,No sabe,Ene - Mar,2.457666666666667
2013,Centros poblados y rural disperso,No sabe,Feb - Abr,1.1506666666666667
2013,Centros poblados y rural disperso,No sabe,Mar - May,1.9923333333333335
2013,Centros poblados y rural disperso,No sabe,Abr - Jun,1.9923333333333335
2013,Centros poblados y rural disperso,No sabe,May - Jul,0.8416666666666667
2013,Centros poblados y rural disperso,No sabe,Jun - Ago,0.657
2013,Centros poblados y rural disperso,No sabe,Jul - Sep,1.407
2013,Centros poblados y rural disperso,No sabe,Ago - Oct,2.9090000000000003
2013,Centros poblados y rural disperso,No sabe,Sep - Nov,2.3850000000000002
2013,Centros poblados y rural disperso,No sabe,Oct - Dic,2.832333333333333
2013,Centros poblados y rural disperso,No sabe,Nov - Ene,2.1073333333333335
2013,Centros poblados y rural disperso,No sabe,Dic - Feb,2.514
2014,Centros poblados y rural disperso,No sabe,Ene - Mar,2.824333333333333
2014,Centros poblados y rural disperso,No sabe,Feb - Abr,2.047333333333333
2014,Centros poblados y rural disperso,No sabe,Mar - May,2.9163333333333328
2014,Centros poblados y rural disperso,No sabe,Abr - Jun,2.627333333333333
2014,Centros poblados y rural disperso,No sabe,May - Jul,2.627333333333333
2014,Centros poblados y rural disperso,No sabe,Jun - Ago,1.2186666666666668
2014,Centros poblados y rural disperso,No sabe,Jul - Sep,0.2743333333333333
2014,Centros poblados y rural disperso,No sabe,Ago - Oct,2.3356666666666666
2014,Centros poblados y rural disperso,No sabe,Sep - Nov,5.4239999999999995
2014,Centros poblados y rural disperso,No sabe,Oct - Dic,5.1496666666666675
2014,Centros poblados y rural disperso,No sabe,Nov - Ene,3.5860000000000003
2014,Centros poblados y rural disperso,No sabe,Dic - Feb,2.448
2015,Centros poblados y rural disperso,No sabe,Ene - Mar,3.119666666666667
2015,Centros poblados y rural disperso,No sabe,Feb - Abr,2.622
2015,Centros poblados y rural disperso,No sabe,Mar - May,2.109
2015,Centros poblados y rural disperso,No sabe,Abr - Jun,1.4373333333333334
2015,Centros poblados y rural disperso,No sabe,May - Jul,3.7840000000000003
2015,Centros poblados y rural disperso,No sabe,Jun - Ago,3.7433333333333336
2015,Centros poblados y rural disperso,No sabe,Jul - Sep,3.7433333333333336
2015,Centros poblados y rural disperso,No sabe,Ago - Oct,1.3966666666666667
2015,Centros poblados y rural disperso,No sabe,Sep - Nov,2.1999999999999997
2015,Centros poblados y rural disperso,No sabe,Oct - Dic,2.9226666666666667
2015,Centros poblados y rural disperso,No sabe,Nov - Ene,3.3563333333333336
2015,Centros poblados y rural disperso,No sabe,Dic - Feb,2.0686666666666667
2016,Centros poblados y rural disperso,No sabe,Ene - Mar,1.346
2016,Centros poblados y rural disperso,No sabe,Feb - Abr,0.9123333333333333
2016,Centros poblados y rural disperso,No sabe,Mar - May,2.181
2016,Centros poblados y rural disperso,No sabe,Abr - Jun,2.536
2016,Centros poblados y rural disperso,No sabe,May - Jul,4.423666666666667
2016,Centros poblados y rural disperso,No sabe,Jun - Ago,2.2426666666666666
2016,Centros poblados y rural disperso,No sabe,Jul - Sep,2.4476666666666667
2016,Centros poblados y rural disperso,No sabe,Ago - Oct,0.5599999999999999
2016,Centros poblados y rural disperso,No sabe,Sep - Nov,1.8019999999999998
2016,Centros poblados y rural disperso,No sabe,Oct - Dic,1.9900000000000002
2016,Centros poblados y rural disperso,No sabe,Nov - Ene,1.9900000000000002
2016,Centros poblados y rural disperso,No sabe,Dic - Feb,0.7480000000000001
2017,Centros poblados y rural disperso,No sabe,Ene - Mar,1.3383333333333332
2017,Centros poblados y rural disperso,No sabe,Feb - Abr,1.7373333333333332
2017,Centros poblados y rural disperso,No sabe,Mar - May,2.0963333333333334
2017,Centros poblados y rural disperso,No sabe,Abr - Jun,1.143
2017,Centros poblados y rural disperso,No sabe,May - Jul,0.7440000000000001
2017,Centros poblados y rural disperso,No sabe,Jun - Ago,0.385
2017,Centros poblados y rural disperso,No sabe,Jul - Sep,0.0
2017,Centros poblados y rural disperso,No sabe,Ago - Oct,0.326
2017,Centros poblados y rural disperso,No sabe,Sep - Nov,1.8553333333333333
2017,Centros poblados y rural disperso,No sabe,Oct - Dic,2.5246666666666666
2017,Centros poblados y rural disperso,No sabe,Nov - Ene,2.505333333333333
2017,Centros poblados y rural disperso,No sabe,Dic - Feb,1.3259999999999998
2018,Centros poblados y rural disperso,No sabe,Ene - Mar,0.6566666666666667
2018,Centros poblados y rural disperso,No sabe,Feb - Abr,2.4233333333333333
2018,Centros poblados y rural disperso,No sabe,Mar - May,2.0733333333333333
2018,Centros poblados y rural disperso,No sabe,Abr - Jun,2.6959999999999997
2018,Centros poblados y rural disperso,No sabe,May - Jul,1.6663333333333332
2018,Centros poblados y rural disperso,No sabe,Jun - Ago,2.1136666666666666
2018,Centros poblados y rural disperso,No sabe,Jul - Sep,2.526333333333333
2018,Centros poblados y rural disperso,No sabe,Ago - Oct,1.603
2018,Centros poblados y rural disperso,No sabe,Sep - Nov,1.1556666666666666
2018,Centros poblados y rural disperso,No sabe,Oct - Dic,0.12033333333333333
2018,Centros poblados y rural disperso,No sabe,Nov - Ene,0.0
2018,Centros poblados y rural disperso,No sabe,Dic - Feb,0.7766666666666667
2019,Centros poblados y rural disperso,No sabe,Ene - Mar,1.1733333333333333
2019,Centros poblados y rural disperso,No sabe,Feb - Abr,1.1733333333333333
2019,Centros poblados y rural disperso,No sabe,Mar - May,2.9436666666666667
2019,Centros poblados y rural disperso,No sabe,Abr - Jun,2.547
2019,Centros poblados y rural disperso,No sabe,May - Jul,2.547
2019,Centros poblados y rural disperso,No sabe,Jun - Ago,0.0
2019,Centros poblados y rural disperso,No sabe,Jul - Sep,3.2086666666666663
2019,Centros poblados y rural disperso,No sabe,Ago - Oct,3.2086666666666663
2019,Centros poblados y rural disperso,No sabe,Sep - Nov,3.2086666666666663
2019,Centros poblados y rural disperso,No sabe,Oct - Dic,0.0
2019,Centros poblados y rural disperso,No sabe,Nov - Ene,2.8676666666666666
2019,Centros poblados y rural disperso,No sabe,Dic - Feb,4.290333333333333
2020,Centros poblados y rural disperso,No sabe,Ene - Mar,0.0
2020,Centros poblados y rural disperso,No sabe,Feb - Abr,0.0
2020,Centros poblados y rural disperso,No sabe,Mar - May,0.0
2020,Centros poblados y rural disperso,No sabe,Abr - Jun,0.0
2020,Centros poblados y rural disperso,No sabe,May - Jul,2.0646666666666667
2020,Centros poblados y rural disperso,No sabe,Jun - Ago,2.0646666666666667
2020,Centros poblados y rural disperso,No sabe,Jul - Sep,2.3733333333333335
2020,Centros poblados y rural disperso,No sabe,Ago - Oct,1.0986666666666667
2020,Centros poblados y rural disperso,No sabe,Sep - Nov,1.5126666666666668
2020,Centros poblados y rural disperso,No sabe,Oct - Dic,2.243
2020,Centros poblados y rural disperso,No sabe,Nov - Ene,3.911
2020,Centros poblados y rural disperso,No sabe,Dic - Feb,7.157333333333334
2021,Centros poblados y rural disperso,No sabe,Ene - Mar,9.211
2021,Centros poblados y rural disperso,No sabe,Feb - Abr,12.988666666666667
2021,Centros poblados y rural disperso,No sabe,Mar - May,11.123333333333333
2021,Centros poblados y rural disperso,No sabe,Abr - Jun,10.641333333333334
2021,Centros poblados y rural disperso,No sabe,May - Jul,7.345999999999999
2021,Centros poblados y rural disperso,No sabe,Jun - Ago,7.108
2021,Centros poblados y rural disperso,No sabe,Jul - Sep,6.367
2021,Centros poblados y rural disperso,No sabe,Ago - Oct,4.4270000000000005
2021,Centros poblados y rural disperso,No sabe,Sep - Nov,5.9223333333333334
2021,Centros poblados y rural disperso,No sabe,Oct - Dic,10.234
2021,Centros poblados y rural disperso,No sabe,Nov - Ene,11.008000000000001
2021,Centros poblados y rural disperso,No sabe,Dic - Feb,10.171666666666667
2022,Centros poblados y rural disperso,No sabe,Ene - Mar,7.4639999999999995
2022,Centros poblados y rural disperso,No sabe,Feb - Abr,8.262333333333332
2022,Centros poblados y rural disperso,No sabe,Mar - May,7.060666666666666
2022,Centros poblados y rural disperso,No sabe,Abr - Jun,8.094999999999999
2022,Centros poblados y rural disperso,No sabe,May - Jul,8.933666666666667
2022,Centros poblados y rural disperso,No sabe,Jun - Ago,8.483666666666666
2022,Centros poblados y rural disperso,No sabe,Jul - Sep,5.6176666666666675
2022,Centros poblados y rural disperso,No sabe,Ago - Oct,4.625
2022,Centros poblados y rural disperso,No sabe,Sep - Nov,7.144333333333333
2022,Centros poblados y rural disperso,No sabe,Oct - Dic,7.553
2022,Centros poblados y rural disperso,No sabe,Nov - Ene,6.280333333333332
2022,Centros poblados y rural disperso,No sabe,Dic - Feb,3.438
2023,Centros poblados y rural disperso,No sabe,Ene - Mar,2.388666666666667
2023,Centros poblados y rural disperso,No sabe,Feb - Abr,2.8766666666666665
2023,Centros poblados y rural disperso,No sabe,Mar - May,3.5416666666666665
2023,Centros poblados y rural disperso,No sabe,Abr - Jun,3.076333333333334
2023,Centros poblados y rural disperso,No sabe,May - Jul,3.897
2023,Centros poblados y rural disperso,No sabe,Jun - Ago,3.872
2023,Centros poblados y rural disperso,No sabe,Jul - Sep,4.709
2023,Centros poblados y rural disperso,No sabe,Ago - Oct,4.453
2023,Centros poblados y rural disperso,No sabe,Sep - Nov,6.621
2023,Centros poblados y rural disperso,No sabe,Oct - Dic,6.113
2023,Centros poblados y rural disperso,No sabe,Nov - Ene,4.386
2023,Centros poblados y rural disperso,No sabe,Dic - Feb,4.233
2024,Centros poblados y rural disperso,No sabe,Ene - Mar,6.001
2024,Centros poblados y rural disperso,No sabe,Feb - Abr,5.927
2024,Centros poblados y rural disperso,No sabe,Mar - May,4.403
2024,Centros poblados y rural disperso,No sabe,Abr - Jun,2.278
2024,Centros poblados y rural disperso,No sabe,May - Jul,1.959
2024,Centros poblados y rural disperso,No sabe,Jun - Ago,5.463
2024,Centros poblados y rural disperso,No sabe,Jul - Sep,6.112
2024,Centros poblados y rural disperso,No sabe,Ago - Oct,10.113
2024,Centros poblados y rural disperso,No sabe,Sep - Nov,5.873
2024,Centros poblados y rural disperso,No sabe,Oct - Dic,7.109
2024,Centros poblados y rural disperso,No sabe,Nov - Ene,6.17
2024,Centros poblados y rural disperso,No sabe,Dic - Feb,6.664
2025,Centros poblados y rural disperso,No sabe,Ene - Mar,5.254
2025,Centros poblados y rural disperso,No sabe,Feb - Abr,2.114
2025,Centros poblados y rural disperso,No sabe,Mar - May,2.544
2025,Centros poblados y rural disperso,No sabe,Abr - Jun,2.48
2025,Centros poblados y rural disperso,No sabe,May - Jul,3.766
2025,Centros poblados y rural disperso,No sabe,Jun - Ago,2.205
2025,Centros poblados y rural disperso,No sabe,Jul - Sep,1.685
2025,Centros poblados y rural disperso,No sabe,Ago - Oct,2.571
2025,Centros poblados y rural disperso,No sabe,Sep - Nov,3.723
2025,Centros poblados y rural disperso,No sabe,Oct - Dic,11.388
2025,Centros poblados y rural disperso,No sabe,Nov - Ene,9.215
2025,Centros poblados y rural disperso,No sabe,Dic - Feb,9.263
2026,Centros poblados y rural disperso,No sabe,Ene - Mar,3.906
2026,Centros poblados y rural disperso,No sabe,Feb - Abr,7.637
2007,Centros poblados y rural disperso,Cotiza a pensión,Ene - Mar,287.81033333333335
2007,Centros poblados y rural disperso,Cotiza a pensión,Feb - Abr,298.94666666666666
2007,Centros poblados y rural disperso,Cotiza a pensión,Mar - May,348.86400000000003
2007,Centros poblados y rural disperso,Cotiza a pensión,Abr - Jun,402.3096666666667
2007,Centros poblados y rural disperso,Cotiza a pensión,May - Jul,464.2273333333333
2007,Centros poblados y rural disperso,Cotiza a pensión,Jun - Ago,467.38933333333335
2007,Centros poblados y rural disperso,Cotiza a pensión,Jul - Sep,495.5183333333334
2007,Centros poblados y rural disperso,Cotiza a pensión,Ago - Oct,446.68833333333333
2007,Centros poblados y rural disperso,Cotiza a pensión,Sep - Nov,479.75066666666663
2007,Centros poblados y rural disperso,Cotiza a pensión,Oct - Dic,442.5653333333333
2007,Centros poblados y rural disperso,Cotiza a pensión,Nov - Ene,412.455
2007,Centros poblados y rural disperso,Cotiza a pensión,Dic - Feb,327.14166666666665
2008,Centros poblados y rural disperso,Cotiza a pensión,Ene - Mar,324.308
2008,Centros poblados y rural disperso,Cotiza a pensión,Feb - Abr,330.675
2008,Centros poblados y rural disperso,Cotiza a pensión,Mar - May,344.1786666666667
2008,Centros poblados y rural disperso,Cotiza a pensión,Abr - Jun,336.42333333333335
2008,Centros poblados y rural disperso,Cotiza a pensión,May - Jul,416.92733333333337
2008,Centros poblados y rural disperso,Cotiza a pensión,Jun - Ago,435.48533333333336
2008,Centros poblados y rural disperso,Cotiza a pensión,Jul - Sep,517.513
2008,Centros poblados y rural disperso,Cotiza a pensión,Ago - Oct,411.75500000000005
2008,Centros poblados y rural disperso,Cotiza a pensión,Sep - Nov,474.27299999999997
2008,Centros poblados y rural disperso,Cotiza a pensión,Oct - Dic,406.25633333333326
2008,Centros poblados y rural disperso,Cotiza a pensión,Nov - Ene,400.259
2008,Centros poblados y rural disperso,Cotiza a pensión,Dic - Feb,337.7193333333333
2009,Centros poblados y rural disperso,Cotiza a pensión,Ene - Mar,362.79833333333335
2009,Centros poblados y rural disperso,Cotiza a pensión,Feb - Abr,430.728
2009,Centros poblados y rural disperso,Cotiza a pensión,Mar - May,513.9119999999999
2009,Centros poblados y rural disperso,Cotiza a pensión,Abr - Jun,485.296
2009,Centros poblados y rural disperso,Cotiza a pensión,May - Jul,504.87966666666665
2009,Centros poblados y rural disperso,Cotiza a pensión,Jun - Ago,419.30999999999995
2009,Centros poblados y rural disperso,Cotiza a pensión,Jul - Sep,435.77866666666665
2009,Centros poblados y rural disperso,Cotiza a pensión,Ago - Oct,395.47700000000003
2009,Centros poblados y rural disperso,Cotiza a pensión,Sep - Nov,380.4943333333333
2009,Centros poblados y rural disperso,Cotiza a pensión,Oct - Dic,389.3923333333334
2009,Centros poblados y rural disperso,Cotiza a pensión,Nov - Ene,366.48199999999997
2009,Centros poblados y rural disperso,Cotiza a pensión,Dic - Feb,404.25033333333334
2010,Centros poblados y rural disperso,Cotiza a pensión,Ene - Mar,427.81333333333333
2010,Centros poblados y rural disperso,Cotiza a pensión,Feb - Abr,475.21166666666664
2010,Centros poblados y rural disperso,Cotiza a pensión,Mar - May,543.6419999999999
2010,Centros poblados y rural disperso,Cotiza a pensión,Abr - Jun,503.412
2010,Centros poblados y rural disperso,Cotiza a pensión,May - Jul,553.495
2010,Centros poblados y rural disperso,Cotiza a pensión,Jun - Ago,469.52266666666657
2010,Centros poblados y rural disperso,Cotiza a pensión,Jul - Sep,481.87533333333334
2010,Centros poblados y rural disperso,Cotiza a pensión,Ago - Oct,436.50066666666663
2010,Centros poblados y rural disperso,Cotiza a pensión,Sep - Nov,432.01966666666675
2010,Centros poblados y rural disperso,Cotiza a pensión,Oct - Dic,436.25666666666666
2010,Centros poblados y rural disperso,Cotiza a pensión,Nov - Ene,388.4746666666667
2010,Centros poblados y rural disperso,Cotiza a pensión,Dic - Feb,416.41866666666664
2011,Centros poblados y rural disperso,Cotiza a pensión,Ene - Mar,455.33733333333333
2011,Centros poblados y rural disperso,Cotiza a pensión,Feb - Abr,522.5606666666666
2011,Centros poblados y rural disperso,Cotiza a pensión,Mar - May,560.414
2011,Centros poblados y rural disperso,Cotiza a pensión,Abr - Jun,527.1016666666666
2011,Centros poblados y rural disperso,Cotiza a pensión,May - Jul,515.1513333333334
2011,Centros poblados y rural disperso,Cotiza a pensión,Jun - Ago,511.6846666666667
2011,Centros poblados y rural disperso,Cotiza a pensión,Jul - Sep,521.1703333333334
2011,Centros poblados y rural disperso,Cotiza a pensión,Ago - Oct,490.43966666666665
2011,Centros poblados y rural disperso,Cotiza a pensión,Sep - Nov,442.334
2011,Centros poblados y rural disperso,Cotiza a pensión,Oct - Dic,447.759
2011,Centros poblados y rural disperso,Cotiza a pensión,Nov - Ene,440.35633333333334
2011,Centros poblados y rural disperso,Cotiza a pensión,Dic - Feb,474.58666666666676
2012,Centros poblados y rural disperso,Cotiza a pensión,Ene - Mar,503.1856666666667
2012,Centros poblados y rural disperso,Cotiza a pensión,Feb - Abr,567.5793333333332
2012,Centros poblados y rural disperso,Cotiza a pensión,Mar - May,612.323
2012,Centros poblados y rural disperso,Cotiza a pensión,Abr - Jun,539.0576666666667
2012,Centros poblados y rural disperso,Cotiza a pensión,May - Jul,511.8863333333333
2012,Centros poblados y rural disperso,Cotiza a pensión,Jun - Ago,447.47599999999994
2012,Centros poblados y rural disperso,Cotiza a pensión,Jul - Sep,460.24600000000004
2012,Centros poblados y rural disperso,Cotiza a pensión,Ago - Oct,492.50966666666665
2012,Centros poblados y rural disperso,Cotiza a pensión,Sep - Nov,457.047
2012,Centros poblados y rural disperso,Cotiza a pensión,Oct - Dic,472.17266666666666
2012,Centros poblados y rural disperso,Cotiza a pensión,Nov - Ene,395.22333333333336
2012,Centros poblados y rural disperso,Cotiza a pensión,Dic - Feb,453.2926666666667
2013,Centros poblados y rural disperso,Cotiza a pensión,Ene - Mar,494.37899999999996
2013,Centros poblados y rural disperso,Cotiza a pensión,Feb - Abr,589.6133333333333
2013,Centros poblados y rural disperso,Cotiza a pensión,Mar - May,621.8666666666667
2013,Centros poblados y rural disperso,Cotiza a pensión,Abr - Jun,601.93
2013,Centros poblados y rural disperso,Cotiza a pensión,May - Jul,604.822
2013,Centros poblados y rural disperso,Cotiza a pensión,Jun - Ago,580.8773333333334
2013,Centros poblados y rural disperso,Cotiza a pensión,Jul - Sep,578.1426666666667
2013,Centros poblados y rural disperso,Cotiza a pensión,Ago - Oct,555.7943333333334
2013,Centros poblados y rural disperso,Cotiza a pensión,Sep - Nov,548.122
2013,Centros poblados y rural disperso,Cotiza a pensión,Oct - Dic,569.9546666666666
2013,Centros poblados y rural disperso,Cotiza a pensión,Nov - Ene,521.074
2013,Centros poblados y rural disperso,Cotiza a pensión,Dic - Feb,565.5873333333334
2014,Centros poblados y rural disperso,Cotiza a pensión,Ene - Mar,604.2860000000001
2014,Centros poblados y rural disperso,Cotiza a pensión,Feb - Abr,682.0083333333333
2014,Centros poblados y rural disperso,Cotiza a pensión,Mar - May,692.5219999999999
2014,Centros poblados y rural disperso,Cotiza a pensión,Abr - Jun,625.5723333333333
2014,Centros poblados y rural disperso,Cotiza a pensión,May - Jul,611.1053333333333
2014,Centros poblados y rural disperso,Cotiza a pensión,Jun - Ago,558.2189999999999
2014,Centros poblados y rural disperso,Cotiza a pensión,Jul - Sep,580.3126666666667
2014,Centros poblados y rural disperso,Cotiza a pensión,Ago - Oct,601.848
2014,Centros poblados y rural disperso,Cotiza a pensión,Sep - Nov,596.6386666666667
2014,Centros poblados y rural disperso,Cotiza a pensión,Oct - Dic,617.2213333333333
2014,Centros poblados y rural disperso,Cotiza a pensión,Nov - Ene,528.0156666666667
2014,Centros poblados y rural disperso,Cotiza a pensión,Dic - Feb,538.831
2015,Centros poblados y rural disperso,Cotiza a pensión,Ene - Mar,524.9996666666667
2015,Centros poblados y rural disperso,Cotiza a pensión,Feb - Abr,627.0193333333333
2015,Centros poblados y rural disperso,Cotiza a pensión,Mar - May,672.2773333333333
2015,Centros poblados y rural disperso,Cotiza a pensión,Abr - Jun,665.7153333333334
2015,Centros poblados y rural disperso,Cotiza a pensión,May - Jul,628.2500000000001
2015,Centros poblados y rural disperso,Cotiza a pensión,Jun - Ago,581.668
2015,Centros poblados y rural disperso,Cotiza a pensión,Jul - Sep,570.7623333333333
2015,Centros poblados y rural disperso,Cotiza a pensión,Ago - Oct,599.2306666666667
2015,Centros poblados y rural disperso,Cotiza a pensión,Sep - Nov,573.1316666666667
2015,Centros poblados y rural disperso,Cotiza a pensión,Oct - Dic,628.166
2015,Centros poblados y rural disperso,Cotiza a pensión,Nov - Ene,548.0966666666667
2015,Centros poblados y rural disperso,Cotiza a pensión,Dic - Feb,609.4113333333333
2016,Centros poblados y rural disperso,Cotiza a pensión,Ene - Mar,633.7766666666666
2016,Centros poblados y rural disperso,Cotiza a pensión,Feb - Abr,726.0596666666667
2016,Centros poblados y rural disperso,Cotiza a pensión,Mar - May,766.5196666666667
2016,Centros poblados y rural disperso,Cotiza a pensión,Abr - Jun,703.7356666666666
2016,Centros poblados y rural disperso,Cotiza a pensión,May - Jul,709.2156666666666
2016,Centros poblados y rural disperso,Cotiza a pensión,Jun - Ago,665.863
2016,Centros poblados y rural disperso,Cotiza a pensión,Jul - Sep,684.372
2016,Centros poblados y rural disperso,Cotiza a pensión,Ago - Oct,684.7436666666667
2016,Centros poblados y rural disperso,Cotiza a pensión,Sep - Nov,660.8796666666667
2016,Centros poblados y rural disperso,Cotiza a pensión,Oct - Dic,685.1913333333333
2016,Centros poblados y rural disperso,Cotiza a pensión,Nov - Ene,606.0993333333334
2016,Centros poblados y rural disperso,Cotiza a pensión,Dic - Feb,671.1186666666667
2017,Centros poblados y rural disperso,Cotiza a pensión,Ene - Mar,714.0936666666666
2017,Centros poblados y rural disperso,Cotiza a pensión,Feb - Abr,792.0236666666666
2017,Centros poblados y rural disperso,Cotiza a pensión,Mar - May,781.1696666666667
2017,Centros poblados y rural disperso,Cotiza a pensión,Abr - Jun,736.7326666666667
2017,Centros poblados y rural disperso,Cotiza a pensión,May - Jul,725.1823333333333
2017,Centros poblados y rural disperso,Cotiza a pensión,Jun - Ago,721.5536666666667
2017,Centros poblados y rural disperso,Cotiza a pensión,Jul - Sep,705.239
2017,Centros poblados y rural disperso,Cotiza a pensión,Ago - Oct,720.0189999999999
2017,Centros poblados y rural disperso,Cotiza a pensión,Sep - Nov,656.472
2017,Centros poblados y rural disperso,Cotiza a pensión,Oct - Dic,658.234
2017,Centros poblados y rural disperso,Cotiza a pensión,Nov - Ene,572.601
2017,Centros poblados y rural disperso,Cotiza a pensión,Dic - Feb,656.1123333333334
2018,Centros poblados y rural disperso,Cotiza a pensión,Ene - Mar,686.1606666666667
2018,Centros poblados y rural disperso,Cotiza a pensión,Feb - Abr,820.9920000000001
2018,Centros poblados y rural disperso,Cotiza a pensión,Mar - May,803.9946666666666
2018,Centros poblados y rural disperso,Cotiza a pensión,Abr - Jun,769.7296666666667
2018,Centros poblados y rural disperso,Cotiza a pensión,May - Jul,723.872
2018,Centros poblados y rural disperso,Cotiza a pensión,Jun - Ago,713.5113333333333
2018,Centros poblados y rural disperso,Cotiza a pensión,Jul - Sep,703.0976666666667
2018,Centros poblados y rural disperso,Cotiza a pensión,Ago - Oct,669.6333333333333
2018,Centros poblados y rural disperso,Cotiza a pensión,Sep - Nov,610.7103333333333
2018,Centros poblados y rural disperso,Cotiza a pensión,Oct - Dic,659.2563333333334
2018,Centros poblados y rural disperso,Cotiza a pensión,Nov - Ene,590.1043333333333
2018,Centros poblados y rural disperso,Cotiza a pensión,Dic - Feb,663.403
2019,Centros poblados y rural disperso,Cotiza a pensión,Ene - Mar,674.0033333333332
2019,Centros poblados y rural disperso,Cotiza a pensión,Feb - Abr,791.0
2019,Centros poblados y rural disperso,Cotiza a pensión,Mar - May,819.8543333333333
2019,Centros poblados y rural disperso,Cotiza a pensión,Abr - Jun,798.3883333333333
2019,Centros poblados y rural disperso,Cotiza a pensión,May - Jul,747.7373333333334
2019,Centros poblados y rural disperso,Cotiza a pensión,Jun - Ago,683.7040000000001
2019,Centros poblados y rural disperso,Cotiza a pensión,Jul - Sep,660.16
2019,Centros poblados y rural disperso,Cotiza a pensión,Ago - Oct,674.909
2019,Centros poblados y rural disperso,Cotiza a pensión,Sep - Nov,646.116
2019,Centros poblados y rural disperso,Cotiza a pensión,Oct - Dic,665.832
2019,Centros poblados y rural disperso,Cotiza a pensión,Nov - Ene,592.2546666666666
2019,Centros poblados y rural disperso,Cotiza a pensión,Dic - Feb,677.054
2020,Centros poblados y rural disperso,Cotiza a pensión,Ene - Mar,0.0
2020,Centros poblados y rural disperso,Cotiza a pensión,Feb - Abr,0.0
2020,Centros poblados y rural disperso,Cotiza a pensión,Mar - May,0.0
2020,Centros poblados y rural disperso,Cotiza a pensión,Abr - Jun,0.0
2020,Centros poblados y rural disperso,Cotiza a pensión,May - Jul,583.5659999999999
2020,Centros poblados y rural disperso,Cotiza a pensión,Jun - Ago,585.303
2020,Centros poblados y rural disperso,Cotiza a pensión,Jul - Sep,610.922
2020,Centros poblados y rural disperso,Cotiza a pensión,Ago - Oct,665.445
2020,Centros poblados y rural disperso,Cotiza a pensión,Sep - Nov,637.0606666666666
2020,Centros poblados y rural disperso,Cotiza a pensión,Oct - Dic,625.7236666666666
2020,Centros poblados y rural disperso,Cotiza a pensión,Nov - Ene,582.9513333333333
2020,Centros poblados y rural disperso,Cotiza a pensión,Dic - Feb,592.3123333333333
2021,Centros poblados y rural disperso,Cotiza a pensión,Ene - Mar,594.804
2021,Centros poblados y rural disperso,Cotiza a pensión,Feb - Abr,624.7253333333333
2021,Centros poblados y rural disperso,Cotiza a pensión,Mar - May,612.0536666666667
2021,Centros poblados y rural disperso,Cotiza a pensión,Abr - Jun,601.5753333333333
2021,Centros poblados y rural disperso,Cotiza a pensión,May - Jul,574.1006666666667
2021,Centros poblados y rural disperso,Cotiza a pensión,Jun - Ago,568.274
2021,Centros poblados y rural disperso,Cotiza a pensión,Jul - Sep,600.3423333333334
2021,Centros poblados y rural disperso,Cotiza a pensión,Ago - Oct,649.4283333333333
2021,Centros poblados y rural disperso,Cotiza a pensión,Sep - Nov,687.7133333333333
2021,Centros poblados y rural disperso,Cotiza a pensión,Oct - Dic,686.3326666666667
2021,Centros poblados y rural disperso,Cotiza a pensión,Nov - Ene,683.8209999999999
2021,Centros poblados y rural disperso,Cotiza a pensión,Dic - Feb,655.0706666666666
2022,Centros poblados y rural disperso,Cotiza a pensión,Ene - Mar,657.7356666666666
2022,Centros poblados y rural disperso,Cotiza a pensión,Feb - Abr,630.1546666666667
2022,Centros poblados y rural disperso,Cotiza a pensión,Mar - May,668.582
2022,Centros poblados y rural disperso,Cotiza a pensión,Abr - Jun,678.0383333333334
2022,Centros poblados y rural disperso,Cotiza a pensión,May - Jul,705.9403333333333
2022,Centros poblados y rural disperso,Cotiza a pensión,Jun - Ago,685.7466666666666
2022,Centros poblados y rural disperso,Cotiza a pensión,Jul - Sep,682.7823333333334
2022,Centros poblados y rural disperso,Cotiza a pensión,Ago - Oct,694.6873333333333
2022,Centros poblados y rural disperso,Cotiza a pensión,Sep - Nov,700.532
2022,Centros poblados y rural disperso,Cotiza a pensión,Oct - Dic,701.8359999999999
2022,Centros poblados y rural disperso,Cotiza a pensión,Nov - Ene,679.1546666666667
2022,Centros poblados y rural disperso,Cotiza a pensión,Dic - Feb,675.3066666666667
2023,Centros poblados y rural disperso,Cotiza a pensión,Ene - Mar,686.3003333333335
2023,Centros poblados y rural disperso,Cotiza a pensión,Feb - Abr,708.8023333333334
2023,Centros poblados y rural disperso,Cotiza a pensión,Mar - May,721.1796666666665
2023,Centros poblados y rural disperso,Cotiza a pensión,Abr - Jun,740.3866666666667
2023,Centros poblados y rural disperso,Cotiza a pensión,May - Jul,736.61
2023,Centros poblados y rural disperso,Cotiza a pensión,Jun - Ago,762.268
2023,Centros poblados y rural disperso,Cotiza a pensión,Jul - Sep,737.102
2023,Centros poblados y rural disperso,Cotiza a pensión,Ago - Oct,762.939
2023,Centros poblados y rural disperso,Cotiza a pensión,Sep - Nov,769.113
2023,Centros poblados y rural disperso,Cotiza a pensión,Oct - Dic,781.618
2023,Centros poblados y rural disperso,Cotiza a pensión,Nov - Ene,749.444
2023,Centros poblados y rural disperso,Cotiza a pensión,Dic - Feb,709.691
2024,Centros poblados y rural disperso,Cotiza a pensión,Ene - Mar,710.599
2024,Centros poblados y rural disperso,Cotiza a pensión,Feb - Abr,690.437
2024,Centros poblados y rural disperso,Cotiza a pensión,Mar - May,715.723
2024,Centros poblados y rural disperso,Cotiza a pensión,Abr - Jun,710.571
2024,Centros poblados y rural disperso,Cotiza a pensión,May - Jul,739.149
2024,Centros poblados y rural disperso,Cotiza a pensión,Jun - Ago,738.99
2024,Centros poblados y rural disperso,Cotiza a pensión,Jul - Sep,728.998
2024,Centros poblados y rural disperso,Cotiza a pensión,Ago - Oct,759.257
2024,Centros poblados y rural disperso,Cotiza a pensión,Sep - Nov,760.962
2024,Centros poblados y rural disperso,Cotiza a pensión,Oct - Dic,792.302
2024,Centros poblados y rural disperso,Cotiza a pensión,Nov - Ene,785.979
2024,Centros poblados y rural disperso,Cotiza a pensión,Dic - Feb,764.372
2025,Centros poblados y rural disperso,Cotiza a pensión,Ene - Mar,751.35
2025,Centros poblados y rural disperso,Cotiza a pensión,Feb - Abr,723.718
2025,Centros poblados y rural disperso,Cotiza a pensión,Mar - May,776.117
2025,Centros poblados y rural disperso,Cotiza a pensión,Abr - Jun,790.451
2025,Centros poblados y rural disperso,Cotiza a pensión,May - Jul,808.095
2025,Centros poblados y rural disperso,Cotiza a pensión,Jun - Ago,787.212
2025,Centros poblados y rural disperso,Cotiza a pensión,Jul - Sep,772.153
2025,Centros poblados y rural disperso,Cotiza a pensión,Ago - Oct,789.429
2025,Centros poblados y rural disperso,Cotiza a pensión,Sep - Nov,795.901
2025,Centros poblados y rural disperso,Cotiza a pensión,Oct - Dic,807.232
2025,Centros poblados y rural disperso,Cotiza a pensión,Nov - Ene,783.587
2025,Centros poblados y rural disperso,Cotiza a pensión,Dic - Feb,769.686
2026,Centros poblados y rural disperso,Cotiza a pensión,Ene - Mar,777.365
2026,Centros poblados y rural disperso,Cotiza a pensión,Feb - Abr,794.229
2007,Total nacional,Afiliada a salud,Ene - Mar,83.8765498965494
2007,Total nacional,Afiliada a salud,Feb - Abr,83.29197876275816
2007,Total nacional,Afiliada a salud,Mar - May,83.76318341206952
2007,Total nacional,Afiliada a salud,Abr - Jun,83.9210187591988
2007,Total nacional,Afiliada a salud,May - Jul,84.63762159716387
2007,Total nacional,Afiliada a salud,Jun - Ago,84.17645901330013
2007,Total nacional,Afiliada a salud,Jul - Sep,84.33677661314456
2007,Total nacional,Afiliada a salud,Ago - Oct,84.50254308265642
2007,Total nacional,Afiliada a salud,Sep - Nov,84.19758287052939
2007,Total nacional,Afiliada a salud,Oct - Dic,84.49595784834182
2007,Total nacional,Afiliada a salud,Nov - Ene,85.01034407717167
2007,Total nacional,Afiliada a salud,Dic - Feb,85.35415999354585
2008,Total nacional,Afiliada a salud,Ene - Mar,85.39038913728281
2008,Total nacional,Afiliada a salud,Feb - Abr,85.17658989839629
2008,Total nacional,Afiliada a salud,Mar - May,85.65826902386353
2008,Total nacional,Afiliada a salud,Abr - Jun,86.4061895628422
2008,Total nacional,Afiliada a salud,May - Jul,86.78517787691476
2008,Total nacional,Afiliada a salud,Jun - Ago,86.72974931889169
2008,Total nacional,Afiliada a salud,Jul - Sep,86.82908605130743
2008,Total nacional,Afiliada a salud,Ago - Oct,87.11009661734853
2008,Total nacional,Afiliada a salud,Sep - Nov,87.2693526052718
2008,Total nacional,Afiliada a salud,Oct - Dic,87.22376661422557
2008,Total nacional,Afiliada a salud,Nov - Ene,87.2415256433469
2008,Total nacional,Afiliada a salud,Dic - Feb,87.33902631478969
2009,Total nacional,Afiliada a salud,Ene - Mar,86.98110591388132
2009,Total nacional,Afiliada a salud,Feb - Abr,86.9159310109794
2009,Total nacional,Afiliada a salud,Mar - May,87.00053386954446
2009,Total nacional,Afiliada a salud,Abr - Jun,87.26568212679325
2009,Total nacional,Afiliada a salud,May - Jul,87.52174950337968
2009,Total nacional,Afiliada a salud,Jun - Ago,87.89339468030633
2009,Total nacional,Afiliada a salud,Jul - Sep,88.33210664333076
2009,Total nacional,Afiliada a salud,Ago - Oct,88.31835620884006
2009,Total nacional,Afiliada a salud,Sep - Nov,88.54800045620271
2009,Total nacional,Afiliada a salud,Oct - Dic,88.6096539547625
2009,Total nacional,Afiliada a salud,Nov - Ene,88.95955195683473
2009,Total nacional,Afiliada a salud,Dic - Feb,89.03160070759708
2010,Total nacional,Afiliada a salud,Ene - Mar,88.92218164330265
2010,Total nacional,Afiliada a salud,Feb - Abr,88.98398287442599
2010,Total nacional,Afiliada a salud,Mar - May,88.49872582589873
2010,Total nacional,Afiliada a salud,Abr - Jun,88.54795561038247
2010,Total nacional,Afiliada a salud,May - Jul,88.31824497731905
2010,Total nacional,Afiliada a salud,Jun - Ago,88.6055394662656
2010,Total nacional,Afiliada a salud,Jul - Sep,88.62246935871472
2010,Total nacional,Afiliada a salud,Ago - Oct,88.55737068859347
2010,Total nacional,Afiliada a salud,Sep - Nov,88.68661761933969
2010,Total nacional,Afiliada a salud,Oct - Dic,88.97921586694903
2010,Total nacional,Afiliada a salud,Nov - Ene,89.23504486882518
2010,Total nacional,Afiliada a salud,Dic - Feb,89.03735640110031
2011,Total nacional,Afiliada a salud,Ene - Mar,88.60342524889023
2011,Total nacional,Afiliada a salud,Feb - Abr,88.80052492289975
2011,Total nacional,Afiliada a salud,Mar - May,88.93498233004345
2011,Total nacional,Afiliada a salud,Abr - Jun,89.34887206888943
2011,Total nacional,Afiliada a salud,May - Jul,89.38038580376812
2011,Total nacional,Afiliada a salud,Jun - Ago,89.7696282445622
2011,Total nacional,Afiliada a salud,Jul - Sep,89.88810238214718
2011,Total nacional,Afiliada a salud,Ago - Oct,89.86840554687426
2011,Total nacional,Afiliada a salud,Sep - Nov,89.81905503976456
2011,Total nacional,Afiliada a salud,Oct - Dic,89.65731595485245
2011,Total nacional,Afiliada a salud,Nov - Ene,89.85809636165392
2011,Total nacional,Afiliada a salud,Dic - Feb,89.32578377611755
2012,Total nacional,Afiliada a salud,Ene - Mar,89.36067300935623
2012,Total nacional,Afiliada a salud,Feb - Abr,89.25926755251439
2012,Total nacional,Afiliada a salud,Mar - May,89.56254932171416
2012,Total nacional,Afiliada a salud,Abr - Jun,89.54310222959127
2012,Total nacional,Afiliada a salud,May - Jul,89.317030812324
2012,Total nacional,Afiliada a salud,Jun - Ago,89.49749047267231
2012,Total nacional,Afiliada a salud,Jul - Sep,89.55253046308275
2012,Total nacional,Afiliada a salud,Ago - Oct,89.6417000472262
2012,Total nacional,Afiliada a salud,Sep - Nov,89.88195831178096
2012,Total nacional,Afiliada a salud,Oct - Dic,89.95815578319136
2012,Total nacional,Afiliada a salud,Nov - Ene,90.14376602994199
2012,Total nacional,Afiliada a salud,Dic - Feb,89.80914404430152
2013,Total nacional,Afiliada a salud,Ene - Mar,89.78188718006236
2013,Total nacional,Afiliada a salud,Feb - Abr,89.80155259022358
2013,Total nacional,Afiliada a salud,Mar - May,89.80984263001942
2013,Total nacional,Afiliada a salud,Abr - Jun,89.85622918576375
2013,Total nacional,Afiliada a salud,May - Jul,89.94912963887724
2013,Total nacional,Afiliada a salud,Jun - Ago,90.22512275742007
2013,Total nacional,Afiliada a salud,Jul - Sep,90.72846498957
2013,Total nacional,Afiliada a salud,Ago - Oct,91.04143034280143
2013,Total nacional,Afiliada a salud,Sep - Nov,91.61404927058999
2013,Total nacional,Afiliada a salud,Oct - Dic,91.5588525208011
2013,Total nacional,Afiliada a salud,Nov - Ene,91.67275959831383
2013,Total nacional,Afiliada a salud,Dic - Feb,91.45168899297886
2014,Total nacional,Afiliada a salud,Ene - Mar,91.71009077767769
2014,Total nacional,Afiliada a salud,Feb - Abr,91.93513310691823
2014,Total nacional,Afiliada a salud,Mar - May,91.77450305419151
2014,Total nacional,Afiliada a salud,Abr - Jun,91.56150900639936
2014,Total nacional,Afiliada a salud,May - Jul,91.56750653225313
2014,Total nacional,Afiliada a salud,Jun - Ago,91.8883801295165
2014,Total nacional,Afiliada a salud,Jul - Sep,92.00954826734167
2014,Total nacional,Afiliada a salud,Ago - Oct,92.0101156228302
2014,Total nacional,Afiliada a salud,Sep - Nov,92.30152010238606
2014,Total nacional,Afiliada a salud,Oct - Dic,92.52554513519033
2014,Total nacional,Afiliada a salud,Nov - Ene,92.70708931459448
2014,Total nacional,Afiliada a salud,Dic - Feb,92.34097924095845
2015,Total nacional,Afiliada a salud,Ene - Mar,92.2894530278423
2015,Total nacional,Afiliada a salud,Feb - Abr,92.63246130834989
2015,Total nacional,Afiliada a salud,Mar - May,93.12339481792652
2015,Total nacional,Afiliada a salud,Abr - Jun,93.11045913542371
2015,Total nacional,Afiliada a salud,May - Jul,92.69205936878555
2015,Total nacional,Afiliada a salud,Jun - Ago,92.6093593602437
2015,Total nacional,Afiliada a salud,Jul - Sep,92.7727315852221
2015,Total nacional,Afiliada a salud,Ago - Oct,92.96337647741387
2015,Total nacional,Afiliada a salud,Sep - Nov,93.14576564194786
2015,Total nacional,Afiliada a salud,Oct - Dic,93.48925969507364
2015,Total nacional,Afiliada a salud,Nov - Ene,93.68329406540708
2015,Total nacional,Afiliada a salud,Dic - Feb,93.38285464797588
2016,Total nacional,Afiliada a salud,Ene - Mar,93.09285379743966
2016,Total nacional,Afiliada a salud,Feb - Abr,92.75286432005383
2016,Total nacional,Afiliada a salud,Mar - May,92.96615639648397
2016,Total nacional,Afiliada a salud,Abr - Jun,92.88654687105495
2016,Total nacional,Afiliada a salud,May - Jul,93.33455441230676
2016,Total nacional,Afiliada a salud,Jun - Ago,93.3124688715176
2016,Total nacional,Afiliada a salud,Jul - Sep,93.47371894145289
2016,Total nacional,Afiliada a salud,Ago - Oct,93.19462577420894
2016,Total nacional,Afiliada a salud,Sep - Nov,93.2120025450292
2016,Total nacional,Afiliada a salud,Oct - Dic,93.1528506899047
2016,Total nacional,Afiliada a salud,Nov - Ene,93.24659006869324
2016,Total nacional,Afiliada a salud,Dic - Feb,93.04052425925157
2017,Total nacional,Afiliada a salud,Ene - Mar,92.97736095685035
2017,Total nacional,Afiliada a salud,Feb - Abr,92.84208810169403
2017,Total nacional,Afiliada a salud,Mar - May,92.92920330267091
2017,Total nacional,Afiliada a salud,Abr - Jun,92.95075627733038
2017,Total nacional,Afiliada a salud,May - Jul,93.13433040256108
2017,Total nacional,Afiliada a salud,Jun - Ago,93.20698274294806
2017,Total nacional,Afiliada a salud,Jul - Sep,93.29172803312457
2017,Total nacional,Afiliada a salud,Ago - Oct,93.3936831815242
2017,Total nacional,Afiliada a salud,Sep - Nov,93.34729636218503
2017,Total nacional,Afiliada a salud,Oct - Dic,93.37822052083673
2017,Total nacional,Afiliada a salud,Nov - Ene,93.24007355260433
2017,Total nacional,Afiliada a salud,Dic - Feb,93.15030338781523
2018,Total nacional,Afiliada a salud,Ene - Mar,92.90144789679603
2018,Total nacional,Afiliada a salud,Feb - Abr,92.85769648282658
2018,Total nacional,Afiliada a salud,Mar - May,92.9110115299863
2018,Total nacional,Afiliada a salud,Abr - Jun,92.64727167620619
2018,Total nacional,Afiliada a salud,May - Jul,92.38895676967786
2018,Total nacional,Afiliada a salud,Jun - Ago,92.19370560279282
2018,Total nacional,Afiliada a salud,Jul - Sep,92.51188129999726
2018,Total nacional,Afiliada a salud,Ago - Oct,92.47467362527618
2018,Total nacional,Afiliada a salud,Sep - Nov,92.58733048434692
2018,Total nacional,Afiliada a salud,Oct - Dic,92.4241246391935
2018,Total nacional,Afiliada a salud,Nov - Ene,92.35987502055686
2018,Total nacional,Afiliada a salud,Dic - Feb,92.03082303664996
2019,Total nacional,Afiliada a salud,Ene - Mar,91.82674070472828
2019,Total nacional,Afiliada a salud,Feb - Abr,91.93683074628456
2019,Total nacional,Afiliada a salud,Mar - May,92.01563660449375
2019,Total nacional,Afiliada a salud,Abr - Jun,91.84959068176467
2019,Total nacional,Afiliada a salud,May - Jul,91.58337515834496
2019,Total nacional,Afiliada a salud,Jun - Ago,91.57812063617439
2019,Total nacional,Afiliada a salud,Jul - Sep,91.67034740218855
2019,Total nacional,Afiliada a salud,Ago - Oct,91.31148392825287
2019,Total nacional,Afiliada a salud,Sep - Nov,90.87977452951878
2019,Total nacional,Afiliada a salud,Oct - Dic,91.07081362799933
2019,Total nacional,Afiliada a salud,Nov - Ene,91.10051362272834
2019,Total nacional,Afiliada a salud,Dic - Feb,90.9497154016743
2020,Total nacional,Afiliada a salud,Ene - Mar,0.0
2020,Total nacional,Afiliada a salud,Feb - Abr,0.0
2020,Total nacional,Afiliada a salud,Mar - May,0.0
2020,Total nacional,Afiliada a salud,Abr - Jun,0.0
2020,Total nacional,Afiliada a salud,May - Jul,90.86924793793474
2020,Total nacional,Afiliada a salud,Jun - Ago,90.37908515789795
2020,Total nacional,Afiliada a salud,Jul - Sep,90.20509440124547
2020,Total nacional,Afiliada a salud,Ago - Oct,90.2846843579614
2020,Total nacional,Afiliada a salud,Sep - Nov,90.55449541044547
2020,Total nacional,Afiliada a salud,Oct - Dic,90.9857497790054
2020,Total nacional,Afiliada a salud,Nov - Ene,91.61400859039524
2020,Total nacional,Afiliada a salud,Dic - Feb,92.04455970433158
2021,Total nacional,Afiliada a salud,Ene - Mar,92.26277660733415
2021,Total nacional,Afiliada a salud,Feb - Abr,92.36740822807631
2021,Total nacional,Afiliada a salud,Mar - May,92.47603506951968
2021,Total nacional,Afiliada a salud,Abr - Jun,92.67705411490506
2021,Total nacional,Afiliada a salud,May - Jul,92.84410027002929
2021,Total nacional,Afiliada a salud,Jun - Ago,93.02077517255329
2021,Total nacional,Afiliada a salud,Jul - Sep,93.05467792099897
2021,Total nacional,Afiliada a salud,Ago - Oct,92.79461184298464
2021,Total nacional,Afiliada a salud,Sep - Nov,92.93409946544365
2021,Total nacional,Afiliada a salud,Oct - Dic,93.10063961626939
2021,Total nacional,Afiliada a salud,Nov - Ene,93.52837203402082
2021,Total nacional,Afiliada a salud,Dic - Feb,93.40055087977265
2022,Total nacional,Afiliada a salud,Ene - Mar,93.3419078425615
2022,Total nacional,Afiliada a salud,Feb - Abr,93.35939020801615
2022,Total nacional,Afiliada a salud,Mar - May,93.55819041983935
2022,Total nacional,Afiliada a salud,Abr - Jun,93.55918399634925
2022,Total nacional,Afiliada a salud,May - Jul,93.65965203202661
2022,Total nacional,Afiliada a salud,Jun - Ago,93.9038955496934
2022,Total nacional,Afiliada a salud,Jul - Sep,94.01319573501445
2022,Total nacional,Afiliada a salud,Ago - Oct,94.14362841807464
2022,Total nacional,Afiliada a salud,Sep - Nov,94.1369240175775
2022,Total nacional,Afiliada a salud,Oct - Dic,94.35528251754768
2022,Total nacional,Afiliada a salud,Nov - Ene,94.4627721112208
2022,Total nacional,Afiliada a salud,Dic - Feb,94.39948292557911
2023,Total nacional,Afiliada a salud,Ene - Mar,94.43968173705883
2023,Total nacional,Afiliada a salud,Feb - Abr,94.56780456173448
2023,Total nacional,Afiliada a salud,Mar - May,94.80531784246908
2023,Total nacional,Afiliada a salud,Abr - Jun,94.80756941774312
2023,Total nacional,Afiliada a salud,May - Jul,94.74421503181719
2023,Total nacional,Afiliada a salud,Jun - Ago,94.6338852280169
2023,Total nacional,Afiliada a salud,Jul - Sep,94.62259317783031
2023,Total nacional,Afiliada a salud,Ago - Oct,94.70211340981727
2023,Total nacional,Afiliada a salud,Sep - Nov,95.00772271582036
2023,Total nacional,Afiliada a salud,Oct - Dic,95.15027872258148
2023,Total nacional,Afiliada a salud,Nov - Ene,95.16872162950611
2023,Total nacional,Afiliada a salud,Dic - Feb,94.9911623098561
2024,Total nacional,Afiliada a salud,Ene - Mar,95.19129326285423
2024,Total nacional,Afiliada a salud,Feb - Abr,95.25116720824117
2024,Total nacional,Afiliada a salud,Mar - May,95.29337844580813
2024,Total nacional,Afiliada a salud,Abr - Jun,95.12847066085789
2024,Total nacional,Afiliada a salud,May - Jul,95.00767341135311
2024,Total nacional,Afiliada a salud,Jun - Ago,95.01560700501452
2024,Total nacional,Afiliada a salud,Jul - Sep,95.02360957359971
2024,Total nacional,Afiliada a salud,Ago - Oct,95.20854998136147
2024,Total nacional,Afiliada a salud,Sep - Nov,95.3894296393583
2024,Total nacional,Afiliada a salud,Oct - Dic,95.61856461703414
2024,Total nacional,Afiliada a salud,Nov - Ene,95.68475862626265
2024,Total nacional,Afiliada a salud,Dic - Feb,95.69542203038208
2025,Total nacional,Afiliada a salud,Ene - Mar,95.62666014790929
2025,Total nacional,Afiliada a salud,Feb - Abr,95.74418905424113
2025,Total nacional,Afiliada a salud,Mar - May,95.7027135191849
2025,Total nacional,Afiliada a salud,Abr - Jun,95.66621852892155
2025,Total nacional,Afiliada a salud,May - Jul,95.49715945583354
2025,Total nacional,Afiliada a salud,Jun - Ago,95.61777900686366
2025,Total nacional,Afiliada a salud,Jul - Sep,95.87531596930046
2025,Total nacional,Afiliada a salud,Ago - Oct,95.56621578026679
2025,Total nacional,Afiliada a salud,Sep - Nov,95.59111953527083
2025,Total nacional,Afiliada a salud,Oct - Dic,95.46955251570225
2025,Total nacional,Afiliada a salud,Nov - Ene,95.96591616939601
2025,Total nacional,Afiliada a salud,Dic - Feb,95.9822468818932
2026,Total nacional,Afiliada a salud,Ene - Mar,95.99425523967446
2026,Total nacional,Afiliada a salud,Feb - Abr,95.88483126310304
2007,Total nacional,Régimen contributivo,Ene - Mar,45.24380497100578
2007,Total nacional,Régimen contributivo,Feb - Abr,45.68508066111846
2007,Total nacional,Régimen contributivo,Mar - May,46.875213510558225
2007,Total nacional,Régimen contributivo,Abr - Jun,46.75846595262857
2007,Total nacional,Régimen contributivo,May - Jul,47.28751972217087
2007,Total nacional,Régimen contributivo,Jun - Ago,46.827269234749004
2007,Total nacional,Régimen contributivo,Jul - Sep,47.3881108842382
2007,Total nacional,Régimen contributivo,Ago - Oct,46.49398584325501
2007,Total nacional,Régimen contributivo,Sep - Nov,46.73002095643147
2007,Total nacional,Régimen contributivo,Oct - Dic,46.090710397961836
2007,Total nacional,Régimen contributivo,Nov - Ene,46.77555361096148
2007,Total nacional,Régimen contributivo,Dic - Feb,45.448469662029225
2008,Total nacional,Régimen contributivo,Ene - Mar,44.89148944519885
2008,Total nacional,Régimen contributivo,Feb - Abr,44.95077171660644
2008,Total nacional,Régimen contributivo,Mar - May,45.94829441223596
2008,Total nacional,Régimen contributivo,Abr - Jun,47.224443619051534
2008,Total nacional,Régimen contributivo,May - Jul,47.89245462117016
2008,Total nacional,Régimen contributivo,Jun - Ago,48.09296811673942
2008,Total nacional,Régimen contributivo,Jul - Sep,47.73658490022248
2008,Total nacional,Régimen contributivo,Ago - Oct,46.14542584001649
2008,Total nacional,Régimen contributivo,Sep - Nov,46.42521499878456
2008,Total nacional,Régimen contributivo,Oct - Dic,46.039106370175354
2008,Total nacional,Régimen contributivo,Nov - Ene,45.93703228941816
2008,Total nacional,Régimen contributivo,Dic - Feb,44.822809268140325
2009,Total nacional,Régimen contributivo,Ene - Mar,44.4942980021696
2009,Total nacional,Régimen contributivo,Feb - Abr,45.16785986549832
2009,Total nacional,Régimen contributivo,Mar - May,45.48981840903594
2009,Total nacional,Régimen contributivo,Abr - Jun,45.23535908036084
2009,Total nacional,Régimen contributivo,May - Jul,45.31308814109434
2009,Total nacional,Régimen contributivo,Jun - Ago,45.18162383241742
2009,Total nacional,Régimen contributivo,Jul - Sep,45.703405423549285
2009,Total nacional,Régimen contributivo,Ago - Oct,45.255575333516276
2009,Total nacional,Régimen contributivo,Sep - Nov,44.89532208016371
2009,Total nacional,Régimen contributivo,Oct - Dic,44.301105332203264
2009,Total nacional,Régimen contributivo,Nov - Ene,44.17907298854781
2009,Total nacional,Régimen contributivo,Dic - Feb,44.421562225735165
2010,Total nacional,Régimen contributivo,Ene - Mar,44.70388736324988
2010,Total nacional,Régimen contributivo,Feb - Abr,45.11876947854911
2010,Total nacional,Régimen contributivo,Mar - May,45.595615808580945
2010,Total nacional,Régimen contributivo,Abr - Jun,45.469601100511824
2010,Total nacional,Régimen contributivo,May - Jul,45.2272306162473
2010,Total nacional,Régimen contributivo,Jun - Ago,44.53301342397288
2010,Total nacional,Régimen contributivo,Jul - Sep,44.53996867581142
2010,Total nacional,Régimen contributivo,Ago - Oct,44.42911014207035
2010,Total nacional,Régimen contributivo,Sep - Nov,44.19286929787223
2010,Total nacional,Régimen contributivo,Oct - Dic,44.44655177788064
2010,Total nacional,Régimen contributivo,Nov - Ene,44.44309285687961
2010,Total nacional,Régimen contributivo,Dic - Feb,45.201890609644934
2011,Total nacional,Régimen contributivo,Ene - Mar,45.541753859988205
2011,Total nacional,Régimen contributivo,Feb - Abr,46.375166065932085
2011,Total nacional,Régimen contributivo,Mar - May,46.51973316546156
2011,Total nacional,Régimen contributivo,Abr - Jun,46.687991813546255
2011,Total nacional,Régimen contributivo,May - Jul,46.631142846778644
2011,Total nacional,Régimen contributivo,Jun - Ago,47.01575338534654
2011,Total nacional,Régimen contributivo,Jul - Sep,47.36046590720585
2011,Total nacional,Régimen contributivo,Ago - Oct,46.91092714909184
2011,Total nacional,Régimen contributivo,Sep - Nov,45.89859150416667
2011,Total nacional,Régimen contributivo,Oct - Dic,45.600306460137844
2011,Total nacional,Régimen contributivo,Nov - Ene,45.60360190408602
2011,Total nacional,Régimen contributivo,Dic - Feb,45.81305755159733
2012,Total nacional,Régimen contributivo,Ene - Mar,46.01360160172828
2012,Total nacional,Régimen contributivo,Feb - Abr,46.87557780634019
2012,Total nacional,Régimen contributivo,Mar - May,47.6680318701011
2012,Total nacional,Régimen contributivo,Abr - Jun,47.05335732667892
2012,Total nacional,Régimen contributivo,May - Jul,46.56984285434959
2012,Total nacional,Régimen contributivo,Jun - Ago,46.70916511236104
2012,Total nacional,Régimen contributivo,Jul - Sep,46.92824912808366
2012,Total nacional,Régimen contributivo,Ago - Oct,46.757410953486186
2012,Total nacional,Régimen contributivo,Sep - Nov,45.865688012548624
2012,Total nacional,Régimen contributivo,Oct - Dic,45.56228651404759
2012,Total nacional,Régimen contributivo,Nov - Ene,45.332444145620045
2012,Total nacional,Régimen contributivo,Dic - Feb,45.938652966616836
2013,Total nacional,Régimen contributivo,Ene - Mar,46.66837396690126
2013,Total nacional,Régimen contributivo,Feb - Abr,47.68836765852675
2013,Total nacional,Régimen contributivo,Mar - May,48.026146600518985
2013,Total nacional,Régimen contributivo,Abr - Jun,48.06784876894039
2013,Total nacional,Régimen contributivo,May - Jul,48.16490220757638
2013,Total nacional,Régimen contributivo,Jun - Ago,47.91418809293652
2013,Total nacional,Régimen contributivo,Jul - Sep,48.17018017840194
2013,Total nacional,Régimen contributivo,Ago - Oct,47.78514953574328
2013,Total nacional,Régimen contributivo,Sep - Nov,47.51327171895936
2013,Total nacional,Régimen contributivo,Oct - Dic,47.070704687787256
2013,Total nacional,Régimen contributivo,Nov - Ene,46.958734176051756
2013,Total nacional,Régimen contributivo,Dic - Feb,47.882563884912514
2014,Total nacional,Régimen contributivo,Ene - Mar,48.39765903283284
2014,Total nacional,Régimen contributivo,Feb - Abr,49.40719832009688
2014,Total nacional,Régimen contributivo,Mar - May,49.48268627291583
2014,Total nacional,Régimen contributivo,Abr - Jun,49.1474379609102
2014,Total nacional,Régimen contributivo,May - Jul,49.07369520809237
2014,Total nacional,Régimen contributivo,Jun - Ago,48.667985451098694
2014,Total nacional,Régimen contributivo,Jul - Sep,49.153194187685926
2014,Total nacional,Régimen contributivo,Ago - Oct,48.60830443018573
2014,Total nacional,Régimen contributivo,Sep - Nov,48.54184345974864
2014,Total nacional,Régimen contributivo,Oct - Dic,48.43277354656109
2014,Total nacional,Régimen contributivo,Nov - Ene,48.43357738375291
2014,Total nacional,Régimen contributivo,Dic - Feb,48.53771983797853
2015,Total nacional,Régimen contributivo,Ene - Mar,48.19868955100596
2015,Total nacional,Régimen contributivo,Feb - Abr,48.44364435763702
2015,Total nacional,Régimen contributivo,Mar - May,48.66209834223389
2015,Total nacional,Régimen contributivo,Abr - Jun,48.9378279682415
2015,Total nacional,Régimen contributivo,May - Jul,48.81907110278011
2015,Total nacional,Régimen contributivo,Jun - Ago,48.79496760605947
2015,Total nacional,Régimen contributivo,Jul - Sep,48.963823394886404
2015,Total nacional,Régimen contributivo,Ago - Oct,49.12956620892104
2015,Total nacional,Régimen contributivo,Sep - Nov,48.291704570515684
2015,Total nacional,Régimen contributivo,Oct - Dic,48.26396092191447
2015,Total nacional,Régimen contributivo,Nov - Ene,47.92206141556027
2015,Total nacional,Régimen contributivo,Dic - Feb,48.7050693573792
2016,Total nacional,Régimen contributivo,Ene - Mar,48.91842682195314
2016,Total nacional,Régimen contributivo,Feb - Abr,49.21554584297449
2016,Total nacional,Régimen contributivo,Mar - May,49.562980974897826
2016,Total nacional,Régimen contributivo,Abr - Jun,49.24393396033969
2016,Total nacional,Régimen contributivo,May - Jul,49.48682347254434
2016,Total nacional,Régimen contributivo,Jun - Ago,49.1932671957216
2016,Total nacional,Régimen contributivo,Jul - Sep,49.68533081080059
2016,Total nacional,Régimen contributivo,Ago - Oct,49.44381673443677
2016,Total nacional,Régimen contributivo,Sep - Nov,49.05385883309396
2016,Total nacional,Régimen contributivo,Oct - Dic,48.547401277695805
2016,Total nacional,Régimen contributivo,Nov - Ene,48.05016717924022
2016,Total nacional,Régimen contributivo,Dic - Feb,48.55999278798975
2017,Total nacional,Régimen contributivo,Ene - Mar,48.73239875318298
2017,Total nacional,Régimen contributivo,Feb - Abr,49.228075401142355
2017,Total nacional,Régimen contributivo,Mar - May,48.87274176371446
2017,Total nacional,Régimen contributivo,Abr - Jun,48.52609270430913
2017,Total nacional,Régimen contributivo,May - Jul,48.40130063186412
2017,Total nacional,Régimen contributivo,Jun - Ago,48.59866628229104
2017,Total nacional,Régimen contributivo,Jul - Sep,48.70450380900954
2017,Total nacional,Régimen contributivo,Ago - Oct,48.76613264235164
2017,Total nacional,Régimen contributivo,Sep - Nov,48.16366659867457
2017,Total nacional,Régimen contributivo,Oct - Dic,47.66203487110919
2017,Total nacional,Régimen contributivo,Nov - Ene,46.6976584686298
2017,Total nacional,Régimen contributivo,Dic - Feb,47.54562872416179
2018,Total nacional,Régimen contributivo,Ene - Mar,48.05200960525464
2018,Total nacional,Régimen contributivo,Feb - Abr,49.090219079512934
2018,Total nacional,Régimen contributivo,Mar - May,48.76280121625168
2018,Total nacional,Régimen contributivo,Abr - Jun,48.453838064316216
2018,Total nacional,Régimen contributivo,May - Jul,48.50850931551444
2018,Total nacional,Régimen contributivo,Jun - Ago,48.19961713200349
2018,Total nacional,Régimen contributivo,Jul - Sep,48.448982805197154
2018,Total nacional,Régimen contributivo,Ago - Oct,47.88780390831388
2018,Total nacional,Régimen contributivo,Sep - Nov,47.65904676611405
2018,Total nacional,Régimen contributivo,Oct - Dic,47.318561526448946
2018,Total nacional,Régimen contributivo,Nov - Ene,46.49803744056832
2018,Total nacional,Régimen contributivo,Dic - Feb,46.708648668416245
2019,Total nacional,Régimen contributivo,Ene - Mar,47.321914809044635
2019,Total nacional,Régimen contributivo,Feb - Abr,48.67641795690461
2019,Total nacional,Régimen contributivo,Mar - May,48.9680384348642
2019,Total nacional,Régimen contributivo,Abr - Jun,48.913139304670956
2019,Total nacional,Régimen contributivo,May - Jul,48.929783159355495
2019,Total nacional,Régimen contributivo,Jun - Ago,48.885886813926845
2019,Total nacional,Régimen contributivo,Jul - Sep,49.062869924949545
2019,Total nacional,Régimen contributivo,Ago - Oct,48.53386904397211
2019,Total nacional,Régimen contributivo,Sep - Nov,47.81782960540546
2019,Total nacional,Régimen contributivo,Oct - Dic,46.91935188184986
2019,Total nacional,Régimen contributivo,Nov - Ene,46.36046348327053
2019,Total nacional,Régimen contributivo,Dic - Feb,46.72860427475027
2020,Total nacional,Régimen contributivo,Ene - Mar,0.0
2020,Total nacional,Régimen contributivo,Feb - Abr,0.0
2020,Total nacional,Régimen contributivo,Mar - May,0.0
2020,Total nacional,Régimen contributivo,Abr - Jun,0.0
2020,Total nacional,Régimen contributivo,May - Jul,47.20967016771602
2020,Total nacional,Régimen contributivo,Jun - Ago,47.122018251405414
2020,Total nacional,Régimen contributivo,Jul - Sep,46.90463780745159
2020,Total nacional,Régimen contributivo,Ago - Oct,46.90293902835067
2020,Total nacional,Régimen contributivo,Sep - Nov,46.34296449281049
2020,Total nacional,Régimen contributivo,Oct - Dic,46.2372957203607
2020,Total nacional,Régimen contributivo,Nov - Ene,47.43859023693954
2020,Total nacional,Régimen contributivo,Dic - Feb,47.93025589836439
2021,Total nacional,Régimen contributivo,Ene - Mar,48.76871560351837
2021,Total nacional,Régimen contributivo,Feb - Abr,48.54222135692059
2021,Total nacional,Régimen contributivo,Mar - May,49.08046405745895
2021,Total nacional,Régimen contributivo,Abr - Jun,49.53557363412956
2021,Total nacional,Régimen contributivo,May - Jul,49.67377942196112
2021,Total nacional,Régimen contributivo,Jun - Ago,49.347131461201414
2021,Total nacional,Régimen contributivo,Jul - Sep,49.68242041864223
2021,Total nacional,Régimen contributivo,Ago - Oct,49.77989791089686
2021,Total nacional,Régimen contributivo,Sep - Nov,50.02492279992376
2021,Total nacional,Régimen contributivo,Oct - Dic,50.101614213694866
2021,Total nacional,Régimen contributivo,Nov - Ene,50.498776556369606
2021,Total nacional,Régimen contributivo,Dic - Feb,50.29277376931896
2022,Total nacional,Régimen contributivo,Ene - Mar,49.87350470560122
2022,Total nacional,Régimen contributivo,Feb - Abr,49.566125907774186
2022,Total nacional,Régimen contributivo,Mar - May,50.37952516352211
2022,Total nacional,Régimen contributivo,Abr - Jun,50.72753162095233
2022,Total nacional,Régimen contributivo,May - Jul,50.65789628570765
2022,Total nacional,Régimen contributivo,Jun - Ago,50.281502240847544
2022,Total nacional,Régimen contributivo,Jul - Sep,50.201675117584955
2022,Total nacional,Régimen contributivo,Ago - Oct,50.36376307383947
2022,Total nacional,Régimen contributivo,Sep - Nov,50.36490062633313
2022,Total nacional,Régimen contributivo,Oct - Dic,50.445020547220544
2022,Total nacional,Régimen contributivo,Nov - Ene,50.149860054764474
2022,Total nacional,Régimen contributivo,Dic - Feb,49.31852454494553
2023,Total nacional,Régimen contributivo,Ene - Mar,48.558087812531234
2023,Total nacional,Régimen contributivo,Feb - Abr,48.806147637128404
2023,Total nacional,Régimen contributivo,Mar - May,49.898746177634045
2023,Total nacional,Régimen contributivo,Abr - Jun,51.05388085559355
2023,Total nacional,Régimen contributivo,May - Jul,51.44263710987007
2023,Total nacional,Régimen contributivo,Jun - Ago,51.183047097084234
2023,Total nacional,Régimen contributivo,Jul - Sep,51.03842708064252
2023,Total nacional,Régimen contributivo,Ago - Oct,51.38313433679051
2023,Total nacional,Régimen contributivo,Sep - Nov,52.14042062584593
2023,Total nacional,Régimen contributivo,Oct - Dic,52.01022779105654
2023,Total nacional,Régimen contributivo,Nov - Ene,51.472920089113586
2023,Total nacional,Régimen contributivo,Dic - Feb,50.556729956697545
2024,Total nacional,Régimen contributivo,Ene - Mar,50.50014211031789
2024,Total nacional,Régimen contributivo,Feb - Abr,50.31845745651636
2024,Total nacional,Régimen contributivo,Mar - May,50.99780273651222
2024,Total nacional,Régimen contributivo,Abr - Jun,51.339247160772125
2024,Total nacional,Régimen contributivo,May - Jul,51.590537209071606
2024,Total nacional,Régimen contributivo,Jun - Ago,51.12749756405446
2024,Total nacional,Régimen contributivo,Jul - Sep,51.17127258516464
2024,Total nacional,Régimen contributivo,Ago - Oct,51.33317233206481
2024,Total nacional,Régimen contributivo,Sep - Nov,51.50257901526986
2024,Total nacional,Régimen contributivo,Oct - Dic,50.82116866229677
2024,Total nacional,Régimen contributivo,Nov - Ene,50.71361931778734
2024,Total nacional,Régimen contributivo,Dic - Feb,49.794908044653724
2025,Total nacional,Régimen contributivo,Ene - Mar,49.69118599928462
2025,Total nacional,Régimen contributivo,Feb - Abr,49.81039450613057
2025,Total nacional,Régimen contributivo,Mar - May,50.662013248853896
2025,Total nacional,Régimen contributivo,Abr - Jun,51.18720000892949
2025,Total nacional,Régimen contributivo,May - Jul,51.31780789282471
2025,Total nacional,Régimen contributivo,Jun - Ago,51.447598813954485
2025,Total nacional,Régimen contributivo,Jul - Sep,51.55214512713305
2025,Total nacional,Régimen contributivo,Ago - Oct,50.93997420344331
2025,Total nacional,Régimen contributivo,Sep - Nov,50.68324341782954
2025,Total nacional,Régimen contributivo,Oct - Dic,50.52970814028092
2025,Total nacional,Régimen contributivo,Nov - Ene,51.157303466226786
2025,Total nacional,Régimen contributivo,Dic - Feb,51.3906644126885
2026,Total nacional,Régimen contributivo,Ene - Mar,51.3665320161728
2026,Total nacional,Régimen contributivo,Feb - Abr,51.32826696299079
2007,Total nacional,Régimen especial,Ene - Mar,1.7861989902236128
2007,Total nacional,Régimen especial,Feb - Abr,1.6649438663197977
2007,Total nacional,Régimen especial,Mar - May,1.5701407360589499
2007,Total nacional,Régimen especial,Abr - Jun,1.5521986813029682
2007,Total nacional,Régimen especial,May - Jul,1.680443970830329
2007,Total nacional,Régimen especial,Jun - Ago,1.791760453980264
2007,Total nacional,Régimen especial,Jul - Sep,1.760207809582278
2007,Total nacional,Régimen especial,Ago - Oct,1.977126466543013
2007,Total nacional,Régimen especial,Sep - Nov,2.1348814591542555
2007,Total nacional,Régimen especial,Oct - Dic,2.1871302901261913
2007,Total nacional,Régimen especial,Nov - Ene,2.1089510231155053
2007,Total nacional,Régimen especial,Dic - Feb,1.9598466506857901
2008,Total nacional,Régimen especial,Ene - Mar,1.9494596708233058
2008,Total nacional,Régimen especial,Feb - Abr,1.8659824845791835
2008,Total nacional,Régimen especial,Mar - May,1.8354109742787923
2008,Total nacional,Régimen especial,Abr - Jun,1.9191538798397807
2008,Total nacional,Régimen especial,May - Jul,2.073420488532486
2008,Total nacional,Régimen especial,Jun - Ago,2.0273860472881258
2008,Total nacional,Régimen especial,Jul - Sep,2.0804562751193307
2008,Total nacional,Régimen especial,Ago - Oct,1.9671534048771397
2008,Total nacional,Régimen especial,Sep - Nov,2.0766245948098514
2008,Total nacional,Régimen especial,Oct - Dic,2.0525925129052163
2008,Total nacional,Régimen especial,Nov - Ene,2.165405476410927
2008,Total nacional,Régimen especial,Dic - Feb,2.163001943373259
2009,Total nacional,Régimen especial,Ene - Mar,2.2024973161798447
2009,Total nacional,Régimen especial,Feb - Abr,2.18917951803138
2009,Total nacional,Régimen especial,Mar - May,2.2699038296545253
2009,Total nacional,Régimen especial,Abr - Jun,2.319799916496167
2009,Total nacional,Régimen especial,May - Jul,2.3047312547290844
2009,Total nacional,Régimen especial,Jun - Ago,2.1905128858887157
2009,Total nacional,Régimen especial,Jul - Sep,2.17482978950464
2009,Total nacional,Régimen especial,Ago - Oct,2.0928589473681094
2009,Total nacional,Régimen especial,Sep - Nov,2.2040901791685616
2009,Total nacional,Régimen especial,Oct - Dic,2.2078426967428184
2009,Total nacional,Régimen especial,Nov - Ene,2.3416664638980356
2009,Total nacional,Régimen especial,Dic - Feb,2.357658075607243
2010,Total nacional,Régimen especial,Ene - Mar,2.469764822115798
2010,Total nacional,Régimen especial,Feb - Abr,2.4286296503686255
2010,Total nacional,Régimen especial,Mar - May,2.4800659906480815
2010,Total nacional,Régimen especial,Abr - Jun,2.5049892176661563
2010,Total nacional,Régimen especial,May - Jul,2.6246238916383864
2010,Total nacional,Régimen especial,Jun - Ago,2.7288530643997126
2010,Total nacional,Régimen especial,Jul - Sep,2.8116207993769087
2010,Total nacional,Régimen especial,Ago - Oct,2.824667045526539
2010,Total nacional,Régimen especial,Sep - Nov,2.74307292210293
2010,Total nacional,Régimen especial,Oct - Dic,2.516723921870897
2010,Total nacional,Régimen especial,Nov - Ene,2.4473699901142765
2010,Total nacional,Régimen especial,Dic - Feb,2.5364359855827834
2011,Total nacional,Régimen especial,Ene - Mar,2.5832323717002974
2011,Total nacional,Régimen especial,Feb - Abr,2.490013456725003
2011,Total nacional,Régimen especial,Mar - May,2.4152772916579135
2011,Total nacional,Régimen especial,Abr - Jun,2.561094693290161
2011,Total nacional,Régimen especial,May - Jul,2.6586159344791027
2011,Total nacional,Régimen especial,Jun - Ago,2.687040744829643
2011,Total nacional,Régimen especial,Jul - Sep,2.6646406512123124
2011,Total nacional,Régimen especial,Ago - Oct,2.615751838502376
2011,Total nacional,Régimen especial,Sep - Nov,2.564090693024675
2011,Total nacional,Régimen especial,Oct - Dic,2.3418213575333384
2011,Total nacional,Régimen especial,Nov - Ene,2.525462770568314
2011,Total nacional,Régimen especial,Dic - Feb,2.5920613102280057
2012,Total nacional,Régimen especial,Ene - Mar,2.816585351667194
2012,Total nacional,Régimen especial,Feb - Abr,2.6983516770030183
2012,Total nacional,Régimen especial,Mar - May,2.749130884193628
2012,Total nacional,Régimen especial,Abr - Jun,2.82378597984095
2012,Total nacional,Régimen especial,May - Jul,2.8534201426065655
2012,Total nacional,Régimen especial,Jun - Ago,2.7721245441021716
2012,Total nacional,Régimen especial,Jul - Sep,2.73223188242537
2012,Total nacional,Régimen especial,Ago - Oct,2.7880384528948796
2012,Total nacional,Régimen especial,Sep - Nov,2.726928669468566
2012,Total nacional,Régimen especial,Oct - Dic,2.5440041381868097
2012,Total nacional,Régimen especial,Nov - Ene,2.475464392528165
2012,Total nacional,Régimen especial,Dic - Feb,2.517960974240897
2013,Total nacional,Régimen especial,Ene - Mar,2.575439939413306
2013,Total nacional,Régimen especial,Feb - Abr,2.6502169063636534
2013,Total nacional,Régimen especial,Mar - May,2.686828715096314
2013,Total nacional,Régimen especial,Abr - Jun,2.868223881704374
2013,Total nacional,Régimen especial,May - Jul,2.9633795509850325
2013,Total nacional,Régimen especial,Jun - Ago,3.0640081236017296
2013,Total nacional,Régimen especial,Jul - Sep,3.016510786346703
2013,Total nacional,Régimen especial,Ago - Oct,2.930683865881362
2013,Total nacional,Régimen especial,Sep - Nov,2.946018881651985
2013,Total nacional,Régimen especial,Oct - Dic,2.7787767316889265
2013,Total nacional,Régimen especial,Nov - Ene,2.7708371898022786
2013,Total nacional,Régimen especial,Dic - Feb,2.6163790027110974
2014,Total nacional,Régimen especial,Ene - Mar,2.697842922225785
2014,Total nacional,Régimen especial,Feb - Abr,2.6816127802603686
2014,Total nacional,Régimen especial,Mar - May,2.6307483929068955
2014,Total nacional,Régimen especial,Abr - Jun,2.645943611144995
2014,Total nacional,Régimen especial,May - Jul,2.792166992602642
2014,Total nacional,Régimen especial,Jun - Ago,2.902369812092835
2014,Total nacional,Régimen especial,Jul - Sep,2.8262988767481856
2014,Total nacional,Régimen especial,Ago - Oct,2.6997962126945905
2014,Total nacional,Régimen especial,Sep - Nov,2.7040799753218785
2014,Total nacional,Régimen especial,Oct - Dic,2.8732769117188246
2014,Total nacional,Régimen especial,Nov - Ene,2.7438535236062065
2014,Total nacional,Régimen especial,Dic - Feb,2.688006181488053
2015,Total nacional,Régimen especial,Ene - Mar,2.6292846119498465
2015,Total nacional,Régimen especial,Feb - Abr,2.655224495631623
2015,Total nacional,Régimen especial,Mar - May,2.7408822414156577
2015,Total nacional,Régimen especial,Abr - Jun,2.6617078428350074
2015,Total nacional,Régimen especial,May - Jul,2.7856787762961366
2015,Total nacional,Régimen especial,Jun - Ago,2.7679912757187464
2015,Total nacional,Régimen especial,Jul - Sep,2.7987019656697516
2015,Total nacional,Régimen especial,Ago - Oct,2.8800911665118427
2015,Total nacional,Régimen especial,Sep - Nov,2.893293960633808
2015,Total nacional,Régimen especial,Oct - Dic,2.9120255623024347
2015,Total nacional,Régimen especial,Nov - Ene,2.762587886980238
2015,Total nacional,Régimen especial,Dic - Feb,2.738925414026078
2016,Total nacional,Régimen especial,Ene - Mar,2.7770805711278044
2016,Total nacional,Régimen especial,Feb - Abr,2.8902682386356684
2016,Total nacional,Régimen especial,Mar - May,2.928599633720931
2016,Total nacional,Régimen especial,Abr - Jun,2.982930978651141
2016,Total nacional,Régimen especial,May - Jul,2.944522770865747
2016,Total nacional,Régimen especial,Jun - Ago,2.9557870537942312
2016,Total nacional,Régimen especial,Jul - Sep,3.004164549012862
2016,Total nacional,Régimen especial,Ago - Oct,2.9374581081032876
2016,Total nacional,Régimen especial,Sep - Nov,2.9776956797939467
2016,Total nacional,Régimen especial,Oct - Dic,2.923674892640794
2016,Total nacional,Régimen especial,Nov - Ene,3.0517536950318878
2016,Total nacional,Régimen especial,Dic - Feb,2.981334035712217
2017,Total nacional,Régimen especial,Ene - Mar,3.0332742969769133
2017,Total nacional,Régimen especial,Feb - Abr,2.9973923975816996
2017,Total nacional,Régimen especial,Mar - May,3.051604760352684
2017,Total nacional,Régimen especial,Abr - Jun,3.013336946489941
2017,Total nacional,Régimen especial,May - Jul,3.0101680153382993
2017,Total nacional,Régimen especial,Jun - Ago,3.1382087102829623
2017,Total nacional,Régimen especial,Jul - Sep,3.197486768903853
2017,Total nacional,Régimen especial,Ago - Oct,3.0994637317781426
2017,Total nacional,Régimen especial,Sep - Nov,2.914110360281382
2017,Total nacional,Régimen especial,Oct - Dic,2.757361922521293
2017,Total nacional,Régimen especial,Nov - Ene,2.800991058954869
2017,Total nacional,Régimen especial,Dic - Feb,2.757488350003054
2018,Total nacional,Régimen especial,Ene - Mar,2.830617981224522
2018,Total nacional,Régimen especial,Feb - Abr,2.979669438596278
2018,Total nacional,Régimen especial,Mar - May,3.1062806361869044
2018,Total nacional,Régimen especial,Abr - Jun,3.273120861676916
2018,Total nacional,Régimen especial,May - Jul,3.1715796928497797
2018,Total nacional,Régimen especial,Jun - Ago,3.259081278776616
2018,Total nacional,Régimen especial,Jul - Sep,3.0794022293324326
2018,Total nacional,Régimen especial,Ago - Oct,3.0280780486925214
2018,Total nacional,Régimen especial,Sep - Nov,2.9676744866200586
2018,Total nacional,Régimen especial,Oct - Dic,2.9927932559303603
2018,Total nacional,Régimen especial,Nov - Ene,3.1723033913003746
2018,Total nacional,Régimen especial,Dic - Feb,3.1737524094394476
2019,Total nacional,Régimen especial,Ene - Mar,3.171249865780558
2019,Total nacional,Régimen especial,Feb - Abr,3.0481266924630708
2019,Total nacional,Régimen especial,Mar - May,2.912205264099287
2019,Total nacional,Régimen especial,Abr - Jun,2.9625112919703107
2019,Total nacional,Régimen especial,May - Jul,3.0304332573219055
2019,Total nacional,Régimen especial,Jun - Ago,3.122878987452696
2019,Total nacional,Régimen especial,Jul - Sep,3.152978553286904
2019,Total nacional,Régimen especial,Ago - Oct,3.060468371032539
2019,Total nacional,Régimen especial,Sep - Nov,3.0094216540563523
2019,Total nacional,Régimen especial,Oct - Dic,2.8364814556041713
2019,Total nacional,Régimen especial,Nov - Ene,2.8860253384808265
2019,Total nacional,Régimen especial,Dic - Feb,2.8703582392664067
2020,Total nacional,Régimen especial,Ene - Mar,0.0
2020,Total nacional,Régimen especial,Feb - Abr,0.0
2020,Total nacional,Régimen especial,Mar - May,0.0
2020,Total nacional,Régimen especial,Abr - Jun,0.0
2020,Total nacional,Régimen especial,May - Jul,2.9265841616414012
2020,Total nacional,Régimen especial,Jun - Ago,2.865271326655136
2020,Total nacional,Régimen especial,Jul - Sep,3.159147644564165
2020,Total nacional,Régimen especial,Ago - Oct,3.2859834275984205
2020,Total nacional,Régimen especial,Sep - Nov,3.221531880089569
2020,Total nacional,Régimen especial,Oct - Dic,2.941145007155529
2020,Total nacional,Régimen especial,Nov - Ene,2.5911668409189237
2020,Total nacional,Régimen especial,Dic - Feb,2.297703807738188
2021,Total nacional,Régimen especial,Ene - Mar,2.003831397422352
2021,Total nacional,Régimen especial,Feb - Abr,2.034653729977995
2021,Total nacional,Régimen especial,Mar - May,2.1613198974841192
2021,Total nacional,Régimen especial,Abr - Jun,2.1334312172882535
2021,Total nacional,Régimen especial,May - Jul,2.123667564394347
2021,Total nacional,Régimen especial,Jun - Ago,2.016107004394171
2021,Total nacional,Régimen especial,Jul - Sep,2.1212583069016073
2021,Total nacional,Régimen especial,Ago - Oct,2.068380415213725
2021,Total nacional,Régimen especial,Sep - Nov,2.1994904386449274
2021,Total nacional,Régimen especial,Oct - Dic,2.2296815623317503
2021,Total nacional,Régimen especial,Nov - Ene,2.4130697108764942
2021,Total nacional,Régimen especial,Dic - Feb,2.357941967477994
2022,Total nacional,Régimen especial,Ene - Mar,2.3932687708839944
2022,Total nacional,Régimen especial,Feb - Abr,2.392321533084613
2022,Total nacional,Régimen especial,Mar - May,2.4129065324768533
2022,Total nacional,Régimen especial,Abr - Jun,2.4084046682680134
2022,Total nacional,Régimen especial,May - Jul,2.4017776591920432
2022,Total nacional,Régimen especial,Jun - Ago,2.410329676345304
2022,Total nacional,Régimen especial,Jul - Sep,2.4288620936283802
2022,Total nacional,Régimen especial,Ago - Oct,2.418074070513509
2022,Total nacional,Régimen especial,Sep - Nov,2.344601481350636
2022,Total nacional,Régimen especial,Oct - Dic,2.2912938031993737
2022,Total nacional,Régimen especial,Nov - Ene,2.2690036744428466
2022,Total nacional,Régimen especial,Dic - Feb,2.4651981981135416
2023,Total nacional,Régimen especial,Ene - Mar,2.5784872670845047
2023,Total nacional,Régimen especial,Feb - Abr,2.6924974677705724
2023,Total nacional,Régimen especial,Mar - May,2.671356790353826
2023,Total nacional,Régimen especial,Abr - Jun,2.620082468734487
2023,Total nacional,Régimen especial,May - Jul,2.524244310829144
2023,Total nacional,Régimen especial,Jun - Ago,2.539522805665712
2023,Total nacional,Régimen especial,Jul - Sep,2.6548975326805997
2023,Total nacional,Régimen especial,Ago - Oct,2.563270656841296
2023,Total nacional,Régimen especial,Sep - Nov,2.421287737403186
2023,Total nacional,Régimen especial,Oct - Dic,2.326244437731648
2023,Total nacional,Régimen especial,Nov - Ene,2.4950456093912567
2023,Total nacional,Régimen especial,Dic - Feb,2.569982484900239
2024,Total nacional,Régimen especial,Ene - Mar,2.666648859139797
2024,Total nacional,Régimen especial,Feb - Abr,2.704372669493292
2024,Total nacional,Régimen especial,Mar - May,2.682591720431049
2024,Total nacional,Régimen especial,Abr - Jun,2.554730731362605
2024,Total nacional,Régimen especial,May - Jul,2.376430139985043
2024,Total nacional,Régimen especial,Jun - Ago,2.4288880125941414
2024,Total nacional,Régimen especial,Jul - Sep,2.4189819622831923
2024,Total nacional,Régimen especial,Ago - Oct,2.52943789093308
2024,Total nacional,Régimen especial,Sep - Nov,2.490923091687221
2024,Total nacional,Régimen especial,Oct - Dic,2.495887476479611
2024,Total nacional,Régimen especial,Nov - Ene,2.4377382197895736
2024,Total nacional,Régimen especial,Dic - Feb,2.523415414977105
2025,Total nacional,Régimen especial,Ene - Mar,2.507835031199917
2025,Total nacional,Régimen especial,Feb - Abr,2.643214397024931
2025,Total nacional,Régimen especial,Mar - May,2.4810556130054193
2025,Total nacional,Régimen especial,Abr - Jun,2.5869828767635856
2025,Total nacional,Régimen especial,May - Jul,2.3483847226140178
2025,Total nacional,Régimen especial,Jun - Ago,2.3222048358014935
2025,Total nacional,Régimen especial,Jul - Sep,2.217214509952058
2025,Total nacional,Régimen especial,Ago - Oct,2.398629608892015
2025,Total nacional,Régimen especial,Sep - Nov,2.374826161164404
2025,Total nacional,Régimen especial,Oct - Dic,2.4343469440044254
2025,Total nacional,Régimen especial,Nov - Ene,2.316584744977938
2025,Total nacional,Régimen especial,Dic - Feb,2.4649528130104548
2026,Total nacional,Régimen especial,Ene - Mar,2.505438452357014
2026,Total nacional,Régimen especial,Feb - Abr,2.547215107217216
2007,Total nacional,Aportantes,Ene - Mar,37.470114942241715
2007,Total nacional,Aportantes,Feb - Abr,37.43056072404666
2007,Total nacional,Aportantes,Mar - May,38.180843377159555
2007,Total nacional,Aportantes,Abr - Jun,38.0220690657862
2007,Total nacional,Aportantes,May - Jul,38.83615811395658
2007,Total nacional,Aportantes,Jun - Ago,38.53511746492806
2007,Total nacional,Aportantes,Jul - Sep,39.040432497409
2007,Total nacional,Aportantes,Ago - Oct,38.32219070660045
2007,Total nacional,Aportantes,Sep - Nov,38.580576128193144
2007,Total nacional,Aportantes,Oct - Dic,37.84463358577612
2007,Total nacional,Aportantes,Nov - Ene,38.51167700099099
2007,Total nacional,Aportantes,Dic - Feb,37.47243218977676
2008,Total nacional,Aportantes,Ene - Mar,37.28148459721995
2008,Total nacional,Aportantes,Feb - Abr,37.00510071215066
2008,Total nacional,Aportantes,Mar - May,37.6702336813914
2008,Total nacional,Aportantes,Abr - Jun,38.80227771675984
2008,Total nacional,Aportantes,May - Jul,39.53453653577078
2008,Total nacional,Aportantes,Jun - Ago,39.7111095391506
2008,Total nacional,Aportantes,Jul - Sep,39.211104799381516
2008,Total nacional,Aportantes,Ago - Oct,37.800079714124294
2008,Total nacional,Aportantes,Sep - Nov,38.04369820622756
2008,Total nacional,Aportantes,Oct - Dic,37.83328642014973
2008,Total nacional,Aportantes,Nov - Ene,37.958868232110305
2008,Total nacional,Aportantes,Dic - Feb,37.078099628310156
2009,Total nacional,Aportantes,Ene - Mar,36.69248130363632
2009,Total nacional,Aportantes,Feb - Abr,37.107278648516136
2009,Total nacional,Aportantes,Mar - May,37.34133153283798
2009,Total nacional,Aportantes,Abr - Jun,36.99701866667082
2009,Total nacional,Aportantes,May - Jul,37.17233635183078
2009,Total nacional,Aportantes,Jun - Ago,37.00680703631552
2009,Total nacional,Aportantes,Jul - Sep,37.677908600987934
2009,Total nacional,Aportantes,Ago - Oct,36.91491620266257
2009,Total nacional,Aportantes,Sep - Nov,36.585732954356146
2009,Total nacional,Aportantes,Oct - Dic,35.87838050781526
2009,Total nacional,Aportantes,Nov - Ene,36.020532756218216
2009,Total nacional,Aportantes,Dic - Feb,36.42257240720243
2010,Total nacional,Aportantes,Ene - Mar,36.95179304557599
2010,Total nacional,Aportantes,Feb - Abr,37.33610284801235
2010,Total nacional,Aportantes,Mar - May,37.74544138724709
2010,Total nacional,Aportantes,Abr - Jun,37.571256770952374
2010,Total nacional,Aportantes,May - Jul,37.54908056048526
2010,Total nacional,Aportantes,Jun - Ago,37.0116913105895
2010,Total nacional,Aportantes,Jul - Sep,36.981793607703665
2010,Total nacional,Aportantes,Ago - Oct,36.57986938505477
2010,Total nacional,Aportantes,Sep - Nov,36.21020724641425
2010,Total nacional,Aportantes,Oct - Dic,36.26928028293706
2010,Total nacional,Aportantes,Nov - Ene,36.52620032296459
2010,Total nacional,Aportantes,Dic - Feb,37.16959025404467
2011,Total nacional,Aportantes,Ene - Mar,37.72737463134364
2011,Total nacional,Aportantes,Feb - Abr,38.23452150264142
2011,Total nacional,Aportantes,Mar - May,38.35609546259283
2011,Total nacional,Aportantes,Abr - Jun,38.50585711173872
2011,Total nacional,Aportantes,May - Jul,38.53835796632218
2011,Total nacional,Aportantes,Jun - Ago,38.71958873232118
2011,Total nacional,Aportantes,Jul - Sep,39.030653287607436
2011,Total nacional,Aportantes,Ago - Oct,38.21560832497089
2011,Total nacional,Aportantes,Sep - Nov,37.27177872507926
2011,Total nacional,Aportantes,Oct - Dic,36.61769629507904
2011,Total nacional,Aportantes,Nov - Ene,37.08857351727846
2011,Total nacional,Aportantes,Dic - Feb,37.74215177331381
2012,Total nacional,Aportantes,Ene - Mar,38.17307583853417
2012,Total nacional,Aportantes,Feb - Abr,38.70736436352411
2012,Total nacional,Aportantes,Mar - May,39.09792729253272
2012,Total nacional,Aportantes,Abr - Jun,38.62339900480094
2012,Total nacional,Aportantes,May - Jul,38.198978695363664
2012,Total nacional,Aportantes,Jun - Ago,38.27887644641806
2012,Total nacional,Aportantes,Jul - Sep,38.40736808740841
2012,Total nacional,Aportantes,Ago - Oct,38.33300993606988
2012,Total nacional,Aportantes,Sep - Nov,37.606563143476045
2012,Total nacional,Aportantes,Oct - Dic,37.296586052266036
2012,Total nacional,Aportantes,Nov - Ene,37.28122199540185
2012,Total nacional,Aportantes,Dic - Feb,37.88164741811437
2013,Total nacional,Aportantes,Ene - Mar,38.708702676982234
2013,Total nacional,Aportantes,Feb - Abr,39.62648356331208
2013,Total nacional,Aportantes,Mar - May,39.74488460836913
2013,Total nacional,Aportantes,Abr - Jun,39.82177956067214
2013,Total nacional,Aportantes,May - Jul,39.78760395318107
2013,Total nacional,Aportantes,Jun - Ago,39.88108196341821
2013,Total nacional,Aportantes,Jul - Sep,39.9963181309231
2013,Total nacional,Aportantes,Ago - Oct,39.63701634560603
2013,Total nacional,Aportantes,Sep - Nov,39.316536151944554
2013,Total nacional,Aportantes,Oct - Dic,38.81508816598211
2013,Total nacional,Aportantes,Nov - Ene,38.9941652334295
2013,Total nacional,Aportantes,Dic - Feb,39.98742461226806
2014,Total nacional,Aportantes,Ene - Mar,40.77029652483561
2014,Total nacional,Aportantes,Feb - Abr,41.513705621957556
2014,Total nacional,Aportantes,Mar - May,41.536630659605365
2014,Total nacional,Aportantes,Abr - Jun,41.3911550363705
2014,Total nacional,Aportantes,May - Jul,41.51662036806187
2014,Total nacional,Aportantes,Jun - Ago,41.07883323636963
2014,Total nacional,Aportantes,Jul - Sep,41.432530771782
2014,Total nacional,Aportantes,Ago - Oct,40.6590508165316
2014,Total nacional,Aportantes,Sep - Nov,40.45787620046405
2014,Total nacional,Aportantes,Oct - Dic,40.273792650574606
2014,Total nacional,Aportantes,Nov - Ene,40.360309658543834
2014,Total nacional,Aportantes,Dic - Feb,40.72679984460813
2015,Total nacional,Aportantes,Ene - Mar,40.56249521527092
2015,Total nacional,Aportantes,Feb - Abr,40.859718633990994
2015,Total nacional,Aportantes,Mar - May,40.979757825069136
2015,Total nacional,Aportantes,Abr - Jun,41.16047645933695
2015,Total nacional,Aportantes,May - Jul,41.1767797865849
2015,Total nacional,Aportantes,Jun - Ago,41.375598123803684
2015,Total nacional,Aportantes,Jul - Sep,41.45879599370438
2015,Total nacional,Aportantes,Ago - Oct,41.713874559571956
2015,Total nacional,Aportantes,Sep - Nov,41.12569620690996
2015,Total nacional,Aportantes,Oct - Dic,41.139629112313905
2015,Total nacional,Aportantes,Nov - Ene,40.744812177119975
2015,Total nacional,Aportantes,Dic - Feb,41.43717995454776
2016,Total nacional,Aportantes,Ene - Mar,41.976928344424344
2016,Total nacional,Aportantes,Feb - Abr,42.43925985492986
2016,Total nacional,Aportantes,Mar - May,42.82438345851853
2016,Total nacional,Aportantes,Abr - Jun,42.60135760828186
2016,Total nacional,Aportantes,May - Jul,42.756579699526846
2016,Total nacional,Aportantes,Jun - Ago,42.469736827153994
2016,Total nacional,Aportantes,Jul - Sep,42.74140185912586
2016,Total nacional,Aportantes,Ago - Oct,42.478953336652495
2016,Total nacional,Aportantes,Sep - Nov,42.040996071684965
2016,Total nacional,Aportantes,Oct - Dic,41.678547411061516
2016,Total nacional,Aportantes,Nov - Ene,41.48919617769345
2016,Total nacional,Aportantes,Dic - Feb,42.20881416148379
2017,Total nacional,Aportantes,Ene - Mar,42.66202308415917
2017,Total nacional,Aportantes,Feb - Abr,43.23436135251285
2017,Total nacional,Aportantes,Mar - May,43.0884654958961
2017,Total nacional,Aportantes,Abr - Jun,42.741450144492376
2017,Total nacional,Aportantes,May - Jul,42.47283790340889
2017,Total nacional,Aportantes,Jun - Ago,42.57678810593606
2017,Total nacional,Aportantes,Jul - Sep,42.63360968420145
2017,Total nacional,Aportantes,Ago - Oct,42.66075735104268
2017,Total nacional,Aportantes,Sep - Nov,42.041481755954116
2017,Total nacional,Aportantes,Oct - Dic,41.53752392844266
2017,Total nacional,Aportantes,Nov - Ene,40.81799537887726
2017,Total nacional,Aportantes,Dic - Feb,41.713987482566225
2018,Total nacional,Aportantes,Ene - Mar,42.34438550856942
2018,Total nacional,Aportantes,Feb - Abr,43.3744172267687
2018,Total nacional,Aportantes,Mar - May,43.20050044193528
2018,Total nacional,Aportantes,Abr - Jun,43.16569829576654
2018,Total nacional,Aportantes,May - Jul,43.129470653319316
2018,Total nacional,Aportantes,Jun - Ago,42.86997906249046
2018,Total nacional,Aportantes,Jul - Sep,42.635039568817234
2018,Total nacional,Aportantes,Ago - Oct,42.245998411487484
2018,Total nacional,Aportantes,Sep - Nov,41.90881449597756
2018,Total nacional,Aportantes,Oct - Dic,41.71335706637619
2018,Total nacional,Aportantes,Nov - Ene,41.1799845130852
2018,Total nacional,Aportantes,Dic - Feb,41.57886139011775
2019,Total nacional,Aportantes,Ene - Mar,42.28601885242066
2019,Total nacional,Aportantes,Feb - Abr,43.437210342519286
2019,Total nacional,Aportantes,Mar - May,43.57827163447969
2019,Total nacional,Aportantes,Abr - Jun,43.61877329192474
2019,Total nacional,Aportantes,May - Jul,43.72385962817133
2019,Total nacional,Aportantes,Jun - Ago,43.77110638215577
2019,Total nacional,Aportantes,Jul - Sep,44.01905057948265
2019,Total nacional,Aportantes,Ago - Oct,43.34571937754809
2019,Total nacional,Aportantes,Sep - Nov,42.64476639695579
2019,Total nacional,Aportantes,Oct - Dic,41.514681561252786
2019,Total nacional,Aportantes,Nov - Ene,41.11399785551886
2019,Total nacional,Aportantes,Dic - Feb,41.57910167899435
2020,Total nacional,Aportantes,Ene - Mar,0.0
2020,Total nacional,Aportantes,Feb - Abr,0.0
2020,Total nacional,Aportantes,Mar - May,0.0
2020,Total nacional,Aportantes,Abr - Jun,0.0
2020,Total nacional,Aportantes,May - Jul,43.69150474013963
2020,Total nacional,Aportantes,Jun - Ago,43.36368420719734
2020,Total nacional,Aportantes,Jul - Sep,43.161980394434515
2020,Total nacional,Aportantes,Ago - Oct,42.9140061847601
2020,Total nacional,Aportantes,Sep - Nov,42.302027359754604
2020,Total nacional,Aportantes,Oct - Dic,41.88575569941469
2020,Total nacional,Aportantes,Nov - Ene,43.08370999026646
2020,Total nacional,Aportantes,Dic - Feb,43.712880395053496
2021,Total nacional,Aportantes,Ene - Mar,44.88744084541747
2021,Total nacional,Aportantes,Feb - Abr,44.719702597819996
2021,Total nacional,Aportantes,Mar - May,45.420836542344055
2021,Total nacional,Aportantes,Abr - Jun,45.712494034590485
2021,Total nacional,Aportantes,May - Jul,45.51347392635411
2021,Total nacional,Aportantes,Jun - Ago,44.82627847165326
2021,Total nacional,Aportantes,Jul - Sep,45.1408715611057
2021,Total nacional,Aportantes,Ago - Oct,45.32938335019162
2021,Total nacional,Aportantes,Sep - Nov,45.71813542014618
2021,Total nacional,Aportantes,Oct - Dic,45.62591512897068
2021,Total nacional,Aportantes,Nov - Ene,46.251356897673155
2021,Total nacional,Aportantes,Dic - Feb,46.0201669235006
2022,Total nacional,Aportantes,Ene - Mar,45.77566818984724
2022,Total nacional,Aportantes,Feb - Abr,45.416874450946956
2022,Total nacional,Aportantes,Mar - May,46.09456937382594
2022,Total nacional,Aportantes,Abr - Jun,46.2727564327188
2022,Total nacional,Aportantes,May - Jul,46.049068235056914
2022,Total nacional,Aportantes,Jun - Ago,45.795184404231904
2022,Total nacional,Aportantes,Jul - Sep,45.62168183515926
2022,Total nacional,Aportantes,Ago - Oct,45.773004033168625
2022,Total nacional,Aportantes,Sep - Nov,45.69976642542581
2022,Total nacional,Aportantes,Oct - Dic,45.988392680951506
2022,Total nacional,Aportantes,Nov - Ene,45.90907906078066
2022,Total nacional,Aportantes,Dic - Feb,45.39178406658914
2023,Total nacional,Aportantes,Ene - Mar,44.79714837896024
2023,Total nacional,Aportantes,Feb - Abr,45.10836371895516
2023,Total nacional,Aportantes,Mar - May,46.06652900481428
2023,Total nacional,Aportantes,Abr - Jun,47.061848186406806
2023,Total nacional,Aportantes,May - Jul,47.12670807680914
2023,Total nacional,Aportantes,Jun - Ago,46.80403626053036
2023,Total nacional,Aportantes,Jul - Sep,46.700030496997385
2023,Total nacional,Aportantes,Ago - Oct,47.123260364617764
2023,Total nacional,Aportantes,Sep - Nov,47.6147193142967
2023,Total nacional,Aportantes,Oct - Dic,47.57337533551749
2023,Total nacional,Aportantes,Nov - Ene,47.27742635135137
2023,Total nacional,Aportantes,Dic - Feb,46.68778956235403
2024,Total nacional,Aportantes,Ene - Mar,46.587822501421215
2024,Total nacional,Aportantes,Feb - Abr,46.33179352562556
2024,Total nacional,Aportantes,Mar - May,46.9332679698511
2024,Total nacional,Aportantes,Abr - Jun,47.162651034411205
2024,Total nacional,Aportantes,May - Jul,47.33099027892852
2024,Total nacional,Aportantes,Jun - Ago,46.98367024594389
2024,Total nacional,Aportantes,Jul - Sep,46.90357532847351
2024,Total nacional,Aportantes,Ago - Oct,47.04836220195754
2024,Total nacional,Aportantes,Sep - Nov,47.16411294633278
2024,Total nacional,Aportantes,Oct - Dic,46.832975618235814
2024,Total nacional,Aportantes,Nov - Ene,46.73251181893562
2024,Total nacional,Aportantes,Dic - Feb,45.96265877696274
2025,Total nacional,Aportantes,Ene - Mar,45.59208775834304
2025,Total nacional,Aportantes,Feb - Abr,45.795574288724964
2025,Total nacional,Aportantes,Mar - May,46.464345551136006
2025,Total nacional,Aportantes,Abr - Jun,47.1558079302877
2025,Total nacional,Aportantes,May - Jul,47.109405257372906
2025,Total nacional,Aportantes,Jun - Ago,47.290081616642716
2025,Total nacional,Aportantes,Jul - Sep,47.471586662389804
2025,Total nacional,Aportantes,Ago - Oct,47.12505105932551
2025,Total nacional,Aportantes,Sep - Nov,46.80023366178337
2025,Total nacional,Aportantes,Oct - Dic,46.50027914970766
2025,Total nacional,Aportantes,Nov - Ene,47.07018927707496
2025,Total nacional,Aportantes,Dic - Feb,47.382094375656365
2026,Total nacional,Aportantes,Ene - Mar,47.484854958698236
2026,Total nacional,Aportantes,Feb - Abr,47.52616257160434
2007,Total nacional,Beneficiarios,Ene - Mar,9.51682448740618
2007,Total nacional,Beneficiarios,Feb - Abr,9.87969954642932
2007,Total nacional,Beneficiarios,Mar - May,10.219234004824335
2007,Total nacional,Beneficiarios,Abr - Jun,10.257876517954081
2007,Total nacional,Beneficiarios,May - Jul,10.094281971054468
2007,Total nacional,Beneficiarios,Jun - Ago,10.051733880455654
2007,Total nacional,Beneficiarios,Jul - Sep,10.049610062840719
2007,Total nacional,Beneficiarios,Ago - Oct,10.109685078771959
2007,Total nacional,Beneficiarios,Sep - Nov,10.256210706691004
2007,Total nacional,Beneficiarios,Oct - Dic,10.427564624568596
2007,Total nacional,Beneficiarios,Nov - Ene,10.358475137048544
2007,Total nacional,Beneficiarios,Dic - Feb,9.921260502926318
2008,Total nacional,Beneficiarios,Ene - Mar,9.536039711360567
2008,Total nacional,Beneficiarios,Feb - Abr,9.782567713671488
2008,Total nacional,Beneficiarios,Mar - May,10.075172416462191
2008,Total nacional,Beneficiarios,Abr - Jun,10.299540377660861
2008,Total nacional,Beneficiarios,May - Jul,10.400550177486691
2008,Total nacional,Beneficiarios,Jun - Ago,10.379979313334585
2008,Total nacional,Beneficiarios,Jul - Sep,10.578324466973388
2008,Total nacional,Beneficiarios,Ago - Oct,10.266193654854765
2008,Total nacional,Beneficiarios,Sep - Nov,10.40919935264492
2008,Total nacional,Beneficiarios,Oct - Dic,10.220328735880296
2008,Total nacional,Beneficiarios,Nov - Ene,10.09143582496119
2008,Total nacional,Beneficiarios,Dic - Feb,9.86286676528888
2009,Total nacional,Beneficiarios,Ene - Mar,9.955420811377618
2009,Total nacional,Beneficiarios,Feb - Abr,10.222831476404364
2009,Total nacional,Beneficiarios,Mar - May,10.381916953344694
2009,Total nacional,Beneficiarios,Abr - Jun,10.516723361705466
2009,Total nacional,Beneficiarios,May - Jul,10.396999086516693
2009,Total nacional,Beneficiarios,Jun - Ago,10.317183734489896
2009,Total nacional,Beneficiarios,Jul - Sep,10.150825746727952
2009,Total nacional,Beneficiarios,Ago - Oct,10.390925974528642
2009,Total nacional,Beneficiarios,Sep - Nov,10.474401036840186
2009,Total nacional,Beneficiarios,Oct - Dic,10.592479817156073
2009,Total nacional,Beneficiarios,Nov - Ene,10.4522303907507
2009,Total nacional,Beneficiarios,Dic - Feb,10.314366651143777
2010,Total nacional,Beneficiarios,Ene - Mar,10.171810361496025
2010,Total nacional,Beneficiarios,Feb - Abr,10.173572661205597
2010,Total nacional,Beneficiarios,Mar - May,10.282553956579875
2010,Total nacional,Beneficiarios,Abr - Jun,10.350588071588064
2010,Total nacional,Beneficiarios,May - Jul,10.240292895511642
2010,Total nacional,Beneficiarios,Jun - Ago,10.196666065738127
2010,Total nacional,Beneficiarios,Jul - Sep,10.32867972307202
2010,Total nacional,Beneficiarios,Ago - Oct,10.636179937145524
2010,Total nacional,Beneficiarios,Sep - Nov,10.663674964939252
2010,Total nacional,Beneficiarios,Oct - Dic,10.619773725329233
2010,Total nacional,Beneficiarios,Nov - Ene,10.28967357108986
2010,Total nacional,Beneficiarios,Dic - Feb,10.482781896535567
2011,Total nacional,Beneficiarios,Ene - Mar,10.320711933780826
2011,Total nacional,Beneficiarios,Feb - Abr,10.523035522147145
2011,Total nacional,Beneficiarios,Mar - May,10.466273086835841
2011,Total nacional,Beneficiarios,Abr - Jun,10.597782024968073
2011,Total nacional,Beneficiarios,May - Jul,10.578351658155638
2011,Total nacional,Beneficiarios,Jun - Ago,10.815162377328997
2011,Total nacional,Beneficiarios,Jul - Sep,10.785150396422997
2011,Total nacional,Beneficiarios,Ago - Oct,11.112340850567595
2011,Total nacional,Beneficiarios,Sep - Nov,10.965011421170443
2011,Total nacional,Beneficiarios,Oct - Dic,11.119850604836731
2011,Total nacional,Beneficiarios,Nov - Ene,10.867112364572549
2011,Total nacional,Beneficiarios,Dic - Feb,10.489335842008524
2012,Total nacional,Beneficiarios,Ene - Mar,10.501038643327638
2012,Total nacional,Beneficiarios,Feb - Abr,10.703215574796625
2012,Total nacional,Beneficiarios,Mar - May,11.172811939495276
2012,Total nacional,Beneficiarios,Abr - Jun,11.097419238051966
2012,Total nacional,Beneficiarios,May - Jul,11.037780336637589
2012,Total nacional,Beneficiarios,Jun - Ago,11.04019171133829
2012,Total nacional,Beneficiarios,Jul - Sep,11.06761533673728
2012,Total nacional,Beneficiarios,Ago - Oct,11.041447237907644
2012,Total nacional,Beneficiarios,Sep - Nov,10.788848299863476
2012,Total nacional,Beneficiarios,Oct - Dic,10.654355100991516
2012,Total nacional,Beneficiarios,Nov - Ene,10.373885512067528
2012,Total nacional,Beneficiarios,Dic - Feb,10.446917731754972
2013,Total nacional,Beneficiarios,Ene - Mar,10.40767231567454
2013,Total nacional,Beneficiarios,Feb - Abr,10.613060367043682
2013,Total nacional,Beneficiarios,Mar - May,10.866409894251884
2013,Total nacional,Beneficiarios,Abr - Jun,10.997951675026577
2013,Total nacional,Beneficiarios,May - Jul,11.160137179920024
2013,Total nacional,Beneficiarios,Jun - Ago,10.845368535784727
2013,Total nacional,Beneficiarios,Jul - Sep,10.921998784897026
2013,Total nacional,Beneficiarios,Ago - Oct,10.79398022257607
2013,Total nacional,Beneficiarios,Sep - Nov,10.87838507039379
2013,Total nacional,Beneficiarios,Oct - Dic,10.765977740276421
2013,Total nacional,Beneficiarios,Nov - Ene,10.469601128344266
2013,Total nacional,Beneficiarios,Dic - Feb,10.224588726969907
2014,Total nacional,Beneficiarios,Ene - Mar,10.025122798846786
2014,Total nacional,Beneficiarios,Feb - Abr,10.276259967157952
2014,Total nacional,Beneficiarios,Mar - May,10.283363957711218
2014,Total nacional,Beneficiarios,Abr - Jun,10.120277217981426
2014,Total nacional,Beneficiarios,May - Jul,10.084791775428739
2014,Total nacional,Beneficiarios,Jun - Ago,10.211924055455365
2014,Total nacional,Beneficiarios,Jul - Sep,10.23024009337012
2014,Total nacional,Beneficiarios,Ago - Oct,10.295803959645937
2014,Total nacional,Beneficiarios,Sep - Nov,10.433375909889135
2014,Total nacional,Beneficiarios,Oct - Dic,10.64704351415562
2014,Total nacional,Beneficiarios,Nov - Ene,10.451278438827096
2014,Total nacional,Beneficiarios,Dic - Feb,10.097437460787976
2015,Total nacional,Beneficiarios,Ene - Mar,9.873947647096127
2015,Total nacional,Beneficiarios,Feb - Abr,9.840896520373125
2015,Total nacional,Beneficiarios,Mar - May,10.043693923065991
2015,Total nacional,Beneficiarios,Abr - Jun,10.046745830926524
2015,Total nacional,Beneficiarios,May - Jul,10.008900000675043
2015,Total nacional,Beneficiarios,Jun - Ago,9.799410255242185
2015,Total nacional,Beneficiarios,Jul - Sep,9.944359742405485
2015,Total nacional,Beneficiarios,Ago - Oct,9.957157092452704
2015,Total nacional,Beneficiarios,Sep - Nov,9.718753258285922
2015,Total nacional,Beneficiarios,Oct - Dic,9.73807493164231
2015,Total nacional,Beneficiarios,Nov - Ene,9.592272016148241
2015,Total nacional,Beneficiarios,Dic - Feb,9.641239101584688
2016,Total nacional,Beneficiarios,Ene - Mar,9.355438327564261
2016,Total nacional,Beneficiarios,Feb - Abr,9.355986285543437
2016,Total nacional,Beneficiarios,Mar - May,9.328226601379907
2016,Total nacional,Beneficiarios,Abr - Jun,9.275821551100053
2016,Total nacional,Beneficiarios,May - Jul,9.354370980888513
2016,Total nacional,Beneficiarios,Jun - Ago,9.403067900660036
2016,Total nacional,Beneficiarios,Jul - Sep,9.615277562265417
2016,Total nacional,Beneficiarios,Ago - Oct,9.582533827468414
2016,Total nacional,Beneficiarios,Sep - Nov,9.650311356873576
2016,Total nacional,Beneficiarios,Oct - Dic,9.524593338903276
2016,Total nacional,Beneficiarios,Nov - Ene,9.305486428657709
2016,Total nacional,Beneficiarios,Dic - Feb,9.071349011052128
2017,Total nacional,Beneficiarios,Ene - Mar,8.839411801873876
2017,Total nacional,Beneficiarios,Feb - Abr,8.738708224931534
2017,Total nacional,Beneficiarios,Mar - May,8.59296999169161
2017,Total nacional,Beneficiarios,Abr - Jun,8.515248541803803
2017,Total nacional,Beneficiarios,May - Jul,8.679853619875805
2017,Total nacional,Beneficiarios,Jun - Ago,8.883928475432949
2017,Total nacional,Beneficiarios,Jul - Sep,9.001427413025107
2017,Total nacional,Beneficiarios,Ago - Oct,8.945839591347395
2017,Total nacional,Beneficiarios,Sep - Nov,8.783084356637302
2017,Total nacional,Beneficiarios,Oct - Dic,8.646872073481722
2017,Total nacional,Beneficiarios,Nov - Ene,8.430123074744815
2017,Total nacional,Beneficiarios,Dic - Feb,8.321429136140008
2018,Total nacional,Beneficiarios,Ene - Mar,8.252254755215146
2018,Total nacional,Beneficiarios,Feb - Abr,8.376947295009513
2018,Total nacional,Beneficiarios,Mar - May,8.359259711315463
2018,Total nacional,Beneficiarios,Abr - Jun,8.268538057378432
2018,Total nacional,Beneficiarios,May - Jul,8.294324964683062
2018,Total nacional,Beneficiarios,Jun - Ago,8.363725219638276
2018,Total nacional,Beneficiarios,Jul - Sep,8.643681380930335
2018,Total nacional,Beneficiarios,Ago - Oct,8.413065685258001
2018,Total nacional,Beneficiarios,Sep - Nov,8.405569321287805
2018,Total nacional,Beneficiarios,Oct - Dic,8.288603340131976
2018,Total nacional,Beneficiarios,Nov - Ene,8.174010950696662
2018,Total nacional,Beneficiarios,Dic - Feb,8.006727877347855
2019,Total nacional,Beneficiarios,Ene - Mar,7.9475604041640056
2019,Total nacional,Beneficiarios,Feb - Abr,8.02936604732705
2019,Total nacional,Beneficiarios,Mar - May,8.064027439087011
2019,Total nacional,Beneficiarios,Abr - Jun,8.015416306702246
2019,Total nacional,Beneficiarios,May - Jul,8.006020613864017
2019,Total nacional,Beneficiarios,Jun - Ago,8.026049672926682
2019,Total nacional,Beneficiarios,Jul - Sep,7.976059336481875
2019,Total nacional,Beneficiarios,Ago - Oct,8.025200195468047
2019,Total nacional,Beneficiarios,Sep - Nov,7.947182419443102
2019,Total nacional,Beneficiarios,Oct - Dic,8.016416497519616
2019,Total nacional,Beneficiarios,Nov - Ene,7.898809864886869
2019,Total nacional,Beneficiarios,Dic - Feb,7.80027480719832
2020,Total nacional,Beneficiarios,Ene - Mar,0.0
2020,Total nacional,Beneficiarios,Feb - Abr,0.0
2020,Total nacional,Beneficiarios,Mar - May,0.0
2020,Total nacional,Beneficiarios,Abr - Jun,0.0
2020,Total nacional,Beneficiarios,May - Jul,6.323659749356186
2020,Total nacional,Beneficiarios,Jun - Ago,6.434463534221437
2020,Total nacional,Beneficiarios,Jul - Sep,6.63536751546965
2020,Total nacional,Beneficiarios,Ago - Oct,6.9662875974035545
2020,Total nacional,Beneficiarios,Sep - Nov,6.969012671453751
2020,Total nacional,Beneficiarios,Oct - Dic,7.0011248777639645
2020,Total nacional,Beneficiarios,Nov - Ene,6.695011411341864
2020,Total nacional,Beneficiarios,Dic - Feb,6.297438458612844
2021,Total nacional,Beneficiarios,Ene - Mar,5.743775806968647
2021,Total nacional,Beneficiarios,Feb - Abr,5.758213059445377
2021,Total nacional,Beneficiarios,Mar - May,5.7582361321856075
2021,Total nacional,Beneficiarios,Abr - Jun,5.902612118395385
2021,Total nacional,Beneficiarios,May - Jul,6.227999219091174
2021,Total nacional,Beneficiarios,Jun - Ago,6.4808374340094845
2021,Total nacional,Beneficiarios,Jul - Sep,6.613180591951763
2021,Total nacional,Beneficiarios,Ago - Oct,6.466845166389441
2021,Total nacional,Beneficiarios,Sep - Nov,6.454898092885045
2021,Total nacional,Beneficiarios,Oct - Dic,6.6536365327198865
2021,Total nacional,Beneficiarios,Nov - Ene,6.581631129480166
2021,Total nacional,Beneficiarios,Dic - Feb,6.5368943358650675
2022,Total nacional,Beneficiarios,Ene - Mar,6.398666627805161
2022,Total nacional,Beneficiarios,Feb - Abr,6.479467733796413
2022,Total nacional,Beneficiarios,Mar - May,6.642566208804457
2022,Total nacional,Beneficiarios,Abr - Jun,6.789590826402693
2022,Total nacional,Beneficiarios,May - Jul,6.894894572217557
2022,Total nacional,Beneficiarios,Jun - Ago,6.769547614309629
2022,Total nacional,Beneficiarios,Jul - Sep,6.862801959972644
2022,Total nacional,Beneficiarios,Ago - Oct,6.896728925112145
2022,Total nacional,Beneficiarios,Sep - Nov,6.901931576668385
2022,Total nacional,Beneficiarios,Oct - Dic,6.656347418274554
2022,Total nacional,Beneficiarios,Nov - Ene,6.421952433188145
2022,Total nacional,Beneficiarios,Dic - Feb,6.309909629210335
2023,Total nacional,Beneficiarios,Ene - Mar,6.274926822389534
2023,Total nacional,Beneficiarios,Feb - Abr,6.311526328235901
2023,Total nacional,Beneficiarios,Mar - May,6.414858481935948
2023,Total nacional,Beneficiarios,Abr - Jun,6.500090364972825
2023,Total nacional,Beneficiarios,May - Jul,6.710046824268459
2023,Total nacional,Beneficiarios,Jun - Ago,6.806873059265663
2023,Total nacional,Beneficiarios,Jul - Sep,6.873854742715063
2023,Total nacional,Beneficiarios,Ago - Oct,6.7179166795362715
2023,Total nacional,Beneficiarios,Sep - Nov,6.813343707838528
2023,Total nacional,Beneficiarios,Oct - Dic,6.624422335803591
2023,Total nacional,Beneficiarios,Nov - Ene,6.553875772541855
2023,Total nacional,Beneficiarios,Dic - Feb,6.296081764439272
2024,Total nacional,Beneficiarios,Ene - Mar,6.443401969586918
2024,Total nacional,Beneficiarios,Feb - Abr,6.552940505389445
2024,Total nacional,Beneficiarios,Mar - May,6.618415869319724
2024,Total nacional,Beneficiarios,Abr - Jun,6.605401001225212
2024,Total nacional,Beneficiarios,May - Jul,6.514519529316673
2024,Total nacional,Beneficiarios,Jun - Ago,6.45918238766621
2024,Total nacional,Beneficiarios,Jul - Sep,6.552209232926957
2024,Total nacional,Beneficiarios,Ago - Oct,6.671977395044888
2024,Total nacional,Beneficiarios,Sep - Nov,6.6609770151924295
2024,Total nacional,Beneficiarios,Oct - Dic,6.3514066863177385
2024,Total nacional,Beneficiarios,Nov - Ene,6.2193741094329935
2024,Total nacional,Beneficiarios,Dic - Feb,6.173062121046001
2025,Total nacional,Beneficiarios,Ene - Mar,6.398081875621167
2025,Total nacional,Beneficiarios,Feb - Abr,6.498319739299867
2025,Total nacional,Beneficiarios,Mar - May,6.505210195632335
2025,Total nacional,Beneficiarios,Abr - Jun,6.442765785862766
2025,Total nacional,Beneficiarios,May - Jul,6.367748516237036
2025,Total nacional,Beneficiarios,Jun - Ago,6.2739745663938935
2025,Total nacional,Beneficiarios,Jul - Sep,6.0690915074371885
2025,Total nacional,Beneficiarios,Ago - Oct,5.999567477899394
2025,Total nacional,Beneficiarios,Sep - Nov,6.065662516922948
2025,Total nacional,Beneficiarios,Oct - Dic,6.310480301859594
2025,Total nacional,Beneficiarios,Nov - Ene,6.261987625805531
2025,Total nacional,Beneficiarios,Dic - Feb,6.3216833300451745
2026,Total nacional,Beneficiarios,Ene - Mar,6.230742738642705
2026,Total nacional,Beneficiarios,Feb - Abr,6.169459102447945
2007,Total nacional,Otro,Ene - Mar,0.04306036975192249
2007,Total nacional,Otro,Feb - Abr,0.03976223065485818
2007,Total nacional,Otro,Mar - May,0.045272824220593276
2007,Total nacional,Otro,Abr - Jun,0.030717046470022265
2007,Total nacional,Otro,May - Jul,0.03752360799016375
2007,Total nacional,Otro,Jun - Ago,0.0321783433455576
2007,Total nacional,Otro,Jul - Sep,0.058276133570763354
2007,Total nacional,Otro,Ago - Oct,0.03923456436344336
2007,Total nacional,Otro,Sep - Nov,0.028117510391379687
2007,Total nacional,Otro,Oct - Dic,0.005644403503635893
2007,Total nacional,Otro,Nov - Ene,0.014354472965274711
2007,Total nacional,Otro,Dic - Feb,0.014625616955810824
2008,Total nacional,Otro,Ene - Mar,0.023426795458907346
2008,Total nacional,Otro,Feb - Abr,0.029089670345113297
2008,Total nacional,Otro,Mar - May,0.03830122375051279
2008,Total nacional,Otro,Abr - Jun,0.041783315667435074
2008,Total nacional,Otro,May - Jul,0.030790367785709295
2008,Total nacional,Otro,Jun - Ago,0.02926729522782013
2008,Total nacional,Otro,Jul - Sep,0.02761190898690905
2008,Total nacional,Otro,Ago - Oct,0.04630782596408644
2008,Total nacional,Otro,Sep - Nov,0.0489420347219324
2008,Total nacional,Otro,Oct - Dic,0.03808177923308311
2008,Total nacional,Otro,Nov - Ene,0.052127789853328964
2008,Total nacional,Otro,Dic - Feb,0.04484090526629543
2009,Total nacional,Otro,Ene - Mar,0.04889125973544415
2009,Total nacional,Otro,Feb - Abr,0.026929258609195785
2009,Total nacional,Otro,Mar - May,0.03647375250780353
2009,Total nacional,Otro,Abr - Jun,0.04141511793926368
2009,Total nacional,Otro,May - Jul,0.04848025429034883
2009,Total nacional,Otro,Jun - Ago,0.048140353687838616
2009,Total nacional,Otro,Jul - Sep,0.04949711952910086
2009,Total nacional,Otro,Ago - Oct,0.04259025724138697
2009,Total nacional,Otro,Sep - Nov,0.0392782681359378
2009,Total nacional,Otro,Oct - Dic,0.038087703974749317
2009,Total nacional,Otro,Nov - Ene,0.04797630547692707
2009,Total nacional,Otro,Dic - Feb,0.04228307915562079
2010,Total nacional,Otro,Ene - Mar,0.05005062627130467
2010,Total nacional,Otro,Feb - Abr,0.037725438319072026
2010,Total nacional,Otro,Mar - May,0.047686455402054906
2010,Total nacional,Otro,Abr - Jun,0.0527454756375492
2010,Total nacional,Otro,May - Jul,0.062481051888779573
2010,Total nacional,Otro,Jun - Ago,0.05350731124023242
2010,Total nacional,Otro,Jul - Sep,0.04111435892783566
2010,Total nacional,Otro,Ago - Oct,0.03772435157844752
2010,Total nacional,Otro,Sep - Nov,0.06205826785678351
2010,Total nacional,Otro,Oct - Dic,0.07421820091730033
2010,Total nacional,Otro,Nov - Ene,0.07458540598271575
2010,Total nacional,Otro,Dic - Feb,0.08595085078350459
2011,Total nacional,Otro,Ene - Mar,0.07689787118519474
2011,Total nacional,Otro,Feb - Abr,0.10762249786851893
2011,Total nacional,Otro,Mar - May,0.11264014974855271
2011,Total nacional,Otro,Abr - Jun,0.14544737012962922
2011,Total nacional,Otro,May - Jul,0.1730491567799275
2011,Total nacional,Otro,Jun - Ago,0.168044771411872
2011,Total nacional,Otro,Jul - Sep,0.20930287438773593
2011,Total nacional,Otro,Ago - Oct,0.1987298120557297
2011,Total nacional,Otro,Sep - Nov,0.225890385574604
2011,Total nacional,Otro,Oct - Dic,0.20457925618449155
2011,Total nacional,Otro,Nov - Ene,0.17337709450973268
2011,Total nacional,Otro,Dic - Feb,0.17363124650301143
2012,Total nacional,Otro,Ene - Mar,0.15607247153368425
2012,Total nacional,Otro,Feb - Abr,0.16334954502248297
2012,Total nacional,Otro,Mar - May,0.1464218337451975
2012,Total nacional,Otro,Abr - Jun,0.15632338491842196
2012,Total nacional,Otro,May - Jul,0.1865039649549012
2012,Total nacional,Otro,Jun - Ago,0.1622231785227343
2012,Total nacional,Otro,Jul - Sep,0.1855009712631485
2012,Total nacional,Otro,Ago - Oct,0.17099390241265044
2012,Total nacional,Otro,Sep - Nov,0.19720690606503144
2012,Total nacional,Otro,Oct - Dic,0.15534784062421986
2012,Total nacional,Otro,Nov - Ene,0.15279934422631003
2012,Total nacional,Otro,Dic - Feb,0.12804708594455821
2013,Total nacional,Otro,Ene - Mar,0.12743891365778925
2013,Total nacional,Otro,Feb - Abr,0.09904063453464751
2013,Total nacional,Otro,Mar - May,0.10167913062341297
2013,Total nacional,Otro,Abr - Jun,0.11633974656214063
2013,Total nacional,Otro,May - Jul,0.18053896476689427
2013,Total nacional,Otro,Jun - Ago,0.2517457173353074
2013,Total nacional,Otro,Jul - Sep,0.26837404892851996
2013,Total nacional,Otro,Ago - Oct,0.28483519967920734
2013,Total nacional,Otro,Sep - Nov,0.26436937827298473
2013,Total nacional,Otro,Oct - Dic,0.2684155132176489
2013,Total nacional,Otro,Nov - Ene,0.2658066571478626
2013,Total nacional,Otro,Dic - Feb,0.2869295483856495
2014,Total nacional,Otro,Ene - Mar,0.30008263137623337
2014,Total nacional,Otro,Feb - Abr,0.2988438521502622
2014,Total nacional,Otro,Mar - May,0.2934384085440973
2014,Total nacional,Otro,Abr - Jun,0.28194769103193146
2014,Total nacional,Otro,May - Jul,0.2644500572043956
2014,Total nacional,Otro,Jun - Ago,0.27959797136652265
2014,Total nacional,Otro,Jul - Sep,0.31672219928199513
2014,Total nacional,Otro,Ago - Oct,0.3532458667027956
2014,Total nacional,Otro,Sep - Nov,0.3546713247173306
2014,Total nacional,Otro,Oct - Dic,0.38521429354968345
2014,Total nacional,Otro,Nov - Ene,0.3658411875534399
2014,Total nacional,Otro,Dic - Feb,0.4014854268842004
2015,Total nacional,Otro,Ene - Mar,0.39152801493788314
2015,Total nacional,Otro,Feb - Abr,0.39825207861044615
2015,Total nacional,Otro,Mar - May,0.3795304414894397
2015,Total nacional,Otro,Abr - Jun,0.3923151171927929
2015,Total nacional,Otro,May - Jul,0.4190700918163088
2015,Total nacional,Otro,Jun - Ago,0.38794890375409236
2015,Total nacional,Otro,Jul - Sep,0.3593680248022883
2015,Total nacional,Otro,Ago - Oct,0.33862572340822916
2015,Total nacional,Otro,Sep - Nov,0.3405490659536174
2015,Total nacional,Otro,Oct - Dic,0.2982824402606885
2015,Total nacional,Otro,Nov - Ene,0.34756510927229395
2015,Total nacional,Otro,Dic - Feb,0.3655757152728217
2016,Total nacional,Otro,Ene - Mar,0.3631407210923408
2016,Total nacional,Otro,Feb - Abr,0.3105679411368617
2016,Total nacional,Otro,Mar - May,0.33897215434831285
2016,Total nacional,Otro,Abr - Jun,0.34968736635621006
2016,Total nacional,Otro,May - Jul,0.32039556299472466
2016,Total nacional,Otro,Jun - Ago,0.2762495217018108
2016,Total nacional,Otro,Jul - Sep,0.3328159384221749
2016,Total nacional,Otro,Ago - Oct,0.31978924994232116
2016,Total nacional,Otro,Sep - Nov,0.34024864141736366
2016,Total nacional,Otro,Oct - Dic,0.2679385263472677
2016,Total nacional,Otro,Nov - Ene,0.3072430222385743
2016,Total nacional,Otro,Dic - Feb,0.26116847460789877
2017,Total nacional,Otro,Ene - Mar,0.26424140192300155
2017,Total nacional,Otro,Feb - Abr,0.2523998146525003
2017,Total nacional,Otro,Mar - May,0.24290945172579745
2017,Total nacional,Otro,Abr - Jun,0.28272783604820106
2017,Total nacional,Otro,May - Jul,0.2587724007593579
2017,Total nacional,Otro,Jun - Ago,0.27615527207809565
2017,Total nacional,Otro,Jul - Sep,0.2669518994336915
2017,Total nacional,Otro,Ago - Oct,0.25899786985560086
2017,Total nacional,Otro,Sep - Nov,0.25320929131146597
2017,Total nacional,Otro,Oct - Dic,0.23499769547570765
2017,Total nacional,Otro,Nov - Ene,0.2505279142421539
2017,Total nacional,Otro,Dic - Feb,0.2676972514220755
2018,Total nacional,Otro,Ene - Mar,0.28598571003566686
2018,Total nacional,Otro,Feb - Abr,0.318522409036392
2018,Total nacional,Otro,Mar - May,0.3093185558663008
2018,Total nacional,Otro,Abr - Jun,0.2927194561423073
2018,Total nacional,Otro,May - Jul,0.2562918267487265
2018,Total nacional,Otro,Jun - Ago,0.22499412865137144
2018,Total nacional,Otro,Jul - Sep,0.24966408478201327
2018,Total nacional,Otro,Ago - Oct,0.2568178602609219
2018,Total nacional,Otro,Sep - Nov,0.3123374354687619
2018,Total nacional,Otro,Oct - Dic,0.30939591707122915
2018,Total nacional,Otro,Nov - Ene,0.31634850683853166
2018,Total nacional,Otro,Dic - Feb,0.29681496433885335
2019,Total nacional,Otro,Ene - Mar,0.2595886035135536
2019,Total nacional,Otro,Feb - Abr,0.25797142209853663
2019,Total nacional,Otro,Mar - May,0.23794935810166032
2019,Total nacional,Otro,Abr - Jun,0.2414641259297514
2019,Total nacional,Otro,May - Jul,0.23033773736628485
2019,Total nacional,Otro,Jun - Ago,0.2116097462970878
2019,Total nacional,Otro,Jul - Sep,0.2207369866146019
2019,Total nacional,Otro,Ago - Oct,0.22341472953911956
2019,Total nacional,Otro,Sep - Nov,0.2353009066748411
2019,Total nacional,Otro,Oct - Dic,0.22473527868163523
2019,Total nacional,Otro,Nov - Ene,0.2336826559032414
2019,Total nacional,Otro,Dic - Feb,0.21958760386061515
2020,Total nacional,Otro,Ene - Mar,0.0
2020,Total nacional,Otro,Feb - Abr,0.0
2020,Total nacional,Otro,Mar - May,0.0
2020,Total nacional,Otro,Abr - Jun,0.0
2020,Total nacional,Otro,May - Jul,0.12108597531279852
2020,Total nacional,Otro,Jun - Ago,0.18913998178268693
2020,Total nacional,Otro,Jul - Sep,0.26643754211160486
2020,Total nacional,Otro,Ago - Oct,0.3086269669761243
2020,Total nacional,Otro,Sep - Nov,0.29345467855954727
2020,Total nacional,Otro,Oct - Dic,0.29155851712121117
2020,Total nacional,Otro,Nov - Ene,0.2510356762501322
2020,Total nacional,Otro,Dic - Feb,0.2176408524362413
2021,Total nacional,Otro,Ene - Mar,0.14132866396477553
2021,Total nacional,Otro,Feb - Abr,0.09895776331293267
2021,Total nacional,Otro,Mar - May,0.06270960927125602
2021,Total nacional,Otro,Abr - Jun,0.05390037017594654
2021,Total nacional,Otro,May - Jul,0.05597549439715114
2021,Total nacional,Otro,Jun - Ago,0.05612255993284157
2021,Total nacional,Otro,Jul - Sep,0.04962495107387772
2021,Total nacional,Otro,Ago - Oct,0.05204820547979636
2021,Total nacional,Otro,Sep - Nov,0.051379725537457614
2021,Total nacional,Otro,Oct - Dic,0.051744114336057946
2021,Total nacional,Otro,Nov - Ene,0.07885824009278551
2021,Total nacional,Otro,Dic - Feb,0.09365291180035301
2022,Total nacional,Otro,Ene - Mar,0.0924386588328157
2022,Total nacional,Otro,Feb - Abr,0.062105256115440995
2022,Total nacional,Otro,Mar - May,0.05529611336856352
2022,Total nacional,Otro,Abr - Jun,0.07358903009885037
2022,Total nacional,Otro,May - Jul,0.11571113762521804
2022,Total nacional,Otro,Jun - Ago,0.12710291808160312
2022,Total nacional,Otro,Jul - Sep,0.14605491748375357
2022,Total nacional,Otro,Ago - Oct,0.11210567515603774
2022,Total nacional,Otro,Sep - Nov,0.10780410558957794
2022,Total nacional,Otro,Oct - Dic,0.09157573134919891
2022,Total nacional,Otro,Nov - Ene,0.0878337402201776
2022,Total nacional,Otro,Dic - Feb,0.08203055800691095
2023,Total nacional,Otro,Ene - Mar,0.06449987826595091
2023,Total nacional,Otro,Feb - Abr,0.07875505770791574
2023,Total nacional,Otro,Mar - May,0.0887154812376551
2023,Total nacional,Otro,Abr - Jun,0.11202331014026647
2023,Total nacional,Otro,May - Jul,0.13012215925169773
2023,Total nacional,Otro,Jun - Ago,0.1116605829539263
2023,Total nacional,Otro,Jul - Sep,0.11943937361068033
2023,Total nacional,Otro,Ago - Oct,0.10522794947777953
2023,Total nacional,Otro,Sep - Nov,0.13364966550610072
2023,Total nacional,Otro,Oct - Dic,0.13867455746712107
2023,Total nacional,Otro,Nov - Ene,0.13666357461160877
2023,Total nacional,Otro,Dic - Feb,0.14283666256764063
2024,Total nacional,Otro,Ene - Mar,0.13556649844956148
2024,Total nacional,Otro,Feb - Abr,0.138091683401677
2024,Total nacional,Otro,Mar - May,0.12871499479134751
2024,Total nacional,Otro,Abr - Jun,0.1259258564983187
2024,Total nacional,Otro,May - Jul,0.12145754081145593
2024,Total nacional,Otro,Jun - Ago,0.11353725692796626
2024,Total nacional,Otro,Jul - Sep,0.1344742819385656
2024,Total nacional,Otro,Ago - Oct,0.14227062599546703
2024,Total nacional,Otro,Sep - Nov,0.16841214543186703
2024,Total nacional,Otro,Oct - Dic,0.13266958607726365
2024,Total nacional,Otro,Nov - Ene,0.1994758870527573
2024,Total nacional,Otro,Dic - Feb,0.18259827547882862
2025,Total nacional,Otro,Ene - Mar,0.2088513965203278
2025,Total nacional,Otro,Feb - Abr,0.15971487513065746
2025,Total nacional,Otro,Mar - May,0.17351734608622998
2025,Total nacional,Otro,Abr - Jun,0.17561339752309682
2025,Total nacional,Otro,May - Jul,0.18904304652287987
2025,Total nacional,Otro,Jun - Ago,0.20574327284125474
2025,Total nacional,Otro,Jul - Sep,0.22868146725811464
2025,Total nacional,Otro,Ago - Oct,0.21398527511043336
2025,Total nacional,Otro,Sep - Nov,0.19217340028762428
2025,Total nacional,Otro,Oct - Dic,0.15329563271809182
2025,Total nacional,Otro,Nov - Ene,0.14171130832423398
2025,Total nacional,Otro,Dic - Feb,0.151839519997417
2026,Total nacional,Otro,Ene - Mar,0.15637277118886836
2026,Total nacional,Otro,Feb - Abr,0.17986452139416723
2007,Total nacional,Régimen subsidiado,Ene - Mar,36.80046823912242
2007,Total nacional,Régimen subsidiado,Feb - Abr,35.909415790645
2007,Total nacional,Régimen subsidiado,Mar - May,35.26398056529172
2007,Total nacional,Régimen subsidiado,Abr - Jun,35.550384752547025
2007,Total nacional,Régimen subsidiado,May - Jul,35.60202348067036
2007,Total nacional,Régimen subsidiado,Jun - Ago,35.516998783444265
2007,Total nacional,Régimen subsidiado,Jul - Sep,35.16488049119822
2007,Total nacional,Régimen subsidiado,Ago - Oct,36.01808078945032
2007,Total nacional,Régimen subsidiado,Sep - Nov,35.30196751174216
2007,Total nacional,Régimen subsidiado,Oct - Dic,36.18029715329102
2007,Total nacional,Régimen subsidiado,Nov - Ene,36.081052143132105
2007,Total nacional,Régimen subsidiado,Dic - Feb,37.9259641045344
2008,Total nacional,Régimen subsidiado,Ene - Mar,38.535038824187986
2008,Total nacional,Régimen subsidiado,Feb - Abr,38.35001839599827
2008,Total nacional,Régimen subsidiado,Mar - May,37.86670330435859
2008,Total nacional,Régimen subsidiado,Abr - Jun,37.24726995039409
2008,Total nacional,Régimen subsidiado,May - Jul,36.79824885031914
2008,Total nacional,Régimen subsidiado,Jun - Ago,36.58902865628043
2008,Total nacional,Régimen subsidiado,Jul - Sep,36.998515629302084
2008,Total nacional,Régimen subsidiado,Ago - Oct,38.987702773218075
2008,Total nacional,Régimen subsidiado,Sep - Nov,38.75830464401125
2008,Total nacional,Régimen subsidiado,Oct - Dic,39.12116579680061
2008,Total nacional,Régimen subsidiado,Nov - Ene,39.126080098913576
2008,Total nacional,Régimen subsidiado,Dic - Feb,40.34017815930794
2009,Total nacional,Régimen subsidiado,Ene - Mar,40.27581511963033
2009,Total nacional,Régimen subsidiado,Feb - Abr,39.55073789916124
2009,Total nacional,Régimen subsidiado,Mar - May,39.23150116673501
2009,Total nacional,Régimen subsidiado,Abr - Jun,39.695609616286895
2009,Total nacional,Régimen subsidiado,May - Jul,39.89099302866054
2009,Total nacional,Régimen subsidiado,Jun - Ago,40.5068725398644
2009,Total nacional,Régimen subsidiado,Jul - Sep,40.444568713737524
2009,Total nacional,Régimen subsidiado,Ago - Oct,40.965368577814445
2009,Total nacional,Régimen subsidiado,Sep - Nov,41.44613932283837
2009,Total nacional,Régimen subsidiado,Oct - Dic,42.088158818590635
2009,Total nacional,Régimen subsidiado,Nov - Ene,42.421904064803115
2009,Total nacional,Régimen subsidiado,Dic - Feb,42.23352672131592
2010,Total nacional,Régimen subsidiado,Ene - Mar,41.739069660422466
2010,Total nacional,Régimen subsidiado,Feb - Abr,41.42988577070448
2010,Total nacional,Régimen subsidiado,Mar - May,40.41774896041893
2010,Total nacional,Régimen subsidiado,Abr - Jun,40.56308945047228
2010,Total nacional,Régimen subsidiado,May - Jul,40.457424546129076
2010,Total nacional,Régimen subsidiado,Jun - Ago,41.33437722382503
2010,Total nacional,Régimen subsidiado,Jul - Sep,41.26651615862869
2010,Total nacional,Régimen subsidiado,Ago - Oct,41.292524973847534
2010,Total nacional,Régimen subsidiado,Sep - Nov,41.733239898358825
2010,Total nacional,Régimen subsidiado,Oct - Dic,41.9983319972021
2010,Total nacional,Régimen subsidiado,Nov - Ene,42.327687866957056
2010,Total nacional,Régimen subsidiado,Dic - Feb,41.2886147880782
2011,Total nacional,Régimen subsidiado,Ene - Mar,40.451402407218815
2011,Total nacional,Régimen subsidiado,Feb - Abr,39.90815343220475
2011,Total nacional,Régimen subsidiado,Mar - May,39.9657060625627
2011,Total nacional,Régimen subsidiado,Abr - Jun,40.07818686441661
2011,Total nacional,Régimen subsidiado,May - Jul,40.06071260152906
2011,Total nacional,Régimen subsidiado,Jun - Ago,40.03478064709449
2011,Total nacional,Régimen subsidiado,Jul - Sep,39.827403472752906
2011,Total nacional,Régimen subsidiado,Ago - Oct,40.31437935268959
2011,Total nacional,Régimen subsidiado,Sep - Nov,41.330856088755944
2011,Total nacional,Régimen subsidiado,Oct - Dic,41.681619420174904
2011,Total nacional,Régimen subsidiado,Nov - Ene,41.69468709568937
2011,Total nacional,Régimen subsidiado,Dic - Feb,40.8901499590857
2012,Total nacional,Régimen subsidiado,Ene - Mar,40.502464772489475
2012,Total nacional,Régimen subsidiado,Feb - Abr,39.64896203857294
2012,Total nacional,Régimen subsidiado,Mar - May,39.108750715595434
2012,Total nacional,Régimen subsidiado,Abr - Jun,39.63524286110926
2012,Total nacional,Régimen subsidiado,May - Jul,39.8735200056655
2012,Total nacional,Régimen subsidiado,Jun - Ago,39.98771281881267
2012,Total nacional,Régimen subsidiado,Jul - Sep,39.860097690916135
2012,Total nacional,Régimen subsidiado,Ago - Oct,40.06350343227786
2012,Total nacional,Régimen subsidiado,Sep - Nov,41.26770561128871
2012,Total nacional,Régimen subsidiado,Oct - Dic,41.824139133397324
2012,Total nacional,Régimen subsidiado,Nov - Ene,42.29237062708341
2012,Total nacional,Régimen subsidiado,Dic - Feb,41.30649733035322
2013,Total nacional,Régimen subsidiado,Ene - Mar,40.503888300065526
2013,Total nacional,Régimen subsidiado,Feb - Abr,39.43281134527521
2013,Total nacional,Régimen subsidiado,Mar - May,39.05452708672618
2013,Total nacional,Régimen subsidiado,Abr - Jun,38.866411215957726
2013,Total nacional,Régimen subsidiado,May - Jul,38.767878402698564
2013,Total nacional,Régimen subsidiado,Jun - Ago,39.19319976348588
2013,Total nacional,Régimen subsidiado,Jul - Sep,39.494393328458536
2013,Total nacional,Régimen subsidiado,Ago - Oct,40.2781900307239
2013,Total nacional,Régimen subsidiado,Sep - Nov,41.107343331118976
2013,Total nacional,Régimen subsidiado,Oct - Dic,41.65061287113676
2013,Total nacional,Régimen subsidiado,Nov - Ene,41.88307938853823
2013,Total nacional,Régimen subsidiado,Dic - Feb,40.892376165762904
2014,Total nacional,Régimen subsidiado,Ene - Mar,40.55354863688445
2014,Total nacional,Régimen subsidiado,Feb - Abr,39.782332507415475
2014,Total nacional,Régimen subsidiado,Mar - May,39.602498783927146
2014,Total nacional,Régimen subsidiado,Abr - Jun,39.70999996047189
2014,Total nacional,Régimen subsidiado,May - Jul,39.64969805594825
2014,Total nacional,Régimen subsidiado,Jun - Ago,40.256335149257154
2014,Total nacional,Régimen subsidiado,Jul - Sep,39.97724951617225
2014,Total nacional,Régimen subsidiado,Ago - Oct,40.632522319821625
2014,Total nacional,Régimen subsidiado,Sep - Nov,40.971791905522565
2014,Total nacional,Régimen subsidiado,Oct - Dic,41.13524143991187
2014,Total nacional,Régimen subsidiado,Nov - Ene,41.44819920370579
2014,Total nacional,Régimen subsidiado,Dic - Feb,41.051442361456765
2015,Total nacional,Régimen subsidiado,Ene - Mar,41.39949834682477
2015,Total nacional,Régimen subsidiado,Feb - Abr,41.490374351444906
2015,Total nacional,Régimen subsidiado,Mar - May,41.672944824527875
2015,Total nacional,Régimen subsidiado,Abr - Jun,41.44978357560205
2015,Total nacional,Régimen subsidiado,May - Jul,40.99877817345777
2015,Total nacional,Régimen subsidiado,Jun - Ago,40.95461432908063
2015,Total nacional,Régimen subsidiado,Jul - Sep,40.905450337460096
2015,Total nacional,Régimen subsidiado,Ago - Oct,40.87208083739245
2015,Total nacional,Régimen subsidiado,Sep - Nov,41.886374877906384
2015,Total nacional,Régimen subsidiado,Oct - Dic,42.26414688182894
2015,Total nacional,Régimen subsidiado,Nov - Ene,42.940241321183066
2015,Total nacional,Régimen subsidiado,Dic - Feb,41.884567700383656
2016,Total nacional,Régimen subsidiado,Ene - Mar,41.3404377906058
2016,Total nacional,Régimen subsidiado,Feb - Abr,40.602572008307035
2016,Total nacional,Régimen subsidiado,Mar - May,40.41265313857644
2016,Total nacional,Régimen subsidiado,Abr - Jun,40.60027411376674
2016,Total nacional,Régimen subsidiado,May - Jul,40.835727067526975
2016,Total nacional,Régimen subsidiado,Jun - Ago,41.11633329107329
2016,Total nacional,Régimen subsidiado,Jul - Sep,40.74702974216615
2016,Total nacional,Régimen subsidiado,Ago - Oct,40.78887760133641
2016,Total nacional,Régimen subsidiado,Sep - Nov,41.13062744449192
2016,Total nacional,Régimen subsidiado,Oct - Dic,41.628708928774074
2016,Total nacional,Régimen subsidiado,Nov - Ene,42.091026228651174
2016,Total nacional,Régimen subsidiado,Dic - Feb,41.463343184463
2017,Total nacional,Régimen subsidiado,Ene - Mar,41.16831762702695
2017,Total nacional,Régimen subsidiado,Feb - Abr,40.563927463869426
2017,Total nacional,Régimen subsidiado,Mar - May,40.96546455761103
2017,Total nacional,Régimen subsidiado,Abr - Jun,41.37643653555803
2017,Total nacional,Régimen subsidiado,May - Jul,41.69821159182717
2017,Total nacional,Régimen subsidiado,Jun - Ago,41.42761809815274
2017,Total nacional,Régimen subsidiado,Jul - Sep,41.34148551553936
2017,Total nacional,Régimen subsidiado,Ago - Oct,41.47295698413424
2017,Total nacional,Régimen subsidiado,Sep - Nov,42.22295800422126
2017,Total nacional,Régimen subsidiado,Oct - Dic,42.919736914540756
2017,Total nacional,Régimen subsidiado,Nov - Ene,43.698867330274304
2017,Total nacional,Régimen subsidiado,Dic - Feb,42.80629960359178
2018,Total nacional,Régimen subsidiado,Ene - Mar,41.981461453452084
2018,Total nacional,Régimen subsidiado,Feb - Abr,40.75071923890113
2018,Total nacional,Régimen subsidiado,Mar - May,41.01168463771695
2018,Total nacional,Régimen subsidiado,Abr - Jun,40.87502389734219
2018,Total nacional,Régimen subsidiado,May - Jul,40.66905504401343
2018,Total nacional,Régimen subsidiado,Jun - Ago,40.67147359325914
2018,Total nacional,Régimen subsidiado,Jul - Sep,40.9236890411899
2018,Total nacional,Régimen subsidiado,Ago - Oct,41.48342347482078
2018,Total nacional,Régimen subsidiado,Sep - Nov,41.91448866009712
2018,Total nacional,Régimen subsidiado,Oct - Dic,42.082046033118964
2018,Total nacional,Régimen subsidiado,Nov - Ene,42.67747353526189
2018,Total nacional,Régimen subsidiado,Dic - Feb,42.123769118271525
2019,Total nacional,Régimen subsidiado,Ene - Mar,41.291097228771065
2019,Total nacional,Régimen subsidiado,Feb - Abr,40.154281268515405
2019,Total nacional,Régimen subsidiado,Mar - May,40.05919004678089
2019,Total nacional,Régimen subsidiado,Abr - Jun,39.90122699834581
2019,Total nacional,Régimen subsidiado,May - Jul,39.55865729921841
2019,Total nacional,Régimen subsidiado,Jun - Ago,39.5213432105323
2019,Total nacional,Régimen subsidiado,Jul - Sep,39.40126061410047
2019,Total nacional,Régimen subsidiado,Ago - Oct,39.65860912137842
2019,Total nacional,Régimen subsidiado,Sep - Nov,39.96217750561312
2019,Total nacional,Régimen subsidiado,Oct - Dic,41.215947690201844
2019,Total nacional,Régimen subsidiado,Nov - Ene,41.75292259164281
2019,Total nacional,Régimen subsidiado,Dic - Feb,41.27521345327539
2020,Total nacional,Régimen subsidiado,Ene - Mar,0.0
2020,Total nacional,Régimen subsidiado,Feb - Abr,0.0
2020,Total nacional,Régimen subsidiado,Mar - May,0.0
2020,Total nacional,Régimen subsidiado,Abr - Jun,0.0
2020,Total nacional,Régimen subsidiado,May - Jul,40.67452105294115
2020,Total nacional,Régimen subsidiado,Jun - Ago,40.30899281503636
2020,Total nacional,Régimen subsidiado,Jul - Sep,40.0498653220317
2020,Total nacional,Régimen subsidiado,Ago - Oct,40.02275996084102
2020,Total nacional,Régimen subsidiado,Sep - Nov,40.92555100358134
2020,Total nacional,Régimen subsidiado,Oct - Dic,41.73686843013202
2020,Total nacional,Régimen subsidiado,Nov - Ene,41.45928496308192
2020,Total nacional,Régimen subsidiado,Dic - Feb,41.64014919075464
2021,Total nacional,Régimen subsidiado,Ene - Mar,41.25228803096735
2021,Total nacional,Régimen subsidiado,Feb - Abr,41.558832970586515
2021,Total nacional,Régimen subsidiado,Mar - May,41.03617564867138
2021,Total nacional,Régimen subsidiado,Abr - Jun,40.856836674840324
2021,Total nacional,Régimen subsidiado,May - Jul,40.93729330896159
2021,Total nacional,Régimen subsidiado,Jun - Ago,41.53634230516995
2021,Total nacional,Régimen subsidiado,Jul - Sep,41.14875454441388
2021,Total nacional,Régimen subsidiado,Ago - Oct,40.84796195938331
2021,Total nacional,Régimen subsidiado,Sep - Nov,40.60819595941119
2021,Total nacional,Régimen subsidiado,Oct - Dic,40.63720424844599
2021,Total nacional,Régimen subsidiado,Nov - Ene,40.465550734794995
2021,Total nacional,Régimen subsidiado,Dic - Feb,40.61640737704634
2022,Total nacional,Régimen subsidiado,Ene - Mar,40.94390028882769
2022,Total nacional,Régimen subsidiado,Feb - Abr,41.29259614744405
2022,Total nacional,Régimen subsidiado,Mar - May,40.666357286758256
2022,Total nacional,Régimen subsidiado,Abr - Jun,40.32114047187632
2022,Total nacional,Régimen subsidiado,May - Jul,40.50066991214628
2022,Total nacional,Régimen subsidiado,Jun - Ago,41.11944562776756
2022,Total nacional,Régimen subsidiado,Jul - Sep,41.32089683745964
2022,Total nacional,Régimen subsidiado,Ago - Oct,41.29080069183429
2022,Total nacional,Régimen subsidiado,Sep - Nov,41.34549150095003
2022,Total nacional,Régimen subsidiado,Oct - Dic,41.52603957378868
2022,Total nacional,Régimen subsidiado,Nov - Ene,41.97605176847988
2022,Total nacional,Régimen subsidiado,Dic - Feb,42.547033265417184
2023,Total nacional,Régimen subsidiado,Ene - Mar,43.22835240500103
2023,Total nacional,Régimen subsidiado,Feb - Abr,42.9853769782134
2023,Total nacional,Régimen subsidiado,Mar - May,42.16881702373993
2023,Total nacional,Régimen subsidiado,Abr - Jun,41.09270890344756
2023,Total nacional,Régimen subsidiado,May - Jul,40.73510342841062
2023,Total nacional,Régimen subsidiado,Jun - Ago,40.87094649474219
2023,Total nacional,Régimen subsidiado,Jul - Sep,40.885803863701746
2023,Total nacional,Régimen subsidiado,Ago - Oct,40.70580030300458
2023,Total nacional,Régimen subsidiado,Sep - Nov,40.38693450625841
2023,Total nacional,Régimen subsidiado,Oct - Dic,40.756550513344514
2023,Total nacional,Régimen subsidiado,Nov - Ene,41.13252770675384
2023,Total nacional,Régimen subsidiado,Dic - Feb,41.78479489880511
2024,Total nacional,Régimen subsidiado,Ene - Mar,41.93430032075436
2024,Total nacional,Régimen subsidiado,Feb - Abr,42.16107793568683
2024,Total nacional,Régimen subsidiado,Mar - May,41.54689975751316
2024,Total nacional,Régimen subsidiado,Abr - Jun,41.17013482994712
2024,Total nacional,Régimen subsidiado,May - Jul,40.97101915838921
2024,Total nacional,Régimen subsidiado,Jun - Ago,41.36903525513226
2024,Total nacional,Régimen subsidiado,Jul - Sep,41.34220051097907
2024,Total nacional,Régimen subsidiado,Ago - Oct,41.23496112984675
2024,Total nacional,Régimen subsidiado,Sep - Nov,41.30528449667393
2024,Total nacional,Régimen subsidiado,Oct - Dic,42.21643086697471
2024,Total nacional,Régimen subsidiado,Nov - Ene,42.454560415334214
2024,Total nacional,Régimen subsidiado,Dic - Feb,43.30891888979632
2025,Total nacional,Régimen subsidiado,Ene - Mar,43.34326202300816
2025,Total nacional,Régimen subsidiado,Feb - Abr,43.229391098964705
2025,Total nacional,Régimen subsidiado,Mar - May,42.4848110443869
2025,Total nacional,Régimen subsidiado,Abr - Jun,41.8396974727754
2025,Total nacional,Régimen subsidiado,May - Jul,41.76622296071601
2025,Total nacional,Régimen subsidiado,Jun - Ago,41.8060365759015
2025,Total nacional,Régimen subsidiado,Jul - Sep,42.053417329913344
2025,Total nacional,Régimen subsidiado,Ago - Oct,42.18280374338808
2025,Total nacional,Régimen subsidiado,Sep - Nov,42.44874388271674
2025,Total nacional,Régimen subsidiado,Oct - Dic,42.402502440536146
2025,Total nacional,Régimen subsidiado,Nov - Ene,42.37967155154438
2025,Total nacional,Régimen subsidiado,Dic - Feb,42.04597788387008
2026,Total nacional,Régimen subsidiado,Ene - Mar,42.04694673991716
2026,Total nacional,Régimen subsidiado,Feb - Abr,41.93094491102954
2007,Total nacional,No sabe,Ene - Mar,0.04607769619759435
2007,Total nacional,No sabe,Feb - Abr,0.03253844467490765
2007,Total nacional,No sabe,Mar - May,0.05384860016063872
2007,Total nacional,No sabe,Abr - Jun,0.0599693727202411
2007,Total nacional,No sabe,May - Jul,0.06763442349229053
2007,Total nacional,No sabe,Jun - Ago,0.040430541126609175
2007,Total nacional,No sabe,Jul - Sep,0.02357742812586844
2007,Total nacional,No sabe,Ago - Oct,0.013349983408073772
2007,Total nacional,No sabe,Sep - Nov,0.03071294320150979
2007,Total nacional,No sabe,Oct - Dic,0.03782000696277902
2007,Total nacional,No sabe,Nov - Ene,0.044787299962580705
2007,Total nacional,No sabe,Dic - Feb,0.019879576296435927
2008,Total nacional,No sabe,Ene - Mar,0.01440119707266843
2008,Total nacional,No sabe,Feb - Abr,0.009817301212406516
2008,Total nacional,No sabe,Mar - May,0.007860332990177486
2008,Total nacional,No sabe,Abr - Jun,0.015322113556789002
2008,Total nacional,No sabe,May - Jul,0.021053916892974922
2008,Total nacional,No sabe,Jun - Ago,0.020366498583708096
2008,Total nacional,No sabe,Jul - Sep,0.013529246663521746
2008,Total nacional,No sabe,Ago - Oct,0.009814599236840317
2008,Total nacional,No sabe,Sep - Nov,0.009208367666157671
2008,Total nacional,No sabe,Oct - Dic,0.010901934344410318
2008,Total nacional,No sabe,Nov - Ene,0.01300777860425411
2008,Total nacional,No sabe,Dic - Feb,0.01303694396817734
2009,Total nacional,No sabe,Ene - Mar,0.008495475901555413
2009,Total nacional,No sabe,Feb - Abr,0.008153728288474518
2009,Total nacional,No sabe,Mar - May,0.009310464118992577
2009,Total nacional,No sabe,Abr - Jun,0.014913513649353262
2009,Total nacional,No sabe,May - Jul,0.012937078895721167
2009,Total nacional,No sabe,Jun - Ago,0.014385422135784141
2009,Total nacional,No sabe,Jul - Sep,0.009302716539316028
2009,Total nacional,No sabe,Ago - Oct,0.0045533501412147875
2009,Total nacional,No sabe,Sep - Nov,0.0024488740320634636
2009,Total nacional,No sabe,Oct - Dic,0.01254710722579641
2009,Total nacional,No sabe,Nov - Ene,0.016908439585769337
2009,Total nacional,No sabe,Dic - Feb,0.018853684938766473
2010,Total nacional,No sabe,Ene - Mar,0.009459797514503343
2010,Total nacional,No sabe,Feb - Abr,0.006697974803757341
2010,Total nacional,No sabe,Mar - May,0.005295066250772522
2010,Total nacional,No sabe,Abr - Jun,0.01027584173221023
2010,Total nacional,No sabe,May - Jul,0.008965923304305281
2010,Total nacional,No sabe,Jun - Ago,0.009295754067986394
2010,Total nacional,No sabe,Jul - Sep,0.0043637248977126996
2010,Total nacional,No sabe,Ago - Oct,0.011068527149041513
2010,Total nacional,No sabe,Sep - Nov,0.017435501005709498
2010,Total nacional,No sabe,Oct - Dic,0.01760816999540606
2010,Total nacional,No sabe,Nov - Ene,0.016894154874247433
2010,Total nacional,No sabe,Dic - Feb,0.010415017794388536
2011,Total nacional,No sabe,Ene - Mar,0.02703660998290602
2011,Total nacional,No sabe,Feb - Abr,0.027191968037939346
2011,Total nacional,No sabe,Mar - May,0.03426581036127646
2011,Total nacional,No sabe,Abr - Jun,0.021598697636424975
2011,Total nacional,No sabe,May - Jul,0.029914420981320463
2011,Total nacional,No sabe,Jun - Ago,0.0320534672915088
2011,Total nacional,No sabe,Jul - Sep,0.03559235097611745
2011,Total nacional,No sabe,Ago - Oct,0.027347206590439578
2011,Total nacional,No sabe,Sep - Nov,0.025516753817266903
2011,Total nacional,No sabe,Oct - Dic,0.03356871700639422
2011,Total nacional,No sabe,Nov - Ene,0.034344591310232486
2011,Total nacional,No sabe,Dic - Feb,0.030514955206496303
2012,Total nacional,No sabe,Ene - Mar,0.028021283471266017
2012,Total nacional,No sabe,Feb - Abr,0.03637603059823498
2012,Total nacional,No sabe,Mar - May,0.036635851823995
2012,Total nacional,No sabe,Abr - Jun,0.030716061962138417
2012,Total nacional,No sabe,May - Jul,0.020247809702355353
2012,Total nacional,No sabe,Jun - Ago,0.02848799739641978
2012,Total nacional,No sabe,Jul - Sep,0.03195176165756106
2012,Total nacional,No sabe,Ago - Oct,0.0327472085672536
2012,Total nacional,No sabe,Sep - Nov,0.021636018475052195
2012,Total nacional,No sabe,Oct - Dic,0.027725997559634608
2012,Total nacional,No sabe,Nov - Ene,0.04348686471038399
2012,Total nacional,No sabe,Dic - Feb,0.04603277309060285
2013,Total nacional,No sabe,Ene - Mar,0.03418497368226373
2013,Total nacional,No sabe,Feb - Abr,0.030156680057971424
2013,Total nacional,No sabe,Mar - May,0.04234022767794159
2013,Total nacional,No sabe,Abr - Jun,0.05374531916125736
2013,Total nacional,No sabe,May - Jul,0.052969477617257
2013,Total nacional,No sabe,Jun - Ago,0.05372677739594594
2013,Total nacional,No sabe,Jul - Sep,0.04738069636282348
2013,Total nacional,No sabe,Ago - Oct,0.047406910452909255
2013,Total nacional,No sabe,Sep - Nov,0.047415338859678434
2013,Total nacional,No sabe,Oct - Dic,0.058758230188153376
2013,Total nacional,No sabe,Nov - Ene,0.06010884392155638
2013,Total nacional,No sabe,Dic - Feb,0.06036993959233857
2014,Total nacional,No sabe,Ene - Mar,0.061040185734598705
2014,Total nacional,No sabe,Feb - Abr,0.06398949914550153
2014,Total nacional,No sabe,Mar - May,0.05856960444164695
2014,Total nacional,No sabe,Abr - Jun,0.058127473872282835
2014,Total nacional,No sabe,May - Jul,0.05194627560987213
2014,Total nacional,No sabe,Jun - Ago,0.061689717067814516
2014,Total nacional,No sabe,Jul - Sep,0.05280568673532017
2014,Total nacional,No sabe,Ago - Oct,0.06949266012825518
2014,Total nacional,No sabe,Sep - Nov,0.08380476179298275
2014,Total nacional,No sabe,Oct - Dic,0.08425323699851804
2014,Total nacional,No sabe,Nov - Ene,0.08145920352958731
2014,Total nacional,No sabe,Dic - Feb,0.06381086003509268
2015,Total nacional,No sabe,Ene - Mar,0.061980518061715714
2015,Total nacional,No sabe,Feb - Abr,0.04321810363634172
2015,Total nacional,No sabe,Mar - May,0.04746940974909386
2015,Total nacional,No sabe,Abr - Jun,0.06113974874514972
2015,Total nacional,No sabe,May - Jul,0.08853131625152152
2015,Total nacional,No sabe,Jun - Ago,0.0917861493848323
2015,Total nacional,No sabe,Jul - Sep,0.10475588720583766
2015,Total nacional,No sabe,Ago - Oct,0.08163826458852474
2015,Total nacional,No sabe,Sep - Nov,0.07439223289197747
2015,Total nacional,No sabe,Oct - Dic,0.04912632902779204
2015,Total nacional,No sabe,Nov - Ene,0.05840344168351239
2015,Total nacional,No sabe,Dic - Feb,0.054292176186935194
2016,Total nacional,No sabe,Ene - Mar,0.05690861375291498
2016,Total nacional,No sabe,Feb - Abr,0.04447823013662264
2016,Total nacional,No sabe,Mar - May,0.061922649288762205
2016,Total nacional,No sabe,Abr - Jun,0.05940781829737953
2016,Total nacional,No sabe,May - Jul,0.06748110136969267
2016,Total nacional,No sabe,Jun - Ago,0.04708133092846855
2016,Total nacional,No sabe,Jul - Sep,0.037193839473288665
2016,Total nacional,No sabe,Ago - Oct,0.024473330332457455
2016,Total nacional,No sabe,Sep - Nov,0.049820587649371056
2016,Total nacional,No sabe,Oct - Dic,0.053065590794037804
2016,Total nacional,No sabe,Nov - Ene,0.053642965769959056
2016,Total nacional,No sabe,Dic - Feb,0.035854251086612915
2017,Total nacional,No sabe,Ene - Mar,0.04337027966351073
2017,Total nacional,No sabe,Feb - Abr,0.05269283910052766
2017,Total nacional,No sabe,Mar - May,0.03939222099275274
2017,Total nacional,No sabe,Abr - Jun,0.03489009097327257
2017,Total nacional,No sabe,May - Jul,0.024650163531486618
2017,Total nacional,No sabe,Jun - Ago,0.04248965222130977
2017,Total nacional,No sabe,Jul - Sep,0.04825193967184032
2017,Total nacional,No sabe,Ago - Oct,0.05512982326016224
2017,Total nacional,No sabe,Sep - Nov,0.04656139900784815
2017,Total nacional,No sabe,Oct - Dic,0.03908681266548964
2017,Total nacional,No sabe,Nov - Ene,0.042556694745364367
2017,Total nacional,No sabe,Dic - Feb,0.04088671005861288
2018,Total nacional,No sabe,Ene - Mar,0.03735885686477945
2018,Total nacional,No sabe,Feb - Abr,0.03708872581623729
2018,Total nacional,No sabe,Mar - May,0.03024503983075602
2018,Total nacional,No sabe,Abr - Jun,0.04528885287085075
2018,Total nacional,No sabe,May - Jul,0.03981271730020179
2018,Total nacional,No sabe,Jun - Ago,0.06353359875359212
2018,Total nacional,No sabe,Jul - Sep,0.05980722427777644
2018,Total nacional,No sabe,Ago - Oct,0.07536819344898231
2018,Total nacional,No sabe,Sep - Nov,0.04612057151567445
2018,Total nacional,No sabe,Oct - Dic,0.030723823695217693
2018,Total nacional,No sabe,Nov - Ene,0.01206065342627156
2018,Total nacional,No sabe,Dic - Feb,0.024652840522741144
2019,Total nacional,No sabe,Ene - Mar,0.0424788011320333
2019,Total nacional,No sabe,Feb - Abr,0.05800482840148659
2019,Total nacional,No sabe,Mar - May,0.07620285874936253
2019,Total nacional,No sabe,Abr - Jun,0.07271308677758662
2019,Total nacional,No sabe,May - Jul,0.0645014424491564
2019,Total nacional,No sabe,Jun - Ago,0.04801162426253182
2019,Total nacional,No sabe,Jul - Sep,0.05323830985162728
2019,Total nacional,No sabe,Ago - Oct,0.058537391869812216
2019,Total nacional,No sabe,Sep - Nov,0.09034576444386853
2019,Total nacional,No sabe,Oct - Dic,0.09903260034344041
2019,Total nacional,No sabe,Nov - Ene,0.10110220933417957
2019,Total nacional,No sabe,Dic - Feb,0.07553943438221249
2020,Total nacional,No sabe,Ene - Mar,0.0
2020,Total nacional,No sabe,Feb - Abr,0.0
2020,Total nacional,No sabe,Mar - May,0.0
2020,Total nacional,No sabe,Abr - Jun,0.0
2020,Total nacional,No sabe,May - Jul,0.05847255563617006
2020,Total nacional,No sabe,Jun - Ago,0.082802764801029
2020,Total nacional,No sabe,Jul - Sep,0.09144362719802604
2020,Total nacional,No sabe,Ago - Oct,0.07300194117130096
2020,Total nacional,No sabe,Sep - Nov,0.06444803396408563
2020,Total nacional,No sabe,Oct - Dic,0.07044062135716196
2020,Total nacional,No sabe,Nov - Ene,0.12496654945485558
2020,Total nacional,No sabe,Dic - Feb,0.17645080747436195
2021,Total nacional,No sabe,Ene - Mar,0.23794157542605257
2021,Total nacional,No sabe,Feb - Abr,0.23170017059120646
2021,Total nacional,No sabe,Mar - May,0.19807546590524086
2021,Total nacional,No sabe,Abr - Jun,0.1512125886469424
2021,Total nacional,No sabe,May - Jul,0.10935997471223169
2021,Total nacional,No sabe,Jun - Ago,0.12119440178774721
2021,Total nacional,No sabe,Jul - Sep,0.10224465104122246
2021,Total nacional,No sabe,Ago - Oct,0.09837155749073817
2021,Total nacional,No sabe,Sep - Nov,0.101490267463788
2021,Total nacional,No sabe,Oct - Dic,0.13213959179677937
2021,Total nacional,No sabe,Nov - Ene,0.1509750319797252
2021,Total nacional,No sabe,Dic - Feb,0.13342776592934374
2022,Total nacional,No sabe,Ene - Mar,0.1312340772486079
2022,Total nacional,No sabe,Feb - Abr,0.10834661971330078
2022,Total nacional,No sabe,Mar - May,0.09940143708213242
2022,Total nacional,No sabe,Abr - Jun,0.1021072352525823
2022,Total nacional,No sabe,May - Jul,0.09930817498063006
2022,Total nacional,No sabe,Jun - Ago,0.09261800473298716
2022,Total nacional,No sabe,Jul - Sep,0.061761686341468225
2022,Total nacional,No sabe,Ago - Oct,0.07099058188734732
2022,Total nacional,No sabe,Sep - Nov,0.0819304089437041
2022,Total nacional,No sabe,Oct - Dic,0.09292859333909961
2022,Total nacional,No sabe,Nov - Ene,0.06785661353358981
2022,Total nacional,No sabe,Dic - Feb,0.06872691710284712
2023,Total nacional,No sabe,Ene - Mar,0.07475425244206622
2023,Total nacional,No sabe,Feb - Abr,0.08378247862209888
2023,Total nacional,No sabe,Mar - May,0.06639785074126132
2023,Total nacional,No sabe,Abr - Jun,0.04089718996750591
2023,Total nacional,No sabe,May - Jul,0.042230182707348456
2023,Total nacional,No sabe,Jun - Ago,0.040373153595056624
2023,Total nacional,No sabe,Jul - Sep,0.04346470080544903
2023,Total nacional,No sabe,Ago - Oct,0.04990811318088973
2023,Total nacional,No sabe,Sep - Nov,0.05907552192062518
2023,Total nacional,No sabe,Oct - Dic,0.057255980448779435
2023,Total nacional,No sabe,Nov - Ene,0.06822822424742597
2023,Total nacional,No sabe,Dic - Feb,0.0796594216900513
2024,Total nacional,No sabe,Ene - Mar,0.09020643941314312
2024,Total nacional,No sabe,Feb - Abr,0.06726355813767072
2024,Total nacional,No sabe,Mar - May,0.06608423135171099
2024,Total nacional,No sabe,Abr - Jun,0.06436229818393606
2024,Total nacional,No sabe,May - Jul,0.06969124198642902
2024,Total nacional,No sabe,Jun - Ago,0.09018185934416714
2024,Total nacional,No sabe,Jul - Sep,0.09115451517280845
2024,Total nacional,No sabe,Ago - Oct,0.11097862851682058
2024,Total nacional,No sabe,Sep - Nov,0.09064303572730247
2024,Total nacional,No sabe,Oct - Dic,0.08508185942860827
2024,Total nacional,No sabe,Nov - Ene,0.07883639550708264
2024,Total nacional,No sabe,Dic - Feb,0.0681839670981927
2025,Total nacional,No sabe,Ene - Mar,0.0843728132712082
2025,Total nacional,No sabe,Feb - Abr,0.061189052120944845
2025,Total nacional,No sabe,Mar - May,0.07483361293865426
2025,Total nacional,No sabe,Abr - Jun,0.05233817045306277
2025,Total nacional,No sabe,May - Jul,0.06474387967881015
2025,Total nacional,No sabe,Jun - Ago,0.041942975084295904
2025,Total nacional,No sabe,Jul - Sep,0.05253900230200153
2025,Total nacional,No sabe,Ago - Oct,0.044808224543374235
2025,Total nacional,No sabe,Sep - Nov,0.08430607356016667
2025,Total nacional,No sabe,Oct - Dic,0.10299499088075431
2025,Total nacional,No sabe,Nov - Ene,0.11235640664691575
2025,Total nacional,No sabe,Dic - Feb,0.08065177232416444
2026,Total nacional,No sabe,Ene - Mar,0.07534221690622422
2026,Total nacional,No sabe,Feb - Abr,0.07840428186549717
2007,Total nacional,Cotiza a pensión,Ene - Mar,29.715702508093305
2007,Total nacional,Cotiza a pensión,Feb - Abr,29.46872873706965
2007,Total nacional,Cotiza a pensión,Mar - May,30.070282574746525
2007,Total nacional,Cotiza a pensión,Abr - Jun,30.134650868206396
2007,Total nacional,Cotiza a pensión,May - Jul,31.49293943107453
2007,Total nacional,Cotiza a pensión,Jun - Ago,31.39604947345388
2007,Total nacional,Cotiza a pensión,Jul - Sep,31.942463870658393
2007,Total nacional,Cotiza a pensión,Ago - Oct,30.816624620066452
2007,Total nacional,Cotiza a pensión,Sep - Nov,30.73043583974312
2007,Total nacional,Cotiza a pensión,Oct - Dic,29.746370432862008
2007,Total nacional,Cotiza a pensión,Nov - Ene,30.166040586802783
2007,Total nacional,Cotiza a pensión,Dic - Feb,29.42869432620317
2008,Total nacional,Cotiza a pensión,Ene - Mar,29.30436850492394
2008,Total nacional,Cotiza a pensión,Feb - Abr,29.00912991485337
2008,Total nacional,Cotiza a pensión,Mar - May,29.826248326147702
2008,Total nacional,Cotiza a pensión,Abr - Jun,30.930747703692337
2008,Total nacional,Cotiza a pensión,May - Jul,32.22715961981752
2008,Total nacional,Cotiza a pensión,Jun - Ago,32.246142118605434
2008,Total nacional,Cotiza a pensión,Jul - Sep,32.037974362097195
2008,Total nacional,Cotiza a pensión,Ago - Oct,30.71056157935602
2008,Total nacional,Cotiza a pensión,Sep - Nov,30.88938828686649
2008,Total nacional,Cotiza a pensión,Oct - Dic,30.411402616927823
2008,Total nacional,Cotiza a pensión,Nov - Ene,30.636356983873963
2008,Total nacional,Cotiza a pensión,Dic - Feb,30.068525730181356
2009,Total nacional,Cotiza a pensión,Ene - Mar,29.909198503256913
2009,Total nacional,Cotiza a pensión,Feb - Abr,30.145179516971478
2009,Total nacional,Cotiza a pensión,Mar - May,30.230062798838116
2009,Total nacional,Cotiza a pensión,Abr - Jun,30.15723051517705
2009,Total nacional,Cotiza a pensión,May - Jul,30.294487502720692
2009,Total nacional,Cotiza a pensión,Jun - Ago,30.183908532060062
2009,Total nacional,Cotiza a pensión,Jul - Sep,30.936055557538754
2009,Total nacional,Cotiza a pensión,Ago - Oct,30.081550759532412
2009,Total nacional,Cotiza a pensión,Sep - Nov,29.73965489696871
2009,Total nacional,Cotiza a pensión,Oct - Dic,28.824755006930395
2009,Total nacional,Cotiza a pensión,Nov - Ene,29.023733567823317
2009,Total nacional,Cotiza a pensión,Dic - Feb,29.50940831562082
2010,Total nacional,Cotiza a pensión,Ene - Mar,30.040933259012604
2010,Total nacional,Cotiza a pensión,Feb - Abr,30.633004993746678
2010,Total nacional,Cotiza a pensión,Mar - May,30.987223261086267
2010,Total nacional,Cotiza a pensión,Abr - Jun,30.71771554393648
2010,Total nacional,Cotiza a pensión,May - Jul,30.719679250063827
2010,Total nacional,Cotiza a pensión,Jun - Ago,30.158300280912936
2010,Total nacional,Cotiza a pensión,Jul - Sep,30.06369163591601
2010,Total nacional,Cotiza a pensión,Ago - Oct,29.506036932828906
2010,Total nacional,Cotiza a pensión,Sep - Nov,29.216499832921382
2010,Total nacional,Cotiza a pensión,Oct - Dic,29.33519375950678
2010,Total nacional,Cotiza a pensión,Nov - Ene,29.44033846763595
2010,Total nacional,Cotiza a pensión,Dic - Feb,29.809459262015487
2011,Total nacional,Cotiza a pensión,Ene - Mar,30.308046972353015
2011,Total nacional,Cotiza a pensión,Feb - Abr,30.802486571998276
2011,Total nacional,Cotiza a pensión,Mar - May,30.850160210067063
2011,Total nacional,Cotiza a pensión,Abr - Jun,30.914821855390922
2011,Total nacional,Cotiza a pensión,May - Jul,31.019386547610768
2011,Total nacional,Cotiza a pensión,Jun - Ago,31.21731249316936
2011,Total nacional,Cotiza a pensión,Jul - Sep,31.267061319762707
2011,Total nacional,Cotiza a pensión,Ago - Oct,30.331732290502227
2011,Total nacional,Cotiza a pensión,Sep - Nov,29.536080535018485
2011,Total nacional,Cotiza a pensión,Oct - Dic,29.150151344185943
2011,Total nacional,Cotiza a pensión,Nov - Ene,29.812657497624862
2011,Total nacional,Cotiza a pensión,Dic - Feb,30.664240821957446
2012,Total nacional,Cotiza a pensión,Ene - Mar,31.153751196102103
2012,Total nacional,Cotiza a pensión,Feb - Abr,31.66784839885023
2012,Total nacional,Cotiza a pensión,Mar - May,31.943485927051015
2012,Total nacional,Cotiza a pensión,Abr - Jun,31.588660342384458
2012,Total nacional,Cotiza a pensión,May - Jul,31.307984782813648
2012,Total nacional,Cotiza a pensión,Jun - Ago,31.539077203900785
2012,Total nacional,Cotiza a pensión,Jul - Sep,31.67246849775304
2012,Total nacional,Cotiza a pensión,Ago - Oct,31.667140197748783
2012,Total nacional,Cotiza a pensión,Sep - Nov,31.0507445001311
2012,Total nacional,Cotiza a pensión,Oct - Dic,30.761396456292804
2012,Total nacional,Cotiza a pensión,Nov - Ene,30.712531586834103
2012,Total nacional,Cotiza a pensión,Dic - Feb,31.21885790742802
2013,Total nacional,Cotiza a pensión,Ene - Mar,32.11132768891577
2013,Total nacional,Cotiza a pensión,Feb - Abr,33.209405941396824
2013,Total nacional,Cotiza a pensión,Mar - May,33.27118711419661
2013,Total nacional,Cotiza a pensión,Abr - Jun,33.41271948862431
2013,Total nacional,Cotiza a pensión,May - Jul,33.31179635381473
2013,Total nacional,Cotiza a pensión,Jun - Ago,33.67166553608092
2013,Total nacional,Cotiza a pensión,Jul - Sep,33.78883038988485
2013,Total nacional,Cotiza a pensión,Ago - Oct,33.371532353676564
2013,Total nacional,Cotiza a pensión,Sep - Nov,32.97679252274257
2013,Total nacional,Cotiza a pensión,Oct - Dic,32.54828238327665
2013,Total nacional,Cotiza a pensión,Nov - Ene,32.78510283254124
2013,Total nacional,Cotiza a pensión,Dic - Feb,33.7836668109443
2014,Total nacional,Cotiza a pensión,Ene - Mar,34.68261487144529
2014,Total nacional,Cotiza a pensión,Feb - Abr,35.359667472940885
2014,Total nacional,Cotiza a pensión,Mar - May,35.324429837266074
2014,Total nacional,Cotiza a pensión,Abr - Jun,35.241930681255
2014,Total nacional,Cotiza a pensión,May - Jul,35.48754556785696
2014,Total nacional,Cotiza a pensión,Jun - Ago,34.890146997638766
2014,Total nacional,Cotiza a pensión,Jul - Sep,34.991195618881434
2014,Total nacional,Cotiza a pensión,Ago - Oct,34.402726582561236
2014,Total nacional,Cotiza a pensión,Sep - Nov,34.6235760623807
2014,Total nacional,Cotiza a pensión,Oct - Dic,34.588555429906
2014,Total nacional,Cotiza a pensión,Nov - Ene,34.35992945718639
2014,Total nacional,Cotiza a pensión,Dic - Feb,34.49909888362552
2015,Total nacional,Cotiza a pensión,Ene - Mar,34.408016068147035
2015,Total nacional,Cotiza a pensión,Feb - Abr,35.0603135022734
2015,Total nacional,Cotiza a pensión,Mar - May,35.306202986988275
2015,Total nacional,Cotiza a pensión,Abr - Jun,35.72125299975722
2015,Total nacional,Cotiza a pensión,May - Jul,35.73533268275466
2015,Total nacional,Cotiza a pensión,Jun - Ago,36.0147852403497
2015,Total nacional,Cotiza a pensión,Jul - Sep,35.895253326743656
2015,Total nacional,Cotiza a pensión,Ago - Oct,35.89545844436263
2015,Total nacional,Cotiza a pensión,Sep - Nov,35.454871295542354
2015,Total nacional,Cotiza a pensión,Oct - Dic,35.56161091804315
2015,Total nacional,Cotiza a pensión,Nov - Ene,35.363831675344215
2015,Total nacional,Cotiza a pensión,Dic - Feb,35.91731715050726
2016,Total nacional,Cotiza a pensión,Ene - Mar,36.354774785737234
2016,Total nacional,Cotiza a pensión,Feb - Abr,36.881621958079535
2016,Total nacional,Cotiza a pensión,Mar - May,37.26571378746499
2016,Total nacional,Cotiza a pensión,Abr - Jun,37.04510811524761
2016,Total nacional,Cotiza a pensión,May - Jul,37.15092276784346
2016,Total nacional,Cotiza a pensión,Jun - Ago,36.817423638584934
2016,Total nacional,Cotiza a pensión,Jul - Sep,37.05735704875311
2016,Total nacional,Cotiza a pensión,Ago - Oct,36.76551112620333
2016,Total nacional,Cotiza a pensión,Sep - Nov,36.32003053885553
2016,Total nacional,Cotiza a pensión,Oct - Dic,36.15067515598093
2016,Total nacional,Cotiza a pensión,Nov - Ene,35.832555025125146
2016,Total nacional,Cotiza a pensión,Dic - Feb,36.53719739474329
2017,Total nacional,Cotiza a pensión,Ene - Mar,36.887097934316806
2017,Total nacional,Cotiza a pensión,Feb - Abr,37.6954994754537
2017,Total nacional,Cotiza a pensión,Mar - May,37.785748313770625
2017,Total nacional,Cotiza a pensión,Abr - Jun,37.5930680076308
2017,Total nacional,Cotiza a pensión,May - Jul,37.37302654635418
2017,Total nacional,Cotiza a pensión,Jun - Ago,37.372572440572135
2017,Total nacional,Cotiza a pensión,Jul - Sep,37.389457952905566
2017,Total nacional,Cotiza a pensión,Ago - Oct,37.50329889446564
2017,Total nacional,Cotiza a pensión,Sep - Nov,37.03437259758879
2017,Total nacional,Cotiza a pensión,Oct - Dic,36.49532354647928
2017,Total nacional,Cotiza a pensión,Nov - Ene,35.81242629260885
2017,Total nacional,Cotiza a pensión,Dic - Feb,36.566782910713705
2018,Total nacional,Cotiza a pensión,Ene - Mar,37.26718042970007
2018,Total nacional,Cotiza a pensión,Feb - Abr,38.147341796608295
2018,Total nacional,Cotiza a pensión,Mar - May,37.948013296627295
2018,Total nacional,Cotiza a pensión,Abr - Jun,37.93916645197758
2018,Total nacional,Cotiza a pensión,May - Jul,37.90986267583396
2018,Total nacional,Cotiza a pensión,Jun - Ago,37.83144463832181
2018,Total nacional,Cotiza a pensión,Jul - Sep,37.36119479113565
2018,Total nacional,Cotiza a pensión,Ago - Oct,36.99686527848961
2018,Total nacional,Cotiza a pensión,Sep - Nov,36.59290567940811
2018,Total nacional,Cotiza a pensión,Oct - Dic,36.73635192576496
2018,Total nacional,Cotiza a pensión,Nov - Ene,36.29205670299337
2018,Total nacional,Cotiza a pensión,Dic - Feb,36.81094242338794
2019,Total nacional,Cotiza a pensión,Ene - Mar,37.41960331055619
2019,Total nacional,Cotiza a pensión,Feb - Abr,38.583041758210754
2019,Total nacional,Cotiza a pensión,Mar - May,38.816970179762954
2019,Total nacional,Cotiza a pensión,Abr - Jun,38.702062408263124
2019,Total nacional,Cotiza a pensión,May - Jul,38.65306173540493
2019,Total nacional,Cotiza a pensión,Jun - Ago,38.48287495359933
2019,Total nacional,Cotiza a pensión,Jul - Sep,38.69035711580086
2019,Total nacional,Cotiza a pensión,Ago - Oct,38.03246636418742
2019,Total nacional,Cotiza a pensión,Sep - Nov,37.230021662150044
2019,Total nacional,Cotiza a pensión,Oct - Dic,36.43700700036512
2019,Total nacional,Cotiza a pensión,Nov - Ene,36.235544207561304
2019,Total nacional,Cotiza a pensión,Dic - Feb,36.848991879518685
2020,Total nacional,Cotiza a pensión,Ene - Mar,0.0
2020,Total nacional,Cotiza a pensión,Feb - Abr,0.0
2020,Total nacional,Cotiza a pensión,Mar - May,0.0
2020,Total nacional,Cotiza a pensión,Abr - Jun,0.0
2020,Total nacional,Cotiza a pensión,May - Jul,39.6401397853676
2020,Total nacional,Cotiza a pensión,Jun - Ago,38.85147050724888
2020,Total nacional,Cotiza a pensión,Jul - Sep,38.39275522781253
2020,Total nacional,Cotiza a pensión,Ago - Oct,37.81152875616118
2020,Total nacional,Cotiza a pensión,Sep - Nov,37.339211086279256
2020,Total nacional,Cotiza a pensión,Oct - Dic,36.77595252240059
2020,Total nacional,Cotiza a pensión,Nov - Ene,38.366855771190885
2020,Total nacional,Cotiza a pensión,Dic - Feb,39.36157154442314
2021,Total nacional,Cotiza a pensión,Ene - Mar,40.80952728539417
2021,Total nacional,Cotiza a pensión,Feb - Abr,40.42799969979573
2021,Total nacional,Cotiza a pensión,Mar - May,40.91521503739164
2021,Total nacional,Cotiza a pensión,Abr - Jun,41.14813305229979
2021,Total nacional,Cotiza a pensión,May - Jul,41.15478141059337
2021,Total nacional,Cotiza a pensión,Jun - Ago,40.58596459143325
2021,Total nacional,Cotiza a pensión,Jul - Sep,40.7868568951053
2021,Total nacional,Cotiza a pensión,Ago - Oct,40.782365949925385
2021,Total nacional,Cotiza a pensión,Sep - Nov,41.05887195436587
2021,Total nacional,Cotiza a pensión,Oct - Dic,40.991511330820806
2021,Total nacional,Cotiza a pensión,Nov - Ene,41.62178159078795
2021,Total nacional,Cotiza a pensión,Dic - Feb,41.47985127695914
2022,Total nacional,Cotiza a pensión,Ene - Mar,41.155880228485046
2022,Total nacional,Cotiza a pensión,Feb - Abr,40.82945683253731
2022,Total nacional,Cotiza a pensión,Mar - May,41.4558776758878
2022,Total nacional,Cotiza a pensión,Abr - Jun,41.579596012396514
2022,Total nacional,Cotiza a pensión,May - Jul,41.18868734344444
2022,Total nacional,Cotiza a pensión,Jun - Ago,40.768479128512695
2022,Total nacional,Cotiza a pensión,Jul - Sep,40.512984735437676
2022,Total nacional,Cotiza a pensión,Ago - Oct,40.616376762150146
2022,Total nacional,Cotiza a pensión,Sep - Nov,40.68244616389104
2022,Total nacional,Cotiza a pensión,Oct - Dic,41.06450049286213
2022,Total nacional,Cotiza a pensión,Nov - Ene,41.22053291039737
2022,Total nacional,Cotiza a pensión,Dic - Feb,40.79915602403091
2023,Total nacional,Cotiza a pensión,Ene - Mar,40.6125188304421
2023,Total nacional,Cotiza a pensión,Feb - Abr,40.97480407740806
2023,Total nacional,Cotiza a pensión,Mar - May,41.923223239679444
2023,Total nacional,Cotiza a pensión,Abr - Jun,42.82382823765337
2023,Total nacional,Cotiza a pensión,May - Jul,42.968323569447655
2023,Total nacional,Cotiza a pensión,Jun - Ago,42.832924399702776
2023,Total nacional,Cotiza a pensión,Jul - Sep,42.65238347425596
2023,Total nacional,Cotiza a pensión,Ago - Oct,43.017241983447136
2023,Total nacional,Cotiza a pensión,Sep - Nov,43.47593867095082
2023,Total nacional,Cotiza a pensión,Oct - Dic,43.5602318897585
2023,Total nacional,Cotiza a pensión,Nov - Ene,43.2828625745979
2023,Total nacional,Cotiza a pensión,Dic - Feb,42.548905595660315
2024,Total nacional,Cotiza a pensión,Ene - Mar,42.509633819924005
2024,Total nacional,Cotiza a pensión,Feb - Abr,42.44039353350466
2024,Total nacional,Cotiza a pensión,Mar - May,43.06383882065603
2024,Total nacional,Cotiza a pensión,Abr - Jun,43.14613236600978
2024,Total nacional,Cotiza a pensión,May - Jul,43.175093074573276
2024,Total nacional,Cotiza a pensión,Jun - Ago,42.978836446516375
2024,Total nacional,Cotiza a pensión,Jul - Sep,43.03195923955337
2024,Total nacional,Cotiza a pensión,Ago - Oct,43.24430665797654
2024,Total nacional,Cotiza a pensión,Sep - Nov,43.47536354420337
2024,Total nacional,Cotiza a pensión,Oct - Dic,43.08108991952015
2024,Total nacional,Cotiza a pensión,Nov - Ene,43.01296884159267
2024,Total nacional,Cotiza a pensión,Dic - Feb,42.213676414528
2025,Total nacional,Cotiza a pensión,Ene - Mar,41.9632776192208
2025,Total nacional,Cotiza a pensión,Feb - Abr,42.17755426128954
2025,Total nacional,Cotiza a pensión,Mar - May,42.96853226901802
2025,Total nacional,Cotiza a pensión,Abr - Jun,43.83573974480078
2025,Total nacional,Cotiza a pensión,May - Jul,43.90847255530992
2025,Total nacional,Cotiza a pensión,Jun - Ago,43.98140954482205
2025,Total nacional,Cotiza a pensión,Jul - Sep,44.01843793488335
2025,Total nacional,Cotiza a pensión,Ago - Oct,43.53867482317809
2025,Total nacional,Cotiza a pensión,Sep - Nov,43.26167913828616
2025,Total nacional,Cotiza a pensión,Oct - Dic,43.08236037401347
2025,Total nacional,Cotiza a pensión,Nov - Ene,43.686755801194785
2025,Total nacional,Cotiza a pensión,Dic - Feb,43.895031093535124
2026,Total nacional,Cotiza a pensión,Ene - Mar,43.89699580444308
2026,Total nacional,Cotiza a pensión,Feb - Abr,44.03277864964692
2007,Cabeceras,Afiliada a salud,Ene - Mar,85.29352527049295
2007,Cabeceras,Afiliada a salud,Feb - Abr,85.22836918108655
2007,Cabeceras,Afiliada a salud,Mar - May,85.41685208130428
2007,Cabeceras,Afiliada a salud,Abr - Jun,85.69489949711806
2007,Cabeceras,Afiliada a salud,May - Jul,85.8236714814332
2007,Cabeceras,Afiliada a salud,Jun - Ago,85.62657185976657
2007,Cabeceras,Afiliada a salud,Jul - Sep,85.44130585407568
2007,Cabeceras,Afiliada a salud,Ago - Oct,85.45786737408433
2007,Cabeceras,Afiliada a salud,Sep - Nov,85.24432805490144
2007,Cabeceras,Afiliada a salud,Oct - Dic,85.56775918929166
2007,Cabeceras,Afiliada a salud,Nov - Ene,86.03044005906857
2007,Cabeceras,Afiliada a salud,Dic - Feb,86.08624323185164
2008,Cabeceras,Afiliada a salud,Ene - Mar,86.17556468796408
2008,Cabeceras,Afiliada a salud,Feb - Abr,86.20968202430655
2008,Cabeceras,Afiliada a salud,Mar - May,86.6694689990346
2008,Cabeceras,Afiliada a salud,Abr - Jun,87.48592682598164
2008,Cabeceras,Afiliada a salud,May - Jul,87.8602366285472
2008,Cabeceras,Afiliada a salud,Jun - Ago,87.93393784292898
2008,Cabeceras,Afiliada a salud,Jul - Sep,87.6951887729747
2008,Cabeceras,Afiliada a salud,Ago - Oct,88.01975357448075
2008,Cabeceras,Afiliada a salud,Sep - Nov,88.37777106366181
2008,Cabeceras,Afiliada a salud,Oct - Dic,88.48649918549528
2008,Cabeceras,Afiliada a salud,Nov - Ene,88.41557091113266
2008,Cabeceras,Afiliada a salud,Dic - Feb,88.30142382545542
2009,Cabeceras,Afiliada a salud,Ene - Mar,87.84982075165307
2009,Cabeceras,Afiliada a salud,Feb - Abr,87.66365918848763
2009,Cabeceras,Afiliada a salud,Mar - May,87.44780726947806
2009,Cabeceras,Afiliada a salud,Abr - Jun,87.64645156618002
2009,Cabeceras,Afiliada a salud,May - Jul,87.85701938765958
2009,Cabeceras,Afiliada a salud,Jun - Ago,88.47933556819045
2009,Cabeceras,Afiliada a salud,Jul - Sep,88.75720703681066
2009,Cabeceras,Afiliada a salud,Ago - Oct,88.80548381669927
2009,Cabeceras,Afiliada a salud,Sep - Nov,88.66908260878377
2009,Cabeceras,Afiliada a salud,Oct - Dic,88.81563486988044
2009,Cabeceras,Afiliada a salud,Nov - Ene,89.14336300343227
2009,Cabeceras,Afiliada a salud,Dic - Feb,89.3732026800952
2010,Cabeceras,Afiliada a salud,Ene - Mar,89.34760194608224
2010,Cabeceras,Afiliada a salud,Feb - Abr,89.40498977118733
2010,Cabeceras,Afiliada a salud,Mar - May,88.92286649776288
2010,Cabeceras,Afiliada a salud,Abr - Jun,89.02330624230494
2010,Cabeceras,Afiliada a salud,May - Jul,88.96440378032824
2010,Cabeceras,Afiliada a salud,Jun - Ago,89.28302600855208
2010,Cabeceras,Afiliada a salud,Jul - Sep,89.01220052985929
2010,Cabeceras,Afiliada a salud,Ago - Oct,88.84953491510058
2010,Cabeceras,Afiliada a salud,Sep - Nov,88.98524125559695
2010,Cabeceras,Afiliada a salud,Oct - Dic,89.46087117538684
2010,Cabeceras,Afiliada a salud,Nov - Ene,89.63204361185359
2010,Cabeceras,Afiliada a salud,Dic - Feb,89.51058422140224
2011,Cabeceras,Afiliada a salud,Ene - Mar,89.21140386705655
2011,Cabeceras,Afiliada a salud,Feb - Abr,89.45935127737748
2011,Cabeceras,Afiliada a salud,Mar - May,89.52363123339954
2011,Cabeceras,Afiliada a salud,Abr - Jun,89.70797953153689
2011,Cabeceras,Afiliada a salud,May - Jul,89.65847215980466
2011,Cabeceras,Afiliada a salud,Jun - Ago,90.04092504133952
2011,Cabeceras,Afiliada a salud,Jul - Sep,90.23969236469276
2011,Cabeceras,Afiliada a salud,Ago - Oct,90.18685977342965
2011,Cabeceras,Afiliada a salud,Sep - Nov,89.98082532994631
2011,Cabeceras,Afiliada a salud,Oct - Dic,90.01721655247896
2011,Cabeceras,Afiliada a salud,Nov - Ene,90.28709405366513
2011,Cabeceras,Afiliada a salud,Dic - Feb,90.0079169607915
2012,Cabeceras,Afiliada a salud,Ene - Mar,89.85329981115142
2012,Cabeceras,Afiliada a salud,Feb - Abr,89.53965600447783
2012,Cabeceras,Afiliada a salud,Mar - May,89.76135845105676
2012,Cabeceras,Afiliada a salud,Abr - Jun,89.5619374035998
2012,Cabeceras,Afiliada a salud,May - Jul,89.60326139415862
2012,Cabeceras,Afiliada a salud,Jun - Ago,89.78327703304204
2012,Cabeceras,Afiliada a salud,Jul - Sep,89.89038366361957
2012,Cabeceras,Afiliada a salud,Ago - Oct,89.89887706597723
2012,Cabeceras,Afiliada a salud,Sep - Nov,89.86971281560201
2012,Cabeceras,Afiliada a salud,Oct - Dic,90.09198632587871
2012,Cabeceras,Afiliada a salud,Nov - Ene,90.20161412598216
2012,Cabeceras,Afiliada a salud,Dic - Feb,90.09299743791892
2013,Cabeceras,Afiliada a salud,Ene - Mar,90.0131229243898
2013,Cabeceras,Afiliada a salud,Feb - Abr,90.01646570717287
2013,Cabeceras,Afiliada a salud,Mar - May,89.97710099154894
2013,Cabeceras,Afiliada a salud,Abr - Jun,90.02177405643576
2013,Cabeceras,Afiliada a salud,May - Jul,90.11152365672419
2013,Cabeceras,Afiliada a salud,Jun - Ago,90.4431270411979
2013,Cabeceras,Afiliada a salud,Jul - Sep,90.87718845040244
2013,Cabeceras,Afiliada a salud,Ago - Oct,91.26092547195776
2013,Cabeceras,Afiliada a salud,Sep - Nov,91.66211807345867
2013,Cabeceras,Afiliada a salud,Oct - Dic,91.55311470749038
2013,Cabeceras,Afiliada a salud,Nov - Ene,91.4670620962214
2013,Cabeceras,Afiliada a salud,Dic - Feb,91.5057400449008
2014,Cabeceras,Afiliada a salud,Ene - Mar,91.88802809621744
2014,Cabeceras,Afiliada a salud,Feb - Abr,92.18343438954757
2014,Cabeceras,Afiliada a salud,Mar - May,91.84260565077065
2014,Cabeceras,Afiliada a salud,Abr - Jun,91.65306987752196
2014,Cabeceras,Afiliada a salud,May - Jul,91.72193156339922
2014,Cabeceras,Afiliada a salud,Jun - Ago,92.12905429655717
2014,Cabeceras,Afiliada a salud,Jul - Sep,92.12504475225171
2014,Cabeceras,Afiliada a salud,Ago - Oct,92.03678391810641
2014,Cabeceras,Afiliada a salud,Sep - Nov,92.22887952784077
2014,Cabeceras,Afiliada a salud,Oct - Dic,92.58526123154923
2014,Cabeceras,Afiliada a salud,Nov - Ene,92.78354964332668
2014,Cabeceras,Afiliada a salud,Dic - Feb,92.60785128689045
2015,Cabeceras,Afiliada a salud,Ene - Mar,92.38289165562914
2015,Cabeceras,Afiliada a salud,Feb - Abr,92.73987226736628
2015,Cabeceras,Afiliada a salud,Mar - May,93.11559316590593
2015,Cabeceras,Afiliada a salud,Abr - Jun,93.25618575753339
2015,Cabeceras,Afiliada a salud,May - Jul,92.91835224852424
2015,Cabeceras,Afiliada a salud,Jun - Ago,92.95150063533461
2015,Cabeceras,Afiliada a salud,Jul - Sep,93.04238704506093
2015,Cabeceras,Afiliada a salud,Ago - Oct,93.27081909588682
2015,Cabeceras,Afiliada a salud,Sep - Nov,93.27074361642711
2015,Cabeceras,Afiliada a salud,Oct - Dic,93.63934357102303
2015,Cabeceras,Afiliada a salud,Nov - Ene,93.7408437156588
2015,Cabeceras,Afiliada a salud,Dic - Feb,93.52880709407972
2016,Cabeceras,Afiliada a salud,Ene - Mar,93.29997514258683
2016,Cabeceras,Afiliada a salud,Feb - Abr,93.1098557432732
2016,Cabeceras,Afiliada a salud,Mar - May,93.3289614033237
2016,Cabeceras,Afiliada a salud,Abr - Jun,93.39898323939725
2016,Cabeceras,Afiliada a salud,May - Jul,93.72883986959964
2016,Cabeceras,Afiliada a salud,Jun - Ago,93.95884518712835
2016,Cabeceras,Afiliada a salud,Jul - Sep,93.97221173559234
2016,Cabeceras,Afiliada a salud,Ago - Oct,93.77163328300203
2016,Cabeceras,Afiliada a salud,Sep - Nov,93.45892839182761
2016,Cabeceras,Afiliada a salud,Oct - Dic,93.41250095634321
2016,Cabeceras,Afiliada a salud,Nov - Ene,93.39890956593739
2016,Cabeceras,Afiliada a salud,Dic - Feb,93.45439543326009
2017,Cabeceras,Afiliada a salud,Ene - Mar,93.49757298378569
2017,Cabeceras,Afiliada a salud,Feb - Abr,93.37102013956854
2017,Cabeceras,Afiliada a salud,Mar - May,93.36676693781041
2017,Cabeceras,Afiliada a salud,Abr - Jun,93.43545437983025
2017,Cabeceras,Afiliada a salud,May - Jul,93.73128061000237
2017,Cabeceras,Afiliada a salud,Jun - Ago,93.72726503980896
2017,Cabeceras,Afiliada a salud,Jul - Sep,93.4493884228027
2017,Cabeceras,Afiliada a salud,Ago - Oct,93.50219053992855
2017,Cabeceras,Afiliada a salud,Sep - Nov,93.34710392467935
2017,Cabeceras,Afiliada a salud,Oct - Dic,93.43660242767413
2017,Cabeceras,Afiliada a salud,Nov - Ene,93.20294491090209
2017,Cabeceras,Afiliada a salud,Dic - Feb,93.2816657281815
2018,Cabeceras,Afiliada a salud,Ene - Mar,93.16223287681666
2018,Cabeceras,Afiliada a salud,Feb - Abr,93.05992487635048
2018,Cabeceras,Afiliada a salud,Mar - May,93.16159310903763
2018,Cabeceras,Afiliada a salud,Abr - Jun,93.0494531022756
2018,Cabeceras,Afiliada a salud,May - Jul,92.92385030193428
2018,Cabeceras,Afiliada a salud,Jun - Ago,92.73763945938592
2018,Cabeceras,Afiliada a salud,Jul - Sep,92.72307372587673
2018,Cabeceras,Afiliada a salud,Ago - Oct,92.72808523439643
2018,Cabeceras,Afiliada a salud,Sep - Nov,92.60767979731509
2018,Cabeceras,Afiliada a salud,Oct - Dic,92.51020998569659
2018,Cabeceras,Afiliada a salud,Nov - Ene,92.36938294820935
2018,Cabeceras,Afiliada a salud,Dic - Feb,92.13048168614581
2019,Cabeceras,Afiliada a salud,Ene - Mar,92.05689233648665
2019,Cabeceras,Afiliada a salud,Feb - Abr,92.06427434262382
2019,Cabeceras,Afiliada a salud,Mar - May,92.21626076580236
2019,Cabeceras,Afiliada a salud,Abr - Jun,92.19875739643184
2019,Cabeceras,Afiliada a salud,May - Jul,92.21856435568183
2019,Cabeceras,Afiliada a salud,Jun - Ago,92.16198156806337
2019,Cabeceras,Afiliada a salud,Jul - Sep,91.95868900542
2019,Cabeceras,Afiliada a salud,Ago - Oct,91.44035517068774
2019,Cabeceras,Afiliada a salud,Sep - Nov,90.80076233292003
2019,Cabeceras,Afiliada a salud,Oct - Dic,91.06375786422592
2019,Cabeceras,Afiliada a salud,Nov - Ene,90.93026787600908
2019,Cabeceras,Afiliada a salud,Dic - Feb,90.92404902356253
2020,Cabeceras,Afiliada a salud,Ene - Mar,0.0
2020,Cabeceras,Afiliada a salud,Feb - Abr,0.0
2020,Cabeceras,Afiliada a salud,Mar - May,0.0
2020,Cabeceras,Afiliada a salud,Abr - Jun,0.0
2020,Cabeceras,Afiliada a salud,May - Jul,90.99839803068097
2020,Cabeceras,Afiliada a salud,Jun - Ago,90.42877640875696
2020,Cabeceras,Afiliada a salud,Jul - Sep,90.0607410276633
2020,Cabeceras,Afiliada a salud,Ago - Oct,90.10454016259885
2020,Cabeceras,Afiliada a salud,Sep - Nov,90.04903998347383
2020,Cabeceras,Afiliada a salud,Oct - Dic,90.58423263855427
2020,Cabeceras,Afiliada a salud,Nov - Ene,90.97016854476503
2020,Cabeceras,Afiliada a salud,Dic - Feb,91.66664287138168
2021,Cabeceras,Afiliada a salud,Ene - Mar,92.0488373372733
2021,Cabeceras,Afiliada a salud,Feb - Abr,92.34154031288173
2021,Cabeceras,Afiliada a salud,Mar - May,92.43234083965265
2021,Cabeceras,Afiliada a salud,Abr - Jun,92.56153248440494
2021,Cabeceras,Afiliada a salud,May - Jul,92.71784664997101
2021,Cabeceras,Afiliada a salud,Jun - Ago,92.95700270542608
2021,Cabeceras,Afiliada a salud,Jul - Sep,93.02485766983877
2021,Cabeceras,Afiliada a salud,Ago - Oct,92.86898050954389
2021,Cabeceras,Afiliada a salud,Sep - Nov,92.86751937188949
2021,Cabeceras,Afiliada a salud,Oct - Dic,93.04684821342587
2021,Cabeceras,Afiliada a salud,Nov - Ene,93.39953657370529
2021,Cabeceras,Afiliada a salud,Dic - Feb,93.29546597910831
2022,Cabeceras,Afiliada a salud,Ene - Mar,93.24055580463023
2022,Cabeceras,Afiliada a salud,Feb - Abr,93.24748526402544
2022,Cabeceras,Afiliada a salud,Mar - May,93.49703407935837
2022,Cabeceras,Afiliada a salud,Abr - Jun,93.44427247316393
2022,Cabeceras,Afiliada a salud,May - Jul,93.52274067664824
2022,Cabeceras,Afiliada a salud,Jun - Ago,93.73604873131796
2022,Cabeceras,Afiliada a salud,Jul - Sep,93.87777481292729
2022,Cabeceras,Afiliada a salud,Ago - Oct,94.07534252764643
2022,Cabeceras,Afiliada a salud,Sep - Nov,94.1163575615785
2022,Cabeceras,Afiliada a salud,Oct - Dic,94.3752470241555
2022,Cabeceras,Afiliada a salud,Nov - Ene,94.4686515808685
2022,Cabeceras,Afiliada a salud,Dic - Feb,94.42385467451435
2023,Cabeceras,Afiliada a salud,Ene - Mar,94.43203129252609
2023,Cabeceras,Afiliada a salud,Feb - Abr,94.51272981438446
2023,Cabeceras,Afiliada a salud,Mar - May,94.7405299355166
2023,Cabeceras,Afiliada a salud,Abr - Jun,94.88385687196525
2023,Cabeceras,Afiliada a salud,May - Jul,94.91021710826281
2023,Cabeceras,Afiliada a salud,Jun - Ago,94.84141911164727
2023,Cabeceras,Afiliada a salud,Jul - Sep,94.70567429854489
2023,Cabeceras,Afiliada a salud,Ago - Oct,94.88590899597266
2023,Cabeceras,Afiliada a salud,Sep - Nov,95.25128625842113
2023,Cabeceras,Afiliada a salud,Oct - Dic,95.51948144500633
2023,Cabeceras,Afiliada a salud,Nov - Ene,95.42073928229506
2023,Cabeceras,Afiliada a salud,Dic - Feb,95.17285784435664
2024,Cabeceras,Afiliada a salud,Ene - Mar,95.27206691908565
2024,Cabeceras,Afiliada a salud,Feb - Abr,95.25654313940505
2024,Cabeceras,Afiliada a salud,Mar - May,95.30610328208198
2024,Cabeceras,Afiliada a salud,Abr - Jun,95.11183853286428
2024,Cabeceras,Afiliada a salud,May - Jul,95.11806215782501
2024,Cabeceras,Afiliada a salud,Jun - Ago,95.17093541735962
2024,Cabeceras,Afiliada a salud,Jul - Sep,95.3425113248707
2024,Cabeceras,Afiliada a salud,Ago - Oct,95.47153047439554
2024,Cabeceras,Afiliada a salud,Sep - Nov,95.66304456376274
2024,Cabeceras,Afiliada a salud,Oct - Dic,95.72968100291924
2024,Cabeceras,Afiliada a salud,Nov - Ene,95.74458496963095
2024,Cabeceras,Afiliada a salud,Dic - Feb,95.65172542241173
2025,Cabeceras,Afiliada a salud,Ene - Mar,95.57983762794555
2025,Cabeceras,Afiliada a salud,Feb - Abr,95.74109811803312
2025,Cabeceras,Afiliada a salud,Mar - May,95.7496737798552
2025,Cabeceras,Afiliada a salud,Abr - Jun,95.69292148019096
2025,Cabeceras,Afiliada a salud,May - Jul,95.48318163341601
2025,Cabeceras,Afiliada a salud,Jun - Ago,95.60671631453569
2025,Cabeceras,Afiliada a salud,Jul - Sep,95.89566727577352
2025,Cabeceras,Afiliada a salud,Ago - Oct,95.58792320355678
2025,Cabeceras,Afiliada a salud,Sep - Nov,95.58711397882662
2025,Cabeceras,Afiliada a salud,Oct - Dic,95.48102497860114
2025,Cabeceras,Afiliada a salud,Nov - Ene,95.94351936778436
2025,Cabeceras,Afiliada a salud,Dic - Feb,96.04210266721014
2026,Cabeceras,Afiliada a salud,Ene - Mar,96.02716461430472
2026,Cabeceras,Afiliada a salud,Feb - Abr,96.0115746540146
2007,Cabeceras,Régimen contributivo,Ene - Mar,54.98159468208973
2007,Cabeceras,Régimen contributivo,Feb - Abr,55.50642490492336
2007,Cabeceras,Régimen contributivo,Mar - May,55.97973778320047
2007,Cabeceras,Régimen contributivo,Abr - Jun,55.33312275365317
2007,Cabeceras,Régimen contributivo,May - Jul,55.420388223187736
2007,Cabeceras,Régimen contributivo,Jun - Ago,54.92239715213066
2007,Cabeceras,Régimen contributivo,Jul - Sep,55.563776445764965
2007,Cabeceras,Régimen contributivo,Ago - Oct,54.86760829216626
2007,Cabeceras,Régimen contributivo,Sep - Nov,54.7379945281309
2007,Cabeceras,Régimen contributivo,Oct - Dic,54.1918643533702
2007,Cabeceras,Régimen contributivo,Nov - Ene,54.93670137161999
2007,Cabeceras,Régimen contributivo,Dic - Feb,54.42460461044646
2008,Cabeceras,Régimen contributivo,Ene - Mar,53.999087000504446
2008,Cabeceras,Régimen contributivo,Feb - Abr,54.11732542717274
2008,Cabeceras,Régimen contributivo,Mar - May,55.03575175673602
2008,Cabeceras,Régimen contributivo,Abr - Jun,56.17005025644115
2008,Cabeceras,Régimen contributivo,May - Jul,56.412600663493116
2008,Cabeceras,Régimen contributivo,Jun - Ago,56.2056932803587
2008,Cabeceras,Régimen contributivo,Jul - Sep,55.49200788009352
2008,Cabeceras,Régimen contributivo,Ago - Oct,54.772901066223234
2008,Cabeceras,Régimen contributivo,Sep - Nov,54.77750367878772
2008,Cabeceras,Régimen contributivo,Oct - Dic,54.70220182178528
2008,Cabeceras,Régimen contributivo,Nov - Ene,54.54056278816075
2008,Cabeceras,Régimen contributivo,Dic - Feb,53.852496765470036
2009,Cabeceras,Régimen contributivo,Ene - Mar,53.219689572369845
2009,Cabeceras,Régimen contributivo,Feb - Abr,53.498246662740335
2009,Cabeceras,Régimen contributivo,Mar - May,53.2899823081925
2009,Cabeceras,Régimen contributivo,Abr - Jun,53.49952548057284
2009,Cabeceras,Régimen contributivo,May - Jul,53.380893149460796
2009,Cabeceras,Régimen contributivo,Jun - Ago,53.95258334470896
2009,Cabeceras,Régimen contributivo,Jul - Sep,54.484649790668016
2009,Cabeceras,Régimen contributivo,Ago - Oct,54.34635400321912
2009,Cabeceras,Régimen contributivo,Sep - Nov,54.1563545156069
2009,Cabeceras,Régimen contributivo,Oct - Dic,53.14602078202262
2009,Cabeceras,Régimen contributivo,Nov - Ene,53.201203829915364
2009,Cabeceras,Régimen contributivo,Dic - Feb,53.117262574320975
2010,Cabeceras,Régimen contributivo,Ene - Mar,53.43378797045673
2010,Cabeceras,Régimen contributivo,Feb - Abr,53.67142627615038
2010,Cabeceras,Régimen contributivo,Mar - May,53.52217819229017
2010,Cabeceras,Régimen contributivo,Abr - Jun,53.71997617245056
2010,Cabeceras,Régimen contributivo,May - Jul,52.91270510128463
2010,Cabeceras,Régimen contributivo,Jun - Ago,52.62763969218355
2010,Cabeceras,Régimen contributivo,Jul - Sep,52.62531488445109
2010,Cabeceras,Régimen contributivo,Ago - Oct,52.707218714076745
2010,Cabeceras,Régimen contributivo,Sep - Nov,52.65472407059654
2010,Cabeceras,Régimen contributivo,Oct - Dic,52.67945875420965
2010,Cabeceras,Régimen contributivo,Nov - Ene,53.00205060649298
2010,Cabeceras,Régimen contributivo,Dic - Feb,53.471813335420315
2011,Cabeceras,Régimen contributivo,Ene - Mar,53.72044247777681
2011,Cabeceras,Régimen contributivo,Feb - Abr,54.27861661691311
2011,Cabeceras,Régimen contributivo,Mar - May,54.19430715041451
2011,Cabeceras,Régimen contributivo,Abr - Jun,54.506507399474266
2011,Cabeceras,Régimen contributivo,May - Jul,54.536919590148756
2011,Cabeceras,Régimen contributivo,Jun - Ago,54.99052050116588
2011,Cabeceras,Régimen contributivo,Jul - Sep,55.291004466987246
2011,Cabeceras,Régimen contributivo,Ago - Oct,55.12974062328963
2011,Cabeceras,Régimen contributivo,Sep - Nov,54.54454892761057
2011,Cabeceras,Régimen contributivo,Oct - Dic,54.1142402799166
2011,Cabeceras,Régimen contributivo,Nov - Ene,54.12579482998735
2011,Cabeceras,Régimen contributivo,Dic - Feb,54.13122627274517
2012,Cabeceras,Régimen contributivo,Ene - Mar,54.3618154665951
2012,Cabeceras,Régimen contributivo,Feb - Abr,54.909808273604064
2012,Cabeceras,Régimen contributivo,Mar - May,55.38199178647392
2012,Cabeceras,Régimen contributivo,Abr - Jun,55.40922914083257
2012,Cabeceras,Régimen contributivo,May - Jul,54.89639786385241
2012,Cabeceras,Régimen contributivo,Jun - Ago,55.6013871943961
2012,Cabeceras,Régimen contributivo,Jul - Sep,55.51935349665018
2012,Cabeceras,Régimen contributivo,Ago - Oct,55.42819802446511
2012,Cabeceras,Régimen contributivo,Sep - Nov,54.418303938130464
2012,Cabeceras,Régimen contributivo,Oct - Dic,53.91791307341881
2012,Cabeceras,Régimen contributivo,Nov - Ene,54.09751049704858
2012,Cabeceras,Régimen contributivo,Dic - Feb,54.5084389055305
2013,Cabeceras,Régimen contributivo,Ene - Mar,55.20984299327992
2013,Cabeceras,Régimen contributivo,Feb - Abr,55.683706290817526
2013,Cabeceras,Régimen contributivo,Mar - May,55.70898759149648
2013,Cabeceras,Régimen contributivo,Abr - Jun,55.903290088865596
2013,Cabeceras,Régimen contributivo,May - Jul,55.99399118117625
2013,Cabeceras,Régimen contributivo,Jun - Ago,56.00838500076095
2013,Cabeceras,Régimen contributivo,Jul - Sep,56.380096704135916
2013,Cabeceras,Régimen contributivo,Ago - Oct,56.29696591902572
2013,Cabeceras,Régimen contributivo,Sep - Nov,56.2487660280901
2013,Cabeceras,Régimen contributivo,Oct - Dic,55.46174485157175
2013,Cabeceras,Régimen contributivo,Nov - Ene,55.36427817660133
2013,Cabeceras,Régimen contributivo,Dic - Feb,55.99881238377393
2014,Cabeceras,Régimen contributivo,Ene - Mar,56.33158082091943
2014,Cabeceras,Régimen contributivo,Feb - Abr,57.12759699162192
2014,Cabeceras,Régimen contributivo,Mar - May,57.15821025697553
2014,Cabeceras,Régimen contributivo,Abr - Jun,57.31353671340881
2014,Cabeceras,Régimen contributivo,May - Jul,57.31094370253287
2014,Cabeceras,Régimen contributivo,Jun - Ago,57.07430371431824
2014,Cabeceras,Régimen contributivo,Jul - Sep,57.385908297024315
2014,Cabeceras,Régimen contributivo,Ago - Oct,56.89349466491211
2014,Cabeceras,Régimen contributivo,Sep - Nov,56.91277264328788
2014,Cabeceras,Régimen contributivo,Oct - Dic,56.644007637696895
2014,Cabeceras,Régimen contributivo,Nov - Ene,56.83205685123573
2014,Cabeceras,Régimen contributivo,Dic - Feb,56.95503298619299
2015,Cabeceras,Régimen contributivo,Ene - Mar,56.78043549668874
2015,Cabeceras,Régimen contributivo,Feb - Abr,56.68102444803205
2015,Cabeceras,Régimen contributivo,Mar - May,56.65778836382952
2015,Cabeceras,Régimen contributivo,Abr - Jun,57.27003383066024
2015,Cabeceras,Régimen contributivo,May - Jul,57.21838433201377
2015,Cabeceras,Régimen contributivo,Jun - Ago,57.483949684636734
2015,Cabeceras,Régimen contributivo,Jul - Sep,57.64076885719134
2015,Cabeceras,Régimen contributivo,Ago - Oct,57.87021174007818
2015,Cabeceras,Régimen contributivo,Sep - Nov,57.34184469675828
2015,Cabeceras,Régimen contributivo,Oct - Dic,56.901035164260364
2015,Cabeceras,Régimen contributivo,Nov - Ene,56.88684032031631
2015,Cabeceras,Régimen contributivo,Dic - Feb,57.27336372773774
2016,Cabeceras,Régimen contributivo,Ene - Mar,57.38099413392853
2016,Cabeceras,Régimen contributivo,Feb - Abr,57.21919033233031
2016,Cabeceras,Régimen contributivo,Mar - May,57.55234244668684
2016,Cabeceras,Régimen contributivo,Abr - Jun,57.76321624399811
2016,Cabeceras,Régimen contributivo,May - Jul,57.828782597707985
2016,Cabeceras,Régimen contributivo,Jun - Ago,57.66170388166169
2016,Cabeceras,Régimen contributivo,Jul - Sep,57.95805806830438
2016,Cabeceras,Régimen contributivo,Ago - Oct,58.109431067398944
2016,Cabeceras,Régimen contributivo,Sep - Nov,57.810195909487895
2016,Cabeceras,Régimen contributivo,Oct - Dic,57.05166404721626
2016,Cabeceras,Régimen contributivo,Nov - Ene,56.81529270647254
2016,Cabeceras,Régimen contributivo,Dic - Feb,56.97865727593997
2017,Cabeceras,Régimen contributivo,Ene - Mar,56.98427848720339
2017,Cabeceras,Régimen contributivo,Feb - Abr,57.2849139980622
2017,Cabeceras,Régimen contributivo,Mar - May,57.12516865871757
2017,Cabeceras,Régimen contributivo,Abr - Jun,57.30066545750977
2017,Cabeceras,Régimen contributivo,May - Jul,56.781941482944674
2017,Cabeceras,Régimen contributivo,Jun - Ago,56.76154518199446
2017,Cabeceras,Régimen contributivo,Jul - Sep,56.75513124347585
2017,Cabeceras,Régimen contributivo,Ago - Oct,57.21838474297009
2017,Cabeceras,Régimen contributivo,Sep - Nov,57.14310916084846
2017,Cabeceras,Régimen contributivo,Oct - Dic,56.335771796335756
2017,Cabeceras,Régimen contributivo,Nov - Ene,55.41792106586693
2017,Cabeceras,Régimen contributivo,Dic - Feb,55.73898565748979
2018,Cabeceras,Régimen contributivo,Ene - Mar,56.28809723812337
2018,Cabeceras,Régimen contributivo,Feb - Abr,56.88082457511728
2018,Cabeceras,Régimen contributivo,Mar - May,56.68603710238072
2018,Cabeceras,Régimen contributivo,Abr - Jun,56.770828958494945
2018,Cabeceras,Régimen contributivo,May - Jul,56.83814600925308
2018,Cabeceras,Régimen contributivo,Jun - Ago,56.65819634763773
2018,Cabeceras,Régimen contributivo,Jul - Sep,56.632629140225276
2018,Cabeceras,Régimen contributivo,Ago - Oct,56.39463598951123
2018,Cabeceras,Régimen contributivo,Sep - Nov,56.320562353067906
2018,Cabeceras,Régimen contributivo,Oct - Dic,55.695047400281794
2018,Cabeceras,Régimen contributivo,Nov - Ene,54.92543565675167
2018,Cabeceras,Régimen contributivo,Dic - Feb,54.72834818339858
2019,Cabeceras,Régimen contributivo,Ene - Mar,55.31009346924534
2019,Cabeceras,Régimen contributivo,Feb - Abr,56.29945293859395
2019,Cabeceras,Régimen contributivo,Mar - May,56.51337272885104
2019,Cabeceras,Régimen contributivo,Abr - Jun,56.84015756914482
2019,Cabeceras,Régimen contributivo,May - Jul,56.82881977998411
2019,Cabeceras,Régimen contributivo,Jun - Ago,57.068140509216455
2019,Cabeceras,Régimen contributivo,Jul - Sep,57.138799218093936
2019,Cabeceras,Régimen contributivo,Ago - Oct,56.87137624364974
2019,Cabeceras,Régimen contributivo,Sep - Nov,56.05979174603044
2019,Cabeceras,Régimen contributivo,Oct - Dic,54.977698769422844
2019,Cabeceras,Régimen contributivo,Nov - Ene,54.437322428605206
2019,Cabeceras,Régimen contributivo,Dic - Feb,54.47925212973236
2020,Cabeceras,Régimen contributivo,Ene - Mar,0.0
2020,Cabeceras,Régimen contributivo,Feb - Abr,0.0
2020,Cabeceras,Régimen contributivo,Mar - May,0.0
2020,Cabeceras,Régimen contributivo,Abr - Jun,0.0
2020,Cabeceras,Régimen contributivo,May - Jul,55.888143155959305
2020,Cabeceras,Régimen contributivo,Jun - Ago,55.784593993963746
2020,Cabeceras,Régimen contributivo,Jul - Sep,55.1459686873374
2020,Cabeceras,Régimen contributivo,Ago - Oct,55.033736677767386
2020,Cabeceras,Régimen contributivo,Sep - Nov,54.448155594943785
2020,Cabeceras,Régimen contributivo,Oct - Dic,54.19378172853949
2020,Cabeceras,Régimen contributivo,Nov - Ene,55.70314469137783
2020,Cabeceras,Régimen contributivo,Dic - Feb,56.40759326508273
2021,Cabeceras,Régimen contributivo,Ene - Mar,57.58557053100082
2021,Cabeceras,Régimen contributivo,Feb - Abr,57.310878809940945
2021,Cabeceras,Régimen contributivo,Mar - May,57.93267903725624
2021,Cabeceras,Régimen contributivo,Abr - Jun,58.56031840588369
2021,Cabeceras,Régimen contributivo,May - Jul,58.89140466982834
2021,Cabeceras,Régimen contributivo,Jun - Ago,58.57347080066692
2021,Cabeceras,Régimen contributivo,Jul - Sep,58.846508469654324
2021,Cabeceras,Régimen contributivo,Ago - Oct,58.64857262400408
2021,Cabeceras,Régimen contributivo,Sep - Nov,58.5655885287404
2021,Cabeceras,Régimen contributivo,Oct - Dic,58.67571944646841
2021,Cabeceras,Régimen contributivo,Nov - Ene,58.99437842568949
2021,Cabeceras,Régimen contributivo,Dic - Feb,59.063426052255984
2022,Cabeceras,Régimen contributivo,Ene - Mar,58.36527203149552
2022,Cabeceras,Régimen contributivo,Feb - Abr,58.36075650369155
2022,Cabeceras,Régimen contributivo,Mar - May,59.13453745871848
2022,Cabeceras,Régimen contributivo,Abr - Jun,59.52515369895863
2022,Cabeceras,Régimen contributivo,May - Jul,59.17703186209907
2022,Cabeceras,Régimen contributivo,Jun - Ago,58.68711638250217
2022,Cabeceras,Régimen contributivo,Jul - Sep,58.63111617888548
2022,Cabeceras,Régimen contributivo,Ago - Oct,58.71645564968616
2022,Cabeceras,Régimen contributivo,Sep - Nov,58.62909114545805
2022,Cabeceras,Régimen contributivo,Oct - Dic,58.75644457018381
2022,Cabeceras,Régimen contributivo,Nov - Ene,58.58138486293295
2022,Cabeceras,Régimen contributivo,Dic - Feb,57.8030185329404
2023,Cabeceras,Régimen contributivo,Ene - Mar,56.89068911742433
2023,Cabeceras,Régimen contributivo,Feb - Abr,57.21801747961083
2023,Cabeceras,Régimen contributivo,Mar - May,58.49903795717587
2023,Cabeceras,Régimen contributivo,Abr - Jun,59.689819691830614
2023,Cabeceras,Régimen contributivo,May - Jul,59.93724388784776
2023,Cabeceras,Régimen contributivo,Jun - Ago,59.38478939191175
2023,Cabeceras,Régimen contributivo,Jul - Sep,59.304321614184666
2023,Cabeceras,Régimen contributivo,Ago - Oct,59.586044785041715
2023,Cabeceras,Régimen contributivo,Sep - Nov,60.32017033544928
2023,Cabeceras,Régimen contributivo,Oct - Dic,60.193506823929845
2023,Cabeceras,Régimen contributivo,Nov - Ene,59.715851744124436
2023,Cabeceras,Régimen contributivo,Dic - Feb,58.930692355289885
2024,Cabeceras,Régimen contributivo,Ene - Mar,58.90888323126057
2024,Cabeceras,Régimen contributivo,Feb - Abr,58.93990654366795
2024,Cabeceras,Régimen contributivo,Mar - May,59.68610253449409
2024,Cabeceras,Régimen contributivo,Abr - Jun,60.01270999710383
2024,Cabeceras,Régimen contributivo,May - Jul,60.0993259606163
2024,Cabeceras,Régimen contributivo,Jun - Ago,59.63481034095442
2024,Cabeceras,Régimen contributivo,Jul - Sep,59.77833083051296
2024,Cabeceras,Régimen contributivo,Ago - Oct,59.74153359133037
2024,Cabeceras,Régimen contributivo,Sep - Nov,59.75435175827515
2024,Cabeceras,Régimen contributivo,Oct - Dic,58.811413208909826
2024,Cabeceras,Régimen contributivo,Nov - Ene,58.81587368548835
2024,Cabeceras,Régimen contributivo,Dic - Feb,58.026250800071466
2025,Cabeceras,Régimen contributivo,Ene - Mar,57.923317589084675
2025,Cabeceras,Régimen contributivo,Feb - Abr,58.20082547592706
2025,Cabeceras,Régimen contributivo,Mar - May,58.84784055229348
2025,Cabeceras,Régimen contributivo,Abr - Jun,59.39171837166869
2025,Cabeceras,Régimen contributivo,May - Jul,59.45557129963007
2025,Cabeceras,Régimen contributivo,Jun - Ago,59.52804412426934
2025,Cabeceras,Régimen contributivo,Jul - Sep,59.78608984299918
2025,Cabeceras,Régimen contributivo,Ago - Oct,58.77937697131149
2025,Cabeceras,Régimen contributivo,Sep - Nov,58.671694307131595
2025,Cabeceras,Régimen contributivo,Oct - Dic,58.30457755003393
2025,Cabeceras,Régimen contributivo,Nov - Ene,59.37562044556678
2025,Cabeceras,Régimen contributivo,Dic - Feb,59.72717421060134
2026,Cabeceras,Régimen contributivo,Ene - Mar,59.73994658068686
2026,Cabeceras,Régimen contributivo,Feb - Abr,59.52450008348552
2007,Cabeceras,Régimen especial,Ene - Mar,2.10858278577136
2007,Cabeceras,Régimen especial,Feb - Abr,1.9878168543109562
2007,Cabeceras,Régimen especial,Mar - May,1.9566898758453066
2007,Cabeceras,Régimen especial,Abr - Jun,1.9458366676494123
2007,Cabeceras,Régimen especial,May - Jul,2.039256301075691
2007,Cabeceras,Régimen especial,Jun - Ago,2.158747454793112
2007,Cabeceras,Régimen especial,Jul - Sep,2.059327383076436
2007,Cabeceras,Régimen especial,Ago - Oct,2.3456139680007464
2007,Cabeceras,Régimen especial,Sep - Nov,2.456098752902659
2007,Cabeceras,Régimen especial,Oct - Dic,2.5503832983231236
2007,Cabeceras,Régimen especial,Nov - Ene,2.4683706042533506
2007,Cabeceras,Régimen especial,Dic - Feb,2.333425412573355
2008,Cabeceras,Régimen especial,Ene - Mar,2.3178462438614775
2008,Cabeceras,Régimen especial,Feb - Abr,2.2232526844504568
2008,Cabeceras,Régimen especial,Mar - May,2.2187396062244895
2008,Cabeceras,Régimen especial,Abr - Jun,2.2900111565720387
2008,Cabeceras,Régimen especial,May - Jul,2.4781042836702465
2008,Cabeceras,Régimen especial,Jun - Ago,2.417931636188554
2008,Cabeceras,Régimen especial,Jul - Sep,2.485852172384051
2008,Cabeceras,Régimen especial,Ago - Oct,2.3118282047932226
2008,Cabeceras,Régimen especial,Sep - Nov,2.3866941204143335
2008,Cabeceras,Régimen especial,Oct - Dic,2.411277043194911
2008,Cabeceras,Régimen especial,Nov - Ene,2.596983549890891
2008,Cabeceras,Régimen especial,Dic - Feb,2.6711119124421634
2009,Cabeceras,Régimen especial,Ene - Mar,2.751711746104888
2009,Cabeceras,Régimen especial,Feb - Abr,2.663219962515599
2009,Cabeceras,Régimen especial,Mar - May,2.7337664931121557
2009,Cabeceras,Régimen especial,Abr - Jun,2.7348543626260513
2009,Cabeceras,Régimen especial,May - Jul,2.747666420719326
2009,Cabeceras,Régimen especial,Jun - Ago,2.5958471307082105
2009,Cabeceras,Régimen especial,Jul - Sep,2.586525670692642
2009,Cabeceras,Régimen especial,Ago - Oct,2.527227903851563
2009,Cabeceras,Régimen especial,Sep - Nov,2.669288352427162
2009,Cabeceras,Régimen especial,Oct - Dic,2.6678076846080674
2009,Cabeceras,Régimen especial,Nov - Ene,2.8364216603269528
2009,Cabeceras,Régimen especial,Dic - Feb,2.8823069337722123
2010,Cabeceras,Régimen especial,Ene - Mar,3.0258281274874848
2010,Cabeceras,Régimen especial,Feb - Abr,2.932142733177387
2010,Cabeceras,Régimen especial,Mar - May,2.998954810206065
2010,Cabeceras,Régimen especial,Abr - Jun,2.990486527497391
2010,Cabeceras,Régimen especial,May - Jul,3.1594316505777416
2010,Cabeceras,Régimen especial,Jun - Ago,3.257482847270591
2010,Cabeceras,Régimen especial,Jul - Sep,3.3618462710449077
2010,Cabeceras,Régimen especial,Ago - Oct,3.3969349861179143
2010,Cabeceras,Régimen especial,Sep - Nov,3.2858740475834898
2010,Cabeceras,Régimen especial,Oct - Dic,3.0243527497679787
2010,Cabeceras,Régimen especial,Nov - Ene,2.9507894684375318
2010,Cabeceras,Régimen especial,Dic - Feb,3.0638577994957403
2011,Cabeceras,Régimen especial,Ene - Mar,3.170634413018157
2011,Cabeceras,Régimen especial,Feb - Abr,3.0148489593750516
2011,Cabeceras,Régimen especial,Mar - May,2.901397524011907
2011,Cabeceras,Régimen especial,Abr - Jun,3.0730566309430807
2011,Cabeceras,Régimen especial,May - Jul,3.1940149265211772
2011,Cabeceras,Régimen especial,Jun - Ago,3.2226791056794637
2011,Cabeceras,Régimen especial,Jul - Sep,3.1562776416446026
2011,Cabeceras,Régimen especial,Ago - Oct,3.110441659730894
2011,Cabeceras,Régimen especial,Sep - Nov,3.0732867487349367
2011,Cabeceras,Régimen especial,Oct - Dic,2.8492503352294216
2011,Cabeceras,Régimen especial,Nov - Ene,3.0744327520210013
2011,Cabeceras,Régimen especial,Dic - Feb,3.1285311457134126
2012,Cabeceras,Régimen especial,Ene - Mar,3.330057640781914
2012,Cabeceras,Régimen especial,Feb - Abr,3.13346249982117
2012,Cabeceras,Régimen especial,Mar - May,3.2632568479028565
2012,Cabeceras,Régimen especial,Abr - Jun,3.427695498457991
2012,Cabeceras,Régimen especial,May - Jul,3.4481259649107256
2012,Cabeceras,Régimen especial,Jun - Ago,3.2965041772819976
2012,Cabeceras,Régimen especial,Jul - Sep,3.203054911506279
2012,Cabeceras,Régimen especial,Ago - Oct,3.3556177875043267
2012,Cabeceras,Régimen especial,Sep - Nov,3.281178369542758
2012,Cabeceras,Régimen especial,Oct - Dic,3.044943963340385
2012,Cabeceras,Régimen especial,Nov - Ene,2.9284037544571833
2012,Cabeceras,Régimen especial,Dic - Feb,2.997083675434978
2013,Cabeceras,Régimen especial,Ene - Mar,3.0903295895107417
2013,Cabeceras,Régimen especial,Feb - Abr,3.214439082307239
2013,Cabeceras,Régimen especial,Mar - May,3.2872003557910054
2013,Cabeceras,Régimen especial,Abr - Jun,3.4858502779735985
2013,Cabeceras,Régimen especial,May - Jul,3.5163103853324746
2013,Cabeceras,Régimen especial,Jun - Ago,3.555886968210373
2013,Cabeceras,Régimen especial,Jul - Sep,3.498047770233306
2013,Cabeceras,Régimen especial,Ago - Oct,3.463257257726693
2013,Cabeceras,Régimen especial,Sep - Nov,3.4675994240360386
2013,Cabeceras,Régimen especial,Oct - Dic,3.259234548438486
2013,Cabeceras,Régimen especial,Nov - Ene,3.2524602886895475
2013,Cabeceras,Régimen especial,Dic - Feb,3.112698416242612
2014,Cabeceras,Régimen especial,Ene - Mar,3.2237311218165026
2014,Cabeceras,Régimen especial,Feb - Abr,3.1139784430387345
2014,Cabeceras,Régimen especial,Mar - May,3.089437313336549
2014,Cabeceras,Régimen especial,Abr - Jun,3.1356204962745995
2014,Cabeceras,Régimen especial,May - Jul,3.3128239507798383
2014,Cabeceras,Régimen especial,Jun - Ago,3.410855594511357
2014,Cabeceras,Régimen especial,Jul - Sep,3.309334530039961
2014,Cabeceras,Régimen especial,Ago - Oct,3.1976539790466734
2014,Cabeceras,Régimen especial,Sep - Nov,3.2426380741245424
2014,Cabeceras,Régimen especial,Oct - Dic,3.336370855664813
2014,Cabeceras,Régimen especial,Nov - Ene,3.2127392352665125
2014,Cabeceras,Régimen especial,Dic - Feb,3.0967463098335393
2015,Cabeceras,Régimen especial,Ene - Mar,3.1021393377483446
2015,Cabeceras,Régimen especial,Feb - Abr,3.1147195626834314
2015,Cabeceras,Régimen especial,Mar - May,3.2808087750547332
2015,Cabeceras,Régimen especial,Abr - Jun,3.1559207292056155
2015,Cabeceras,Régimen especial,May - Jul,3.269161065072937
2015,Cabeceras,Régimen especial,Jun - Ago,3.2037916615038076
2015,Cabeceras,Régimen especial,Jul - Sep,3.3030253456611134
2015,Cabeceras,Régimen especial,Ago - Oct,3.4266211003503506
2015,Cabeceras,Régimen especial,Sep - Nov,3.4403506455633432
2015,Cabeceras,Régimen especial,Oct - Dic,3.430303742223468
2015,Cabeceras,Régimen especial,Nov - Ene,3.283152321793813
2015,Cabeceras,Régimen especial,Dic - Feb,3.2461759532082866
2016,Cabeceras,Régimen especial,Ene - Mar,3.2977859547148567
2016,Cabeceras,Régimen especial,Feb - Abr,3.4303151411410973
2016,Cabeceras,Régimen especial,Mar - May,3.512935751001463
2016,Cabeceras,Régimen especial,Abr - Jun,3.563305719129279
2016,Cabeceras,Régimen especial,May - Jul,3.4834779760413834
2016,Cabeceras,Régimen especial,Jun - Ago,3.415572771212514
2016,Cabeceras,Régimen especial,Jul - Sep,3.501175420790474
2016,Cabeceras,Régimen especial,Ago - Oct,3.4366378688245556
2016,Cabeceras,Régimen especial,Sep - Nov,3.570983731972392
2016,Cabeceras,Régimen especial,Oct - Dic,3.488898828490894
2016,Cabeceras,Régimen especial,Nov - Ene,3.5997720725981073
2016,Cabeceras,Régimen especial,Dic - Feb,3.435425413273954
2017,Cabeceras,Régimen especial,Ene - Mar,3.463660728724829
2017,Cabeceras,Régimen especial,Feb - Abr,3.428327230414997
2017,Cabeceras,Régimen especial,Mar - May,3.5541449547477693
2017,Cabeceras,Régimen especial,Abr - Jun,3.4981097845205102
2017,Cabeceras,Régimen especial,May - Jul,3.51800904777038
2017,Cabeceras,Régimen especial,Jun - Ago,3.6203294611861065
2017,Cabeceras,Régimen especial,Jul - Sep,3.7559991210464516
2017,Cabeceras,Régimen especial,Ago - Oct,3.631463148324409
2017,Cabeceras,Régimen especial,Sep - Nov,3.469875531992961
2017,Cabeceras,Régimen especial,Oct - Dic,3.2661012379308456
2017,Cabeceras,Régimen especial,Nov - Ene,3.3401833639752994
2017,Cabeceras,Régimen especial,Dic - Feb,3.297405581504212
2018,Cabeceras,Régimen especial,Ene - Mar,3.3990189671975966
2018,Cabeceras,Régimen especial,Feb - Abr,3.524560437953652
2018,Cabeceras,Régimen especial,Mar - May,3.653292291519514
2018,Cabeceras,Régimen especial,Abr - Jun,3.859309286026982
2018,Cabeceras,Régimen especial,May - Jul,3.729183144705793
2018,Cabeceras,Régimen especial,Jun - Ago,3.7823254783557947
2018,Cabeceras,Régimen especial,Jul - Sep,3.5163848757441816
2018,Cabeceras,Régimen especial,Ago - Oct,3.5110963901951906
2018,Cabeceras,Régimen especial,Sep - Nov,3.467395464305878
2018,Cabeceras,Régimen especial,Oct - Dic,3.5964020801215995
2018,Cabeceras,Régimen especial,Nov - Ene,3.7920331411028707
2018,Cabeceras,Régimen especial,Dic - Feb,3.780779698959189
2019,Cabeceras,Régimen especial,Ene - Mar,3.664891839659795
2019,Cabeceras,Régimen especial,Feb - Abr,3.4861509733157705
2019,Cabeceras,Régimen especial,Mar - May,3.3351110762565828
2019,Cabeceras,Régimen especial,Abr - Jun,3.4109736646419537
2019,Cabeceras,Régimen especial,May - Jul,3.478448489344218
2019,Cabeceras,Régimen especial,Jun - Ago,3.5581366799678564
2019,Cabeceras,Régimen especial,Jul - Sep,3.62988230878546
2019,Cabeceras,Régimen especial,Ago - Oct,3.523445834479735
2019,Cabeceras,Régimen especial,Sep - Nov,3.5297888437896954
2019,Cabeceras,Régimen especial,Oct - Dic,3.321815403120962
2019,Cabeceras,Régimen especial,Nov - Ene,3.4755958537172496
2019,Cabeceras,Régimen especial,Dic - Feb,3.437426531455407
2020,Cabeceras,Régimen especial,Ene - Mar,0.0
2020,Cabeceras,Régimen especial,Feb - Abr,0.0
2020,Cabeceras,Régimen especial,Mar - May,0.0
2020,Cabeceras,Régimen especial,Abr - Jun,0.0
2020,Cabeceras,Régimen especial,May - Jul,3.4807277670610843
2020,Cabeceras,Régimen especial,Jun - Ago,3.3852405404423256
2020,Cabeceras,Régimen especial,Jul - Sep,3.740365108534157
2020,Cabeceras,Régimen especial,Ago - Oct,3.8718745978445543
2020,Cabeceras,Régimen especial,Sep - Nov,3.7236449037787533
2020,Cabeceras,Régimen especial,Oct - Dic,3.4186795805851835
2020,Cabeceras,Régimen especial,Nov - Ene,3.0025025767221605
2020,Cabeceras,Régimen especial,Dic - Feb,2.7180663429005048
2021,Cabeceras,Régimen especial,Ene - Mar,2.371804394819355
2021,Cabeceras,Régimen especial,Feb - Abr,2.411973637355121
2021,Cabeceras,Régimen especial,Mar - May,2.5638458616927955
2021,Cabeceras,Régimen especial,Abr - Jun,2.5135701819920384
2021,Cabeceras,Régimen especial,May - Jul,2.4938567701874352
2021,Cabeceras,Régimen especial,Jun - Ago,2.342562107288021
2021,Cabeceras,Régimen especial,Jul - Sep,2.4546671232976847
2021,Cabeceras,Régimen especial,Ago - Oct,2.380924420184062
2021,Cabeceras,Régimen especial,Sep - Nov,2.5769384996023503
2021,Cabeceras,Régimen especial,Oct - Dic,2.6722368782776496
2021,Cabeceras,Régimen especial,Nov - Ene,2.885485688159231
2021,Cabeceras,Régimen especial,Dic - Feb,2.8029301531125617
2022,Cabeceras,Régimen especial,Ene - Mar,2.7709530916784733
2022,Cabeceras,Régimen especial,Feb - Abr,2.74042145856446
2022,Cabeceras,Régimen especial,Mar - May,2.7401362844184414
2022,Cabeceras,Régimen especial,Abr - Jun,2.724882934431301
2022,Cabeceras,Régimen especial,May - Jul,2.7611274581443928
2022,Cabeceras,Régimen especial,Jun - Ago,2.742951682551137
2022,Cabeceras,Régimen especial,Jul - Sep,2.791674130211109
2022,Cabeceras,Régimen especial,Ago - Oct,2.7230426416101983
2022,Cabeceras,Régimen especial,Sep - Nov,2.66668415493191
2022,Cabeceras,Régimen especial,Oct - Dic,2.5853220149234577
2022,Cabeceras,Régimen especial,Nov - Ene,2.5837470646929863
2022,Cabeceras,Régimen especial,Dic - Feb,2.7934844637976974
2023,Cabeceras,Régimen especial,Ene - Mar,2.9340104722241587
2023,Cabeceras,Régimen especial,Feb - Abr,3.047418855007975
2023,Cabeceras,Régimen especial,Mar - May,3.041839760769178
2023,Cabeceras,Régimen especial,Abr - Jun,2.951874568255811
2023,Cabeceras,Régimen especial,May - Jul,2.8725539546978593
2023,Cabeceras,Régimen especial,Jun - Ago,2.848360071222501
2023,Cabeceras,Régimen especial,Jul - Sep,3.043215596949908
2023,Cabeceras,Régimen especial,Ago - Oct,2.939846701789987
2023,Cabeceras,Régimen especial,Sep - Nov,2.8259828956885062
2023,Cabeceras,Régimen especial,Oct - Dic,2.6955392555699986
2023,Cabeceras,Régimen especial,Nov - Ene,2.8802703428669254
2023,Cabeceras,Régimen especial,Dic - Feb,2.942607849369355
2024,Cabeceras,Régimen especial,Ene - Mar,3.0418088818906437
2024,Cabeceras,Régimen especial,Feb - Abr,3.1135512794193003
2024,Cabeceras,Régimen especial,Mar - May,3.118904625840823
2024,Cabeceras,Régimen especial,Abr - Jun,2.9595289187840303
2024,Cabeceras,Régimen especial,May - Jul,2.73258219390299
2024,Cabeceras,Régimen especial,Jun - Ago,2.7435671608262036
2024,Cabeceras,Régimen especial,Jul - Sep,2.7903844995690634
2024,Cabeceras,Régimen especial,Ago - Oct,2.9083922971053857
2024,Cabeceras,Régimen especial,Sep - Nov,2.8876617197405374
2024,Cabeceras,Régimen especial,Oct - Dic,2.8437639067169305
2024,Cabeceras,Régimen especial,Nov - Ene,2.782196011154163
2024,Cabeceras,Régimen especial,Dic - Feb,2.880902315827452
2025,Cabeceras,Régimen especial,Ene - Mar,2.827950498478414
2025,Cabeceras,Régimen especial,Feb - Abr,3.013109522292965
2025,Cabeceras,Régimen especial,Mar - May,2.8312985406710145
2025,Cabeceras,Régimen especial,Abr - Jun,3.042790841633521
2025,Cabeceras,Régimen especial,May - Jul,2.730498171188231
2025,Cabeceras,Régimen especial,Jun - Ago,2.682800045750632
2025,Cabeceras,Régimen especial,Jul - Sep,2.5180257396091763
2025,Cabeceras,Régimen especial,Ago - Oct,2.743233051485808
2025,Cabeceras,Régimen especial,Sep - Nov,2.7013961933893835
2025,Cabeceras,Régimen especial,Oct - Dic,2.748378569793102
2025,Cabeceras,Régimen especial,Nov - Ene,2.617274375860192
2025,Cabeceras,Régimen especial,Dic - Feb,2.819494918702668
2026,Cabeceras,Régimen especial,Ene - Mar,2.920949907466447
2026,Cabeceras,Régimen especial,Feb - Abr,2.9507115086276228
2007,Cabeceras,Aportantes,Ene - Mar,45.622610416912465
2007,Cabeceras,Aportantes,Feb - Abr,45.66762649272582
2007,Cabeceras,Aportantes,Mar - May,45.8353373894166
2007,Cabeceras,Aportantes,Abr - Jun,45.31574274940799
2007,Cabeceras,Aportantes,May - Jul,45.673681681838566
2007,Cabeceras,Aportantes,Jun - Ago,45.424714171195376
2007,Cabeceras,Aportantes,Jul - Sep,45.883569823494554
2007,Cabeceras,Aportantes,Ago - Oct,45.51922875344574
2007,Cabeceras,Aportantes,Sep - Nov,45.432945061945844
2007,Cabeceras,Aportantes,Oct - Dic,44.78733692766518
2007,Cabeceras,Aportantes,Nov - Ene,45.501422138303745
2007,Cabeceras,Aportantes,Dic - Feb,45.134291735563984
2008,Cabeceras,Aportantes,Ene - Mar,45.05739657467187
2008,Cabeceras,Aportantes,Feb - Abr,44.834425207459134
2008,Cabeceras,Aportantes,Mar - May,45.46427684285753
2008,Cabeceras,Aportantes,Abr - Jun,46.51040180039709
2008,Cabeceras,Aportantes,May - Jul,46.81736949643371
2008,Cabeceras,Aportantes,Jun - Ago,46.70106796153025
2008,Cabeceras,Aportantes,Jul - Sep,45.80189115680777
2008,Cabeceras,Aportantes,Ago - Oct,45.02963824513741
2008,Cabeceras,Aportantes,Sep - Nov,44.82886515196008
2008,Cabeceras,Aportantes,Oct - Dic,45.0400908520329
2008,Cabeceras,Aportantes,Nov - Ene,45.20044909701089
2008,Cabeceras,Aportantes,Dic - Feb,44.87709550987992
2009,Cabeceras,Aportantes,Ene - Mar,44.242376024515984
2009,Cabeceras,Aportantes,Feb - Abr,44.26399388879815
2009,Cabeceras,Aportantes,Mar - May,44.080000819716446
2009,Cabeceras,Aportantes,Abr - Jun,43.984645300203
2009,Cabeceras,Aportantes,May - Jul,44.07409726575197
2009,Cabeceras,Aportantes,Jun - Ago,44.41864591234617
2009,Cabeceras,Aportantes,Jul - Sep,45.177050367722046
2009,Cabeceras,Aportantes,Ago - Oct,44.64922359748204
2009,Cabeceras,Aportantes,Sep - Nov,44.40575852012203
2009,Cabeceras,Aportantes,Oct - Dic,43.35494692143876
2009,Cabeceras,Aportantes,Nov - Ene,43.6907443696266
2009,Cabeceras,Aportantes,Dic - Feb,43.88819647282127
2010,Cabeceras,Aportantes,Ene - Mar,44.49448210764048
2010,Cabeceras,Aportantes,Feb - Abr,44.70877733632438
2010,Cabeceras,Aportantes,Mar - May,44.685506047645646
2010,Cabeceras,Aportantes,Abr - Jun,44.723535866639956
2010,Cabeceras,Aportantes,May - Jul,44.24872980240773
2010,Cabeceras,Aportantes,Jun - Ago,44.01657368796454
2010,Cabeceras,Aportantes,Jul - Sep,43.981230061387485
2010,Cabeceras,Aportantes,Ago - Oct,43.74495103615503
2010,Cabeceras,Aportantes,Sep - Nov,43.435214025416144
2010,Cabeceras,Aportantes,Oct - Dic,43.31771431292951
2010,Cabeceras,Aportantes,Nov - Ene,43.867493562721876
2010,Cabeceras,Aportantes,Dic - Feb,44.345805156738244
2011,Cabeceras,Aportantes,Ene - Mar,44.894179871916
2011,Cabeceras,Aportantes,Feb - Abr,45.067328708939684
2011,Cabeceras,Aportantes,Mar - May,44.991021067218526
2011,Cabeceras,Aportantes,Abr - Jun,45.25226093314934
2011,Cabeceras,Aportantes,May - Jul,45.44757669141415
2011,Cabeceras,Aportantes,Jun - Ago,45.695919494201206
2011,Cabeceras,Aportantes,Jul - Sep,45.849886434597614
2011,Cabeceras,Aportantes,Ago - Oct,45.173357254260985
2011,Cabeceras,Aportantes,Sep - Nov,44.59534520387075
2011,Cabeceras,Aportantes,Oct - Dic,43.91135700267731
2011,Cabeceras,Aportantes,Nov - Ene,44.5150019307423
2011,Cabeceras,Aportantes,Dic - Feb,44.99158278309257
2012,Cabeceras,Aportantes,Ene - Mar,45.564544324175536
2012,Cabeceras,Aportantes,Feb - Abr,45.745010104682976
2012,Cabeceras,Aportantes,Mar - May,45.92219566301435
2012,Cabeceras,Aportantes,Abr - Jun,45.8340417316926
2012,Cabeceras,Aportantes,May - Jul,45.40994788447727
2012,Cabeceras,Aportantes,Jun - Ago,45.9420035035079
2012,Cabeceras,Aportantes,Jul - Sep,45.73616934221397
2012,Cabeceras,Aportantes,Ago - Oct,45.70994278122066
2012,Cabeceras,Aportantes,Sep - Nov,44.95487000157218
2012,Cabeceras,Aportantes,Oct - Dic,44.593651107490494
2012,Cabeceras,Aportantes,Nov - Ene,44.974806842915385
2012,Cabeceras,Aportantes,Dic - Feb,45.29023749825228
2013,Cabeceras,Aportantes,Ene - Mar,46.05050165029835
2013,Cabeceras,Aportantes,Feb - Abr,46.51165565654313
2013,Cabeceras,Aportantes,Mar - May,46.39106951318661
2013,Cabeceras,Aportantes,Abr - Jun,46.66375167353304
2013,Cabeceras,Aportantes,May - Jul,46.59445930888434
2013,Cabeceras,Aportantes,Jun - Ago,46.899383040678316
2013,Cabeceras,Aportantes,Jul - Sep,47.0355152232692
2013,Cabeceras,Aportantes,Ago - Oct,46.95961465156472
2013,Cabeceras,Aportantes,Sep - Nov,46.80047922077545
2013,Cabeceras,Aportantes,Oct - Dic,46.019427643235524
2013,Cabeceras,Aportantes,Nov - Ene,46.26768161978191
2013,Cabeceras,Aportantes,Dic - Feb,47.03794351828108
2014,Cabeceras,Aportantes,Ene - Mar,47.82667302324957
2014,Cabeceras,Aportantes,Feb - Abr,48.30687928471312
2014,Cabeceras,Aportantes,Mar - May,48.37347383628269
2014,Cabeceras,Aportantes,Abr - Jun,48.599380457034734
2014,Cabeceras,Aportantes,May - Jul,48.79020957965462
2014,Cabeceras,Aportantes,Jun - Ago,48.476643711967114
2014,Cabeceras,Aportantes,Jul - Sep,48.68248352003594
2014,Cabeceras,Aportantes,Ago - Oct,47.897765170528125
2014,Cabeceras,Aportantes,Sep - Nov,47.80465826801345
2014,Cabeceras,Aportantes,Oct - Dic,47.38195852230039
2014,Cabeceras,Aportantes,Nov - Ene,47.68446899688142
2014,Cabeceras,Aportantes,Dic - Feb,47.987646493190404
2015,Cabeceras,Aportantes,Ene - Mar,48.10983417218544
2015,Cabeceras,Aportantes,Feb - Abr,48.11642194749594
2015,Cabeceras,Aportantes,Mar - May,48.06497028920981
2015,Cabeceras,Aportantes,Abr - Jun,48.36868229032875
2015,Cabeceras,Aportantes,May - Jul,48.47497091126487
2015,Cabeceras,Aportantes,Jun - Ago,48.88028410026421
2015,Cabeceras,Aportantes,Jul - Sep,49.03604229627391
2015,Cabeceras,Aportantes,Ago - Oct,49.32684166930949
2015,Cabeceras,Aportantes,Sep - Nov,49.0238654398214
2015,Cabeceras,Aportantes,Oct - Dic,48.69706849874827
2015,Cabeceras,Aportantes,Nov - Ene,48.649996450861515
2015,Cabeceras,Aportantes,Dic - Feb,49.001077547091214
2016,Cabeceras,Aportantes,Ene - Mar,49.47289941694814
2016,Cabeceras,Aportantes,Feb - Abr,49.571174723789625
2016,Cabeceras,Aportantes,Mar - May,49.99291342391235
2016,Cabeceras,Aportantes,Abr - Jun,50.224805389938645
2016,Cabeceras,Aportantes,May - Jul,50.19274816554473
2016,Cabeceras,Aportantes,Jun - Ago,50.01974214061702
2016,Cabeceras,Aportantes,Jul - Sep,50.15935297732683
2016,Cabeceras,Aportantes,Ago - Oct,50.20620124332895
2016,Cabeceras,Aportantes,Sep - Nov,49.844479772157314
2016,Cabeceras,Aportantes,Oct - Dic,49.185125221391566
2016,Cabeceras,Aportantes,Nov - Ene,49.226784961121965
2016,Cabeceras,Aportantes,Dic - Feb,49.64611207905862
2017,Cabeceras,Aportantes,Ene - Mar,50.01571044424098
2017,Cabeceras,Aportantes,Feb - Abr,50.46218460149841
2017,Cabeceras,Aportantes,Mar - May,50.55416568231335
2017,Cabeceras,Aportantes,Abr - Jun,50.591927559991234
2017,Cabeceras,Aportantes,May - Jul,50.07885439619576
2017,Cabeceras,Aportantes,Jun - Ago,50.01248099208036
2017,Cabeceras,Aportantes,Jul - Sep,50.10891616809584
2017,Cabeceras,Aportantes,Ago - Oct,50.34826976474355
2017,Cabeceras,Aportantes,Sep - Nov,50.15269118324528
2017,Cabeceras,Aportantes,Oct - Dic,49.352325346056126
2017,Cabeceras,Aportantes,Nov - Ene,48.710574783998325
2017,Cabeceras,Aportantes,Dic - Feb,49.23289979229512
2018,Cabeceras,Aportantes,Ene - Mar,49.86647975160441
2018,Cabeceras,Aportantes,Feb - Abr,50.46935275318536
2018,Cabeceras,Aportantes,Mar - May,50.37134585782459
2018,Cabeceras,Aportantes,Abr - Jun,50.77651285647398
2018,Cabeceras,Aportantes,May - Jul,50.77522598822518
2018,Cabeceras,Aportantes,Jun - Ago,50.56249421824813
2018,Cabeceras,Aportantes,Jul - Sep,50.018517929393035
2018,Cabeceras,Aportantes,Ago - Oct,49.95639871651864
2018,Cabeceras,Aportantes,Sep - Nov,49.71547721913052
2018,Cabeceras,Aportantes,Oct - Dic,49.397078068782186
2018,Cabeceras,Aportantes,Nov - Ene,48.97050863376873
2018,Cabeceras,Aportantes,Dic - Feb,49.09763013069103
2019,Cabeceras,Aportantes,Ene - Mar,49.62815101731781
2019,Cabeceras,Aportantes,Feb - Abr,50.35135907768785
2019,Cabeceras,Aportantes,Mar - May,50.43102704472774
2019,Cabeceras,Aportantes,Abr - Jun,50.80149711418771
2019,Cabeceras,Aportantes,May - Jul,50.96108889481228
2019,Cabeceras,Aportantes,Jun - Ago,51.288458021373316
2019,Cabeceras,Aportantes,Jul - Sep,51.53804807256627
2019,Cabeceras,Aportantes,Ago - Oct,51.03171591652668
2019,Cabeceras,Aportantes,Sep - Nov,50.234063729933695
2019,Cabeceras,Aportantes,Oct - Dic,48.91938685751448
2019,Cabeceras,Aportantes,Nov - Ene,48.60502754773023
2019,Cabeceras,Aportantes,Dic - Feb,48.71705727489136
2020,Cabeceras,Aportantes,Ene - Mar,0.0
2020,Cabeceras,Aportantes,Feb - Abr,0.0
2020,Cabeceras,Aportantes,Mar - May,0.0
2020,Cabeceras,Aportantes,Abr - Jun,0.0
2020,Cabeceras,Aportantes,May - Jul,51.90071474418404
2020,Cabeceras,Aportantes,Jun - Ago,51.5409310964149
2020,Cabeceras,Aportantes,Jul - Sep,50.976230404863685
2020,Cabeceras,Aportantes,Ago - Oct,50.52181543465015
2020,Cabeceras,Aportantes,Sep - Nov,49.84198999556973
2020,Cabeceras,Aportantes,Oct - Dic,49.36917151825927
2020,Cabeceras,Aportantes,Nov - Ene,50.825671335519
2020,Cabeceras,Aportantes,Dic - Feb,51.73851822931734
2021,Cabeceras,Aportantes,Ene - Mar,53.181492921199215
2021,Cabeceras,Aportantes,Feb - Abr,52.976849109241456
2021,Cabeceras,Aportantes,Mar - May,53.7091593937432
2021,Cabeceras,Aportantes,Abr - Jun,54.12124278192045
2021,Cabeceras,Aportantes,May - Jul,54.0210568477948
2021,Cabeceras,Aportantes,Jun - Ago,53.23160051864642
2021,Cabeceras,Aportantes,Jul - Sep,53.48063638692799
2021,Cabeceras,Aportantes,Ago - Oct,53.44095154915613
2021,Cabeceras,Aportantes,Sep - Nov,53.64716188991022
2021,Cabeceras,Aportantes,Oct - Dic,53.59306191890156
2021,Cabeceras,Aportantes,Nov - Ene,54.258360199440105
2021,Cabeceras,Aportantes,Dic - Feb,54.273743945419994
2022,Cabeceras,Aportantes,Ene - Mar,53.734580659184275
2022,Cabeceras,Aportantes,Feb - Abr,53.556401365367776
2022,Cabeceras,Aportantes,Mar - May,54.11473145303316
2022,Cabeceras,Aportantes,Abr - Jun,54.33229771687198
2022,Cabeceras,Aportantes,May - Jul,53.839721718530676
2022,Cabeceras,Aportantes,Jun - Ago,53.5300327919893
2022,Cabeceras,Aportantes,Jul - Sep,53.30649779738819
2022,Cabeceras,Aportantes,Ago - Oct,53.37123328025466
2022,Cabeceras,Aportantes,Sep - Nov,53.21879193184247
2022,Cabeceras,Aportantes,Oct - Dic,53.60696210125412
2022,Cabeceras,Aportantes,Nov - Ene,53.68209977140437
2022,Cabeceras,Aportantes,Dic - Feb,53.217749534024286
2023,Cabeceras,Aportantes,Ene - Mar,52.50704626171392
2023,Cabeceras,Aportantes,Feb - Abr,52.86189330300682
2023,Cabeceras,Aportantes,Mar - May,53.96907283664615
2023,Cabeceras,Aportantes,Abr - Jun,55.024250381544825
2023,Cabeceras,Aportantes,May - Jul,55.022918450973144
2023,Cabeceras,Aportantes,Jun - Ago,54.44659858675248
2023,Cabeceras,Aportantes,Jul - Sep,54.43038374734316
2023,Cabeceras,Aportantes,Ago - Oct,54.7657645373819
2023,Cabeceras,Aportantes,Sep - Nov,55.223667731082045
2023,Cabeceras,Aportantes,Oct - Dic,55.203459144861114
2023,Cabeceras,Aportantes,Nov - Ene,54.976868789558175
2023,Cabeceras,Aportantes,Dic - Feb,54.48859984688327
2024,Cabeceras,Aportantes,Ene - Mar,54.332524344306
2024,Cabeceras,Aportantes,Feb - Abr,54.21757444154585
2024,Cabeceras,Aportantes,Mar - May,54.94420890763663
2024,Cabeceras,Aportantes,Abr - Jun,55.183580796036445
2024,Cabeceras,Aportantes,May - Jul,55.243138564302996
2024,Cabeceras,Aportantes,Jun - Ago,54.83496911575454
2024,Cabeceras,Aportantes,Jul - Sep,54.8974156807122
2024,Cabeceras,Aportantes,Ago - Oct,54.8336975156469
2024,Cabeceras,Aportantes,Sep - Nov,54.815049300671184
2024,Cabeceras,Aportantes,Oct - Dic,54.270046930885265
2024,Cabeceras,Aportantes,Nov - Ene,54.31355387264093
2024,Cabeceras,Aportantes,Dic - Feb,53.65337781933043
2025,Cabeceras,Aportantes,Ene - Mar,53.16495170192484
2025,Cabeceras,Aportantes,Feb - Abr,53.52634771288164
2025,Cabeceras,Aportantes,Mar - May,54.035282092370984
2025,Cabeceras,Aportantes,Abr - Jun,54.80536104689533
2025,Cabeceras,Aportantes,May - Jul,54.64054087981427
2025,Cabeceras,Aportantes,Jun - Ago,54.77213576557746
2025,Cabeceras,Aportantes,Jul - Sep,55.126144824974745
2025,Cabeceras,Aportantes,Ago - Oct,54.49623479600857
2025,Cabeceras,Aportantes,Sep - Nov,54.26059868760979
2025,Cabeceras,Aportantes,Oct - Dic,53.69113878031027
2025,Cabeceras,Aportantes,Nov - Ene,54.63788306443285
2025,Cabeceras,Aportantes,Dic - Feb,55.08860356606397
2026,Cabeceras,Aportantes,Ene - Mar,55.3233560697978
2026,Cabeceras,Aportantes,Feb - Abr,55.23243731419548
2007,Cabeceras,Beneficiarios,Ene - Mar,11.415319294154004
2007,Cabeceras,Beneficiarios,Feb - Abr,11.778426955643166
2007,Cabeceras,Beneficiarios,Mar - May,12.047233234887365
2007,Cabeceras,Beneficiarios,Abr - Jun,11.925120149616191
2007,Cabeceras,Beneficiarios,May - Jul,11.749373555132287
2007,Cabeceras,Beneficiarios,Jun - Ago,11.624710045853977
2007,Cabeceras,Beneficiarios,Jul - Sep,11.692132236656846
2007,Cabeceras,Beneficiarios,Ago - Oct,11.660830433456418
2007,Cabeceras,Beneficiarios,Sep - Nov,11.74272574795195
2007,Cabeceras,Beneficiarios,Oct - Dic,11.948137794780944
2007,Cabeceras,Beneficiarios,Nov - Ene,11.888236817595093
2007,Cabeceras,Beneficiarios,Dic - Feb,11.609127516778523
2008,Cabeceras,Beneficiarios,Ene - Mar,11.238600727032676
2008,Cabeceras,Beneficiarios,Feb - Abr,11.477845619921917
2008,Cabeceras,Beneficiarios,Mar - May,11.749440282173934
2008,Cabeceras,Beneficiarios,Abr - Jun,11.909682926754781
2008,Cabeceras,Beneficiarios,May - Jul,12.047992625882065
2008,Cabeceras,Beneficiarios,Jun - Ago,11.898140000973935
2008,Cabeceras,Beneficiarios,Jul - Sep,12.143510908087748
2008,Cabeceras,Beneficiarios,Ago - Oct,11.999143956697727
2008,Cabeceras,Beneficiarios,Sep - Nov,12.275967896253217
2008,Cabeceras,Beneficiarios,Oct - Dic,12.027867003162042
2008,Cabeceras,Beneficiarios,Nov - Ene,11.873347107982687
2008,Cabeceras,Beneficiarios,Dic - Feb,11.59193382111415
2009,Cabeceras,Beneficiarios,Ene - Mar,11.669141599329807
2009,Cabeceras,Beneficiarios,Feb - Abr,11.866143176115447
2009,Cabeceras,Beneficiarios,Mar - May,11.899870760799807
2009,Cabeceras,Beneficiarios,Abr - Jun,12.19935167745355
2009,Cabeceras,Beneficiarios,May - Jul,11.99113612458533
2009,Cabeceras,Beneficiarios,Jun - Ago,12.068506013571103
2009,Cabeceras,Beneficiarios,Jul - Sep,11.842001909456892
2009,Cabeceras,Beneficiarios,Ago - Oct,12.184984075693848
2009,Cabeceras,Beneficiarios,Sep - Nov,12.383016000159042
2009,Cabeceras,Beneficiarios,Oct - Dic,12.412989074913487
2009,Cabeceras,Beneficiarios,Nov - Ene,12.284221083550396
2009,Cabeceras,Beneficiarios,Dic - Feb,12.056129292860664
2010,Cabeceras,Beneficiarios,Ene - Mar,11.899476223920134
2010,Cabeceras,Beneficiarios,Feb - Abr,11.845307383841755
2010,Cabeceras,Beneficiarios,Mar - May,11.775604245588369
2010,Cabeceras,Beneficiarios,Abr - Jun,11.920492147100234
2010,Cabeceras,Beneficiarios,May - Jul,11.744373534189927
2010,Cabeceras,Beneficiarios,Jun - Ago,11.803119871138678
2010,Cabeceras,Beneficiarios,Jul - Sep,11.956463453172935
2010,Cabeceras,Beneficiarios,Ago - Oct,12.314117699220288
2010,Cabeceras,Beneficiarios,Sep - Nov,12.424644783503192
2010,Cabeceras,Beneficiarios,Oct - Dic,12.289930274009905
2010,Cabeceras,Beneficiarios,Nov - Ene,11.988632980898588
2010,Cabeceras,Beneficiarios,Dic - Feb,12.080259368330298
2011,Cabeceras,Beneficiarios,Ene - Mar,11.898745978205822
2011,Cabeceras,Beneficiarios,Feb - Abr,12.092276206098726
2011,Cabeceras,Beneficiarios,Mar - May,11.962214459901773
2011,Cabeceras,Beneficiarios,Abr - Jun,12.144524826274349
2011,Cabeceras,Beneficiarios,May - Jul,12.07917084366773
2011,Cabeceras,Beneficiarios,Jun - Ago,12.319732702599891
2011,Cabeceras,Beneficiarios,Jul - Sep,12.350482602821007
2011,Cabeceras,Beneficiarios,Ago - Oct,12.814471130505844
2011,Cabeceras,Beneficiarios,Sep - Nov,12.73586941842526
2011,Cabeceras,Beneficiarios,Oct - Dic,12.78769812335399
2011,Cabeceras,Beneficiarios,Nov - Ene,12.461761764060746
2011,Cabeceras,Beneficiarios,Dic - Feb,12.057667129893257
2012,Cabeceras,Beneficiarios,Ene - Mar,11.942685978971525
2012,Cabeceras,Beneficiarios,Feb - Abr,12.108451865534278
2012,Cabeceras,Beneficiarios,Mar - May,12.552995560855928
2012,Cabeceras,Beneficiarios,Abr - Jun,12.815968661069729
2012,Cabeceras,Beneficiarios,May - Jul,12.708884729735043
2012,Cabeceras,Beneficiarios,Jun - Ago,12.749445370003015
2012,Cabeceras,Beneficiarios,Jul - Sep,12.756172054074472
2012,Cabeceras,Beneficiarios,Ago - Oct,12.86313743303856
2012,Cabeceras,Beneficiarios,Sep - Nov,12.5026592151217
2012,Cabeceras,Beneficiarios,Oct - Dic,12.191536837322056
2012,Cabeceras,Beneficiarios,Nov - Ene,11.87147221083085
2012,Cabeceras,Beneficiarios,Dic - Feb,12.066808156079375
2013,Cabeceras,Beneficiarios,Ene - Mar,12.085796386272962
2013,Cabeceras,Beneficiarios,Feb - Abr,12.259794669456982
2013,Cabeceras,Beneficiarios,Mar - May,12.476119334438444
2013,Cabeceras,Beneficiarios,Abr - Jun,12.579234896859317
2013,Cabeceras,Beneficiarios,May - Jul,12.702393020225418
2013,Cabeceras,Beneficiarios,Jun - Ago,12.36536969428149
2013,Cabeceras,Beneficiarios,Jul - Sep,12.524579028470423
2013,Cabeceras,Beneficiarios,Ago - Oct,12.446059251286124
2013,Cabeceras,Beneficiarios,Sep - Nov,12.587915571422354
2013,Cabeceras,Beneficiarios,Oct - Dic,12.367178450965408
2013,Cabeceras,Beneficiarios,Nov - Ene,12.037566888700372
2013,Cabeceras,Beneficiarios,Dic - Feb,11.733987963588127
2014,Cabeceras,Beneficiarios,Ene - Mar,11.375968732147639
2014,Cabeceras,Beneficiarios,Feb - Abr,11.57545045280562
2014,Cabeceras,Beneficiarios,Mar - May,11.517161497823679
2014,Cabeceras,Beneficiarios,Abr - Jun,11.51725095268485
2014,Cabeceras,Beneficiarios,May - Jul,11.52301265248717
2014,Cabeceras,Beneficiarios,Jun - Ago,11.692617190908255
2014,Cabeceras,Beneficiarios,Jul - Sep,11.64131223864108
2014,Cabeceras,Beneficiarios,Ago - Oct,11.766669097865684
2014,Cabeceras,Beneficiarios,Sep - Nov,11.920202582561828
2014,Cabeceras,Beneficiarios,Oct - Dic,12.12992653258331
2014,Cabeceras,Beneficiarios,Nov - Ene,11.91943365929161
2014,Cabeceras,Beneficiarios,Dic - Feb,11.56255569318488
2015,Cabeceras,Beneficiarios,Ene - Mar,11.299479735099338
2015,Cabeceras,Beneficiarios,Feb - Abr,11.20918042115539
2015,Cabeceras,Beneficiarios,Mar - May,11.433071020691003
2015,Cabeceras,Beneficiarios,Abr - Jun,11.589373212054731
2015,Cabeceras,Beneficiarios,May - Jul,11.494231081946394
2015,Cabeceras,Beneficiarios,Jun - Ago,11.329035233132831
2015,Cabeceras,Beneficiarios,Jul - Sep,11.483232211549064
2015,Cabeceras,Beneficiarios,Ago - Oct,11.575926156179658
2015,Cabeceras,Beneficiarios,Sep - Nov,11.364895066404978
2015,Cabeceras,Beneficiarios,Oct - Dic,11.275004505406738
2015,Cabeceras,Beneficiarios,Nov - Ene,11.11188839799776
2015,Cabeceras,Beneficiarios,Dic - Feb,11.09154806016012
2016,Cabeceras,Beneficiarios,Ene - Mar,10.772044883869631
2016,Cabeceras,Beneficiarios,Feb - Abr,10.69346544421787
2016,Cabeceras,Beneficiarios,Mar - May,10.65816044233233
2016,Cabeceras,Beneficiarios,Abr - Jun,10.671109507105209
2016,Cabeceras,Beneficiarios,May - Jul,10.743897407399448
2016,Cabeceras,Beneficiarios,Jun - Ago,10.719742188031969
2016,Cabeceras,Beneficiarios,Jul - Sep,10.897453960618797
2016,Cabeceras,Beneficiarios,Ago - Oct,10.94777722125448
2016,Cabeceras,Beneficiarios,Sep - Nov,11.13090594228901
2016,Cabeceras,Beneficiarios,Oct - Dic,11.049092150063593
2016,Cabeceras,Beneficiarios,Nov - Ene,10.829598889972354
2016,Cabeceras,Beneficiarios,Dic - Feb,10.45449248146027
2017,Cabeceras,Beneficiarios,Ene - Mar,10.114653288374772
2017,Cabeceras,Beneficiarios,Feb - Abr,9.946528167818958
2017,Cabeceras,Beneficiarios,Mar - May,9.841979715748842
2017,Cabeceras,Beneficiarios,Abr - Jun,9.87648415498114
2017,Cabeceras,Beneficiarios,May - Jul,9.9149487978886
2017,Cabeceras,Beneficiarios,Jun - Ago,10.034544807940842
2017,Cabeceras,Beneficiarios,Jul - Sep,10.065219901046275
2017,Cabeceras,Beneficiarios,Ago - Oct,10.171979154804584
2017,Cabeceras,Beneficiarios,Sep - Nov,10.139690994483818
2017,Cabeceras,Beneficiarios,Oct - Dic,9.95677713873253
2017,Cabeceras,Beneficiarios,Nov - Ene,9.73602782923082
2017,Cabeceras,Beneficiarios,Dic - Feb,9.47249146813142
2018,Cabeceras,Beneficiarios,Ene - Mar,9.46399400107821
2018,Cabeceras,Beneficiarios,Feb - Abr,9.536856825138534
2018,Cabeceras,Beneficiarios,Mar - May,9.579405023496365
2018,Cabeceras,Beneficiarios,Abr - Jun,9.48298857397294
2018,Cabeceras,Beneficiarios,May - Jul,9.485787569114102
2018,Cabeceras,Beneficiarios,Jun - Ago,9.61059163475207
2018,Cabeceras,Beneficiarios,Jul - Sep,9.831180672189282
2018,Cabeceras,Beneficiarios,Ago - Oct,9.639417375612787
2018,Cabeceras,Beneficiarios,Sep - Nov,9.6874656462925
2018,Cabeceras,Beneficiarios,Oct - Dic,9.52308324864278
2018,Cabeceras,Beneficiarios,Nov - Ene,9.356014280671458
2018,Cabeceras,Beneficiarios,Dic - Feb,9.049445746779918
2019,Cabeceras,Beneficiarios,Ene - Mar,9.032927249566978
2019,Cabeceras,Beneficiarios,Feb - Abr,9.119376693761433
2019,Cabeceras,Beneficiarios,Mar - May,9.133162369716462
2019,Cabeceras,Beneficiarios,Abr - Jun,9.150736606466703
2019,Cabeceras,Beneficiarios,May - Jul,9.065393282451607
2019,Cabeceras,Beneficiarios,Jun - Ago,9.078758757077205
2019,Cabeceras,Beneficiarios,Jul - Sep,8.962829079046369
2019,Cabeceras,Beneficiarios,Ago - Oct,9.089174681622623
2019,Cabeceras,Beneficiarios,Sep - Nov,9.060495058460068
2019,Cabeceras,Beneficiarios,Oct - Dic,9.098345274513262
2019,Cabeceras,Beneficiarios,Nov - Ene,9.042455726542688
2019,Cabeceras,Beneficiarios,Dic - Feb,8.952248267166844
2020,Cabeceras,Beneficiarios,Ene - Mar,0.0
2020,Cabeceras,Beneficiarios,Feb - Abr,0.0
2020,Cabeceras,Beneficiarios,Mar - May,0.0
2020,Cabeceras,Beneficiarios,Abr - Jun,0.0
2020,Cabeceras,Beneficiarios,May - Jul,7.324035969464977
2020,Cabeceras,Beneficiarios,Jun - Ago,7.395630207892545
2020,Cabeceras,Beneficiarios,Jul - Sep,7.586473564886054
2020,Cabeceras,Beneficiarios,Ago - Oct,8.00743036067702
2020,Cabeceras,Beneficiarios,Sep - Nov,8.005394889266041
2020,Cabeceras,Beneficiarios,Oct - Dic,7.934173452381836
2020,Cabeceras,Beneficiarios,Nov - Ene,7.618342814544586
2020,Cabeceras,Beneficiarios,Dic - Feb,7.140386778223257
2021,Cabeceras,Beneficiarios,Ene - Mar,6.607626381703394
2021,Cabeceras,Beneficiarios,Feb - Abr,6.624577339843865
2021,Cabeceras,Beneficiarios,Mar - May,6.712580798874135
2021,Cabeceras,Beneficiarios,Abr - Jun,6.886786643340166
2021,Cabeceras,Beneficiarios,May - Jul,7.30146437009081
2021,Cabeceras,Beneficiarios,Jun - Ago,7.626149553243286
2021,Cabeceras,Beneficiarios,Jul - Sep,7.772345707449975
2021,Cabeceras,Beneficiarios,Ago - Oct,7.535404517731132
2021,Cabeceras,Beneficiarios,Sep - Nov,7.435570920416001
2021,Cabeceras,Beneficiarios,Oct - Dic,7.692834751263888
2021,Cabeceras,Beneficiarios,Nov - Ene,7.52391260095058
2021,Cabeceras,Beneficiarios,Dic - Feb,7.480156447142654
2022,Cabeceras,Beneficiarios,Ene - Mar,7.292575725661439
2022,Cabeceras,Beneficiarios,Feb - Abr,7.472620233500512
2022,Cabeceras,Beneficiarios,Mar - May,7.699576152693253
2022,Cabeceras,Beneficiarios,Abr - Jun,7.833034762245459
2022,Cabeceras,Beneficiarios,May - Jul,7.96528058281744
2022,Cabeceras,Beneficiarios,Jun - Ago,7.7465452859561825
2022,Cabeceras,Beneficiarios,Jul - Sep,7.941203691969815
2022,Cabeceras,Beneficiarios,Ago - Oct,7.9315578006602285
2022,Cabeceras,Beneficiarios,Sep - Nov,7.949080782725357
2022,Cabeceras,Beneficiarios,Oct - Dic,7.6311498102004816
2022,Cabeceras,Beneficiarios,Nov - Ene,7.383667799852704
2022,Cabeceras,Beneficiarios,Dic - Feb,7.28613065543037
2023,Cabeceras,Beneficiarios,Ene - Mar,7.240491581443365
2023,Cabeceras,Beneficiarios,Feb - Abr,7.307271417247326
2023,Cabeceras,Beneficiarios,Mar - May,7.460031520695427
2023,Cabeceras,Beneficiarios,Abr - Jun,7.484315875714651
2023,Cabeceras,Beneficiarios,May - Jul,7.6366653520088645
2023,Cabeceras,Beneficiarios,Jun - Ago,7.659069429066479
2023,Cabeceras,Beneficiarios,Jul - Sep,7.7730718679022095
2023,Cabeceras,Beneficiarios,Ago - Oct,7.628612125805216
2023,Cabeceras,Beneficiarios,Sep - Nov,7.7573526434383115
2023,Cabeceras,Beneficiarios,Oct - Dic,7.513894449204882
2023,Cabeceras,Beneficiarios,Nov - Ene,7.450089297334215
2023,Cabeceras,Beneficiarios,Dic - Feb,7.205596135001752
2024,Cabeceras,Beneficiarios,Ene - Mar,7.447706649605909
2024,Cabeceras,Beneficiarios,Feb - Abr,7.662690405175873
2024,Cabeceras,Beneficiarios,Mar - May,7.701828161569313
2024,Cabeceras,Beneficiarios,Abr - Jun,7.632986180718879
2024,Cabeceras,Beneficiarios,May - Jul,7.438083821228364
2024,Cabeceras,Beneficiarios,Jun - Ago,7.400175840805516
2024,Cabeceras,Beneficiarios,Jul - Sep,7.507271827688081
2024,Cabeceras,Beneficiarios,Ago - Oct,7.645075013493849
2024,Cabeceras,Beneficiarios,Sep - Nov,7.626663011883215
2024,Cabeceras,Beneficiarios,Oct - Dic,7.229481647748109
2024,Cabeceras,Beneficiarios,Nov - Ene,7.042015050065816
2024,Cabeceras,Beneficiarios,Dic - Feb,7.028606132406841
2025,Cabeceras,Beneficiarios,Ene - Mar,7.324704175944505
2025,Cabeceras,Beneficiarios,Feb - Abr,7.48972938398537
2025,Cabeceras,Beneficiarios,Mar - May,7.428922025518411
2025,Cabeceras,Beneficiarios,Abr - Jun,7.410857066580726
2025,Cabeceras,Beneficiarios,May - Jul,7.31944025405377
2025,Cabeceras,Beneficiarios,Jun - Ago,7.194370845614556
2025,Cabeceras,Beneficiarios,Jul - Sep,6.903710314436356
2025,Cabeceras,Beneficiarios,Ago - Oct,6.768880401412362
2025,Cabeceras,Beneficiarios,Sep - Nov,6.883444233322667
2025,Cabeceras,Beneficiarios,Oct - Dic,7.181794065438241
2025,Cabeceras,Beneficiarios,Nov - Ene,7.185437463766764
2025,Cabeceras,Beneficiarios,Dic - Feb,7.273568005809154
2026,Cabeceras,Beneficiarios,Ene - Mar,7.146916817857961
2026,Cabeceras,Beneficiarios,Feb - Abr,7.019714245739582
2007,Cabeceras,Otro,Ene - Mar,0.05224775679463065
2007,Cabeceras,Otro,Feb - Abr,0.04818566053473811
2007,Cabeceras,Otro,Mar - May,0.05385440474695136
2007,Cabeceras,Otro,Abr - Jun,0.03809391113911761
2007,Cabeceras,Otro,May - Jul,0.03659188910492893
2007,Cabeceras,Otro,Jun - Ago,0.03172038987441457
2007,Cabeceras,Otro,Jul - Sep,0.04740176868999292
2007,Cabeceras,Otro,Ago - Oct,0.03316052225922059
2007,Cabeceras,Otro,Sep - Nov,0.01842247113575831
2007,Cabeceras,Otro,Oct - Dic,0.0067729292471985815
2007,Cabeceras,Otro,Nov - Ene,0.01541559009622099
2007,Cabeceras,Otro,Dic - Feb,0.014613364458710242
2008,Cabeceras,Otro,Ene - Mar,0.02093594266137672
2008,Cabeceras,Otro,Feb - Abr,0.02830474865596183
2008,Cabeceras,Otro,Mar - May,0.04077172146678445
2008,Cabeceras,Otro,Abr - Jun,0.0399766858613146
2008,Cabeceras,Otro,May - Jul,0.025340289043615197
2008,Cabeceras,Otro,Jun - Ago,0.02441441246358044
2008,Cabeceras,Otro,Jul - Sep,0.03245546304385337
2008,Cabeceras,Otro,Ago - Oct,0.05594706918131023
2008,Cabeceras,Otro,Sep - Nov,0.059362227728201045
2008,Cabeceras,Otro,Oct - Dic,0.045518483366679116
2008,Cabeceras,Otro,Nov - Ene,0.06374501421005004
2008,Cabeceras,Otro,Dic - Feb,0.0545742479507505
2009,Cabeceras,Otro,Ene - Mar,0.0598786287550853
2009,Cabeceras,Otro,Feb - Abr,0.031329560342330184
2009,Cabeceras,Otro,Mar - May,0.043879654625815875
2009,Cabeceras,Otro,Abr - Jun,0.05038770005421664
2009,Cabeceras,Otro,May - Jul,0.0633261798428196
2009,Cabeceras,Otro,Jun - Ago,0.0612809849575177
2009,Cabeceras,Otro,Jul - Sep,0.052123184181720364
2009,Cabeceras,Otro,Ago - Oct,0.03937906746143715
2009,Cabeceras,Otro,Sep - Nov,0.036870725742391655
2009,Cabeceras,Otro,Oct - Dic,0.04589716132108674
2009,Cabeceras,Otro,Nov - Ene,0.06266242120795974
2009,Cabeceras,Otro,Dic - Feb,0.05524614149676882
2010,Cabeceras,Otro,Ene - Mar,0.06565776638358725
2010,Cabeceras,Otro,Feb - Abr,0.04948667475143048
2010,Cabeceras,Otro,Mar - May,0.060027470513097154
2010,Cabeceras,Otro,Abr - Jun,0.06643939688535178
2010,Cabeceras,Otro,May - Jul,0.07903577580995383
2010,Cabeceras,Otro,Jun - Ago,0.06542898035092296
2010,Cabeceras,Otro,Jul - Sep,0.049467640935571607
2010,Cabeceras,Otro,Ago - Oct,0.04508725142302779
2010,Cabeceras,Otro,Sep - Nov,0.08074157410149124
2010,Cabeceras,Otro,Oct - Dic,0.09616917851213518
2010,Cabeceras,Otro,Nov - Ene,0.09671123172777803
2010,Cabeceras,Otro,Dic - Feb,0.10960660984751949
2011,Cabeceras,Otro,Ene - Mar,0.09815104067314043
2011,Cabeceras,Otro,Feb - Abr,0.13386297269921615
2011,Cabeceras,Otro,Mar - May,0.1424691473061167
2011,Cabeceras,Otro,Abr - Jun,0.18277827099366487
2011,Cabeceras,Otro,May - Jul,0.20418698158805013
2011,Cabeceras,Otro,Jun - Ago,0.19754741004425724
2011,Cabeceras,Otro,Jul - Sep,0.24691307121322367
2011,Cabeceras,Otro,Ago - Oct,0.2523560943923225
2011,Cabeceras,Otro,Sep - Nov,0.2866232210706575
2011,Cabeceras,Otro,Oct - Dic,0.2644398196147531
2011,Cabeceras,Otro,Nov - Ene,0.22346609768364636
2011,Cabeceras,Otro,Dic - Feb,0.21050973975644613
2012,Cabeceras,Otro,Ene - Mar,0.1846428042299457
2012,Cabeceras,Otro,Feb - Abr,0.18980880320797805
2012,Cabeceras,Otro,Mar - May,0.17005741050649636
2012,Cabeceras,Otro,Abr - Jun,0.1869142465282349
2012,Cabeceras,Otro,May - Jul,0.2256912145508194
2012,Cabeceras,Otro,Jun - Ago,0.20644249816718524
2012,Cabeceras,Otro,Jul - Sep,0.23006701186800388
2012,Cabeceras,Otro,Ago - Oct,0.21073559771020606
2012,Cabeceras,Otro,Sep - Nov,0.2419530909793421
2012,Cabeceras,Otro,Oct - Dic,0.17766909194664846
2012,Cabeceras,Otro,Nov - Ene,0.1796351977595219
2012,Cabeceras,Otro,Dic - Feb,0.1484791392728131
2013,Cabeceras,Otro,Ene - Mar,0.16387901542358133
2013,Cabeceras,Otro,Feb - Abr,0.12670168848656602
2013,Cabeceras,Otro,Mar - May,0.12900346112910435
2013,Cabeceras,Otro,Abr - Jun,0.14615595762203382
2013,Cabeceras,Otro,May - Jul,0.21344923739896612
2013,Cabeceras,Otro,Jun - Ago,0.29951923401151215
2013,Cabeceras,Otro,Jul - Sep,0.31805449956766574
2013,Cabeceras,Otro,Ago - Oct,0.3545535114241171
2013,Cabeceras,Otro,Sep - Nov,0.32797489265436436
2013,Cabeceras,Otro,Oct - Dic,0.33437330580930463
2013,Cabeceras,Otro,Nov - Ene,0.3114899568086007
2013,Cabeceras,Otro,Dic - Feb,0.3395793181473496
2014,Cabeceras,Otro,Ene - Mar,0.35267018733873373
2014,Cabeceras,Otro,Feb - Abr,0.35924569714190757
2014,Cabeceras,Otro,Mar - May,0.35701012174294233
2014,Cabeceras,Otro,Abr - Jun,0.33252579996381565
2014,Cabeceras,Otro,May - Jul,0.31054542117091516
2014,Cabeceras,Otro,Jun - Ago,0.3159025916745479
2014,Cabeceras,Otro,Jul - Sep,0.37144706838726305
2014,Cabeceras,Otro,Ago - Oct,0.42671437556498226
2014,Cabeceras,Otro,Sep - Nov,0.4305457929588228
2014,Cabeceras,Otro,Oct - Dic,0.46848935432284144
2014,Cabeceras,Otro,Nov - Ene,0.4408892668919809
2014,Cabeceras,Otro,Dic - Feb,0.5015749993115017
2015,Cabeceras,Otro,Ene - Mar,0.4732609271523179
2015,Cabeceras,Otro,Feb - Abr,0.47014164206414366
2015,Cabeceras,Otro,Mar - May,0.4405579081950317
2015,Cabeceras,Otro,Abr - Jun,0.4679011237544925
2015,Cabeceras,Otro,May - Jul,0.5183475253334172
2015,Cabeceras,Otro,Jun - Ago,0.4784240662507438
2015,Cabeceras,Otro,Jul - Sep,0.4245217463546669
2015,Cabeceras,Otro,Ago - Oct,0.3940609602511409
2015,Cabeceras,Otro,Sep - Nov,0.3934308120509341
2015,Cabeceras,Otro,Oct - Dic,0.3592638943480865
2015,Cabeceras,Otro,Nov - Ene,0.4081119010500191
2015,Cabeceras,Otro,Dic - Feb,0.4269182388522525
2016,Cabeceras,Otro,Ene - Mar,0.4338378940290692
2016,Cabeceras,Otro,Feb - Abr,0.38486530546391495
2016,Cabeceras,Otro,Mar - May,0.4142043314436214
2016,Cabeceras,Otro,Abr - Jun,0.43060706608353666
2016,Cabeceras,Otro,May - Jul,0.3756150008051915
2016,Cabeceras,Otro,Jun - Ago,0.337790262705809
2016,Cabeceras,Otro,Jul - Sep,0.40242243448519577
2016,Cabeceras,Otro,Ago - Oct,0.3920864015038015
2016,Cabeceras,Otro,Sep - Nov,0.40578989022746265
2016,Cabeceras,Otro,Oct - Dic,0.306343493543565
2016,Cabeceras,Otro,Nov - Ene,0.3586788814349989
2016,Cabeceras,Otro,Dic - Feb,0.31347605501554643
2017,Cabeceras,Otro,Ene - Mar,0.3175712986033303
2017,Cabeceras,Otro,Feb - Abr,0.304522263932622
2017,Cabeceras,Otro,Mar - May,0.28316615500897696
2017,Cabeceras,Otro,Abr - Jun,0.33036352705789035
2017,Cabeceras,Otro,May - Jul,0.30614938259144786
2017,Cabeceras,Otro,Jun - Ago,0.33484680992775745
2017,Cabeceras,Otro,Jul - Sep,0.33699020074892033
2017,Cabeceras,Otro,Ago - Oct,0.3295949119957714
2017,Cabeceras,Otro,Sep - Nov,0.32060048738135916
2017,Cabeceras,Otro,Oct - Dic,0.29277054947793296
2017,Cabeceras,Otro,Nov - Ene,0.3114997703822038
2017,Cabeceras,Otro,Dic - Feb,0.3309999785674669
2018,Cabeceras,Otro,Ene - Mar,0.3566424526383476
2018,Cabeceras,Otro,Feb - Abr,0.39917954487300944
2018,Cabeceras,Otro,Mar - May,0.3885805470111114
2018,Cabeceras,Otro,Abr - Jun,0.3706388380966287
2018,Cabeceras,Otro,May - Jul,0.3063155966195868
2018,Cabeceras,Otro,Jun - Ago,0.26743799061663914
2018,Cabeceras,Otro,Jul - Sep,0.2993174240381554
2018,Cabeceras,Otro,Ago - Oct,0.30991828685432043
2018,Cabeceras,Otro,Sep - Nov,0.385012956454949
2018,Cabeceras,Otro,Oct - Dic,0.3712861684997421
2018,Cabeceras,Otro,Nov - Ene,0.39094183411287453
2018,Cabeceras,Otro,Dic - Feb,0.3620499648698884
2019,Cabeceras,Otro,Ene - Mar,0.31390499105079944
2019,Cabeceras,Otro,Feb - Abr,0.31486814046043216
2019,Cabeceras,Otro,Mar - May,0.2842943906634226
2019,Cabeceras,Otro,Abr - Jun,0.2988975131323555
2019,Cabeceras,Otro,May - Jul,0.28078408851029024
2019,Cabeceras,Otro,Jun - Ago,0.2590584051565637
2019,Cabeceras,Otro,Jul - Sep,0.267802365824679
2019,Cabeceras,Otro,Ago - Oct,0.27393147998018247
2019,Cabeceras,Otro,Sep - Nov,0.29502180142638235
2019,Cabeceras,Otro,Oct - Dic,0.28178204051606726
2019,Cabeceras,Otro,Nov - Ene,0.2654350080495389
2019,Cabeceras,Otro,Dic - Feb,0.24737513784278609
2020,Cabeceras,Otro,Ene - Mar,0.0
2020,Cabeceras,Otro,Feb - Abr,0.0
2020,Cabeceras,Otro,Mar - May,0.0
2020,Cabeceras,Otro,Abr - Jun,0.0
2020,Cabeceras,Otro,May - Jul,0.14412525621566818
2020,Cabeceras,Otro,Jun - Ago,0.23328048835898418
2020,Cabeceras,Otro,Jul - Sep,0.3236321584041367
2020,Cabeceras,Otro,Ago - Oct,0.3763654802847713
2020,Cabeceras,Otro,Sep - Nov,0.3244134694154756
2020,Cabeceras,Otro,Oct - Dic,0.3091184444532802
2020,Cabeceras,Otro,Nov - Ene,0.26163525386925884
2020,Cabeceras,Otro,Dic - Feb,0.24675674738564063
2021,Cabeceras,Otro,Ene - Mar,0.1682577800132959
2021,Cabeceras,Otro,Feb - Abr,0.12142813708443582
2021,Cabeceras,Otro,Mar - May,0.07478684689059525
2021,Cabeceras,Otro,Abr - Jun,0.06585916261510548
2021,Cabeceras,Otro,May - Jul,0.06274233423998464
2021,Cabeceras,Otro,Jun - Ago,0.05828492572987126
2021,Cabeceras,Otro,Jul - Sep,0.048197639976343486
2021,Cabeceras,Otro,Ago - Oct,0.05314302678127771
2021,Cabeceras,Otro,Sep - Nov,0.05979826637251312
2021,Cabeceras,Otro,Oct - Dic,0.06206365211063388
2021,Cabeceras,Otro,Nov - Ene,0.09759532691885969
2021,Cabeceras,Otro,Dic - Feb,0.1124578083662591
2022,Cabeceras,Otro,Ene - Mar,0.10906873832827982
2022,Cabeceras,Otro,Feb - Abr,0.07215441920591878
2022,Cabeceras,Otro,Mar - May,0.06036420896476191
2022,Cabeceras,Otro,Abr - Jun,0.08470223428350773
2022,Cabeceras,Otro,May - Jul,0.13315701889533874
2022,Cabeceras,Otro,Jun - Ago,0.15348807653127647
2022,Cabeceras,Otro,Jul - Sep,0.175086921221707
2022,Cabeceras,Otro,Ago - Oct,0.13670721038147216
2022,Cabeceras,Otro,Sep - Nov,0.12790258582213365
2022,Cabeceras,Otro,Oct - Dic,0.10365467365267085
2022,Cabeceras,Otro,Nov - Ene,0.09936055360353276
2022,Cabeceras,Otro,Dic - Feb,0.09262088990486947
2023,Cabeceras,Otro,Ene - Mar,0.07715983654697364
2023,Cabeceras,Otro,Feb - Abr,0.09627161436465093
2023,Cabeceras,Otro,Mar - May,0.1117752248288422
2023,Cabeceras,Otro,Abr - Jun,0.13312800282696688
2023,Cabeceras,Otro,May - Jul,0.15020852428825232
2023,Cabeceras,Otro,Jun - Ago,0.12748690130037732
2023,Cabeceras,Otro,Jul - Sep,0.14408159588921182
2023,Cabeceras,Otro,Ago - Oct,0.13151482364458036
2023,Cabeceras,Otro,Sep - Nov,0.16513285661742666
2023,Cabeceras,Otro,Oct - Dic,0.1716924854338531
2023,Cabeceras,Otro,Nov - Ene,0.16916954755092753
2023,Cabeceras,Otro,Dic - Feb,0.1790986062850648
2024,Cabeceras,Otro,Ene - Mar,0.1704611192393047
2024,Cabeceras,Otro,Feb - Abr,0.173192976365529
2024,Cabeceras,Otro,Mar - May,0.15897009112897534
2024,Cabeceras,Otro,Abr - Jun,0.1556719391325408
2024,Cabeceras,Otro,May - Jul,0.15068576898793254
2024,Cabeceras,Otro,Jun - Ago,0.14322710325455687
2024,Cabeceras,Otro,Jul - Sep,0.16403325216748332
2024,Cabeceras,Otro,Ago - Oct,0.17115335929501227
2024,Cabeceras,Otro,Sep - Nov,0.20030116546128754
2024,Cabeceras,Otro,Oct - Dic,0.15564853699337408
2024,Cabeceras,Otro,Nov - Ene,0.242500773935773
2024,Cabeceras,Otro,Dic - Feb,0.22516916416165522
2025,Cabeceras,Otro,Ene - Mar,0.2616122096937445
2025,Cabeceras,Otro,Feb - Abr,0.19785790135302397
2025,Cabeceras,Otro,Mar - May,0.21493497507511436
2025,Cabeceras,Otro,Abr - Jun,0.21829109982615205
2025,Cabeceras,Otro,May - Jul,0.22608833695025735
2025,Cabeceras,Otro,Jun - Ago,0.24433755882795868
2025,Cabeceras,Otro,Jul - Sep,0.27425520582102947
2025,Cabeceras,Otro,Ago - Oct,0.2574896251415959
2025,Cabeceras,Otro,Sep - Nov,0.2290475795885131
2025,Cabeceras,Otro,Oct - Dic,0.18001814491806886
2025,Cabeceras,Otro,Nov - Ene,0.16956906429448806
2025,Cabeceras,Otro,Dic - Feb,0.18449228787879188
2026,Cabeceras,Otro,Ene - Mar,0.190623600497554
2026,Cabeceras,Otro,Feb - Abr,0.22306003217808143
2007,Cabeceras,Régimen subsidiado,Ene - Mar,28.150429680872897
2007,Cabeceras,Régimen subsidiado,Feb - Abr,27.698578537591047
2007,Cabeceras,Régimen subsidiado,Mar - May,27.442854945684292
2007,Cabeceras,Régimen subsidiado,Abr - Jun,28.370091080977456
2007,Cabeceras,Régimen subsidiado,May - Jul,28.318209041417653
2007,Cabeceras,Régimen subsidiado,Jun - Ago,28.508983269035493
2007,Cabeceras,Régimen subsidiado,Jul - Sep,27.80347075890276
2007,Cabeceras,Régimen subsidiado,Ago - Oct,28.23668597633376
2007,Cabeceras,Régimen subsidiado,Sep - Nov,28.034039914011682
2007,Cabeceras,Régimen subsidiado,Oct - Dic,28.800004439947678
2007,Cabeceras,Régimen subsidiado,Nov - Ene,28.588520248048617
2007,Cabeceras,Régimen subsidiado,Dic - Feb,29.30426741886328
2008,Cabeceras,Régimen subsidiado,Ene - Mar,29.84420953744419
2008,Cabeceras,Régimen subsidiado,Feb - Abr,29.863393772580025
2008,Cabeceras,Régimen subsidiado,Mar - May,29.40995477741174
2008,Cabeceras,Régimen subsidiado,Abr - Jun,29.01955303899667
2008,Cabeceras,Régimen subsidiado,May - Jul,28.958186494434855
2008,Cabeceras,Régimen subsidiado,Jun - Ago,29.299991572122458
2008,Cabeceras,Régimen subsidiado,Jul - Sep,29.70495848333824
2008,Cabeceras,Régimen subsidiado,Ago - Oct,30.92234787078118
2008,Cabeceras,Régimen subsidiado,Sep - Nov,31.201676090960717
2008,Cabeceras,Régimen subsidiado,Oct - Dic,31.36068129222167
2008,Cabeceras,Régimen subsidiado,Nov - Ene,31.262975159945444
2008,Cabeceras,Régimen subsidiado,Dic - Feb,31.762643170081052
2009,Cabeceras,Régimen subsidiado,Ene - Mar,31.86734796590727
2009,Cabeceras,Régimen subsidiado,Feb - Abr,31.491559320818176
2009,Cabeceras,Régimen subsidiado,Mar - May,31.411903884158686
2009,Cabeceras,Régimen subsidiado,Abr - Jun,31.39259105736649
2009,Cabeceras,Régimen subsidiado,May - Jul,31.711561065672488
2009,Cabeceras,Régimen subsidiado,Jun - Ago,31.91211553713592
2009,Cabeceras,Régimen subsidiado,Jul - Sep,31.673896211438056
2009,Cabeceras,Régimen subsidiado,Ago - Oct,31.92594212195461
2009,Cabeceras,Régimen subsidiado,Sep - Nov,31.8402342110302
2009,Cabeceras,Régimen subsidiado,Oct - Dic,32.98539009948412
2009,Cabeceras,Régimen subsidiado,Nov - Ene,33.08365319984487
2009,Cabeceras,Régimen subsidiado,Dic - Feb,33.34899936181926
2010,Cabeceras,Régimen subsidiado,Ene - Mar,32.87557622968738
2010,Cabeceras,Régimen subsidiado,Feb - Abr,32.792634634636784
2010,Cabeceras,Régimen subsidiado,Mar - May,32.39478921085314
2010,Cabeceras,Régimen subsidiado,Abr - Jun,32.30820588025876
2010,Cabeceras,Régimen subsidiado,May - Jul,32.88937772108902
2010,Cabeceras,Régimen subsidiado,Jun - Ago,33.39455701744009
2010,Cabeceras,Régimen subsidiado,Jul - Sep,33.019356164921895
2010,Cabeceras,Régimen subsidiado,Ago - Oct,32.73702139184057
2010,Cabeceras,Régimen subsidiado,Sep - Nov,33.027946731125844
2010,Cabeceras,Régimen subsidiado,Oct - Dic,33.740222998063565
2010,Cabeceras,Régimen subsidiado,Nov - Ene,33.65729771626876
2010,Cabeceras,Régimen subsidiado,Dic - Feb,32.96139275297527
2011,Cabeceras,Régimen subsidiado,Ene - Mar,32.28512341980237
2011,Cabeceras,Régimen subsidiado,Feb - Abr,32.13054595026311
2011,Cabeceras,Régimen subsidiado,Mar - May,32.38552026442508
2011,Cabeceras,Régimen subsidiado,Abr - Jun,32.102630239553235
2011,Cabeceras,Régimen subsidiado,May - Jul,31.89100173098077
2011,Cabeceras,Régimen subsidiado,Jun - Ago,31.78632823854083
2011,Cabeceras,Régimen subsidiado,Jul - Sep,31.749625614781323
2011,Cabeceras,Régimen subsidiado,Ago - Oct,31.91434813356546
2011,Cabeceras,Régimen subsidiado,Sep - Nov,32.33837662723786
2011,Cabeceras,Régimen subsidiado,Oct - Dic,33.01549195249104
2011,Cabeceras,Régimen subsidiado,Nov - Ene,33.047789635495874
2011,Cabeceras,Régimen subsidiado,Dic - Feb,32.70848536702824
2012,Cabeceras,Régimen subsidiado,Ene - Mar,32.1247761321921
2012,Cabeceras,Régimen subsidiado,Feb - Abr,31.451924270548343
2012,Cabeceras,Régimen subsidiado,Mar - May,31.071295289396716
2012,Cabeceras,Régimen subsidiado,Abr - Jun,30.687970208991317
2012,Cabeceras,Régimen subsidiado,May - Jul,31.232463326487636
2012,Cabeceras,Régimen subsidiado,Jun - Ago,30.85067513037767
2012,Cabeceras,Régimen subsidiado,Jul - Sep,31.134455891003736
2012,Cabeceras,Régimen subsidiado,Ago - Oct,31.08013127363976
2012,Cabeceras,Régimen subsidiado,Sep - Nov,32.14758939183097
2012,Cabeceras,Régimen subsidiado,Oct - Dic,33.10308141443623
2012,Cabeceras,Régimen subsidiado,Nov - Ene,33.145570099999766
2012,Cabeceras,Régimen subsidiado,Dic - Feb,32.554300760610126
2013,Cabeceras,Régimen subsidiado,Ene - Mar,31.68499099991652
2013,Cabeceras,Régimen subsidiado,Feb - Abr,31.086853561379396
2013,Cabeceras,Régimen subsidiado,Mar - May,30.939066952307844
2013,Cabeceras,Régimen subsidiado,Abr - Jun,30.575933096585235
2013,Cabeceras,Régimen subsidiado,May - Jul,30.53805998866347
2013,Cabeceras,Régimen subsidiado,Jun - Ago,30.813640690578282
2013,Cabeceras,Régimen subsidiado,Jul - Sep,30.94693590105868
2013,Cabeceras,Régimen subsidiado,Ago - Oct,31.457712628976143
2013,Cabeceras,Régimen subsidiado,Sep - Nov,31.899273056817385
2013,Cabeceras,Régimen subsidiado,Oct - Dic,32.773750727648284
2013,Cabeceras,Régimen subsidiado,Nov - Ene,32.786231749628776
2013,Cabeceras,Régimen subsidiado,Dic - Feb,32.332768022628
2014,Cabeceras,Régimen subsidiado,Ene - Mar,32.27244186386024
2014,Cabeceras,Régimen subsidiado,Feb - Abr,31.87265734728067
2014,Cabeceras,Régimen subsidiado,Mar - May,31.537941592068243
2014,Cabeceras,Régimen subsidiado,Abr - Jun,31.145448346219784
2014,Cabeceras,Régimen subsidiado,May - Jul,31.047783811134554
2014,Cabeceras,Régimen subsidiado,Jun - Ago,31.572239641446174
2014,Cabeceras,Régimen subsidiado,Jul - Sep,31.36381698232258
2014,Cabeceras,Régimen subsidiado,Ago - Oct,31.87050179496695
2014,Cabeceras,Régimen subsidiado,Sep - Nov,31.998623517994368
2014,Cabeceras,Régimen subsidiado,Oct - Dic,32.527943381193644
2014,Cabeceras,Régimen subsidiado,Nov - Ene,32.65662975751809
2014,Cabeceras,Régimen subsidiado,Dic - Feb,32.48963849563587
2015,Cabeceras,Régimen subsidiado,Ene - Mar,32.440197086092724
2015,Cabeceras,Régimen subsidiado,Feb - Abr,32.90470118791261
2015,Cabeceras,Régimen subsidiado,Mar - May,33.12869386235241
2015,Cabeceras,Régimen subsidiado,Abr - Jun,32.76000480697547
2015,Cabeceras,Régimen subsidiado,May - Jul,32.34014920131194
2015,Cabeceras,Régimen subsidiado,Jun - Ago,32.168942698810405
2015,Cabeceras,Régimen subsidiado,Jul - Sep,31.98729409182449
2015,Cabeceras,Régimen subsidiado,Ago - Oct,31.877480620262695
2015,Cabeceras,Régimen subsidiado,Sep - Nov,32.405844103453184
2015,Cabeceras,Régimen subsidiado,Oct - Dic,33.26218656048465
2015,Cabeceras,Régimen subsidiado,Nov - Ene,33.51608384116685
2015,Cabeceras,Régimen subsidiado,Dic - Feb,32.95216102016039
2016,Cabeceras,Régimen subsidiado,Ene - Mar,32.556315562691005
2016,Cabeceras,Régimen subsidiado,Feb - Abr,32.40860720521654
2016,Cabeceras,Régimen subsidiado,Mar - May,32.19697731908202
2016,Cabeceras,Régimen subsidiado,Abr - Jun,32.010893206124855
2016,Cabeceras,Régimen subsidiado,May - Jul,32.35666906412685
2016,Cabeceras,Régimen subsidiado,Jun - Ago,32.834621552760744
2016,Cabeceras,Régimen subsidiado,Jul - Sep,32.4802198924328
2016,Cabeceras,Régimen subsidiado,Ago - Oct,32.19729114523134
2016,Cabeceras,Régimen subsidiado,Sep - Nov,32.024081692125634
2016,Cabeceras,Régimen subsidiado,Oct - Dic,32.81523811362172
2016,Cabeceras,Régimen subsidiado,Nov - Ene,32.92679130744665
2016,Cabeceras,Régimen subsidiado,Dic - Feb,32.99872302816928
2017,Cabeceras,Régimen subsidiado,Ene - Mar,33.00198039267093
2017,Cabeceras,Régimen subsidiado,Feb - Abr,32.600252096186104
2017,Cabeceras,Régimen subsidiado,Mar - May,32.64919798537952
2017,Cabeceras,Régimen subsidiado,Abr - Jun,32.59821183070039
2017,Cabeceras,Régimen subsidiado,May - Jul,33.40386510219686
2017,Cabeceras,Régimen subsidiado,Jun - Ago,33.29269920012059
2017,Cabeceras,Régimen subsidiado,Jul - Sep,32.87578422169464
2017,Cabeceras,Régimen subsidiado,Ago - Oct,32.58267935825899
2017,Cabeceras,Régimen subsidiado,Sep - Nov,32.684691261840136
2017,Cabeceras,Régimen subsidiado,Oct - Dic,33.79915434276181
2017,Cabeceras,Régimen subsidiado,Nov - Ene,34.40510063148526
2017,Cabeceras,Régimen subsidiado,Dic - Feb,34.200618542076185
2018,Cabeceras,Régimen subsidiado,Ene - Mar,33.43088641331231
2018,Cabeceras,Régimen subsidiado,Feb - Abr,32.62146156942818
2018,Cabeceras,Régimen subsidiado,Mar - May,32.79576727507775
2018,Cabeceras,Régimen subsidiado,Abr - Jun,32.3768630284055
2018,Cabeceras,Régimen subsidiado,May - Jul,32.31508139196997
2018,Cabeceras,Régimen subsidiado,Jun - Ago,32.227602439024146
2018,Cabeceras,Régimen subsidiado,Jul - Sep,32.512130303843364
2018,Cabeceras,Régimen subsidiado,Ago - Oct,32.734370568784776
2018,Cabeceras,Régimen subsidiado,Sep - Nov,32.76716261588667
2018,Cabeceras,Régimen subsidiado,Oct - Dic,33.1797225739984
2018,Cabeceras,Régimen subsidiado,Nov - Ene,33.63635470949451
2018,Cabeceras,Régimen subsidiado,Dic - Feb,33.594215458550615
2019,Cabeceras,Régimen subsidiado,Ene - Mar,33.03442298063794
2019,Cabeceras,Régimen subsidiado,Feb - Abr,32.2113109839935
2019,Cabeceras,Régimen subsidiado,Mar - May,32.287831189010255
2019,Cabeceras,Régimen subsidiado,Abr - Jun,31.869429309499303
2019,Cabeceras,Régimen subsidiado,May - Jul,31.843910549802505
2019,Cabeceras,Régimen subsidiado,Jun - Ago,31.474213381022746
2019,Cabeceras,Régimen subsidiado,Jul - Sep,31.141455338833435
2019,Cabeceras,Régimen subsidiado,Ago - Oct,30.989600527699334
2019,Cabeceras,Régimen subsidiado,Sep - Nov,31.114444318856847
2019,Cabeceras,Régimen subsidiado,Oct - Dic,32.63711400145192
2019,Cabeceras,Régimen subsidiado,Nov - Ene,32.90517287475379
2019,Cabeceras,Régimen subsidiado,Dic - Feb,32.93659629526556
2020,Cabeceras,Régimen subsidiado,Ene - Mar,0.0
2020,Cabeceras,Régimen subsidiado,Feb - Abr,0.0
2020,Cabeceras,Régimen subsidiado,Mar - May,0.0
2020,Cabeceras,Régimen subsidiado,Abr - Jun,0.0
2020,Cabeceras,Régimen subsidiado,May - Jul,31.568795906726642
2020,Cabeceras,Régimen subsidiado,Jun - Ago,31.16592242884232
2020,Cabeceras,Régimen subsidiado,Jul - Sep,31.07248183012141
2020,Cabeceras,Régimen subsidiado,Ago - Oct,31.11155532510141
2020,Cabeceras,Régimen subsidiado,Sep - Nov,31.803874978096896
2020,Cabeceras,Régimen subsidiado,Oct - Dic,32.89511403236252
2020,Cabeceras,Régimen subsidiado,Nov - Ene,32.129570813143395
2020,Cabeceras,Régimen subsidiado,Dic - Feb,32.360768867522985
2021,Cabeceras,Régimen subsidiado,Ene - Mar,31.846388295909268
2021,Cabeceras,Régimen subsidiado,Feb - Abr,32.40462297014738
2021,Cabeceras,Régimen subsidiado,Mar - May,31.75353236635297
2021,Cabeceras,Régimen subsidiado,Abr - Jun,31.362498444448534
2021,Cabeceras,Régimen subsidiado,May - Jul,31.239439054891687
2021,Cabeceras,Régimen subsidiado,Jun - Ago,31.930875816685333
2021,Cabeceras,Régimen subsidiado,Jul - Sep,31.63265819571816
2021,Cabeceras,Régimen subsidiado,Ago - Oct,31.741014130040146
2021,Cabeceras,Régimen subsidiado,Sep - Nov,31.631465199218585
2021,Cabeceras,Régimen subsidiado,Oct - Dic,31.591630163554544
2021,Cabeceras,Régimen subsidiado,Nov - Ene,31.393685911050788
2021,Cabeceras,Régimen subsidiado,Dic - Feb,31.31993665772137
2022,Cabeceras,Régimen subsidiado,Ene - Mar,31.982044494263345
2022,Cabeceras,Régimen subsidiado,Feb - Abr,32.056909934164366
2022,Cabeceras,Régimen subsidiado,Mar - May,31.53703625387379
2022,Cabeceras,Régimen subsidiado,Abr - Jun,31.111154076198066
2022,Cabeceras,Régimen subsidiado,May - Jul,31.50988832778413
2022,Cabeceras,Régimen subsidiado,Jun - Ago,32.23740052153391
2022,Cabeceras,Régimen subsidiado,Jul - Sep,32.408884717214484
2022,Cabeceras,Régimen subsidiado,Ago - Oct,32.572213079583825
2022,Cabeceras,Régimen subsidiado,Sep - Nov,32.75723532380603
2022,Cabeceras,Régimen subsidiado,Oct - Dic,32.95855036211536
2022,Cabeceras,Régimen subsidiado,Nov - Ene,33.25361406259573
2022,Cabeceras,Régimen subsidiado,Dic - Feb,33.759902133929245
2023,Cabeceras,Régimen subsidiado,Ene - Mar,34.5260482967595
2023,Cabeceras,Régimen subsidiado,Feb - Abr,34.15703567786099
2023,Cabeceras,Régimen subsidiado,Mar - May,33.13516306929271
2023,Cabeceras,Régimen subsidiado,Abr - Jun,32.20742461637968
2023,Cabeceras,Régimen subsidiado,May - Jul,32.06849685196356
2023,Cabeceras,Régimen subsidiado,Jun - Ago,32.578447258082626
2023,Cabeceras,Régimen subsidiado,Jul - Sep,32.328963315971286
2023,Cabeceras,Régimen subsidiado,Ago - Oct,32.32139664893708
2023,Cabeceras,Régimen subsidiado,Sep - Nov,32.06686364266602
2023,Cabeceras,Régimen subsidiado,Oct - Dic,32.59176632958546
2023,Cabeceras,Régimen subsidiado,Nov - Ene,32.76306266834436
2023,Cabeceras,Régimen subsidiado,Dic - Feb,33.222842014281945
2024,Cabeceras,Régimen subsidiado,Ene - Mar,33.241422220960466
2024,Cabeceras,Régimen subsidiado,Feb - Abr,33.1512331306536
2024,Cabeceras,Régimen subsidiado,Mar - May,32.44204551308409
2024,Cabeceras,Régimen subsidiado,Abr - Jun,32.071059829536516
2024,Cabeceras,Régimen subsidiado,May - Jul,32.20901750100699
2024,Cabeceras,Régimen subsidiado,Jun - Ago,32.70852851851401
2024,Cabeceras,Régimen subsidiado,Jul - Sep,32.69175764676199
2024,Cabeceras,Régimen subsidiado,Ago - Oct,32.73634105756902
2024,Cabeceras,Régimen subsidiado,Sep - Nov,32.93871259787864
2024,Cabeceras,Régimen subsidiado,Oct - Dic,34.00559112035686
2024,Cabeceras,Régimen subsidiado,Nov - Ene,34.080433582996235
2024,Cabeceras,Régimen subsidiado,Dic - Feb,34.6944702702984
2025,Cabeceras,Régimen subsidiado,Ene - Mar,34.7504652135573
2025,Cabeceras,Régimen subsidiado,Feb - Abr,34.46134053498113
2025,Cabeceras,Régimen subsidiado,Mar - May,33.989900127410486
2025,Cabeceras,Régimen subsidiado,Abr - Jun,33.20576862430393
2025,Cabeceras,Régimen subsidiado,May - Jul,33.23568791539329
2025,Cabeceras,Régimen subsidiado,Jun - Ago,33.35495587840767
2025,Cabeceras,Régimen subsidiado,Jul - Sep,33.534605701512504
2025,Cabeceras,Régimen subsidiado,Ago - Oct,34.02268165603141
2025,Cabeceras,Régimen subsidiado,Sep - Nov,34.12754243484098
2025,Cabeceras,Régimen subsidiado,Oct - Dic,34.35759419395449
2025,Cabeceras,Régimen subsidiado,Nov - Ene,33.857716866984475
2025,Cabeceras,Régimen subsidiado,Dic - Feb,33.44289083411476
2026,Cabeceras,Régimen subsidiado,Ene - Mar,33.29197242102095
2026,Cabeceras,Régimen subsidiado,Feb - Abr,33.4774281442665
2007,Cabeceras,No sabe,Ene - Mar,0.05291812175895842
2007,Cabeceras,No sabe,Feb - Abr,0.035548884261176084
2007,Cabeceras,No sabe,Mar - May,0.037569476574214986
2007,Cabeceras,No sabe,Abr - Jun,0.04584899483801262
2007,Cabeceras,No sabe,May - Jul,0.045817915752118785
2007,Cabeceras,No sabe,Jun - Ago,0.036443983807332714
2007,Cabeceras,No sabe,Jul - Sep,0.014731266331526256
2007,Cabeceras,No sabe,Ago - Oct,0.007959137583565524
2007,Cabeceras,No sabe,Sep - Nov,0.01619485985619196
2007,Cabeceras,No sabe,Oct - Dic,0.025507097650647386
2007,Cabeceras,No sabe,Nov - Ene,0.036847835146635595
2007,Cabeceras,No sabe,Dic - Feb,0.023945789968550398
2008,Cabeceras,No sabe,Ene - Mar,0.01442190615396467
2008,Cabeceras,No sabe,Feb - Abr,0.005710140103307895
2008,Cabeceras,No sabe,Mar - May,0.005022858662368953
2008,Cabeceras,No sabe,Abr - Jun,0.006312373971787855
2008,Cabeceras,No sabe,May - Jul,0.011345186948977723
2008,Cabeceras,No sabe,Jun - Ago,0.010321354259275469
2008,Cabeceras,No sabe,Jul - Sep,0.012370237158904911
2008,Cabeceras,No sabe,Ago - Oct,0.01267643268309253
2008,Cabeceras,No sabe,Sep - Nov,0.011897173499042244
2008,Cabeceras,No sabe,Oct - Dic,0.012339028293437354
2008,Cabeceras,No sabe,Nov - Ene,0.015049413135593602
2008,Cabeceras,No sabe,Dic - Feb,0.015171977462156231
2009,Cabeceras,No sabe,Ene - Mar,0.011071467271086207
2009,Cabeceras,No sabe,Feb - Abr,0.010633242413515985
2009,Cabeceras,No sabe,Mar - May,0.012154584014716538
2009,Cabeceras,No sabe,Abr - Jun,0.01948066561462854
2009,Cabeceras,No sabe,May - Jul,0.016898751806965612
2009,Cabeceras,No sabe,Jun - Ago,0.018789555637359873
2009,Cabeceras,No sabe,Jul - Sep,0.012135364011934237
2009,Cabeceras,No sabe,Ago - Oct,0.005959787673984535
2009,Cabeceras,No sabe,Sep - Nov,0.003205529719493321
2009,Cabeceras,No sabe,Oct - Dic,0.016416303765652396
2009,Cabeceras,No sabe,Nov - Ene,0.02208431334510258
2009,Cabeceras,No sabe,Dic - Feb,0.02463381018276977
2010,Cabeceras,No sabe,Ene - Mar,0.012409618450656593
2010,Cabeceras,No sabe,Feb - Abr,0.008786127222788202
2010,Cabeceras,No sabe,Mar - May,0.006944284413511973
2010,Cabeceras,No sabe,Abr - Jun,0.004637662098243678
2010,Cabeceras,No sabe,May - Jul,0.0028893073768407945
2010,Cabeceras,No sabe,Jun - Ago,0.003346451657849703
2010,Cabeceras,No sabe,Jul - Sep,0.005683209441382833
2010,Cabeceras,No sabe,Ago - Oct,0.008359823065350928
2010,Cabeceras,No sabe,Sep - Nov,0.016696406291057318
2010,Cabeceras,No sabe,Oct - Dic,0.016836673345628366
2010,Cabeceras,No sabe,Nov - Ene,0.021905820654337393
2010,Cabeceras,No sabe,Dic - Feb,0.013520333510890737
2011,Cabeceras,No sabe,Ene - Mar,0.035203556459220256
2011,Cabeceras,No sabe,Feb - Abr,0.03533975082621028
2011,Cabeceras,No sabe,Mar - May,0.04240629454804102
2011,Cabeceras,No sabe,Abr - Jun,0.025785261566305638
2011,Cabeceras,No sabe,May - Jul,0.036535912153953486
2011,Cabeceras,No sabe,Jun - Ago,0.04139719595334551
2011,Cabeceras,No sabe,Jul - Sep,0.042784641279589065
2011,Cabeceras,No sabe,Ago - Oct,0.0323293568436709
2011,Cabeceras,No sabe,Sep - Nov,0.02461302636293929
2011,Cabeceras,No sabe,Oct - Dic,0.03823398484190741
2011,Cabeceras,No sabe,Nov - Ene,0.03907683616091459
2011,Cabeceras,No sabe,Dic - Feb,0.03967417530466804
2012,Cabeceras,No sabe,Ene - Mar,0.036650571582302754
2012,Cabeceras,No sabe,Feb - Abr,0.04446096050425403
2012,Cabeceras,No sabe,Mar - May,0.044814527283280975
2012,Cabeceras,No sabe,Abr - Jun,0.03704255531791911
2012,Cabeceras,No sabe,May - Jul,0.026274238907851025
2012,Cabeceras,No sabe,Jun - Ago,0.03471053098628918
2012,Cabeceras,No sabe,Jul - Sep,0.03351936445939756
2012,Cabeceras,No sabe,Ago - Oct,0.03492998036804325
2012,Cabeceras,No sabe,Sep - Nov,0.022641116097805378
2012,Cabeceras,No sabe,Oct - Dic,0.026047874683299884
2012,Cabeceras,No sabe,Nov - Ene,0.030129774476637554
2012,Cabeceras,No sabe,Dic - Feb,0.03317409634330208
2013,Cabeceras,No sabe,Ene - Mar,0.02795934168264109
2013,Cabeceras,No sabe,Feb - Abr,0.03146677266870597
2013,Cabeceras,No sabe,Mar - May,0.04184609195358684
2013,Cabeceras,No sabe,Abr - Jun,0.056700593011351504
2013,Cabeceras,No sabe,May - Jul,0.0631621015519972
2013,Cabeceras,No sabe,Jun - Ago,0.06521438164828984
2013,Cabeceras,No sabe,Jul - Sep,0.05210807497455328
2013,Cabeceras,No sabe,Ago - Oct,0.04298966622920602
2013,Cabeceras,No sabe,Sep - Nov,0.04647956451513604
2013,Cabeceras,No sabe,Oct - Dic,0.05838457983186108
2013,Cabeceras,No sabe,Nov - Ene,0.06409188130175049
2013,Cabeceras,No sabe,Dic - Feb,0.06146122225624925
2014,Cabeceras,No sabe,Ene - Mar,0.06027428962127911
2014,Cabeceras,No sabe,Feb - Abr,0.06920160760624837
2014,Cabeceras,No sabe,Mar - May,0.0570164883903202
2014,Cabeceras,No sabe,Abr - Jun,0.05846432161875725
2014,Cabeceras,No sabe,May - Jul,0.05038009895195128
2014,Cabeceras,No sabe,Jun - Ago,0.07165534628139875
2014,Cabeceras,No sabe,Jul - Sep,0.06598494286486235
2014,Cabeceras,No sabe,Ago - Oct,0.07513347918067528
2014,Cabeceras,No sabe,Sep - Nov,0.07484529243398505
2014,Cabeceras,No sabe,Oct - Dic,0.07693935699387883
2014,Cabeceras,No sabe,Nov - Ene,0.08212379930633806
2014,Cabeceras,No sabe,Dic - Feb,0.06643349522804701
2015,Cabeceras,No sabe,Ene - Mar,0.06011973509933776
2015,Cabeceras,No sabe,Feb - Abr,0.039427068738212834
2015,Cabeceras,No sabe,Mar - May,0.04830216466927552
2015,Cabeceras,No sabe,Abr - Jun,0.07022639069205569
2015,Cabeceras,No sabe,May - Jul,0.0906576501256004
2015,Cabeceras,No sabe,Jun - Ago,0.09481659038366375
2015,Cabeceras,No sabe,Jul - Sep,0.11129875038398244
2015,Cabeceras,No sabe,Ago - Oct,0.09650563519560232
2015,Cabeceras,No sabe,Sep - Nov,0.08270417065231488
2015,Cabeceras,No sabe,Oct - Dic,0.045818104054564865
2015,Cabeceras,No sabe,Nov - Ene,0.054767232381813684
2015,Cabeceras,No sabe,Dic - Feb,0.05710639297332919
2016,Cabeceras,No sabe,Ene - Mar,0.06487949125245264
2016,Cabeceras,No sabe,Feb - Abr,0.051743064585242235
2016,Cabeceras,No sabe,Mar - May,0.06670588655337394
2016,Cabeceras,No sabe,Abr - Jun,0.061568070145002596
2016,Cabeceras,No sabe,May - Jul,0.05991023172341767
2016,Cabeceras,No sabe,Jun - Ago,0.046946981493389814
2016,Cabeceras,No sabe,Jul - Sep,0.03275835406468189
2016,Cabeceras,No sabe,Ago - Oct,0.028273201547205317
2016,Cabeceras,No sabe,Sep - Nov,0.053667058241686
2016,Cabeceras,No sabe,Oct - Dic,0.05669996701432821
2016,Cabeceras,No sabe,Nov - Ene,0.05705347942009288
2016,Cabeceras,No sabe,Dic - Feb,0.04158971587687819
2017,Cabeceras,No sabe,Ene - Mar,0.04765337518656217
2017,Cabeceras,No sabe,Feb - Abr,0.0575268149052376
2017,Cabeceras,No sabe,Mar - May,0.038255338965544484
2017,Cabeceras,No sabe,Abr - Jun,0.03846730709957015
2017,Cabeceras,No sabe,May - Jul,0.02746497709045681
2017,Cabeceras,No sabe,Jun - Ago,0.05269119650778649
2017,Cabeceras,No sabe,Jul - Sep,0.06247383658576378
2017,Cabeceras,No sabe,Ago - Oct,0.0696632903750824
2017,Cabeceras,No sabe,Sep - Nov,0.049427969997773734
2017,Cabeceras,No sabe,Oct - Dic,0.035575050645736274
2017,Cabeceras,No sabe,Nov - Ene,0.039739849574612136
2017,Cabeceras,No sabe,Dic - Feb,0.04465594711130702
2018,Cabeceras,No sabe,Ene - Mar,0.04423025818338551
2018,Cabeceras,No sabe,Feb - Abr,0.03307829385136046
2018,Cabeceras,No sabe,Mar - May,0.026496440059647106
2018,Cabeceras,No sabe,Abr - Jun,0.04245182934817982
2018,Cabeceras,No sabe,May - Jul,0.04143975600543838
2018,Cabeceras,No sabe,Jun - Ago,0.06951519436824835
2018,Cabeceras,No sabe,Jul - Sep,0.061929406063916996
2018,Cabeceras,No sabe,Ago - Oct,0.08798228590522263
2018,Cabeceras,No sabe,Sep - Nov,0.05255936405464313
2018,Cabeceras,No sabe,Oct - Dic,0.03903793129479662
2018,Cabeceras,No sabe,Nov - Ene,0.01555944086030649
2018,Cabeceras,No sabe,Dic - Feb,0.027138345237410134
2019,Cabeceras,No sabe,Ene - Mar,0.04748404694357545
2019,Cabeceras,No sabe,Feb - Abr,0.06735944672061137
2019,Cabeceras,No sabe,Mar - May,0.07994577168450066
2019,Cabeceras,No sabe,Abr - Jun,0.07819685314576233
2019,Cabeceras,No sabe,May - Jul,0.06738553655099856
2019,Cabeceras,No sabe,Jun - Ago,0.06149099785629867
2019,Cabeceras,No sabe,Jul - Sep,0.048552139707184507
2019,Cabeceras,No sabe,Ago - Oct,0.0559325648589138
2019,Cabeceras,No sabe,Sep - Nov,0.09673742424303822
2019,Cabeceras,No sabe,Oct - Dic,0.12712969023018847
2019,Cabeceras,No sabe,Nov - Ene,0.11217671893284525
2019,Cabeceras,No sabe,Dic - Feb,0.07077406710921434
2020,Cabeceras,No sabe,Ene - Mar,0.0
2020,Cabeceras,No sabe,Feb - Abr,0.0
2020,Cabeceras,No sabe,Mar - May,0.0
2020,Cabeceras,No sabe,Abr - Jun,0.0
2020,Cabeceras,No sabe,May - Jul,0.06073120093394882
2020,Cabeceras,No sabe,Jun - Ago,0.09301944550858605
2020,Cabeceras,No sabe,Jul - Sep,0.1019254016703246
2020,Cabeceras,No sabe,Ago - Oct,0.08737356188548932
2020,Cabeceras,No sabe,Sep - Nov,0.07336450665441228
2020,Cabeceras,No sabe,Oct - Dic,0.07665729706707497
2020,Cabeceras,No sabe,Nov - Ene,0.13495046352165138
2020,Cabeceras,No sabe,Dic - Feb,0.18021439587546484
2021,Cabeceras,No sabe,Ene - Mar,0.24507411554383976
2021,Cabeceras,No sabe,Feb - Abr,0.2140648954382722
2021,Cabeceras,No sabe,Mar - May,0.1822835743506331
2021,Cabeceras,No sabe,Abr - Jun,0.1251454520806757
2021,Cabeceras,No sabe,May - Jul,0.09314615506354144
2021,Cabeceras,No sabe,Jun - Ago,0.11009398078582631
2021,Cabeceras,No sabe,Jul - Sep,0.09102388116859027
2021,Cabeceras,No sabe,Ago - Oct,0.0984693353155908
2021,Cabeceras,No sabe,Sep - Nov,0.09352714432814192
2021,Cabeceras,No sabe,Oct - Dic,0.1072617251252796
2021,Cabeceras,No sabe,Nov - Ene,0.12598654880577065
2021,Cabeceras,No sabe,Dic - Feb,0.1091731160184069
2022,Cabeceras,No sabe,Ene - Mar,0.12228618719290274
2022,Cabeceras,No sabe,Feb - Abr,0.08939736760505906
2022,Cabeceras,No sabe,Mar - May,0.08532408234764204
2022,Cabeceras,No sabe,Abr - Jun,0.08308176357593496
2022,Cabeceras,No sabe,May - Jul,0.07469302862065794
2022,Cabeceras,No sabe,Jun - Ago,0.06858014473075792
2022,Cabeceras,No sabe,Jul - Sep,0.04609978661619649
2022,Cabeceras,No sabe,Ago - Oct,0.06363115676623599
2022,Cabeceras,No sabe,Sep - Nov,0.06334693738251787
2022,Cabeceras,No sabe,Oct - Dic,0.07493007693288087
2022,Cabeceras,No sabe,Nov - Ene,0.04990559064684012
2022,Cabeceras,No sabe,Dic - Feb,0.06744954384700654
2023,Cabeceras,No sabe,Ene - Mar,0.08128340611812432
2023,Cabeceras,No sabe,Feb - Abr,0.09025780190468012
2023,Cabeceras,No sabe,Mar - May,0.06448914827886418
2023,Cabeceras,No sabe,Abr - Jun,0.03473799549913986
2023,Cabeceras,No sabe,May - Jul,0.03192241375364071
2023,Cabeceras,No sabe,Jun - Ago,0.02981693644531177
2023,Cabeceras,No sabe,Jul - Sep,0.029168322471634176
2023,Cabeceras,No sabe,Ago - Oct,0.038620860203880406
2023,Cabeceras,No sabe,Sep - Nov,0.03826394939723137
2023,Cabeceras,No sabe,Oct - Dic,0.03866903592102779
2023,Cabeceras,No sabe,Nov - Ene,0.061554526959340605
2023,Cabeceras,No sabe,Dic - Feb,0.07671562541544467
2024,Cabeceras,No sabe,Ene - Mar,0.07995258497398358
2024,Cabeceras,No sabe,Feb - Abr,0.05185218566420592
2024,Cabeceras,No sabe,Mar - May,0.05905060866297552
2024,Cabeceras,No sabe,Abr - Jun,0.06853978743992752
2024,Cabeceras,No sabe,May - Jul,0.077136502298729
2024,Cabeceras,No sabe,Jun - Ago,0.08402939706499536
2024,Cabeceras,No sabe,Jul - Sep,0.08203834802668909
2024,Cabeceras,No sabe,Ago - Oct,0.08525812923115265
2024,Cabeceras,No sabe,Sep - Nov,0.08232385413228345
2024,Cabeceras,No sabe,Oct - Dic,0.06891810156689858
2024,Cabeceras,No sabe,Nov - Ene,0.06608168999218976
2024,Cabeceras,No sabe,Dic - Feb,0.05010203621440008
2025,Cabeceras,No sabe,Ene - Mar,0.07810432682516179
2025,Cabeceras,No sabe,Feb - Abr,0.06582258483195601
2025,Cabeceras,No sabe,Mar - May,0.08062923495831886
2025,Cabeceras,No sabe,Abr - Jun,0.05264364258481933
2025,Cabeceras,No sabe,May - Jul,0.06142424720442044
2025,Cabeceras,No sabe,Jun - Ago,0.04092151514796808
2025,Cabeceras,No sabe,Jul - Sep,0.056945991652669774
2025,Cabeceras,No sabe,Ago - Oct,0.04263152472807842
2025,Cabeceras,No sabe,Sep - Nov,0.0864810434646573
2025,Cabeceras,No sabe,Oct - Dic,0.07047979398008902
2025,Cabeceras,No sabe,Nov - Ene,0.09291290830579907
2025,Cabeceras,No sabe,Dic - Feb,0.05254270379136368
2026,Cabeceras,No sabe,Ene - Mar,0.07429570513045242
2026,Cabeceras,No sabe,Feb - Abr,0.05893491763496648
2007,Cabeceras,Cotiza a pensión,Ene - Mar,36.41325866824645
2007,Cabeceras,Cotiza a pensión,Feb - Abr,36.167018215351135
2007,Cabeceras,Cotiza a pensión,Mar - May,36.39430545096943
2007,Cabeceras,Cotiza a pensión,Abr - Jun,36.118357095179604
2007,Cabeceras,Cotiza a pensión,May - Jul,37.02092536214692
2007,Cabeceras,Cotiza a pensión,Jun - Ago,36.96623486099199
2007,Cabeceras,Cotiza a pensión,Jul - Sep,37.50636638170066
2007,Cabeceras,Cotiza a pensión,Ago - Oct,36.68908856063513
2007,Cabeceras,Cotiza a pensión,Sep - Nov,36.46187871197754
2007,Cabeceras,Cotiza a pensión,Oct - Dic,35.45645788758589
2007,Cabeceras,Cotiza a pensión,Nov - Ene,36.037437215460216
2007,Cabeceras,Cotiza a pensión,Dic - Feb,35.67860713938333
2008,Cabeceras,Cotiza a pensión,Ene - Mar,35.60241869097657
2008,Cabeceras,Cotiza a pensión,Feb - Abr,35.25382434858509
2008,Cabeceras,Cotiza a pensión,Mar - May,36.18882596642783
2008,Cabeceras,Cotiza a pensión,Abr - Jun,37.3725905616809
2008,Cabeceras,Cotiza a pensión,May - Jul,38.283174496912345
2008,Cabeceras,Cotiza a pensión,Jun - Ago,37.99461805296103
2008,Cabeceras,Cotiza a pensión,Jul - Sep,37.29454329904884
2008,Cabeceras,Cotiza a pensión,Ago - Oct,36.55421766676618
2008,Cabeceras,Cotiza a pensión,Sep - Nov,36.31881820972544
2008,Cabeceras,Cotiza a pensión,Oct - Dic,36.366016709277666
2008,Cabeceras,Cotiza a pensión,Nov - Ene,36.66957664644354
2008,Cabeceras,Cotiza a pensión,Dic - Feb,36.60230257129707
2009,Cabeceras,Cotiza a pensión,Ene - Mar,36.22140320551273
2009,Cabeceras,Cotiza a pensión,Feb - Abr,36.122760931759345
2009,Cabeceras,Cotiza a pensión,Mar - May,35.71227797226979
2009,Cabeceras,Cotiza a pensión,Abr - Jun,35.87340521237249
2009,Cabeceras,Cotiza a pensión,May - Jul,35.908149733244244
2009,Cabeceras,Cotiza a pensión,Jun - Ago,36.361151089824666
2009,Cabeceras,Cotiza a pensión,Jul - Sep,37.16190263841674
2009,Cabeceras,Cotiza a pensión,Ago - Oct,36.50578760394616
2009,Cabeceras,Cotiza a pensión,Sep - Nov,36.21421280513052
2009,Cabeceras,Cotiza a pensión,Oct - Dic,34.97356656102829
2009,Cabeceras,Cotiza a pensión,Nov - Ene,35.28700631051565
2009,Cabeceras,Cotiza a pensión,Dic - Feb,35.64685067604671
2010,Cabeceras,Cotiza a pensión,Ene - Mar,36.29715700465507
2010,Cabeceras,Cotiza a pensión,Feb - Abr,36.78213040564211
2010,Cabeceras,Cotiza a pensión,Mar - May,36.755975988821355
2010,Cabeceras,Cotiza a pensión,Abr - Jun,36.58275010630233
2010,Cabeceras,Cotiza a pensión,May - Jul,36.16381749642744
2010,Cabeceras,Cotiza a pensión,Jun - Ago,35.89492038826609
2010,Cabeceras,Cotiza a pensión,Jul - Sep,35.79260424701311
2010,Cabeceras,Cotiza a pensión,Ago - Oct,35.407570985953555
2010,Cabeceras,Cotiza a pensión,Sep - Nov,35.07707502334937
2010,Cabeceras,Cotiza a pensión,Oct - Dic,35.051701477572436
2010,Cabeceras,Cotiza a pensión,Nov - Ene,35.493847594127594
2010,Cabeceras,Cotiza a pensión,Dic - Feb,35.7832281849034
2011,Cabeceras,Cotiza a pensión,Ene - Mar,36.26985556326064
2011,Cabeceras,Cotiza a pensión,Feb - Abr,36.40850264835478
2011,Cabeceras,Cotiza a pensión,Mar - May,36.274584392023804
2011,Cabeceras,Cotiza a pensión,Abr - Jun,36.37877456145382
2011,Cabeceras,Cotiza a pensión,May - Jul,36.59859008265761
2011,Cabeceras,Cotiza a pensión,Jun - Ago,36.846113912004036
2011,Cabeceras,Cotiza a pensión,Jul - Sep,36.87507684731535
2011,Cabeceras,Cotiza a pensión,Ago - Oct,36.08280373816177
2011,Cabeceras,Cotiza a pensión,Sep - Nov,35.557514735310505
2011,Cabeceras,Cotiza a pensión,Oct - Dic,35.07803333718532
2011,Cabeceras,Cotiza a pensión,Nov - Ene,35.88360346078679
2011,Cabeceras,Cotiza a pensión,Dic - Feb,36.68718826436241
2012,Cabeceras,Cotiza a pensión,Ene - Mar,37.35803180367832
2012,Cabeceras,Cotiza a pensión,Feb - Abr,37.59452119406492
2012,Cabeceras,Cotiza a pensión,Mar - May,37.678641016004185
2012,Cabeceras,Cotiza a pensión,Abr - Jun,37.663618123050476
2012,Cabeceras,Cotiza a pensión,May - Jul,37.27343354151349
2012,Cabeceras,Cotiza a pensión,Jun - Ago,37.920964706087595
2012,Cabeceras,Cotiza a pensión,Jul - Sep,37.85257380303887
2012,Cabeceras,Cotiza a pensión,Ago - Oct,37.98378044533715
2012,Cabeceras,Cotiza a pensión,Sep - Nov,37.383960758577075
2012,Cabeceras,Cotiza a pensión,Oct - Dic,36.924901192756025
2012,Cabeceras,Cotiza a pensión,Nov - Ene,37.22364524183391
2012,Cabeceras,Cotiza a pensión,Dic - Feb,37.503854693696525
2013,Cabeceras,Cotiza a pensión,Ene - Mar,38.423328656162134
2013,Cabeceras,Cotiza a pensión,Feb - Abr,39.154301815983004
2013,Cabeceras,Cotiza a pensión,Mar - May,39.05861100283771
2013,Cabeceras,Cotiza a pensión,Abr - Jun,39.37922100482502
2013,Cabeceras,Cotiza a pensión,May - Jul,39.23465622857976
2013,Cabeceras,Cotiza a pensión,Jun - Ago,39.78148371180397
2013,Cabeceras,Cotiza a pensión,Jul - Sep,39.88969049638272
2013,Cabeceras,Cotiza a pensión,Ago - Oct,39.745397780372976
2013,Cabeceras,Cotiza a pensión,Sep - Nov,39.37737615980132
2013,Cabeceras,Cotiza a pensión,Oct - Dic,38.6525717723921
2013,Cabeceras,Cotiza a pensión,Nov - Ene,38.979269796758544
2013,Cabeceras,Cotiza a pensión,Dic - Feb,39.812925324883324
2014,Cabeceras,Cotiza a pensión,Ene - Mar,40.7342203372918
2014,Cabeceras,Cotiza a pensión,Feb - Abr,41.11644022508673
2014,Cabeceras,Cotiza a pensión,Mar - May,41.152137350764654
2014,Cabeceras,Cotiza a pensión,Abr - Jun,41.5378404612107
2014,Cabeceras,Cotiza a pensión,May - Jul,41.889899242537396
2014,Cabeceras,Cotiza a pensión,Jun - Ago,41.349125888699064
2014,Cabeceras,Cotiza a pensión,Jul - Sep,41.2381584195504
2014,Cabeceras,Cotiza a pensión,Ago - Oct,40.60590850237854
2014,Cabeceras,Cotiza a pensión,Sep - Nov,40.97064795116105
2014,Cabeceras,Cotiza a pensión,Oct - Dic,40.75703001543648
2014,Cabeceras,Cotiza a pensión,Nov - Ene,40.78910500088765
2014,Cabeceras,Cotiza a pensión,Dic - Feb,40.88478526290665
2015,Cabeceras,Cotiza a pensión,Ene - Mar,41.04776900662252
2015,Cabeceras,Cotiza a pensión,Feb - Abr,41.419038211385065
2015,Cabeceras,Cotiza a pensión,Mar - May,41.51654741591112
2015,Cabeceras,Cotiza a pensión,Abr - Jun,42.10911131784852
2015,Cabeceras,Cotiza a pensión,May - Jul,42.15231643350789
2015,Cabeceras,Cotiza a pensión,Jun - Ago,42.66904481972609
2015,Cabeceras,Cotiza a pensión,Jul - Sep,42.518305256674616
2015,Cabeceras,Cotiza a pensión,Ago - Oct,42.522908532497425
2015,Cabeceras,Cotiza a pensión,Sep - Nov,42.284721979382326
2015,Cabeceras,Cotiza a pensión,Oct - Dic,42.125989746246454
2015,Cabeceras,Cotiza a pensión,Nov - Ene,42.30598946694569
2015,Cabeceras,Cotiza a pensión,Dic - Feb,42.52190836440906
2016,Cabeceras,Cotiza a pensión,Ene - Mar,42.875330826642326
2016,Cabeceras,Cotiza a pensión,Feb - Abr,43.095711376961084
2016,Cabeceras,Cotiza a pensión,Mar - May,43.55655673058291
2016,Cabeceras,Cotiza a pensión,Abr - Jun,43.8261055345489
2016,Cabeceras,Cotiza a pensión,May - Jul,43.724036099461436
2016,Cabeceras,Cotiza a pensión,Jun - Ago,43.440506023852485
2016,Cabeceras,Cotiza a pensión,Jul - Sep,43.471025385058866
2016,Cabeceras,Cotiza a pensión,Ago - Oct,43.429566821095776
2016,Cabeceras,Cotiza a pensión,Sep - Nov,43.07851676918456
2016,Cabeceras,Cotiza a pensión,Oct - Dic,42.67240643495062
2016,Cabeceras,Cotiza a pensión,Nov - Ene,42.55217252949256
2016,Cabeceras,Cotiza a pensión,Dic - Feb,42.94882615225038
2017,Cabeceras,Cotiza a pensión,Ene - Mar,43.19253802755032
2017,Cabeceras,Cotiza a pensión,Feb - Abr,43.94812620603004
2017,Cabeceras,Cotiza a pensión,Mar - May,44.29803008595841
2017,Cabeceras,Cotiza a pensión,Abr - Jun,44.477278639184256
2017,Cabeceras,Cotiza a pensión,May - Jul,44.1162557453391
2017,Cabeceras,Cotiza a pensión,Jun - Ago,44.0116277261137
2017,Cabeceras,Cotiza a pensión,Jul - Sep,44.07817944995877
2017,Cabeceras,Cotiza a pensión,Ago - Oct,44.35585662665986
2017,Cabeceras,Cotiza a pensión,Sep - Nov,44.29799112490544
2017,Cabeceras,Cotiza a pensión,Oct - Dic,43.47614781822022
2017,Cabeceras,Cotiza a pensión,Nov - Ene,42.86914224723744
2017,Cabeceras,Cotiza a pensión,Dic - Feb,43.232176060838874
2018,Cabeceras,Cotiza a pensión,Ene - Mar,43.92699211186024
2018,Cabeceras,Cotiza a pensión,Feb - Abr,44.327614113588965
2018,Cabeceras,Cotiza a pensión,Mar - May,44.21467910510145
2018,Cabeceras,Cotiza a pensión,Abr - Jun,44.60234016974295
2018,Cabeceras,Cotiza a pensión,May - Jul,44.70103624906356
2018,Cabeceras,Cotiza a pensión,Jun - Ago,44.69253992851358
2018,Cabeceras,Cotiza a pensión,Jul - Sep,43.96151011850249
2018,Cabeceras,Cotiza a pensión,Ago - Oct,43.89213863970593
2018,Cabeceras,Cotiza a pensión,Sep - Nov,43.53472429102479
2018,Cabeceras,Cotiza a pensión,Oct - Dic,43.59617271507286
2018,Cabeceras,Cotiza a pensión,Nov - Ene,43.23609442039666
2018,Cabeceras,Cotiza a pensión,Dic - Feb,43.55957576705503
2019,Cabeceras,Cotiza a pensión,Ene - Mar,44.04123203545519
2019,Cabeceras,Cotiza a pensión,Feb - Abr,44.74125477880967
2019,Cabeceras,Cotiza a pensión,Mar - May,44.854070206289734
2019,Cabeceras,Cotiza a pensión,Abr - Jun,44.98682814454714
2019,Cabeceras,Cotiza a pensión,May - Jul,45.06233297370873
2019,Cabeceras,Cotiza a pensión,Jun - Ago,45.173368814401215
2019,Cabeceras,Cotiza a pensión,Jul - Sep,45.36230913992523
2019,Cabeceras,Cotiza a pensión,Ago - Oct,44.79202254424685
2019,Cabeceras,Cotiza a pensión,Sep - Nov,43.85390229421798
2019,Cabeceras,Cotiza a pensión,Oct - Dic,42.86128457862334
2019,Cabeceras,Cotiza a pensión,Nov - Ene,42.80193522879317
2019,Cabeceras,Cotiza a pensión,Dic - Feb,43.09879263587949
2020,Cabeceras,Cotiza a pensión,Ene - Mar,0.0
2020,Cabeceras,Cotiza a pensión,Feb - Abr,0.0
2020,Cabeceras,Cotiza a pensión,Mar - May,0.0
2020,Cabeceras,Cotiza a pensión,Abr - Jun,0.0
2020,Cabeceras,Cotiza a pensión,May - Jul,47.349639619988764
2020,Cabeceras,Cotiza a pensión,Jun - Ago,46.42835523610177
2020,Cabeceras,Cotiza a pensión,Jul - Sep,45.49198515847485
2020,Cabeceras,Cotiza a pensión,Ago - Oct,44.61643705781162
2020,Cabeceras,Cotiza a pensión,Sep - Nov,44.04734340647246
2020,Cabeceras,Cotiza a pensión,Oct - Dic,43.46790746470227
2020,Cabeceras,Cotiza a pensión,Nov - Ene,45.39124325186278
2020,Cabeceras,Cotiza a pensión,Dic - Feb,46.66966737734058
2021,Cabeceras,Cotiza a pensión,Ene - Mar,48.406931965136415
2021,Cabeceras,Cotiza a pensión,Feb - Abr,47.884391909333836
2021,Cabeceras,Cotiza a pensión,Mar - May,48.47771692097469
2021,Cabeceras,Cotiza a pensión,Abr - Jun,48.77091120890832
2021,Cabeceras,Cotiza a pensión,May - Jul,48.9320718658883
2021,Cabeceras,Cotiza a pensión,Jun - Ago,48.22851084501461
2021,Cabeceras,Cotiza a pensión,Jul - Sep,48.359386584602305
2021,Cabeceras,Cotiza a pensión,Ago - Oct,48.114302801096606
2021,Cabeceras,Cotiza a pensión,Sep - Nov,48.2105618774008
2021,Cabeceras,Cotiza a pensión,Oct - Dic,48.19582276502994
2021,Cabeceras,Cotiza a pensión,Nov - Ene,48.885879328397095
2021,Cabeceras,Cotiza a pensión,Dic - Feb,48.94870887045337
2022,Cabeceras,Cotiza a pensión,Ene - Mar,48.36052180013563
2022,Cabeceras,Cotiza a pensión,Feb - Abr,48.174062363403
2022,Cabeceras,Cotiza a pensión,Mar - May,48.75368504288409
2022,Cabeceras,Cotiza a pensión,Abr - Jun,48.915409739474384
2022,Cabeceras,Cotiza a pensión,May - Jul,48.21368828797569
2022,Cabeceras,Cotiza a pensión,Jun - Ago,47.6628605052535
2022,Cabeceras,Cotiza a pensión,Jul - Sep,47.339677607154904
2022,Cabeceras,Cotiza a pensión,Ago - Oct,47.42596533736034
2022,Cabeceras,Cotiza a pensión,Sep - Nov,47.43460246372735
2022,Cabeceras,Cotiza a pensión,Oct - Dic,47.8765619186208
2022,Cabeceras,Cotiza a pensión,Nov - Ene,48.20371436623512
2022,Cabeceras,Cotiza a pensión,Dic - Feb,47.89615922417954
2023,Cabeceras,Cotiza a pensión,Ene - Mar,47.664025532134325
2023,Cabeceras,Cotiza a pensión,Feb - Abr,48.068395494027286
2023,Cabeceras,Cotiza a pensión,Mar - May,49.19220597945441
2023,Cabeceras,Cotiza a pensión,Abr - Jun,50.17881470821085
2023,Cabeceras,Cotiza a pensión,May - Jul,50.28648270539259
2023,Cabeceras,Cotiza a pensión,Jun - Ago,49.880614993539474
2023,Cabeceras,Cotiza a pensión,Jul - Sep,49.78638140668472
2023,Cabeceras,Cotiza a pensión,Ago - Oct,50.0541068220064
2023,Cabeceras,Cotiza a pensión,Sep - Nov,50.46351828644469
2023,Cabeceras,Cotiza a pensión,Oct - Dic,50.548528547889504
2023,Cabeceras,Cotiza a pensión,Nov - Ene,50.32694462877394
2023,Cabeceras,Cotiza a pensión,Dic - Feb,49.689399724803266
2024,Cabeceras,Cotiza a pensión,Ene - Mar,49.60429272266998
2024,Cabeceras,Cotiza a pensión,Feb - Abr,49.681070113390504
2024,Cabeceras,Cotiza a pensión,Mar - May,50.37052255454424
2024,Cabeceras,Cotiza a pensión,Abr - Jun,50.428705776027826
2024,Cabeceras,Cotiza a pensión,May - Jul,50.38224838959916
2024,Cabeceras,Cotiza a pensión,Jun - Ago,50.196188316403735
2024,Cabeceras,Cotiza a pensión,Jul - Sep,50.43838410683633
2024,Cabeceras,Cotiza a pensión,Ago - Oct,50.39890340908876
2024,Cabeceras,Cotiza a pensión,Sep - Nov,50.517825682176905
2024,Cabeceras,Cotiza a pensión,Oct - Dic,49.872667685865764
2024,Cabeceras,Cotiza a pensión,Nov - Ene,49.96336371596118
2024,Cabeceras,Cotiza a pensión,Dic - Feb,49.24288088171778
2025,Cabeceras,Cotiza a pensión,Ene - Mar,48.90588288122723
2025,Cabeceras,Cotiza a pensión,Feb - Abr,49.29140512352611
2025,Cabeceras,Cotiza a pensión,Mar - May,49.94156603453411
2025,Cabeceras,Cotiza a pensión,Abr - Jun,50.934189330980615
2025,Cabeceras,Cotiza a pensión,May - Jul,50.881267104429504
2025,Cabeceras,Cotiza a pensión,Jun - Ago,50.91483679448901
2025,Cabeceras,Cotiza a pensión,Jul - Sep,51.060442987755536
2025,Cabeceras,Cotiza a pensión,Ago - Oct,50.31448159821519
2025,Cabeceras,Cotiza a pensión,Sep - Nov,50.131148210893414
2025,Cabeceras,Cotiza a pensión,Oct - Dic,49.77184468409706
2025,Cabeceras,Cotiza a pensión,Nov - Ene,50.7646399270543
2025,Cabeceras,Cotiza a pensión,Dic - Feb,51.10670342354895
2026,Cabeceras,Cotiza a pensión,Ene - Mar,51.189656485823164
2026,Cabeceras,Cotiza a pensión,Feb - Abr,51.214992910340385
2007,Centros poblados y rural disperso,Afiliada a salud,Ene - Mar,79.21922636629944
2007,Centros poblados y rural disperso,Afiliada a salud,Feb - Abr,77.00419304640373
2007,Centros poblados y rural disperso,Afiliada a salud,Mar - May,78.2846278402873
2007,Centros poblados y rural disperso,Afiliada a salud,Abr - Jun,78.0694289353612
2007,Centros poblados y rural disperso,Afiliada a salud,May - Jul,80.5560669055965
2007,Centros poblados y rural disperso,Afiliada a salud,Jun - Ago,79.2371192732957
2007,Centros poblados y rural disperso,Afiliada a salud,Jul - Sep,80.58980683188504
2007,Centros poblados y rural disperso,Afiliada a salud,Ago - Oct,81.33389504864422
2007,Centros poblados y rural disperso,Afiliada a salud,Sep - Nov,80.75878365460629
2007,Centros poblados y rural disperso,Afiliada a salud,Oct - Dic,80.97082641048523
2007,Centros poblados y rural disperso,Afiliada a salud,Nov - Ene,81.61067790630356
2007,Centros poblados y rural disperso,Afiliada a salud,Dic - Feb,82.90468350926037
2008,Centros poblados y rural disperso,Afiliada a salud,Ene - Mar,82.77987298636793
2008,Centros poblados y rural disperso,Afiliada a salud,Feb - Abr,81.75548250843528
2008,Centros poblados y rural disperso,Afiliada a salud,Mar - May,82.29252459591453
2008,Centros poblados y rural disperso,Afiliada a salud,Abr - Jun,82.69093719739637
2008,Centros poblados y rural disperso,Afiliada a salud,May - Jul,83.03063548216659
2008,Centros poblados y rural disperso,Afiliada a salud,Jun - Ago,82.4480557142555
2008,Centros poblados y rural disperso,Afiliada a salud,Jul - Sep,83.80510510777853
2008,Centros poblados y rural disperso,Afiliada a salud,Ago - Oct,83.99046397429417
2008,Centros poblados y rural disperso,Afiliada a salud,Sep - Nov,83.47336328623672
2008,Centros poblados y rural disperso,Afiliada a salud,Oct - Dic,82.97288861257091
2008,Centros poblados y rural disperso,Afiliada a salud,Nov - Ene,83.2917691563814
2008,Centros poblados y rural disperso,Afiliada a salud,Dic - Feb,84.16489750642583
2009,Centros poblados y rural disperso,Afiliada a salud,Ene - Mar,84.11612711796305
2009,Centros poblados y rural disperso,Afiliada a salud,Feb - Abr,84.45706645809986
2009,Centros poblados y rural disperso,Afiliada a salud,Mar - May,85.53635383794622
2009,Centros poblados y rural disperso,Afiliada a salud,Abr - Jun,86.02232186340628
2009,Centros poblados y rural disperso,Afiliada a salud,May - Jul,86.42691254969374
2009,Centros poblados y rural disperso,Afiliada a salud,Jun - Ago,85.97949332241478
2009,Centros poblados y rural disperso,Afiliada a salud,Jul - Sep,86.9360305453516
2009,Centros poblados y rural disperso,Afiliada a salud,Ago - Oct,86.7412833392707
2009,Centros poblados y rural disperso,Afiliada a salud,Sep - Nov,88.15614607201272
2009,Centros poblados y rural disperso,Afiliada a salud,Oct - Dic,87.94170256683918
2009,Centros poblados y rural disperso,Afiliada a salud,Nov - Ene,88.35907487015652
2009,Centros poblados y rural disperso,Afiliada a salud,Dic - Feb,87.91735223399346
2010,Centros poblados y rural disperso,Afiliada a salud,Ene - Mar,87.55790566500818
2010,Centros poblados y rural disperso,Afiliada a salud,Feb - Abr,87.63357206161359
2010,Centros poblados y rural disperso,Afiliada a salud,Mar - May,87.1369642204318
2010,Centros poblados y rural disperso,Afiliada a salud,Abr - Jun,86.99823687544936
2010,Centros poblados y rural disperso,Afiliada a salud,May - Jul,86.1984064882895
2010,Centros poblados y rural disperso,Afiliada a salud,Jun - Ago,86.34360765378274
2010,Centros poblados y rural disperso,Afiliada a salud,Jul - Sep,87.33357911660448
2010,Centros poblados y rural disperso,Afiliada a salud,Ago - Oct,87.5883019376787
2010,Centros poblados y rural disperso,Afiliada a salud,Sep - Nov,87.69471165474053
2010,Centros poblados y rural disperso,Afiliada a salud,Oct - Dic,87.35068225134151
2010,Centros poblados y rural disperso,Afiliada a salud,Nov - Ene,87.89676879628608
2010,Centros poblados y rural disperso,Afiliada a salud,Dic - Feb,87.45017464107121
2011,Centros poblados y rural disperso,Afiliada a salud,Ene - Mar,86.5907303735344
2011,Centros poblados y rural disperso,Afiliada a salud,Feb - Abr,86.60180800144161
2011,Centros poblados y rural disperso,Afiliada a salud,Mar - May,86.97553432019522
2011,Centros poblados y rural disperso,Afiliada a salud,Abr - Jun,88.12217332155502
2011,Centros poblados y rural disperso,Afiliada a salud,May - Jul,88.43000913596988
2011,Centros poblados y rural disperso,Afiliada a salud,Jun - Ago,88.83894245537869
2011,Centros poblados y rural disperso,Afiliada a salud,Jul - Sep,88.68158510574736
2011,Centros poblados y rural disperso,Afiliada a salud,Ago - Oct,88.79301650208093
2011,Centros poblados y rural disperso,Afiliada a salud,Sep - Nov,89.28199063503267
2011,Centros poblados y rural disperso,Afiliada a salud,Oct - Dic,88.47002446933989
2011,Centros poblados y rural disperso,Afiliada a salud,Nov - Ene,88.43563302443783
2011,Centros poblados y rural disperso,Afiliada a salud,Dic - Feb,87.05318807473301
2012,Centros poblados y rural disperso,Afiliada a salud,Ene - Mar,87.76100046614941
2012,Centros poblados y rural disperso,Afiliada a salud,Feb - Abr,88.34473843004118
2012,Centros poblados y rural disperso,Afiliada a salud,Mar - May,88.9136670939557
2012,Centros poblados y rural disperso,Afiliada a salud,Abr - Jun,89.48121561638082
2012,Centros poblados y rural disperso,Afiliada a salud,May - Jul,88.35532852232588
2012,Centros poblados y rural disperso,Afiliada a salud,Jun - Ago,88.52851251540064
2012,Centros poblados y rural disperso,Afiliada a salud,Jul - Sep,88.38884010932941
2012,Centros poblados y rural disperso,Afiliada a salud,Ago - Oct,88.7868150827751
2012,Centros poblados y rural disperso,Afiliada a salud,Sep - Nov,89.92283009821426
2012,Centros poblados y rural disperso,Afiliada a salud,Oct - Dic,89.51148516810085
2012,Centros poblados y rural disperso,Afiliada a salud,Nov - Ene,89.94862234658694
2012,Centros poblados y rural disperso,Afiliada a salud,Dic - Feb,88.85567765654886
2013,Centros poblados y rural disperso,Afiliada a salud,Ene - Mar,89.01054183940902
2013,Centros poblados y rural disperso,Afiliada a salud,Feb - Abr,89.07775806824877
2013,Centros poblados y rural disperso,Afiliada a salud,Mar - May,89.24520408183548
2013,Centros poblados y rural disperso,Afiliada a salud,Abr - Jun,89.29575663405946
2013,Centros poblados y rural disperso,Afiliada a salud,May - Jul,89.39851583961149
2013,Centros poblados y rural disperso,Afiliada a salud,Jun - Ago,89.48007547345972
2013,Centros poblados y rural disperso,Afiliada a salud,Jul - Sep,90.21618613640706
2013,Centros poblados y rural disperso,Afiliada a salud,Ago - Oct,90.30203294728393
2013,Centros poblados y rural disperso,Afiliada a salud,Sep - Nov,91.45361918838213
2013,Centros poblados y rural disperso,Afiliada a salud,Oct - Dic,91.57810837655823
2013,Centros poblados y rural disperso,Afiliada a salud,Nov - Ene,92.38045351877724
2013,Centros poblados y rural disperso,Afiliada a salud,Dic - Feb,91.26289507888004
2014,Centros poblados y rural disperso,Afiliada a salud,Ene - Mar,91.09106767748968
2014,Centros poblados y rural disperso,Afiliada a salud,Feb - Abr,91.067820461157
2014,Centros poblados y rural disperso,Afiliada a salud,Mar - May,91.53912791321403
2014,Centros poblados y rural disperso,Afiliada a salud,Abr - Jun,91.2462429319853
2014,Centros poblados y rural disperso,Afiliada a salud,May - Jul,91.03335314589201
2014,Centros poblados y rural disperso,Afiliada a salud,Jun - Ago,91.04559976062033
2014,Centros poblados y rural disperso,Afiliada a salud,Jul - Sep,91.59996398442306
2014,Centros poblados y rural disperso,Afiliada a salud,Ago - Oct,91.91747663548075
2014,Centros poblados y rural disperso,Afiliada a salud,Sep - Nov,92.55320342711228
2014,Centros poblados y rural disperso,Afiliada a salud,Oct - Dic,92.31794537161426
2014,Centros poblados y rural disperso,Afiliada a salud,Nov - Ene,92.43698399753504
2014,Centros poblados y rural disperso,Afiliada a salud,Dic - Feb,91.40119914623142
2015,Centros poblados y rural disperso,Afiliada a salud,Ene - Mar,91.96720221234152
2015,Centros poblados y rural disperso,Afiliada a salud,Feb - Abr,92.26690674628925
2015,Centros poblados y rural disperso,Afiliada a salud,Mar - May,93.14986343798712
2015,Centros poblados y rural disperso,Afiliada a salud,Abr - Jun,92.61537057576483
2015,Centros poblados y rural disperso,Afiliada a salud,May - Jul,91.90700514044632
2015,Centros poblados y rural disperso,Afiliada a salud,Jun - Ago,91.40574031354868
2015,Centros poblados y rural disperso,Afiliada a salud,Jul - Sep,91.81773047368043
2015,Centros poblados y rural disperso,Afiliada a salud,Ago - Oct,91.88901881954106
2015,Centros poblados y rural disperso,Afiliada a salud,Sep - Nov,92.71511700300587
2015,Centros poblados y rural disperso,Afiliada a salud,Oct - Dic,92.97349303081373
2015,Centros poblados y rural disperso,Afiliada a salud,Nov - Ene,93.4860613082131
2015,Centros poblados y rural disperso,Afiliada a salud,Dic - Feb,92.8793498026396
2016,Centros poblados y rural disperso,Afiliada a salud,Ene - Mar,92.37745351594776
2016,Centros poblados y rural disperso,Afiliada a salud,Feb - Abr,91.5275425215829
2016,Centros poblados y rural disperso,Afiliada a salud,Mar - May,91.74605672089888
2016,Centros poblados y rural disperso,Afiliada a salud,Abr - Jun,91.18220967261773
2016,Centros poblados y rural disperso,Afiliada a salud,May - Jul,92.00124708831532
2016,Centros poblados y rural disperso,Afiliada a salud,Jun - Ago,91.09689299800131
2016,Centros poblados y rural disperso,Afiliada a salud,Jul - Sep,91.73750293393697
2016,Centros poblados y rural disperso,Afiliada a salud,Ago - Oct,91.23844558027598
2016,Centros poblados y rural disperso,Afiliada a salud,Sep - Nov,92.37852998146147
2016,Centros poblados y rural disperso,Afiliada a salud,Oct - Dic,92.271883754003
2016,Centros poblados y rural disperso,Afiliada a salud,Nov - Ene,92.7238284568949
2016,Centros poblados y rural disperso,Afiliada a salud,Dic - Feb,91.61214821004621
2017,Centros poblados y rural disperso,Afiliada a salud,Ene - Mar,91.19859080725092
2017,Centros poblados y rural disperso,Afiliada a salud,Feb - Abr,91.05538681453929
2017,Centros poblados y rural disperso,Afiliada a salud,Mar - May,91.47129552018312
2017,Centros poblados y rural disperso,Afiliada a salud,Abr - Jun,91.35080554827861
2017,Centros poblados y rural disperso,Afiliada a salud,May - Jul,91.14135513547895
2017,Centros poblados y rural disperso,Afiliada a salud,Jun - Ago,91.44577462452492
2017,Centros poblados y rural disperso,Afiliada a salud,Jul - Sep,92.75681910659885
2017,Centros poblados y rural disperso,Afiliada a salud,Ago - Oct,93.0315483363838
2017,Centros poblados y rural disperso,Afiliada a salud,Sep - Nov,93.34792323105886
2017,Centros poblados y rural disperso,Afiliada a salud,Oct - Dic,93.1837389176408
2017,Centros poblados y rural disperso,Afiliada a salud,Nov - Ene,93.36584918841143
2017,Centros poblados y rural disperso,Afiliada a salud,Dic - Feb,92.70327123536504
2018,Centros poblados y rural disperso,Afiliada a salud,Ene - Mar,92.01432963789179
2018,Centros poblados y rural disperso,Afiliada a salud,Feb - Abr,92.17146091260454
2018,Centros poblados y rural disperso,Afiliada a salud,Mar - May,92.05996742943333
2018,Centros poblados y rural disperso,Afiliada a salud,Abr - Jun,91.30135135226668
2018,Centros poblados y rural disperso,Afiliada a salud,May - Jul,90.57665255371742
2018,Centros poblados y rural disperso,Afiliada a salud,Jun - Ago,90.35310244780209
2018,Centros poblados y rural disperso,Afiliada a salud,Jul - Sep,91.78396124843823
2018,Centros poblados y rural disperso,Afiliada a salud,Ago - Oct,91.61546458365927
2018,Centros poblados y rural disperso,Afiliada a salud,Sep - Nov,92.51708025115275
2018,Centros poblados y rural disperso,Afiliada a salud,Oct - Dic,92.13141764320257
2018,Centros poblados y rural disperso,Afiliada a salud,Nov - Ene,92.32710726779413
2018,Centros poblados y rural disperso,Afiliada a salud,Dic - Feb,91.69142459340655
2019,Centros poblados y rural disperso,Afiliada a salud,Ene - Mar,91.02701293521872
2019,Centros poblados y rural disperso,Afiliada a salud,Feb - Abr,91.48895358134115
2019,Centros poblados y rural disperso,Afiliada a salud,Mar - May,91.30888977982453
2019,Centros poblados y rural disperso,Afiliada a salud,Abr - Jun,90.6327958620618
2019,Centros poblados y rural disperso,Afiliada a salud,May - Jul,89.33167011304512
2019,Centros poblados y rural disperso,Afiliada a salud,Jun - Ago,89.49851906386492
2019,Centros poblados y rural disperso,Afiliada a salud,Jul - Sep,90.62301216472166
2019,Centros poblados y rural disperso,Afiliada a salud,Ago - Oct,90.85790734995066
2019,Centros poblados y rural disperso,Afiliada a salud,Sep - Nov,91.16161935115366
2019,Centros poblados y rural disperso,Afiliada a salud,Oct - Dic,91.09567586865533
2019,Centros poblados y rural disperso,Afiliada a salud,Nov - Ene,91.71140830451212
2019,Centros poblados y rural disperso,Afiliada a salud,Dic - Feb,91.0411005019766
2020,Centros poblados y rural disperso,Afiliada a salud,Ene - Mar,0.0
2020,Centros poblados y rural disperso,Afiliada a salud,Feb - Abr,0.0
2020,Centros poblados y rural disperso,Afiliada a salud,Mar - May,0.0
2020,Centros poblados y rural disperso,Afiliada a salud,Abr - Jun,0.0
2020,Centros poblados y rural disperso,Afiliada a salud,May - Jul,90.44708077362138
2020,Centros poblados y rural disperso,Afiliada a salud,Jun - Ago,90.21581714742486
2020,Centros poblados y rural disperso,Afiliada a salud,Jul - Sep,90.69235921640355
2020,Centros poblados y rural disperso,Afiliada a salud,Ago - Oct,90.89157265462167
2020,Centros poblados y rural disperso,Afiliada a salud,Sep - Nov,92.30093986561323
2020,Centros poblados y rural disperso,Afiliada a salud,Oct - Dic,92.37285256232333
2020,Centros poblados y rural disperso,Afiliada a salud,Nov - Ene,93.90979642506264
2020,Centros poblados y rural disperso,Afiliada a salud,Dic - Feb,93.38189016698286
2021,Centros poblados y rural disperso,Afiliada a salud,Ene - Mar,93.02549518949547
2021,Centros poblados y rural disperso,Afiliada a salud,Feb - Abr,92.45860872397115
2021,Centros poblados y rural disperso,Afiliada a salud,Mar - May,92.63158063189431
2021,Centros poblados y rural disperso,Afiliada a salud,Abr - Jun,93.09106176489725
2021,Centros poblados y rural disperso,Afiliada a salud,May - Jul,93.29928630541595
2021,Centros poblados y rural disperso,Afiliada a salud,Jun - Ago,93.25175161810095
2021,Centros poblados y rural disperso,Afiliada a salud,Jul - Sep,93.16228707365879
2021,Centros poblados y rural disperso,Afiliada a salud,Ago - Oct,92.52679390128768
2021,Centros poblados y rural disperso,Afiliada a salud,Sep - Nov,93.17542480583458
2021,Centros poblados y rural disperso,Afiliada a salud,Oct - Dic,93.29542361125132
2021,Centros poblados y rural disperso,Afiliada a salud,Nov - Ene,93.99953955237062
2021,Centros poblados y rural disperso,Afiliada a salud,Dic - Feb,93.7832280521991
2022,Centros poblados y rural disperso,Afiliada a salud,Ene - Mar,93.71710804237566
2022,Centros poblados y rural disperso,Afiliada a salud,Feb - Abr,93.77398726825798
2022,Centros poblados y rural disperso,Afiliada a salud,Mar - May,93.78523545481856
2022,Centros poblados y rural disperso,Afiliada a salud,Abr - Jun,93.98421432386061
2022,Centros poblados y rural disperso,Afiliada a salud,May - Jul,94.16856008145581
2022,Centros poblados y rural disperso,Afiliada a salud,Jun - Ago,94.53604247574876
2022,Centros poblados y rural disperso,Afiliada a salud,Jul - Sep,94.52519871584965
2022,Centros poblados y rural disperso,Afiliada a salud,Ago - Oct,94.4020395027198
2022,Centros poblados y rural disperso,Afiliada a salud,Sep - Nov,94.21522724758144
2022,Centros poblados y rural disperso,Afiliada a salud,Oct - Dic,94.27896916552609
2022,Centros poblados y rural disperso,Afiliada a salud,Nov - Ene,94.44045003257851
2022,Centros poblados y rural disperso,Afiliada a salud,Dic - Feb,94.30893515502537
2023,Centros poblados y rural disperso,Afiliada a salud,Ene - Mar,94.46796189798246
2023,Centros poblados y rural disperso,Afiliada a salud,Feb - Abr,94.77147219369625
2023,Centros poblados y rural disperso,Afiliada a salud,Mar - May,95.04562623927974
2023,Centros poblados y rural disperso,Afiliada a salud,Abr - Jun,94.52286369485164
2023,Centros poblados y rural disperso,Afiliada a salud,May - Jul,94.1174498523959
2023,Centros poblados y rural disperso,Afiliada a salud,Jun - Ago,93.84055969249187
2023,Centros poblados y rural disperso,Afiliada a salud,Jul - Sep,94.30483408987355
2023,Centros poblados y rural disperso,Afiliada a salud,Ago - Oct,93.99595271365293
2023,Centros poblados y rural disperso,Afiliada a salud,Sep - Nov,94.05954441688836
2023,Centros poblados y rural disperso,Afiliada a salud,Oct - Dic,93.72158749909131
2023,Centros poblados y rural disperso,Afiliada a salud,Nov - Ene,94.19492647145512
2023,Centros poblados y rural disperso,Afiliada a salud,Dic - Feb,94.29633735926198
2024,Centros poblados y rural disperso,Afiliada a salud,Ene - Mar,94.8818808440581
2024,Centros poblados y rural disperso,Afiliada a salud,Feb - Abr,95.23057907746211
2024,Centros poblados y rural disperso,Afiliada a salud,Mar - May,95.24470556283114
2024,Centros poblados y rural disperso,Afiliada a salud,Abr - Jun,95.19263983036758
2024,Centros poblados y rural disperso,Afiliada a salud,May - Jul,94.58401037313831
2024,Centros poblados y rural disperso,Afiliada a salud,Jun - Ago,94.421573511839
2024,Centros poblados y rural disperso,Afiliada a salud,Jul - Sep,93.81615865782202
2024,Centros poblados y rural disperso,Afiliada a salud,Ago - Oct,94.19802366375313
2024,Centros poblados y rural disperso,Afiliada a salud,Sep - Nov,94.32026513145962
2024,Centros poblados y rural disperso,Afiliada a salud,Oct - Dic,95.18410093768675
2024,Centros poblados y rural disperso,Afiliada a salud,Nov - Ene,95.45473575216302
2024,Centros poblados y rural disperso,Afiliada a salud,Dic - Feb,95.86052316715158
2025,Centros poblados y rural disperso,Afiliada a salud,Ene - Mar,95.80523793448688
2025,Centros poblados y rural disperso,Afiliada a salud,Feb - Abr,95.75606040297248
2025,Centros poblados y rural disperso,Afiliada a salud,Mar - May,95.52101822964306
2025,Centros poblados y rural disperso,Afiliada a salud,Abr - Jun,95.56265010837092
2025,Centros poblados y rural disperso,Afiliada a salud,May - Jul,95.55176110032875
2025,Centros poblados y rural disperso,Afiliada a salud,Jun - Ago,95.66174911999892
2025,Centros poblados y rural disperso,Afiliada a salud,Jul - Sep,95.7945088425947
2025,Centros poblados y rural disperso,Afiliada a salud,Ago - Oct,95.47933712675302
2025,Centros poblados y rural disperso,Afiliada a salud,Sep - Nov,95.60690728664564
2025,Centros poblados y rural disperso,Afiliada a salud,Oct - Dic,95.42391400824535
2025,Centros poblados y rural disperso,Afiliada a salud,Nov - Ene,96.05347101462755
2025,Centros poblados y rural disperso,Afiliada a salud,Dic - Feb,95.7490669765112
2026,Centros poblados y rural disperso,Afiliada a salud,Ene - Mar,95.86743144773071
2026,Centros poblados y rural disperso,Afiliada a salud,Feb - Abr,95.39092151268258
2007,Centros poblados y rural disperso,Régimen contributivo,Ene - Mar,13.237662629952093
2007,Centros poblados y rural disperso,Régimen contributivo,Feb - Abr,13.793532267661668
2007,Centros poblados y rural disperso,Régimen contributivo,Mar - May,16.712256365073547
2007,Centros poblados y rural disperso,Régimen contributivo,Abr - Jun,18.472802532782115
2007,Centros poblados y rural disperso,Régimen contributivo,May - Jul,19.299923392998934
2007,Centros poblados y rural disperso,Régimen contributivo,Jun - Ago,19.25374208086506
2007,Centros poblados y rural disperso,Régimen contributivo,Jul - Sep,19.65311913068107
2007,Centros poblados y rural disperso,Régimen contributivo,Ago - Oct,18.72004552838539
2007,Centros poblados y rural disperso,Régimen contributivo,Sep - Nov,20.42205070906292
2007,Centros poblados y rural disperso,Régimen contributivo,Oct - Dic,19.446312012007343
2007,Centros poblados y rural disperso,Régimen contributivo,Nov - Ene,19.577018096899213
2007,Centros poblados y rural disperso,Régimen contributivo,Dic - Feb,15.415433962493392
2008,Centros poblados y rural disperso,Régimen contributivo,Ene - Mar,14.610969703040183
2008,Centros poblados y rural disperso,Régimen contributivo,Feb - Abr,14.595535064744888
2008,Centros poblados y rural disperso,Régimen contributivo,Mar - May,15.700870593061843
2008,Centros poblados y rural disperso,Régimen contributivo,Abr - Jun,16.44364353236963
2008,Centros poblados y rural disperso,Régimen contributivo,May - Jul,18.136586962540022
2008,Centros poblados y rural disperso,Régimen contributivo,Jun - Ago,19.24681757149134
2008,Centros poblados y rural disperso,Régimen contributivo,Jul - Sep,20.658596258868062
2008,Centros poblados y rural disperso,Régimen contributivo,Ago - Oct,16.557676111996475
2008,Centros poblados y rural disperso,Régimen contributivo,Sep - Nov,17.821096083386976
2008,Centros poblados y rural disperso,Régimen contributivo,Oct - Dic,16.875450233419713
2008,Centros poblados y rural disperso,Régimen contributivo,Nov - Ene,16.992841340798382
2008,Centros poblados y rural disperso,Régimen contributivo,Dic - Feb,15.041620671863823
2009,Centros poblados y rural disperso,Régimen contributivo,Ene - Mar,15.718440498221794
2009,Centros poblados y rural disperso,Régimen contributivo,Feb - Abr,17.773890418346213
2009,Centros poblados y rural disperso,Régimen contributivo,Mar - May,19.955323765264687
2009,Centros poblados y rural disperso,Régimen contributivo,Abr - Jun,18.249660155083895
2009,Centros poblados y rural disperso,Régimen contributivo,May - Jul,18.967191770516543
2009,Centros poblados y rural disperso,Régimen contributivo,Jun - Ago,16.5326387198994
2009,Centros poblados y rural disperso,Régimen contributivo,Jul - Sep,16.864863329514577
2009,Centros poblados y rural disperso,Régimen contributivo,Ago - Oct,15.824126092250204
2009,Centros poblados y rural disperso,Régimen contributivo,Sep - Nov,14.922515879634634
2009,Centros poblados y rural disperso,Régimen contributivo,Oct - Dic,15.618638207874339
2009,Centros poblados y rural disperso,Régimen contributivo,Nov - Ene,14.70574971990721
2009,Centros poblados y rural disperso,Régimen contributivo,Dic - Feb,16.057800974946772
2010,Centros poblados y rural disperso,Régimen contributivo,Ene - Mar,16.707920820944068
2010,Centros poblados y rural disperso,Régimen contributivo,Feb - Abr,17.68520648335751
2010,Centros poblados y rural disperso,Régimen contributivo,Mar - May,20.146188458233887
2010,Centros poblados y rural disperso,Régimen contributivo,Abr - Jun,18.572064922851688
2010,Centros poblados y rural disperso,Régimen contributivo,May - Jul,20.013584902621137
2010,Centros poblados y rural disperso,Régimen contributivo,Jun - Ago,17.50740297994359
2010,Centros poblados y rural disperso,Régimen contributivo,Jul - Sep,17.800576560181604
2010,Centros poblados y rural disperso,Régimen contributivo,Ago - Oct,16.971992296186357
2010,Centros poblados y rural disperso,Régimen contributivo,Sep - Nov,16.086057734877016
2010,Centros poblados y rural disperso,Régimen contributivo,Oct - Dic,16.6103546342886
2010,Centros poblados y rural disperso,Régimen contributivo,Nov - Ene,15.591136204935616
2010,Centros poblados y rural disperso,Régimen contributivo,Dic - Feb,17.465124204679775
2011,Centros poblados y rural disperso,Régimen contributivo,Ene - Mar,18.466266732324062
2011,Centros poblados y rural disperso,Régimen contributivo,Feb - Abr,19.998620717745162
2011,Centros poblados y rural disperso,Régimen contributivo,Mar - May,20.97312540483415
2011,Centros poblados y rural disperso,Régimen contributivo,Abr - Jun,19.98019751510654
2011,Centros poblados y rural disperso,Régimen contributivo,May - Jul,19.61289256809383
2011,Centros poblados y rural disperso,Régimen contributivo,Jun - Ago,19.658472514153903
2011,Centros poblados y rural disperso,Régimen contributivo,Jul - Sep,20.14634435546436
2011,Centros poblados y rural disperso,Régimen contributivo,Ago - Oct,19.1573422839497
2011,Centros poblados y rural disperso,Régimen contributivo,Sep - Nov,17.1961585059101
2011,Centros poblados y rural disperso,Régimen contributivo,Oct - Dic,17.51396020948332
2011,Centros poblados y rural disperso,Régimen contributivo,Nov - Ene,17.34586515818419
2011,Centros poblados y rural disperso,Régimen contributivo,Dic - Feb,18.100159415646676
2012,Centros poblados y rural disperso,Régimen contributivo,Ene - Mar,18.90503086261994
2012,Centros poblados y rural disperso,Régimen contributivo,Feb - Abr,20.67110862119235
2012,Centros poblados y rural disperso,Régimen contributivo,Mar - May,22.491386723945713
2012,Centros poblados y rural disperso,Régimen contributivo,Abr - Jun,19.60490403140258
2012,Centros poblados y rural disperso,Régimen contributivo,May - Jul,18.59398923362494
2012,Centros poblados y rural disperso,Régimen contributivo,Jun - Ago,16.559506648685588
2012,Centros poblados y rural disperso,Régimen contributivo,Jul - Sep,17.337143028212488
2012,Centros poblados y rural disperso,Régimen contributivo,Ago - Oct,17.934508550549786
2012,Centros poblados y rural disperso,Régimen contributivo,Sep - Nov,17.32416927190114
2012,Centros poblados y rural disperso,Régimen contributivo,Oct - Dic,17.67388344887738
2012,Centros poblados y rural disperso,Régimen contributivo,Nov - Ene,15.7612941733932
2012,Centros poblados y rural disperso,Régimen contributivo,Dic - Feb,17.152207517151364
2013,Centros poblados y rural disperso,Régimen contributivo,Ene - Mar,18.175591871048464
2013,Centros poblados y rural disperso,Régimen contributivo,Feb - Abr,20.76132131515974
2013,Centros poblados y rural disperso,Régimen contributivo,Mar - May,22.090431161669077
2013,Centros poblados y rural disperso,Régimen contributivo,Abr - Jun,21.540335997586034
2013,Centros poblados y rural disperso,Régimen contributivo,May - Jul,21.61986755208324
2013,Centros poblados y rural disperso,Régimen contributivo,Jun - Ago,20.251827271885166
2013,Centros poblados y rural disperso,Régimen contributivo,Jul - Sep,19.892218131410207
2013,Centros poblados y rural disperso,Régimen contributivo,Ago - Oct,19.11226388888492
2013,Centros poblados y rural disperso,Régimen contributivo,Sep - Nov,18.358477205585018
2013,Centros poblados y rural disperso,Régimen contributivo,Oct - Dic,18.931392630057253
2013,Centros poblados y rural disperso,Régimen contributivo,Nov - Ene,18.04010061230753
2013,Centros poblados y rural disperso,Régimen contributivo,Dic - Feb,19.533462937793757
2014,Centros poblados y rural disperso,Régimen contributivo,Ene - Mar,20.796801671883408
2014,Centros poblados y rural disperso,Régimen contributivo,Feb - Abr,22.440186194569836
2014,Centros poblados y rural disperso,Régimen contributivo,Mar - May,22.954658993879132
2014,Centros poblados y rural disperso,Régimen contributivo,Abr - Jun,21.030235643132418
2014,Centros poblados y rural disperso,Régimen contributivo,May - Jul,20.581934658147485
2014,Centros poblados y rural disperso,Régimen contributivo,Jun - Ago,19.23165457566282
2014,Centros poblados y rural disperso,Régimen contributivo,Jul - Sep,19.9580644178857
2014,Centros poblados y rural disperso,Régimen contributivo,Ago - Oct,19.829838015730978
2014,Centros poblados y rural disperso,Régimen contributivo,Sep - Nov,19.538448302863237
2014,Centros poblados y rural disperso,Régimen contributivo,Oct - Dic,19.887764226361
2014,Centros poblados y rural disperso,Régimen contributivo,Nov - Ene,18.765675407562437
2014,Centros poblados y rural disperso,Régimen contributivo,Dic - Feb,18.897127901945915
2015,Centros poblados y rural disperso,Régimen contributivo,Ene - Mar,18.603985605748345
2015,Centros poblados y rural disperso,Régimen contributivo,Feb - Abr,20.410230513964976
2015,Centros poblados y rural disperso,Régimen contributivo,Mar - May,21.527928109985698
2015,Centros poblados y rural disperso,Régimen contributivo,Abr - Jun,20.630568464205993
2015,Centros poblados y rural disperso,Régimen contributivo,May - Jul,19.68074257484137
2015,Centros poblados y rural disperso,Régimen contributivo,Jun - Ago,18.228181758222693
2015,Centros poblados y rural disperso,Régimen contributivo,Jul - Sep,18.23413755561777
2015,Centros poblados y rural disperso,Régimen contributivo,Ago - Oct,18.585403757730486
2015,Centros poblados y rural disperso,Régimen contributivo,Sep - Nov,17.10676543352303
2015,Centros poblados y rural disperso,Régimen contributivo,Oct - Dic,18.58324550993155
2015,Centros poblados y rural disperso,Régimen contributivo,Nov - Ene,17.200303081599408
2015,Centros poblados y rural disperso,Régimen contributivo,Dic - Feb,19.1478961633689
2016,Centros poblados y rural disperso,Régimen contributivo,Ene - Mar,19.687979105001848
2016,Centros poblados y rural disperso,Régimen contributivo,Feb - Abr,21.743872388804984
2016,Centros poblados y rural disperso,Régimen contributivo,Mar - May,22.694468270645594
2016,Centros poblados y rural disperso,Régimen contributivo,Abr - Jun,20.90912878704416
2016,Centros poblados y rural disperso,Régimen contributivo,May - Jul,21.277690375606443
2016,Centros poblados y rural disperso,Régimen contributivo,Jun - Ago,20.166021928744478
2016,Centros poblados y rural disperso,Régimen contributivo,Jul - Sep,20.871873591728164
2016,Centros poblados y rural disperso,Régimen contributivo,Ago - Oct,20.065407172793893
2016,Centros poblados y rural disperso,Régimen contributivo,Sep - Nov,19.49775880194742
2016,Centros poblados y rural disperso,Régimen contributivo,Oct - Dic,19.693533231084047
2016,Centros poblados y rural disperso,Régimen contributivo,Nov - Ene,17.968604423874204
2016,Centros poblados y rural disperso,Régimen contributivo,Dic - Feb,19.50515827510767
2017,Centros poblados y rural disperso,Régimen contributivo,Ene - Mar,20.516600984277147
2017,Centros poblados y rural disperso,Régimen contributivo,Feb - Abr,22.01275735097671
2017,Centros poblados y rural disperso,Régimen contributivo,Mar - May,21.377061267024054
2017,Centros poblados y rural disperso,Régimen contributivo,Abr - Jun,19.5623927042308
2017,Centros poblados y rural disperso,Régimen contributivo,May - Jul,20.4219227191316
2017,Centros poblados y rural disperso,Régimen contributivo,Jun - Ago,20.966503716586065
2017,Centros poblados y rural disperso,Régimen contributivo,Jul - Sep,21.390405496211795
2017,Centros poblados y rural disperso,Régimen contributivo,Ago - Oct,20.55740052910594
2017,Centros poblados y rural disperso,Régimen contributivo,Sep - Nov,18.62238606467751
2017,Centros poblados y rural disperso,Régimen contributivo,Oct - Dic,18.76804370075699
2017,Centros poblados y rural disperso,Régimen contributivo,Nov - Ene,17.157221088729145
2017,Centros poblados y rural disperso,Régimen contributivo,Dic - Feb,19.6632875887909
2018,Centros poblados y rural disperso,Régimen contributivo,Ene - Mar,20.034923292696206
2018,Centros poblados y rural disperso,Régimen contributivo,Feb - Abr,22.654088209959742
2018,Centros poblados y rural disperso,Régimen contributivo,Mar - May,21.85393821265388
2018,Centros poblados y rural disperso,Régimen contributivo,Abr - Jun,20.62114384373055
2018,Centros poblados y rural disperso,Régimen contributivo,May - Jul,20.28637078280554
2018,Centros poblados y rural disperso,Régimen contributivo,Jun - Ago,19.576763720045275
2018,Centros poblados y rural disperso,Régimen contributivo,Jul - Sep,20.241268357363722
2018,Centros poblados y rural disperso,Régimen contributivo,Ago - Oct,19.044619293758323
2018,Centros poblados y rural disperso,Régimen contributivo,Sep - Nov,17.75198215111429
2018,Centros poblados y rural disperso,Régimen contributivo,Oct - Dic,18.837532967220387
2018,Centros poblados y rural disperso,Régimen contributivo,Nov - Ene,17.44799336476935
2018,Centros poblados y rural disperso,Régimen contributivo,Dic - Feb,19.39612474354512
2019,Centros poblados y rural disperso,Régimen contributivo,Ene - Mar,19.56422877978371
2019,Centros poblados y rural disperso,Régimen contributivo,Feb - Abr,21.88541535790568
2019,Centros poblados y rural disperso,Régimen contributivo,Mar - May,22.387012013860065
2019,Centros poblados y rural disperso,Régimen contributivo,Abr - Jun,21.288178900650788
2019,Centros poblados y rural disperso,Régimen contributivo,May - Jul,20.92803771493817
2019,Centros poblados y rural disperso,Régimen contributivo,Jun - Ago,19.741869495601623
2019,Centros poblados y rural disperso,Régimen contributivo,Jul - Sep,19.728289125397367
2019,Centros poblados y rural disperso,Régimen contributivo,Ago - Oct,19.18867904356447
2019,Centros poblados y rural disperso,Régimen contributivo,Sep - Nov,18.417151189308363
2019,Centros poblados y rural disperso,Régimen contributivo,Oct - Dic,18.51644432229449
2019,Centros poblados y rural disperso,Régimen contributivo,Nov - Ene,17.37818186798169
2019,Centros poblados y rural disperso,Régimen contributivo,Dic - Feb,19.134411630010966
2020,Centros poblados y rural disperso,Régimen contributivo,Ene - Mar,0.0
2020,Centros poblados y rural disperso,Régimen contributivo,Feb - Abr,0.0
2020,Centros poblados y rural disperso,Régimen contributivo,Mar - May,0.0
2020,Centros poblados y rural disperso,Régimen contributivo,Abr - Jun,0.0
2020,Centros poblados y rural disperso,Régimen contributivo,May - Jul,18.84249605732875
2020,Centros poblados y rural disperso,Régimen contributivo,Jun - Ago,18.661220344647035
2020,Centros poblados y rural disperso,Régimen contributivo,Jul - Sep,19.085575806358158
2020,Centros poblados y rural disperso,Régimen contributivo,Ago - Oct,19.511071496828553
2020,Centros poblados y rural disperso,Régimen contributivo,Sep - Nov,18.33775292361306
2020,Centros poblados y rural disperso,Régimen contributivo,Oct - Dic,18.7501014019036
2020,Centros poblados y rural disperso,Régimen contributivo,Nov - Ene,17.968766897938355
2020,Centros poblados y rural disperso,Régimen contributivo,Dic - Feb,17.931247316200167
2021,Centros poblados y rural disperso,Régimen contributivo,Ene - Mar,17.334635494172808
2021,Centros poblados y rural disperso,Régimen contributivo,Feb - Abr,17.622127277141463
2021,Centros poblados y rural disperso,Régimen contributivo,Mar - May,17.5662217300412
2021,Centros poblados y rural disperso,Régimen contributivo,Abr - Jun,17.192597184123485
2021,Centros poblados y rural disperso,Régimen contributivo,May - Jul,16.441193375564296
2021,Centros poblados y rural disperso,Régimen contributivo,Jun - Ago,15.928280389688476
2021,Centros poblados y rural disperso,Régimen contributivo,Jul - Sep,16.610651527496415
2021,Centros poblados y rural disperso,Régimen contributivo,Ago - Oct,17.842720448918886
2021,Centros poblados y rural disperso,Régimen contributivo,Sep - Nov,19.068466810478217
2021,Centros poblados y rural disperso,Régimen contributivo,Oct - Dic,19.052769397989184
2021,Centros poblados y rural disperso,Régimen contributivo,Nov - Ene,19.428791010864558
2021,Centros poblados y rural disperso,Régimen contributivo,Dic - Feb,18.353559301710842
2022,Centros poblados y rural disperso,Régimen contributivo,Ene - Mar,18.436819657876296
2022,Centros poblados y rural disperso,Régimen contributivo,Feb - Abr,16.98176677681634
2022,Centros poblados y rural disperso,Régimen contributivo,Mar - May,17.87425082818086
2022,Centros poblados y rural disperso,Régimen contributivo,Abr - Jun,18.186649925574105
2022,Centros poblados y rural disperso,Régimen contributivo,May - Jul,18.99168890748312
2022,Centros poblados y rural disperso,Régimen contributivo,Jun - Ago,18.624471449265894
2022,Centros poblados y rural disperso,Régimen contributivo,Jul - Sep,18.33182334792978
2022,Centros poblados y rural disperso,Régimen contributivo,Ago - Oct,18.755054141787042
2022,Centros poblados y rural disperso,Régimen contributivo,Sep - Nov,18.89771655619476
2022,Centros poblados y rural disperso,Régimen contributivo,Oct - Dic,18.677800846105136
2022,Centros poblados y rural disperso,Régimen contributivo,Nov - Ene,18.13861225180445
2022,Centros poblados y rural disperso,Régimen contributivo,Dic - Feb,17.79628882312232
2023,Centros poblados y rural disperso,Régimen contributivo,Ene - Mar,17.748616653266627
2023,Centros poblados y rural disperso,Régimen contributivo,Feb - Abr,17.697808330157596
2023,Centros poblados y rural disperso,Régimen contributivo,Mar - May,17.998011966234547
2023,Centros poblados y rural disperso,Régimen contributivo,Abr - Jun,18.824450285557813
2023,Centros poblados y rural disperso,Régimen contributivo,May - Jul,19.371069260967445
2023,Centros poblados y rural disperso,Régimen contributivo,Jun - Ago,19.830809648136523
2023,Centros poblados y rural disperso,Régimen contributivo,Jul - Sep,19.41996174014396
2023,Centros poblados y rural disperso,Régimen contributivo,Ago - Oct,19.866746626510796
2023,Centros poblados y rural disperso,Régimen contributivo,Sep - Nov,20.2970978936417
2023,Centros poblados y rural disperso,Régimen contributivo,Oct - Dic,20.343202723880786
2023,Centros poblados y rural disperso,Régimen contributivo,Nov - Ene,19.622245158026622
2023,Centros poblados y rural disperso,Régimen contributivo,Dic - Feb,18.533719452488594
2024,Centros poblados y rural disperso,Régimen contributivo,Ene - Mar,18.289529756619626
2024,Centros poblados y rural disperso,Régimen contributivo,Feb - Abr,17.30101063647321
2024,Centros poblados y rural disperso,Régimen contributivo,Mar - May,17.764793663887588
2024,Centros poblados y rural disperso,Régimen contributivo,Abr - Jun,17.875786865813637
2024,Centros poblados y rural disperso,Régimen contributivo,May - Jul,18.93297127532262
2024,Centros poblados y rural disperso,Régimen contributivo,Jun - Ago,18.594588475131037
2024,Centros poblados y rural disperso,Régimen contributivo,Jul - Sep,18.58255107743439
2024,Centros poblados y rural disperso,Régimen contributivo,Ago - Oct,19.02328408744344
2024,Centros poblados y rural disperso,Régimen contributivo,Sep - Nov,19.25834905131208
2024,Centros poblados y rural disperso,Régimen contributivo,Oct - Dic,19.579412399658338
2024,Centros poblados y rural disperso,Régimen contributivo,Nov - Ene,19.56172649906383
2024,Centros poblados y rural disperso,Régimen contributivo,Dic - Feb,18.6939827298559
2025,Centros poblados y rural disperso,Régimen contributivo,Ene - Mar,18.294417109866043
2025,Centros poblados y rural disperso,Régimen contributivo,Feb - Abr,17.58531385147874
2025,Centros poblados y rural disperso,Régimen contributivo,Mar - May,18.989994379976235
2025,Centros poblados y rural disperso,Régimen contributivo,Abr - Jun,19.365660897609903
2025,Centros poblados y rural disperso,Régimen contributivo,May - Jul,19.52923862241058
2025,Centros poblados y rural disperso,Régimen contributivo,Jun - Ago,19.330815309097765
2025,Centros poblados y rural disperso,Régimen contributivo,Jul - Sep,18.85835149654388
2025,Centros poblados y rural disperso,Régimen contributivo,Ago - Oct,19.571852398714405
2025,Centros poblados y rural disperso,Régimen contributivo,Sep - Nov,19.197062092937465
2025,Centros poblados y rural disperso,Régimen contributivo,Oct - Dic,19.600566014444183
2025,Centros poblados y rural disperso,Régimen contributivo,Nov - Ene,19.02981375372516
2025,Centros poblados y rural disperso,Régimen contributivo,Dic - Feb,18.91416183903138
2026,Centros poblados y rural disperso,Régimen contributivo,Ene - Mar,19.09766642632664
2026,Centros poblados y rural disperso,Régimen contributivo,Feb - Abr,19.388144280331584
2007,Centros poblados y rural disperso,Régimen especial,Ene - Mar,0.7265889986332968
2007,Centros poblados y rural disperso,Régimen especial,Feb - Abr,0.616529804434085
2007,Centros poblados y rural disperso,Régimen especial,Mar - May,0.2895179649609027
2007,Centros poblados y rural disperso,Régimen especial,Abr - Jun,0.2536847686810424
2007,Centros poblados y rural disperso,Régimen especial,May - Jul,0.44565648331962254
2007,Centros poblados y rural disperso,Régimen especial,Jun - Ago,0.5417429866937802
2007,Centros poblados y rural disperso,Régimen especial,Jul - Sep,0.7454886622537096
2007,Centros poblados y rural disperso,Régimen especial,Ago - Oct,0.7549142404054097
2007,Centros poblados y rural disperso,Régimen especial,Sep - Nov,1.0796034513440012
2007,Centros poblados y rural disperso,Régimen especial,Oct - Dic,0.9923969534953101
2007,Centros poblados y rural disperso,Régimen especial,Nov - Ene,0.9111191188118277
2007,Centros poblados y rural disperso,Régimen especial,Dic - Feb,0.7098987483044441
2008,Centros poblados y rural disperso,Régimen especial,Ene - Mar,0.7246646579603621
2008,Centros poblados y rural disperso,Régimen especial,Feb - Abr,0.6828743276802609
2008,Centros poblados y rural disperso,Régimen especial,Mar - May,0.5595084226124191
2008,Centros poblados y rural disperso,Régimen especial,Abr - Jun,0.6430677441346458
2008,Centros poblados y rural disperso,Régimen especial,May - Jul,0.6600878983619617
2008,Centros poblados y rural disperso,Régimen especial,Jun - Ago,0.6387268803895603
2008,Centros poblados y rural disperso,Régimen especial,Jul - Sep,0.6650201951173678
2008,Centros poblados y rural disperso,Régimen especial,Ago - Oct,0.7851068699982292
2008,Centros poblados y rural disperso,Régimen especial,Sep - Nov,1.0147364793473859
2008,Centros poblados y rural disperso,Régimen especial,Oct - Dic,0.8451163016179061
2008,Centros poblados y rural disperso,Régimen especial,Nov - Ene,0.7134808197891349
2008,Centros poblados y rural disperso,Régimen especial,Dic - Feb,0.4871917507354123
2009,Centros poblados y rural disperso,Régimen especial,Ene - Mar,0.39122703815386684
2009,Centros poblados y rural disperso,Régimen especial,Feb - Abr,0.6303350071597431
2009,Centros poblados y rural disperso,Régimen especial,Mar - May,0.7514186700354837
2009,Centros poblados y rural disperso,Régimen especial,Abr - Jun,0.964487054793688
2009,Centros poblados y rural disperso,Régimen especial,May - Jul,0.8583001515246649
2009,Centros poblados y rural disperso,Régimen especial,Jun - Ago,0.8665352439975795
2009,Centros poblados y rural disperso,Régimen especial,Jul - Sep,0.8227686306441077
2009,Centros poblados y rural disperso,Régimen especial,Ago - Oct,0.6865790688723723
2009,Centros poblados y rural disperso,Régimen especial,Sep - Nov,0.6985022825483639
2009,Centros poblados y rural disperso,Régimen especial,Oct - Dic,0.7162591177209497
2009,Centros poblados y rural disperso,Régimen especial,Nov - Ene,0.7254101504771022
2009,Centros poblados y rural disperso,Régimen especial,Dic - Feb,0.6463596316255619
2010,Centros poblados y rural disperso,Régimen especial,Ene - Mar,0.6865223031704942
2010,Centros poblados y rural disperso,Régimen especial,Feb - Abr,0.8135570238285992
2010,Centros poblados y rural disperso,Régimen especial,Mar - May,0.8140867761517037
2010,Centros poblados y rural disperso,Régimen especial,Abr - Jun,0.922190697419769
2010,Centros poblados y rural disperso,Régimen especial,May - Jul,0.8700858306879092
2010,Centros poblados y rural disperso,Régimen especial,Jun - Ago,0.9639031479267748
2010,Centros poblados y rural disperso,Régimen especial,Jul - Sep,0.9919385240360814
2010,Centros poblados y rural disperso,Régimen especial,Ago - Oct,0.9265342136969459
2010,Centros poblados y rural disperso,Régimen especial,Sep - Nov,0.940103125023274
2010,Centros poblados y rural disperso,Régimen especial,Oct - Dic,0.800378152603416
2010,Centros poblados y rural disperso,Régimen especial,Nov - Ene,0.7503599941954425
2010,Centros poblados y rural disperso,Régimen especial,Dic - Feb,0.767499079148191
2011,Centros poblados y rural disperso,Régimen especial,Ene - Mar,0.6386427832854715
2011,Centros poblados y rural disperso,Régimen especial,Feb - Abr,0.7384559937990927
2011,Centros poblados y rural disperso,Régimen especial,Mar - May,0.7971047357681014
2011,Centros poblados y rural disperso,Régimen especial,Abr - Jun,0.8122489392826313
2011,Centros poblados y rural disperso,Régimen especial,May - Jul,0.8288729130364403
2011,Centros poblados y rural disperso,Régimen especial,Jun - Ago,0.8495522197254177
2011,Centros poblados y rural disperso,Régimen especial,Jul - Sep,0.9775591326501305
2011,Centros poblados y rural disperso,Régimen especial,Ago - Oct,0.9452580619324906
2011,Centros poblados y rural disperso,Régimen especial,Sep - Nov,0.8736717861600806
2011,Centros poblados y rural disperso,Régimen especial,Oct - Dic,0.6678657645599072
2011,Centros poblados y rural disperso,Régimen especial,Nov - Ene,0.7051900028709521
2011,Centros poblados y rural disperso,Régimen especial,Dic - Feb,0.8047527538948751
2012,Centros poblados y rural disperso,Régimen especial,Ene - Mar,1.1492227160957607
2012,Centros poblados y rural disperso,Régimen especial,Feb - Abr,1.279193347472929
2012,Centros poblados y rural disperso,Régimen especial,Mar - May,1.071138406733816
2012,Centros poblados y rural disperso,Régimen especial,Abr - Jun,0.8399855356725001
2012,Centros poblados y rural disperso,Régimen especial,May - Jul,0.8553065153998599
2012,Centros poblados y rural disperso,Régimen especial,Jun - Ago,0.9941812246680084
2012,Centros poblados y rural disperso,Régimen especial,Jul - Sep,1.1105341809317733
2012,Centros poblados y rural disperso,Régimen especial,Ago - Oct,0.9013257896205057
2012,Centros poblados y rural disperso,Régimen especial,Sep - Nov,0.8773041228875181
2012,Centros poblados y rural disperso,Régimen especial,Oct - Dic,0.8720275507359752
2012,Centros poblados y rural disperso,Régimen especial,Nov - Ene,0.9473672253441257
2012,Centros poblados y rural disperso,Régimen especial,Dic - Feb,0.9085653713840112
2013,Centros poblados y rural disperso,Régimen especial,Ene - Mar,0.8578769279141416
2013,Centros poblados y rural disperso,Régimen especial,Feb - Abr,0.750012525558103
2013,Centros poblados y rural disperso,Régimen especial,Mar - May,0.6600955506456186
2013,Centros poblados y rural disperso,Régimen especial,Abr - Jun,0.7772009352078663
2013,Centros poblados y rural disperso,Régimen especial,May - Jul,1.088632191807041
2013,Centros poblados y rural disperso,Régimen especial,Jun - Ago,1.3829925758202775
2013,Centros poblados y rural disperso,Régimen especial,Jul - Sep,1.3579204352817127
2013,Centros poblados y rural disperso,Régimen especial,Ago - Oct,1.1366578859392356
2013,Centros poblados y rural disperso,Régimen especial,Sep - Nov,1.2052389100496024
2013,Centros poblados y rural disperso,Régimen especial,Oct - Dic,1.167563798345763
2013,Centros poblados y rural disperso,Régimen especial,Nov - Ene,1.1138496216395002
2013,Centros poblados y rural disperso,Régimen especial,Dic - Feb,0.8828016520819154
2014,Centros poblados y rural disperso,Régimen especial,Ene - Mar,0.8683691806193911
2014,Centros poblados y rural disperso,Régimen especial,Feb - Abr,1.1713864571970303
2014,Centros poblados y rural disperso,Régimen especial,Mar - May,1.0454348405005551
2014,Centros poblados y rural disperso,Régimen especial,Abr - Jun,0.9599071171404407
2014,Centros poblados y rural disperso,Régimen especial,May - Jul,0.99127080546093
2014,Centros poblados y rural disperso,Régimen especial,Jun - Ago,1.1218100573905871
2014,Centros poblados y rural disperso,Régimen especial,Jul - Sep,1.1133414778878443
2014,Centros poblados y rural disperso,Régimen especial,Ago - Oct,0.9704957860023292
2014,Centros poblados y rural disperso,Régimen especial,Sep - Nov,0.8381038173729344
2014,Centros poblados y rural disperso,Régimen especial,Oct - Dic,1.2634138155165378
2014,Centros poblados y rural disperso,Régimen especial,Nov - Ene,1.0875072526221587
2014,Centros poblados y rural disperso,Régimen especial,Dic - Feb,1.2486759259823488
2015,Centros poblados y rural disperso,Régimen especial,Ene - Mar,0.9986158249069663
2015,Centros poblados y rural disperso,Régimen especial,Feb - Abr,1.09147380355141
2015,Centros poblados y rural disperso,Régimen especial,Mar - May,0.9085812086041547
2015,Centros poblados y rural disperso,Régimen especial,Abr - Jun,0.9826961685877548
2015,Centros poblados y rural disperso,Régimen especial,May - Jul,1.108400470829281
2015,Centros poblados y rural disperso,Régimen especial,Jun - Ago,1.2348907512178025
2015,Centros poblados y rural disperso,Régimen especial,Jul - Sep,1.0126165515940724
2015,Centros poblados y rural disperso,Régimen especial,Ago - Oct,0.9702433302147144
2015,Centros poblados y rural disperso,Régimen especial,Sep - Nov,1.0082480733835046
2015,Centros poblados y rural disperso,Régimen especial,Oct - Dic,1.130991527758716
2015,Centros poblados y rural disperso,Régimen especial,Nov - Ene,0.9786452759284865
2015,Centros poblados y rural disperso,Régimen especial,Dic - Feb,0.9891152920405251
2016,Centros poblados y rural disperso,Régimen especial,Ene - Mar,0.9785254743998878
2016,Centros poblados y rural disperso,Régimen especial,Feb - Abr,1.0366131904533795
2016,Centros poblados y rural disperso,Régimen especial,Mar - May,0.9634549819302278
2016,Centros poblados y rural disperso,Régimen especial,Abr - Jun,1.0526264488543327
2016,Centros poblados y rural disperso,Régimen especial,May - Jul,1.1219937140576592
2016,Centros poblados y rural disperso,Régimen especial,Jun - Ago,1.379787439640836
2016,Centros poblados y rural disperso,Régimen especial,Jul - Sep,1.2731099961473484
2016,Centros poblados y rural disperso,Régimen especial,Ago - Oct,1.2451317357531455
2016,Centros poblados y rural disperso,Régimen especial,Sep - Nov,0.9751134463230801
2016,Centros poblados y rural disperso,Régimen especial,Oct - Dic,1.0059424377761832
2016,Centros poblados y rural disperso,Régimen especial,Nov - Ene,1.1709759453324016
2016,Centros poblados y rural disperso,Régimen especial,Dic - Feb,1.4141627109430033
2017,Centros poblados y rural disperso,Régimen especial,Ene - Mar,1.5616535421128048
2017,Centros poblados y rural disperso,Régimen especial,Feb - Abr,1.5417376264842613
2017,Centros poblados y rural disperso,Régimen especial,Mar - May,1.3772191593401197
2017,Centros poblados y rural disperso,Régimen especial,Abr - Jun,1.4131590309820463
2017,Centros poblados y rural disperso,Régimen especial,May - Jul,1.314697028905753
2017,Centros poblados y rural disperso,Régimen especial,Jun - Ago,1.5061812788789246
2017,Centros poblados y rural disperso,Régimen especial,Jul - Sep,1.3025704659190884
2017,Centros poblados y rural disperso,Régimen especial,Ago - Oct,1.3239571748146328
2017,Centros poblados y rural disperso,Régimen especial,Sep - Nov,1.0857101344531168
2017,Centros poblados y rural disperso,Régimen especial,Oct - Dic,1.0626472462536691
2017,Centros poblados y rural disperso,Régimen especial,Nov - Ene,0.9744428234962047
2017,Centros poblados y rural disperso,Régimen especial,Dic - Feb,0.920127086095172
2018,Centros poblados y rural disperso,Régimen especial,Ene - Mar,0.8970611138456184
2018,Centros poblados y rural disperso,Régimen especial,Feb - Abr,1.130665005668074
2018,Centros poblados y rural disperso,Régimen especial,Mar - May,1.248515358397147
2018,Centros poblados y rural disperso,Régimen especial,Abr - Jun,1.3114436527896407
2018,Centros poblados y rural disperso,Régimen especial,May - Jul,1.2823375248605047
2018,Centros poblados y rural disperso,Régimen especial,Jun - Ago,1.4884834654595451
2018,Centros poblados y rural disperso,Régimen especial,Jul - Sep,1.5731929342640287
2018,Centros poblados y rural disperso,Régimen especial,Ago - Oct,1.3903534733314877
2018,Centros poblados y rural disperso,Régimen especial,Sep - Nov,1.242203842118583
2018,Centros poblados y rural disperso,Régimen especial,Oct - Dic,0.940452880821875
2018,Centros poblados y rural disperso,Régimen especial,Nov - Ene,1.0360429145993217
2018,Centros poblados y rural disperso,Régimen especial,Dic - Feb,1.1064191360327706
2019,Centros poblados y rural disperso,Régimen especial,Ene - Mar,1.455927458267758
2019,Centros poblados y rural disperso,Régimen especial,Feb - Abr,1.5087063540108052
2019,Centros poblados y rural disperso,Régimen especial,Mar - May,1.4223813253425972
2019,Centros poblados y rural disperso,Régimen especial,Abr - Jun,1.3996656463788901
2019,Centros poblados y rural disperso,Régimen especial,May - Jul,1.4422443842876964
2019,Centros poblados y rural disperso,Régimen especial,Jun - Ago,1.5725597271379996
2019,Centros poblados y rural disperso,Régimen especial,Jul - Sep,1.4207053032078567
2019,Centros poblados y rural disperso,Régimen especial,Ago - Oct,1.430938136893126
2019,Centros poblados y rural disperso,Régimen especial,Sep - Nov,1.153163887239898
2019,Centros poblados y rural disperso,Régimen especial,Oct - Dic,1.125838927333131
2019,Centros poblados y rural disperso,Régimen especial,Nov - Ene,0.7704629867917778
2019,Centros poblados y rural disperso,Régimen especial,Dic - Feb,0.8514570718156281
2020,Centros poblados y rural disperso,Régimen especial,Ene - Mar,0.0
2020,Centros poblados y rural disperso,Régimen especial,Feb - Abr,0.0
2020,Centros poblados y rural disperso,Régimen especial,Mar - May,0.0
2020,Centros poblados y rural disperso,Régimen especial,Abr - Jun,0.0
2020,Centros poblados y rural disperso,Régimen especial,May - Jul,1.1152480748546654
2020,Centros poblados y rural disperso,Régimen especial,Jun - Ago,1.1569022608722748
2020,Centros poblados y rural disperso,Régimen especial,Jul - Sep,1.1972085131468564
2020,Centros poblados y rural disperso,Régimen especial,Ago - Oct,1.3121655261238139
2020,Centros poblados y rural disperso,Régimen especial,Sep - Nov,1.486621341538053
2020,Centros poblados y rural disperso,Régimen especial,Oct - Dic,1.2914109913915877
2020,Centros poblados y rural disperso,Régimen especial,Nov - Ene,1.1244221381080401
2020,Centros poblados y rural disperso,Régimen especial,Dic - Feb,0.8101466703255995
2021,Centros poblados y rural disperso,Régimen especial,Ene - Mar,0.6919171434411838
2021,Centros poblados y rural disperso,Régimen especial,Feb - Abr,0.704138724100119
2021,Centros poblados y rural disperso,Régimen especial,Mar - May,0.728311578022644
2021,Centros poblados y rural disperso,Régimen especial,Abr - Jun,0.7710851461146007
2021,Centros poblados y rural disperso,Régimen especial,May - Jul,0.7890131057730645
2021,Centros poblados y rural disperso,Régimen especial,Jun - Ago,0.8336497175551766
2021,Centros poblados y rural disperso,Régimen especial,Jul - Sep,0.918038000720232
2021,Centros poblados y rural disperso,Régimen especial,Ago - Oct,0.9428716591022214
2021,Centros poblados y rural disperso,Régimen especial,Sep - Nov,0.8313943327722619
2021,Centros poblados y rural disperso,Régimen especial,Oct - Dic,0.6270854020427503
2021,Centros poblados y rural disperso,Régimen especial,Nov - Ene,0.6853580222504675
2021,Centros poblados y rural disperso,Régimen especial,Dic - Feb,0.7374729984321376
2022,Centros poblados y rural disperso,Régimen especial,Ene - Mar,0.9950818460360382
2022,Centros poblados y rural disperso,Régimen especial,Feb - Abr,1.1026084764228665
2022,Centros poblados y rural disperso,Régimen especial,Mar - May,1.1979875641845537
2022,Centros poblados y rural disperso,Régimen especial,Abr - Jun,1.2378063676752986
2022,Centros poblados y rural disperso,Régimen especial,May - Jul,1.066050010354251
2022,Centros poblados y rural disperso,Régimen especial,Jun - Ago,1.1576236076928146
2022,Centros poblados y rural disperso,Régimen especial,Jul - Sep,1.057157266211982
2022,Centros poblados y rural disperso,Régimen especial,Ago - Oct,1.26400296934726
2022,Centros poblados y rural disperso,Régimen especial,Sep - Nov,1.1182221182378629
2022,Centros poblados y rural disperso,Régimen especial,Oct - Dic,1.1674843360918257
2022,Centros poblados y rural disperso,Régimen especial,Nov - Ene,1.0740444127586517
2022,Centros poblados y rural disperso,Régimen especial,Dic - Feb,1.2455241591224877
2023,Centros poblados y rural disperso,Régimen especial,Ene - Mar,1.263953961768749
2023,Centros poblados y rural disperso,Régimen especial,Feb - Abr,1.3799456632096505
2023,Centros poblados y rural disperso,Régimen especial,Mar - May,1.2971384414852516
2023,Centros poblados y rural disperso,Régimen especial,Abr - Jun,1.3818302487976961
2023,Centros poblados y rural disperso,Régimen especial,May - Jul,1.2091938714464705
2023,Centros poblados y rural disperso,Régimen especial,Jun - Ago,1.3589309351357064
2023,Centros poblados y rural disperso,Régimen especial,Jul - Sep,1.1695143399424477
2023,Centros poblados y rural disperso,Régimen especial,Ago - Oct,1.1164285012577335
2023,Centros poblados y rural disperso,Régimen especial,Sep - Nov,0.8458314316672941
2023,Centros poblados y rural disperso,Régimen especial,Oct - Dic,0.8971756980874339
2023,Centros poblados y rural disperso,Régimen especial,Nov - Ene,1.0065388477866413
2023,Centros poblados y rural disperso,Régimen especial,Dic - Feb,1.1450195590415007
2024,Centros poblados y rural disperso,Régimen especial,Ene - Mar,1.229556922353256
2024,Centros poblados y rural disperso,Régimen especial,Feb - Abr,1.137325581420124
2024,Centros poblados y rural disperso,Régimen especial,Mar - May,1.0137028019117988
2024,Centros poblados y rural disperso,Régimen especial,Abr - Jun,0.9929604325863839
2024,Centros poblados y rural disperso,Régimen especial,May - Jul,1.0094836643639968
2024,Centros poblados y rural disperso,Régimen especial,Jun - Ago,1.2255406925709633
2024,Centros poblados y rural disperso,Régimen especial,Jul - Sep,1.0127484374415288
2024,Centros poblados y rural disperso,Régimen especial,Ago - Oct,1.073271328186754
2024,Centros poblados y rural disperso,Régimen especial,Sep - Nov,0.9406463260819194
2024,Centros poblados y rural disperso,Régimen especial,Oct - Dic,1.1356741259572676
2024,Centros poblados y rural disperso,Régimen especial,Nov - Ene,1.113352226683728
2024,Centros poblados y rural disperso,Régimen especial,Dic - Feb,1.172704308278749
2025,Centros poblados y rural disperso,Régimen especial,Ene - Mar,1.2869372315918206
2025,Centros poblados y rural disperso,Régimen especial,Feb - Abr,1.2225388551581187
2025,Centros poblados y rural disperso,Régimen especial,Mar - May,1.1259206703155618
2025,Centros poblados y rural disperso,Régimen especial,Abr - Jun,0.8191142048825082
2025,Centros poblados y rural disperso,Régimen especial,May - Jul,0.8557122298358879
2025,Centros poblados y rural disperso,Régimen especial,Jun - Ago,0.8889721554142807
2025,Centros poblados y rural disperso,Régimen especial,Jul - Sep,1.0228100533344369
2025,Centros poblados y rural disperso,Régimen especial,Ago - Oct,1.0197537759063613
2025,Centros poblados y rural disperso,Régimen especial,Sep - Nov,1.087662555554516
2025,Centros poblados y rural disperso,Régimen especial,Oct - Dic,1.1851207983782686
2025,Centros poblados y rural disperso,Régimen especial,Nov - Ene,1.1411118113371617
2025,Centros poblados y rural disperso,Régimen especial,Dic - Feb,1.083764775437977
2026,Centros poblados y rural disperso,Régimen especial,Ene - Mar,0.9041701534255159
2026,Centros poblados y rural disperso,Régimen especial,Feb - Abr,0.9748190597165557
2007,Centros poblados y rural disperso,Aportantes,Ene - Mar,10.674530108279173
2007,Centros poblados y rural disperso,Aportantes,Feb - Abr,10.683429901975213
2007,Centros poblados y rural disperso,Aportantes,Mar - May,12.821791184601421
2007,Centros poblados y rural disperso,Aportantes,Abr - Jun,13.962050991224222
2007,Centros poblados y rural disperso,Aportantes,May - Jul,15.30623281580332
2007,Centros poblados y rural disperso,Aportantes,Jun - Ago,15.067863617492206
2007,Centros poblados y rural disperso,Aportantes,Jul - Sep,15.825894650565486
2007,Centros poblados y rural disperso,Aportantes,Ago - Oct,14.450794813344872
2007,Centros poblados y rural disperso,Aportantes,Sep - Nov,16.069022249300925
2007,Centros poblados y rural disperso,Aportantes,Oct - Dic,15.010342561631656
2007,Centros poblados y rural disperso,Aportantes,Nov - Ene,15.217064887986359
2007,Centros poblados y rural disperso,Aportantes,Dic - Feb,11.836797922721708
2008,Centros poblados y rural disperso,Aportantes,Ene - Mar,11.42847562577191
2008,Centros poblados y rural disperso,Aportantes,Feb - Abr,11.078102948298806
2008,Centros poblados y rural disperso,Aportantes,Mar - May,11.727890898914833
2008,Centros poblados y rural disperso,Aportantes,Abr - Jun,12.279487435571207
2008,Centros poblados y rural disperso,Aportantes,May - Jul,14.099853006789603
2008,Centros poblados y rural disperso,Aportantes,Jun - Ago,14.857134801293306
2008,Centros poblados y rural disperso,Aportantes,Jul - Sep,16.19943430930213
2008,Centros poblados y rural disperso,Aportantes,Ago - Oct,13.006465321776082
2008,Centros poblados y rural disperso,Aportantes,Sep - Nov,14.806509446329287
2008,Centros poblados y rural disperso,Aportantes,Oct - Dic,13.572125373901049
2008,Centros poblados y rural disperso,Aportantes,Nov - Ene,13.596587567151985
2008,Centros poblados y rural disperso,Aportantes,Dic - Feb,11.355915015730726
2009,Centros poblados y rural disperso,Aportantes,Ene - Mar,11.793355873258943
2009,Centros poblados y rural disperso,Aportantes,Feb - Abr,13.57286372040102
2009,Centros poblados y rural disperso,Aportantes,Mar - May,15.281735790512965
2009,Centros poblados y rural disperso,Aportantes,Abr - Jun,14.179730166846449
2009,Centros poblados y rural disperso,Aportantes,May - Jul,14.634233990887981
2009,Centros poblados y rural disperso,Aportantes,Jun - Ago,12.797195559779508
2009,Centros poblados y rural disperso,Aportantes,Jul - Sep,13.049935962664652
2009,Centros poblados y rural disperso,Aportantes,Ago - Oct,11.875058242520641
2009,Centros poblados y rural disperso,Aportantes,Sep - Nov,11.27665705253417
2009,Centros poblados y rural disperso,Aportantes,Oct - Dic,11.633222758342619
2009,Centros poblados y rural disperso,Aportantes,Nov - Ene,10.963639925090513
2009,Centros poblados y rural disperso,Aportantes,Dic - Feb,12.071105350250104
2010,Centros poblados y rural disperso,Aportantes,Ene - Mar,12.763109418082808
2010,Centros poblados y rural disperso,Aportantes,Feb - Abr,13.687460467658891
2010,Centros poblados y rural disperso,Aportantes,Mar - May,15.46332260434698
2010,Centros poblados y rural disperso,Aportantes,Abr - Jun,14.253695969324198
2010,Centros poblados y rural disperso,Aportantes,May - Jul,15.569621115811334
2010,Centros poblados y rural disperso,Aportantes,Jun - Ago,13.624413035495236
2010,Centros poblados y rural disperso,Aportantes,Jul - Sep,13.833653020773301
2010,Centros poblados y rural disperso,Aportantes,Ago - Oct,12.814491870328743
2010,Centros poblados y rural disperso,Aportantes,Sep - Nov,12.21171135013948
2010,Centros poblados y rural disperso,Aportantes,Oct - Dic,12.437906770580131
2010,Centros poblados y rural disperso,Aportantes,Nov - Ene,11.778941858921966
2010,Centros poblados y rural disperso,Aportantes,Dic - Feb,13.101045530606237
2011,Centros poblados y rural disperso,Aportantes,Ene - Mar,14.0017185150377
2011,Centros poblados y rural disperso,Aportantes,Feb - Abr,15.431082789025973
2011,Centros poblados y rural disperso,Aportantes,Mar - May,16.27019300544
2011,Centros poblados y rural disperso,Aportantes,Abr - Jun,15.460347348382818
2011,Centros poblados y rural disperso,Aportantes,May - Jul,14.92586856097995
2011,Centros poblados y rural disperso,Aportantes,Jun - Ago,14.787415298440543
2011,Centros poblados y rural disperso,Aportantes,Jul - Sep,15.630049921823414
2011,Centros poblados y rural disperso,Aportantes,Ago - Oct,14.720439086467582
2011,Centros poblados y rural disperso,Aportantes,Sep - Nov,12.95937010742541
2011,Centros poblados y rural disperso,Aportantes,Oct - Dic,12.55687780451514
2011,Centros poblados y rural disperso,Aportantes,Nov - Ene,12.464161655204723
2011,Centros poblados y rural disperso,Aportantes,Dic - Feb,13.589878684514234
2012,Centros poblados y rural disperso,Aportantes,Ene - Mar,14.171292006766276
2012,Centros poblados y rural disperso,Aportantes,Feb - Abr,15.753372548587711
2012,Centros poblados y rural disperso,Aportantes,Mar - May,16.825044393784115
2012,Centros poblados y rural disperso,Aportantes,Abr - Jun,14.936942998766991
2012,Centros poblados y rural disperso,Aportantes,May - Jul,13.97130971726088
2012,Centros poblados y rural disperso,Aportantes,Jun - Ago,12.2965447633419
2012,Centros poblados y rural disperso,Aportantes,Jul - Sep,13.16413257419251
2012,Centros poblados y rural disperso,Aportantes,Ago - Oct,13.811066187082261
2012,Centros poblados y rural disperso,Aportantes,Sep - Nov,13.084033546597357
2012,Centros poblados y rural disperso,Aportantes,Oct - Dic,12.941321608085385
2012,Centros poblados y rural disperso,Aportantes,Nov - Ene,11.324983462730216
2012,Centros poblados y rural disperso,Aportantes,Dic - Feb,12.995731279773235
2013,Centros poblados y rural disperso,Aportantes,Ene - Mar,14.217808426568915
2013,Centros poblados y rural disperso,Aportantes,Feb - Abr,16.438311328114747
2013,Centros poblados y rural disperso,Aportantes,Mar - May,17.30871742652695
2013,Centros poblados y rural disperso,Aportantes,Abr - Jun,16.657742573747424
2013,Centros poblados y rural disperso,Aportantes,May - Jul,16.708532555100046
2013,Centros poblados y rural disperso,Aportantes,Jun - Ago,15.895668937339497
2013,Centros poblados y rural disperso,Aportantes,Jul - Sep,15.75075157468846
2013,Centros poblados y rural disperso,Aportantes,Ago - Oct,14.970129158628925
2013,Centros poblados y rural disperso,Aportantes,Sep - Nov,14.33880568814111
2013,Centros poblados y rural disperso,Aportantes,Oct - Dic,14.655371043519327
2013,Centros poblados y rural disperso,Aportantes,Nov - Ene,13.970193747030379
2013,Centros poblados y rural disperso,Aportantes,Dic - Feb,15.360805739391846
2014,Centros poblados y rural disperso,Aportantes,Ene - Mar,16.222294450360284
2014,Centros poblados y rural disperso,Aportantes,Feb - Abr,17.785456124665618
2014,Centros poblados y rural disperso,Aportantes,Mar - May,17.907239015458117
2014,Centros poblados y rural disperso,Aportantes,Abr - Jun,16.572065092590144
2014,Centros poblados y rural disperso,Aportantes,May - Jul,16.358053375717216
2014,Centros poblados y rural disperso,Aportantes,Jun - Ago,15.173984477696997
2014,Centros poblados y rural disperso,Aportantes,Jul - Sep,15.722495407534618
2014,Centros poblados y rural disperso,Aportantes,Ago - Oct,15.51549333482386
2014,Centros poblados y rural disperso,Aportantes,Sep - Nov,15.002921467880407
2014,Centros poblados y rural disperso,Aportantes,Oct - Dic,15.563426394850822
2014,Centros poblados y rural disperso,Aportantes,Nov - Ene,14.48749239807538
2014,Centros poblados y rural disperso,Aportantes,Dic - Feb,15.158583455194464
2015,Centros poblados y rural disperso,Aportantes,Ene - Mar,14.535029715184411
2015,Centros poblados y rural disperso,Aportantes,Feb - Abr,16.163752034126162
2015,Centros poblados y rural disperso,Aportantes,Mar - May,16.935390094321914
2015,Centros poblados y rural disperso,Aportantes,Abr - Jun,16.671809847389337
2015,Centros poblados y rural disperso,Aportantes,May - Jul,15.858382330390471
2015,Centros poblados y rural disperso,Aportantes,Jun - Ago,14.975008963167252
2015,Centros poblados y rural disperso,Aportantes,Jul - Sep,14.623717047971313
2015,Centros poblados y rural disperso,Aportantes,Ago - Oct,15.110360998927257
2015,Centros poblados y rural disperso,Aportantes,Sep - Nov,13.910200217253069
2015,Centros poblados y rural disperso,Aportantes,Oct - Dic,15.169004242365403
2015,Centros poblados y rural disperso,Aportantes,Nov - Ene,13.65423429136728
2015,Centros poblados y rural disperso,Aportantes,Dic - Feb,15.344778685076246
2016,Centros poblados y rural disperso,Aportantes,Ene - Mar,16.085182241230374
2016,Centros poblados y rural disperso,Aportantes,Feb - Abr,17.95969373850132
2016,Centros poblados y rural disperso,Aportantes,Mar - May,18.716344226009323
2016,Centros poblados y rural disperso,Aportantes,Abr - Jun,17.246057387121002
2016,Centros poblados y rural disperso,Aportantes,May - Jul,17.610458147140996
2016,Centros poblados y rural disperso,Aportantes,Jun - Ago,16.590597131307835
2016,Centros poblados y rural disperso,Aportantes,Jul - Sep,16.905083249252232
2016,Centros poblados y rural disperso,Aportantes,Ago - Oct,16.281820038996482
2016,Centros poblados y rural disperso,Aportantes,Sep - Nov,15.701146886511843
2016,Centros poblados y rural disperso,Aportantes,Oct - Dic,16.209689886149096
2016,Centros poblados y rural disperso,Aportantes,Nov - Ene,14.934092524370838
2016,Centros poblados y rural disperso,Aportantes,Dic - Feb,16.54091154730647
2017,Centros poblados y rural disperso,Aportantes,Ene - Mar,17.51743032520295
2017,Centros poblados y rural disperso,Aportantes,Feb - Abr,18.81938070442643
2017,Centros poblados y rural disperso,Aportantes,Mar - May,18.21402509389444
2017,Centros poblados y rural disperso,Aportantes,Abr - Jun,16.82807367942194
2017,Centros poblados y rural disperso,Aportantes,May - Jul,17.07961330945633
2017,Centros poblados y rural disperso,Aportantes,Jun - Ago,17.40622363497934
2017,Centros poblados y rural disperso,Aportantes,Jul - Sep,17.271448808442365
2017,Centros poblados y rural disperso,Aportantes,Ago - Oct,17.00428429346892
2017,Centros poblados y rural disperso,Aportantes,Sep - Nov,15.356583375588489
2017,Centros poblados y rural disperso,Aportantes,Oct - Dic,15.50482935527061
2017,Centros poblados y rural disperso,Aportantes,Nov - Ene,14.08138746761319
2017,Centros poblados y rural disperso,Aportantes,Dic - Feb,16.126823977632256
2018,Centros poblados y rural disperso,Aportantes,Ene - Mar,16.756124566511208
2018,Centros poblados y rural disperso,Aportantes,Feb - Abr,19.29893427935125
2018,Centros poblados y rural disperso,Aportantes,Mar - May,18.846916263795336
2018,Centros poblados y rural disperso,Aportantes,Abr - Jun,17.69622581827221
2018,Centros poblados y rural disperso,Aportantes,May - Jul,17.224444471585027
2018,Centros poblados y rural disperso,Aportantes,Jun - Ago,16.839404557456504
2018,Centros poblados y rural disperso,Aportantes,Jul - Sep,17.185383059858594
2018,Centros poblados y rural disperso,Aportantes,Ago - Oct,16.10319519978438
2018,Centros poblados y rural disperso,Aportantes,Sep - Nov,14.953444055386337
2018,Centros poblados y rural disperso,Aportantes,Oct - Dic,15.587816618740957
2018,Centros poblados y rural disperso,Aportantes,Nov - Ene,14.325306085188789
2018,Centros poblados y rural disperso,Aportantes,Dic - Feb,15.97234699031568
2019,Centros poblados y rural disperso,Aportantes,Ene - Mar,16.773251568947863
2019,Centros poblados y rural disperso,Aportantes,Feb - Abr,19.13758837706023
2019,Centros poblados y rural disperso,Aportantes,Mar - May,19.437092322929583
2019,Centros poblados y rural disperso,Aportantes,Abr - Jun,18.587600746929773
2019,Centros poblados y rural disperso,Aportantes,May - Jul,18.0681662733529
2019,Centros poblados y rural disperso,Aportantes,Jun - Ago,16.9953548138961
2019,Centros poblados y rural disperso,Aportantes,Jul - Sep,16.70743276221872
2019,Centros poblados y rural disperso,Aportantes,Ago - Oct,16.293625244910203
2019,Centros poblados y rural disperso,Aportantes,Sep - Nov,15.572277024855557
2019,Centros poblados y rural disperso,Aportantes,Oct - Dic,15.415636314168141
2019,Centros poblados y rural disperso,Aportantes,Nov - Ene,14.233853780009806
2019,Centros poblados y rural disperso,Aportantes,Dic - Feb,16.16624248335968
2020,Centros poblados y rural disperso,Aportantes,Ene - Mar,0.0
2020,Centros poblados y rural disperso,Aportantes,Feb - Abr,0.0
2020,Centros poblados y rural disperso,Aportantes,Mar - May,0.0
2020,Centros poblados y rural disperso,Aportantes,Abr - Jun,0.0
2020,Centros poblados y rural disperso,Aportantes,May - Jul,16.858210654120505
2020,Centros poblados y rural disperso,Aportantes,Jun - Ago,16.497436891669654
2020,Centros poblados y rural disperso,Aportantes,Jul - Sep,16.784545295372844
2020,Centros poblados y rural disperso,Aportantes,Ago - Oct,17.284020859291058
2020,Centros poblados y rural disperso,Aportantes,Sep - Nov,16.2497891963617
2020,Centros poblados y rural disperso,Aportantes,Oct - Dic,16.0328650572205
2020,Centros poblados y rural disperso,Aportantes,Nov - Ene,15.477353906612947
2020,Centros poblados y rural disperso,Aportantes,Dic - Feb,15.312314527209056
2021,Centros poblados y rural disperso,Aportantes,Ene - Mar,15.31727827158682
2021,Centros poblados y rural disperso,Aportantes,Feb - Abr,15.60331620445236
2021,Centros poblados y rural disperso,Aportantes,Mar - May,15.914087688643889
2021,Centros poblados y rural disperso,Aportantes,Abr - Jun,15.577130698874797
2021,Centros poblados y rural disperso,Aportantes,May - Jul,14.840825182139694
2021,Centros poblados y rural disperso,Aportantes,Jun - Ago,14.381252372881665
2021,Centros poblados y rural disperso,Aportantes,Jul - Sep,15.043978765485862
2021,Centros poblados y rural disperso,Aportantes,Ago - Oct,16.118652759187302
2021,Centros poblados y rural disperso,Aportantes,Sep - Nov,16.978638247132732
2021,Centros poblados y rural disperso,Aportantes,Oct - Dic,16.775015831304344
2021,Centros poblados y rural disperso,Aportantes,Nov - Ene,16.968280413046624
2021,Centros poblados y rural disperso,Aportantes,Dic - Feb,15.963948251461128
2022,Centros poblados y rural disperso,Aportantes,Ene - Mar,16.31163630339155
2022,Centros poblados y rural disperso,Aportantes,Feb - Abr,15.259700524936745
2022,Centros poblados y rural disperso,Aportantes,Mar - May,16.31761877990852
2022,Centros poblados y rural disperso,Aportantes,Abr - Jun,16.461907859602075
2022,Centros poblados y rural disperso,Aportantes,May - Jul,17.090678390995727
2022,Centros poblados y rural disperso,Aportantes,Jun - Ago,16.664376076277666
2022,Centros poblados y rural disperso,Aportantes,Jul - Sep,16.567092807468896
2022,Centros poblados y rural disperso,Aportantes,Ago - Oct,17.019389452904175
2022,Centros poblados y rural disperso,Aportantes,Sep - Nov,17.069927051283244
2022,Centros poblados y rural disperso,Aportantes,Oct - Dic,16.869356753395582
2022,Centros poblados y rural disperso,Aportantes,Nov - Ene,16.397910123711746
2022,Centros poblados y rural disperso,Aportantes,Dic - Feb,16.3161634621789
2023,Centros poblados y rural disperso,Aportantes,Ene - Mar,16.290099047308324
2023,Centros poblados y rural disperso,Aportantes,Feb - Abr,16.4346710290651
2023,Centros poblados y rural disperso,Aportantes,Mar - May,16.753924637961763
2023,Centros poblados y rural disperso,Aportantes,Abr - Jun,17.34607161514476
2023,Centros poblados y rural disperso,Aportantes,May - Jul,17.31439852756127
2023,Centros poblados y rural disperso,Aportantes,Jun - Ago,17.5893377054184
2023,Centros poblados y rural disperso,Aportantes,Jul - Sep,17.130102269453936
2023,Centros poblados y rural disperso,Aportantes,Ago - Oct,17.760008613208498
2023,Centros poblados y rural disperso,Aportantes,Sep - Nov,17.993474138082433
2023,Centros poblados y rural disperso,Aportantes,Oct - Dic,18.047062682055557
2023,Centros poblados y rural disperso,Aportantes,Nov - Ene,17.52683435526275
2023,Centros poblados y rural disperso,Aportantes,Dic - Feb,16.85657970108054
2024,Centros poblados y rural disperso,Aportantes,Ene - Mar,16.92088600425287
2024,Centros poblados y rural disperso,Aportantes,Feb - Abr,16.13172513875398
2024,Centros poblados y rural disperso,Aportantes,Mar - May,16.29117699049444
2024,Centros poblados y rural disperso,Aportantes,Abr - Jun,16.216737096226623
2024,Centros poblados y rural disperso,Aportantes,May - Jul,16.96338884954794
2024,Centros poblados y rural disperso,Aportantes,Jun - Ago,16.95943125255711
2024,Centros poblados y rural disperso,Aportantes,Jul - Sep,16.6366676823965
2024,Centros poblados y rural disperso,Aportantes,Ago - Oct,17.132507474019874
2024,Centros poblados y rural disperso,Aportantes,Sep - Nov,17.267682332921993
2024,Centros poblados y rural disperso,Aportantes,Oct - Dic,17.754119783198398
2024,Centros poblados y rural disperso,Aportantes,Nov - Ene,17.58457758771128
2024,Centros poblados y rural disperso,Aportantes,Dic - Feb,16.904420267207577
2025,Centros poblados y rural disperso,Aportantes,Ene - Mar,16.709719142874455
2025,Centros poblados y rural disperso,Aportantes,Feb - Abr,16.104017716847775
2025,Centros poblados y rural disperso,Aportantes,Mar - May,17.171397540044726
2025,Centros poblados y rural disperso,Aportantes,Abr - Jun,17.486722808881876
2025,Centros poblados y rural disperso,Aportantes,May - Jul,17.690488803950306
2025,Centros poblados y rural disperso,Aportantes,Jun - Ago,17.55170267063008
2025,Centros poblados y rural disperso,Aportantes,Jul - Sep,17.078291010505307
2025,Centros poblados y rural disperso,Aportantes,Ago - Oct,17.63043330796156
2025,Centros poblados y rural disperso,Aportantes,Sep - Nov,17.39548307770901
2025,Centros poblados y rural disperso,Aportantes,Oct - Dic,17.89438137824721
2025,Centros poblados y rural disperso,Aportantes,Nov - Ene,17.48613215139355
2025,Centros poblados y rural disperso,Aportantes,Dic - Feb,17.359882248124713
2026,Centros poblados y rural disperso,Aportantes,Ene - Mar,17.27740054077522
2026,Centros poblados y rural disperso,Aportantes,Feb - Abr,17.495351751789602
2007,Centros poblados y rural disperso,Beneficiarios,Ene - Mar,3.2768582224617266
2007,Centros poblados y rural disperso,Beneficiarios,Feb - Abr,3.71421362005984
2007,Centros poblados y rural disperso,Beneficiarios,Mar - May,4.163140776759936
2007,Centros poblados y rural disperso,Beneficiarios,Abr - Jun,4.758053707577226
2007,Centros poblados y rural disperso,Beneficiarios,May - Jul,4.398626087996697
2007,Centros poblados y rural disperso,Beneficiarios,Jun - Ago,4.693883228542252
2007,Centros poblados y rural disperso,Beneficiarios,Jul - Sep,4.477546995427349
2007,Centros poblados y rural disperso,Beneficiarios,Ago - Oct,4.964783783744908
2007,Centros poblados y rural disperso,Beneficiarios,Sep - Nov,5.372672317471783
2007,Centros poblados y rural disperso,Beneficiarios,Oct - Dic,5.426450196956337
2007,Centros poblados y rural disperso,Beneficiarios,Nov - Ene,5.260271353701236
2007,Centros poblados y rural disperso,Beneficiarios,Dic - Feb,4.2738768542633405
2008,Centros poblados y rural disperso,Beneficiarios,Ene - Mar,3.875441867383256
2008,Centros poblados y rural disperso,Beneficiarios,Feb - Abr,4.1686006949739
2008,Centros poblados y rural disperso,Beneficiarios,Mar - May,4.502384772834086
2008,Centros poblados y rural disperso,Beneficiarios,Abr - Jun,4.75921543425115
2008,Centros poblados y rural disperso,Beneficiarios,May - Jul,4.646988693797325
2008,Centros poblados y rural disperso,Beneficiarios,Jun - Ago,4.981896156432825
2008,Centros poblados y rural disperso,Beneficiarios,Jul - Sep,5.11348146053585
2008,Centros poblados y rural disperso,Beneficiarios,Ago - Oct,4.323076059306477
2008,Centros poblados y rural disperso,Beneficiarios,Sep - Nov,4.016067172207246
2008,Centros poblados y rural disperso,Beneficiarios,Oct - Dic,4.1353859866522535
2008,Centros poblados y rural disperso,Beneficiarios,Nov - Ene,4.09668973038636
2008,Centros poblados y rural disperso,Beneficiarios,Dic - Feb,4.160158444107653
2009,Centros poblados y rural disperso,Beneficiarios,Ene - Mar,4.303664489359082
2009,Centros poblados y rural disperso,Beneficiarios,Feb - Abr,4.818902566614995
2009,Centros poblados y rural disperso,Beneficiarios,Mar - May,5.4127767306882095
2009,Centros poblados y rural disperso,Beneficiarios,Abr - Jun,5.022308760571265
2009,Centros poblados y rural disperso,Beneficiarios,May - Jul,5.1912658292332425
2009,Centros poblados y rural disperso,Beneficiarios,Jun - Ago,4.596767848757387
2009,Centros poblados y rural disperso,Beneficiarios,Jul - Sep,4.596823151201769
2009,Centros poblados y rural disperso,Beneficiarios,Ago - Oct,4.582652582102686
2009,Centros poblados y rural disperso,Beneficiarios,Sep - Nov,4.297275564803347
2009,Centros poblados y rural disperso,Beneficiarios,Oct - Dic,4.6888963141357065
2009,Centros poblados y rural disperso,Beneficiarios,Nov - Ene,4.467519945293798
2009,Centros poblados y rural disperso,Beneficiarios,Dic - Feb,4.633063081688845
2010,Centros poblados y rural disperso,Beneficiarios,Ene - Mar,4.631341480299966
2010,Centros poblados y rural disperso,Beneficiarios,Feb - Abr,4.811303039527214
2010,Centros poblados y rural disperso,Beneficiarios,Mar - May,5.488896527154685
2010,Centros poblados y rural disperso,Beneficiarios,Abr - Jun,5.2324662174017575
2010,Centros poblados y rural disperso,Beneficiarios,May - Jul,5.305879470270885
2010,Centros poblados y rural disperso,Beneficiarios,Jun - Ago,4.833180976490167
2010,Centros poblados y rural disperso,Beneficiarios,Jul - Sep,4.945365516484014
2010,Centros poblados y rural disperso,Beneficiarios,Ago - Oct,5.070739387423343
2010,Centros poblados y rural disperso,Beneficiarios,Sep - Nov,4.814457032632034
2010,Centros poblados y rural disperso,Beneficiarios,Oct - Dic,4.972826016311884
2010,Centros poblados y rural disperso,Beneficiarios,Nov - Ene,4.562546588396095
2010,Centros poblados y rural disperso,Beneficiarios,Dic - Feb,5.12495888635296
2011,Centros poblados y rural disperso,Beneficiarios,Ene - Mar,5.0966515733591
2011,Centros poblados y rural disperso,Beneficiarios,Feb - Abr,5.285937245434483
2011,Centros poblados y rural disperso,Beneficiarios,Mar - May,5.48668978381248
2011,Centros poblados y rural disperso,Beneficiarios,Abr - Jun,5.314165160099008
2011,Centros poblados y rural disperso,Beneficiarios,May - Jul,5.4492545325446775
2011,Centros poblados y rural disperso,Beneficiarios,Jun - Ago,5.653757339146937
2011,Centros poblados y rural disperso,Beneficiarios,Jul - Sep,5.413612315028921
2011,Centros poblados y rural disperso,Beneficiarios,Ago - Oct,5.36452601384122
2011,Centros poblados y rural disperso,Beneficiarios,Sep - Nov,5.086202115041809
2011,Centros poblados y rural disperso,Beneficiarios,Oct - Dic,5.617848153806627
2011,Centros poblados y rural disperso,Beneficiarios,Nov - Ene,5.579600686243332
2011,Centros poblados y rural disperso,Beneficiarios,Dic - Feb,5.264267015550916
2012,Centros poblados y rural disperso,Beneficiarios,Ene - Mar,5.819670834206193
2012,Centros poblados y rural disperso,Beneficiarios,Feb - Abr,6.119886690018834
2012,Centros poblados y rural disperso,Beneficiarios,Mar - May,6.668192956102262
2012,Centros poblados y rural disperso,Beneficiarios,Abr - Jun,5.452097633203559
2012,Centros poblados y rural disperso,Beneficiarios,May - Jul,5.423144772122682
2012,Centros poblados y rural disperso,Beneficiarios,Jun - Ago,5.244855791800022
2012,Centros poblados y rural disperso,Beneficiarios,Jul - Sep,5.2515690131477655
2012,Centros poblados y rural disperso,Beneficiarios,Ago - Oct,4.985895616950043
2012,Centros poblados y rural disperso,Beneficiarios,Sep - Nov,5.069572958497765
2012,Centros poblados y rural disperso,Beneficiarios,Oct - Dic,5.523735534514849
2012,Centros poblados y rural disperso,Beneficiarios,Nov - Ene,5.32140869804332
2012,Centros poblados y rural disperso,Beneficiarios,Dic - Feb,5.005619631861715
2013,Centros poblados y rural disperso,Beneficiarios,Ene - Mar,4.809771534715331
2013,Centros poblados y rural disperso,Beneficiarios,Feb - Abr,5.067125062329563
2013,Centros poblados y rural disperso,Beneficiarios,Mar - May,5.4323568435350635
2013,Centros poblados y rural disperso,Beneficiarios,Abr - Jun,5.644392433169179
2013,Centros poblados y rural disperso,Beneficiarios,May - Jul,5.931012608618776
2013,Centros poblados y rural disperso,Beneficiarios,Jun - Ago,5.650673795726938
2013,Centros poblados y rural disperso,Beneficiarios,Jul - Sep,5.402123302074651
2013,Centros poblados y rural disperso,Beneficiarios,Ago - Oct,5.228796141999407
2013,Centros poblados y rural disperso,Beneficiarios,Sep - Nov,5.172817989019974
2013,Centros poblados y rural disperso,Beneficiarios,Oct - Dic,5.396359005807729
2013,Centros poblados y rural disperso,Beneficiarios,Nov - Ene,5.075134421457577
2013,Centros poblados y rural disperso,Beneficiarios,Dic - Feb,4.952436202899273
2014,Centros poblados y rural disperso,Beneficiarios,Ene - Mar,5.32574501808172
2014,Centros poblados y rural disperso,Beneficiarios,Feb - Abr,5.738253597743577
2014,Centros poblados y rural disperso,Beneficiarios,Mar - May,6.019139290267153
2014,Centros poblados y rural disperso,Beneficiarios,Abr - Jun,5.310278563293433
2014,Centros poblados y rural disperso,Beneficiarios,May - Jul,5.110140917581769
2014,Centros poblados y rural disperso,Beneficiarios,Jun - Ago,5.027002399146547
2014,Centros poblados y rural disperso,Beneficiarios,Jul - Sep,5.22625547358972
2014,Centros poblados y rural disperso,Beneficiarios,Ago - Oct,5.186786207750993
2014,Centros poblados y rural disperso,Beneficiarios,Sep - Nov,5.281854427408881
2014,Centros poblados y rural disperso,Beneficiarios,Oct - Dic,5.492043642055186
2014,Centros poblados y rural disperso,Beneficiarios,Nov - Ene,5.264973493458484
2014,Centros poblados y rural disperso,Beneficiarios,Dic - Feb,4.938196007393858
2015,Centros poblados y rural disperso,Beneficiarios,Ene - Mar,4.957912014990601
2015,Centros poblados y rural disperso,Beneficiarios,Feb - Abr,5.184361444732732
2015,Centros poblados y rural disperso,Beneficiarios,Mar - May,5.328705625813029
2015,Centros poblados y rural disperso,Beneficiarios,Abr - Jun,4.805930335406518
2015,Centros poblados y rural disperso,Beneficiarios,May - Jul,4.856097171271121
2015,Centros poblados y rural disperso,Beneficiarios,Jun - Ago,4.418380925831064
2015,Centros poblados y rural disperso,Beneficiarios,Jul - Sep,4.494398592830158
2015,Centros poblados y rural disperso,Beneficiarios,Ago - Oct,4.3003716130004905
2015,Centros poblados y rural disperso,Beneficiarios,Sep - Nov,4.046490880446198
2015,Centros poblados y rural disperso,Beneficiarios,Oct - Dic,4.456529606957587
2015,Centros poblados y rural disperso,Beneficiarios,Nov - Ene,4.3846461649021515
2015,Centros poblados y rural disperso,Beneficiarios,Dic - Feb,4.638256883475751
2016,Centros poblados y rural disperso,Beneficiarios,Ene - Mar,4.462361343729616
2016,Centros poblados y rural disperso,Beneficiarios,Feb - Abr,4.765234765948061
2016,Centros poblados y rural disperso,Beneficiarios,Mar - May,4.855615556172656
2016,Centros poblados y rural disperso,Beneficiarios,Abr - Jun,4.635146356261645
2016,Centros poblados y rural disperso,Beneficiarios,May - Jul,4.655560239345567
2016,Centros poblados y rural disperso,Beneficiarios,Jun - Ago,4.889912869402326
2016,Centros poblados y rural disperso,Beneficiarios,Jul - Sep,5.149534362513741
2016,Centros poblados y rural disperso,Beneficiarios,Ago - Oct,4.954047255961362
2016,Centros poblados y rural disperso,Beneficiarios,Sep - Nov,4.652711215024138
2016,Centros poblados y rural disperso,Beneficiarios,Oct - Dic,4.352157215566831
2016,Centros poblados y rural disperso,Beneficiarios,Nov - Ene,4.074777713761109
2016,Centros poblados y rural disperso,Beneficiarios,Dic - Feb,4.297774152637078
2017,Centros poblados y rural disperso,Beneficiarios,Ene - Mar,4.478934654631588
2017,Centros poblados y rural disperso,Beneficiarios,Feb - Abr,4.658779715753351
2017,Centros poblados y rural disperso,Beneficiarios,Mar - May,4.431474391582555
2017,Centros poblados y rural disperso,Beneficiarios,Abr - Jun,4.021989350850758
2017,Centros poblados y rural disperso,Beneficiarios,May - Jul,4.5564055312193075
2017,Centros poblados y rural disperso,Beneficiarios,Jun - Ago,4.9889828713141275
2017,Centros poblados y rural disperso,Beneficiarios,Jul - Sep,5.392207596634023
2017,Centros poblados y rural disperso,Beneficiarios,Ago - Oct,4.853694436745921
2017,Centros poblados y rural disperso,Beneficiarios,Sep - Nov,4.320012413376374
2017,Centros poblados y rural disperso,Beneficiarios,Oct - Dic,4.283310374718917
2017,Centros poblados y rural disperso,Beneficiarios,Nov - Ene,4.0062876401995835
2017,Centros poblados y rural disperso,Beneficiarios,Dic - Feb,4.404315318089791
2018,Centros poblados y rural disperso,Beneficiarios,Ene - Mar,4.130230561309694
2018,Centros poblados y rural disperso,Beneficiarios,Feb - Abr,4.4409931737644035
2018,Centros poblados y rural disperso,Beneficiarios,Mar - May,4.215407937020105
2018,Centros poblados y rural disperso,Beneficiarios,Abr - Jun,4.204398211021199
2018,Centros poblados y rural disperso,Beneficiarios,May - Jul,4.257460484268153
2018,Centros poblados y rural disperso,Beneficiarios,Jun - Ago,4.144480446108085
2018,Centros poblados y rural disperso,Beneficiarios,Jul - Sep,4.550561280177507
2018,Centros poblados y rural disperso,Beneficiarios,Ago - Oct,4.255001557754459
2018,Centros poblados y rural disperso,Beneficiarios,Sep - Nov,3.979336611637288
2018,Centros poblados y rural disperso,Beneficiarios,Oct - Dic,4.091214164137239
2018,Centros poblados y rural disperso,Beneficiarios,Nov - Ene,4.099525947274929
2018,Centros poblados y rural disperso,Beneficiarios,Dic - Feb,4.4555653054149245
2019,Centros poblados y rural disperso,Beneficiarios,Ene - Mar,4.17607850087984
2019,Centros poblados y rural disperso,Beneficiarios,Feb - Abr,4.198538566092905
2019,Centros poblados y rural disperso,Beneficiarios,Mar - May,4.297625104805637
2019,Centros poblados y rural disperso,Beneficiarios,Abr - Jun,4.058923057002704
2019,Centros poblados y rural disperso,Beneficiarios,May - Jul,4.250594161133687
2019,Centros poblados y rural disperso,Beneficiarios,Jun - Ago,4.276462937878405
2019,Centros poblados y rural disperso,Beneficiarios,Jul - Sep,4.391775231288684
2019,Centros poblados y rural disperso,Beneficiarios,Ago - Oct,4.280378993260117
2019,Centros poblados y rural disperso,Beneficiarios,Sep - Nov,3.9757731662168774
2019,Centros poblados y rural disperso,Beneficiarios,Oct - Dic,4.202981916666263
2019,Centros poblados y rural disperso,Beneficiarios,Nov - Ene,3.7950457326206632
2019,Centros poblados y rural disperso,Beneficiarios,Dic - Feb,3.698968994514509
2020,Centros poblados y rural disperso,Beneficiarios,Ene - Mar,0.0
2020,Centros poblados y rural disperso,Beneficiarios,Feb - Abr,0.0
2020,Centros poblados y rural disperso,Beneficiarios,Mar - May,0.0
2020,Centros poblados y rural disperso,Beneficiarios,Abr - Jun,0.0
2020,Centros poblados y rural disperso,Beneficiarios,May - Jul,3.0537473523065453
2020,Centros poblados y rural disperso,Beneficiarios,Jun - Ago,3.2765609349206803
2020,Centros poblados y rural disperso,Beneficiarios,Jul - Sep,3.424857156893125
2020,Centros poblados y rural disperso,Beneficiarios,Ago - Oct,3.4587862116545582
2020,Centros poblados y rural disperso,Beneficiarios,Sep - Nov,3.3880849782438784
2020,Centros poblados y rural disperso,Beneficiarios,Oct - Dic,3.7777311015771704
2020,Centros poblados y rural disperso,Beneficiarios,Nov - Ene,3.402580291387097
2020,Centros poblados y rural disperso,Beneficiarios,Dic - Feb,3.314464302157341
2021,Centros poblados y rural disperso,Beneficiarios,Ene - Mar,2.663954062300383
2021,Centros poblados y rural disperso,Beneficiarios,Feb - Abr,2.7032347270620556
2021,Centros poblados y rural disperso,Beneficiarios,Mar - May,2.360739073211648
2021,Centros poblados y rural disperso,Beneficiarios,Abr - Jun,2.375509308923032
2021,Centros poblados y rural disperso,Beneficiarios,May - Jul,2.3577948844628644
2021,Centros poblados y rural disperso,Beneficiarios,Jun - Ago,2.332379942027511
2021,Centros poblados y rural disperso,Beneficiarios,Jul - Sep,2.429934868996313
2021,Centros poblados y rural disperso,Beneficiarios,Ago - Oct,2.618833727251311
2021,Centros poblados y rural disperso,Beneficiarios,Sep - Nov,2.9003569658824433
2021,Centros poblados y rural disperso,Beneficiarios,Oct - Dic,2.8904570728636636
2021,Centros poblados y rural disperso,Beneficiarios,Nov - Ene,3.1355353356860642
2021,Centros poblados y rural disperso,Beneficiarios,Dic - Feb,3.1019110478879277
2022,Centros poblados y rural disperso,Beneficiarios,Ene - Mar,3.0894060801128895
2022,Centros poblados y rural disperso,Beneficiarios,Feb - Abr,2.799816317159039
2022,Centros poblados y rural disperso,Beneficiarios,Mar - May,2.7181544518999257
2022,Centros poblados y rural disperso,Beneficiarios,Abr - Jun,2.930079425500244
2022,Centros poblados y rural disperso,Beneficiarios,May - Jul,2.916204035616344
2022,Centros poblados y rural disperso,Beneficiarios,Jun - Ago,3.089994442140262
2022,Centros poblados y rural disperso,Beneficiarios,Jul - Sep,2.785596476295574
2022,Centros poblados y rural disperso,Beneficiarios,Ago - Oct,2.980667540325381
2022,Centros poblados y rural disperso,Beneficiarios,Sep - Nov,2.914742696774983
2022,Centros poblados y rural disperso,Beneficiarios,Oct - Dic,2.930534071748207
2022,Centros poblados y rural disperso,Beneficiarios,Nov - Ene,2.7706828841713436
2022,Centros poblados y rural disperso,Beneficiarios,Dic - Feb,2.6829792137194657
2023,Centros poblados y rural disperso,Beneficiarios,Ene - Mar,2.704788457674763
2023,Centros poblados y rural disperso,Beneficiarios,Feb - Abr,2.629113657538181
2023,Centros poblados y rural disperso,Beneficiarios,Mar - May,2.538044915733299
2023,Centros poblados y rural disperso,Beneficiarios,Abr - Jun,2.826955505284725
2023,Centros poblados y rural disperso,Beneficiarios,May - Jul,3.2115789423270544
2023,Centros poblados y rural disperso,Beneficiarios,Jun - Ago,3.5492404760063136
2023,Centros poblados y rural disperso,Beneficiarios,Jul - Sep,3.434195173622127
2023,Centros poblados y rural disperso,Beneficiarios,Ago - Oct,3.218935317778588
2023,Centros poblados y rural disperso,Beneficiarios,Sep - Nov,3.1383467068857134
2023,Centros poblados y rural disperso,Beneficiarios,Oct - Dic,3.1824114256925924
2023,Centros poblados y rural disperso,Beneficiarios,Nov - Ene,3.090910454975623
2023,Centros poblados y rural disperso,Beneficiarios,Dic - Feb,2.817992556975521
2024,Centros poblados y rural disperso,Beneficiarios,Ene - Mar,2.5962803011749878
2024,Centros poblados y rural disperso,Beneficiarios,Feb - Abr,2.3029463420703933
2024,Centros poblados y rural disperso,Beneficiarios,Mar - May,2.474331137565082
2024,Centros poblados y rural disperso,Beneficiarios,Abr - Jun,2.6408278814225015
2024,Centros poblados y rural disperso,Beneficiarios,May - Jul,2.9697683799778956
2024,Centros poblados y rural disperso,Beneficiarios,Jun - Ago,2.860697915144886
2024,Centros poblados y rural disperso,Beneficiarios,Jul - Sep,2.9360760506121313
2024,Centros poblados y rural disperso,Beneficiarios,Ago - Oct,2.9327618292832205
2024,Centros poblados y rural disperso,Beneficiarios,Sep - Nov,2.88750889870003
2024,Centros poblados y rural disperso,Beneficiarios,Oct - Dic,2.918123708738289
2024,Centros poblados y rural disperso,Beneficiarios,Nov - Ene,3.0564491693019122
2024,Centros poblados y rural disperso,Beneficiarios,Dic - Feb,2.940516269252368
2025,Centros poblados y rural disperso,Beneficiarios,Ene - Mar,2.864009819839092
2025,Centros poblados y rural disperso,Beneficiarios,Feb - Abr,2.690615912525835
2025,Centros poblados y rural disperso,Beneficiarios,Mar - May,2.9312296974581336
2025,Centros poblados y rural disperso,Beneficiarios,Abr - Jun,2.6879866275150763
2025,Centros poblados y rural disperso,Beneficiarios,May - Jul,2.65014985278779
2025,Centros poblados y rural disperso,Beneficiarios,Jun - Ago,2.6157604060439255
2025,Centros poblados y rural disperso,Beneficiarios,Jul - Sep,2.755144671765606
2025,Centros poblados y rural disperso,Beneficiarios,Ago - Oct,2.921263306134628
2025,Centros poblados y rural disperso,Beneficiarios,Sep - Nov,2.8424063733287888
2025,Centros poblados y rural disperso,Beneficiarios,Oct - Dic,2.8443144012316015
2025,Centros poblados y rural disperso,Beneficiarios,Nov - Ene,2.651985222618396
2025,Centros poblados y rural disperso,Beneficiarios,Dic - Feb,2.61343061138186
2026,Centros poblados y rural disperso,Beneficiarios,Ene - Mar,2.700056661735937
2026,Centros poblados y rural disperso,Beneficiarios,Feb - Abr,2.8560768219476502
2007,Centros poblados y rural disperso,Otro,Ene - Mar,0.012863297844487722
2007,Centros poblados y rural disperso,Otro,Feb - Abr,0.012409943996900439
2007,Centros poblados y rural disperso,Otro,Mar - May,0.016842368673089712
2007,Centros poblados y rural disperso,Otro,Abr - Jun,0.006382602661708966
2007,Centros poblados y rural disperso,Otro,May - Jul,0.04072992611847475
2007,Centros poblados y rural disperso,Otro,Jun - Ago,0.03373822152438286
2007,Centros poblados y rural disperso,Otro,Jul - Sep,0.09516614694194583
2007,Centros poblados y rural disperso,Otro,Ago - Oct,0.0593811717010218
2007,Centros poblados y rural disperso,Otro,Sep - Nov,0.059959593634211245
2007,Centros poblados y rural disperso,Otro,Oct - Dic,0.0019244664272289038
2007,Centros poblados y rural disperso,Otro,Nov - Ene,0.010809539427109828
2007,Centros poblados y rural disperso,Otro,Dic - Feb,0.014666612281595482
2008,Centros poblados y rural disperso,Otro,Ene - Mar,0.03170827015824473
2008,Centros poblados y rural disperso,Otro,Feb - Abr,0.03168895585310297
2008,Centros poblados y rural disperso,Otro,Mar - May,0.030078215925406028
2008,Centros poblados y rural disperso,Otro,Abr - Jun,0.047999722093159586
2008,Centros poblados y rural disperso,Otro,May - Jul,0.04983316031505681
2008,Centros poblados y rural disperso,Otro,Jun - Ago,0.04653156817620291
2008,Centros poblados y rural disperso,Otro,Jul - Sep,0.010709498549546063
2008,Centros poblados y rural disperso,Otro,Ago - Oct,0.013250238616585253
2008,Centros poblados y rural disperso,Otro,Sep - Nov,0.01325594419783261
2008,Centros poblados y rural disperso,Otro,Oct - Dic,0.013046669484656551
2008,Centros poblados y rural disperso,Otro,Nov - Ene,0.01304486304917259
2008,Centros poblados y rural disperso,Otro,Dic - Feb,0.012738962760858641
2009,Centros poblados y rural disperso,Otro,Ene - Mar,0.012655527240959736
2009,Centros poblados y rural disperso,Otro,Feb - Abr,0.012459138489939424
2009,Centros poblados y rural disperso,Otro,Mar - May,0.012229914098995535
2009,Centros poblados y rural disperso,Otro,Abr - Jun,0.012116175733960037
2009,Centros poblados y rural disperso,Otro,May - Jul,0.0
2009,Centros poblados y rural disperso,Otro,Jun - Ago,0.00521851040643366
2009,Centros poblados y rural disperso,Otro,Jul - Sep,0.040872846292261546
2009,Centros poblados y rural disperso,Otro,Ago - Oct,0.05298651214718919
2009,Centros poblados y rural disperso,Otro,Sep - Nov,0.04707015238230691
2009,Centros poblados y rural disperso,Otro,Oct - Dic,0.01276304091087039
2009,Centros poblados y rural disperso,Otro,Nov - Ene,0.0
2009,Centros poblados y rural disperso,Otro,Dic - Feb,0.0
2010,Centros poblados y rural disperso,Otro,Ene - Mar,0.0
2010,Centros poblados y rural disperso,Otro,Feb - Abr,0.0
2010,Centros poblados y rural disperso,Otro,Mar - May,0.00806374624529427
2010,Centros poblados y rural disperso,Otro,Abr - Jun,0.008101112324955502
2010,Centros poblados y rural disperso,Otro,May - Jul,0.008170147226827448
2010,Centros poblados y rural disperso,Otro,Jun - Ago,0.013704302713514442
2010,Centros poblados y rural disperso,Otro,Jul - Sep,0.013488856620221626
2010,Centros poblados y rural disperso,Otro,Ago - Oct,0.013302836416522273
2010,Centros poblados y rural disperso,Otro,Sep - Nov,0.0
2010,Centros poblados y rural disperso,Otro,Oct - Dic,0.0
2010,Centros poblados y rural disperso,Otro,Nov - Ene,0.0
2010,Centros poblados y rural disperso,Otro,Dic - Feb,0.0066188668687689935
2011,Centros poblados y rural disperso,Otro,Ene - Mar,0.006547166179846939
2011,Centros poblados y rural disperso,Otro,Feb - Abr,0.020056677083796184
2011,Centros poblados y rural disperso,Otro,Mar - May,0.013347351349771833
2011,Centros poblados y rural disperso,Otro,Abr - Jun,0.01792619906246134
2011,Centros poblados y rural disperso,Otro,May - Jul,0.06664238760564505
2011,Centros poblados y rural disperso,Otro,Jun - Ago,0.06684433902840586
2011,Centros poblados y rural disperso,Otro,Jul - Sep,0.08024894088853479
2011,Centros poblados y rural disperso,Otro,Ago - Oct,0.017642661572369767
2011,Centros poblados y rural disperso,Otro,Sep - Nov,0.02427245754460136
2011,Centros poblados y rural disperso,Otro,Oct - Dic,0.007107158594422603
2011,Centros poblados y rural disperso,Otro,Nov - Ene,0.007292819607086334
2011,Centros poblados y rural disperso,Otro,Dic - Feb,0.050759025712546854
2012,Centros poblados y rural disperso,Otro,Ene - Mar,0.06329073774323457
2012,Centros poblados y rural disperso,Otro,Feb - Abr,0.07704997568368269
2012,Centros poblados y rural disperso,Otro,Mar - May,0.06928778079315934
2012,Centros poblados y rural disperso,Otro,Abr - Jun,0.055841741784707244
2012,Centros poblados y rural disperso,Otro,May - Jul,0.054841259641234284
2012,Centros poblados y rural disperso,Otro,Jun - Ago,0.012294693552734978
2012,Centros poblados y rural disperso,Otro,Jul - Sep,0.03199066561570599
2012,Centros poblados y rural disperso,Otro,Ago - Oct,0.03887975748967907
2012,Centros poblados y rural disperso,Otro,Sep - Nov,0.047874121433938405
2012,Centros poblados y rural disperso,Otro,Oct - Dic,0.08084666360947013
2012,Centros poblados y rural disperso,Otro,Nov - Ene,0.06226186183988854
2012,Centros poblados y rural disperso,Otro,Dic - Feb,0.05941454450806408
2013,Centros poblados y rural disperso,Otro,Ene - Mar,0.005881383453454441
2013,Centros poblados y rural disperso,Otro,Feb - Abr,0.005882538894840185
2013,Centros poblados y rural disperso,Otro,Mar - May,0.009437718822381763
2013,Centros poblados y rural disperso,Otro,Abr - Jun,0.015394609047903431
2013,Centros poblados y rural disperso,Otro,May - Jul,0.0689545801714568
2013,Centros poblados y rural disperso,Otro,Jun - Ago,0.08847711463900616
2013,Centros poblados y rural disperso,Otro,Jul - Sep,0.09725632425747585
2013,Centros poblados y rural disperso,Otro,Ago - Oct,0.04998219968499009
2013,Centros poblados y rural disperso,Otro,Sep - Nov,0.05208537509204469
2013,Centros poblados y rural disperso,Otro,Oct - Dic,0.047226379075959314
2013,Centros poblados y rural disperso,Otro,Nov - Ene,0.10863674610043628
2013,Centros poblados y rural disperso,Otro,Dic - Feb,0.10303014668541244
2014,Centros poblados y rural disperso,Otro,Ene - Mar,0.11714642114713571
2014,Centros poblados y rural disperso,Otro,Feb - Abr,0.08787038358091045
2014,Centros poblados y rural disperso,Otro,Mar - May,0.07372283662791396
2014,Centros poblados y rural disperso,Otro,Abr - Jun,0.10779910438928464
2014,Centros poblados y rural disperso,Otro,May - Jul,0.10501117030942889
2014,Centros poblados y rural disperso,Otro,Jun - Ago,0.15247775620986292
2014,Centros poblados y rural disperso,Otro,Jul - Sep,0.12264764045245417
2014,Centros poblados y rural disperso,Otro,Ago - Oct,0.09804713881431319
2014,Centros poblados y rural disperso,Otro,Sep - Nov,0.09177622494688674
2014,Centros poblados y rural disperso,Otro,Oct - Dic,0.09572220286575975
2014,Centros poblados y rural disperso,Otro,Nov - Ene,0.1007314761227868
2014,Centros poblados y rural disperso,Otro,Dic - Feb,0.049031796651956144
2015,Centros poblados y rural disperso,Otro,Ene - Mar,0.10966700869092405
2015,Centros poblados y rural disperso,Otro,Feb - Abr,0.15360510759456328
2015,Centros poblados y rural disperso,Otro,Mar - May,0.17243476648417946
2015,Centros poblados y rural disperso,Otro,Abr - Jun,0.13553848961770115
2015,Centros poblados y rural disperso,Otro,May - Jul,0.07467069295046463
2015,Centros poblados y rural disperso,Otro,Jun - Ago,0.06968262044217619
2015,Centros poblados y rural disperso,Otro,Jul - Sep,0.12863120157350555
2015,Centros poblados y rural disperso,Otro,Ago - Oct,0.14491447601745122
2015,Centros poblados y rural disperso,Otro,Sep - Nov,0.1583293422257152
2015,Centros poblados y rural disperso,Otro,Oct - Dic,0.088723889228038
2015,Centros poblados y rural disperso,Otro,Nov - Ene,0.1400749398464673
2015,Centros poblados y rural disperso,Otro,Dic - Feb,0.15396870280074765
2016,Centros poblados y rural disperso,Otro,Ene - Mar,0.11893916940607238
2016,Centros poblados y rural disperso,Otro,Feb - Abr,0.055549934714546514
2016,Centros poblados y rural disperso,Otro,Mar - May,0.08596347039384734
2016,Centros poblados y rural disperso,Otro,Abr - Jun,0.08055835672484153
2016,Centros poblados y rural disperso,Otro,May - Jul,0.1336657031775502
2016,Centros poblados y rural disperso,Otro,Jun - Ago,0.06530643394153868
2016,Centros poblados y rural disperso,Otro,Jul - Sep,0.09038031422554746
2016,Centros poblados y rural disperso,Otro,Ago - Oct,0.07468541227968925
2016,Centros poblados y rural disperso,Otro,Sep - Nov,0.11902095961142621
2016,Centros poblados y rural disperso,Otro,Oct - Dic,0.13763538922060098
2016,Centros poblados y rural disperso,Otro,Nov - Ene,0.13071715472490433
2016,Centros poblados y rural disperso,Otro,Dic - Feb,0.0806424428734388
2017,Centros poblados y rural disperso,Otro,Ene - Mar,0.08188954655541632
2017,Centros poblados y rural disperso,Otro,Feb - Abr,0.07632758162942574
2017,Centros poblados y rural disperso,Otro,Mar - May,0.10877407600386904
2017,Centros poblados y rural disperso,Otro,Abr - Jun,0.12547524987073042
2017,Centros poblados y rural disperso,Otro,May - Jul,0.10059407677321909
2017,Centros poblados y rural disperso,Otro,Jun - Ago,0.07747160647727602
2017,Centros poblados y rural disperso,Otro,Jul - Sep,0.029319557054496587
2017,Centros poblados y rural disperso,Otro,Ago - Oct,0.023378973705733986
2017,Centros poblados y rural disperso,Otro,Sep - Nov,0.03150041016576007
2017,Centros poblados y rural disperso,Otro,Oct - Dic,0.04255121702113051
2017,Centros poblados y rural disperso,Otro,Nov - Ene,0.043988804412577555
2017,Centros poblados y rural disperso,Otro,Dic - Feb,0.05227537916402561
2018,Centros poblados y rural disperso,Otro,Ene - Mar,0.04562927872092642
2018,Centros poblados y rural disperso,Otro,Feb - Abr,0.044825762512161804
2018,Centros poblados y rural disperso,Otro,Mar - May,0.04013627956241852
2018,Centros poblados y rural disperso,Otro,Abr - Jun,0.031970240582833744
2018,Centros poblados y rural disperso,Otro,May - Jul,0.0868102131955092
2018,Centros poblados y rural disperso,Otro,Jun - Ago,0.08136900934494191
2018,Centros poblados y rural disperso,Otro,Jul - Sep,0.0785169515916498
2018,Centros poblados y rural disperso,Otro,Ago - Oct,0.07677600955097355
2018,Centros poblados y rural disperso,Otro,Sep - Nov,0.06139843602453153
2018,Centros poblados y rural disperso,Otro,Oct - Dic,0.09895506516406691
2018,Centros poblados y rural disperso,Otro,Nov - Ene,0.05921122606879612
2018,Centros poblados y rural disperso,Otro,Dic - Feb,0.07463853149054044
2019,Centros poblados y rural disperso,Otro,Ene - Mar,0.07084754863276917
2019,Centros poblados y rural disperso,Otro,Feb - Abr,0.058009046155954806
2019,Centros poblados y rural disperso,Otro,Mar - May,0.074683046563135
2019,Centros poblados y rural disperso,Otro,Abr - Jun,0.041313728881775535
2019,Centros poblados y rural disperso,Otro,May - Jul,0.05150745970350965
2019,Centros poblados y rural disperso,Otro,Jun - Ago,0.04260432738239556
2019,Centros poblados y rural disperso,Otro,Jul - Sep,0.04977913610425999
2019,Centros poblados y rural disperso,Otro,Ago - Oct,0.04561997589442163
2019,Centros poblados y rural disperso,Otro,Sep - Nov,0.022271902458329648
2019,Centros poblados y rural disperso,Otro,Oct - Dic,0.023671924255366752
2019,Centros poblados y rural disperso,Otro,Nov - Ene,0.11975247493678919
2019,Centros poblados y rural disperso,Otro,Dic - Feb,0.12066441106366659
2020,Centros poblados y rural disperso,Otro,Ene - Mar,0.0
2020,Centros poblados y rural disperso,Otro,Feb - Abr,0.0
2020,Centros poblados y rural disperso,Otro,Mar - May,0.0
2020,Centros poblados y rural disperso,Otro,Abr - Jun,0.0
2020,Centros poblados y rural disperso,Otro,May - Jul,0.04577787749015157
2020,Centros poblados y rural disperso,Otro,Jun - Ago,0.04411682995060584
2020,Centros poblados y rural disperso,Otro,Jul - Sep,0.0733739944928566
2020,Centros poblados y rural disperso,Otro,Ago - Oct,0.08042995200674818
2020,Centros poblados y rural disperso,Otro,Sep - Nov,0.18650009054553462
2020,Centros poblados y rural disperso,Otro,Oct - Dic,0.23091623449751328
2020,Centros poblados y rural disperso,Otro,Nov - Ene,0.21325483804635081
2020,Centros poblados y rural disperso,Otro,Dic - Feb,0.11461515715936749
2021,Centros poblados y rural disperso,Otro,Ene - Mar,0.045320303726785555
2021,Centros poblados y rural disperso,Otro,Feb - Abr,0.019722611834939764
2021,Centros poblados y rural disperso,Otro,Mar - May,0.01971416668247915
2021,Centros poblados y rural disperso,Otro,Abr - Jun,0.011042322440259772
2021,Centros poblados y rural disperso,Otro,May - Jul,0.031578799880720924
2021,Centros poblados y rural disperso,Otro,Jun - Ago,0.048290223333957015
2021,Centros poblados y rural disperso,Otro,Jul - Sep,0.05478336657126593
2021,Centros poblados y rural disperso,Otro,Ago - Oct,0.04812038243600136
2021,Centros poblados y rural disperso,Otro,Sep - Nov,0.020880603885259686
2021,Centros poblados y rural disperso,Otro,Oct - Dic,0.014381895863927432
2021,Centros poblados y rural disperso,Otro,Nov - Ene,0.010325945401948986
2021,Centros poblados y rural disperso,Otro,Dic - Feb,0.025165733761361553
2022,Centros poblados y rural disperso,Otro,Ene - Mar,0.03085912040789826
2022,Centros poblados y rural disperso,Otro,Feb - Abr,0.024865614392090833
2022,Centros poblados y rural disperso,Otro,Mar - May,0.03647232041570712
2022,Centros poblados y rural disperso,Otro,Abr - Jun,0.03247610985489792
2022,Centros poblados y rural disperso,Otro,May - Jul,0.05085649122529762
2022,Centros poblados y rural disperso,Otro,Jun - Ago,0.027717342968875697
2022,Centros poblados y rural disperso,Otro,Jul - Sep,0.03628415250340554
2022,Centros poblados y rural disperso,Otro,Ago - Oct,0.01900011790474365
2022,Centros poblados y rural disperso,Otro,Sep - Nov,0.03127605075953426
2022,Centros poblados y rural disperso,Otro,Oct - Dic,0.04540149453069372
2022,Centros poblados y rural disperso,Otro,Nov - Ene,0.044063656680011366
2022,Centros poblados y rural disperso,Otro,Dic - Feb,0.042677429936817314
2023,Centros poblados y rural disperso,Otro,Ene - Mar,0.017690171997199234
2023,Centros poblados y rural disperso,Otro,Feb - Abr,0.013976239422409721
2023,Centros poblados y rural disperso,Otro,Mar - May,0.00318085402473114
2023,Centros poblados y rural disperso,Otro,Abr - Jun,0.033253413926023066
2023,Centros poblados y rural disperso,Otro,May - Jul,0.054285662525588925
2023,Centros poblados y rural disperso,Otro,Jun - Ago,0.05116240184751728
2023,Centros poblados y rural disperso,Otro,Jul - Sep,0.025178637010345336
2023,Centros poblados y rural disperso,Otro,Ago - Oct,0.00423119678144172
2023,Centros poblados y rural disperso,Otro,Sep - Nov,0.011087321330673224
2023,Centros poblados y rural disperso,Otro,Oct - Dic,0.01090431422007104
2023,Centros poblados y rural disperso,Otro,Nov - Ene,0.011060630906103604
2023,Centros poblados y rural disperso,Otro,Dic - Feb,0.004166753474030708
2024,Centros poblados y rural disperso,Otro,Ene - Mar,0.001898796314177427
2024,Centros poblados y rural disperso,Otro,Feb - Abr,0.003686043679830672
2024,Centros poblados y rural disperso,Otro,Mar - May,0.012988337739864504
2024,Centros poblados y rural disperso,Otro,Abr - Jun,0.011161142113107057
2024,Centros poblados y rural disperso,Otro,May - Jul,0.009276722101727444
2024,Centros poblados y rural disperso,Otro,Jun - Ago,0.0
2024,Centros poblados y rural disperso,Otro,Jul - Sep,0.0225763431998944
2024,Centros poblados y rural disperso,Otro,Ago - Oct,0.0312861123271017
2024,Centros poblados y rural disperso,Otro,Sep - Nov,0.043825114726391834
2024,Centros poblados y rural disperso,Otro,Oct - Dic,0.04284303367892129
2024,Centros poblados y rural disperso,Otro,Nov - Ene,0.03405196873436521
2024,Centros poblados y rural disperso,Otro,Dic - Feb,0.02175050167470671
2025,Centros poblados y rural disperso,Otro,Ene - Mar,0.007625378744318578
2025,Centros poblados y rural disperso,Otro,Feb - Abr,0.013219077263248688
2025,Centros poblados y rural disperso,Otro,Mar - May,0.013267211528794794
2025,Centros poblados y rural disperso,Otro,Abr - Jun,0.010065666095453866
2025,Centros poblados y rural disperso,Otro,May - Jul,0.04433282502211484
2025,Centros poblados y rural disperso,Otro,Jun - Ago,0.05234525083159891
2025,Centros poblados y rural disperso,Otro,Jul - Sep,0.04770507202238936
2025,Centros poblados y rural disperso,Otro,Ago - Oct,0.03990956052457559
2025,Centros poblados y rural disperso,Otro,Sep - Nov,0.046835197454182645
2025,Centros poblados y rural disperso,Otro,Oct - Dic,0.04699103334363748
2025,Centros poblados y rural disperso,Otro,Nov - Ene,0.03280819105037519
2025,Centros poblados y rural disperso,Otro,Dic - Feb,0.024634283532392026
2026,Centros poblados y rural disperso,Otro,Ene - Mar,0.024379377240998066
2026,Centros poblados y rural disperso,Otro,Feb - Abr,0.011534766310886797
2007,Centros poblados y rural disperso,Régimen subsidiado,Ene - Mar,65.23137121060135
2007,Centros poblados y rural disperso,Régimen subsidiado,Feb - Abr,62.57135932949814
2007,Centros poblados y rural disperso,Régimen subsidiado,Mar - May,61.17506409335953
2007,Centros poblados y rural disperso,Régimen subsidiado,Abr - Jun,59.23638403939331
2007,Centros poblados y rural disperso,Régimen subsidiado,May - Jul,60.66776664626441
2007,Centros poblados y rural disperso,Régimen subsidiado,Jun - Ago,59.387615840024125
2007,Centros poblados y rural disperso,Régimen subsidiado,Jul - Sep,60.137603251225805
2007,Centros poblados y rural disperso,Régimen subsidiado,Ago - Oct,61.827696282144665
2007,Centros poblados y rural disperso,Régimen subsidiado,Sep - Nov,59.17872143091988
2007,Centros poblados y rural disperso,Régimen subsidiado,Oct - Dic,60.45380074685816
2007,Centros poblados y rural disperso,Régimen subsidiado,Nov - Ene,61.051293662894665
2007,Centros poblados y rural disperso,Régimen subsidiado,Dic - Feb,66.77307626551601
2008,Centros poblados y rural disperso,Régimen subsidiado,Ene - Mar,67.42990628091137
2008,Centros poblados y rural disperso,Régimen subsidiado,Feb - Abr,66.4536548600816
2008,Centros poblados y rural disperso,Régimen subsidiado,Mar - May,66.0148407642832
2008,Centros poblados y rural disperso,Régimen subsidiado,Abr - Jun,65.55790232443019
2008,Centros poblados y rural disperso,Régimen subsidiado,May - Jul,64.1789997908194
2008,Centros poblados y rural disperso,Régimen subsidiado,Jun - Ago,62.50642757387169
2008,Centros poblados y rural disperso,Régimen subsidiado,Jul - Sep,62.46391273600892
2008,Centros poblados y rural disperso,Régimen subsidiado,Ago - Oct,66.64768099229948
2008,Centros poblados y rural disperso,Régimen subsidiado,Sep - Nov,64.63753072350237
2008,Centros poblados y rural disperso,Régimen subsidiado,Oct - Dic,65.24625801277281
2008,Centros poblados y rural disperso,Régimen subsidiado,Nov - Ene,65.57930773021364
2008,Centros poblados y rural disperso,Régimen subsidiado,Dic - Feb,68.6300897832005
2009,Centros poblados y rural disperso,Régimen subsidiado,Ene - Mar,68.0064595815874
2009,Centros poblados y rural disperso,Régimen subsidiado,Feb - Abr,66.0528410325939
2009,Centros poblados y rural disperso,Régimen subsidiado,Mar - May,64.82961140264607
2009,Centros poblados y rural disperso,Régimen subsidiado,Abr - Jun,66.80817465352867
2009,Centros poblados y rural disperso,Régimen subsidiado,May - Jul,66.60142062765252
2009,Centros poblados y rural disperso,Régimen subsidiado,Jun - Ago,68.5803193585178
2009,Centros poblados y rural disperso,Régimen subsidiado,Jul - Sep,69.24839858519292
2009,Centros poblados y rural disperso,Régimen subsidiado,Ago - Oct,70.23057817814814
2009,Centros poblados y rural disperso,Régimen subsidiado,Sep - Nov,72.53512790982973
2009,Centros poblados y rural disperso,Régimen subsidiado,Oct - Dic,71.6068052412439
2009,Centros poblados y rural disperso,Régimen subsidiado,Nov - Ene,72.9279149997722
2009,Centros poblados y rural disperso,Régimen subsidiado,Dic - Feb,71.21319162742112
2010,Centros poblados y rural disperso,Régimen subsidiado,Ene - Mar,70.16346254089362
2010,Centros poblados y rural disperso,Régimen subsidiado,Feb - Abr,69.1348085544275
2010,Centros poblados y rural disperso,Régimen subsidiado,Mar - May,66.1766889860462
2010,Centros poblados y rural disperso,Régimen subsidiado,Abr - Jun,67.47532405025208
2010,Centros poblados y rural disperso,Régimen subsidiado,May - Jul,65.28583434317902
2010,Centros poblados y rural disperso,Régimen subsidiado,Jun - Ago,67.8431427700818
2010,Centros poblados y rural disperso,Régimen subsidiado,Jul - Sep,68.54106403238679
2010,Centros poblados y rural disperso,Régimen subsidiado,Ago - Oct,69.66972257746171
2010,Centros poblados y rural disperso,Régimen subsidiado,Sep - Nov,70.6486603233315
2010,Centros poblados y rural disperso,Régimen subsidiado,Oct - Dic,69.91973279744384
2010,Centros poblados y rural disperso,Régimen subsidiado,Nov - Ene,71.55527259715501
2010,Centros poblados y rural disperso,Régimen subsidiado,Dic - Feb,69.21755135724325
2011,Centros poblados y rural disperso,Régimen subsidiado,Ene - Mar,67.48582085792485
2011,Centros poblados y rural disperso,Régimen subsidiado,Feb - Abr,65.86473128989738
2011,Centros poblados y rural disperso,Régimen subsidiado,Mar - May,65.19813587573236
2011,Centros poblados y rural disperso,Régimen subsidiado,Abr - Jun,67.32242933928477
2011,Centros poblados y rural disperso,Régimen subsidiado,May - Jul,67.98095838976772
2011,Centros poblados y rural disperso,Régimen subsidiado,Jun - Ago,68.33091772149935
2011,Centros poblados y rural disperso,Régimen subsidiado,Jul - Sep,67.54677003780142
2011,Centros poblados y rural disperso,Régimen subsidiado,Ago - Oct,68.67989285364673
2011,Centros poblados y rural disperso,Régimen subsidiado,Sep - Nov,71.18364344263445
2011,Centros poblados y rural disperso,Régimen subsidiado,Oct - Dic,70.27001988361546
2011,Centros poblados y rural disperso,Régimen subsidiado,Nov - Ene,70.36592437001583
2011,Centros poblados y rural disperso,Régimen subsidiado,Dic - Feb,68.14827590519145
2012,Centros poblados y rural disperso,Régimen subsidiado,Ene - Mar,67.7067468874337
2012,Centros poblados y rural disperso,Régimen subsidiado,Feb - Abr,66.38443025332444
2012,Centros poblados y rural disperso,Régimen subsidiado,Mar - May,65.34119948350941
2012,Centros poblados y rural disperso,Régimen subsidiado,Abr - Jun,69.02639207463041
2012,Centros poblados y rural disperso,Régimen subsidiado,May - Jul,68.90603277330108
2012,Centros poblados y rural disperso,Régimen subsidiado,Jun - Ago,70.96742717496043
2012,Centros poblados y rural disperso,Régimen subsidiado,Jul - Sep,69.9146030505992
2012,Centros poblados y rural disperso,Régimen subsidiado,Ago - Oct,69.92548214979351
2012,Centros poblados y rural disperso,Régimen subsidiado,Sep - Nov,71.70307486369977
2012,Centros poblados y rural disperso,Régimen subsidiado,Oct - Dic,70.93224712938236
2012,Centros poblados y rural disperso,Régimen subsidiado,Nov - Ene,73.15140320430625
2012,Centros poblados y rural disperso,Régimen subsidiado,Dic - Feb,70.70567146536601
2013,Centros poblados y rural disperso,Régimen subsidiado,Ene - Mar,69.92211304018998
2013,Centros poblados y rural disperso,Régimen subsidiado,Feb - Abr,67.54068718790484
2013,Centros poblados y rural disperso,Régimen subsidiado,Mar - May,66.45067639806884
2013,Centros poblados y rural disperso,Régimen subsidiado,Abr - Jun,66.93448701196931
2013,Centros poblados y rural disperso,Régimen subsidiado,May - Jul,66.67160536135167
2013,Centros poblados y rural disperso,Régimen subsidiado,Jun - Ago,67.83078836236008
2013,Centros poblados y rural disperso,Régimen subsidiado,Jul - Sep,68.93495707102606
2013,Centros poblados y rural disperso,Régimen subsidiado,Ago - Oct,69.99082434443594
2013,Centros poblados y rural disperso,Régimen subsidiado,Sep - Nov,71.83936457820134
2013,Centros poblados y rural disperso,Régimen subsidiado,Oct - Dic,71.41913361985604
2013,Centros poblados y rural disperso,Régimen subsidiado,Nov - Ene,73.18009777747567
2013,Centros poblados y rural disperso,Régimen subsidiado,Dic - Feb,70.7900722703348
2014,Centros poblados y rural disperso,Régimen subsidiado,Ene - Mar,69.36219220869911
2014,Centros poblados y rural disperso,Régimen subsidiado,Feb - Abr,67.41046397023558
2014,Centros poblados y rural disperso,Régimen subsidiado,Mar - May,67.47509661871759
2014,Centros poblados y rural disperso,Régimen subsidiado,Abr - Jun,69.19913251896043
2014,Centros poblados y rural disperso,Régimen subsidiado,May - Jul,69.4027841751536
2014,Centros poblados y rural disperso,Régimen subsidiado,Jun - Ago,70.66534195844729
2014,Centros poblados y rural disperso,Régimen subsidiado,Jul - Sep,70.52248912471899
2014,Centros poblados y rural disperso,Régimen subsidiado,Ago - Oct,71.06725058235516
2014,Centros poblados y rural disperso,Régimen subsidiado,Sep - Nov,72.06181104754545
2014,Centros poblados y rural disperso,Régimen subsidiado,Oct - Dic,71.05709569579479
2014,Centros poblados y rural disperso,Régimen subsidiado,Nov - Ene,72.50468984515238
2014,Centros poblados y rural disperso,Régimen subsidiado,Dic - Feb,71.2008197628906
2015,Centros poblados y rural disperso,Régimen subsidiado,Ene - Mar,72.29620323841428
2015,Centros poblados y rural disperso,Régimen subsidiado,Feb - Abr,70.7090826992634
2015,Centros poblados y rural disperso,Régimen subsidiado,Mar - May,70.66871074565371
2015,Centros poblados y rural disperso,Régimen subsidiado,Abr - Jun,70.97183652266698
2015,Centros poblados y rural disperso,Régimen subsidiado,May - Jul,71.03670731197302
2015,Centros poblados y rural disperso,Régimen subsidiado,Jun - Ago,71.8615423813873
2015,Centros poblados y rural disperso,Régimen subsidiado,Jul - Sep,72.48939224844811
2015,Centros poblados y rural disperso,Régimen subsidiado,Ago - Oct,72.30368746591446
2015,Centros poblados y rural disperso,Régimen subsidiado,Sep - Nov,74.55434557436314
2015,Centros poblados y rural disperso,Régimen subsidiado,Oct - Dic,73.1987542774016
2015,Centros poblados y rural disperso,Régimen subsidiado,Nov - Ene,75.23624140808361
2015,Centros poblados y rural disperso,Régimen subsidiado,Dic - Feb,72.69775409146396
2016,Centros poblados y rural disperso,Régimen subsidiado,Ene - Mar,71.68157243853015
2016,Centros poblados y rural disperso,Régimen subsidiado,Feb - Abr,68.72751450385233
2016,Centros poblados y rural disperso,Régimen subsidiado,Mar - May,68.04229702575219
2016,Centros poblados y rural disperso,Régimen subsidiado,Abr - Jun,69.16823153471151
2016,Centros poblados y rural disperso,Régimen subsidiado,May - Jul,69.5084802706841
2016,Centros poblados y rural disperso,Régimen subsidiado,Jun - Ago,69.50354178936945
2016,Centros poblados y rural disperso,Régimen subsidiado,Jul - Sep,69.53987695315608
2016,Centros poblados y rural disperso,Régimen subsidiado,Ago - Oct,69.91631577171697
2016,Centros poblados y rural disperso,Régimen subsidiado,Sep - Nov,71.86882732061747
2016,Centros poblados y rural disperso,Régimen subsidiado,Oct - Dic,71.5316802896708
2016,Centros poblados y rural disperso,Régimen subsidiado,Nov - Ene,73.54231689572079
2016,Centros poblados y rural disperso,Régimen subsidiado,Dic - Feb,70.6767674403775
2017,Centros poblados y rural disperso,Régimen subsidiado,Ene - Mar,69.09161126518562
2017,Centros poblados y rural disperso,Régimen subsidiado,Feb - Abr,67.46453474007116
2017,Centros poblados y rural disperso,Régimen subsidiado,Mar - May,68.67384184269943
2017,Centros poblados y rural disperso,Régimen subsidiado,Abr - Jun,70.35218509654618
2017,Centros poblados y rural disperso,Régimen subsidiado,May - Jul,69.38948951391963
2017,Centros poblados y rural disperso,Régimen subsidiado,Jun - Ago,68.96514011720126
2017,Centros poblados y rural disperso,Régimen subsidiado,Jul - Sep,70.06384314446795
2017,Centros poblados y rural disperso,Régimen subsidiado,Ago - Oct,71.143565122094
2017,Centros poblados y rural disperso,Régimen subsidiado,Sep - Nov,73.60269630702722
2017,Centros poblados y rural disperso,Régimen subsidiado,Oct - Dic,73.30226276456048
2017,Centros poblados y rural disperso,Régimen subsidiado,Nov - Ene,75.1820863392234
2017,Centros poblados y rural disperso,Régimen subsidiado,Dic - Feb,72.09179672262786
2018,Centros poblados y rural disperso,Régimen subsidiado,Ene - Mar,71.06836114935241
2018,Centros poblados y rural disperso,Régimen subsidiado,Feb - Abr,68.33601023377457
2018,Centros poblados y rural disperso,Régimen subsidiado,Mar - May,68.91453784549225
2018,Centros poblados y rural disperso,Régimen subsidiado,Abr - Jun,69.31398095196812
2018,Centros poblados y rural disperso,Régimen subsidiado,May - Jul,68.9736441942205
2018,Centros poblados y rural disperso,Régimen subsidiado,Jun - Ago,69.24456268902523
2018,Centros poblados y rural disperso,Régimen subsidiado,Jul - Sep,69.91700062058524
2018,Centros poblados y rural disperso,Régimen subsidiado,Ago - Oct,71.14789285577743
2018,Centros poblados y rural disperso,Régimen subsidiado,Sep - Nov,73.49900598750162
2018,Centros poblados y rural disperso,Régimen subsidiado,Oct - Dic,72.35098368807941
2018,Centros poblados y rural disperso,Régimen subsidiado,Nov - Ene,73.84307098842547
2018,Centros poblados y rural disperso,Régimen subsidiado,Dic - Feb,71.17269270504407
2019,Centros poblados y rural disperso,Régimen subsidiado,Ene - Mar,69.9817703506038
2019,Centros poblados y rural disperso,Régimen subsidiado,Feb - Abr,68.06970365843908
2019,Centros poblados y rural disperso,Régimen subsidiado,Mar - May,67.43648641060379
2019,Centros poblados y rural disperso,Régimen subsidiado,Abr - Jun,67.8913556949327
2019,Centros poblados y rural disperso,Régimen subsidiado,May - Jul,66.9071176746584
2019,Centros poblados y rural disperso,Régimen subsidiado,Jun - Ago,68.1840898411253
2019,Centros poblados y rural disperso,Régimen subsidiado,Jul - Sep,69.4037576240725
2019,Centros poblados y rural disperso,Régimen subsidiado,Ago - Oct,70.17058466718659
2019,Centros poblados y rural disperso,Régimen subsidiado,Sep - Nov,71.5237588010503
2019,Centros poblados y rural disperso,Régimen subsidiado,Oct - Dic,71.45339261902771
2019,Centros poblados y rural disperso,Régimen subsidiado,Nov - Ene,73.50140002476508
2019,Centros poblados y rural disperso,Régimen subsidiado,Dic - Feb,70.96272649103092
2020,Centros poblados y rural disperso,Régimen subsidiado,Ene - Mar,0.0
2020,Centros poblados y rural disperso,Régimen subsidiado,Feb - Abr,0.0
2020,Centros poblados y rural disperso,Régimen subsidiado,Mar - May,0.0
2020,Centros poblados y rural disperso,Régimen subsidiado,Abr - Jun,0.0
2020,Centros poblados y rural disperso,Régimen subsidiado,May - Jul,70.43824688050572
2020,Centros poblados y rural disperso,Régimen subsidiado,Jun - Ago,70.348458569885
2020,Centros poblados y rural disperso,Régimen subsidiado,Jul - Sep,70.35352094402415
2020,Centros poblados y rural disperso,Régimen subsidiado,Ago - Oct,70.04375774164387
2020,Centros poblados y rural disperso,Régimen subsidiado,Sep - Nov,72.44294075298912
2020,Centros poblados y rural disperso,Régimen subsidiado,Oct - Dic,72.28238351185769
2020,Centros poblados y rural disperso,Régimen subsidiado,Nov - Ene,74.72724918699497
2020,Centros poblados y rural disperso,Régimen subsidiado,Dic - Feb,74.47736369639732
2021,Centros poblados y rural disperso,Régimen subsidiado,Ene - Mar,74.78643008745212
2021,Centros poblados y rural disperso,Régimen subsidiado,Feb - Abr,73.83845695111953
2021,Centros poblados y rural disperso,Régimen subsidiado,Mar - May,74.08275210071709
2021,Centros poblados y rural disperso,Régimen subsidiado,Abr - Jun,74.88274716430325
2021,Centros poblados y rural disperso,Régimen subsidiado,May - Jul,75.9012636698053
2021,Centros poblados y rural disperso,Régimen subsidiado,Jun - Ago,76.32842014371413
2021,Centros poblados y rural disperso,Régimen subsidiado,Jul - Sep,75.49085888975017
2021,Centros poblados y rural disperso,Régimen subsidiado,Ago - Oct,73.64318234554685
2021,Centros poblados y rural disperso,Régimen subsidiado,Sep - Nov,73.14521029321328
2021,Centros poblados y rural disperso,Régimen subsidiado,Oct - Dic,73.39334789183626
2021,Centros poblados y rural disperso,Régimen subsidiado,Nov - Ene,73.64302803101543
2021,Centros poblados y rural disperso,Régimen subsidiado,Dic - Feb,74.47044225343411
2022,Centros poblados y rural disperso,Régimen subsidiado,Ene - Mar,74.12083988190442
2022,Centros poblados y rural disperso,Régimen subsidiado,Feb - Abr,75.51106509035574
2022,Centros poblados y rural disperso,Régimen subsidiado,Mar - May,74.5613369346468
2022,Centros poblados y rural disperso,Régimen subsidiado,Abr - Jun,74.38729305623418
2022,Centros poblados y rural disperso,Régimen subsidiado,May - Jul,73.92003101505613
2022,Centros poblados y rural disperso,Régimen subsidiado,Jun - Ago,74.5708129182966
2022,Centros poblados y rural disperso,Régimen subsidiado,Jul - Sep,75.01524939307488
2022,Centros poblados y rural disperso,Régimen subsidiado,Ago - Oct,74.28413475906646
2022,Centros poblados y rural disperso,Régimen subsidiado,Sep - Nov,74.0465916264679
2022,Centros poblados y rural disperso,Régimen subsidiado,Oct - Dic,74.27195588011092
2022,Centros poblados y rural disperso,Régimen subsidiado,Nov - Ene,75.09178364398065
2022,Centros poblados y rural disperso,Régimen subsidiado,Dic - Feb,75.19364946165247
2023,Centros poblados y rural disperso,Régimen subsidiado,Ene - Mar,75.40478538572873
2023,Centros poblados y rural disperso,Régimen subsidiado,Feb - Abr,75.63388935796026
2023,Centros poblados y rural disperso,Régimen subsidiado,Mar - May,75.67700501848871
2023,Centros poblados y rural disperso,Régimen subsidiado,Abr - Jun,74.2526997805787
2023,Centros poblados y rural disperso,Régimen subsidiado,May - Jul,73.45606016025828
2023,Centros poblados y rural disperso,Régimen subsidiado,Jun - Ago,72.57009342871696
2023,Centros poblados y rural disperso,Régimen subsidiado,Jul - Sep,73.61720718058044
2023,Centros poblados y rural disperso,Régimen subsidiado,Ago - Oct,72.91950273802419
2023,Centros poblados y rural disperso,Régimen subsidiado,Sep - Nov,72.77650012621349
2023,Centros poblados y rural disperso,Régimen subsidiado,Oct - Dic,72.35200563305038
2023,Centros poblados y rural disperso,Régimen subsidiado,Nov - Ene,73.47210566760876
2023,Centros poblados y rural disperso,Régimen subsidiado,Dic - Feb,74.52670298328809
2024,Centros poblados y rural disperso,Régimen subsidiado,Ene - Mar,75.23330920279683
2024,Centros poblados y rural disperso,Régimen subsidiado,Feb - Abr,76.66595857696555
2024,Centros poblados y rural disperso,Régimen subsidiado,Mar - May,76.37322104651366
2024,Centros poblados y rural disperso,Régimen subsidiado,Abr - Jun,76.27566877372935
2024,Centros poblados y rural disperso,Régimen subsidiado,May - Jul,74.60046081382458
2024,Centros poblados y rural disperso,Régimen subsidiado,Jun - Ago,74.48775562273242
2024,Centros poblados y rural disperso,Régimen subsidiado,Jul - Sep,74.09518827806653
2024,Centros poblados y rural disperso,Régimen subsidiado,Ago - Oct,73.89165627599829
2024,Centros poblados y rural disperso,Régimen subsidiado,Sep - Nov,73.99809811583461
2024,Centros poblados y rural disperso,Régimen subsidiado,Oct - Dic,74.32071160318257
2024,Centros poblados y rural disperso,Régimen subsidiado,Nov - Ene,74.65178079568446
2024,Centros poblados y rural disperso,Régimen subsidiado,Dic - Feb,75.85733227434469
2025,Centros poblados y rural disperso,Régimen subsidiado,Ene - Mar,76.11558260572794
2025,Centros poblados y rural disperso,Régimen subsidiado,Feb - Abr,76.90481463836278
2025,Centros poblados y rural disperso,Régimen subsidiado,Mar - May,75.35271417482065
2025,Centros poblados y rural disperso,Régimen subsidiado,Abr - Jun,75.32672162080326
2025,Centros poblados y rural disperso,Régimen subsidiado,May - Jul,75.08909886983272
2025,Centros poblados y rural disperso,Régimen subsidiado,Jun - Ago,75.39595875469625
2025,Centros poblados y rural disperso,Régimen subsidiado,Jul - Sep,75.87830673196758
2025,Centros poblados y rural disperso,Régimen subsidiado,Ago - Oct,74.83421302216915
2025,Centros poblados y rural disperso,Régimen subsidiado,Sep - Nov,75.24644912737669
2025,Centros poblados y rural disperso,Régimen subsidiado,Oct - Dic,74.405863370969
2025,Centros poblados y rural disperso,Régimen subsidiado,Nov - Ene,75.69417941808285
2025,Centros poblados y rural disperso,Régimen subsidiado,Dic - Feb,75.56098422174139
2026,Centros poblados y rural disperso,Régimen subsidiado,Ene - Mar,75.78621967891141
2026,Centros poblados y rural disperso,Régimen subsidiado,Feb - Abr,74.8736831983503
2007,Centros poblados y rural disperso,No sabe,Ene - Mar,0.023603527112700775
2007,Centros poblados y rural disperso,No sabe,Feb - Abr,0.02277164480984644
2007,Centros poblados y rural disperso,No sabe,Mar - May,0.10778941689332272
2007,Centros poblados y rural disperso,No sabe,Abr - Jun,0.10655759450472553
2007,Centros poblados y rural disperso,No sabe,May - Jul,0.14272038301351675
2007,Centros poblados y rural disperso,No sabe,Jun - Ago,0.05401836571275272
2007,Centros poblados y rural disperso,No sabe,Jul - Sep,0.053595787724463675
2007,Centros poblados y rural disperso,No sabe,Ago - Oct,0.031238997708773517
2007,Centros poblados y rural disperso,No sabe,Sep - Nov,0.07840806327949125
2007,Centros poblados y rural disperso,No sabe,Oct - Dic,0.07831669812439684
2007,Centros poblados y rural disperso,No sabe,Nov - Ene,0.07124702769786018
2007,Centros poblados y rural disperso,No sabe,Dic - Feb,0.006274532946505049
2008,Centros poblados y rural disperso,No sabe,Ene - Mar,0.014332344456017887
2008,Centros poblados y rural disperso,No sabe,Feb - Abr,0.023418255928538464
2008,Centros poblados y rural disperso,No sabe,Mar - May,0.017304815957084056
2008,Centros poblados y rural disperso,No sabe,Abr - Jun,0.046323596461898535
2008,Centros poblados y rural disperso,No sabe,May - Jul,0.05496083044521815
2008,Centros poblados y rural disperso,No sabe,Jun - Ago,0.05608368850291615
2008,Centros poblados y rural disperso,No sabe,Jul - Sep,0.01757591778419329
2008,Centros poblados y rural disperso,No sabe,Ago - Oct,0.0
2008,Centros poblados y rural disperso,No sabe,Sep - Nov,0.0
2008,Centros poblados y rural disperso,No sabe,Oct - Dic,0.006064064760469442
2008,Centros poblados y rural disperso,No sabe,Nov - Ene,0.0061392655802376605
2008,Centros poblados y rural disperso,No sabe,Dic - Feb,0.0059953006260674655
2009,Centros poblados y rural disperso,No sabe,Ene - Mar,0.0
2009,Centros poblados y rural disperso,No sabe,Feb - Abr,0.0
2009,Centros poblados y rural disperso,No sabe,Mar - May,0.0
2009,Centros poblados y rural disperso,No sabe,Abr - Jun,0.0
2009,Centros poblados y rural disperso,No sabe,May - Jul,0.0
2009,Centros poblados y rural disperso,No sabe,Jun - Ago,0.0
2009,Centros poblados y rural disperso,No sabe,Jul - Sep,0.0
2009,Centros poblados y rural disperso,No sabe,Ago - Oct,0.0
2009,Centros poblados y rural disperso,No sabe,Sep - Nov,0.0
2009,Centros poblados y rural disperso,No sabe,Oct - Dic,0.0
2009,Centros poblados y rural disperso,No sabe,Nov - Ene,0.0
2009,Centros poblados y rural disperso,No sabe,Dic - Feb,0.0
2010,Centros poblados y rural disperso,No sabe,Ene - Mar,0.0
2010,Centros poblados y rural disperso,No sabe,Feb - Abr,0.0
2010,Centros poblados y rural disperso,No sabe,Mar - May,0.0
2010,Centros poblados y rural disperso,No sabe,Abr - Jun,0.02865720492581416
2010,Centros poblados y rural disperso,No sabe,May - Jul,0.02890141180144079
2010,Centros poblados y rural disperso,No sabe,Jun - Ago,0.02915875583057919
2010,Centros poblados y rural disperso,No sabe,Jul - Sep,0.0
2010,Centros poblados y rural disperso,No sabe,Ago - Oct,0.0200528503336858
2010,Centros poblados y rural disperso,No sabe,Sep - Nov,0.01989047150874267
2010,Centros poblados y rural disperso,No sabe,Oct - Dic,0.02021666700565012
2010,Centros poblados y rural disperso,No sabe,Nov - Ene,0.0
2010,Centros poblados y rural disperso,No sabe,Dic - Feb,0.0
2011,Centros poblados y rural disperso,No sabe,Ene - Mar,0.0
2011,Centros poblados y rural disperso,No sabe,Feb - Abr,0.0
2011,Centros poblados y rural disperso,No sabe,Mar - May,0.0071683038605958194
2011,Centros poblados y rural disperso,No sabe,Abr - Jun,0.00729752788108841
2011,Centros poblados y rural disperso,No sabe,May - Jul,0.007285265071894816
2011,Centros poblados y rural disperso,No sabe,Jun - Ago,0.0
2011,Centros poblados y rural disperso,No sabe,Jul - Sep,0.010911579831432625
2011,Centros poblados y rural disperso,No sabe,Ago - Oct,0.010523302551993569
2011,Centros poblados y rural disperso,No sabe,Sep - Nov,0.028516900328037872
2011,Centros poblados y rural disperso,No sabe,Oct - Dic,0.018178611681211577
2011,Centros poblados y rural disperso,No sabe,Nov - Ene,0.018653493366869063
2011,Centros poblados y rural disperso,No sabe,Dic - Feb,0.0
2012,Centros poblados y rural disperso,No sabe,Ene - Mar,0.0
2012,Centros poblados y rural disperso,No sabe,Feb - Abr,0.01000620805145437
2012,Centros poblados y rural disperso,No sabe,Mar - May,0.009942479766765695
2012,Centros poblados y rural disperso,No sabe,Abr - Jun,0.009933974675342096
2012,Centros poblados y rural disperso,No sabe,May - Jul,0.0
2012,Centros poblados y rural disperso,No sabe,Jun - Ago,0.007397467086618587
2012,Centros poblados y rural disperso,No sabe,Jul - Sep,0.02655984958595293
2012,Centros poblados y rural disperso,No sabe,Ago - Oct,0.02549859281130326
2012,Centros poblados y rural disperso,No sabe,Sep - Nov,0.018281839725830258
2012,Centros poblados y rural disperso,No sabe,Oct - Dic,0.033327039105140586
2012,Centros poblados y rural disperso,No sabe,Nov - Ene,0.08855774354338371
2012,Centros poblados y rural disperso,No sabe,Dic - Feb,0.08923330264746275
2013,Centros poblados y rural disperso,No sabe,Ene - Mar,0.05496000025642534
2013,Centros poblados y rural disperso,No sabe,Feb - Abr,0.025737039626094197
2013,Centros poblados y rural disperso,No sabe,Mar - May,0.0440009714519312
2013,Centros poblados y rural disperso,No sabe,Abr - Jun,0.043732689296254186
2013,Centros poblados y rural disperso,No sabe,May - Jul,0.018410734369559947
2013,Centros poblados y rural disperso,No sabe,Jun - Ago,0.01446726339418294
2013,Centros poblados y rural disperso,No sabe,Jul - Sep,0.031090498689094644
2013,Centros poblados y rural disperso,No sabe,Ago - Oct,0.06228682802383387
2013,Centros poblados y rural disperso,No sabe,Sep - Nov,0.05053849454618657
2013,Centros poblados y rural disperso,No sabe,Oct - Dic,0.06001832829919627
2013,Centros poblados y rural disperso,No sabe,Nov - Ene,0.0464055073545242
2013,Centros poblados y rural disperso,No sabe,Dic - Feb,0.056558218669581516
2014,Centros poblados y rural disperso,No sabe,Ene - Mar,0.06370461628776593
2014,Centros poblados y rural disperso,No sabe,Feb - Abr,0.04578383915455988
2014,Centros poblados y rural disperso,No sabe,Mar - May,0.06393746011673464
2014,Centros poblados y rural disperso,No sabe,Abr - Jun,0.05696765275201753
2014,Centros poblados y rural disperso,No sabe,May - Jul,0.05736350713001028
2014,Centros poblados y rural disperso,No sabe,Jun - Ago,0.026793169119641396
2014,Centros poblados y rural disperso,No sabe,Jul - Sep,0.006068963930517664
2014,Centros poblados y rural disperso,No sabe,Ago - Oct,0.0498922513922943
2014,Centros poblados y rural disperso,No sabe,Sep - Nov,0.11484025933064758
2014,Centros poblados y rural disperso,No sabe,Oct - Dic,0.10967163394194027
2014,Centros poblados y rural disperso,No sabe,Nov - Ene,0.07911149219805377
2014,Centros poblados y rural disperso,No sabe,Dic - Feb,0.05457555541254408
2015,Centros poblados y rural disperso,No sabe,Ene - Mar,0.06839754327191512
2015,Centros poblados y rural disperso,No sabe,Feb - Abr,0.056119729509467475
2015,Centros poblados y rural disperso,No sabe,Mar - May,0.04464337374357163
2015,Centros poblados y rural disperso,No sabe,Abr - Jun,0.030269420304098172
2015,Centros poblados y rural disperso,No sabe,May - Jul,0.08115478280264955
2015,Centros poblados y rural disperso,No sabe,Jun - Ago,0.08112542272088312
2015,Centros poblados y rural disperso,No sabe,Jul - Sep,0.08158411802047143
2015,Centros poblados y rural disperso,No sabe,Ago - Oct,0.029684265681404094
2015,Centros poblados y rural disperso,No sabe,Sep - Nov,0.0457579217362053
2015,Centros poblados y rural disperso,No sabe,Oct - Dic,0.06050171572184144
2015,Centros poblados y rural disperso,No sabe,Nov - Ene,0.0708715426015818
2015,Centros poblados y rural disperso,No sabe,Dic - Feb,0.04458425576621126
2016,Centros poblados y rural disperso,No sabe,Ene - Mar,0.02937649801588601
2016,Centros poblados y rural disperso,No sabe,Feb - Abr,0.01954243847219972
2016,Centros poblados y rural disperso,No sabe,Mar - May,0.04583644257085349
2016,Centros poblados y rural disperso,No sabe,Abr - Jun,0.052222902007719355
2016,Centros poblados y rural disperso,No sabe,May - Jul,0.0930827279671128
2016,Centros poblados y rural disperso,No sabe,Jun - Ago,0.047541840246556166
2016,Centros poblados y rural disperso,No sabe,Jul - Sep,0.05264239290538549
2016,Centros poblados y rural disperso,No sabe,Ago - Oct,0.011590900011997961
2016,Centros poblados y rural disperso,No sabe,Sep - Nov,0.03683041257351861
2016,Centros poblados y rural disperso,No sabe,Oct - Dic,0.040727795471969655
2016,Centros poblados y rural disperso,No sabe,Nov - Ene,0.04193119196752883
2016,Centros poblados y rural disperso,No sabe,Dic - Feb,0.016059783618033077
2017,Centros poblados y rural disperso,No sabe,Ene - Mar,0.028725015675344787
2017,Centros poblados y rural disperso,No sabe,Feb - Abr,0.03635709700718031
2017,Centros poblados y rural disperso,No sabe,Mar - May,0.043173251119490844
2017,Centros poblados y rural disperso,No sabe,Abr - Jun,0.023068716519582578
2017,Centros poblados y rural disperso,No sabe,May - Jul,0.015245873521954577
2017,Centros poblados y rural disperso,No sabe,Jun - Ago,0.007949511858675712
2017,Centros poblados y rural disperso,No sabe,Jul - Sep,0.0
2017,Centros poblados y rural disperso,No sabe,Ago - Oct,0.006625510369228583
2017,Centros poblados y rural disperso,No sabe,Sep - Nov,0.03713072490102087
2017,Centros poblados y rural disperso,No sabe,Oct - Dic,0.050785206069656856
2017,Centros poblados y rural disperso,No sabe,Nov - Ene,0.05209893696264306
2017,Centros poblados y rural disperso,No sabe,Dic - Feb,0.02805983785109889
2018,Centros poblados y rural disperso,No sabe,Ene - Mar,0.013984081997545902
2018,Centros poblados y rural disperso,No sabe,Feb - Abr,0.05069746320214939
2018,Centros poblados y rural disperso,No sabe,Mar - May,0.04297601289004014
2018,Centros poblados y rural disperso,No sabe,Abr - Jun,0.05478290377838121
2018,Centros poblados y rural disperso,No sabe,May - Jul,0.03430005183088448
2018,Centros poblados y rural disperso,No sabe,Jun - Ago,0.043292573272048725
2018,Centros poblados y rural disperso,No sabe,Jul - Sep,0.05249933622524162
2018,Centros poblados y rural disperso,No sabe,Ago - Oct,0.03259896079203883
2018,Centros poblados y rural disperso,No sabe,Sep - Nov,0.023888270418252814
2018,Centros poblados y rural disperso,No sabe,Oct - Dic,0.002448107080881864
2018,Centros poblados y rural disperso,No sabe,Nov - Ene,0.0
2018,Centros poblados y rural disperso,No sabe,Dic - Feb,0.01618800878460013
2019,Centros poblados y rural disperso,No sabe,Ene - Mar,0.025086346563459157
2019,Centros poblados y rural disperso,No sabe,Feb - Abr,0.025128210985596967
2019,Centros poblados y rural disperso,No sabe,Mar - May,0.06301003001806108
2019,Centros poblados y rural disperso,No sabe,Abr - Jun,0.05359562009943071
2019,Centros poblados y rural disperso,No sabe,May - Jul,0.05427033916085457
2019,Centros poblados y rural disperso,No sabe,Jun - Ago,0.0
2019,Centros poblados y rural disperso,No sabe,Jul - Sep,0.07026011204393061
2019,Centros poblados y rural disperso,No sabe,Ago - Oct,0.06770550230646044
2019,Centros poblados y rural disperso,No sabe,Sep - Nov,0.06754547355509805
2019,Centros poblados y rural disperso,No sabe,Oct - Dic,0.0
2019,Centros poblados y rural disperso,No sabe,Nov - Ene,0.061363424973565873
2019,Centros poblados y rural disperso,No sabe,Dic - Feb,0.09250530911909302
2020,Centros poblados y rural disperso,No sabe,Ene - Mar,0.0
2020,Centros poblados y rural disperso,No sabe,Feb - Abr,0.0
2020,Centros poblados y rural disperso,No sabe,Mar - May,0.0
2020,Centros poblados y rural disperso,No sabe,Abr - Jun,0.0
2020,Centros poblados y rural disperso,No sabe,May - Jul,0.05108976093225204
2020,Centros poblados y rural disperso,No sabe,Jun - Ago,0.04923597202055002
2020,Centros poblados y rural disperso,No sabe,Jul - Sep,0.056053952874371135
2020,Centros poblados y rural disperso,No sabe,Ago - Oct,0.024577890025425736
2020,Centros poblados y rural disperso,No sabe,Sep - Nov,0.033624847473008986
2020,Centros poblados y rural disperso,No sabe,Oct - Dic,0.04895665717047691
2020,Centros poblados y rural disperso,No sabe,Nov - Ene,0.08935820202127903
2020,Centros poblados y rural disperso,No sabe,Dic - Feb,0.16313248405978648
2021,Centros poblados y rural disperso,No sabe,Ene - Mar,0.21251246442936794
2021,Centros poblados y rural disperso,No sabe,Feb - Abr,0.29388577161004314
2021,Centros poblados y rural disperso,No sabe,Mar - May,0.25429522311338587
2021,Centros poblados y rural disperso,No sabe,Abr - Jun,0.24463227035590074
2021,Centros poblados y rural disperso,No sabe,May - Jul,0.16781615427328853
2021,Centros poblados y rural disperso,No sabe,Jun - Ago,0.16140136714315037
2021,Centros poblados y rural disperso,No sabe,Jul - Sep,0.1427386556919589
2021,Centros poblados y rural disperso,No sabe,Ago - Oct,0.09801944771971384
2021,Centros poblados y rural disperso,No sabe,Sep - Nov,0.13035336937083938
2021,Centros poblados y rural disperso,No sabe,Oct - Dic,0.22222091938314043
2021,Centros poblados y rural disperso,No sabe,Nov - Ene,0.24236248824020135
2021,Centros poblados y rural disperso,No sabe,Dic - Feb,0.22175349862198893
2022,Centros poblados y rural disperso,No sabe,Ene - Mar,0.16436665655891006
2022,Centros poblados y rural disperso,No sabe,Feb - Abr,0.178546924663023
2022,Centros poblados y rural disperso,No sabe,Mar - May,0.15166012780634242
2022,Centros poblados y rural disperso,No sabe,Abr - Jun,0.17246497437703817
2022,Centros poblados y rural disperso,No sabe,May - Jul,0.1907901485623182
2022,Centros poblados y rural disperso,No sabe,Jun - Ago,0.1831345004934723
2022,Centros poblados y rural disperso,No sabe,Jul - Sep,0.12096870863301558
2022,Centros poblados y rural disperso,No sabe,Ago - Oct,0.09884763251905443
2022,Centros poblados y rural disperso,No sabe,Sep - Nov,0.15269694668088787
2022,Centros poblados y rural disperso,No sabe,Oct - Dic,0.16172810321820297
2022,Centros poblados y rural disperso,No sabe,Nov - Ene,0.13600972403474673
2022,Centros poblados y rural disperso,No sabe,Dic - Feb,0.0734727111280811
2023,Centros poblados y rural disperso,No sabe,Ene - Mar,0.05060589721833522
2023,Centros poblados y rural disperso,No sabe,Feb - Abr,0.05982884236874796
2023,Centros poblados y rural disperso,No sabe,Mar - May,0.07347081307123557
2023,Centros poblados y rural disperso,No sabe,Abr - Jun,0.0638833799174161
2023,Centros poblados y rural disperso,No sabe,May - Jul,0.08114738276264671
2023,Centros poblados y rural disperso,No sabe,Jun - Ago,0.08072568050268414
2023,Centros poblados y rural disperso,No sabe,Jul - Sep,0.09815082920671869
2023,Centros poblados y rural disperso,No sabe,Ago - Oct,0.09327484786019791
2023,Centros poblados y rural disperso,No sabe,Sep - Nov,0.14009380635570118
2023,Centros poblados y rural disperso,No sabe,Oct - Dic,0.12918231168080285
2023,Centros poblados y rural disperso,No sabe,Nov - Ene,0.09401536270188063
2023,Centros poblados y rural disperso,No sabe,Dic - Feb,0.09091684255449478
2024,Centros poblados y rural disperso,No sabe,Ene - Mar,0.1294849622883948
2024,Centros poblados y rural disperso,No sabe,Feb - Abr,0.12628428260321614
2024,Centros poblados y rural disperso,No sabe,Mar - May,0.09298805051808684
2024,Centros poblados y rural disperso,No sabe,Abr - Jun,0.04824493687601115
2024,Centros poblados y rural disperso,No sabe,May - Jul,0.041115607686163035
2024,Centros poblados y rural disperso,No sabe,Jun - Ago,0.11368872140457079
2024,Centros poblados y rural disperso,No sabe,Jul - Sep,0.1256708648795579
2024,Centros poblados y rural disperso,No sabe,Ago - Oct,0.20981197212465486
2024,Centros poblados y rural disperso,No sabe,Sep - Nov,0.12315066927660254
2024,Centros poblados y rural disperso,No sabe,Oct - Dic,0.14828195054695786
2024,Centros poblados y rural disperso,No sabe,Nov - Ene,0.1278762307310002
2024,Centros poblados y rural disperso,No sabe,Dic - Feb,0.1364833739738658
2025,Centros poblados y rural disperso,No sabe,Ene - Mar,0.10828037816932379
2025,Centros poblados y rural disperso,No sabe,Feb - Abr,0.04339305797283808
2025,Centros poblados y rural disperso,No sabe,Mar - May,0.05240960579076701
2025,Centros poblados y rural disperso,No sabe,Abr - Jun,0.05115338507525735
2025,Centros poblados y rural disperso,No sabe,May - Jul,0.0776907487358234
2025,Centros poblados y rural disperso,No sabe,Jun - Ago,0.046002900790623996
2025,Centros poblados y rural disperso,No sabe,Jul - Sep,0.03504056074879079
2025,Centros poblados y rural disperso,No sabe,Ago - Oct,0.053497122058750714
2025,Centros poblados y rural disperso,No sabe,Sep - Nov,0.07571317417365263
2025,Centros poblados y rural disperso,No sabe,Oct - Dic,0.23236382445390522
2025,Centros poblados y rural disperso,No sabe,Nov - Ene,0.1883660314823722
2025,Centros poblados y rural disperso,No sabe,Dic - Feb,0.19015614030045613
2026,Centros poblados y rural disperso,No sabe,Ene - Mar,0.0793548729194487
2026,Centros poblados y rural disperso,No sabe,Feb - Abr,0.15427497428413742
2007,Centros poblados y rural disperso,Cotiza a pensión,Ene - Mar,7.70219841966982
2007,Centros poblados y rural disperso,Cotiza a pensión,Feb - Abr,7.718262256713031
2007,Centros poblados y rural disperso,Cotiza a pensión,Mar - May,9.119031719765292
2007,Centros poblados y rural disperso,Cotiza a pensión,Abr - Jun,10.395881576104914
2007,Centros poblados y rural disperso,Cotiza a pensión,May - Jul,12.469517469010697
2007,Centros poblados y rural disperso,Cotiza a pensión,Jun - Ago,12.422966018487624
2007,Centros poblados y rural disperso,Cotiza a pensión,Jul - Sep,13.067588358330342
2007,Centros poblados y rural disperso,Cotiza a pensión,Ago - Oct,11.338647742309742
2007,Centros poblados y rural disperso,Cotiza a pensión,Sep - Nov,11.901388092294276
2007,Centros poblados y rural disperso,Cotiza a pensión,Oct - Dic,10.966121792129211
2007,Centros poblados y rural disperso,Cotiza a pensión,Nov - Ene,10.598530707785859
2007,Centros poblados y rural disperso,Cotiza a pensión,Dic - Feb,8.517266247612335
2008,Centros poblados y rural disperso,Cotiza a pensión,Ene - Mar,8.364896159284191
2008,Centros poblados y rural disperso,Cotiza a pensión,Feb - Abr,8.329686388493501
2008,Centros poblados y rural disperso,Cotiza a pensión,Mar - May,8.648521514551668
2008,Centros poblados y rural disperso,Cotiza a pensión,Abr - Jun,8.765094900843708
2008,Centros poblados y rural disperso,Cotiza a pensión,May - Jul,11.07702504446195
2008,Centros poblados y rural disperso,Cotiza a pensión,Jun - Ago,11.806456871860432
2008,Centros poblados y rural disperso,Cotiza a pensión,Jul - Sep,13.68470301943514
2008,Centros poblados y rural disperso,Cotiza a pensión,Ago - Oct,10.66985397960638
2008,Centros poblados y rural disperso,Cotiza a pensión,Sep - Nov,12.29518205190091
2008,Centros poblados y rural disperso,Cotiza a pensión,Oct - Dic,10.365629935557614
2008,Centros poblados y rural disperso,Cotiza a pensión,Nov - Ene,10.339255127126282
2008,Centros poblados y rural disperso,Cotiza a pensión,Dic - Feb,8.5191960612977
2009,Centros poblados y rural disperso,Cotiza a pensión,Ene - Mar,9.091889486088693
2009,Centros poblados y rural disperso,Cotiza a pensión,Feb - Abr,10.488273231585595
2009,Centros poblados y rural disperso,Cotiza a pensión,Mar - May,12.283582308357644
2009,Centros poblados y rural disperso,Cotiza a pensión,Abr - Jun,11.491723033852516
2009,Centros poblados y rural disperso,Cotiza a pensión,May - Jul,11.962740017715392
2009,Centros poblados y rural disperso,Cotiza a pensión,Jun - Ago,10.006891456654106
2009,Centros poblados y rural disperso,Cotiza a pensión,Jul - Sep,10.489702273329417
2009,Centros poblados y rural disperso,Cotiza a pensión,Ago - Oct,9.283053838349357
2009,Centros poblados y rural disperso,Cotiza a pensión,Sep - Nov,8.785117519917078
2009,Centros poblados y rural disperso,Cotiza a pensión,Oct - Dic,8.885274637746033
2009,Centros poblados y rural disperso,Cotiza a pensión,Nov - Ene,8.563000336072408
2009,Centros poblados y rural disperso,Cotiza a pensión,Dic - Feb,9.490221187117506
2010,Centros poblados y rural disperso,Cotiza a pensión,Ene - Mar,9.977806796529597
2010,Centros poblados y rural disperso,Cotiza a pensión,Feb - Abr,10.909013136559647
2010,Centros poblados y rural disperso,Cotiza a pensión,Mar - May,12.465756785642466
2010,Centros poblados y rural disperso,Cotiza a pensión,Abr - Jun,11.596769168901895
2010,Centros poblados y rural disperso,Cotiza a pensión,May - Jul,12.85915347671903
2010,Centros poblados y rural disperso,Cotiza a pensión,Jun - Ago,11.005383275125205
2010,Centros poblados y rural disperso,Cotiza a pensión,Jul - Sep,11.117355667311578
2010,Centros poblados y rural disperso,Cotiza a pensión,Ago - Oct,9.931636769161202
2010,Centros poblados y rural disperso,Cotiza a pensión,Sep - Nov,9.750084952023268
2010,Centros poblados y rural disperso,Cotiza a pensión,Oct - Dic,10.007173705364865
2010,Centros poblados y rural disperso,Cotiza a pensión,Nov - Ene,9.034148906746312
2010,Centros poblados y rural disperso,Cotiza a pensión,Dic - Feb,9.773828781336736
2011,Centros poblados y rural disperso,Cotiza a pensión,Ene - Mar,10.571521947594654
2011,Centros poblados y rural disperso,Cotiza a pensión,Feb - Abr,12.093266016953756
2011,Centros poblados y rural disperso,Cotiza a pensión,Mar - May,12.793687387681354
2011,Centros poblados y rural disperso,Cotiza a pensión,Abr - Jun,12.250124549898626
2011,Centros poblados y rural disperso,Cotiza a pensión,May - Jul,11.95227393462859
2011,Centros poblados y rural disperso,Cotiza a pensión,Jun - Ago,11.907818266555708
2011,Centros poblados y rural disperso,Cotiza a pensión,Jul - Sep,12.022815429050778
2011,Centros poblados y rural disperso,Cotiza a pensión,Ago - Oct,10.91130020260509
2011,Centros poblados y rural disperso,Cotiza a pensión,Sep - Nov,9.546413665264106
2011,Centros poblados y rural disperso,Cotiza a pensión,Oct - Dic,9.594856960040412
2011,Centros poblados y rural disperso,Cotiza a pensión,Nov - Ene,9.68273156333059
2011,Centros poblados y rural disperso,Cotiza a pensión,Dic - Feb,10.59813322312593
2012,Centros poblados y rural disperso,Cotiza a pensión,Ene - Mar,11.007024907311518
2012,Centros poblados y rural disperso,Cotiza a pensión,Feb - Abr,12.337400930570102
2012,Centros poblados y rural disperso,Cotiza a pensión,Mar - May,13.225218765152652
2012,Centros poblados y rural disperso,Cotiza a pensión,Abr - Jun,11.6328425978617
2012,Centros poblados y rural disperso,Cotiza a pensión,May - Jul,11.265044668191306
2012,Centros poblados y rural disperso,Cotiza a pensión,Jun - Ago,9.900864353095928
2012,Centros poblados y rural disperso,Cotiza a pensión,Jul - Sep,10.385781251093029
2012,Centros poblados y rural disperso,Cotiza a pensión,Ago - Oct,10.669756538627047
2012,Centros poblados y rural disperso,Cotiza a pensión,Sep - Nov,9.91573576088395
2012,Centros poblados y rural disperso,Cotiza a pensión,Oct - Dic,10.189585749867373
2012,Centros poblados y rural disperso,Cotiza a pensión,Nov - Ene,8.745648824511392
2012,Centros poblados y rural disperso,Cotiza a pensión,Dic - Feb,10.107146854708178
2013,Centros poblados y rural disperso,Cotiza a pensión,Ene - Mar,11.05563676933594
2013,Centros poblados y rural disperso,Cotiza a pensión,Feb - Abr,13.187921544675682
2013,Centros poblados y rural disperso,Cotiza a pensión,Mar - May,13.734015783958982
2013,Centros poblados y rural disperso,Cotiza a pensión,Abr - Jun,13.21265735390377
2013,Centros poblados y rural disperso,Cotiza a pensión,May - Jul,13.229961009345725
2013,Centros poblados y rural disperso,Cotiza a pensión,Jun - Ago,12.791027977235823
2013,Centros poblados y rural disperso,Cotiza a pensión,Jul - Sep,12.775226595671416
2013,Centros poblados y rural disperso,Cotiza a pensión,Ago - Oct,11.900538348901591
2013,Centros poblados y rural disperso,Cotiza a pensión,Sep - Nov,11.614784363792399
2013,Centros poblados y rural disperso,Cotiza a pensión,Oct - Dic,12.077577839116973
2013,Centros poblados y rural disperso,Cotiza a pensión,Nov - Ene,11.474550777879472
2013,Centros poblados y rural disperso,Cotiza a pensión,Dic - Feb,12.724189369694574
2014,Centros poblados y rural disperso,Cotiza a pensión,Ene - Mar,13.630051135867669
2014,Centros poblados y rural disperso,Cotiza a pensión,Feb - Abr,15.251527109444543
2014,Centros poblados y rural disperso,Cotiza a pensión,Mar - May,15.182797264245504
2014,Centros poblados y rural disperso,Cotiza a pensión,Abr - Jun,13.5640906330637
2014,Centros poblados y rural disperso,Cotiza a pensión,May - Jul,13.342481024811208
2014,Centros poblados y rural disperso,Cotiza a pensión,Jun - Ago,12.272803123192368
2014,Centros poblados y rural disperso,Cotiza a pensión,Jul - Sep,12.838019352694484
2014,Centros poblados y rural disperso,Cotiza a pensión,Ago - Oct,12.856094640766177
2014,Centros poblados y rural disperso,Cotiza a pensión,Sep - Nov,12.63240029621899
2014,Centros poblados y rural disperso,Cotiza a pensión,Oct - Dic,13.144864806231398
2014,Centros poblados y rural disperso,Cotiza a pensión,Nov - Ene,11.648663495245442
2014,Centros poblados y rural disperso,Cotiza a pensión,Dic - Feb,12.012663847425056
2015,Centros poblados y rural disperso,Cotiza a pensión,Ene - Mar,11.510424431640457
2015,Centros poblados y rural disperso,Cotiza a pensión,Feb - Abr,13.42034911665648
2015,Centros poblados y rural disperso,Cotiza a pensión,Mar - May,14.230786273746649
2015,Centros poblados y rural disperso,Cotiza a pensión,Abr - Jun,14.019585269630902
2015,Centros poblados y rural disperso,Cotiza a pensión,May - Jul,13.473967308605864
2015,Centros poblados y rural disperso,Cotiza a pensión,Jun - Ago,12.605893780020649
2015,Centros poblados y rural disperso,Cotiza a pensión,Jul - Sep,12.439485725104092
2015,Centros poblados y rural disperso,Cotiza a pensión,Ago - Oct,12.735839365473673
2015,Centros poblados y rural disperso,Cotiza a pensión,Sep - Nov,11.920597249033744
2015,Centros poblados y rural disperso,Cotiza a pensión,Oct - Dic,13.003576901731154
2015,Centros poblados y rural disperso,Cotiza a pensión,Nov - Ene,11.573479867350771
2015,Centros poblados y rural disperso,Cotiza a pensión,Dic - Feb,13.1341366832877
2016,Centros poblados y rural disperso,Cotiza a pensión,Ene - Mar,13.832198358728215
2016,Centros poblados y rural disperso,Cotiza a pensión,Feb - Abr,15.552403759202596
2016,Centros poblados y rural disperso,Cotiza a pensión,Mar - May,16.109369408801662
2016,Centros poblados y rural disperso,Cotiza a pensión,Abr - Jun,14.491766072425227
2016,Centros poblados y rural disperso,Cotiza a pensión,May - Jul,14.923305471407101
2016,Centros poblados y rural disperso,Cotiza a pensión,Jun - Ago,14.115496004203019
2016,Centros poblados y rural disperso,Cotiza a pensión,Jul - Sep,14.718907687911404
2016,Centros poblados y rural disperso,Cotiza a pensión,Ago - Oct,14.172848882468209
2016,Centros poblados y rural disperso,Cotiza a pensión,Sep - Nov,13.50747546325349
2016,Centros poblados y rural disperso,Cotiza a pensión,Oct - Dic,14.023282654857377
2016,Centros poblados y rural disperso,Cotiza a pensión,Nov - Ene,12.771089194668967
2016,Centros poblados y rural disperso,Cotiza a pensión,Dic - Feb,14.409118407338948
2017,Centros poblados y rural disperso,Cotiza a pensión,Ene - Mar,15.326788370110414
2017,Centros poblados y rural disperso,Cotiza a pensión,Feb - Abr,16.574643868562532
2017,Centros poblados y rural disperso,Cotiza a pensión,Mar - May,16.087915814563026
2017,Centros poblados y rural disperso,Cotiza a pensión,Abr - Jun,14.869183760323235
2017,Centros poblados y rural disperso,Cotiza a pensión,May - Jul,14.860266309618147
2017,Centros poblados y rural disperso,Cotiza a pensión,Jun - Ago,14.898699817760019
2017,Centros poblados y rural disperso,Cotiza a pensión,Jul - Sep,14.696016416173505
2017,Centros poblados y rural disperso,Cotiza a pensión,Ago - Oct,14.63341518571041
2017,Centros poblados y rural disperso,Cotiza a pensión,Sep - Nov,13.137952517367754
2017,Centros poblados y rural disperso,Cotiza a pensión,Oct - Dic,13.240777395849426
2017,Centros poblados y rural disperso,Cotiza a pensión,Nov - Ene,11.907358995641184
2017,Centros poblados y rural disperso,Cotiza a pensión,Dic - Feb,13.884167183589351
2018,Centros poblados y rural disperso,Cotiza a pensión,Ene - Mar,14.612173136280346
2018,Centros poblados y rural disperso,Cotiza a pensión,Feb - Abr,17.17560318126233
2018,Centros poblados y rural disperso,Cotiza a pensión,Mar - May,16.665185767615846
2018,Centros poblados y rural disperso,Cotiza a pensión,Abr - Jun,15.640959296871456
2018,Centros poblados y rural disperso,Cotiza a pensión,May - Jul,14.90028832902141
2018,Centros poblados y rural disperso,Cotiza a pensión,Jun - Ago,14.614291915519875
2018,Centros poblados y rural disperso,Cotiza a pensión,Jul - Sep,14.610962185584981
2018,Centros poblados y rural disperso,Cotiza a pensión,Ago - Oct,13.617810841157581
2018,Centros poblados y rural disperso,Cotiza a pensión,Sep - Nov,12.623721018074402
2018,Centros poblados y rural disperso,Cotiza a pensión,Oct - Dic,13.412161477143055
2018,Centros poblados y rural disperso,Cotiza a pensión,Nov - Ene,12.355304485564437
2018,Centros poblados y rural disperso,Cotiza a pensión,Dic - Feb,13.827262135274784
2019,Centros poblados y rural disperso,Cotiza a pensión,Ene - Mar,14.410466936017057
2019,Centros poblados y rural disperso,Cotiza a pensión,Feb - Abr,16.940126326369775
2019,Centros poblados y rural disperso,Cotiza a pensión,Mar - May,17.549217354921566
2019,Centros poblados y rural disperso,Cotiza a pensión,Abr - Jun,16.80020330002002
2019,Centros poblados y rural disperso,Cotiza a pensión,May - Jul,15.932453350307407
2019,Centros poblados y rural disperso,Cotiza a pensión,Jun - Ago,14.652288253849784
2019,Centros poblados y rural disperso,Cotiza a pensión,Jul - Sep,14.455510772986047
2019,Centros poblados y rural disperso,Cotiza a pensión,Ago - Oct,14.241134278875208
2019,Centros poblados y rural disperso,Cotiza a pensión,Sep - Nov,13.601353996943402
2019,Centros poblados y rural disperso,Cotiza a pensión,Oct - Dic,13.793633025787067
2019,Centros poblados y rural disperso,Cotiza a pensión,Nov - Ene,12.673291225122957
2019,Centros poblados y rural disperso,Cotiza a pensión,Dic - Feb,14.598187295544651
2020,Centros poblados y rural disperso,Cotiza a pensión,Ene - Mar,0.0
2020,Centros poblados y rural disperso,Cotiza a pensión,Feb - Abr,0.0
2020,Centros poblados y rural disperso,Cotiza a pensión,Mar - May,0.0
2020,Centros poblados y rural disperso,Cotiza a pensión,Abr - Jun,0.0
2020,Centros poblados y rural disperso,Cotiza a pensión,May - Jul,14.440223165090696
2020,Centros poblados y rural disperso,Cotiza a pensión,Jun - Ago,13.957682659772678
2020,Centros poblados y rural disperso,Cotiza a pensión,Jul - Sep,14.428901544065967
2020,Centros poblados y rural disperso,Cotiza a pensión,Ago - Oct,14.886438739049849
2020,Centros poblados y rural disperso,Cotiza a pensión,Sep - Nov,14.161128964997852
2020,Centros poblados y rural disperso,Cotiza a pensión,Oct - Dic,13.657306746524197
2020,Centros poblados y rural disperso,Cotiza a pensión,Nov - Ene,13.31922347547276
2020,Centros poblados y rural disperso,Cotiza a pensión,Dic - Feb,13.50019312722358
2021,Centros poblados y rural disperso,Cotiza a pensión,Ene - Mar,13.723077178639208
2021,Centros poblados y rural disperso,Cotiza a pensión,Feb - Abr,14.135237383694097
2021,Centros poblados y rural disperso,Cotiza a pensión,Mar - May,13.992417475789566
2021,Centros poblados y rural disperso,Cotiza a pensión,Abr - Jun,13.829539492241677
2021,Centros poblados y rural disperso,Cotiza a pensión,May - Jul,13.115078416244371
2021,Centros poblados y rural disperso,Cotiza a pensión,Jun - Ago,12.903798608878256
2021,Centros poblados y rural disperso,Cotiza a pensión,Jul - Sep,13.45878084105134
2021,Centros poblados y rural disperso,Cotiza a pensión,Ago - Oct,14.379174738393392
2021,Centros poblados y rural disperso,Cotiza a pensión,Sep - Nov,15.13689708356805
2021,Centros poblados y rural disperso,Cotiza a pensión,Oct - Dic,14.903017020651662
2021,Centros poblados y rural disperso,Cotiza a pensión,Nov - Ene,15.055646717923574
2021,Centros poblados y rural disperso,Cotiza a pensión,Dic - Feb,14.281259594753928
2022,Centros poblados y rural disperso,Cotiza a pensión,Ene - Mar,14.484165652404304
2022,Centros poblados y rural disperso,Cotiza a pensión,Feb - Abr,13.617482284510313
2022,Centros poblados y rural disperso,Cotiza a pensión,Mar - May,14.360858026015489
2022,Centros poblados y rural disperso,Cotiza a pensión,Abr - Jun,14.445690399627306
2022,Centros poblados y rural disperso,Cotiza a pensión,May - Jul,15.0762801096376
2022,Centros poblados y rural disperso,Cotiza a pensión,Jun - Ago,14.803018340937129
2022,Centros poblados y rural disperso,Cotiza a pensión,Jul - Sep,14.70277644468709
2022,Centros poblados y rural disperso,Cotiza a pensión,Ago - Oct,14.847177998048691
2022,Centros poblados y rural disperso,Cotiza a pensión,Sep - Nov,14.972579310258352
2022,Centros poblados y rural disperso,Cotiza a pensión,Oct - Dic,15.02801602677753
2022,Centros poblados y rural disperso,Cotiza a pensión,Nov - Ene,14.708078996376587
2022,Centros poblados y rural disperso,Cotiza a pensión,Dic - Feb,14.431824212585036
2023,Centros poblados y rural disperso,Cotiza a pensión,Ene - Mar,14.539845435211781
2023,Centros poblados y rural disperso,Cotiza a pensión,Feb - Abr,14.74165344319841
2023,Centros poblados y rural disperso,Cotiza a pensión,Mar - May,14.960655947419099
2023,Centros poblados y rural disperso,Cotiza a pensión,Abr - Jun,15.374927742698874
2023,Centros poblados y rural disperso,Cotiza a pensión,May - Jul,15.338458716138877
2023,Centros poblados y rural disperso,Cotiza a pensión,Jun - Ago,15.892201194581624
2023,Centros poblados y rural disperso,Cotiza a pensión,Jul - Sep,15.363595776158581
2023,Centros poblados y rural disperso,Cotiza a pensión,Ago - Oct,15.980916045724575
2023,Centros poblados y rural disperso,Cotiza a pensión,Sep - Nov,16.273669791217703
2023,Centros poblados y rural disperso,Cotiza a pensión,Oct - Dic,16.517457891595903
2023,Centros poblados y rural disperso,Cotiza a pensión,Nov - Ene,16.064580365879667
2023,Centros poblados y rural disperso,Cotiza a pensión,Dic - Feb,15.242821854321278
2024,Centros poblados y rural disperso,Cotiza a pensión,Ene - Mar,15.332758659751883
2024,Centros poblados y rural disperso,Cotiza a pensión,Feb - Abr,14.710872486539017
2024,Centros poblados y rural disperso,Cotiza a pensión,Mar - May,15.115531792177302
2024,Centros poblados y rural disperso,Cotiza a pensión,Abr - Jun,15.048925830080826
2024,Centros poblados y rural disperso,Cotiza a pensión,May - Jul,15.513302861469997
2024,Centros poblados y rural disperso,Cotiza a pensión,Jun - Ago,15.378881243046635
2024,Centros poblados y rural disperso,Cotiza a pensión,Jul - Sep,14.98917034611714
2024,Centros poblados y rural disperso,Cotiza a pensión,Ago - Oct,15.752121874760117
2024,Centros poblados y rural disperso,Cotiza a pensión,Sep - Nov,15.956577489198368
2024,Centros poblados y rural disperso,Cotiza a pensión,Oct - Dic,16.526105778907837
2024,Centros poblados y rural disperso,Cotiza a pensión,Nov - Ene,16.289794481964478
2024,Centros poblados y rural disperso,Cotiza a pensión,Dic - Feb,15.654872378624212
2025,Centros poblados y rural disperso,Cotiza a pensión,Ene - Mar,15.484671133902065
2025,Centros poblados y rural disperso,Cotiza a pensión,Feb - Abr,14.855410184477968
2025,Centros poblados y rural disperso,Cotiza a pensión,Mar - May,15.9889882144311
2025,Centros poblados y rural disperso,Cotiza a pensión,Abr - Jun,16.30413080085575
2025,Centros poblados y rural disperso,Cotiza a pensión,May - Jul,16.67060690379055
2025,Centros poblados y rural disperso,Cotiza a pensión,Jun - Ago,16.423598883078775
2025,Centros poblados y rural disperso,Cotiza a pensión,Jul - Sep,16.057373355407158
2025,Centros poblados y rural disperso,Cotiza a pensión,Ago - Oct,16.426363115409377
2025,Centros poblados y rural disperso,Cotiza a pensión,Sep - Nov,16.18592292183301
2025,Centros poblados y rural disperso,Cotiza a pensión,Oct - Dic,16.470979517173763
2025,Centros poblados y rural disperso,Cotiza a pensión,Nov - Ene,16.01749034304694
2025,Centros poblados y rural disperso,Cotiza a pensión,Dic - Feb,15.800552629093911
2026,Centros poblados y rural disperso,Cotiza a pensión,Ene - Mar,15.793062157457053
2026,Centros poblados y rural disperso,Cotiza a pensión,Feb - Abr,16.044213506706324
